# XSI Wavefront OBJ Export v3.0
# File Created: Sun May 24 17:32:29 2009
# XSI Version: 7.5.191.0
mtllib boeing_polygons_2735triangles.mtl

o boeing747
# Hierarchy (from self to top father)
g boeing747

#begin 2286 vertices
v -21.695570 -11.010309 18.871467
v 83.518964 -48.270658 19.824641
v 19.927148 -23.629413 155.368386
v -22.956456 -22.786719 24.570625
v 80.229710 -44.981405 19.824641
v -22.956925 -22.788118 18.886623
v -23.169284 -14.704612 24.741851
v 80.641836 -47.382639 19.824641
v -21.638982 -10.981045 24.561488
v -23.203809 -14.706310 18.634278
v 80.641836 -41.628383 19.824641
v -23.155456 -18.186901 19.530859
v -23.148508 -18.183947 20.966025
v 83.518964 -40.436638 19.824641
v 138.018285 -39.820272 -29.764087
v 86.396092 -41.628383 19.824641
v -23.210142 -15.928766 20.978356
v 87.587837 -44.505511 19.824641
v -23.219472 -15.921104 19.541019
v 22.942035 -16.133578 -44.834624
v 22.169757 -19.299565 -41.180830
v 0.000000 9.519756 -136.066165
v 23.097701 -17.898483 -2.531722
v 22.377507 -18.348048 -46.258071
v -17.186046 -12.812125 -132.175480
v -17.364219 -12.816764 -130.748235
v -79.292804 -48.027579 36.064746
v -81.753352 -46.747016 14.162353
v -16.485881 -15.046134 -132.175419
v -77.534093 -43.773080 49.287716
v -16.665516 -15.046134 -130.748111
v -76.958623 -43.773080 52.617641
v -23.056007 -15.801268 -36.854360
v -23.080352 -15.805907 -35.427114
v 138.430410 -42.221507 -29.764087
v 138.430410 -36.467251 -29.764087
v -22.327016 -18.035277 -36.854298
v 141.307538 -35.275505 -29.764087
v -22.352876 -18.035277 -35.426992
v 144.184666 -36.467251 -29.764087
v -22.701971 -15.962905 -53.483475
v -22.726316 -15.967543 -52.056228
v 145.376411 -39.344379 -29.764087
v 144.184666 -42.221507 -29.764087
v -22.283969 -18.196914 -53.483414
v 141.307538 -43.413252 -29.764087
v -22.309829 -18.196913 -52.056106
v 137.238665 -39.344379 -29.764087
v -22.694305 -15.805880 -56.734614
v -22.718652 -15.810519 -55.307368
v 137.995401 -42.467139 -25.738844
v 137.995401 -35.842865 -25.738844
v -22.276303 -18.039889 -56.734555
v 141.307538 -34.470933 -25.738844
v -22.302163 -18.039889 -55.307247
v 144.619675 -35.842865 -25.738844
v -22.677339 -15.676974 -59.992671
v -22.701684 -15.681613 -58.565424
v 145.991607 -39.155002 -25.738844
v 144.619675 -42.467139 -25.738844
v -21.948349 -17.910982 -59.992608
v 141.307538 -43.839071 -25.738844
v -21.974210 -17.910982 -58.565303
v 137.783167 -42.164657 -13.523982
v -22.613045 -15.547819 -63.252786
v -22.668323 -15.552457 -61.825539
v 86.396092 -47.382639 19.824641
v 83.518964 -48.574385 19.824641
v -21.883725 -17.781827 -63.252724
v 79.450090 -44.505511 19.824641
v -21.940520 -17.781827 -61.825418
v 80.206827 -47.628272 23.849883
v -22.525564 -15.418668 -66.510841
v -22.580842 -15.423307 -65.083596
v 80.206827 -41.003998 23.849883
v 83.518964 -39.632066 23.849883
v -21.796244 -17.652677 -66.510781
v 86.831101 -41.003998 23.849883
v -21.853039 -17.652677 -65.083474
v 88.203033 -44.316135 23.849883
v -22.438083 -15.289518 -69.768899
v -22.493361 -15.294157 -68.341651
v 86.831101 -47.628272 23.849883
v -81.753352 -43.215793 14.162353
v -21.708762 -17.523527 -69.768837
v -83.518964 -42.484453 14.162353
v -21.765558 -17.523527 -68.341530
v -85.284575 -43.215793 14.162353
v -22.350602 -15.160368 -73.026956
v -22.405880 -15.165006 -71.599709
v -86.015915 -44.981405 14.162353
v -85.284575 -46.747016 14.162353
v -21.621282 -17.394376 -73.026894
v -83.518964 -47.478356 14.162353
v -21.678077 -17.394376 -71.599587
v -81.022012 -44.981405 14.162353
v -22.263120 -15.031217 -76.285010
v -22.318399 -15.035856 -74.857765
v -81.193110 -47.307258 19.824641
v -81.193110 -42.655551 19.824641
v -21.533800 -17.265226 -76.284949
v -83.518964 -41.692151 19.824641
v -21.590596 -17.265226 -74.857644
v -85.844817 -42.655551 19.824641
v -22.175640 -14.902067 -79.543069
v -22.230919 -14.906706 -78.115824
v -86.808217 -44.981405 19.824641
v -85.844817 -47.307258 19.824641
v -21.446320 -17.136076 -79.543008
v -83.518964 -48.270658 19.824641
v -21.503115 -17.136075 -78.115701
v -80.229710 -44.981405 19.824641
v -22.088281 -14.772538 -82.801127
v -22.143537 -14.777304 -81.373343
v -80.641836 -47.382639 19.824641
v -80.641836 -41.628383 19.824641
v -21.394059 -17.005846 -82.800440
v -83.518964 -40.436638 19.824641
v -21.422998 -17.006871 -81.370097
v -86.396092 -41.628383 19.824641
v -22.031914 -14.641241 -86.057280
v -22.058650 -14.645972 -84.630059
v -87.587837 -44.505511 19.824641
v -86.396092 -47.382639 19.824641
v -21.369656 -16.875180 -86.057200
v -83.518964 -48.574385 19.824641
v -21.397337 -16.875180 -84.629892
v -79.450090 -44.505511 19.824641
v -21.762014 -14.513058 -89.817988
v -21.930924 -14.517697 -88.390740
v -80.206827 -47.628272 23.849883
v -80.206827 -41.003998 23.849883
v -21.099856 -16.747067 -89.817926
v -83.518964 -39.632066 23.849883
v -21.270149 -16.747067 -88.390619
v -86.831101 -41.003998 23.849883
v -21.411561 -14.384152 -93.075556
v -21.580471 -14.388790 -91.648309
v -88.203033 -44.316135 23.849883
v -86.831101 -47.628272 23.849883
v -20.749403 -16.618161 -93.075497
v -83.518964 -49.000204 23.849883
v -20.919695 -16.618161 -91.648187
v -79.994593 -47.325790 36.064746
v -21.074219 -14.210812 -96.333614
v -21.243129 -14.215450 -94.906364
v -78.834895 -44.316135 23.849883
v -90.628810 -43.980549 43.315503
v -20.412061 -16.444821 -96.333550
v -88.543565 -49.013119 43.326513
v -20.582354 -16.444820 -94.906245
v -83.509338 -51.097677 43.331073
v -20.716840 -14.104977 -99.591913
v -20.885750 -14.109616 -98.164667
v -78.475111 -49.013119 43.326513
v -76.389866 -43.980549 43.315503
v -20.054682 -16.338986 -99.591852
v -78.475111 -38.947980 43.304493
v -20.224975 -16.338986 -98.164545
v -83.509338 -36.863422 43.299932
v -20.359461 -13.999142 -102.850215
v -20.528371 -14.003781 -101.422970
v -88.543565 -38.947980 43.304493
v -79.287524 -39.553918 49.476149
v -19.697303 -16.233151 -102.850153
v -78.880103 -39.149553 52.994507
v -19.867596 -16.233151 -101.422846
v -78.300827 -38.424620 49.793002
v -20.002081 -13.893307 -106.108514
v -20.170992 -13.897946 -104.681271
v -79.292804 -39.575259 36.064746
v -79.994593 -40.277048 36.064746
v -19.339924 -16.127316 -106.108454
v -83.520679 -37.806283 49.554200
v -19.510216 -16.127316 -104.681147
v -83.518964 -37.234425 53.150610
v -19.644703 -13.787473 -109.366816
v -19.813613 -13.792111 -107.939569
v -83.497889 -36.274741 49.903054
v -83.518964 -38.817206 36.064746
v -18.982545 -16.021481 -109.366755
v -87.753835 -39.553918 49.476149
v -19.152837 -16.021481 -107.939448
v -83.518964 -37.824726 36.064746
v -19.287323 -13.681637 -112.625116
v -19.456234 -13.686276 -111.197870
v -88.157825 -39.149553 52.994507
v -88.694952 -38.424620 49.793002
v -18.625166 -15.915646 -112.625056
v -87.745124 -39.575259 36.064746
v -18.795458 -15.915646 -111.197749
v -87.043335 -40.277048 36.064746
v -18.929944 -13.575802 -115.883418
v -19.098855 -13.580441 -114.456172
v -89.507265 -43.773080 49.287716
v -90.847646 -43.614887 49.527313
v -18.267787 -15.809811 -115.883356
v -89.495657 -43.801419 36.064746
v -18.438079 -15.809811 -114.456049
v -90.079304 -43.773080 52.617641
v -18.585961 -13.406003 -119.188349
v -18.754871 -13.410641 -117.761102
v -88.503177 -43.801419 36.064746
v -87.753835 -47.992243 49.099283
v -17.923803 -15.640011 -119.188288
v -88.157825 -48.396608 52.240776
v -18.094096 -15.640012 -117.760980
v -88.694952 -48.805153 49.261624
v -18.269762 -13.180594 -122.398552
v -18.438663 -13.185243 -120.971358
v -87.745124 -48.027579 36.064746
v -83.520679 -49.739877 49.021231
v -17.600782 -15.414903 -122.398415
v -83.518964 -50.311735 52.084673
v -17.777074 -15.414525 -120.971679
v -87.043335 -47.325790 36.064746
v -17.906590 -13.094400 -125.656602
v -18.075475 -13.099044 -124.229553
v -83.497889 -50.955032 49.151572
v -83.518964 -48.785632 36.064746
v -17.217600 -15.329121 -125.656720
v -79.287524 -47.992243 49.099283
v -17.397202 -15.328724 -124.230614
v -83.518964 -49.778112 36.064746
v -17.548031 -12.966273 -128.915403
v -17.724482 -12.970548 -127.488065
v -78.880103 -48.396608 52.240776
v -76.148133 -43.614887 49.527313
v -16.847775 -15.200553 -128.915409
v -77.542271 -43.801419 36.064746
v -17.027409 -15.200553 -127.488103
v -78.300827 -48.805153 49.261624
v -6.892157 -16.573895 210.496757
v -6.220370 -16.579749 211.920969
v -81.848965 -39.922737 36.351722
v 83.518964 -49.000204 23.849883
v -7.608893 -18.792180 210.514178
v -19.806045 -16.687588 157.523531
v -7.027540 -18.836097 211.872926
v -19.698492 -12.084277 155.157823
v -8.528627 -16.524945 207.140561
v -7.859977 -16.531100 208.563475
v 88.503177 -43.801419 36.064746
v 87.753835 -47.992243 49.099283
v -8.943777 -18.795288 207.129738
v 88.157825 -48.396608 52.240776
v -8.436875 -18.779055 208.501159
v 88.694952 -48.805153 49.261624
v -10.178922 -16.582107 203.749862
v -9.509932 -16.589165 205.173694
v -16.285066 -14.728966 -138.455099
v -84.862636 -31.734021 5.744159
v -10.245468 -18.845243 203.751841
v -83.555019 -31.316855 -9.559186
v -9.693782 -18.837415 205.145571
v -78.534751 -43.801419 36.064746
v -11.622930 -16.642308 200.404426
v -11.000957 -16.650271 201.851921
v -82.542812 -40.556113 21.955951
v -16.732263 -12.564114 -139.900516
v -11.537820 -18.909444 200.415089
v 81.753352 -43.215793 14.162353
v -10.905105 -18.907854 201.838429
v -81.827480 -30.951640 24.010394
v -12.596300 -16.632841 197.278799
v -12.191170 -16.630823 198.707684
v 90.847646 -43.614887 49.527313
v -18.281966 -7.976886 -135.122585
v -12.401656 -18.871960 197.277678
v 23.064364 -19.295884 18.662929
v -12.023137 -18.872158 198.705228
v -23.141881 -14.846370 -41.085395
v -13.547693 -16.638310 193.632026
v -13.176120 -16.642560 195.059355
v -16.705201 -15.104088 -134.751220
v -23.050552 -19.295884 24.777320
v -13.353231 -18.871693 193.631914
v -19.857360 -18.904884 157.437728
v -12.981703 -18.871891 195.059563
v -19.995866 -18.860129 156.048773
v -14.357490 -16.633797 189.943326
v -14.058908 -16.638995 191.371121
v -20.119406 -19.778350 155.064736
v -85.251308 -39.922737 36.351722
v -14.252962 -18.869224 189.944985
v -85.260586 -30.383891 23.428973
v -13.909999 -18.870367 191.372799
v -19.439469 -20.072056 161.248304
v -15.090838 -16.633797 186.433740
v -14.792402 -16.638436 187.860986
v -22.336913 -18.811660 97.364862
v -19.944090 -16.637566 156.050360
v -14.992147 -18.867806 186.433803
v 22.956456 -22.786719 24.570625
v -14.693903 -18.867806 187.861108
v 89.507265 -43.773080 49.287716
v -15.859399 -16.633643 182.788864
v -15.554077 -16.638182 184.216117
v -19.394437 -15.477448 161.336735
v -19.066574 -12.077173 161.034268
v -15.760761 -18.867838 182.788948
v -15.741796 -15.129683 -140.875317
v -15.455665 -18.867821 184.215957
v -16.610801 -12.320583 -140.853124
v -16.603284 -16.632313 179.141436
v -16.332415 -16.638820 180.568810
v 90.079304 -43.773080 52.617641
v -20.008349 -15.610466 155.072733
v -16.542284 -18.867327 179.143198
v -19.301437 -23.637414 161.068027
v -16.236206 -18.867798 180.570978
v 83.518964 -41.692151 19.824641
v -17.267184 -16.630186 175.514752
v -17.005897 -16.634825 176.941998
v -19.927148 -23.629413 155.368386
v -22.377507 -18.348048 -46.258071
v -17.251081 -18.864195 175.514813
v -17.660972 -7.981870 -140.657206
v -16.989816 -18.864195 176.942120
v -83.550136 -40.703574 19.750628
v -17.888391 -16.627256 172.121172
v -17.627104 -16.631895 173.548418
v 87.745124 -48.027579 36.064746
v 87.043335 -47.325790 36.064746
v -17.872287 -18.861265 172.121235
v 83.520679 -49.739877 49.021231
v -17.611023 -18.861265 173.548539
v 83.518964 -50.311735 52.084673
v -18.369773 -16.627149 168.543275
v -18.211388 -16.631787 169.970520
v 83.497889 -50.955032 49.151572
v 83.518964 -49.778112 36.064746
v -18.353515 -18.861157 168.543334
v 83.518964 -48.785632 36.064746
v -18.195158 -18.861157 169.970642
v 79.287524 -47.992243 49.099283
v -18.742240 -16.629956 165.185975
v -18.583855 -16.634595 166.613216
v 78.880103 -48.396608 52.240776
v 78.300827 -48.805153 49.261624
v -18.725983 -18.863965 165.186034
v 79.292804 -48.027579 36.064746
v -18.567625 -18.863965 166.613339
v 81.753352 -46.747016 14.162353
v -20.248110 -16.624361 150.147484
v -20.106205 -16.628999 151.574728
v -21.112809 -23.107972 -41.362371
v -22.328760 -16.593212 95.937837
v -20.278011 -18.858370 150.147545
v -23.064364 -19.295884 18.662929
v -20.136038 -18.858370 151.574850
v 23.001201 -18.205011 35.937875
v -20.436924 -16.624479 146.570941
v -20.396224 -16.629118 147.998186
v 136.623469 -39.155002 -25.738844
v -22.114668 -19.317606 -47.255642
v -20.466780 -18.858489 146.571004
v -22.381788 -18.805701 95.936185
v -20.426016 -18.858488 147.998310
v -23.116705 -14.833087 -47.293679
v -20.530897 -16.624602 143.280659
v -20.490196 -16.629240 144.707902
v 23.071363 -15.975641 35.937752
v 79.994593 -47.325790 36.064746
v -20.560752 -18.858610 143.280716
v -22.400178 -18.347724 -44.831070
v -20.519988 -18.858610 144.708026
v -22.410960 -20.197379 94.929940
v -20.624868 -16.624723 139.990372
v -20.584168 -16.629362 141.417620
v -22.181240 -20.259214 101.079057
v -21.995129 -13.990500 101.177288
v -20.654723 -18.858733 139.990435
v -22.035787 -11.398762 -47.006679
v -20.613961 -18.858733 141.417745
v 19.301437 -23.637414 161.068027
v -20.722656 -16.625352 136.700280
v -20.678725 -16.629565 138.127582
v -22.107385 -23.685073 100.890331
v -22.289460 -23.684258 95.169818
v -20.748696 -18.858885 136.700185
v 78.834895 -44.316135 23.849883
v -20.707932 -18.858854 138.127457
v 23.073107 -15.971002 34.510506
v -20.829202 -16.626061 133.410191
v -20.782992 -16.630551 134.837361
v -141.307538 -36.531019 -29.764087
v -143.633391 -37.494419 -29.764087
v -20.842672 -18.859370 133.409846
v -144.596791 -39.820272 -29.764087
v -20.801898 -18.859389 134.837540
v -143.633391 -42.146125 -29.764087
v -20.935751 -16.626282 130.119907
v -20.889538 -16.630886 131.547187
v -141.307538 -43.109525 -29.764087
v -138.018285 -39.820272 -29.764087
v -20.939199 -18.860190 130.119836
v -138.430410 -42.221507 -29.764087
v -20.895854 -18.860160 131.547821
v -138.430410 -36.467251 -29.764087
v -21.041992 -16.626283 126.839123
v -20.995781 -16.630921 128.266369
v -141.307538 -35.275505 -29.764087
v -144.184666 -36.467251 -29.764087
v -21.045192 -18.860291 126.839183
v -145.376411 -39.344379 -29.764087
v -20.998972 -18.860291 128.266490
v -144.184666 -42.221507 -29.764087
v -21.148234 -16.626282 123.558337
v -21.102022 -16.630921 124.985584
v -141.307538 -43.413252 -29.764087
v -137.238665 -39.344379 -29.764087
v -21.151434 -18.860291 123.558399
v -137.995401 -42.467139 -25.738844
v -21.105213 -18.860291 124.985706
v -137.995401 -35.842865 -25.738844
v -21.255983 -16.626282 120.231018
v -21.209770 -16.630921 121.658264
v -141.307538 -34.470933 -25.738844
v -144.619675 -35.842865 -25.738844
v -21.259183 -18.860291 120.231079
v -145.991607 -39.155002 -25.738844
v -21.212962 -18.860291 121.658385
v -144.619675 -42.467139 -25.738844
v -21.349414 -16.626282 117.345788
v -21.303202 -16.630921 118.773035
v -141.307538 -43.839071 -25.738844
v -137.783167 -42.164657 -13.523982
v -21.352615 -18.860291 117.345849
v -136.623469 -39.155002 -25.738844
v -21.306394 -18.860291 118.773157
v -148.417384 -38.819417 -6.273224
v -21.452642 -16.626282 114.158075
v -21.406430 -16.630921 115.585324
v -146.332139 -43.851986 -6.262214
v -141.297912 -45.936545 -6.257654
v -21.455841 -18.860291 114.158136
v -136.263685 -43.851986 -6.262214
v -21.409622 -18.860291 115.585446
v -134.178440 -38.819417 -6.273224
v -21.546827 -16.626282 111.249579
v -21.500616 -16.630921 112.676825
v -136.263685 -33.786847 -6.284234
v -141.297912 -31.702289 -6.288795
v -21.550027 -18.860291 111.249640
v -146.332139 -33.786847 -6.284234
v -21.503808 -18.860291 112.676948
v -137.076098 -34.392785 -0.112579
v -21.671205 -16.626282 108.090094
v -21.610351 -16.630921 109.517340
v -136.668677 -33.988420 3.405780
v -136.089401 -33.263487 0.204275
v -21.674418 -18.860291 108.090156
v -137.081378 -34.414126 -13.523982
v -21.613554 -18.860290 109.517462
v -137.783167 -35.115915 -13.523982
v -21.796839 -16.626196 105.115656
v -21.737188 -16.630969 106.542887
v -141.309253 -32.645150 -0.034527
v -141.307538 -32.073292 3.561883
v -21.801251 -18.860279 105.115777
v -141.286464 -31.113608 0.314327
v -21.740387 -18.860291 106.543097
v -141.307538 -32.663593 -13.523982
v -22.339649 -16.650603 91.158684
v -22.291707 -16.654514 92.586072
v -141.307538 -33.656073 -13.523982
v -145.542409 -34.392785 -0.112579
v -22.352646 -18.883161 91.158255
v -145.946399 -33.988420 3.405780
v -22.304708 -18.883626 92.586606
v -146.483526 -33.263487 0.204275
v -22.378865 -16.604992 87.836056
v -22.361786 -16.609554 89.263317
v -145.533698 -34.414126 -13.523982
v -144.831909 -35.115915 -13.523982
v -22.391575 -18.838937 87.836102
v -147.295839 -38.611947 -0.301012
v -22.374746 -18.838937 89.263411
v -147.867878 -38.611947 3.028914
v -22.461659 -16.562254 84.516858
v -22.425723 -16.566628 85.943889
v -148.636220 -38.453754 -0.061414
v -147.284231 -38.640286 -13.523982
v -22.432828 -18.795474 84.516062
v -146.291751 -38.640286 -13.523982
v -22.413626 -18.795216 85.943754
v -145.542409 -42.831110 -0.489444
v -22.545775 -16.517549 81.196339
v -22.509831 -16.522188 82.623586
v -145.946399 -43.235475 2.652048
v -146.483526 -43.644021 -0.327103
v -22.513402 -18.751558 81.196401
v -145.533698 -42.866446 -13.523982
v -22.477524 -18.751558 82.623708
v -144.831909 -42.164657 -13.523982
v -22.629891 -16.472844 77.875820
v -22.593947 -16.477483 79.303068
v -141.309253 -44.578744 -0.567496
v -141.307538 -45.150603 2.495946
v -22.597519 -18.706854 77.875883
v -141.286464 -45.793899 -0.437155
v -22.561640 -18.706854 79.303190
v -141.307538 -44.616979 -13.523982
v -22.714007 -16.428140 74.555302
v -22.678063 -16.432779 75.982550
v -141.307538 -43.624499 -13.523982
v -137.076098 -42.831110 -0.489444
v -22.681635 -18.662149 74.555365
v -136.668677 -43.235475 2.652048
v -22.645756 -18.662149 75.982672
v -136.089401 -43.644021 -0.327103
v -22.799172 -16.369948 71.200839
v -22.763228 -16.374586 72.628085
v -137.081378 -42.866446 -13.523982
v -139.541927 -41.585883 -35.426375
v -22.766800 -18.603956 71.200899
v -135.322668 -38.611947 -0.301012
v -22.730921 -18.603956 72.628206
v -134.747198 -38.611947 3.028914
v -22.840243 -16.308467 67.818487
v -22.829882 -16.313107 69.245735
v -133.936707 -38.453754 -0.061414
v -135.330845 -38.640286 -13.523982
v -22.807915 -18.542476 67.818549
v -136.323325 -38.640286 -13.523982
v -22.797621 -18.542477 69.245858
v -141.297870 -38.611947 1.305761
v -22.863973 -16.324582 64.496103
v -22.853611 -16.329220 65.923345
v -141.307538 -39.820272 -40.702647
v -141.046719 -31.219443 0.441686
v -22.831644 -18.558591 64.496162
v 81.022012 -44.981405 14.162353
v -22.821350 -18.558591 65.923469
v -142.651211 -26.572888 -42.301087
v -22.889385 -16.224308 61.173711
v -22.879025 -16.228947 62.600960
v 81.193110 -47.307258 19.824641
v 81.193110 -42.655551 19.824641
v -22.857058 -18.458317 61.173773
v 85.284575 -46.747016 14.162353
v -22.846763 -18.458317 62.601080
v -140.331386 -35.394980 -27.632777
v -22.913115 -16.240421 57.851323
v -22.902754 -16.245060 59.278571
v -142.412441 -24.401206 -20.134486
v -141.343594 -26.155723 -54.090394
v -22.880787 -18.474430 57.851386
v -143.049160 -25.222758 -26.159754
v -22.870493 -18.474430 59.278694
v -140.278164 -24.846274 -18.946863
v -22.937639 -16.201725 54.528815
v -22.927278 -16.206364 55.956061
v 85.284575 -43.215793 14.162353
v -139.637539 -32.887900 -10.427821
v -22.905310 -18.435734 54.528876
v -141.338711 -35.542441 -29.838099
v -22.895016 -18.435734 55.956184
v -139.616054 -25.790507 -25.578333
v -22.985910 -16.124333 47.991339
v -22.975549 -16.128971 49.418586
v -143.039883 -34.542094 -13.866813
v 83.518964 -47.478356 14.162353
v -22.953581 -18.358341 47.991400
v 86.015915 -44.981405 14.162353
v -22.943287 -18.358341 49.418708
v -140.223067 -26.559668 -41.932446
v -23.035643 -16.046930 41.251227
v -23.025282 -16.051576 42.678305
v -142.345547 -35.394858 -27.632777
v 83.518964 -42.484453 14.162353
v -22.992843 -18.281388 41.251327
v 139.541927 -38.054661 -35.426375
v -22.990088 -18.280870 42.677098
v 141.307538 -37.323320 -35.426375
v -23.123838 -15.774327 -33.595766
v -23.148183 -15.778966 -32.168518
v 148.417384 -38.819417 -6.273224
v 146.332139 -43.851986 -6.262214
v -22.394848 -18.008336 -33.595706
v 141.297912 -45.936545 -6.257654
v -22.420708 -18.008336 -32.168398
v 136.263685 -43.851986 -6.262214
v -23.179457 -15.787798 -30.283311
v -23.203803 -15.792437 -28.856065
v 134.178440 -38.819417 -6.273224
v 136.263685 -33.786847 -6.284234
v -22.450468 -18.021806 -30.283249
v 141.297912 -31.702289 -6.288795
v -22.476328 -18.021806 -28.855942
v 146.332139 -33.786847 -6.284234
v -23.243138 -15.774327 -27.011253
v -23.267879 -15.777642 -25.584671
v 137.076098 -34.392785 -0.112579
v 136.668677 -33.988420 3.405780
v -22.543302 -18.003501 -27.016504
v 136.089401 -33.263487 0.204275
v -22.638098 -18.004205 -25.581255
v 137.081378 -34.414126 -13.523982
v -23.299348 -15.785858 -23.698797
v -23.324129 -15.788677 -22.272848
v 137.783167 -35.115915 -13.523982
v 141.309253 -32.645150 -0.034527
v -22.770033 -18.010453 -23.702653
v 141.307538 -32.073292 3.561883
v -22.870803 -18.009296 -22.276536
v 141.286464 -31.113608 0.314327
v -23.365142 -15.749823 -20.417047
v -23.357571 -15.752703 -18.990440
v 141.307538 -32.663593 -13.523982
v 141.307538 -33.656073 -13.523982
v -23.041391 -17.992920 -20.421735
v 145.542409 -34.392785 -0.112579
v -23.141672 -17.990913 -18.992174
v 145.946399 -33.988420 3.405780
v -23.338735 -15.712802 -17.096905
v -23.330967 -15.718112 -15.669259
v 146.483526 -33.263487 0.204275
v 145.533698 -34.414126 -13.523982
v -23.145093 -17.967410 -17.097254
v 144.831909 -35.115915 -13.523982
v -23.145713 -17.967410 -15.669947
v 147.295839 -38.611947 -0.301012
v -23.306793 -15.653332 -13.836987
v -23.299161 -15.660487 -12.409401
v 147.867878 -38.611947 3.028914
v 148.636220 -38.453754 -0.061414
v -23.151542 -17.921023 -13.837367
v 147.284231 -38.640286 -13.523982
v -23.152163 -17.921022 -12.410059
v 146.291751 -38.640286 -13.523982
v -23.265833 -15.611324 -10.543539
v -23.249178 -15.620234 -9.116705
v 145.542409 -42.831110 -0.489444
v 145.946399 -43.235475 2.652048
v -23.157013 -17.883669 -10.543839
v 146.483526 -43.644021 -0.327103
v -23.157693 -17.882835 -9.119317
v 145.533698 -42.866446 -13.523982
v -23.249817 -15.640433 -7.260713
v -23.277977 -15.651796 -5.833481
v 144.831909 -42.164657 -13.523982
v 141.309253 -44.578744 -0.567496
v -23.150575 -17.911386 -7.258626
v 141.307538 -45.150603 2.495946
v -23.134121 -17.911954 -5.830711
v 141.286464 -45.793899 -0.437155
v -23.302220 -15.646309 -3.960030
v -23.307997 -15.658663 -2.534201
v 141.307538 -44.616979 -13.523982
v 141.307538 -43.624499 -13.523982
v -23.114093 -17.898483 -3.959029
v 137.076098 -42.831110 -0.489444
v -23.097701 -17.898483 -2.531722
v 136.668677 -43.235475 2.652048
v -23.319916 -15.595610 -0.646923
v -23.309470 -15.602062 0.779913
v 136.089401 -43.644021 -0.327103
v 137.081378 -42.866446 -13.523982
v -23.083379 -17.831130 -0.646574
v 139.541927 -41.585883 -35.426375
v -23.066989 -17.831130 0.780732
v 135.322668 -38.611947 -0.301012
v -23.290595 -15.583650 2.598494
v -23.273701 -15.588289 4.025739
v 134.747198 -38.611947 3.028914
v 133.936707 -38.453754 -0.061414
v -23.047578 -17.817659 2.598554
v 135.330845 -38.640286 -13.523982
v -23.031188 -17.817659 4.025861
v 136.323325 -38.640286 -13.523982
v -23.252735 -15.583427 5.897377
v -23.237226 -15.586517 7.323020
v 141.297870 -38.611947 1.305761
v 141.307538 -39.820272 -40.702647
v -23.025111 -17.814025 5.893266
v 90.628810 -43.980549 43.315503
v -23.111592 -17.811419 7.317034
v 88.543565 -49.013119 43.326513
v -23.274126 -15.577293 9.195738
v -23.267190 -15.581269 10.623061
v 143.633391 -37.494419 -29.764087
v 144.596791 -39.820272 -29.764087
v -23.168584 -17.811447 9.195546
v 143.633391 -42.146125 -29.764087
v -23.168380 -17.811315 10.622495
v 141.307538 -43.109525 -29.764087
v -23.058684 -15.883210 31.214028
v -23.060767 -15.901346 32.641085
v 143.073149 -38.054661 -35.426375
v 143.804490 -39.820272 -35.426375
v -23.018815 -18.205011 31.214281
v 143.073149 -41.585883 -35.426375
v -23.007323 -18.205011 32.641588
v 141.307538 -42.317223 -35.426375
v -23.073107 -15.971002 34.510506
v -23.071363 -15.975641 35.937752
v 138.810586 -39.820272 -35.426375
v 138.981685 -42.146125 -29.764087
v -23.002798 -18.205011 34.510566
v 138.981685 -37.494419 -29.764087
v -23.001201 -18.205011 35.937875
v 141.307538 -36.531019 -29.764087
v -82.434493 -31.720800 6.254404
v -14.946131 -19.657840 -135.078321
v 14.767450 1.192698 122.846985
v 14.773760 1.197337 121.419740
v -84.556972 -40.555991 21.955951
v 15.925552 -1.036672 121.419801
v -13.970623 -19.515982 -140.525846
v 15.917379 -1.036672 122.847105
v -16.058439 -14.751097 -139.898508
v -17.434500 -12.329733 -134.829701
v 14.710134 1.192698 132.856630
v 14.716444 1.197337 131.429383
v -83.258144 -36.380576 50.030414
v 15.868237 -1.036672 131.429444
v -84.623867 -29.562339 29.454242
v 15.860063 -1.036672 132.856752
v -16.953651 -12.543688 -138.461318
v 85.844817 -42.655551 19.824641
v 14.652784 1.192698 142.872376
v 14.659093 1.197337 141.445129
v -83.509296 -43.773080 50.894488
v 15.810886 -1.036672 141.445191
v 86.808217 -44.981405 19.824641
v 15.802713 -1.036672 142.872498
v 77.534093 -43.773080 49.287716
v 76.958623 -43.773080 52.617641
v 76.148133 -43.614887 49.527313
v 77.542271 -43.801419 36.064746
v 78.534751 -43.801419 36.064746
v 83.509296 -43.773080 50.894488
v 83.518964 -44.981405 8.840654
v 87.043335 -40.277048 36.064746
v 87.745124 -39.575259 36.064746
v 88.694952 -38.424620 49.793002
v 88.157825 -39.149553 52.994507
v 87.753835 -39.553918 49.476149
v 83.518964 -38.817206 36.064746
v 83.518964 -37.824726 36.064746
v 83.497889 -36.274741 49.903054
v 83.518964 -37.234425 53.150610
v 83.520679 -37.806283 49.554200
v 79.994593 -40.277048 36.064746
v 79.292804 -39.575259 36.064746
v 78.300827 -38.424620 49.793002
v 78.880103 -39.149553 52.994507
v 79.287524 -39.553918 49.476149
v 88.543565 -38.947980 43.304493
v 83.509338 -36.863422 43.299932
v 78.475111 -38.947980 43.304493
v 76.389866 -43.980549 43.315503
v 78.475111 -49.013119 43.326513
v 83.509338 -51.097677 43.331073
v -15.922177 -52.504998 -4.984298
v -13.344973 -52.504998 -4.984298
v -16.090398 -48.709847 -0.500451
v -15.922177 -49.444175 -2.760480
v -15.922177 -53.227560 -2.760480
v -13.344973 -53.227560 -2.760480
v -16.090398 -50.178502 -0.500451
v -15.922177 -52.504998 -0.536662
v -13.344973 -52.504998 -0.536662
v -16.090398 -51.366670 -1.363706
v -15.922177 -50.613305 0.837733
v -13.344973 -50.613305 0.837733
v -16.090398 -51.820509 -2.760480
v -15.922177 -48.275044 0.837733
v -13.344973 -48.275044 0.837733
v -16.090398 -51.366670 -4.157254
v -15.922177 -46.383352 -0.536662
v -13.344973 -46.383352 -0.536662
v -16.090398 -50.178502 -5.020509
v -16.090398 -47.067840 -2.760480
v -15.922177 -45.660789 -2.760480
v -13.344973 -45.660789 -2.760480
v -16.090398 -48.709847 -5.020509
v -16.298622 -49.444175 -2.760480
v -16.090398 -47.521680 -4.157254
v 0.372486 2.658659 187.781575
v 22.394848 -18.008336 -33.595706
v 0.421985 -50.530598 174.718234
v -197.563217 -21.337001 -93.380566
v 81.848965 -39.922737 36.351722
v 142.412441 -24.401206 -20.134486
v 142.345547 -35.394858 -27.632777
v 0.275539 -50.530598 175.071787
v 4.363104 -0.969199 -213.832013
v 11.478320 -1.418348 -165.279568
v 11.654355 -3.874176 -165.387722
v 69.244543 5.780209 -231.766253
v 4.727937 -0.378135 -211.843976
v 68.638781 5.014629 -215.489103
v 4.846884 -1.680503 -211.912091
v 11.704713 -2.739036 -163.552517
v 140.331386 -35.394980 -27.632777
v 140.223067 -26.559668 -41.932446
v 141.343594 -26.155723 -54.090394
v 142.651211 -26.572888 -42.301087
v -13.973056 -32.158943 -79.310323
v -12.770488 -33.032748 -78.474268
v -14.703563 -32.991696 -62.755385
v -17.164993 -26.774679 -98.470152
v -17.631942 -27.974088 -90.420475
v -20.391973 -20.783996 -91.126067
v 21.112809 -23.107972 -41.362371
v -20.227901 -21.573920 -90.289010
v 22.990088 -18.280870 42.677098
v 23.035643 -16.046930 41.251227
v 23.203803 -15.792437 -28.856065
v 22.450468 -18.021806 -30.283249
v 82.434493 -31.720800 6.254404
v 23.025282 -16.051576 42.678305
v 22.992843 -18.281388 41.251327
v 22.943287 -18.358341 49.418708
v 5.213383 2.142735 185.030558
v 22.985910 -16.124333 47.991339
v -0.431568 -37.636029 175.071787
v 22.975549 -16.128971 49.418586
v 22.953581 -18.358341 47.991400
v -0.078015 -37.636029 174.218234
v -0.578015 -50.530598 174.718234
v -0.431568 -50.530598 174.364681
v 22.895016 -18.435734 55.956184
v -1.874288 -53.878466 176.971789
v -1.874288 -54.601029 174.747971
v -4.451492 -53.878466 176.971789
v -1.874288 -51.986774 178.346184
v -1.874288 -53.878466 172.524153
v -4.451492 -54.601029 174.747971
v -4.690089 -52.740138 176.144745
v -4.451492 -51.986774 178.346184
v -1.874288 -49.648513 178.346184
v -1.874288 -51.986774 171.149758
v -4.451492 -53.878466 172.524153
v -4.690089 -53.193978 174.747971
v 68.637497 5.040432 -215.488219
v -4.690089 -51.551971 177.007999
v -4.451492 -49.648513 178.346184
v -1.874288 -47.756820 176.971789
v -1.874288 -49.648513 171.149758
v -4.451492 -51.986774 171.149758
v -4.690089 -52.740138 173.351196
v -1.874288 -47.756820 172.524153
v -1.874288 -47.034258 174.747971
v -4.690089 -50.083316 177.007999
v -4.451492 -47.756820 176.971789
v -4.451492 -49.648513 171.149758
v -4.690089 -51.551971 172.487942
v -4.690089 -50.817643 174.747971
v -4.451492 -47.756820 172.524153
v -4.451492 -47.034258 174.747971
v -4.690089 -48.895148 176.144745
v -4.690089 -50.083316 172.487942
v -4.451492 -50.817643 174.747971
v -4.690089 -48.441309 174.747971
v -4.690089 -48.895148 173.351196
v 2.155077 -53.878466 176.971789
v 2.155077 -54.601029 174.747971
v 4.732281 -53.878466 176.971789
v 2.155077 -51.986774 178.346184
v 2.155077 -53.878466 172.524153
v 4.732281 -54.601029 174.747971
v 4.970878 -52.740138 176.144745
v 4.732281 -51.986774 178.346184
v 2.155077 -49.648513 178.346184
v 2.155077 -51.986774 171.149758
v 4.732281 -53.878466 172.524153
v 4.970878 -53.193978 174.747971
v 2.155077 -50.817643 174.747971
v 4.970878 -51.551971 177.007999
v 4.732281 -49.648513 178.346184
v 2.155077 -47.756820 176.971789
v 2.155077 -49.648513 171.149758
v 4.732281 -51.986774 171.149758
v 4.970878 -52.740138 173.351196
v 2.155077 -47.034258 174.747971
v 2.155077 -47.756820 172.524153
v 4.970878 -50.083316 177.007999
v 4.732281 -47.756820 176.971789
v 4.732281 -49.648513 171.149758
v 4.970878 -51.551971 172.487942
v 4.970878 -50.817643 174.747971
v 4.732281 -47.034258 174.747971
v 4.732281 -47.756820 172.524153
v 4.970878 -48.895148 176.144745
v 4.970878 -50.083316 172.487942
v 4.970878 -48.895148 173.351196
v 4.970878 -48.441309 174.747971
v 4.732281 -50.817643 174.747971
v -126.301601 -26.082902 -48.866193
v -127.013515 -26.527116 -59.759015
v -127.291347 -28.559099 -28.165875
v -128.528652 -27.879777 -30.389997
v -127.907070 -26.910295 -60.960431
v -128.800625 -26.527116 -59.759015
v -127.907070 -28.398698 -60.254132
v -127.907070 -30.077043 -51.607404
v -129.512539 -26.082902 -48.866193
v -103.697597 -27.759904 -46.145734
v -102.985683 -27.315690 -35.252912
v -104.591152 -28.143082 -47.347150
v -105.212734 -29.112565 -16.776715
v -103.975429 -29.791886 -14.552594
v -103.126797 -29.311173 -12.369855
v -105.484707 -27.759904 -46.145734
v -104.591152 -29.631486 -46.640851
v -104.591152 -31.309830 -37.994123
v -106.196621 -27.315690 -35.252912
v 43.733242 -30.956870 -17.725446
v 23.002798 -18.205011 34.510566
v 45.062344 -35.564170 8.174823
v 46.922207 -33.712729 12.840350
v 44.153652 -34.029624 16.976581
v 45.173671 -32.669089 -24.476422
v 23.007323 -18.205011 32.641588
v 45.534023 -34.541953 -22.356427
v 47.334316 -30.956870 -17.725446
v 61.596035 -33.357261 21.278094
v 61.454922 -30.564780 -12.629499
v 62.671384 -32.519059 -26.614484
v 62.588711 -34.337241 2.714984
v 64.449062 -32.485679 7.380511
v 63.060879 -32.902238 -27.815900
v 63.450374 -32.519059 -26.614484
v 23.058684 -15.883210 31.214028
v 63.060879 -33.731527 -23.608997
v 64.665859 -30.564780 -12.629499
v 126.442715 -28.078386 -25.983136
v 126.301601 -26.082902 -48.866193
v 127.013515 -26.527116 -59.759015
v 127.291347 -28.559099 -28.165875
v 128.528652 -27.879777 -30.389997
v 127.907070 -26.910295 -60.960431
v 128.800625 -26.527116 -59.759015
v 127.907070 -28.398698 -60.254132
v 127.907070 -30.077043 -51.607404
v 129.512539 -26.082902 -48.866193
v 102.985683 -27.315690 -35.252912
v 103.697597 -27.759904 -46.145734
v 104.591152 -28.143082 -47.347150
v 103.975429 -29.791886 -14.552594
v 105.484707 -27.759904 -46.145734
v 104.591152 -29.631486 -46.640851
v 104.591152 -31.309830 -37.994123
v 103.126797 -29.311173 -12.369855
v 105.212734 -29.112565 -16.776715
v 106.196621 -27.315690 -35.252912
v -18.870888 -38.408748 -8.050397
v -19.809414 -40.326499 -8.050397
v -19.809414 -41.089682 6.521625
v -61.596035 -33.357261 21.278094
v -126.442715 -28.078386 -25.983136
v -14.710134 1.192698 132.856630
v -20.383996 -25.173287 148.921569
v -14.659093 1.197337 141.445129
v -5.975157 -36.257294 182.041619
v 23.277977 -15.651796 -5.833481
v 0.000000 -40.788311 25.183237
v -14.716444 1.197337 131.429383
v 197.734175 -20.552323 -73.110354
v 197.749475 -20.376690 -68.034317
v 22.400178 -18.347724 -44.831070
v 21.032134 -30.732688 87.373227
v 107.773961 -26.156752 10.891384
v -0.000000 -40.227190 -21.188618
v -21.237308 -25.422382 110.241794
v -17.666521 -30.656586 -60.960629
v -22.729621 -14.740507 -21.154456
v -16.889421 -1.222155 -21.149854
v -22.551980 -28.077784 70.305768
v -4.740577 -14.268721 212.459386
v -6.670169 -18.889457 212.731587
v -2.918260 -25.606793 212.604581
v 90.147428 -28.324373 -29.918155
v -7.568691 -33.273032 198.248187
v -0.000000 -38.275176 -61.084961
v -16.836522 -0.477627 -61.065610
v 21.054374 -32.551964 -9.703931
v -19.793618 -20.698696 -97.544452
v -11.112579 -23.902190 198.140549
v 22.058825 -24.938418 76.210330
v -22.101071 -36.985642 33.022389
v -5.784270 -22.634073 212.603118
v -9.703370 -0.643871 183.770874
v -15.628604 -13.494400 184.034426
v -12.969372 -31.389421 184.032878
v -64.665859 -30.564780 -12.629499
v -23.014583 -14.705374 32.996047
v -16.043937 -2.280929 32.982167
v -13.699336 -19.900069 -141.389975
v -17.371905 -7.292525 -141.469378
v 0.474571 -1.091161 193.607362
v 7.523073 -1.328482 187.856835
v -3.590077 2.328927 186.322697
v -63.060390 -33.885633 -12.989124
v -4.497115 -1.961370 192.240041
v 23.249817 -15.640433 -7.260713
v -14.767450 1.192698 122.846985
v -19.024744 -39.451290 6.560706
v -12.651595 3.303476 -141.399892
v 197.563217 -21.337001 -93.380566
v -0.224997 2.708664 187.818632
v -3.302840 -36.486361 182.033292
v -15.925552 -1.036672 121.419801
v -21.384543 -36.995645 8.209260
v -23.211149 -14.794238 8.234373
v 105.195290 -22.465720 5.595922
v -7.693842 -7.472623 198.166103
v -11.872424 -16.411559 198.274846
v -5.869502 -30.521910 198.110469
v 0.000000 -32.658663 198.104327
v -16.435579 -1.883006 8.236826
v -18.870888 -39.171931 6.521625
v -22.846718 -14.258288 -61.071322
v -6.544277 -32.220908 194.452044
v -12.080173 1.631707 170.663472
v -17.901001 -12.282394 170.916633
v -15.198775 -32.549759 170.657857
v -7.770351 -38.776694 197.550921
v -19.480801 -35.875571 -21.312726
v -21.179621 -35.196274 -8.119972
v -22.736671 -14.770056 -7.615675
v -6.989590 -42.045127 187.213031
v -14.222719 1.909275 148.906941
v -20.091914 -12.368901 148.902209
v -16.929153 -33.361996 149.177494
v -6.564297 -38.103232 182.436541
v -16.751270 -1.576325 -7.608316
v 107.472338 -28.767815 5.015658
v -21.418846 -37.674352 23.005752
v 22.339649 -16.650603 91.158684
v -14.445493 1.903598 110.399720
v -21.474746 -13.222727 110.235184
v -18.002539 -33.565411 110.266117
v 22.291707 -16.654514 92.586072
v -19.270417 -44.773276 6.328509
v -19.270417 -43.971885 -8.969831
v 22.352646 -18.883161 91.158255
v 21.740387 -18.860291 106.543097
v -16.414943 -2.320354 70.296355
v -22.736047 -15.350964 70.319630
v -21.958517 -37.928636 70.330029
v -47.334316 -30.956870 -17.725446
v 23.307997 -15.658663 -2.534201
v 0.000000 -40.836822 33.716707
v 21.796839 -16.626196 105.115656
v -6.123379 -36.344565 182.027484
v -15.995416 0.451918 -87.425765
v -22.491860 -12.646165 -87.458802
v -17.814190 -28.424399 -87.466907
v -0.000000 -35.520720 -87.499301
v -17.006951 -40.086047 -7.424953
v -0.000000 -23.469209 -141.624036
v 22.920583 -16.128649 -46.261904
v -63.060879 -33.731527 -23.608997
v -3.520118 5.897782 -219.984012
v -4.075693 2.337672 -220.387716
v -3.695577 -1.508316 -220.546996
v -0.000000 -5.158474 -220.636576
v -18.881711 -38.743108 -6.726756
v -14.773760 1.197337 121.419740
v 23.150575 -17.911386 -7.258626
v 0.000000 71.257268 -207.953441
v 0.000000 72.674920 -232.176725
v 0.000000 -41.840510 91.432500
v 21.737188 -16.630969 106.542887
v 0.000000 6.864023 91.507325
v 15.089065 -0.313765 91.528599
v 22.221775 -14.175582 91.455813
v 22.294385 -26.690517 91.468281
v 20.039932 -35.779909 91.538762
v 1.613298 3.883527 -224.240442
v 2.437995 2.293951 -223.910687
v 2.230896 0.420222 -223.817439
v 1.026542 -0.500934 -224.014248
v -2.156740 -3.948151 -220.807263
v -0.000000 4.772332 -224.423334
v 2.156740 -3.948151 -220.807263
v -63.450374 -32.519059 -26.614484
v 21.801251 -18.860279 105.115777
v 6.123379 -36.344565 182.027484
v -45.770176 -35.033001 -12.989124
v 21.613554 -18.860290 109.517462
v 21.671205 -16.626282 108.090094
v 21.610351 -16.630921 109.517340
v 21.674418 -18.860291 108.090156
v 21.503808 -18.860291 112.676948
v 6.564297 -38.103232 182.436541
v 6.989590 -42.045127 187.213031
v 7.770351 -38.776694 197.550921
v 6.544277 -32.220908 194.452044
v -18.666902 -44.989219 -9.029279
v -0.000000 -0.691649 -224.066264
v -0.000000 7.679546 -141.383872
v 12.651595 3.303476 -141.399892
v 17.371905 -7.292525 -141.469377
v 13.699336 -19.900069 -141.389975
v 5.784270 -22.634073 212.603118
v 11.112579 -23.902190 198.140549
v 21.546827 -16.626282 111.249579
v 7.568691 -33.273032 198.248187
v 21.500616 -16.630921 112.676825
v 22.551980 -28.077784 70.305768
v 21.492018 -25.422382 110.241794
v 20.383996 -25.173287 148.921569
v 17.944907 -24.591624 170.943619
v -5.101389 2.206448 185.102540
v 15.152632 -23.995569 184.092445
v 0.000000 -26.506469 212.707738
v -15.810886 -1.036672 141.445191
v -1.026542 -0.500934 -224.014248
v -45.534023 -34.541953 -22.356427
v -45.534023 -32.196860 -25.188459
v -44.813320 -33.141318 -23.764386
v -46.922207 -33.712729 12.840350
v -2.230896 0.420222 -223.817439
v -63.060879 -32.902238 -27.815900
v 5.869502 -30.521910 198.110469
v -64.449062 -32.485679 7.380511
v -14.652784 1.192698 142.872376
v 5.975157 -36.257294 182.041619
v -0.313071 -1.058747 193.634989
v 21.550027 -18.860291 111.249640
v 21.409622 -18.860291 115.585446
v 21.452642 -16.626282 114.158075
v 21.406430 -16.630921 115.585324
v 22.114668 -19.317606 -47.255642
v 21.455841 -18.860291 114.158136
v 21.306394 -18.860291 118.773157
v -2.437995 2.293951 -223.910687
v -0.000000 5.845418 -21.152577
v 17.666521 -30.656586 -60.960629
v 22.729621 -14.740506 -21.154456
v 16.889421 -1.222155 -21.149854
v 0.000000 -11.889860 212.803902
v 4.740577 -14.268721 212.459386
v 6.670169 -18.889457 212.731587
v 2.917798 -25.604025 212.609648
v -0.000000 6.354973 -61.065448
v -1.613298 3.883527 -224.240442
v 16.836522 -0.477627 -61.065610
v -22.282216 -16.589574 97.370742
v -22.028600 -11.401773 -41.323585
v -83.518964 -44.981405 8.840654
v -20.039932 -35.779909 91.538762
v 0.000000 5.011117 32.979929
v -22.294385 -26.690517 91.468281
v 0.000000 -20.876382 219.532855
v 22.101071 -36.985642 33.022389
v 0.000000 5.035421 183.958257
v 9.703370 -0.643871 183.770874
v 15.628604 -13.494400 184.034426
v 12.969372 -31.389421 184.032878
v -62.588711 -34.337241 2.714984
v 23.014583 -14.705374 32.996047
v 16.043937 -2.280929 32.982167
v -7.467468 -1.156546 187.935042
v -10.074204 0.600876 179.922251
v -11.604211 -1.848812 179.811662
v -10.671832 -1.310025 183.302505
v 23.116705 -14.833087 -47.293679
v -62.671384 -32.519059 -26.614484
v -10.542893 -1.138689 183.453939
v -7.191252 1.901264 182.415617
v -15.917379 -1.036672 122.847105
v 19.024744 -39.451290 6.560706
v -3.386259 -38.784187 172.286868
v 3.386259 -38.784187 172.286868
v -8.517374 1.851482 179.678378
v 3.302840 -36.486361 182.033292
v -22.221775 -14.175582 91.455813
v 21.384543 -36.995645 8.209260
v 23.211149 -14.794238 8.234373
v 0.000000 -3.938720 197.965762
v 7.693842 -7.472623 198.166103
v 11.872424 -16.411559 198.274846
v -15.868237 -1.036672 131.429444
v -15.089065 -0.313765 91.528599
v 16.435579 -1.883006 8.236826
v 0.000000 5.369236 8.230724
v 22.846726 -14.258285 -61.072005
v 0.000000 7.882302 170.634979
v 12.080173 1.631707 170.663472
v 17.901001 -12.282394 170.916633
v 15.198775 -32.549759 170.657857
v -15.860063 -1.036672 132.856752
v 19.480801 -35.875571 -21.312726
v 21.179621 -35.196274 -8.119972
v 22.736671 -14.770056 -7.615675
v 0.000000 8.475094 149.181672
v 14.222719 1.909275 148.906941
v 20.091914 -12.368901 148.902209
v 16.929153 -33.361996 149.177494
v 0.000000 -41.085520 149.193348
v 16.751270 -1.576325 -7.608316
v -0.000000 5.608688 -7.614122
v 21.418846 -37.674352 23.005752
v 0.000000 8.200781 110.395953
v 14.445493 1.903598 110.399720
v 21.474746 -13.222727 110.235184
v 18.002539 -33.565411 110.266117
v 0.000000 -41.723997 110.226007
v -18.666902 -45.782554 6.117450
v -12.297031 -45.782554 6.117450
v -12.385410 -45.409995 -0.992536
v 0.000000 5.370322 70.278831
v 16.414943 -2.320354 70.296355
v 22.736047 -15.350964 70.319630
v 21.958517 -37.928636 70.330029
v 0.000000 -41.971832 70.275342
v 21.349414 -16.626282 117.345788
v 4.475856 7.117020 -138.365876
v 21.556292 -36.288319 76.467941
v -0.000000 6.725709 -87.421569
v 15.995416 0.451918 -87.425765
v 22.491860 -12.646165 -87.458802
v 17.814190 -28.424399 -87.466907
v 1.881531 68.052488 -206.272252
v 17.006951 -40.086047 -7.424953
v -0.000000 -40.405446 -7.665026
v 0.000000 6.658896 -119.323486
v -0.000000 8.565421 -220.006461
v 3.520118 5.897782 -219.984012
v 4.075693 2.337672 -220.387716
v 3.695577 -1.508316 -220.546996
v 22.035787 -11.398762 -47.006679
v 18.881711 -38.743108 -6.726756
v 22.028600 -11.401773 -41.323585
v -9.308750 -41.737143 22.302997
v -10.081211 -41.259238 21.586566
v 23.148183 -15.778966 -32.168518
v 22.361786 -16.609554 89.263317
v -197.734175 -20.552323 -73.110354
v 82.489590 -30.007407 30.641864
v 83.555019 -31.316855 -9.559186
v 84.862636 -31.734021 5.744159
v 22.425723 -16.566628 85.943889
v 22.461659 -16.562254 84.516858
v 22.374746 -18.838937 89.263411
v 22.378865 -16.604992 87.836056
v 22.391575 -18.838937 87.836102
v 22.304708 -18.883626 92.586606
v -197.749475 -20.376690 -68.034317
v 84.623867 -29.562339 29.454242
v 22.432828 -18.795474 84.516062
v 85.251308 -39.922737 36.351722
v 22.413626 -18.795216 85.943754
v 22.420708 -18.008336 -32.168398
v -90.147428 -28.324373 -29.918155
v -7.507481 -45.634848 9.300799
v -10.045801 -41.006942 11.733856
v -7.074716 2.049021 182.254490
v 23.249178 -15.620234 -9.116705
v -107.773961 -26.156752 10.891384
v -21.032134 -30.732688 87.373227
v 23.157013 -17.883669 -10.543839
v 22.937639 -16.201725 54.528815
v 22.927278 -16.206364 55.956061
v 143.049160 -25.222758 -26.159754
v 139.616054 -25.790507 -25.578333
v 140.278164 -24.846274 -18.946863
v 22.905310 -18.435734 54.528876
v 22.870493 -18.474430 59.278694
v 22.913115 -16.240421 57.851323
v 22.902754 -16.245060 59.278571
v 22.880787 -18.474430 57.851386
v 22.846763 -18.458317 62.601080
v 22.889385 -16.224308 61.173711
v 22.879025 -16.228947 62.600960
v 139.637539 -32.887900 -10.427821
v 22.857058 -18.458317 61.173773
v 22.821350 -18.558591 65.923469
v 22.863973 -16.324582 64.496103
v 22.853611 -16.329220 65.923345
v 22.831644 -18.558591 64.496162
v 22.797621 -18.542477 69.245858
v 22.840243 -16.308467 67.818487
v 22.829882 -16.313107 69.245735
v 22.807915 -18.542476 67.818549
v 22.730921 -18.603956 72.628206
v 22.799172 -16.369948 71.200839
v 22.763228 -16.374586 72.628085
v 10.045801 -41.006942 11.733856
v 10.081211 -41.259238 21.586566
v 23.141672 -17.990913 -18.992174
v 9.239815 -41.602497 11.743493
v 7.507481 -45.634848 9.300799
v 8.389805 -44.421348 24.784442
v 9.308750 -41.737143 22.302997
v 23.365142 -15.749823 -20.417047
v 2.863437 -47.740317 9.095661
v 2.863437 -47.740317 24.989764
v 23.302220 -15.646309 -3.960030
v 2.863437 -37.036765 9.095661
v -139.541927 -38.054661 -35.426375
v 23.114093 -17.898483 -3.959029
v 0.000000 8.845899 -210.158922
v 23.145713 -17.967410 -15.669947
v 0.000000 69.477416 -230.991881
v 23.338735 -15.712802 -17.096905
v 23.330967 -15.718112 -15.669259
v 2.863437 -37.036765 24.989764
v 23.141881 -14.846370 -41.085395
v -4.475856 7.117020 -138.365876
v -1.881531 68.052488 -206.272252
v 23.145093 -17.967410 -17.097254
v 19.270417 -43.971885 -8.969831
v 19.270417 -44.773276 6.328509
v 18.666902 -44.989219 -9.029279
v 18.666902 -45.782554 6.117450
v -15.152632 -23.995569 184.092445
v 12.385410 -45.409995 -0.992536
v 12.297031 -45.782554 6.117450
v -5.356012 2.210304 184.874827
v 23.357571 -15.752703 -18.990440
v 23.041391 -17.992920 -20.421735
v 22.870803 -18.009296 -22.276536
v 23.299348 -15.785858 -23.698797
v 23.324129 -15.788677 -22.272848
v 22.770033 -18.010453 -23.702653
v 22.638098 -18.004205 -25.581255
v 23.243138 -15.774327 -27.011253
v -2.863437 -47.740317 9.095661
v -2.863437 -47.740317 24.989764
v -138.981685 -37.494419 -29.764087
v -2.863437 -37.036765 9.095661
v -141.307538 -37.323320 -35.426375
v -143.073149 -38.054661 -35.426375
v -143.073149 -41.585883 -35.426375
v 23.152163 -17.921022 -12.410059
v -143.804490 -39.820272 -35.426375
v 23.306793 -15.653332 -13.836987
v 23.299161 -15.660487 -12.409401
v -2.863437 -37.036765 24.989764
v -138.981685 -42.146125 -29.764087
v -138.810586 -39.820272 -35.426375
v -141.307538 -42.317223 -35.426375
v 23.151542 -17.921023 -13.837367
v -45.062344 -35.564170 8.174823
v -43.733242 -30.956870 -17.725446
v -44.153652 -34.029624 16.976581
v -17.944907 -24.591624 170.943619
v -61.454922 -30.564780 -12.629499
v -15.802713 -1.036672 142.872498
v 19.809414 -40.326499 -8.050397
v 19.809414 -41.089682 6.521625
v 18.870888 -38.408748 -8.050397
v 18.870888 -39.171931 6.521625
v -107.472338 -28.767815 5.015658
v 23.267879 -15.777642 -25.584671
v 22.543302 -18.003501 -27.016504
v 22.476328 -18.021806 -28.855942
v 23.179457 -15.787798 -30.283311
v -7.878533 -1.212470 187.515200
v 22.766800 -18.603956 71.200899
v 23.123838 -15.774327 -33.595766
v -21.054374 -32.551964 -9.703931
v 68.643051 5.027686 -215.483084
v -105.195290 -22.465720 5.595922
v -22.058825 -24.938418 76.210330
v -10.238176 -1.078407 184.241689
v -6.871265 2.043284 182.673896
v 1.264861 6.413046 176.927034
v 5.165440 5.231991 174.400648
v 1.284753 6.859762 174.509090
v 5.129548 4.716444 176.810264
v -11.639023 -38.138248 140.277124
v -22.942035 -16.133578 -44.834624
v -21.262239 -11.724342 95.203764
v -21.019163 -23.074762 -46.979289
v -22.920583 -16.128649 -46.261904
v -20.504879 -26.267871 140.280902
v 83.550136 -40.703574 19.750628
v -0.431568 -37.636029 174.364681
v 81.827480 -30.951640 24.010394
v -0.578015 -37.636029 174.718234
v -9.239815 -41.602497 11.743493
v -8.389805 -44.421348 24.784442
v -0.078015 -37.636029 175.218234
v 0.275539 -37.636029 174.364681
v -0.431568 -50.530598 175.071787
v -0.078015 -50.530598 174.218234
v -68.638781 5.014629 -215.489103
v -68.643051 5.027686 -215.483084
v -16.090398 -47.521680 -1.363706
v -13.344973 -50.613305 -6.358693
v -15.922177 -50.613305 -6.358693
v 22.645756 -18.662149 75.982672
v -13.344973 -48.275044 -6.358693
v -15.922177 -48.275044 -6.358693
v -13.344973 -46.383352 -4.984298
v -15.922177 -46.383352 -4.984298
v -16.090398 -47.521680 -13.769775
v -16.298622 -49.444175 -12.373001
v -16.090398 -48.709847 -14.633029
v -13.344973 -45.660789 -12.373001
v -15.922177 -45.660789 -12.373001
v -16.090398 -47.067840 -12.373001
v -16.090398 -50.178502 -14.633029
v -13.344973 -46.383352 -10.149182
v -15.922177 -46.383352 -10.149182
v -16.090398 -51.366670 -13.769775
v -13.344973 -48.275044 -8.774787
v -15.922177 -48.275044 -8.774787
v -16.090398 -51.820509 -12.373001
v -8.905232 -17.913601 207.172900
v -8.382873 -18.175890 208.690838
v -11.704713 -2.739036 -163.552517
v -4.846884 -1.680503 -211.912091
v -68.637497 5.040432 -215.488219
v -4.727937 -0.378135 -211.843976
v -69.245747 5.741395 -231.766937
v -11.654355 -3.874176 -165.387722
v -11.478320 -1.418348 -165.279568
v -4.363104 -0.969199 -213.832013
v -12.598113 -30.423073 -97.589925
v 141.338711 -35.542441 -29.838099
v 84.556972 -40.555991 21.955951
v -19.467317 -21.438799 -98.372334
v 21.019163 -23.074762 -46.979289
v -13.413206 -29.763180 -98.236895
v -13.301835 -31.176931 -91.191781
v -14.635365 -30.417627 -90.375381
v -20.735548 -21.697259 -79.312871
v -20.968660 -20.945858 -78.463424
v -17.881285 -29.175093 -79.287184
v -15.751069 -32.286331 -61.915831
v 23.083379 -17.831130 -0.646574
v 83.258144 -36.380576 50.030414
v 82.542812 -40.556113 21.955951
v 69.245747 5.741395 -231.766937
v 69.239501 5.762149 -231.785615
v -0.078015 -50.530598 174.718234
v 22.714007 -16.428140 74.555302
v 0.275539 -37.636029 175.071787
v 141.046719 -31.219443 0.441686
v -69.244543 5.780209 -231.766253
v -69.239501 5.762149 -231.785615
v 143.039883 -34.542094 -13.866813
v -21.556292 -36.288319 76.467941
v -21.446244 -20.994603 -62.729232
v -17.693694 -30.684814 -61.911634
v 23.309470 -15.602062 0.779913
v -21.259019 -21.732567 -61.889967
v -22.169757 -19.299565 -41.180830
v 22.956925 -22.788118 18.886623
v -12.195649 -38.158208 124.604499
v -17.687306 -33.583530 123.728703
v -22.223734 -14.267813 94.940494
v -21.040650 -26.248441 124.557390
v 89.495657 -43.801419 36.064746
v -17.313999 -33.564911 141.139554
v 37.454801 -33.001543 13.261891
v 37.454801 -47.818168 13.261891
v 37.808354 -33.001543 13.115444
v 37.808354 -47.818168 13.115444
v 38.161908 -33.001543 13.261891
v 38.161908 -47.818168 13.261891
v 38.308354 -33.001543 13.615444
v 38.308354 -47.818168 13.615444
v 38.161908 -33.001543 13.968997
v 38.161908 -47.818168 13.968997
v 37.808354 -33.001543 14.115444
v 37.808354 -47.818168 14.115444
v 37.454801 -33.001543 13.968997
v 37.454801 -47.818168 13.968997
v 37.308354 -33.001543 13.615444
v 37.308354 -47.818168 13.615444
v 37.808354 -47.818168 13.615444
v -13.344973 -50.613305 -8.774787
v 33.278848 -46.383352 16.202783
v 35.856052 -46.383352 16.202783
v -15.922177 -50.613305 -8.774787
v -16.090398 -51.366670 -10.976226
v 33.278848 -48.275044 14.828388
v 35.856052 -48.275044 14.828388
v 22.678063 -16.432779 75.982550
v -13.344973 -52.504998 -10.149182
v 33.278848 -50.613305 14.828388
v 35.856052 -50.613305 14.828388
v 33.110626 -47.521680 19.823376
v -15.922177 -52.504998 -10.149182
v 33.278848 -52.504998 16.202783
v 35.856052 -52.504998 16.202783
v 33.110626 -48.709847 20.686630
v -16.090398 -50.178502 -10.112972
v 33.278848 -53.227560 18.426601
v 35.856052 -53.227560 18.426601
v 33.110626 -50.178502 20.686630
v -13.344973 -53.227560 -12.373001
v 33.278848 -52.504998 20.650419
v 35.856052 -52.504998 20.650419
v 33.110626 -51.366670 19.823376
v 33.278848 -49.444175 18.426601
v 33.278848 -50.613305 22.024814
v 35.856052 -50.613305 22.024814
v 33.110626 -51.820509 18.426601
v -15.922177 -53.227560 -12.373001
v 33.278848 -48.275044 22.024814
v 35.856052 -48.275044 22.024814
v 33.110626 -51.366670 17.029827
v -15.922177 -49.444175 -12.373001
v 33.278848 -46.383352 20.650419
v 35.856052 -46.383352 20.650419
v 33.110626 -50.178502 16.166573
v 33.110626 -47.067840 18.426601
v 33.278848 -45.660789 18.426601
v 35.856052 -45.660789 18.426601
v 33.110626 -48.709847 16.166573
v 32.974285 -49.444175 18.426601
v 33.110626 -47.521680 17.029827
v -16.090398 -48.709847 -10.112972
v 33.278848 -46.383352 6.590263
v 35.856052 -46.383352 6.590263
v -13.344973 -52.504998 -14.596819
v 33.278848 -49.444175 8.814081
v 33.278848 -48.275044 5.215867
v 35.856052 -48.275044 5.215867
v 22.681635 -18.662149 74.555365
v -15.922177 -52.504998 -14.596819
v 33.278848 -50.613305 5.215867
v 35.856052 -50.613305 5.215867
v 33.110626 -47.521680 10.210855
v -16.090398 -47.521680 -10.976226
v 33.278848 -52.504998 6.590263
v 35.856052 -52.504998 6.590263
v 33.110626 -48.709847 11.074109
v -13.344973 -50.613305 -15.971214
v 33.278848 -53.227560 8.814081
v 35.856052 -53.227560 8.814081
v 33.110626 -50.178502 11.074109
v -15.922177 -50.613305 -15.971214
v 33.278848 -52.504998 11.037899
v 35.856052 -52.504998 11.037899
v 33.110626 -51.366670 10.210855
v 22.561640 -18.706854 79.303190
v 33.278848 -50.613305 12.412294
v 35.856052 -50.613305 12.412294
v 33.110626 -51.820509 8.814081
v -13.344973 -48.275044 -15.971214
v 33.278848 -48.275044 12.412294
v 35.856052 -48.275044 12.412294
v 33.110626 -51.366670 7.417306
v -15.922177 -48.275044 -15.971214
v 33.278848 -46.383352 11.037899
v 35.856052 -46.383352 11.037899
v 33.110626 -50.178502 6.554052
v 33.110626 -47.067840 8.814081
v 33.278848 -45.660789 8.814081
v 35.856052 -45.660789 8.814081
v 33.110626 -48.709847 6.554052
v 32.974285 -49.444175 8.814081
v 33.110626 -47.521680 7.417306
v -13.344973 -46.383352 -14.596819
v 42.462621 -46.383352 6.590263
v 39.885417 -46.383352 6.590263
v -15.922177 -46.383352 -14.596819
v -6.570181 -47.521680 -13.769775
v 42.462621 -48.275044 5.215867
v 39.885417 -48.275044 5.215867
v 22.629891 -16.472844 77.875820
v 42.462621 -49.444175 8.814081
v 42.462621 -50.613305 5.215867
v 39.885417 -50.613305 5.215867
v 42.630843 -47.521680 10.210855
v -6.421298 -49.444175 -12.373001
v 42.462621 -52.504998 6.590263
v 39.885417 -52.504998 6.590263
v 42.630843 -48.709847 11.074109
v -6.570181 -48.709847 -14.633029
v 42.462621 -53.227560 8.814081
v 39.885417 -53.227560 8.814081
v 42.630843 -50.178502 11.074109
v -9.315607 -45.660789 -12.373001
v 42.462621 -52.504998 11.037899
v 39.885417 -52.504998 11.037899
v 42.630843 -51.366670 10.210855
v -6.738403 -45.660789 -12.373001
v 42.462621 -50.613305 12.412294
v 39.885417 -50.613305 12.412294
v 42.630843 -51.820509 8.814081
v -6.570181 -47.067840 -12.373001
v 42.462621 -48.275044 12.412294
v 39.885417 -48.275044 12.412294
v 42.630843 -51.366670 7.417306
v 85.844817 -47.307258 19.824641
v 42.462621 -46.383352 11.037899
v 39.885417 -46.383352 11.037899
v 42.630843 -50.178502 6.554052
v 42.630843 -47.067840 8.814081
v 42.462621 -45.660789 8.814081
v 39.885417 -45.660789 8.814081
v 42.630843 -48.709847 6.554052
v 42.873509 -49.444175 8.814081
v 42.630843 -47.521680 7.417306
v -6.570181 -50.178502 -14.633029
v 42.462621 -46.383352 16.202783
v 39.885417 -46.383352 16.202783
v 42.462621 -49.444175 18.426601
v -9.315607 -46.383352 -10.149182
v 42.462621 -48.275044 14.828388
v 39.885417 -48.275044 14.828388
v 22.593947 -16.477483 79.303068
v -6.738403 -46.383352 -10.149182
v 42.462621 -50.613305 14.828388
v 39.885417 -50.613305 14.828388
v 42.630843 -47.521680 19.823376
v -6.570181 -51.366670 -13.769775
v 42.462621 -52.504998 16.202783
v 39.885417 -52.504998 16.202783
v 42.630843 -48.709847 20.686630
v -9.315607 -48.275044 -8.774787
v 42.462621 -53.227560 18.426601
v 39.885417 -53.227560 18.426601
v 42.630843 -50.178502 20.686630
v -6.738403 -48.275044 -8.774787
v 42.462621 -52.504998 20.650419
v 39.885417 -52.504998 20.650419
v 42.630843 -51.366670 19.823376
v -6.570181 -51.820509 -12.373001
v 42.462621 -50.613305 22.024814
v 39.885417 -50.613305 22.024814
v 42.630843 -51.820509 18.426601
v -9.315607 -50.613305 -8.774787
v 42.462621 -48.275044 22.024814
v 39.885417 -48.275044 22.024814
v 42.630843 -51.366670 17.029827
v -82.489590 -30.007407 30.641864
v 42.462621 -46.383352 20.650419
v 39.885417 -46.383352 20.650419
v 42.630843 -50.178502 16.166573
v 42.630843 -47.067840 18.426601
v 42.462621 -45.660789 18.426601
v 39.885417 -45.660789 18.426601
v 42.630843 -48.709847 16.166573
v 42.873509 -49.444175 18.426601
v 42.630843 -47.521680 17.029827
v -37.454801 -33.001543 13.261891
v -37.454801 -47.818168 13.261891
v -37.808354 -33.001543 13.115444
v -37.808354 -47.818168 13.115444
v -38.161908 -33.001543 13.261891
v -38.161908 -47.818168 13.261891
v -38.308354 -33.001543 13.615444
v -38.308354 -47.818168 13.615444
v -38.161908 -33.001543 13.968997
v -38.161908 -47.818168 13.968997
v -37.808354 -33.001543 14.115444
v -37.808354 -47.818168 14.115444
v -37.454801 -33.001543 13.968997
v -37.454801 -47.818168 13.968997
v -37.308354 -33.001543 13.615444
v -37.308354 -47.818168 13.615444
v -37.808354 -47.818168 13.615444
v -6.738403 -50.613305 -8.774787
v -33.278848 -46.383352 16.202783
v -35.856052 -46.383352 16.202783
v -33.278848 -49.444175 18.426601
v -6.570181 -51.366670 -10.976226
v -33.278848 -48.275044 14.828388
v -35.856052 -48.275044 14.828388
v 22.597519 -18.706854 77.875883
v -9.315607 -52.504998 -10.149182
v -33.278848 -50.613305 14.828388
v -35.856052 -50.613305 14.828388
v -33.110626 -47.521680 19.823376
v -6.738403 -52.504998 -10.149182
v -33.278848 -52.504998 16.202783
v -35.856052 -52.504998 16.202783
v -33.110626 -48.709847 20.686630
v -6.570181 -50.178502 -10.112972
v -33.278848 -53.227560 18.426601
v -35.856052 -53.227560 18.426601
v -33.110626 -50.178502 20.686630
v -9.315607 -53.227560 -12.373001
v -33.278848 -52.504998 20.650419
v -35.856052 -52.504998 20.650419
v -33.110626 -51.366670 19.823376
v -6.738403 -53.227560 -12.373001
v -33.278848 -50.613305 22.024814
v -35.856052 -50.613305 22.024814
v -33.110626 -51.820509 18.426601
v -6.570181 -48.709847 -10.112972
v -33.278848 -48.275044 22.024814
v -35.856052 -48.275044 22.024814
v -33.110626 -51.366670 17.029827
v -9.315607 -52.504998 -14.596819
v -33.278848 -46.383352 20.650419
v -35.856052 -46.383352 20.650419
v -33.110626 -50.178502 16.166573
v -33.110626 -47.067840 18.426601
v -33.278848 -45.660789 18.426601
v -35.856052 -45.660789 18.426601
v -33.110626 -48.709847 16.166573
v -32.974285 -49.444175 18.426601
v -33.110626 -47.521680 17.029827
v -6.738403 -52.504998 -14.596819
v -33.278848 -46.383352 6.590263
v -35.856052 -46.383352 6.590263
v -33.278848 -49.444175 8.814081
v -6.570181 -47.521680 -10.976226
v -33.278848 -48.275044 5.215867
v -35.856052 -48.275044 5.215867
v 22.477524 -18.751558 82.623708
v -9.315607 -50.613305 -15.971214
v -33.278848 -50.613305 5.215867
v -35.856052 -50.613305 5.215867
v -33.110626 -47.521680 10.210855
v -6.738403 -50.613305 -15.971214
v -33.278848 -52.504998 6.590263
v -35.856052 -52.504998 6.590263
v -33.110626 -48.709847 11.074109
v 85.260586 -30.383891 23.428973
v -33.278848 -53.227560 8.814081
v -35.856052 -53.227560 8.814081
v -33.110626 -50.178502 11.074109
v -9.315607 -48.275044 -15.971214
v -33.278848 -52.504998 11.037899
v -35.856052 -52.504998 11.037899
v -33.110626 -51.366670 10.210855
v -6.738403 -48.275044 -15.971214
v -33.278848 -50.613305 12.412294
v -35.856052 -50.613305 12.412294
v -33.110626 -51.820509 8.814081
v -6.738403 -49.444175 -12.373001
v -33.278848 -48.275044 12.412294
v -35.856052 -48.275044 12.412294
v -33.110626 -51.366670 7.417306
v -9.315607 -46.383352 -14.596819
v -33.278848 -46.383352 11.037899
v -35.856052 -46.383352 11.037899
v -33.110626 -50.178502 6.554052
v -33.110626 -47.067840 8.814081
v -33.278848 -45.660789 8.814081
v -35.856052 -45.660789 8.814081
v -33.110626 -48.709847 6.554052
v -32.974285 -49.444175 8.814081
v -33.110626 -47.521680 7.417306
v -6.738403 -46.383352 -14.596819
v -42.462621 -46.383352 6.590263
v -39.885417 -46.383352 6.590263
v -6.570181 -47.521680 -4.157254
v -6.361308 -49.444175 -2.760480
v -42.462621 -48.275044 5.215867
v -39.885417 -48.275044 5.215867
v 22.545775 -16.517549 81.196339
v -6.570181 -48.709847 -5.020509
v -42.462621 -50.613305 5.215867
v -39.885417 -50.613305 5.215867
v -42.630843 -47.521680 10.210855
v -9.315607 -45.660789 -2.760480
v -42.462621 -52.504998 6.590263
v -39.885417 -52.504998 6.590263
v -42.630843 -48.709847 11.074109
v -42.462621 -49.444175 8.814081
v -42.462621 -53.227560 8.814081
v -39.885417 -53.227560 8.814081
v -42.630843 -50.178502 11.074109
v -6.738403 -45.660789 -2.760480
v -42.462621 -52.504998 11.037899
v -39.885417 -52.504998 11.037899
v -42.630843 -51.366670 10.210855
v -6.570181 -47.067840 -2.760480
v -42.462621 -50.613305 12.412294
v -39.885417 -50.613305 12.412294
v -42.630843 -51.820509 8.814081
v -6.570181 -50.178502 -5.020509
v -42.462621 -48.275044 12.412294
v -39.885417 -48.275044 12.412294
v -42.630843 -51.366670 7.417306
v -9.315607 -46.383352 -0.536662
v -42.462621 -46.383352 11.037899
v -39.885417 -46.383352 11.037899
v -42.630843 -50.178502 6.554052
v -42.630843 -47.067840 8.814081
v -42.462621 -45.660789 8.814081
v -39.885417 -45.660789 8.814081
v -42.630843 -48.709847 6.554052
v -42.873509 -49.444175 8.814081
v -42.630843 -47.521680 7.417306
v -6.738403 -46.383352 -0.536662
v -42.462621 -46.383352 16.202783
v -39.885417 -46.383352 16.202783
v -6.570181 -51.366670 -4.157254
v -9.315607 -48.275044 0.837733
v -42.462621 -48.275044 14.828388
v -39.885417 -48.275044 14.828388
v 22.509831 -16.522188 82.623586
v -6.738403 -48.275044 0.837733
v -42.462621 -50.613305 14.828388
v -39.885417 -50.613305 14.828388
v -42.630843 -47.521680 19.823376
v -6.570181 -51.820509 -2.760480
v -42.462621 -52.504998 16.202783
v -39.885417 -52.504998 16.202783
v -42.630843 -48.709847 20.686630
v -42.462621 -49.444175 18.426601
v -42.462621 -53.227560 18.426601
v -39.885417 -53.227560 18.426601
v -42.630843 -50.178502 20.686630
v -9.315607 -50.613305 0.837733
v -42.462621 -52.504998 20.650419
v -39.885417 -52.504998 20.650419
v -42.630843 -51.366670 19.823376
v -6.738403 -50.613305 0.837733
v -42.462621 -50.613305 22.024814
v -39.885417 -50.613305 22.024814
v -42.630843 -51.820509 18.426601
v -6.570181 -51.366670 -1.363706
v -42.462621 -48.275044 22.024814
v -39.885417 -48.275044 22.024814
v -42.630843 -51.366670 17.029827
v -9.315607 -52.504998 -0.536662
v -42.462621 -46.383352 20.650419
v -39.885417 -46.383352 20.650419
v -42.630843 -50.178502 16.166573
v -42.630843 -47.067840 18.426601
v -42.462621 -45.660789 18.426601
v -39.885417 -45.660789 18.426601
v -42.630843 -48.709847 16.166573
v -42.873509 -49.444175 18.426601
v -42.630843 -47.521680 17.029827
v 10.914357 -37.559950 -7.925191
v 10.914357 -47.273950 -7.925191
v 11.267910 -37.559950 -8.071637
v 11.267910 -47.273950 -8.071637
v 11.621463 -37.559950 -7.925191
v 11.621463 -47.273950 -7.925191
v 11.767910 -37.559950 -7.571637
v 11.767910 -47.273950 -7.571637
v 11.621463 -37.559950 -7.218084
v 11.621463 -47.273950 -7.218084
v 11.267910 -37.559950 -7.071637
v 11.267910 -47.273950 -7.071637
v 10.914357 -37.559950 -7.218084
v 10.914357 -47.273950 -7.218084
v 10.767910 -37.559950 -7.571637
v 10.767910 -47.273950 -7.571637
v 11.267910 -47.273950 -7.571637
v 3.660563 2.180391 186.211666
v 6.738403 -46.383352 -4.984298
v 9.315607 -46.383352 -4.984298
v 23.134121 -17.911954 -5.830711
v 4.580480 -2.099025 192.154978
v 6.738403 -48.275044 -6.358693
v 9.315607 -48.275044 -6.358693
v 22.513402 -18.751558 81.196401
v 6.987278 2.012733 182.645358
v 6.738403 -50.613305 -6.358693
v 9.315607 -50.613305 -6.358693
v 6.570181 -47.521680 -1.363706
v 10.324125 -1.136353 184.207072
v 6.738403 -52.504998 -4.984298
v 9.315607 -52.504998 -4.984298
v 6.570181 -48.709847 -0.500451
v 6.738403 -49.444175 -2.760480
v 6.738403 -53.227560 -2.760480
v 9.315607 -53.227560 -2.760480
v 6.570181 -50.178502 -0.500451
v 7.950339 -1.361532 187.459577
v 6.738403 -52.504998 -0.536662
v 9.315607 -52.504998 -0.536662
v 6.570181 -51.366670 -1.363706
v 23.157693 -17.882835 -9.119317
v 6.738403 -50.613305 0.837733
v 9.315607 -50.613305 0.837733
v 6.570181 -51.820509 -2.760480
v 23.265833 -15.611324 -10.543539
v 6.738403 -48.275044 0.837733
v 9.315607 -48.275044 0.837733
v 6.570181 -51.366670 -4.157254
v 5.444134 2.151532 184.828737
v 6.738403 -46.383352 -0.536662
v 9.315607 -46.383352 -0.536662
v 6.570181 -50.178502 -5.020509
v 6.570181 -47.067840 -2.760480
v 6.738403 -45.660789 -2.760480
v 9.315607 -45.660789 -2.760480
v 6.570181 -48.709847 -5.020509
v 6.361308 -49.444175 -2.760480
v 6.570181 -47.521680 -4.157254
v 7.186438 2.019832 182.231357
v 6.738403 -46.383352 -14.596819
v 9.315607 -46.383352 -14.596819
v 8.632245 1.825548 179.657111
v 7.302631 1.872213 182.392862
v 6.738403 -48.275044 -15.971214
v 9.315607 -48.275044 -15.971214
v 0.275539 -50.530598 174.364681
v 10.632359 -1.175103 183.430521
v 6.738403 -50.613305 -15.971214
v 9.315607 -50.613305 -15.971214
v 6.570181 -47.521680 -10.976226
v 10.188253 0.574972 179.902758
v 6.738403 -52.504998 -14.596819
v 9.315607 -52.504998 -14.596819
v 6.570181 -48.709847 -10.112972
v 6.738403 -49.444175 -12.373001
v 6.738403 -53.227560 -12.373001
v 9.315607 -53.227560 -12.373001
v 6.570181 -50.178502 -10.112972
v 11.739348 -1.861085 179.802808
v 6.738403 -52.504998 -10.149182
v 9.315607 -52.504998 -10.149182
v 6.570181 -51.366670 -10.976226
v 10.764329 -1.341617 183.282374
v 6.738403 -50.613305 -8.774787
v 9.315607 -50.613305 -8.774787
v 6.570181 -51.820509 -12.373001
v -6.738403 -52.504998 -0.536662
v 6.738403 -48.275044 -8.774787
v 9.315607 -48.275044 -8.774787
v 6.570181 -51.366670 -13.769775
v -6.570181 -50.178502 -0.500451
v 6.738403 -46.383352 -10.149182
v 9.315607 -46.383352 -10.149182
v 6.570181 -50.178502 -14.633029
v 6.570181 -47.067840 -12.373001
v 6.738403 -45.660789 -12.373001
v 9.315607 -45.660789 -12.373001
v 6.570181 -48.709847 -14.633029
v 6.421298 -49.444175 -12.373001
v 6.570181 -47.521680 -13.769775
v -9.315607 -53.227560 -2.760480
v 15.922177 -46.383352 -14.596819
v 13.344973 -46.383352 -14.596819
v 15.922177 -49.444175 -12.373001
v -6.738403 -53.227560 -2.760480
v 15.922177 -48.275044 -15.971214
v 13.344973 -48.275044 -15.971214
v -0.078015 -50.530598 175.218234
v -6.570181 -48.709847 -0.500451
v 15.922177 -50.613305 -15.971214
v 13.344973 -50.613305 -15.971214
v 16.090398 -47.521680 -10.976226
v -9.315607 -52.504998 -4.984298
v 15.922177 -52.504998 -14.596819
v 13.344973 -52.504998 -14.596819
v 16.090398 -48.709847 -10.112972
v -6.738403 -52.504998 -4.984298
v 15.922177 -53.227560 -12.373001
v 13.344973 -53.227560 -12.373001
v 16.090398 -50.178502 -10.112972
v -6.570181 -47.521680 -1.363706
v 15.922177 -52.504998 -10.149182
v 13.344973 -52.504998 -10.149182
v 16.090398 -51.366670 -10.976226
v -9.315607 -50.613305 -6.358693
v 15.922177 -50.613305 -8.774787
v 13.344973 -50.613305 -8.774787
v 16.090398 -51.820509 -12.373001
v -6.738403 -50.613305 -6.358693
v 15.922177 -48.275044 -8.774787
v 13.344973 -48.275044 -8.774787
v 16.090398 -51.366670 -13.769775
v -21.153576 -11.708129 100.923836
v 15.922177 -46.383352 -10.149182
v 13.344973 -46.383352 -10.149182
v 16.090398 -50.178502 -14.633029
v 16.090398 -47.067840 -12.373001
v 15.922177 -45.660789 -12.373001
v 13.344973 -45.660789 -12.373001
v 16.090398 -48.709847 -14.633029
v 16.298622 -49.444175 -12.373001
v 16.090398 -47.521680 -13.769775
v -9.315607 -48.275044 -6.358693
v 15.922177 -46.383352 -4.984298
v 13.344973 -46.383352 -4.984298
v 15.922177 -49.444175 -2.760480
v -6.738403 -48.275044 -6.358693
v 15.922177 -48.275044 -6.358693
v 13.344973 -48.275044 -6.358693
v 0.421985 -37.636029 174.718234
v -6.738403 -49.444175 -2.760480
v 15.922177 -50.613305 -6.358693
v 13.344973 -50.613305 -6.358693
v 16.090398 -47.521680 -1.363706
v -9.315607 -46.383352 -4.984298
v 15.922177 -52.504998 -4.984298
v 13.344973 -52.504998 -4.984298
v 16.090398 -48.709847 -0.500451
v -6.738403 -46.383352 -4.984298
v 15.922177 -53.227560 -2.760480
v 13.344973 -53.227560 -2.760480
v 16.090398 -50.178502 -0.500451
v -11.267910 -47.273950 -7.571637
v 15.922177 -52.504998 -0.536662
v 13.344973 -52.504998 -0.536662
v 16.090398 -51.366670 -1.363706
v -10.767910 -47.273950 -7.571637
v 15.922177 -50.613305 0.837733
v 13.344973 -50.613305 0.837733
v 16.090398 -51.820509 -2.760480
v -10.767910 -37.559950 -7.571637
v 15.922177 -48.275044 0.837733
v 13.344973 -48.275044 0.837733
v 16.090398 -51.366670 -4.157254
v -10.914357 -47.273950 -7.218084
v 15.922177 -46.383352 -0.536662
v 13.344973 -46.383352 -0.536662
v 16.090398 -50.178502 -5.020509
v 16.090398 -47.067840 -2.760480
v 15.922177 -45.660789 -2.760480
v 13.344973 -45.660789 -2.760480
v 16.090398 -48.709847 -5.020509
v 16.298622 -49.444175 -2.760480
v 16.090398 -47.521680 -4.157254
v -10.914357 -37.559950 -7.925191
v -10.914357 -47.273950 -7.925191
v -11.267910 -37.559950 -8.071637
v -11.267910 -47.273950 -8.071637
v -11.621463 -37.559950 -7.925191
v -11.621463 -47.273950 -7.925191
v -11.767910 -37.559950 -7.571637
v -11.767910 -47.273950 -7.571637
v -11.621463 -37.559950 -7.218084
v -11.621463 -47.273950 -7.218084
v -11.267910 -37.559950 -7.071637
v -11.267910 -47.273950 -7.071637
v -10.914357 -37.559950 -7.218084
v 16.485881 -15.046134 -132.175419
v 17.364219 -12.816764 -130.748235
v 17.186046 -12.812125 -132.175480
v 16.665516 -15.046134 -130.748111
v 22.327016 -18.035277 -36.854298
v 23.080352 -15.805907 -35.427114
v 23.056007 -15.801268 -36.854360
v 22.352876 -18.035277 -35.426992
v 22.283969 -18.196914 -53.483414
v 22.726316 -15.967543 -52.056228
v 22.701971 -15.962905 -53.483475
v 22.309829 -18.196913 -52.056106
v 22.276303 -18.039889 -56.734555
v 22.718652 -15.810519 -55.307368
v 22.694305 -15.805880 -56.734614
v 22.302163 -18.039889 -55.307247
v 21.948349 -17.910982 -59.992608
v 22.701684 -15.681613 -58.565424
v 22.677339 -15.676974 -59.992671
v 21.974210 -17.910982 -58.565303
v 21.883725 -17.781827 -63.252724
v 22.668323 -15.552457 -61.825539
v 22.613045 -15.547819 -63.252786
v 21.940520 -17.781827 -61.825418
v 21.796244 -17.652677 -66.510781
v 22.580842 -15.423307 -65.083596
v 22.525564 -15.418668 -66.510841
v 21.853039 -17.652677 -65.083474
v 21.708762 -17.523527 -69.768837
v 22.493361 -15.294157 -68.341651
v 22.438083 -15.289518 -69.768899
v 21.765558 -17.523527 -68.341530
v 21.621282 -17.394376 -73.026894
v 22.405880 -15.165006 -71.599709
v 22.350602 -15.160368 -73.026956
v 21.678077 -17.394376 -71.599587
v 21.533800 -17.265226 -76.284949
v 22.318399 -15.035856 -74.857765
v 22.263120 -15.031217 -76.285010
v 21.590596 -17.265226 -74.857644
v 21.446320 -17.136076 -79.543008
v 22.230919 -14.906706 -78.115824
v 22.175640 -14.902067 -79.543069
v 21.503115 -17.136075 -78.115701
v 21.394059 -17.005846 -82.800440
v 22.143537 -14.777304 -81.373343
v 22.088281 -14.772538 -82.801127
v 21.422998 -17.006871 -81.370097
v 21.369656 -16.875180 -86.057200
v 22.058650 -14.645972 -84.630059
v 22.031914 -14.641241 -86.057280
v 21.397337 -16.875180 -84.629892
v 21.099856 -16.747067 -89.817926
v 21.930924 -14.517697 -88.390740
v 21.762014 -14.513058 -89.817988
v 21.270149 -16.747067 -88.390619
v 20.749403 -16.618161 -93.075497
v 21.580471 -14.388790 -91.648309
v 21.411561 -14.384152 -93.075556
v 20.919695 -16.618161 -91.648187
v 20.412061 -16.444821 -96.333550
v 21.243129 -14.215450 -94.906364
v 21.074219 -14.210812 -96.333614
v 20.582354 -16.444820 -94.906245
v 20.054682 -16.338986 -99.591852
v 20.885750 -14.109616 -98.164667
v 20.716840 -14.104977 -99.591913
v 20.224975 -16.338986 -98.164545
v 19.697303 -16.233151 -102.850153
v 20.528371 -14.003781 -101.422970
v 20.359461 -13.999142 -102.850215
v 19.867596 -16.233151 -101.422846
v 19.339924 -16.127316 -106.108454
v 20.170992 -13.897946 -104.681271
v 20.002081 -13.893307 -106.108514
v 19.510216 -16.127316 -104.681147
v 18.982545 -16.021481 -109.366755
v 19.813613 -13.792111 -107.939569
v 19.644703 -13.787473 -109.366816
v 19.152837 -16.021481 -107.939448
v 18.625166 -15.915646 -112.625056
v 19.456234 -13.686276 -111.197870
v 19.287323 -13.681637 -112.625116
v 18.795458 -15.915646 -111.197749
v 18.267787 -15.809811 -115.883356
v 19.098855 -13.580441 -114.456172
v 18.929944 -13.575802 -115.883418
v 18.438079 -15.809811 -114.456049
v 17.923803 -15.640011 -119.188288
v 18.754871 -13.410641 -117.761102
v 18.585961 -13.406003 -119.188349
v 18.094096 -15.640012 -117.760980
v 17.600782 -15.414903 -122.398415
v 18.438663 -13.185243 -120.971358
v 18.269762 -13.180594 -122.398552
v 17.777074 -15.414525 -120.971679
v 17.217600 -15.329121 -125.656720
v 18.075475 -13.099044 -124.229553
v 17.906590 -13.094400 -125.656602
v 17.397202 -15.328724 -124.230614
v 16.847775 -15.200553 -128.915409
v 17.724482 -12.970548 -127.488065
v 17.548031 -12.966273 -128.915403
v 17.027409 -15.200553 -127.488103
v 7.608893 -18.792180 210.514178
v 6.220370 -16.579749 211.920969
v 6.892157 -16.573895 210.496757
v 7.027540 -18.836097 211.872926
v 22.336913 -18.811660 97.364862
v 22.181240 -20.259214 101.079057
v 21.995129 -13.990500 101.177288
v 22.282216 -16.589574 97.370742
v 22.223734 -14.267813 94.940494
v 22.328760 -16.593212 95.937837
v 8.943777 -18.795288 207.129738
v 8.436875 -18.779055 208.501159
v 8.382873 -18.175890 208.690838
v 8.905232 -17.913601 207.172900
v 22.410960 -20.197379 94.929940
v 22.381788 -18.805701 95.936185
v 10.245468 -18.845243 203.751841
v 9.509932 -16.589165 205.173694
v 10.178922 -16.582107 203.749862
v 7.859977 -16.531100 208.563475
v 8.528627 -16.524945 207.140561
v 9.693782 -18.837415 205.145571
v 11.537820 -18.909444 200.415089
v 11.000957 -16.650271 201.851921
v 11.622930 -16.642308 200.404426
v 10.905105 -18.907854 201.838429
v 12.401656 -18.871960 197.277678
v 12.191170 -16.630823 198.707684
v 12.596300 -16.632841 197.278799
v 12.023137 -18.872158 198.705228
v 22.289460 -23.684258 95.169818
v 22.107385 -23.685073 100.890331
v 21.153576 -11.708129 100.923836
v 21.262239 -11.724342 95.203764
v 13.353231 -18.871693 193.631914
v 13.176120 -16.642560 195.059355
v 13.547693 -16.638310 193.632026
v 23.155456 -18.186901 19.530859
v 23.148508 -18.183947 20.966025
v 23.210142 -15.928766 20.978356
v 12.981703 -18.871891 195.059563
v 23.219472 -15.921104 19.541019
v 21.695570 -11.010309 18.871467
v 23.203809 -14.706310 18.634278
v 21.638982 -10.981045 24.561488
v 14.252962 -18.869224 189.944985
v 14.058908 -16.638995 191.371121
v 14.357490 -16.633797 189.943326
v 13.909999 -18.870367 191.372799
v 19.066574 -12.077173 161.034268
v 19.698492 -12.084277 155.157823
v 20.008349 -15.610466 155.072733
v 19.394437 -15.477448 161.336735
v 14.992147 -18.867806 186.433803
v 14.792402 -16.638436 187.860986
v 15.090838 -16.633797 186.433740
v 14.693903 -18.867806 187.861108
v 17.434500 -12.329733 -134.829701
v 16.610801 -12.320583 -140.853124
v 16.732263 -12.564114 -139.900516
v 16.953651 -12.543688 -138.461318
v 18.281966 -7.976886 -135.122585
v 17.660972 -7.981870 -140.657206
v 15.760761 -18.867838 182.788948
v 15.554077 -16.638182 184.216117
v 15.859399 -16.633643 182.788864
v 15.455665 -18.867821 184.215957
v 15.741796 -15.129683 -140.875317
v 16.705201 -15.104088 -134.751220
v 16.285066 -14.728966 -138.455099
v 16.058439 -14.751097 -139.898508
v 16.542284 -18.867327 179.143198
v 16.332415 -16.638820 180.568810
v 16.603284 -16.632313 179.141436
v 16.236206 -18.867798 180.570978
v 13.970623 -19.515982 -140.525846
v 14.946131 -19.657840 -135.078321
v 17.251081 -18.864195 175.514813
v 17.005897 -16.634825 176.941998
v 17.267184 -16.630186 175.514752
v 16.989816 -18.864195 176.942120
v 19.995866 -18.860129 156.048773
v 20.119406 -19.778350 155.064736
v 19.439469 -20.072056 161.248304
v 19.857360 -18.904884 157.437728
v 17.872287 -18.861265 172.121235
v 17.627104 -16.631895 173.548418
v 17.888391 -16.627256 172.121172
v 23.060767 -15.901346 32.641085
v 23.018815 -18.205011 31.214281
v 23.168380 -17.811315 10.622495
v 17.611023 -18.861265 173.548539
v 18.353515 -18.861157 168.543334
v 18.211388 -16.631787 169.970520
v 18.369773 -16.627149 168.543275
v 18.195158 -18.861157 169.970642
v 23.169284 -14.704612 24.741851
v 23.050552 -19.295884 24.777320
v 18.725983 -18.863965 165.186034
v 18.583855 -16.634595 166.613216
v 18.742240 -16.629956 165.185975
v 19.806045 -16.687588 157.523531
v 19.944090 -16.637566 156.050360
v 18.567625 -18.863965 166.613339
v 20.278011 -18.858370 150.147545
v 20.106205 -16.628999 151.574728
v 20.248110 -16.624361 150.147484
v 20.136038 -18.858370 151.574850
v 23.274126 -15.577293 9.195738
v 23.267190 -15.581269 10.623061
v 23.168584 -17.811447 9.195546
v 20.466780 -18.858489 146.571004
v 20.396224 -16.629118 147.998186
v 20.436924 -16.624479 146.570941
v 20.426016 -18.858488 147.998310
v 23.111592 -17.811419 7.317034
v 23.252735 -15.583427 5.897377
v 23.237226 -15.586517 7.323020
v 20.560752 -18.858610 143.280716
v 20.490196 -16.629240 144.707902
v 20.530897 -16.624602 143.280659
v 23.025111 -17.814025 5.893266
v 20.519988 -18.858610 144.708026
v 23.031188 -17.817659 4.025861
v 20.654723 -18.858733 139.990435
v 20.584168 -16.629362 141.417620
v 20.624868 -16.624723 139.990372
v 20.613961 -18.858733 141.417745
v 23.290595 -15.583650 2.598494
v 23.273701 -15.588289 4.025739
v 23.047578 -17.817659 2.598554
v 23.066989 -17.831130 0.780732
v 20.748696 -18.858885 136.700185
v 20.678725 -16.629565 138.127582
v 20.722656 -16.625352 136.700280
v 20.707932 -18.858854 138.127457
v 23.319916 -15.595610 -0.646923
v 20.842672 -18.859370 133.409846
v 20.782992 -16.630551 134.837361
v 20.829202 -16.626061 133.410191
v 20.801898 -18.859389 134.837540
v 20.939199 -18.860190 130.119836
v 20.889538 -16.630886 131.547187
v 20.935751 -16.626282 130.119907
v 20.895854 -18.860160 131.547821
v 21.045192 -18.860291 126.839183
v 20.995781 -16.630921 128.266369
v 21.041992 -16.626283 126.839123
v 20.998972 -18.860291 128.266490
v 21.151434 -18.860291 123.558399
v 21.102022 -16.630921 124.985584
v 21.148234 -16.626282 123.558337
v 21.105213 -18.860291 124.985706
v 21.259183 -18.860291 120.231079
v 21.209770 -16.630921 121.658264
v 21.255983 -16.626282 120.231018
v 21.212962 -18.860291 121.658385
v 21.352615 -18.860291 117.345849
v 21.303202 -16.630921 118.773035
#end 2286 vertices

#begin 6295 normals
vn 0.000000 0.957829 -0.287339
vn 0.000000 0.990352 -0.138576
vn -0.700284 0.700284 -0.138576
vn -0.957829 0.000000 -0.287339
vn -0.677287 0.677287 -0.287339
vn -0.700284 0.700284 -0.138576
vn -0.990352 0.000000 -0.138576
vn -0.677287 -0.677288 -0.287339
vn -0.957829 0.000000 -0.287339
vn -0.990352 0.000000 -0.138576
vn -0.700284 -0.700285 -0.138576
vn 0.000000 0.000000 -1.000000
vn 0.000000 0.000000 -1.000000
vn 0.000000 0.000000 -1.000000
vn 0.000000 0.000000 -1.000000
vn 0.000000 0.000000 -1.000000
vn 0.000000 0.000000 -1.000000
vn 0.000000 0.000000 -1.000000
vn 0.000000 0.000000 -1.000000
vn 0.000000 0.000000 -1.000000
vn 0.000000 0.000000 -1.000000
vn 0.000000 0.000000 -1.000000
vn 0.000000 0.000000 -1.000000
vn 0.000000 0.000000 -1.000000
vn 0.000000 0.000000 -1.000000
vn 0.000000 0.000000 -1.000000
vn 0.000000 0.000000 -1.000000
vn 0.000000 0.000000 -1.000000
vn 0.000000 0.000000 -1.000000
vn 0.000000 0.000000 -1.000000
vn 0.000000 0.000000 -1.000000
vn 0.000000 0.000000 -1.000000
vn 0.000000 0.000000 -1.000000
vn 0.000000 0.000000 -1.000000
vn 0.000000 0.000000 -1.000000
vn 0.000000 0.000000 -1.000000
vn 0.000000 0.000000 -1.000000
vn 0.000000 0.000000 -1.000000
vn 0.000000 0.000000 -1.000000
vn 0.000000 0.000000 -1.000000
vn 0.000000 0.000000 -1.000000
vn 0.000000 0.000000 -1.000000
vn 0.000000 0.000000 -1.000000
vn 0.000000 -0.994451 -0.105200
vn -0.701703 -0.702511 -0.118703
vn -0.705768 -0.706156 -0.056881
vn 0.000000 -0.999035 -0.043925
vn 0.701703 -0.702511 -0.118703
vn 0.000000 -0.994451 -0.105200
vn 0.000000 -0.999035 -0.043925
vn 0.705768 -0.706156 -0.056881
vn 0.988528 -0.001020 -0.151033
vn 0.701703 -0.702511 -0.118703
vn 0.705768 -0.706156 -0.056881
vn 0.702716 0.703558 -0.105809
vn 0.707186 0.699953 0.099769
vn 0.000117 0.995004 0.099831
vn 0.702716 0.703558 -0.105809
vn 0.995507 0.000416 -0.094685
vn 0.994503 -0.007268 0.104455
vn -0.947423 -0.296937 -0.119238
vn -0.947423 -0.296937 -0.119238
vn -0.947423 -0.296937 -0.119238
vn 0.707186 0.699953 0.099769
vn 0.995507 0.000416 -0.094685
vn 0.704699 -0.704690 -0.082527
vn -0.947423 -0.296937 -0.119238
vn -0.947423 -0.296937 -0.119238
vn -0.947423 -0.296937 -0.119238
vn 0.698872 -0.706274 0.112935
vn 0.994503 -0.007268 0.104455
vn 0.704699 -0.704690 -0.082527
vn 0.000000 0.000000 -1.000000
vn 0.000000 0.000000 -1.000000
vn 0.000000 0.000000 -1.000000
vn 0.000000 0.000000 -1.000000
vn 0.000000 -0.999035 -0.043925
vn 0.705768 -0.706156 -0.056881
vn -0.950525 -0.310171 -0.017222
vn -0.950525 -0.310171 -0.017222
vn -0.950525 -0.310171 -0.017222
vn 0.701703 -0.702511 -0.118703
vn 0.000000 -0.994451 -0.105200
vn -0.705768 -0.706156 -0.056881
vn -0.950525 -0.310171 -0.017222
vn -0.950525 -0.310171 -0.017222
vn -0.950525 -0.310171 -0.017222
vn 0.000000 -0.999035 -0.043925
vn 0.000000 -0.994451 -0.105200
vn -0.701703 -0.702511 -0.118703
vn -0.996118 -0.000587 -0.088024
vn -0.705768 -0.706156 -0.056881
vn -0.701703 -0.702511 -0.118703
vn -0.988528 -0.001020 -0.151033
vn -0.702479 0.701698 -0.118928
vn -0.996118 -0.000587 -0.088024
vn -0.982815 -0.183751 -0.017584
vn -0.982815 -0.183751 -0.017584
vn -0.982794 -0.183890 -0.017361
vn -0.988528 -0.001020 -0.151033
vn -0.695786 0.694562 -0.182933
vn 0.000000 0.991297 -0.131645
vn -0.982837 -0.183613 -0.017807
vn -0.982815 -0.183751 -0.017584
vn -0.982815 -0.183751 -0.017584
vn -0.702479 0.701698 -0.118928
vn -0.695786 0.694562 -0.182933
vn 0.000000 0.980603 -0.196005
vn 0.702479 0.701698 -0.118928
vn 0.000000 0.991297 -0.131645
vn 0.000000 0.980603 -0.196005
vn 0.695786 0.694562 -0.182933
vn 0.996118 -0.000587 -0.088024
vn 0.702479 0.701698 -0.118928
vn -0.982815 -0.183752 -0.017585
vn -0.982815 -0.183752 -0.017585
vn -0.982794 -0.183890 -0.017362
vn 0.695786 0.694562 -0.182933
vn 0.988528 -0.001020 -0.151033
vn 0.705768 -0.706156 -0.056881
vn -0.982837 -0.183614 -0.017807
vn -0.982815 -0.183752 -0.017585
vn -0.982815 -0.183752 -0.017585
vn 0.996118 -0.000587 -0.088024
vn 0.988528 -0.001020 -0.151033
vn 0.701703 -0.702511 -0.118703
vn 0.000000 -0.999846 0.017564
vn 0.707113 -0.707081 0.005224
vn 0.705768 -0.706156 -0.056881
vn 0.000000 -0.999035 -0.043925
vn -0.707113 -0.707081 0.005224
vn 0.000000 -0.999846 0.017564
vn -0.950525 -0.310171 -0.017222
vn -0.950525 -0.310171 -0.017222
vn -0.950525 -0.310171 -0.017222
vn 0.000000 -0.999035 -0.043925
vn -0.705768 -0.706156 -0.056881
vn -0.999698 -0.000151 -0.024558
vn -0.950525 -0.310171 -0.017222
vn -0.950525 -0.310171 -0.017222
vn -0.950525 -0.310171 -0.017222
vn -0.707113 -0.707081 0.005224
vn -0.705768 -0.706156 -0.056881
vn -0.996118 -0.000587 -0.088024
vn 0.000000 0.000000 -1.000000
vn -0.677627 -0.677627 -0.285731
vn -0.000000 -0.958310 -0.285731
vn -0.000000 -0.000000 -1.000000
vn -0.364309 0.325063 0.872704
vn 0.000066 0.480451 0.877021
vn -0.949945 -0.310123 -0.037800
vn -0.949945 -0.310123 -0.037800
vn -0.949945 -0.310123 -0.037800
vn 0.000275 -0.042876 0.999080
vn -0.699895 0.691582 0.178496
vn 0.000009 0.983377 0.181573
vn -0.949945 -0.310123 -0.037800
vn -0.949945 -0.310123 -0.037800
vn -0.949945 -0.310123 -0.037800
vn 0.000066 0.480451 0.877021
vn -0.364309 0.325063 0.872704
vn 0.698345 -0.706261 0.116232
vn -0.000130 -0.992947 0.118563
vn -0.000272 -0.977382 0.211480
vn 0.681059 -0.696453 0.226078
vn 0.696597 -0.696300 -0.172970
vn -0.000034 -0.983891 -0.178768
vn -0.000010 -0.996965 -0.077853
vn -0.949945 -0.310123 -0.037800
vn -0.949945 -0.310123 -0.037800
vn -0.949945 -0.310123 -0.037800
vn 0.704561 -0.704561 -0.084779
vn 0.000000 0.000000 -1.000000
vn 0.000000 0.000000 -1.000000
vn -0.949945 -0.310122 -0.037800
vn -0.949945 -0.310123 -0.037800
vn -0.949945 -0.310123 -0.037800
vn 0.000000 0.000000 -1.000000
vn 0.000000 0.000000 -1.000000
vn -0.000000 -0.958310 -0.285731
vn 0.677627 -0.677627 -0.285732
vn -0.000000 -0.000000 -1.000000
vn -0.504861 -0.039537 0.862295
vn -0.364309 0.325063 0.872704
vn 0.000275 -0.042876 0.999080
vn -0.985329 -0.009578 0.170397
vn -0.949945 -0.310123 -0.037800
vn -0.949945 -0.310123 -0.037800
vn -0.949945 -0.310123 -0.037800
vn -0.699895 0.691582 0.178496
vn -0.364309 0.325063 0.872704
vn -0.504861 -0.039537 0.862295
vn -0.949945 -0.310122 -0.037800
vn -0.949945 -0.310123 -0.037800
vn -0.949945 -0.310123 -0.037800
vn 0.994010 -0.007628 0.109022
vn 0.698345 -0.706261 0.116232
vn 0.681059 -0.696453 0.226078
vn 0.967297 -0.015543 0.253169
vn 0.987613 0.000390 -0.156908
vn 0.696597 -0.696300 -0.172970
vn 0.704561 -0.704561 -0.084779
vn 0.995205 0.000443 -0.097809
vn 0.000000 0.000000 -1.000000
vn -0.949945 -0.310123 -0.037800
vn -0.949945 -0.310123 -0.037800
vn -0.949945 -0.310123 -0.037800
vn 0.000000 0.000000 -1.000000
vn 0.000000 0.000000 -1.000000
vn 0.000000 0.000000 -1.000000
vn -0.949945 -0.310122 -0.037800
vn -0.949945 -0.310123 -0.037800
vn -0.949945 -0.310123 -0.037800
vn 0.677627 -0.677627 -0.285732
vn 0.958310 -0.000000 -0.285732
vn -0.000000 -0.000000 -1.000000
vn -0.956028 -0.279348 -0.089304
vn -0.935603 -0.321258 -0.146425
vn -0.873988 -0.442279 -0.201331
vn 0.925698 -0.330797 -0.183459
vn 0.943351 -0.297766 -0.146374
vn 0.890802 -0.408774 -0.198434
vn -0.949945 -0.310122 -0.037800
vn -0.949945 -0.310122 -0.037800
vn -0.949945 -0.310123 -0.037800
vn 0.999476 0.022884 0.022886
vn 0.943351 -0.297766 -0.146374
vn 0.925698 -0.330797 -0.183459
vn -0.949945 -0.310122 -0.037801
vn -0.949945 -0.310122 -0.037800
vn -0.949945 -0.310122 -0.037800
vn 0.890802 -0.408774 -0.198434
vn 0.943351 -0.297766 -0.146374
vn 0.969703 -0.232598 -0.074653
vn 0.704699 -0.704690 -0.082527
vn 0.995507 0.000416 -0.094685
vn 0.988016 0.000384 -0.154349
vn 0.696850 -0.696491 -0.171176
vn 0.000000 0.000000 -1.000000
vn 0.000000 0.000000 -1.000000
vn -0.949945 -0.310123 -0.037800
vn -0.949945 -0.310123 -0.037800
vn -0.949945 -0.310122 -0.037801
vn 0.000000 0.000000 -1.000000
vn 0.023374 0.922433 0.385450
vn -0.996460 0.062521 0.056209
vn -0.949945 -0.310123 -0.037800
vn -0.949945 -0.310123 -0.037800
vn -0.949945 -0.310123 -0.037800
vn -0.831185 0.511641 0.217614
vn 0.846888 0.493270 0.198656
vn 0.997887 0.051064 0.040185
vn 0.023374 0.922433 0.385450
vn 0.000000 0.000000 -1.000000
vn 0.000000 -0.000000 -1.000000
vn 0.677627 -0.677627 -0.285731
vn 0.958310 -0.000000 -0.285731
vn -0.677627 -0.677627 -0.285732
vn -0.952852 -0.302077 -0.028696
vn -0.952852 -0.302077 -0.028696
vn -0.954238 -0.296636 -0.037920
vn -0.958310 -0.000000 -0.285732
vn 0.724617 0.689152 0.000000
vn -0.831185 0.511641 0.217614
vn -0.951355 -0.307482 -0.019468
vn -0.952852 -0.302077 -0.028696
vn -0.952852 -0.302077 -0.028696
vn -0.996460 0.062521 0.056209
vn -0.999199 0.027184 0.029357
vn 0.999476 0.022884 0.022886
vn 0.997887 0.051064 0.040185
vn 0.846888 0.493270 0.198656
vn -0.000275 -0.042876 0.999080
vn -0.364784 0.325425 0.872371
vn -0.000066 0.480451 0.877021
vn 0.997887 0.051064 0.040185
vn -0.958562 -0.284268 -0.018745
vn -0.958562 -0.284268 -0.018745
vn -0.958586 -0.284176 -0.018900
vn -0.999199 0.027184 0.029357
vn -0.996460 0.062521 0.056209
vn -0.922781 -0.342662 -0.176235
vn -0.958538 -0.284359 -0.018590
vn -0.958562 -0.284268 -0.018745
vn -0.958562 -0.284268 -0.018745
vn 0.846888 0.493270 0.198656
vn 0.023374 0.922433 0.385450
vn -0.831185 0.511641 0.217614
vn -0.935603 -0.321258 -0.146425
vn 0.724617 0.212960 -0.655422
vn 0.724617 0.557535 -0.405073
vn -0.724617 0.557535 -0.405073
vn -0.724617 0.212960 -0.655422
vn 1.000000 0.000000 0.000000
vn -0.952558 -0.282340 -0.113650
vn -0.952558 -0.282340 -0.113650
vn -0.952558 -0.282340 -0.113650
vn 1.000000 0.000000 0.000000
vn 0.724617 0.557535 0.405073
vn -0.724617 0.557535 0.405073
vn -0.952558 -0.282340 -0.113650
vn -0.952558 -0.282340 -0.113650
vn -0.952558 -0.282340 -0.113650
vn -0.724617 0.689152 0.000000
vn -0.922781 -0.342662 -0.176235
vn -0.873988 -0.442279 -0.201331
vn -0.935603 -0.321258 -0.146425
vn 0.000000 -0.958310 -0.285731
vn -0.677627 -0.677627 -0.285732
vn -0.700284 -0.700285 -0.138576
vn 0.000000 -0.990352 -0.138576
vn 0.677627 -0.677627 -0.285731
vn -0.952558 -0.282341 -0.113650
vn -0.952558 -0.282341 -0.113650
vn -0.952558 -0.282340 -0.113650
vn 0.000000 -0.958310 -0.285731
vn 0.000000 -0.990352 -0.138576
vn 0.700284 -0.700284 -0.138576
vn -0.952558 -0.282341 -0.113649
vn -0.952558 -0.282341 -0.113650
vn -0.952558 -0.282341 -0.113650
vn 0.958310 -0.000000 -0.285731
vn 0.677627 -0.677627 -0.285731
vn 0.700284 -0.700284 -0.138576
vn 0.990352 -0.000000 -0.138576
vn 0.677627 0.677627 -0.285732
vn 0.958310 -0.000000 -0.285731
vn 0.990352 -0.000000 -0.138576
vn 0.700285 0.700284 -0.138576
vn 0.000000 0.958310 -0.285732
vn -0.952559 -0.282340 -0.113650
vn -0.952559 -0.282340 -0.113650
vn -0.952558 -0.282341 -0.113649
vn 0.677627 0.677627 -0.285732
vn 0.700285 0.700284 -0.138576
vn 0.000000 0.990352 -0.138576
vn -0.952559 -0.282340 -0.113650
vn -0.952559 -0.282340 -0.113650
vn -0.952559 -0.282340 -0.113650
vn -0.677627 0.677627 -0.285732
vn 0.000000 0.958310 -0.285732
vn 0.000000 0.990352 -0.138576
vn -0.700284 0.700284 -0.138576
vn -0.958310 -0.000000 -0.285732
vn -0.677627 0.677627 -0.285732
vn -0.700284 0.700284 -0.138576
vn -0.990352 -0.000000 -0.138576
vn -0.677627 -0.677627 -0.285732
vn -0.952558 -0.282340 -0.113650
vn -0.952558 -0.282340 -0.113650
vn -0.952558 -0.282341 -0.113650
vn -0.958310 -0.000000 -0.285732
vn -0.990352 -0.000000 -0.138576
vn -0.700284 -0.700285 -0.138576
vn -0.952558 -0.282340 -0.113650
vn -0.952558 -0.282340 -0.113650
vn -0.952558 -0.282340 -0.113650
vn 0.000000 0.000000 -1.000000
vn 0.000000 0.000000 -1.000000
vn 0.000000 0.000000 -1.000000
vn 0.000000 0.000000 -1.000000
vn 0.000000 0.000000 -1.000000
vn 0.000000 0.000000 -1.000000
vn 0.000000 0.000000 -1.000000
vn 0.000000 0.000000 -1.000000
vn 0.000000 0.000000 -1.000000
vn -0.952558 -0.282341 -0.113650
vn -0.952558 -0.282341 -0.113650
vn -0.952558 -0.282340 -0.113650
vn 0.000000 0.000000 -1.000000
vn 0.000000 0.000000 -1.000000
vn 0.000000 0.000000 -1.000000
vn -0.952558 -0.282341 -0.113650
vn -0.952558 -0.282341 -0.113650
vn -0.952558 -0.282341 -0.113650
vn 0.000000 0.000000 -1.000000
vn 0.000000 0.000000 -1.000000
vn 0.000000 0.000000 -1.000000
vn 0.000000 0.000000 -1.000000
vn 0.000000 0.000000 -1.000000
vn 0.000000 0.000000 -1.000000
vn 0.000000 0.000000 -1.000000
vn 0.000000 0.000000 -1.000000
vn 0.000000 0.000000 -1.000000
vn -0.952559 -0.282340 -0.113650
vn -0.952559 -0.282340 -0.113650
vn -0.952559 -0.282340 -0.113650
vn 0.000000 0.000000 -1.000000
vn 0.000000 0.000000 -1.000000
vn 0.000000 0.000000 -1.000000
vn -0.952558 -0.282340 -0.113650
vn -0.952559 -0.282340 -0.113650
vn -0.952559 -0.282340 -0.113650
vn 0.000000 0.000000 -1.000000
vn 0.000000 0.000000 -1.000000
vn 0.000000 0.000000 -1.000000
vn 0.000000 0.000000 -1.000000
vn 0.000000 0.000000 -1.000000
vn 0.000000 0.000000 -1.000000
vn -0.701703 -0.702511 -0.118703
vn -0.705768 -0.706156 -0.056881
vn 0.000000 -0.999035 -0.043925
vn -0.952558 -0.282341 -0.113650
vn -0.952558 -0.282341 -0.113650
vn -0.952558 -0.282341 -0.113650
vn 0.701703 -0.702511 -0.118703
vn 0.000000 -0.994451 -0.105200
vn 0.000000 -0.999035 -0.043925
vn -0.952558 -0.282340 -0.113650
vn -0.952558 -0.282341 -0.113650
vn -0.952558 -0.282341 -0.113650
vn 0.000000 0.000000 -1.000000
vn 0.000000 0.000000 -1.000000
vn 0.000000 -0.994451 -0.105200
vn 0.705768 -0.706156 -0.056881
vn 0.988528 -0.001020 -0.151033
vn 0.701703 -0.702511 -0.118703
vn 0.705768 -0.706156 -0.056881
vn 0.996118 -0.000587 -0.088024
vn 0.695786 0.694562 -0.182933
vn -0.952558 -0.282340 -0.113650
vn -0.952558 -0.282340 -0.113650
vn -0.952558 -0.282340 -0.113650
vn 0.988528 -0.001020 -0.151033
vn 0.996118 -0.000587 -0.088024
vn 0.702479 0.701698 -0.118928
vn -0.952558 -0.282340 -0.113650
vn -0.952558 -0.282340 -0.113650
vn -0.952558 -0.282340 -0.113650
vn 0.000000 0.980603 -0.196005
vn 0.695786 0.694562 -0.182933
vn 0.702479 0.701698 -0.118928
vn 0.000000 0.991297 -0.131645
vn -0.695786 0.694562 -0.182933
vn 0.000000 0.980603 -0.196005
vn -0.695786 0.694562 -0.182933
vn -0.702479 0.701698 -0.118928
vn -0.996118 -0.000587 -0.088024
vn -0.952558 -0.282340 -0.113650
vn -0.952558 -0.282340 -0.113650
vn -0.952558 -0.282340 -0.113650
vn -0.701703 -0.702511 -0.118703
vn -0.988528 -0.001020 -0.151033
vn -0.996118 -0.000587 -0.088024
vn -0.952558 -0.282341 -0.113650
vn -0.952558 -0.282340 -0.113650
vn -0.952558 -0.282340 -0.113650
vn 0.000000 0.991297 -0.131645
vn -0.702479 0.701698 -0.118928
vn -0.988528 -0.001020 -0.151033
vn -0.705768 -0.706156 -0.056881
vn 0.000000 -0.999035 -0.043925
vn -0.705768 -0.706156 -0.056881
vn -0.707113 -0.707081 0.005224
vn 0.000000 -0.999846 0.017564
vn 0.705768 -0.706156 -0.056881
vn -0.952558 -0.282340 -0.113650
vn -0.952558 -0.282340 -0.113650
vn -0.952558 -0.282341 -0.113650
vn 0.000000 -0.999035 -0.043925
vn 0.000000 -0.999846 0.017564
vn 0.707113 -0.707081 0.005224
vn -0.952558 -0.282340 -0.113650
vn -0.952558 -0.282340 -0.113650
vn -0.952558 -0.282340 -0.113650
vn 0.996118 -0.000587 -0.088024
vn 0.705768 -0.706156 -0.056881
vn 0.707113 -0.707081 0.005224
vn 0.999698 -0.000151 -0.024558
vn 0.702479 0.701698 -0.118928
vn 0.996118 -0.000587 -0.088024
vn 0.702479 0.701698 -0.118928
vn 0.706231 0.705897 -0.054281
vn 0.000000 0.997782 -0.066563
vn -0.951909 -0.283752 -0.115564
vn -0.951909 -0.283752 -0.115564
vn -0.951781 -0.284982 -0.113567
vn -0.702479 0.701698 -0.118928
vn 0.000000 0.991297 -0.131645
vn 0.000000 0.997782 -0.066563
vn -0.952031 -0.282519 -0.117561
vn -0.951909 -0.283752 -0.115564
vn -0.951909 -0.283752 -0.115564
vn 0.999698 -0.000151 -0.024558
vn 0.706231 0.705897 -0.054281
vn 0.000000 0.991297 -0.131645
vn -0.706231 0.705897 -0.054281
vn -0.996118 -0.000587 -0.088024
vn -0.702479 0.701698 -0.118928
vn -0.996118 -0.000587 -0.088024
vn -0.999698 -0.000151 -0.024558
vn -0.707113 -0.707081 0.005224
vn -0.949670 -0.290811 -0.116432
vn -0.949670 -0.290811 -0.116432
vn -0.949459 -0.292723 -0.113317
vn -0.995205 0.000443 -0.097809
vn -0.702516 0.703429 -0.107974
vn -0.706964 0.699718 0.102936
vn -0.949868 -0.288894 -0.119545
vn -0.949670 -0.290811 -0.116432
vn -0.949670 -0.290811 -0.116432
vn -0.706231 0.705897 -0.054281
vn -0.999698 -0.000151 -0.024558
vn -0.705768 -0.706156 -0.056881
vn -0.994010 -0.007628 0.109022
vn -0.702516 0.703429 -0.107974
vn 0.000027 0.993849 -0.110741
vn 0.000010 -0.996965 -0.077853
vn 0.000130 -0.992947 0.118563
vn 0.698872 -0.706274 0.112935
vn -0.947603 -0.296600 -0.118648
vn -0.947603 -0.296600 -0.118648
vn -0.947561 -0.296979 -0.118029
vn 0.000010 -0.996965 -0.077853
vn -0.704561 -0.704561 -0.084779
vn -0.698345 -0.706261 0.116232
vn -0.947644 -0.296220 -0.119266
vn -0.947603 -0.296600 -0.118648
vn -0.947603 -0.296600 -0.118648
vn 0.000117 0.995004 0.099831
vn -0.706964 0.699718 0.102936
vn 0.000027 0.993849 -0.110741
vn -0.996118 -0.000587 -0.088024
vn -0.988528 -0.001020 -0.151033
vn -0.695787 0.694562 -0.182933
vn 0.000000 0.991297 -0.131645
vn -0.702479 0.701698 -0.118929
vn -0.695787 0.694562 -0.182933
vn -0.869745 0.293655 0.396624
vn -0.869745 0.293655 0.396624
vn -0.866924 0.283327 0.410084
vn -0.869745 0.293655 0.396624
vn -0.869745 0.293655 0.396624
vn -0.872308 0.303897 0.383047
vn 0.000000 0.980603 -0.196005
vn 0.702479 0.701698 -0.118928
vn 0.000000 0.991297 -0.131645
vn 0.000000 0.980603 -0.196005
vn 0.950525 -0.310171 -0.017222
vn 0.000000 0.908062 0.418836
vn 0.000000 0.985713 0.168431
vn 0.000000 0.868623 0.495474
vn 0.806948 0.543896 0.230245
vn -0.935492 0.314655 0.160771
vn -0.991240 0.124397 -0.044372
vn 0.935492 0.314655 0.160771
vn 0.000000 0.908062 0.418836
vn 0.000000 0.868623 0.495474
vn -0.941837 0.006012 0.336017
vn -0.941837 0.006012 0.336017
vn -0.920501 0.145068 0.362813
vn -0.920501 0.145068 0.362813
vn 1.000000 0.000000 0.000000
vn 1.000000 0.000000 0.000000
vn -0.701703 -0.702511 -0.118703
vn 0.724617 0.212960 -0.655422
vn 0.724617 -0.212960 -0.655422
vn 0.677287 -0.677288 -0.287339
vn 0.000000 -0.990352 -0.138576
vn 0.700284 0.700284 -0.138576
vn 0.990352 0.000000 -0.138576
vn 0.961729 0.273189 -0.021105
vn 0.950525 -0.310171 -0.017222
vn 0.000000 0.868623 0.495474
vn 0.935492 0.314655 0.160771
vn -0.806948 0.543896 0.230245
vn 0.806948 0.543896 0.230245
vn -0.916813 0.049155 0.396280
vn -0.916813 0.049155 0.396280
vn -0.904694 0.026974 0.425207
vn -0.880286 0.281149 0.382168
vn -0.880286 0.281149 0.382168
vn -0.920501 0.145068 0.362813
vn -0.920501 0.145068 0.362813
vn 0.935492 0.314655 0.160771
vn 0.991240 0.124397 -0.044372
vn 0.997406 -0.027325 -0.066593
vn 0.999869 -0.014469 0.007212
vn -0.916813 0.049155 0.396280
vn -0.916813 0.049155 0.396280
vn -0.927579 0.071265 0.366768
vn -0.806948 0.543896 0.230245
vn 0.999869 -0.014469 0.007212
vn 0.000000 0.908062 0.418836
vn -0.935492 0.314655 0.160771
vn 0.000000 0.868623 0.495474
vn 0.000000 0.908062 0.418836
vn -0.915696 -0.036906 0.400173
vn -0.915696 -0.036906 0.400173
vn -0.918349 -0.032620 0.394426
vn 0.950525 -0.310171 -0.017222
vn -0.961729 0.273189 -0.021105
vn 0.957471 -0.285685 -0.040414
vn -0.912990 -0.041189 0.405896
vn -0.915696 -0.036906 0.400173
vn -0.915696 -0.036906 0.400173
vn -0.935492 0.314655 0.160771
vn 0.957471 -0.285685 -0.040414
vn -0.806948 0.543896 0.230245
vn -0.997406 -0.027325 -0.066593
vn -0.991240 0.124397 -0.044372
vn 0.999767 -0.021479 0.002282
vn 0.806948 0.543896 0.230245
vn 0.950525 -0.310171 -0.017222
vn 0.000000 0.985713 0.168431
vn -0.961421 -0.078018 0.263786
vn -0.961421 -0.078018 0.263786
vn -0.958689 -0.083474 0.271934
vn 0.999837 -0.017468 0.004566
vn 0.000000 -0.990352 -0.138576
vn 0.700284 -0.700285 -0.138576
vn -0.964053 -0.072555 0.255611
vn -0.961421 -0.078018 0.263786
vn -0.961421 -0.078018 0.263786
vn 0.677287 -0.677288 -0.287339
vn 0.000000 -0.957829 -0.287339
vn -0.700284 -0.700285 -0.138576
vn 0.000000 -0.990352 -0.138576
vn 0.000000 -0.957829 -0.287339
vn -0.677287 -0.677288 -0.287339
vn -0.990352 0.000000 -0.138576
vn -0.700284 -0.700285 -0.138576
vn -0.677287 -0.677288 -0.287339
vn -0.964365 -0.084029 0.250877
vn -0.964365 -0.084029 0.250877
vn -0.964387 -0.083982 0.250806
vn -0.957829 0.000000 -0.287339
vn -0.700284 0.700284 -0.138576
vn -0.990352 0.000000 -0.138576
vn -0.964343 -0.084076 0.250947
vn -0.964365 -0.084029 0.250877
vn -0.964365 -0.084029 0.250877
vn -0.957829 0.000000 -0.287339
vn -0.677287 0.677287 -0.287339
vn 0.000000 0.990352 -0.138576
vn -0.700284 0.700284 -0.138576
vn -0.677287 0.677287 -0.287339
vn 0.000000 0.957829 -0.287339
vn 0.700284 0.700284 -0.138576
vn 0.000000 0.990352 -0.138576
vn 0.000000 0.957829 -0.287339
vn -0.974235 -0.055084 0.218706
vn -0.974235 -0.055084 0.218706
vn -0.977842 -0.045572 0.204322
vn 0.677287 0.677287 -0.287339
vn 0.990352 0.000000 -0.138576
vn 0.700284 0.700284 -0.138576
vn -0.970325 -0.064579 0.233022
vn -0.974235 -0.055084 0.218706
vn -0.974235 -0.055084 0.218706
vn 0.677287 0.677287 -0.287339
vn 0.957829 0.000000 -0.287339
vn 0.700284 -0.700285 -0.138576
vn 0.990352 0.000000 -0.138576
vn 0.957829 0.000000 -0.287339
vn 0.677287 -0.677288 -0.287339
vn 0.000000 0.000000 -1.000000
vn 0.000000 0.000000 -1.000000
vn 0.000000 0.000000 -1.000000
vn -0.977945 -0.043197 0.204347
vn -0.977945 -0.043197 0.204347
vn -0.977945 -0.043197 0.204347
vn 0.000000 0.000000 -1.000000
vn 0.000000 0.000000 -1.000000
vn 0.000000 0.000000 -1.000000
vn -0.977945 -0.043197 0.204347
vn -0.977945 -0.043197 0.204347
vn -0.977945 -0.043197 0.204347
vn 0.000000 0.000000 -1.000000
vn 0.000000 0.000000 -1.000000
vn 0.000000 0.000000 -1.000000
vn 0.000000 0.000000 -1.000000
vn 0.000000 0.000000 -1.000000
vn 0.000000 0.000000 -1.000000
vn 0.000000 0.000000 -1.000000
vn 0.000000 0.000000 -1.000000
vn 0.000000 0.000000 -1.000000
vn -0.976991 -0.043131 0.208873
vn -0.976991 -0.043131 0.208873
vn -0.976993 -0.043125 0.208864
vn 0.000000 0.000000 -1.000000
vn 0.000000 0.000000 -1.000000
vn 0.000000 0.000000 -1.000000
vn -0.976989 -0.043137 0.208882
vn -0.976991 -0.043131 0.208873
vn -0.976991 -0.043131 0.208873
vn 0.000000 0.000000 -1.000000
vn 0.000000 0.000000 -1.000000
vn 0.000000 0.000000 -1.000000
vn 0.000000 0.000000 -1.000000
vn 0.000000 0.000000 -1.000000
vn 0.000000 0.000000 -1.000000
vn 0.000000 0.000000 -1.000000
vn 0.000000 0.000000 -1.000000
vn 0.000000 0.000000 -1.000000
vn -0.979631 -0.034314 0.197855
vn -0.979631 -0.034314 0.197855
vn -0.982139 -0.026659 0.186256
vn 0.000000 0.000000 -1.000000
vn 0.000000 0.000000 -1.000000
vn 0.000000 0.000000 -1.000000
vn -0.976926 -0.041963 0.209413
vn -0.979631 -0.034314 0.197855
vn -0.979631 -0.034314 0.197855
vn 0.000000 0.000000 -1.000000
vn 0.000000 0.000000 -1.000000
vn 0.000000 -0.999035 -0.043925
vn 0.705768 -0.706156 -0.056881
vn 0.701703 -0.702511 -0.118703
vn 0.000000 -0.994451 -0.105200
vn -0.705768 -0.706156 -0.056881
vn 0.000000 -0.999035 -0.043925
vn 0.000000 -0.994451 -0.105200
vn -0.983632 -0.007085 0.180051
vn -0.983632 -0.007085 0.180051
vn -0.983632 -0.007085 0.180051
vn -0.701703 -0.702511 -0.118703
vn -0.996118 -0.000587 -0.088024
vn -0.705768 -0.706156 -0.056881
vn -0.983632 -0.007085 0.180051
vn -0.983632 -0.007085 0.180051
vn -0.983632 -0.007085 0.180051
vn -0.701703 -0.702511 -0.118703
vn -0.988528 -0.001020 -0.151033
vn -0.702479 0.701698 -0.118929
vn 0.950525 -0.310171 -0.017222
vn 0.950525 -0.310171 -0.017222
vn 0.950525 -0.310171 -0.017222
vn 0.979463 -0.201606 -0.002573
vn 0.970010 -0.241087 -0.030943
vn 0.970749 -0.240069 -0.003565
vn -0.983632 -0.007085 0.180051
vn -0.983632 -0.007085 0.180051
vn -0.983632 -0.007085 0.180051
vn 0.967691 -0.252127 -0.002629
vn 0.999837 -0.017468 0.004566
vn 0.999874 -0.015786 0.001937
vn -0.983632 -0.007085 0.180051
vn -0.983632 -0.007085 0.180051
vn -0.983632 -0.007085 0.180051
vn 0.999791 -0.019150 0.007196
vn 0.999837 -0.017468 0.004566
vn 0.950525 -0.310171 -0.017222
vn 0.950525 -0.310171 -0.017222
vn 0.950525 -0.310171 -0.017222
vn 0.950525 -0.310171 -0.017222
vn 0.991240 0.124397 -0.044372
vn 0.966961 -0.253151 -0.030010
vn 0.960278 -0.271711 -0.063558
vn -0.993876 -0.007230 0.110269
vn -0.993876 -0.007230 0.110269
vn -0.993875 -0.007230 0.110269
vn 0.953957 -0.299448 -0.017240
vn 0.970010 -0.241087 -0.030943
vn 0.966961 -0.253151 -0.030010
vn -0.993876 -0.007229 0.110269
vn -0.993876 -0.007230 0.110269
vn -0.993876 -0.007230 0.110269
vn 0.999413 -0.022479 -0.025869
vn 0.978797 -0.202630 -0.029972
vn 0.999837 -0.017468 0.004566
vn -0.730846 0.561044 -0.388708
vn 0.000000 0.317741 -0.948177
vn 0.730846 0.561044 -0.388708
vn 0.999413 -0.022479 -0.025869
vn 0.952705 0.303895 -0.001025
vn 0.952705 0.303895 -0.001025
vn -0.993875 -0.007230 0.110270
vn -0.993875 -0.007230 0.110270
vn -0.993875 -0.007230 0.110270
vn 0.999767 -0.021479 0.002282
vn 0.979463 -0.201606 -0.002573
vn 0.970749 -0.240069 -0.003565
vn -0.993875 -0.007229 0.110269
vn -0.993875 -0.007230 0.110270
vn -0.993875 -0.007230 0.110270
vn 0.970010 -0.241087 -0.030943
vn 0.978797 -0.202630 -0.029972
vn 0.950525 -0.310171 -0.017222
vn -0.702479 0.701698 -0.118929
vn 0.000000 0.991297 -0.131645
vn 0.706231 0.705897 -0.054281
vn 0.000000 0.997782 -0.066563
vn 0.000000 0.991297 -0.131645
vn 0.702479 0.701698 -0.118928
vn -0.995001 0.013320 0.098972
vn -0.995001 0.013320 0.098972
vn -0.995001 0.013320 0.098972
vn 0.999698 -0.000151 -0.024558
vn 0.706231 0.705897 -0.054281
vn 0.702479 0.701698 -0.118928
vn -0.995001 0.013320 0.098972
vn -0.995001 0.013320 0.098972
vn -0.995001 0.013320 0.098972
vn 0.996118 -0.000587 -0.088024
vn 0.707113 -0.707081 0.005224
vn 0.999698 -0.000151 -0.024558
vn 0.996118 -0.000587 -0.088024
vn 0.705768 -0.706156 -0.056881
vn 0.994010 -0.007628 0.109022
vn 0.706964 0.699718 0.102937
vn 0.702516 0.703429 -0.107974
vn 0.995205 0.000443 -0.097809
vn -0.999503 0.013358 0.028546
vn -0.999503 0.013358 0.028546
vn -0.999503 0.013358 0.028546
vn 0.706964 0.699718 0.102937
vn -0.000117 0.995004 0.099831
vn -0.000027 0.993849 -0.110741
vn -0.999503 0.013358 0.028546
vn -0.999503 0.013358 0.028546
vn -0.999503 0.013358 0.028546
vn 0.702516 0.703429 -0.107974
vn -0.000117 0.995004 0.099831
vn -0.707186 0.699953 0.099769
vn -0.702716 0.703558 -0.105809
vn -0.000027 0.993849 -0.110741
vn -0.707186 0.699953 0.099769
vn -0.994503 -0.007268 0.104455
vn -0.995507 0.000416 -0.094685
vn -0.702716 0.703558 -0.105809
vn -0.999503 0.013358 0.028546
vn -0.999503 0.013358 0.028546
vn -0.999503 0.013358 0.028546
vn -0.994503 -0.007268 0.104455
vn -0.698872 -0.706274 0.112935
vn -0.704699 -0.704690 -0.082527
vn -0.999503 0.013358 0.028546
vn -0.999503 0.013358 0.028546
vn -0.999503 0.013358 0.028546
vn -0.995507 0.000416 -0.094685
vn -0.698872 -0.706274 0.112935
vn -0.000130 -0.992947 0.118563
vn -0.000010 -0.996965 -0.077853
vn -0.704699 -0.704690 -0.082527
vn -0.000130 -0.992947 0.118563
vn 0.698345 -0.706261 0.116232
vn 0.704561 -0.704561 -0.084779
vn -0.000010 -0.996965 -0.077853
vn -0.999503 0.013359 0.028545
vn -0.999503 0.013359 0.028545
vn -0.999503 0.013358 0.028545
vn 0.698345 -0.706261 0.116232
vn 0.994010 -0.007628 0.109022
vn 0.995205 0.000443 -0.097809
vn -0.999503 0.013359 0.028545
vn -0.999503 0.013359 0.028545
vn -0.999503 0.013359 0.028545
vn 0.704561 -0.704561 -0.084779
vn -0.349456 -0.389280 0.852257
vn -0.504861 -0.039537 0.862295
vn 0.000275 -0.042876 0.999080
vn -0.692314 -0.703146 0.162133
vn -0.985329 -0.009578 0.170397
vn -0.504861 -0.039537 0.862295
vn -0.349456 -0.389280 0.852257
vn 0.706964 0.699718 0.102937
vn -0.999483 0.012372 0.029671
vn -0.999483 0.012372 0.029671
vn -0.999458 0.011651 0.030796
vn 0.994010 -0.007628 0.109022
vn 0.967297 -0.015543 0.253169
vn 0.686970 0.671385 0.278054
vn -0.999507 0.013093 0.028546
vn -0.999483 0.012372 0.029671
vn -0.999483 0.012372 0.029671
vn 0.699937 0.700407 -0.139708
vn 0.987613 0.000390 -0.156908
vn 0.995205 0.000443 -0.097809
vn 0.000027 0.993849 -0.110741
vn 0.000117 0.995004 0.099831
vn -0.706964 0.699718 0.102937
vn 0.000027 0.993849 -0.110741
vn 0.702716 0.703558 -0.105809
vn 0.707186 0.699953 0.099769
vn -0.999510 0.007252 0.030464
vn -0.999510 0.007252 0.030464
vn -0.999457 0.006024 0.032380
vn 0.000117 0.995004 0.099831
vn 0.702716 0.703558 -0.105809
vn 0.995507 0.000416 -0.094685
vn -0.999556 0.008481 0.028547
vn -0.999510 0.007252 0.030464
vn -0.999510 0.007252 0.030464
vn 0.994503 -0.007268 0.104455
vn 0.707186 0.699953 0.099769
vn 0.995507 0.000416 -0.094685
vn 0.704699 -0.704690 -0.082527
vn 0.698872 -0.706274 0.112935
vn 0.994503 -0.007268 0.104455
vn 0.704699 -0.704690 -0.082527
vn 0.000010 -0.996965 -0.077853
vn 0.000130 -0.992947 0.118563
vn -0.999506 0.002191 0.031353
vn -0.999506 0.002191 0.031353
vn -0.999475 0.001542 0.032366
vn 0.698872 -0.706274 0.112935
vn 0.000010 -0.996965 -0.077853
vn -0.704561 -0.704561 -0.084779
vn -0.999536 0.002840 0.030340
vn -0.999506 0.002191 0.031353
vn -0.999506 0.002191 0.031353
vn -0.698345 -0.706261 0.116232
vn 0.000130 -0.992947 0.118563
vn -0.704561 -0.704561 -0.084779
vn -0.995205 0.000443 -0.097809
vn -0.994010 -0.007628 0.109022
vn -0.698345 -0.706261 0.116232
vn -0.000275 -0.042876 0.999080
vn 0.504861 -0.039537 0.862295
vn 0.349456 -0.389280 0.852257
vn -0.999475 0.001433 0.032366
vn -0.999475 0.001433 0.032366
vn -0.999475 0.001433 0.032366
vn 0.349456 -0.389280 0.852257
vn 0.504861 -0.039537 0.862295
vn 0.985329 -0.009578 0.170397
vn -0.999475 0.001433 0.032366
vn -0.999475 0.001433 0.032366
vn -0.999475 0.001433 0.032366
vn 0.692314 -0.703146 0.162133
vn -0.686970 0.671385 0.278054
vn -0.967297 -0.015543 0.253169
vn -0.994010 -0.007628 0.109022
vn -0.706964 0.699718 0.102937
vn -0.702516 0.703429 -0.107974
vn -0.995205 0.000443 -0.097809
vn -0.987613 0.000390 -0.156908
vn -0.699937 0.700407 -0.139708
vn -0.999475 0.001432 0.032366
vn -0.999475 0.001432 0.032366
vn -0.999475 0.001432 0.032366
vn 0.000000 0.000000 -1.000000
vn 0.000000 0.000000 -1.000000
vn 0.000000 0.000000 -1.000000
vn -0.999475 0.001433 0.032366
vn -0.999475 0.001432 0.032366
vn -0.999475 0.001432 0.032366
vn 0.000000 0.000000 -1.000000
vn -0.000000 -0.000000 -1.000000
vn -0.677287 0.677287 -0.287339
vn -0.957829 0.000000 -0.287339
vn -0.000275 -0.042876 0.999080
vn 0.349456 -0.389280 0.852257
vn -0.000071 -0.529813 0.848115
vn -0.000071 -0.529813 0.848115
vn 0.349456 -0.389280 0.852257
vn -0.999475 0.001433 0.032366
vn -0.999475 0.001433 0.032366
vn -0.999475 0.001433 0.032366
vn 0.692314 -0.703146 0.162133
vn -0.000015 -0.987362 0.158482
vn 0.000201 0.958434 0.285313
vn -0.999475 0.001433 0.032366
vn -0.999475 0.001433 0.032366
vn -0.999475 0.001433 0.032366
vn -0.686970 0.671385 0.278054
vn -0.706964 0.699718 0.102937
vn 0.000117 0.995004 0.099831
vn 0.000027 0.993849 -0.110741
vn -0.702516 0.703429 -0.107974
vn -0.699937 0.700407 -0.139708
vn 0.000025 0.991288 -0.131713
vn 0.000000 0.000000 -1.000000
vn 0.000000 0.000000 -1.000000
vn -0.999475 0.001433 0.032366
vn -0.999475 0.001433 0.032366
vn -0.999475 0.001433 0.032366
vn 0.000000 0.000000 -1.000000
vn 0.000000 0.000000 -1.000000
vn -0.000000 -0.000000 -1.000000
vn -0.999475 0.001433 0.032366
vn -0.999475 0.001433 0.032366
vn -0.999475 0.001433 0.032366
vn 0.000000 0.957829 -0.287339
vn -0.677287 0.677287 -0.287339
vn -0.000275 -0.042876 0.999080
vn -0.000071 -0.529813 0.848115
vn -0.349929 -0.389593 0.851920
vn -0.349929 -0.389593 0.851920
vn -0.000071 -0.529813 0.848115
vn -0.000015 -0.987362 0.158482
vn -0.692426 -0.703189 0.161467
vn -0.999475 0.001432 0.032365
vn -0.999475 0.001432 0.032365
vn -0.999475 0.001432 0.032366
vn 0.688632 0.673141 0.269569
vn 0.000201 0.958434 0.285313
vn 0.000117 0.995004 0.099831
vn -0.999475 0.001433 0.032365
vn -0.999475 0.001432 0.032365
vn -0.999475 0.001432 0.032365
vn 0.707186 0.699953 0.099769
vn 0.702716 0.703558 -0.105809
vn 0.000027 0.993849 -0.110741
vn 0.000025 0.991288 -0.131713
vn 0.700146 0.700560 -0.137884
vn 0.000000 0.000000 -1.000000
vn 0.000000 0.000000 -1.000000
vn 0.000000 0.000000 -1.000000
vn 0.000000 0.000000 -1.000000
vn -0.999475 0.001433 0.032366
vn -0.999475 0.001433 0.032366
vn -0.999475 0.001433 0.032366
vn -0.000000 -0.000000 -1.000000
vn 0.677287 0.677287 -0.287339
vn 0.000000 0.957829 -0.287339
vn -0.999475 0.001433 0.032366
vn -0.999475 0.001433 0.032366
vn -0.999475 0.001433 0.032366
vn -0.000275 -0.042876 0.999080
vn -0.349929 -0.389593 0.851920
vn -0.505671 -0.039509 0.861821
vn -0.505671 -0.039509 0.861821
vn -0.349929 -0.389593 0.851920
vn -0.692426 -0.703189 0.161467
vn -0.985500 -0.009521 0.169410
vn 0.970463 -0.014804 0.240796
vn 0.688632 0.673141 0.269569
vn -0.999091 0.001438 0.042603
vn -0.999091 0.001438 0.042603
vn -0.999091 0.001438 0.042603
vn 0.707186 0.699953 0.099769
vn 0.994503 -0.007268 0.104455
vn 0.995507 0.000416 -0.094685
vn -0.999091 0.001438 0.042603
vn -0.999091 0.001438 0.042603
vn -0.999091 0.001438 0.042603
vn 0.702716 0.703558 -0.105809
vn 0.700146 0.700560 -0.137884
vn 0.988016 0.000384 -0.154349
vn 0.000000 0.000000 -1.000000
vn 0.000000 0.000000 -1.000000
vn 0.000000 0.000000 -1.000000
vn 0.000000 0.000000 -1.000000
vn -0.000000 -0.000000 -1.000000
vn 0.957829 0.000000 -0.287339
vn -0.999108 0.001707 0.042184
vn -0.999108 0.001707 0.042184
vn -0.999126 0.001976 0.041765
vn 0.677287 0.677287 -0.287339
vn -0.000275 -0.042876 0.999080
vn -0.505671 -0.039509 0.861821
vn -0.999091 0.001438 0.042603
vn -0.999108 0.001707 0.042184
vn -0.999108 0.001707 0.042184
vn -0.364784 0.325425 0.872371
vn -0.364784 0.325425 0.872371
vn -0.505671 -0.039509 0.861821
vn -0.985500 -0.009521 0.169410
vn -0.699978 0.691687 0.177766
vn 0.683040 -0.697382 0.217057
vn 0.970463 -0.014804 0.240796
vn 0.994503 -0.007268 0.104455
vn 0.698872 -0.706274 0.112935
vn -0.999420 0.005824 0.033564
vn -0.999420 0.005824 0.033564
vn -0.999419 0.005812 0.033584
vn 0.704699 -0.704690 -0.082527
vn 0.995507 0.000416 -0.094685
vn 0.988016 0.000384 -0.154349
vn -0.999420 0.005837 0.033544
vn -0.999420 0.005824 0.033564
vn -0.999420 0.005824 0.033564
vn 0.696850 -0.696491 -0.171176
vn 0.000000 0.000000 -1.000000
vn 0.000000 0.000000 -1.000000
vn 0.000000 0.000000 -1.000000
vn 0.000000 0.000000 -1.000000
vn -0.000000 -0.000000 -1.000000
vn 0.677287 -0.677288 -0.287339
vn 0.957829 0.000000 -0.287339
vn -0.000275 -0.042876 0.999080
vn -0.999913 0.005751 0.011887
vn -0.999913 0.005751 0.011887
vn -0.999912 0.005689 0.011983
vn -0.364784 0.325425 0.872371
vn -0.000066 0.480451 0.877021
vn -0.000066 0.480451 0.877021
vn -0.999914 0.005813 0.011790
vn -0.999913 0.005751 0.011887
vn -0.999913 0.005751 0.011887
vn -0.364784 0.325425 0.872371
vn -0.699978 0.691687 0.177766
vn -0.000009 0.983377 0.181573
vn 0.000272 -0.977382 0.211480
vn 0.683040 -0.697382 0.217057
vn 0.698872 -0.706274 0.112935
vn 0.000130 -0.992947 0.118563
vn 0.000010 -0.996965 -0.077853
vn 0.704699 -0.704690 -0.082527
vn -0.999772 -0.009172 0.019291
vn -0.999772 -0.009172 0.019291
vn -0.999601 -0.012914 0.025133
vn 0.696850 -0.696491 -0.171176
vn 0.000034 -0.983891 -0.178768
vn 0.000000 0.000000 -1.000000
vn -0.999895 -0.005429 0.013449
vn -0.999772 -0.009172 0.019291
vn -0.999772 -0.009172 0.019291
vn 0.000000 0.000000 -1.000000
vn 0.000000 0.000000 -1.000000
vn 0.000000 0.000000 -1.000000
vn -0.000000 -0.000000 -1.000000
vn 0.000000 -0.957829 -0.287339
vn 0.677287 -0.677288 -0.287339
vn -0.000275 -0.042876 0.999080
vn -0.000066 0.480451 0.877021
vn 0.364309 0.325063 0.872704
vn -0.999579 -0.014484 0.025127
vn -0.999579 -0.014484 0.025127
vn -0.999579 -0.014484 0.025126
vn 0.364309 0.325063 0.872704
vn -0.000066 0.480451 0.877021
vn -0.000009 0.983377 0.181573
vn -0.999579 -0.014484 0.025127
vn -0.999579 -0.014484 0.025127
vn -0.999579 -0.014484 0.025127
vn 0.699895 0.691582 0.178496
vn -0.681059 -0.696453 0.226078
vn 0.000272 -0.977382 0.211480
vn 0.000130 -0.992947 0.118563
vn -0.698345 -0.706261 0.116232
vn -0.704561 -0.704561 -0.084779
vn 0.000010 -0.996965 -0.077853
vn 0.000034 -0.983891 -0.178768
vn -0.696597 -0.696300 -0.172970
vn -0.999579 -0.014484 0.025126
vn -0.999579 -0.014484 0.025126
vn -0.999579 -0.014484 0.025126
vn 0.000000 0.000000 -1.000000
vn 0.000000 0.000000 -1.000000
vn 0.000000 0.000000 -1.000000
vn -0.999579 -0.014484 0.025127
vn -0.999579 -0.014484 0.025126
vn -0.999579 -0.014484 0.025126
vn 0.000000 0.000000 -1.000000
vn -0.000000 -0.000000 -1.000000
vn -0.677287 -0.677288 -0.287339
vn 0.000000 -0.957829 -0.287339
vn -0.000275 -0.042876 0.999080
vn 0.364309 0.325063 0.872704
vn 0.504861 -0.039537 0.862295
vn 0.504861 -0.039537 0.862295
vn 0.364309 0.325063 0.872704
vn -0.999579 -0.014484 0.025126
vn -0.999579 -0.014484 0.025126
vn -0.999579 -0.014484 0.025126
vn 0.699895 0.691582 0.178496
vn 0.985329 -0.009578 0.170397
vn -0.967297 -0.015543 0.253169
vn -0.999579 -0.014484 0.025127
vn -0.999579 -0.014484 0.025126
vn -0.999579 -0.014484 0.025126
vn -0.681059 -0.696453 0.226078
vn -0.698345 -0.706261 0.116232
vn -0.994010 -0.007628 0.109022
vn -0.995205 0.000443 -0.097809
vn -0.704561 -0.704561 -0.084779
vn -0.696597 -0.696300 -0.172970
vn -0.987613 0.000390 -0.156908
vn 0.000000 0.000000 -1.000000
vn 0.000000 0.000000 -1.000000
vn -0.999579 -0.014484 0.025127
vn -0.999579 -0.014484 0.025127
vn -0.999579 -0.014484 0.025127
vn 0.000000 0.000000 -1.000000
vn 0.000000 0.000000 -1.000000
vn -0.000000 -0.000000 -1.000000
vn -0.999579 -0.014484 0.025127
vn -0.999579 -0.014484 0.025127
vn -0.999579 -0.014484 0.025127
vn -0.957829 0.000000 -0.287339
vn -0.677287 -0.677288 -0.287339
vn -0.000066 0.480451 0.877021
vn -0.364784 0.325425 0.872371
vn -0.699978 0.691687 0.177766
vn -0.000009 0.983377 0.181573
vn 0.000272 -0.977382 0.211480
vn 0.683041 -0.697382 0.217057
vn 0.698872 -0.706274 0.112935
vn -0.999869 -0.014469 0.007212
vn -0.999869 -0.014469 0.007212
vn -0.999869 -0.014469 0.007211
vn 0.000130 -0.992947 0.118563
vn 0.000010 -0.996965 -0.077853
vn 0.704699 -0.704690 -0.082527
vn -0.999869 -0.014469 0.007212
vn -0.999869 -0.014469 0.007212
vn -0.999869 -0.014469 0.007212
vn 0.696850 -0.696491 -0.171176
vn 0.000034 -0.983891 -0.178768
vn 0.000000 0.000000 -1.000000
vn 0.000000 0.000000 -1.000000
vn 0.000000 0.000000 -1.000000
vn 0.000000 0.000000 -1.000000
vn 0.000000 -0.000000 -1.000000
vn 0.000000 -0.958310 -0.285731
vn 0.677627 -0.677627 -0.285731
vn -0.999869 -0.014469 0.007212
vn -0.999869 -0.014469 0.007212
vn -0.999869 -0.014469 0.007212
vn -0.000275 -0.042876 0.999080
vn -0.000066 0.480451 0.877021
vn 0.364309 0.325063 0.872704
vn -0.999869 -0.014469 0.007211
vn -0.999869 -0.014469 0.007212
vn -0.999869 -0.014469 0.007212
vn 0.364309 0.325063 0.872704
vn -0.000066 0.480451 0.877021
vn -0.000009 0.983377 0.181573
vn 0.699895 0.691582 0.178496
vn -0.681059 -0.696453 0.226078
vn 0.000272 -0.977382 0.211480
vn 0.000130 -0.992947 0.118563
vn -0.698345 -0.706261 0.116232
vn -0.704561 -0.704561 -0.084779
vn -0.999869 -0.014469 0.007211
vn -0.999869 -0.014469 0.007211
vn -0.999869 -0.014469 0.007211
vn 0.000010 -0.996965 -0.077853
vn 0.000034 -0.983891 -0.178768
vn -0.696597 -0.696300 -0.172970
vn -0.999869 -0.014469 0.007212
vn -0.999869 -0.014469 0.007211
vn -0.999869 -0.014469 0.007211
vn 0.000000 0.000000 -1.000000
vn 0.000000 0.000000 -1.000000
vn 0.000000 0.000000 -1.000000
vn 0.000000 0.000000 -1.000000
vn 0.000000 -0.000000 -1.000000
vn -0.677627 -0.677627 -0.285732
vn 0.000000 -0.958310 -0.285731
vn -0.000275 -0.042876 0.999080
vn 0.364309 0.325063 0.872704
vn -0.999869 -0.014469 0.007212
vn -0.999869 -0.014469 0.007212
vn -0.999869 -0.014469 0.007211
vn 0.504861 -0.039537 0.862295
vn 0.504861 -0.039537 0.862295
vn 0.364309 0.325063 0.872704
vn -0.999869 -0.014469 0.007212
vn -0.999869 -0.014469 0.007212
vn -0.999869 -0.014469 0.007212
vn 0.699895 0.691582 0.178496
vn 0.985329 -0.009578 0.170397
vn -0.967297 -0.015543 0.253169
vn -0.681059 -0.696453 0.226078
vn -0.698345 -0.706261 0.116232
vn -0.994010 -0.007628 0.109022
vn -0.995205 0.000443 -0.097809
vn -0.704561 -0.704561 -0.084779
vn -0.696597 -0.696300 -0.172970
vn -0.999869 -0.014469 0.007212
vn -0.999869 -0.014469 0.007212
vn -0.999869 -0.014469 0.007212
vn -0.987613 0.000390 -0.156908
vn 0.000000 0.000000 -1.000000
vn 0.000000 0.000000 -1.000000
vn -0.999869 -0.014469 0.007212
vn -0.999869 -0.014469 0.007212
vn -0.999869 -0.014469 0.007212
vn 0.000000 0.000000 -1.000000
vn 0.000000 0.000000 -1.000000
vn 0.000000 -0.000000 -1.000000
vn -0.000000 -0.990352 -0.138576
vn 0.700284 -0.700285 -0.138576
vn 0.677627 -0.677627 -0.285732
vn -0.000000 -0.958310 -0.285731
vn -0.700284 -0.700284 -0.138576
vn -0.000000 -0.990352 -0.138576
vn -0.999869 -0.014469 0.007212
vn -0.999869 -0.014469 0.007212
vn -0.999869 -0.014469 0.007211
vn -0.000000 -0.958310 -0.285731
vn -0.677627 -0.677627 -0.285731
vn -0.990352 -0.000000 -0.138576
vn -0.999869 -0.014469 0.007212
vn -0.999869 -0.014469 0.007212
vn -0.999869 -0.014469 0.007212
vn -0.700284 -0.700284 -0.138576
vn -0.677627 -0.677627 -0.285731
vn -0.958310 -0.000000 -0.285731
vn -0.700285 0.700284 -0.138576
vn -0.990352 -0.000000 -0.138576
vn -0.958310 -0.000000 -0.285731
vn -0.677627 0.677627 -0.285732
vn -0.000000 0.990352 -0.138576
vn -0.700285 0.700284 -0.138576
vn -0.999837 -0.017468 0.004566
vn -0.999837 -0.017468 0.004566
vn -0.999791 -0.019150 0.007196
vn -0.677627 0.677627 -0.285732
vn -0.000000 0.958310 -0.285732
vn 0.700284 0.700284 -0.138576
vn -0.999874 -0.015786 0.001937
vn -0.999837 -0.017468 0.004566
vn -0.999837 -0.017468 0.004566
vn -0.000000 0.990352 -0.138576
vn -0.000000 0.958310 -0.285732
vn 0.677627 0.677627 -0.285732
vn -0.706231 0.705897 -0.054281
vn -0.999698 -0.000151 -0.024558
vn -0.996118 -0.000587 -0.088024
vn -0.702479 0.701698 -0.118928
vn 0.000000 0.997782 -0.066563
vn -0.706231 0.705897 -0.054281
vn -0.950525 -0.310171 -0.017222
vn -0.950525 -0.310171 -0.017222
vn -0.950525 -0.310171 -0.017222
vn -0.702479 0.701698 -0.118928
vn 0.000000 0.991297 -0.131645
vn 0.706231 0.705897 -0.054281
vn -0.950525 -0.310171 -0.017222
vn -0.950525 -0.310171 -0.017222
vn -0.950525 -0.310171 -0.017222
vn 0.000000 0.997782 -0.066563
vn 0.000000 0.991297 -0.131645
vn 0.702479 0.701698 -0.118928
vn 0.999698 -0.000151 -0.024558
vn 0.706231 0.705897 -0.054281
vn 0.702479 0.701698 -0.118928
vn 0.996118 -0.000587 -0.088024
vn 0.707113 -0.707081 0.005224
vn 0.999698 -0.000151 -0.024558
vn -0.950525 -0.310171 -0.017222
vn -0.950525 -0.310171 -0.017222
vn -0.950525 -0.310171 -0.017222
vn 0.996118 -0.000587 -0.088024
vn 0.705768 -0.706156 -0.056881
vn 0.994010 -0.007628 0.109022
vn -0.950525 -0.310171 -0.017222
vn -0.950525 -0.310171 -0.017222
vn -0.950525 -0.310171 -0.017222
vn 0.706964 0.699718 0.102936
vn 0.702516 0.703429 -0.107974
vn 0.995205 0.000443 -0.097809
vn 0.706964 0.699718 0.102936
vn -0.000117 0.995004 0.099831
vn -0.000027 0.993849 -0.110741
vn 0.702516 0.703429 -0.107974
vn -0.000117 0.995004 0.099831
vn -0.707186 0.699953 0.099769
vn -0.957471 -0.285685 -0.040414
vn -0.957471 -0.285685 -0.040414
vn -0.953957 -0.299448 -0.017240
vn -0.702716 0.703558 -0.105809
vn -0.000027 0.993849 -0.110741
vn -0.707186 0.699953 0.099769
vn -0.960278 -0.271711 -0.063558
vn -0.957471 -0.285685 -0.040414
vn -0.957471 -0.285685 -0.040414
vn -0.994503 -0.007268 0.104455
vn -0.995507 0.000416 -0.094685
vn -0.702716 0.703558 -0.105809
vn -0.994503 -0.007268 0.104455
vn -0.698872 -0.706274 0.112935
vn -0.704699 -0.704690 -0.082527
vn -0.995507 0.000416 -0.094685
vn -0.698872 -0.706274 0.112935
vn -0.000130 -0.992947 0.118563
vn -0.975545 -0.215522 -0.043155
vn -0.975545 -0.215522 -0.043155
vn -0.972701 -0.231412 -0.017362
vn -0.000010 -0.996965 -0.077853
vn -0.704699 -0.704690 -0.082527
vn -0.000130 -0.992947 0.118563
vn -0.977486 -0.199433 -0.068908
vn -0.975545 -0.215522 -0.043155
vn -0.975545 -0.215522 -0.043155
vn 0.698345 -0.706261 0.116232
vn 0.704561 -0.704561 -0.084779
vn -0.000010 -0.996965 -0.077853
vn 0.698345 -0.706261 0.116232
vn 0.994010 -0.007628 0.109022
vn 0.995205 0.000443 -0.097809
vn 0.704561 -0.704561 -0.084779
vn -0.349457 -0.389280 0.852256
vn -0.504861 -0.039537 0.862295
vn -0.992319 -0.119411 -0.032310
vn -0.992319 -0.119411 -0.032310
vn -0.989730 -0.142860 0.004963
vn 0.000275 -0.042876 0.999080
vn -0.692314 -0.703146 0.162133
vn -0.985329 -0.009578 0.170397
vn -0.992977 -0.095729 -0.069521
vn -0.992319 -0.119411 -0.032310
vn -0.992319 -0.119411 -0.032310
vn -0.504861 -0.039537 0.862295
vn -0.349457 -0.389280 0.852256
vn 0.706964 0.699718 0.102936
vn 0.994010 -0.007628 0.109022
vn 0.967297 -0.015543 0.253169
vn 0.686970 0.671385 0.278054
vn 0.699937 0.700407 -0.139708
vn 0.987613 0.000390 -0.156908
vn 0.995205 0.000443 -0.097809
vn -0.996478 -0.083828 0.002335
vn -0.996478 -0.083828 0.002335
vn -0.996319 -0.085572 0.005103
vn 0.702516 0.703429 -0.107974
vn 0.000000 0.000000 -1.000000
vn 0.000000 0.000000 -1.000000
vn -0.996625 -0.082082 -0.000434
vn -0.996478 -0.083828 0.002335
vn -0.996478 -0.083828 0.002335
vn 0.000000 0.000000 -1.000000
vn 0.000000 0.000000 -1.000000
vn 0.958310 -0.000000 -0.285732
vn 0.677627 0.677627 -0.285732
vn -0.000000 -0.000000 -1.000000
vn 0.000071 -0.529813 0.848115
vn -0.349457 -0.389280 0.852256
vn 0.000275 -0.042876 0.999080
vn 0.000015 -0.987362 0.158482
vn -0.997777 -0.066597 0.002279
vn -0.997777 -0.066597 0.002279
vn -0.997652 -0.068303 0.004991
vn -0.692314 -0.703146 0.162133
vn -0.349457 -0.389280 0.852256
vn 0.000071 -0.529813 0.848115
vn -0.997892 -0.064891 -0.000434
vn -0.997777 -0.066597 0.002279
vn -0.997777 -0.066597 0.002279
vn -0.000117 0.995004 0.099831
vn 0.706964 0.699718 0.102936
vn 0.686970 0.671385 0.278054
vn -0.000200 0.958434 0.285313
vn -0.000025 0.991288 -0.131713
vn 0.699937 0.700407 -0.139708
vn 0.702516 0.703429 -0.107974
vn -0.000027 0.993849 -0.110741
vn 0.000000 0.000000 -1.000000
vn -0.999011 -0.044117 0.005453
vn -0.999011 -0.044117 0.005453
vn -0.998791 -0.047832 0.011360
vn 0.000000 0.000000 -1.000000
vn 0.000000 0.000000 -1.000000
vn 0.000000 0.000000 -1.000000
vn -0.999183 -0.040400 -0.000453
vn -0.999011 -0.044117 0.005453
vn -0.999011 -0.044117 0.005453
vn 0.677627 0.677627 -0.285732
vn -0.000000 0.958310 -0.285732
vn -0.000000 -0.000000 -1.000000
vn 0.349929 -0.389593 0.851919
vn 0.000071 -0.529813 0.848115
vn 0.000275 -0.042876 0.999080
vn 0.692426 -0.703189 0.161467
vn 0.000015 -0.987362 0.158482
vn 0.000071 -0.529813 0.848115
vn -0.998554 -0.053595 -0.004292
vn -0.998554 -0.053595 -0.004292
vn -0.998845 -0.043669 -0.020055
vn 0.349929 -0.389593 0.851919
vn -0.707186 0.699953 0.099769
vn -0.000117 0.995004 0.099831
vn -0.997916 -0.063502 0.011473
vn -0.998554 -0.053595 -0.004292
vn -0.998554 -0.053595 -0.004292
vn -0.000200 0.958434 0.285313
vn -0.688632 0.673141 0.269569
vn -0.700146 0.700560 -0.137884
vn -0.000025 0.991288 -0.131713
vn -0.000027 0.993849 -0.110741
vn -0.702716 0.703558 -0.105809
vn 0.000000 0.000000 -1.000000
vn 0.000000 0.000000 -1.000000
vn 0.000000 0.000000 -1.000000
vn -0.996083 -0.088355 0.003337
vn -0.996083 -0.088355 0.003337
vn -0.996518 -0.083242 -0.004760
vn 0.000000 0.000000 -1.000000
vn -0.000000 0.958310 -0.285732
vn -0.677627 0.677627 -0.285732
vn -0.995557 -0.093460 0.011433
vn -0.996083 -0.088355 0.003337
vn -0.996083 -0.088355 0.003337
vn -0.000000 -0.000000 -1.000000
vn 0.505672 -0.039509 0.861821
vn 0.349929 -0.389593 0.851919
vn 0.000275 -0.042876 0.999080
vn 0.985500 -0.009521 0.169411
vn 0.692426 -0.703189 0.161467
vn 0.349929 -0.389593 0.851919
vn 0.505672 -0.039509 0.861821
vn -0.994503 -0.007268 0.104455
vn -0.994252 -0.106675 0.009110
vn -0.994252 -0.106675 0.009110
vn -0.994426 -0.105217 0.006804
vn -0.707186 0.699953 0.099769
vn -0.688632 0.673141 0.269569
vn -0.970463 -0.014804 0.240796
vn -0.994071 -0.108132 0.011416
vn -0.994252 -0.106675 0.009110
vn -0.994252 -0.106675 0.009110
vn -0.988016 0.000384 -0.154349
vn -0.700146 0.700560 -0.137884
vn -0.702716 0.703558 -0.105809
vn -0.995507 0.000416 -0.094685
vn 0.000000 0.000000 -1.000000
vn 0.000000 0.000000 -1.000000
vn 0.000000 0.000000 -1.000000
vn 0.000000 0.000000 -1.000000
vn -0.677627 0.677627 -0.285732
vn -0.994071 -0.108135 0.011415
vn -0.994071 -0.108135 0.011415
vn -0.994071 -0.108135 0.011415
vn -0.958310 -0.000000 -0.285731
vn -0.000000 -0.000000 -1.000000
vn 0.364784 0.325425 0.872371
vn -0.994071 -0.108135 0.011415
vn -0.994071 -0.108135 0.011415
vn -0.994071 -0.108135 0.011415
vn 0.505672 -0.039509 0.861821
vn 0.000275 -0.042876 0.999080
vn 0.699978 0.691687 0.177766
vn 0.985500 -0.009521 0.169411
vn 0.505672 -0.039509 0.861821
vn 0.364784 0.325425 0.872371
vn -0.698872 -0.706274 0.112935
vn -0.994503 -0.007268 0.104455
vn -0.970463 -0.014804 0.240796
vn -0.996571 -0.078893 -0.024937
vn -0.996571 -0.078893 -0.024937
vn -0.994776 -0.101533 0.010602
vn -0.683041 -0.697382 0.217057
vn -0.696850 -0.696491 -0.171176
vn -0.988016 0.000384 -0.154349
vn -0.996594 -0.056112 -0.060431
vn -0.996571 -0.078893 -0.024937
vn -0.996571 -0.078893 -0.024937
vn -0.995507 0.000416 -0.094685
vn -0.704699 -0.704690 -0.082527
vn 0.000000 0.000000 -1.000000
vn 0.000000 0.000000 -1.000000
vn 0.000000 0.000000 -1.000000
vn 0.000000 0.000000 -1.000000
vn 0.000000 0.000000 -1.000000
vn 0.000000 0.000000 -1.000000
vn 0.000000 0.000000 -1.000000
vn -0.998951 -0.045726 0.002434
vn -0.998951 -0.045726 0.002434
vn -0.998875 -0.047187 0.004722
vn 0.000000 0.000000 -1.000000
vn 0.000000 0.000000 -1.000000
vn 0.000000 0.000000 -1.000000
vn -0.999020 -0.044265 0.000147
vn -0.998951 -0.045726 0.002434
vn -0.998951 -0.045726 0.002434
vn 0.000000 0.000000 -1.000000
vn 0.000000 0.000000 -1.000000
vn 0.000000 0.000000 -1.000000
vn 0.990352 -0.000000 -0.138576
vn 0.700284 0.700284 -0.138576
vn 0.677627 0.677627 -0.285732
vn 0.958310 -0.000000 -0.285732
vn 0.700284 -0.700285 -0.138576
vn 0.990352 -0.000000 -0.138576
vn -0.999791 -0.020180 0.003186
vn -0.999791 -0.020180 0.003186
vn -0.999851 -0.017169 -0.001677
vn 0.958310 -0.000000 -0.285732
vn 0.677627 -0.677627 -0.285732
vn 0.000000 0.000000 -1.000000
vn -0.999699 -0.023191 0.008049
vn -0.999791 -0.020180 0.003186
vn -0.999791 -0.020180 0.003186
vn 0.000000 0.000000 -1.000000
vn 0.000000 0.000000 -1.000000
vn 0.000000 0.000000 -1.000000
vn 0.000000 0.000000 -1.000000
vn 0.000000 0.000000 -1.000000
vn 0.000000 0.000000 -1.000000
vn 0.000000 0.000000 -1.000000
vn 0.000000 0.000000 -1.000000
vn 0.000000 0.000000 -1.000000
vn -0.999505 -0.031456 0.001119
vn -0.999505 -0.031456 0.001119
vn -0.999505 -0.031456 0.001119
vn 0.000000 0.000000 -1.000000
vn 0.000000 0.000000 -1.000000
vn 0.000000 0.000000 -1.000000
vn -0.999505 -0.031456 0.001118
vn -0.999505 -0.031456 0.001119
vn -0.999505 -0.031456 0.001119
vn 0.000000 0.000000 -1.000000
vn 0.000000 0.000000 -1.000000
vn 0.000000 0.000000 -1.000000
vn -0.688632 0.673141 0.269569
vn -0.700146 0.700560 -0.137884
vn -0.000025 0.991288 -0.131713
vn -0.000027 0.993849 -0.110741
vn -0.702716 0.703558 -0.105809
vn 0.000000 0.000000 -1.000000
vn 0.888809 0.458245 0.005419
vn 0.888767 0.458329 0.005254
vn 0.888767 0.458329 0.005254
vn 0.000000 0.000000 -1.000000
vn 0.000000 0.000000 -1.000000
vn 0.000000 0.000000 -1.000000
vn 0.888767 0.458329 0.005254
vn 0.888767 0.458329 0.005254
vn 0.888725 0.458413 0.005089
vn 0.000000 0.957829 -0.287339
vn -0.677287 0.677287 -0.287339
vn 0.000000 -0.000000 -1.000000
vn 0.000000 0.957829 -0.287339
vn 0.000000 -0.000000 -1.000000
vn 0.349929 -0.389593 0.851920
vn 0.000071 -0.529813 0.848115
vn 0.000275 -0.042876 0.999080
vn 0.692426 -0.703189 0.161467
vn 0.888809 0.458245 0.005419
vn 0.888767 0.458329 0.005254
vn 0.888767 0.458329 0.005254
vn 0.000015 -0.987362 0.158482
vn 0.000071 -0.529813 0.848115
vn 0.349929 -0.389593 0.851920
vn 0.888767 0.458329 0.005254
vn 0.888767 0.458329 0.005254
vn 0.888725 0.458413 0.005089
vn -0.707186 0.699953 0.099769
vn -0.000117 0.995004 0.099831
vn -0.000201 0.958434 0.285313
vn -0.633300 -0.773676 0.018885
vn -0.746411 -0.665191 0.019778
vn -0.000201 0.958434 0.285313
vn -0.000025 0.991288 -0.131713
vn 0.699937 0.700407 -0.139708
vn 0.702516 0.703429 -0.107974
vn 0.888809 0.458245 0.005418
vn 0.888767 0.458329 0.005254
vn 0.888767 0.458329 0.005254
vn -0.000027 0.993849 -0.110741
vn 0.000000 0.000000 -1.000000
vn 0.000000 0.000000 -1.000000
vn 0.888767 0.458329 0.005254
vn 0.888767 0.458329 0.005254
vn 0.888725 0.458413 0.005089
vn 0.000000 0.000000 -1.000000
vn 0.000000 0.000000 -1.000000
vn 0.677287 0.677287 -0.287339
vn 0.724617 0.557535 -0.405073
vn 0.724617 0.689152 0.000000
vn -0.724617 0.689152 0.000000
vn -0.724617 0.557535 -0.405073
vn 0.957829 0.000000 -0.287339
vn 0.677287 0.677287 -0.287339
vn 0.990352 0.000000 -0.138576
vn 0.700284 -0.700285 -0.138576
vn 1.000000 0.000000 0.000000
vn 1.000000 0.000000 0.000000
vn 1.000000 0.000000 0.000000
vn 1.000000 0.000000 0.000000
vn -0.996118 -0.000587 -0.088024
vn 0.724617 0.557535 0.405073
vn 0.724617 0.689152 0.000000
vn 1.000000 0.000000 0.000000
vn 1.000000 0.000000 0.000000
vn 1.000000 0.000000 0.000000
vn 1.000000 0.000000 0.000000
vn -0.702479 0.701698 -0.118928
vn 0.724617 0.557535 -0.405073
vn 0.724617 0.212960 -0.655422
vn 0.677287 0.677287 -0.287339
vn 0.000000 0.957829 -0.287339
vn -0.992081 0.125171 0.010408
vn 0.677287 -0.677288 -0.287339
vn 1.000000 0.000000 0.000000
vn 1.000000 0.000000 0.000000
vn 1.000000 0.000000 0.000000
vn -0.991219 0.132047 -0.006998
vn 1.000000 0.000000 0.000000
vn 0.724617 0.689152 0.000000
vn 0.724617 0.557535 -0.405073
vn 0.957829 0.000000 -0.287339
vn -0.998769 -0.046287 -0.017813
vn 0.700284 -0.700285 -0.138576
vn -0.999583 -0.028845 0.001213
vn -0.999583 -0.028845 0.001213
vn -0.364784 0.325425 0.872371
vn 0.698872 -0.706274 0.112935
vn 0.994503 -0.007268 0.104455
vn 0.970463 -0.014804 0.240796
vn 0.821334 0.533644 0.201579
vn 0.994608 0.092005 0.047859
vn -0.992130 0.124065 -0.016908
vn 0.730846 0.561044 -0.388708
vn 0.000000 -0.725518 -0.688204
vn 0.907947 -0.417582 -0.035453
vn 0.993990 0.090796 -0.061158
vn 0.000000 0.317741 -0.948177
vn 0.000000 -0.725518 -0.688204
vn 0.730846 0.561044 -0.388708
vn 0.883077 -0.469022 -0.013882
vn 0.883077 -0.469022 -0.013882
vn 0.993990 0.090796 -0.061158
vn 0.907947 -0.417582 -0.035453
vn -0.884929 -0.410281 0.220386
vn -0.884929 -0.410281 0.220386
vn -0.895262 -0.445320 -0.013981
vn -0.997268 0.063111 -0.038377
vn 0.000000 0.317741 -0.948177
vn -0.730846 0.561044 -0.388708
vn 0.000000 -0.725518 -0.688204
vn -0.872966 -0.278197 0.400671
vn -0.884929 -0.410281 0.220386
vn -0.884929 -0.410281 0.220386
vn -0.997268 0.063111 -0.038377
vn -0.895262 -0.445320 -0.013981
vn 0.000000 -0.725518 -0.688204
vn -0.730846 0.561044 -0.388708
vn 0.653155 -0.751521 0.092764
vn 0.176826 -0.980999 0.079833
vn -0.362598 -0.924116 0.120547
vn -0.927883 -0.365533 -0.073608
vn -0.970467 0.125778 -0.205850
vn -0.362598 -0.924116 0.120547
vn 0.176826 -0.980999 0.079833
vn -0.970467 0.125778 -0.205850
vn -0.927883 -0.365533 -0.073608
vn 0.994795 0.017355 0.100408
vn 0.015627 0.635424 -0.772005
vn 0.945035 0.162717 -0.283605
vn 0.928033 -0.340213 -0.151689
vn 0.176826 -0.980999 0.079833
vn 0.653155 -0.751521 0.092764
vn 0.998726 -0.046631 -0.019282
vn 0.992130 0.124065 -0.016908
vn 0.999764 -0.013756 -0.016794
vn 0.015627 0.635424 -0.772005
vn 0.994976 0.026253 0.096615
vn 0.928033 -0.340213 -0.151689
vn 0.945035 0.162717 -0.283605
vn -0.921285 -0.387554 -0.032193
vn -0.987362 0.115362 -0.108664
vn -0.260099 -0.964806 0.038693
vn 0.294497 -0.955497 0.017207
vn 0.737484 -0.674726 0.029355
vn 0.294497 -0.955497 0.017207
vn -0.260099 -0.964806 0.038693
vn 0.876126 -0.479467 -0.050138
vn 0.993484 0.048929 -0.102929
vn 0.829534 0.489058 -0.269623
vn -0.172803 0.076970 -0.981944
vn -0.492518 0.831590 -0.256681
vn 0.998769 -0.046287 -0.017813
vn -0.987362 0.115362 -0.108664
vn 0.993484 0.048929 -0.102929
vn 0.876126 -0.479467 -0.050138
vn 0.294497 -0.955497 0.017207
vn 0.737484 -0.674726 0.029355
vn -0.921285 -0.387554 -0.032193
vn -0.172803 0.076970 -0.981944
vn 0.999505 -0.031456 0.001119
vn 0.999505 -0.031456 0.001119
vn 0.999505 -0.031456 0.001118
vn 0.999505 -0.031456 0.001119
vn 0.994473 0.012717 0.104220
vn -0.907947 -0.417582 -0.035453
vn -0.993990 0.090796 -0.061158
vn -0.883077 -0.469022 -0.013882
vn -0.883077 -0.469022 -0.013882
vn 0.884929 -0.410281 0.220386
vn 0.884929 -0.410281 0.220386
vn 0.872966 -0.278196 0.400671
vn -0.730846 0.561044 -0.388709
vn 0.000000 -0.725518 -0.688204
vn 0.000000 0.317741 -0.948178
vn -0.993990 0.090796 -0.061158
vn -0.907947 -0.417582 -0.035453
vn 0.000000 -0.725518 -0.688204
vn -0.730846 0.561044 -0.388709
vn 0.997268 0.063111 -0.038377
vn 0.895262 -0.445320 -0.013981
vn 0.884929 -0.410281 0.220386
vn 0.884929 -0.410281 0.220386
vn 0.000000 -0.725518 -0.688204
vn 0.730846 0.561044 -0.388709
vn 0.000000 0.317741 -0.948178
vn 0.730846 0.561044 -0.388709
vn 0.000000 -0.725518 -0.688204
vn 0.895262 -0.445320 -0.013981
vn 0.997268 0.063111 -0.038377
vn -0.993990 0.090796 -0.061158
vn -0.907947 -0.417582 -0.035453
vn 0.000000 -0.725518 -0.688204
vn -0.730846 0.561044 -0.388708
vn -0.730846 0.561044 -0.388708
vn 0.000000 -0.725518 -0.688204
vn 0.000000 0.317741 -0.948177
vn -0.907947 -0.417582 -0.035453
vn -0.993990 0.090796 -0.061158
vn -0.883077 -0.469022 -0.013882
vn -0.883077 -0.469022 -0.013882
vn 0.997268 0.063111 -0.038377
vn 0.895262 -0.445320 -0.013981
vn 0.884929 -0.410281 0.220386
vn 0.884929 -0.410281 0.220386
vn 0.000000 -0.725518 -0.688204
vn 0.730846 0.561044 -0.388708
vn 0.000000 0.317741 -0.948177
vn 0.884929 -0.410281 0.220386
vn 0.884929 -0.410281 0.220386
vn 0.872966 -0.278197 0.400671
vn 0.730846 0.561044 -0.388708
vn 0.000000 -0.725518 -0.688204
vn 0.895262 -0.445320 -0.013981
vn 0.997268 0.063111 -0.038377
vn -0.997268 0.063111 -0.038377
vn -0.895262 -0.445320 -0.013981
vn 0.000000 -0.725518 -0.688204
vn -0.730846 0.561044 -0.388709
vn 0.836212 0.478601 -0.267750
vn -0.000008 -0.992021 -0.126072
vn 0.912326 -0.408765 -0.023910
vn 0.990442 0.093844 -0.101083
vn -0.983354 -0.173805 0.052987
vn -0.991458 -0.116054 0.059517
vn -0.974218 0.224922 0.017563
vn -0.976536 0.214172 0.022551
vn 0.058492 -0.997885 -0.028361
vn 0.194281 0.942780 0.270963
vn 0.044831 0.994583 0.093776
vn 0.088206 0.986342 0.139104
vn 0.671070 0.007656 0.741354
vn 0.088206 0.986342 0.139104
vn 0.044831 0.994583 0.093776
vn -0.107148 0.990279 -0.088700
vn -0.104151 0.990242 -0.092595
vn 0.238327 -0.952422 0.189980
vn 0.204798 -0.967393 0.149026
vn 0.671070 0.007656 0.741354
vn 0.664379 0.004729 0.747381
vn 0.671070 0.007656 0.741354
vn 0.204798 -0.967393 0.149026
vn 0.171770 -0.979091 0.108975
vn 0.000000 0.317741 -0.948178
vn -0.730846 0.561044 -0.388709
vn 0.000000 -0.725518 -0.688204
vn -0.947945 0.286620 -0.138739
vn -0.947945 0.286620 -0.138739
vn -0.980884 0.160950 -0.109372
vn -0.980884 0.160950 -0.109372
vn -0.996421 0.032424 -0.078065
vn -0.996421 0.032424 -0.078065
vn -0.980884 0.160950 -0.109372
vn -0.980884 0.160950 -0.109372
vn 0.000000 -0.201437 -0.979502
vn -0.000008 -0.992021 -0.126072
vn 0.836212 0.478601 -0.267750
vn -0.884929 -0.410281 0.220386
vn -0.884929 -0.410281 0.220386
vn -0.895262 -0.445320 -0.013981
vn -0.997268 0.063111 -0.038377
vn 0.730846 0.561044 -0.388709
vn 0.000000 -0.725518 -0.688204
vn 0.907947 -0.417582 -0.035453
vn 0.993990 0.090796 -0.061158
vn 0.000000 0.317741 -0.948178
vn 0.000000 -0.725518 -0.688204
vn 0.730846 0.561044 -0.388709
vn -0.872966 -0.278196 0.400671
vn -0.884929 -0.410281 0.220386
vn -0.884929 -0.410281 0.220386
vn -0.831368 0.094865 0.547566
vn -0.000018 -0.181562 0.983380
vn -0.769100 -0.390298 0.506115
vn -0.594704 -0.801249 -0.065780
vn -0.801866 -0.595668 -0.046799
vn -0.801866 -0.595668 -0.046799
vn -0.962033 -0.271307 -0.029733
vn -0.999181 0.038025 0.013823
vn -0.950834 0.183848 0.249227
vn -0.932339 0.151090 0.328506
vn -0.887159 -0.325110 0.327493
vn -0.944402 -0.211583 0.251671
vn 0.272798 -0.934219 0.229819
vn 0.088206 0.986342 0.139104
vn 0.889841 -0.456055 -0.014030
vn 0.986417 0.164003 -0.009205
vn 0.997777 -0.066597 0.002279
vn 0.997777 -0.066597 0.002279
vn -0.947712 -0.317942 -0.027470
vn 0.997892 -0.064891 -0.000434
vn -0.976536 0.214172 0.022551
vn -0.974218 0.224922 0.017563
vn -0.698200 0.714968 -0.036585
vn -0.703974 0.709983 -0.018588
vn -0.977052 0.203969 0.061364
vn -0.968305 0.197761 0.152567
vn -0.974185 -0.168829 0.149865
vn -0.980814 -0.183443 0.065978
vn -0.976536 0.214172 0.022551
vn -0.977052 0.203969 0.061364
vn -0.980814 -0.183443 0.065978
vn -0.983354 -0.173805 0.052987
vn -0.973272 0.229486 0.008783
vn -0.974218 0.224922 0.017563
vn -0.991458 -0.116054 0.059517
vn -0.998399 -0.053700 0.017783
vn -0.455693 -0.747148 -0.483854
vn -0.453146 -0.536960 -0.711570
vn -0.793388 -0.271901 -0.544615
vn -0.789432 -0.459496 -0.407014
vn -0.478892 -0.721235 0.500483
vn -0.000018 -0.181562 0.983380
vn -0.000061 -0.856061 0.516876
vn -0.706964 0.699718 0.102936
vn -0.730846 0.561044 -0.388708
vn -0.993990 0.090796 -0.061158
vn 0.997268 0.063111 -0.038377
vn -0.686970 0.671385 0.278054
vn 0.730846 0.561044 -0.388708
vn -0.730846 0.561044 -0.388709
vn -0.993990 0.090796 -0.061158
vn 0.248897 -0.967953 0.033421
vn -0.291018 -0.956644 0.011831
vn -0.733374 -0.679265 0.027587
vn -0.291018 -0.956644 0.011831
vn 0.248897 -0.967953 0.033421
vn 0.990442 0.093844 -0.101083
vn 0.912326 -0.408765 -0.023910
vn -0.904185 -0.423498 -0.055673
vn -0.904185 -0.423498 -0.055673
vn 0.118406 -0.900335 -0.418780
vn -0.398560 -0.149648 -0.904851
vn 0.118406 -0.900335 -0.418780
vn 0.848984 -0.157114 -0.504521
vn -0.398560 -0.149648 -0.904851
vn -0.667606 -0.738119 0.097374
vn -0.195504 -0.977429 0.080063
vn -0.904185 -0.423498 -0.055673
vn -0.904185 -0.423498 -0.055673
vn -0.888767 0.458329 0.005254
vn -0.888725 0.458413 0.005089
vn -0.888809 0.458245 0.005418
vn -0.888767 0.458329 0.005254
vn 0.133028 0.973552 0.185744
vn 0.664379 0.004729 0.747381
vn 0.671070 0.007656 0.741354
vn -0.104151 0.990242 -0.092595
vn -0.970467 0.125778 -0.205850
vn 0.999505 -0.031456 0.001119
vn 0.015627 0.635424 -0.772005
vn 0.945035 0.162717 -0.283605
vn -0.101151 0.990181 -0.096487
vn 0.133028 0.973552 0.185744
vn 0.088206 0.986342 0.139104
vn 0.976993 -0.043125 0.208864
vn 0.976991 -0.043131 0.208873
vn 0.976991 -0.043131 0.208873
vn 0.980058 -0.151262 -0.128862
vn 0.975696 -0.157408 -0.152446
vn 0.969493 -0.213023 -0.121258
vn 0.969493 -0.213023 -0.121258
vn 0.974558 -0.177836 -0.136422
vn 0.969821 -0.183965 -0.160015
vn 0.975696 -0.157408 -0.152446
vn 0.980058 -0.151262 -0.128862
vn 0.977945 -0.043197 0.204347
vn 0.977945 -0.043197 0.204347
vn 0.977945 -0.043197 0.204347
vn 0.977945 -0.043197 0.204347
vn 0.977945 -0.043197 0.204347
vn 0.977945 -0.043197 0.204347
vn 0.829534 0.489058 -0.269623
vn -0.492518 0.831590 -0.256681
vn -0.987362 0.115362 -0.108664
vn 0.848984 -0.157114 -0.504521
vn 0.118406 -0.900335 -0.418780
vn 0.894137 -0.447491 -0.016449
vn 0.992275 0.019127 -0.122573
vn -0.888767 0.458329 0.005254
vn -0.888767 0.458329 0.005254
vn 0.478438 -0.850470 0.218626
vn -0.887159 -0.325110 0.327493
vn -0.888767 0.458329 0.005254
vn 0.000027 0.993849 -0.110741
vn -0.888725 0.458413 0.005089
vn 0.993747 0.046027 0.101725
vn 0.997652 -0.068303 0.004991
vn -0.594704 -0.801249 -0.065780
vn -0.947712 -0.317942 -0.027470
vn -0.801866 -0.595668 -0.046799
vn -0.696696 0.644252 0.315522
vn 0.000000 0.925073 0.379790
vn 0.000000 0.867215 0.497934
vn -0.658690 0.626101 0.417282
vn -0.950834 0.183848 0.249227
vn -0.696696 0.644252 0.315522
vn -0.658690 0.626101 0.417282
vn -0.932339 0.151090 0.328506
vn -0.836215 0.478615 -0.267716
vn 0.000000 -0.201437 -0.979502
vn 0.836212 0.478601 -0.267750
vn -0.725840 -0.639009 0.254606
vn -0.944402 -0.211583 0.251671
vn -0.887159 -0.325110 0.327493
vn -0.607955 -0.713684 0.347916
vn -0.195504 -0.977429 0.080063
vn 0.345294 -0.931568 0.113813
vn 0.992275 0.019127 -0.122573
vn 0.894137 -0.447491 -0.016449
vn 0.345294 -0.931568 0.113813
vn -0.195504 -0.977429 0.080063
vn -0.667606 -0.738119 0.097374
vn -0.594704 -0.801249 -0.065780
vn -0.573270 -0.816674 -0.066377
vn -0.594704 -0.801249 -0.065780
vn 0.992319 -0.119411 -0.032310
vn 0.992319 -0.119411 -0.032310
vn 0.992977 -0.095729 -0.069521
vn -0.934172 -0.343230 -0.097546
vn -0.934172 -0.343230 -0.097546
vn 0.993906 0.050660 0.097895
vn 0.990449 0.094346 0.100549
vn 0.990449 0.094346 0.100549
vn -0.365978 -0.903423 0.223351
vn 0.974235 -0.055084 0.218706
vn 0.974235 -0.055084 0.218706
vn 0.970325 -0.064579 0.233022
vn 0.977842 -0.045572 0.204322
vn -0.694362 0.719458 -0.015519
vn -0.973272 0.229486 0.008783
vn -0.991219 0.132047 -0.006998
vn -0.684675 0.728812 0.007332
vn 0.000000 0.999314 -0.037024
vn -0.694362 0.719458 -0.015519
vn -0.684675 0.728812 0.007332
vn 0.000000 0.999981 0.006151
vn 0.277492 0.934667 -0.222253
vn -0.398560 -0.149648 -0.904851
vn 0.848984 -0.157114 -0.504521
vn 0.992275 0.019127 -0.122573
vn -0.888767 0.458329 0.005254
vn -0.888725 0.458413 0.005089
vn -0.888809 0.458245 0.005419
vn -0.888767 0.458329 0.005254
vn 0.974235 -0.055084 0.218706
vn 0.974235 -0.055084 0.218706
vn 0.999583 -0.028845 0.001213
vn 0.999583 -0.028845 0.001213
vn -0.996542 0.081802 -0.014568
vn -0.992204 0.122861 -0.020894
vn -0.729995 -0.676041 -0.100376
vn -0.738319 -0.671060 -0.067554
vn -0.996542 0.081802 -0.014568
vn -0.693821 0.720075 0.010206
vn -0.700904 0.713110 0.014372
vn -0.992204 0.122861 -0.020894
vn -0.693821 0.720075 0.010206
vn -0.000000 0.999858 0.016867
vn 0.000000 0.999806 0.019696
vn -0.700904 0.713110 0.014372
vn -0.934172 -0.343230 -0.097546
vn -0.792092 -0.595827 -0.132590
vn -0.584677 -0.796212 -0.155562
vn -0.584677 -0.796212 -0.155562
vn -0.792092 -0.595827 -0.132590
vn -0.792092 -0.595827 -0.132590
vn 0.957471 -0.285685 -0.040414
vn -0.584677 -0.796212 -0.155562
vn -0.792092 -0.595827 -0.132590
vn 0.729995 -0.676041 -0.100376
vn 0.582574 0.546301 0.601799
vn 0.658690 0.626101 0.417282
vn 0.997268 0.063111 -0.038377
vn 0.000117 0.995004 0.099831
vn 0.730846 0.561044 -0.388709
vn -0.730846 0.561044 -0.388709
vn 0.925403 0.378934 0.006152
vn 0.972701 -0.231412 -0.017362
vn 0.977486 -0.199433 -0.068908
vn 0.975545 -0.215522 -0.043155
vn 0.000000 0.943114 -0.332470
vn -0.738082 0.599970 -0.308660
vn -0.703778 0.474859 -0.528399
vn 0.000000 0.769795 -0.638291
vn -0.738082 0.599970 -0.308660
vn -0.949369 0.069282 -0.306430
vn -0.889851 0.075860 -0.449901
vn -0.703778 0.474859 -0.528399
vn -0.987968 0.154447 0.008088
vn -0.987968 0.154447 0.008088
vn -0.897969 0.439456 0.023016
vn -0.897969 0.439456 0.023016
vn -0.718305 0.694645 0.038816
vn 0.000000 0.999783 0.020809
vn 0.000000 0.990144 0.140056
vn -0.724047 0.673935 0.146855
vn -0.977052 0.203969 0.061364
vn -0.718305 0.694645 0.038816
vn -0.724047 0.673935 0.146855
vn -0.968305 0.197761 0.152567
vn -0.727808 -0.683923 0.050445
vn -0.980814 -0.183443 0.065978
vn -0.974185 -0.168829 0.149865
vn -0.751599 -0.647356 0.126608
vn -0.888767 0.458329 0.005254
vn -0.888767 0.458329 0.005254
vn 0.309392 -0.945930 0.097428
vn -0.000000 -0.998832 0.048323
vn -0.478892 -0.721235 0.500483
vn -0.769100 -0.390298 0.506115
vn -0.000018 -0.181562 0.983380
vn -0.994917 0.021117 -0.098463
vn -0.836215 0.478615 -0.267716
vn 0.836212 0.478601 -0.267750
vn 0.990442 0.093844 -0.101083
vn -0.703974 0.709983 -0.018588
vn 0.000000 0.999024 -0.044170
vn 0.000000 0.999783 0.020809
vn -0.718305 0.694645 0.038816
vn -0.976536 0.214172 0.022551
vn -0.703974 0.709983 -0.018588
vn -0.718305 0.694645 0.038816
vn -0.977052 0.203969 0.061364
vn -0.720854 -0.690377 0.061231
vn -0.983354 -0.173805 0.052987
vn -0.980814 -0.183443 0.065978
vn -0.727808 -0.683923 0.050445
vn -0.263149 -0.956029 0.129466
vn 0.964365 -0.084029 0.250877
vn 0.964365 -0.084029 0.250877
vn 0.964343 -0.084076 0.250947
vn -0.831368 0.094865 0.547566
vn -0.582574 0.546302 0.601799
vn -0.000018 -0.181562 0.983380
vn -0.730846 0.561044 -0.388708
vn 0.000000 0.317741 -0.948177
vn 0.730846 0.561044 -0.388708
vn -0.685425 0.728020 0.013378
vn -0.980234 0.197827 -0.002352
vn -0.985438 0.168897 -0.019646
vn -0.696290 0.717626 0.013943
vn 0.000000 0.999796 0.020192
vn -0.685425 0.728020 0.013378
vn -0.696290 0.717626 0.013943
vn 0.000000 0.999741 0.022771
vn -0.694362 0.719458 -0.015519
vn 0.000000 0.999314 -0.037024
vn 0.000000 0.997045 -0.076816
vn -0.698200 0.714968 -0.036585
vn -0.973272 0.229486 0.008783
vn -0.694362 0.719458 -0.015519
vn -0.698200 0.714968 -0.036585
vn -0.974218 0.224922 0.017563
vn -0.741731 -0.669971 0.031223
vn -0.998399 -0.053700 0.017783
vn -0.991458 -0.116054 0.059517
vn -0.727420 -0.680356 0.089309
vn 0.975545 -0.215522 -0.043155
vn 0.992319 -0.119411 -0.032310
vn 0.992319 -0.119411 -0.032310
vn 0.204798 -0.967393 0.149026
vn -0.582574 0.546302 0.601799
vn 0.000000 0.752025 0.659135
vn -0.000018 -0.181562 0.983380
vn -0.942786 -0.332942 -0.017440
vn -0.942786 -0.332942 -0.017440
vn -0.987968 0.154447 0.008088
vn -0.987968 0.154447 0.008088
vn -0.495172 -0.867605 -0.045448
vn -0.495172 -0.867605 -0.045448
vn 0.000017 -0.998631 -0.052312
vn 0.000017 -0.998631 -0.052312
vn -0.942786 -0.332942 -0.017440
vn -0.942786 -0.332942 -0.017440
vn -0.495172 -0.867605 -0.045448
vn -0.495172 -0.867605 -0.045448
vn -0.681543 0.731778 0.000194
vn 0.000000 0.999779 0.021025
vn -0.000000 0.999858 0.016867
vn -0.693821 0.720075 0.010206
vn -0.996079 0.073973 -0.048522
vn -0.681543 0.731778 0.000194
vn -0.693821 0.720075 0.010206
vn -0.996542 0.081802 -0.014568
vn -0.727418 -0.676239 -0.116460
vn -0.996079 0.073973 -0.048522
vn -0.996542 0.081802 -0.014568
vn -0.738319 -0.671060 -0.067554
vn 0.066135 -0.997701 -0.014793
vn 0.058492 -0.997885 -0.028361
vn 0.171770 -0.979091 0.108975
vn 0.964387 -0.083982 0.250806
vn 0.964365 -0.084029 0.250877
vn 0.964365 -0.084029 0.250877
vn 0.988910 0.148229 0.009216
vn 0.936615 0.349905 0.017829
vn -0.988528 -0.001020 -0.151033
vn -0.702479 0.701698 -0.118928
vn 0.000000 0.991297 -0.131645
vn 0.000000 0.980603 -0.196005
vn 0.730846 0.561044 -0.388708
vn 0.993990 0.090796 -0.061158
vn -0.997268 0.063111 -0.038377
vn -0.730846 0.561044 -0.388708
vn 0.936615 0.349905 0.017829
vn 0.988406 0.147576 0.035709
vn 0.999875 -0.002844 0.015530
vn 0.999123 -0.003471 0.041734
vn 0.883077 -0.469022 -0.013882
vn 0.883077 -0.469022 -0.013882
vn 0.993990 0.090796 -0.061158
vn 0.907947 -0.417582 -0.035453
vn -0.994917 0.021117 -0.098463
vn -0.878197 -0.477978 -0.017514
vn -0.000008 -0.992021 -0.126072
vn -0.836215 0.478615 -0.267716
vn 0.000000 -0.201437 -0.979502
vn -0.836215 0.478615 -0.267716
vn -0.000008 -0.992021 -0.126072
vn -0.733374 -0.679265 0.027587
vn -0.291018 -0.956644 0.011831
vn -0.878197 -0.477978 -0.017514
vn -0.994917 0.021117 -0.098463
vn 0.999013 -0.027977 0.034511
vn 0.999013 -0.027977 0.034511
vn 0.961421 -0.078018 0.263786
vn 0.961421 -0.078018 0.263786
vn 0.964053 -0.072555 0.255611
vn 0.958689 -0.083474 0.271934
vn 0.961421 -0.078018 0.263786
vn 0.961421 -0.078018 0.263786
vn -0.997268 0.063111 -0.038377
vn -0.730846 0.561044 -0.388709
vn 0.730846 0.561044 -0.388709
vn 0.993990 0.090796 -0.061158
vn 0.000000 0.317741 -0.948178
vn 0.730846 0.561044 -0.388709
vn -0.730846 0.561044 -0.388709
vn -0.770449 -0.632537 -0.079407
vn -0.922413 -0.380866 -0.063986
vn -0.963818 -0.264987 -0.028914
vn -0.789831 -0.610288 -0.060951
vn 0.000000 0.997045 -0.076816
vn 0.698200 0.714968 -0.036585
vn 0.703974 0.709983 -0.018588
vn 0.000000 0.999024 -0.044170
vn 0.915696 -0.036906 0.400173
vn -0.695787 0.694562 -0.182933
vn 0.000000 0.991297 -0.131645
vn 0.915696 -0.036906 0.400173
vn 0.991557 -0.116806 0.056321
vn 0.725198 -0.682949 0.087571
vn 0.716327 -0.695149 0.060354
vn 0.983171 -0.175317 0.051369
vn 0.912990 -0.041189 0.405896
vn 0.918349 -0.032620 0.394426
vn 0.915696 -0.036906 0.400173
vn 0.915696 -0.036906 0.400173
vn 0.455693 -0.747148 -0.483854
vn 0.453146 -0.536960 -0.711570
vn 0.000000 -0.621831 -0.783151
vn -0.000000 -0.836370 -0.548165
vn 0.889851 0.075860 -0.449901
vn 0.793388 -0.271901 -0.544615
vn 0.789432 -0.459496 -0.407014
vn 0.949369 0.069282 -0.306430
vn 0.703778 0.474859 -0.528399
vn 0.889851 0.075860 -0.449901
vn 0.949369 0.069282 -0.306430
vn 0.738082 0.599970 -0.308660
vn 0.000000 0.769795 -0.638291
vn 0.703778 0.474859 -0.528399
vn 0.738082 0.599970 -0.308660
vn 0.000000 0.943114 -0.332470
vn 0.789432 -0.459496 -0.407014
vn 0.793388 -0.271901 -0.544615
vn 0.453146 -0.536960 -0.711570
vn 0.455693 -0.747148 -0.483854
vn 0.703974 0.709983 -0.018588
vn 0.698200 0.714968 -0.036585
vn 0.973671 0.227417 0.015660
vn 0.975453 0.219162 0.021443
vn 0.725343 -0.657873 -0.202683
vn 0.990633 0.069697 -0.117426
vn 0.949369 0.069282 -0.306430
vn 0.789432 -0.459496 -0.407014
vn 0.702479 0.701698 -0.118929
vn 0.695787 0.694562 -0.182933
vn 0.000000 0.980603 -0.196005
vn 0.702479 0.701698 -0.118929
vn 0.975453 0.219162 0.021443
vn 0.973671 0.227417 0.015660
vn 0.991557 -0.116806 0.056321
vn 0.983171 -0.175317 0.051369
vn 0.996118 -0.000587 -0.088024
vn 0.988528 -0.001020 -0.151033
vn 0.727418 -0.676240 -0.116460
vn 0.738319 -0.671060 -0.067554
vn -0.000000 -0.995488 -0.094888
vn 0.000000 -0.989151 -0.146900
vn 0.000000 -0.992466 -0.122519
vn -0.000000 -0.995488 -0.094888
vn 0.738319 -0.671060 -0.067554
vn 0.729995 -0.676041 -0.100376
vn 0.927579 0.071265 0.366768
vn 0.916813 0.049155 0.396280
vn 0.916813 0.049155 0.396280
vn 0.999786 0.014564 0.014671
vn 0.999067 0.013931 0.040872
vn 0.999123 -0.003471 0.041734
vn 0.789432 -0.459496 -0.407014
vn 0.455693 -0.747148 -0.483854
vn 0.000000 -0.974296 -0.225273
vn 0.725343 -0.657873 -0.202683
vn 0.980884 0.160950 -0.109372
vn 0.980884 0.160950 -0.109372
vn 0.947945 0.286620 -0.138739
vn 0.947945 0.286620 -0.138739
vn 0.980884 0.160950 -0.109372
vn 0.980884 0.160950 -0.109372
vn 0.996421 0.032424 -0.078065
vn 0.996421 0.032424 -0.078065
vn 0.996079 0.073972 -0.048522
vn 0.990633 0.069697 -0.117426
vn 0.725343 -0.657873 -0.202683
vn 0.727418 -0.676240 -0.116460
vn 0.699831 0.713514 -0.033689
vn 0.000000 0.999946 0.010435
vn 0.000000 0.943114 -0.332470
vn 0.738082 0.599970 -0.308660
vn 0.990633 0.069697 -0.117426
vn 0.699831 0.713514 -0.033689
vn 0.738082 0.599970 -0.308660
vn 0.949369 0.069282 -0.306430
vn -0.000000 -0.836370 -0.548165
vn 0.000000 -0.974296 -0.225273
vn 0.999875 -0.002844 0.015530
vn 0.455693 -0.747148 -0.483854
vn 0.920501 0.145068 0.362813
vn -0.000000 -0.836370 -0.548165
vn -0.455693 -0.747148 -0.483854
vn 0.000000 -0.974296 -0.225273
vn 0.769128 -0.390224 0.506129
vn -0.000018 -0.181562 0.983380
vn 0.831368 0.094865 0.547566
vn 0.000000 0.867215 0.497934
vn 0.000000 0.752025 0.659135
vn 0.831368 0.094865 0.547566
vn 0.932339 0.151090 0.328506
vn 0.920501 0.145068 0.362813
vn 0.880286 0.281149 0.382168
vn 0.880286 0.281149 0.382168
vn 0.904694 0.026974 0.425207
vn 0.944402 -0.211583 0.251671
vn 0.887156 -0.325115 0.327496
vn 0.932339 0.151090 0.328506
vn 0.950834 0.183848 0.249227
vn 0.916813 0.049155 0.396280
vn 0.916813 0.049155 0.396280
vn 0.999181 0.038025 0.013823
vn 0.999786 0.014564 0.014671
vn 0.974185 -0.168829 0.149865
vn 0.944402 -0.211583 0.251671
vn 0.950834 0.183848 0.249227
vn 0.968305 0.197761 0.152567
vn 0.658690 0.626101 0.417282
vn 0.582574 0.546301 0.601799
vn 0.718477 -0.645835 0.258241
vn 0.999875 -0.002844 0.015530
vn 0.988910 0.148229 0.009216
vn 0.920501 0.145068 0.362813
vn 0.920501 0.145068 0.362813
vn 0.941837 0.006012 0.336017
vn 0.980568 -0.184162 0.067611
vn 0.974185 -0.168829 0.149865
vn 0.968305 0.197761 0.152567
vn 0.976481 0.206456 0.062132
vn 0.983171 -0.175317 0.051369
vn 0.980568 -0.184162 0.067611
vn 0.976481 0.206456 0.062132
vn 0.975453 0.219162 0.021443
vn 0.997904 -0.061102 0.021292
vn 0.991557 -0.116806 0.056321
vn 0.973671 0.227417 0.015660
vn 0.974242 0.225389 0.007233
vn 0.685425 0.728020 0.013378
vn 0.980234 0.197827 -0.002352
vn 0.986417 0.164003 -0.009205
vn 0.684675 0.728812 0.007332
vn -0.000061 -0.856061 0.516876
vn -0.000018 -0.181562 0.983380
vn 0.478889 -0.721197 0.500539
vn -0.349929 -0.389593 0.851920
vn 0.941837 0.006012 0.336017
vn -0.888809 0.458245 0.005419
vn -0.888767 0.458329 0.005254
vn -0.985500 -0.009521 0.169411
vn 0.000037 -0.923334 0.383998
vn 0.607964 -0.713675 0.347921
vn 0.478889 -0.721197 0.500539
vn 0.681543 0.731778 0.000194
vn 0.699831 0.713514 -0.033689
vn 0.990633 0.069697 -0.117426
vn 0.996079 0.073972 -0.048522
vn 0.000000 0.999779 0.021025
vn 0.000000 0.999946 0.010435
vn 0.699831 0.713514 -0.033689
vn 0.681543 0.731778 0.000194
vn 0.999181 0.038025 0.013823
vn 0.988910 0.148229 0.009216
vn 0.988406 0.147576 0.035709
vn 0.000000 -0.974296 -0.225273
vn 0.000000 -0.989151 -0.146900
vn -0.727418 -0.676239 -0.116460
vn -0.725343 -0.657873 -0.202683
vn 0.998499 0.037386 0.040025
vn 0.000000 -0.989151 -0.146900
vn 0.000000 -0.974296 -0.225273
vn 0.725343 -0.657873 -0.202683
vn 0.727418 -0.676240 -0.116460
vn 0.968305 0.197761 0.152567
vn 0.950834 0.183848 0.249227
vn 0.696696 0.644252 0.315522
vn 0.724047 0.673936 0.146855
vn 0.607964 -0.713675 0.347921
vn -0.888767 0.458329 0.005254
vn -0.607955 -0.713684 0.347916
vn -0.725840 -0.639009 0.254606
vn 0.998499 0.037386 0.040025
vn 0.988406 0.147576 0.035709
vn 0.999123 -0.003471 0.041734
vn 0.999067 0.013931 0.040872
vn 0.724047 0.673936 0.146855
vn 0.696696 0.644252 0.315522
vn 0.000000 0.925073 0.379790
vn 0.000000 0.990144 0.140056
vn 0.922413 -0.380866 -0.063986
vn 0.985438 0.168897 -0.019646
vn 0.980234 0.197827 -0.002352
vn 0.872308 0.303897 0.383047
vn 0.869745 0.293655 0.396624
vn 0.869745 0.293655 0.396624
vn -0.844274 -0.535665 -0.016291
vn -0.998399 -0.053700 0.017783
vn 0.845415 -0.533887 -0.015434
vn 0.997904 -0.061102 0.021292
vn 0.000000 -0.997318 0.073187
vn 0.000000 -0.998744 0.050099
vn -0.720854 -0.690377 0.061231
vn -0.727420 -0.680356 0.089309
vn 0.000000 -1.000000 0.000424
vn -0.844274 -0.535665 -0.016291
vn -0.889841 -0.456055 -0.014030
vn -0.889841 -0.456055 -0.014030
vn 0.000000 -0.999592 0.028545
vn -0.991219 0.132047 -0.006998
vn 0.000000 -1.000000 0.000424
vn 0.000000 -0.999592 0.028545
vn -0.998399 -0.053700 0.017783
vn 0.695787 0.694562 -0.182933
vn 0.996118 -0.000587 -0.088024
vn 0.000000 -0.992466 -0.122519
vn 0.000000 0.999741 0.022771
vn 0.000000 0.999806 0.019696
vn 0.700904 0.713110 0.014372
vn 0.696290 0.717626 0.013943
vn 0.696290 0.717626 0.013943
vn 0.700904 0.713110 0.014372
vn 0.992204 0.122861 -0.020894
vn 0.985438 0.168897 -0.019646
vn 0.730846 0.561044 -0.388709
vn 0.000000 0.317741 -0.948178
vn 0.993484 0.048929 -0.102929
vn 0.889841 -0.456055 -0.014030
vn 0.845415 -0.533887 -0.015434
vn 0.741731 -0.669971 0.031223
vn 0.725198 -0.682949 0.087571
vn -0.996079 0.073973 -0.048522
vn -0.727418 -0.676239 -0.116460
vn -0.725343 -0.657873 -0.202683
vn -0.990633 0.069697 -0.117426
vn 0.718477 -0.645835 0.258241
vn 0.944402 -0.211583 0.251671
vn 0.974185 -0.168829 0.149865
vn 0.744626 -0.654703 0.129988
vn -0.607955 -0.713684 0.347916
vn -0.365978 -0.903423 0.223351
vn -0.888767 0.458329 0.005254
vn -0.000061 -0.856061 0.516876
vn -0.478892 -0.721235 0.500483
vn -0.692426 -0.703189 0.161467
vn 0.000037 -0.923334 0.383998
vn -0.000061 -0.856061 0.516876
vn -0.769100 -0.390298 0.506115
vn 0.478889 -0.721197 0.500539
vn -0.478892 -0.721235 0.500483
vn 0.831368 0.094865 0.547566
vn 0.000000 -0.997318 0.073187
vn 0.000000 -0.999836 0.018132
vn 0.716327 -0.695149 0.060354
vn 0.725493 -0.686324 0.051177
vn 0.658690 0.626101 0.417282
vn 0.000000 0.867215 0.497934
vn 0.000000 0.925073 0.379790
vn 0.696696 0.644252 0.315522
vn -0.968305 0.197761 0.152567
vn -0.950834 0.183848 0.249227
vn -0.944402 -0.211583 0.251671
vn -0.974185 -0.168829 0.149865
vn 0.932339 0.151090 0.328506
vn 0.658690 0.626101 0.417282
vn 0.696696 0.644252 0.315522
vn 0.950834 0.183848 0.249227
vn -0.724047 0.673935 0.146855
vn -0.696696 0.644252 0.315522
vn -0.950834 0.183848 0.249227
vn -0.968305 0.197761 0.152567
vn 0.607964 -0.713675 0.347921
vn 0.887156 -0.325115 0.327496
vn 0.944402 -0.211583 0.251671
vn 0.718477 -0.645835 0.258241
vn -0.990633 0.069697 -0.117426
vn -0.699831 0.713514 -0.033689
vn -0.681543 0.731778 0.000194
vn -0.996079 0.073973 -0.048522
vn 0.000000 0.999946 0.010435
vn 0.000000 0.999779 0.021025
vn -0.681543 0.731778 0.000194
vn -0.699831 0.713514 -0.033689
vn 0.769128 -0.390224 0.506129
vn 0.887156 -0.325115 0.327496
vn 0.932339 0.151090 0.328506
vn 0.000000 0.867215 0.497934
vn -0.658690 0.626101 0.417282
vn -0.582574 0.546302 0.601799
vn 0.000000 0.752025 0.659135
vn -0.582574 0.546302 0.601799
vn -0.000000 -0.998832 0.048323
vn 0.000000 -0.998744 0.050099
vn 0.725493 -0.686324 0.051177
vn 0.744626 -0.654703 0.129988
vn 0.963818 -0.264987 -0.028914
vn -0.963818 -0.264987 -0.028914
vn -0.889841 -0.456055 -0.014030
vn -0.844274 -0.535665 -0.016291
vn 0.684675 0.728812 0.007332
vn 0.986417 0.164003 -0.009205
vn 0.974242 0.225389 0.007233
vn 0.694362 0.719458 -0.015519
vn 0.000000 0.999981 0.006151
vn 0.684675 0.728812 0.007332
vn 0.694362 0.719458 -0.015519
vn 0.000000 0.999314 -0.037024
vn 0.000000 0.925073 0.379790
vn -0.696696 0.644252 0.315522
vn -0.724047 0.673935 0.146855
vn 0.000000 0.990144 0.140056
vn 0.309392 -0.945930 0.097428
vn -0.000000 -0.998832 0.048323
vn -0.751599 -0.647356 0.126608
vn -0.263149 -0.956029 0.129466
vn -0.751599 -0.647356 0.126608
vn -0.974185 -0.168829 0.149865
vn -0.944402 -0.211583 0.251671
vn -0.725840 -0.639009 0.254606
vn -0.082419 -0.969847 0.229357
vn -0.365978 -0.903423 0.223351
vn 0.204798 -0.967393 0.149026
vn -0.263149 -0.956029 0.129466
vn 0.000000 -0.989151 -0.146899
vn -0.468277 -0.873946 -0.130131
vn -0.729995 -0.676041 -0.100376
vn 0.770449 -0.632537 -0.079407
vn 0.961712 -0.273771 -0.012590
vn 0.966961 -0.253151 -0.030010
vn 0.967691 -0.252127 -0.002629
vn 0.961712 -0.273771 -0.012590
vn 0.979463 -0.201606 -0.002573
vn 0.999767 -0.021479 0.002282
vn 0.967691 -0.252127 -0.002629
vn 0.970749 -0.240069 -0.003565
vn 0.700904 0.713110 0.014372
vn 0.000000 0.999806 0.019696
vn -0.000000 0.999858 0.016867
vn 0.693821 0.720075 0.010206
vn -0.658690 0.626101 0.417282
vn -0.932339 0.151090 0.328506
vn -0.831368 0.094865 0.547566
vn -0.725840 -0.639009 0.254606
vn 0.607964 -0.713675 0.347921
vn 0.887156 -0.325115 0.327496
vn -0.607955 -0.713684 0.347916
vn 0.769128 -0.390224 0.506129
vn -0.932339 0.151090 0.328506
vn -0.887159 -0.325110 0.327493
vn -0.769100 -0.390298 0.506115
vn -0.831368 0.094865 0.547566
vn -0.492518 0.831590 -0.256681
vn -0.923803 -0.345994 -0.163938
vn 0.829534 0.489058 -0.269623
vn -0.172803 0.076970 -0.981944
vn 0.845415 -0.533887 -0.015434
vn 0.741731 -0.669971 0.031223
vn 0.000000 -0.999836 0.018132
vn 0.000000 -1.000000 0.000424
vn -0.991219 0.132047 -0.006998
vn -0.980234 0.197827 -0.002352
vn 0.889841 -0.456055 -0.014030
vn 0.963818 -0.264987 -0.028914
vn 0.980234 0.197827 -0.002352
vn 0.684675 0.728812 0.007332
vn 0.000000 0.999981 0.006151
vn 0.000000 0.999796 0.020192
vn 0.685425 0.728020 0.013378
vn 0.986417 0.164003 -0.009205
vn 0.845415 -0.533887 -0.015434
vn 0.741731 -0.669971 0.031223
vn 0.845415 -0.533887 -0.015434
vn 0.724047 0.673936 0.146855
vn 0.000000 0.990144 0.140056
vn 0.000000 0.999783 0.020809
vn 0.718305 0.694645 0.038816
vn 0.968305 0.197761 0.152567
vn 0.724047 0.673936 0.146855
vn 0.718305 0.694645 0.038816
vn 0.976481 0.206456 0.062132
vn 0.744626 -0.654703 0.129988
vn 0.974185 -0.168829 0.149865
vn 0.980568 -0.184162 0.067611
vn 0.725493 -0.686324 0.051177
vn 0.744626 -0.654703 0.129988
vn 0.718477 -0.645835 0.258241
vn 0.238327 -0.952422 0.189980
vn 0.050834 -0.997827 -0.041921
vn -0.000018 -0.181562 0.983380
vn 0.769128 -0.390224 0.506129
vn 0.478889 -0.721197 0.500539
vn 0.985438 0.168897 -0.019646
vn 0.992204 0.122861 -0.020894
vn 0.729995 -0.676041 -0.100376
vn 0.922413 -0.380866 -0.063986
vn 0.468277 -0.873946 -0.130131
vn 0.729995 -0.676041 -0.100376
vn 0.922413 -0.380866 -0.063986
vn 0.000000 0.999741 0.022771
vn -0.696290 0.717626 0.013943
vn -0.700904 0.713110 0.014372
vn 0.000000 0.999806 0.019696
vn 0.718305 0.694645 0.038816
vn 0.000000 0.999783 0.020809
vn 0.000000 0.999024 -0.044170
vn 0.703974 0.709983 -0.018588
vn 0.976481 0.206456 0.062132
vn 0.718305 0.694645 0.038816
vn 0.703974 0.709983 -0.018588
vn 0.975453 0.219162 0.021443
vn 0.725493 -0.686324 0.051177
vn 0.980568 -0.184162 0.067611
vn 0.983171 -0.175317 0.051369
vn 0.716327 -0.695149 0.060354
vn 0.478438 -0.850470 0.218626
vn 0.466240 -0.873615 0.139347
vn 0.309392 -0.945930 0.097428
vn 0.000000 -0.997318 0.073187
vn -0.000018 -0.181562 0.983380
vn 0.582574 0.546301 0.601799
vn 0.831368 0.094865 0.547566
vn -0.677627 0.677627 -0.285732
vn 0.696290 0.717626 0.013943
vn 0.985438 0.168897 -0.019646
vn 0.980234 0.197827 -0.002352
vn 0.685425 0.728020 0.013378
vn 0.000000 0.999741 0.022771
vn 0.696290 0.717626 0.013943
vn 0.685425 0.728020 0.013378
vn 0.000000 0.999796 0.020192
vn 0.698200 0.714968 -0.036585
vn 0.000000 0.997045 -0.076816
vn 0.000000 0.999314 -0.037024
vn 0.694362 0.719458 -0.015519
vn 0.973671 0.227417 0.015660
vn 0.698200 0.714968 -0.036585
vn 0.694362 0.719458 -0.015519
vn 0.974242 0.225389 0.007233
vn 0.725198 -0.682949 0.087571
vn 0.991557 -0.116806 0.056321
vn 0.997904 -0.061102 0.021292
vn 0.741731 -0.669971 0.031223
vn 0.725198 -0.682949 0.087571
vn 0.716327 -0.695149 0.060354
vn 0.000000 -0.998744 0.050099
vn -0.727420 -0.680356 0.089309
vn -0.000018 -0.181562 0.983380
vn 0.000000 0.752025 0.659135
vn 0.582574 0.546301 0.601799
vn -0.684675 0.728812 0.007332
vn -0.991219 0.132047 -0.006998
vn -0.980234 0.197827 -0.002352
vn -0.685425 0.728020 0.013378
vn 0.986417 0.164003 -0.009205
vn 0.974242 0.225389 0.007233
vn 0.997904 -0.061102 0.021292
vn -0.922413 -0.380866 -0.063986
vn -0.963818 -0.264987 -0.028914
vn 0.000000 0.999981 0.006151
vn -0.684675 0.728812 0.007332
vn -0.685425 0.728020 0.013378
vn 0.000000 0.999796 0.020192
vn 0.693821 0.720075 0.010206
vn -0.000000 0.999858 0.016867
vn 0.000000 0.999779 0.021025
vn 0.681543 0.731778 0.000194
vn 0.996542 0.081801 -0.014568
vn 0.693821 0.720075 0.010206
vn 0.681543 0.731778 0.000194
vn 0.996079 0.073972 -0.048522
vn 0.738319 -0.671060 -0.067554
vn 0.996542 0.081801 -0.014568
vn 0.996079 0.073972 -0.048522
vn 0.727418 -0.676240 -0.116460
vn 0.468277 -0.873946 -0.130131
vn 0.000000 -0.989151 -0.146899
vn 0.000000 -0.992466 -0.122519
vn 0.729995 -0.676041 -0.100376
vn -0.000000 -0.995488 -0.094888
vn -0.738319 -0.671060 -0.067554
vn -0.727418 -0.676239 -0.116460
vn 0.000000 -0.989151 -0.146900
vn -0.729995 -0.676041 -0.100376
vn -0.468277 -0.873946 -0.130131
vn -0.770449 -0.632537 -0.079407
vn -0.922413 -0.380866 -0.063986
vn -0.980234 0.197827 -0.002352
vn -0.985438 0.168897 -0.019646
vn -0.844274 -0.535665 -0.016291
vn 0.000000 -0.992466 -0.122519
vn -0.729995 -0.676041 -0.100376
vn -0.738319 -0.671060 -0.067554
vn -0.000000 -0.995488 -0.094888
vn -0.725343 -0.657873 -0.202683
vn -0.789432 -0.459496 -0.407014
vn -0.949369 0.069282 -0.306430
vn -0.990633 0.069697 -0.117426
vn -0.725343 -0.657873 -0.202683
vn 0.000000 -0.974296 -0.225273
vn -0.455693 -0.747148 -0.483854
vn -0.789432 -0.459496 -0.407014
vn -0.699831 0.713514 -0.033689
vn -0.738082 0.599970 -0.308660
vn 0.000000 0.943114 -0.332470
vn 0.000000 0.999946 0.010435
vn -0.990633 0.069697 -0.117426
vn -0.949369 0.069282 -0.306430
vn -0.738082 0.599970 -0.308660
vn -0.699831 0.713514 -0.033689
vn -0.741731 -0.669971 0.031223
vn -0.695787 0.694562 -0.182933
vn 0.000000 -0.999836 0.018132
vn 0.000000 -0.997318 0.073187
vn 0.000000 -0.998744 0.050099
vn -0.000000 -0.998832 0.048323
vn -0.727808 -0.683923 0.050445
vn -0.720854 -0.690377 0.061231
vn 0.104151 0.990242 -0.092595
vn 0.101151 0.990181 -0.096487
vn -0.133028 0.973552 0.185744
vn -0.088206 0.986342 0.139104
vn -0.088206 0.986342 0.139104
vn -0.133028 0.973552 0.185744
vn -0.664379 0.004729 0.747381
vn -0.671070 0.007656 0.741354
vn -0.671070 0.007656 0.741354
vn -0.204798 -0.967393 0.149026
vn -0.171770 -0.979091 0.108975
vn -0.194281 0.942780 0.270963
vn 0.999475 0.001433 0.032366
vn 0.999475 0.001433 0.032366
vn 0.999475 0.001433 0.032366
vn 0.999475 0.001433 0.032366
vn -0.272798 -0.934219 0.229819
vn -0.238327 -0.952422 0.189980
vn -0.204798 -0.967393 0.149026
vn -0.671070 0.007656 0.741354
vn 0.107148 0.990279 -0.088700
vn 0.104151 0.990242 -0.092595
vn -0.044831 0.994583 0.093776
vn -0.088206 0.986342 0.139104
vn -0.044831 0.994583 0.093776
vn -0.088206 0.986342 0.139104
vn -0.671070 0.007656 0.741354
vn 0.938958 -0.316075 -0.135850
vn -0.066135 -0.997701 -0.014793
vn -0.171770 -0.979091 0.108975
vn -0.204798 -0.967393 0.149026
vn -0.058492 -0.997885 -0.028361
vn -0.664379 0.004729 0.747381
vn 0.979631 -0.034314 0.197855
vn 0.976926 -0.041963 0.209413
vn 0.982139 -0.026659 0.186256
vn 0.974558 -0.177836 -0.136422
vn 0.933300 -0.321953 -0.159049
vn 0.938958 -0.316075 -0.135850
vn 0.929746 -0.340222 -0.140790
vn -0.238327 -0.952422 0.189980
vn -0.050834 -0.997827 -0.041921
vn -0.058492 -0.997885 -0.028361
vn -0.204798 -0.967393 0.149026
vn -0.999476 0.022884 0.022886
vn -0.997887 0.051064 0.040185
vn -0.846888 0.493270 0.198656
vn 0.831185 0.511641 0.217614
vn 0.979631 -0.034314 0.197855
vn 0.979631 -0.034314 0.197855
vn 0.980058 -0.151262 -0.128862
vn 0.929746 -0.340222 -0.140790
vn -0.778458 -0.627391 -0.019561
vn -0.556393 -0.830711 -0.018592
vn 0.999475 0.001432 0.032365
vn 0.999475 0.001432 0.032365
vn 0.999475 0.001433 0.032366
vn 0.999475 0.001433 0.032366
vn 0.999475 0.001433 0.032366
vn 0.999475 0.001433 0.032366
vn 0.923803 -0.345994 -0.163938
vn 0.976991 -0.043131 0.208873
vn 0.976991 -0.043131 0.208873
vn 0.976989 -0.043137 0.208882
vn 0.999556 0.008481 0.028547
vn 0.999457 0.006024 0.032380
vn 0.999510 0.007252 0.030464
vn 0.999510 0.007252 0.030464
vn 0.997777 -0.066597 0.002279
vn 0.997777 -0.066597 0.002279
vn 0.999011 -0.044117 0.005453
vn 0.999483 0.012372 0.029671
vn 0.999483 0.012372 0.029671
vn 0.999507 0.013093 0.028546
vn 0.999011 -0.044117 0.005453
vn 0.998791 -0.047832 0.011360
vn 0.999183 -0.040400 -0.000453
vn 0.999458 0.011651 0.030796
vn 0.999483 0.012372 0.029671
vn 0.999483 0.012372 0.029671
vn 0.999011 -0.044117 0.005453
vn 0.999011 -0.044117 0.005453
vn 0.998554 -0.053595 -0.004292
vn 0.998554 -0.053595 -0.004292
vn 0.998845 -0.043669 -0.020055
vn 0.997916 -0.063502 0.011473
vn 0.998554 -0.053595 -0.004292
vn 0.998554 -0.053595 -0.004292
vn 0.996083 -0.088355 0.003337
vn 0.999503 0.013359 0.028545
vn 0.999503 0.013359 0.028545
vn 0.999503 0.013359 0.028545
vn 0.996083 -0.088355 0.003337
vn 0.996518 -0.083242 -0.004760
vn 0.995557 -0.093460 0.011433
vn 0.999503 0.013358 0.028545
vn 0.999503 0.013359 0.028545
vn 0.999503 0.013359 0.028545
vn 0.996083 -0.088355 0.003337
vn 0.996083 -0.088355 0.003337
vn 0.994252 -0.106675 0.009110
vn 0.994252 -0.106675 0.009110
vn 0.994426 -0.105217 0.006804
vn 0.994071 -0.108132 0.011416
vn 0.994252 -0.106675 0.009110
vn 0.994252 -0.106675 0.009110
vn 0.994071 -0.108135 0.011415
vn 0.999503 0.013358 0.028546
vn 0.999503 0.013358 0.028546
vn 0.999503 0.013358 0.028546
vn 0.994071 -0.108135 0.011415
vn 0.994071 -0.108135 0.011415
vn 0.994071 -0.108135 0.011415
vn 0.999503 0.013358 0.028546
vn 0.999503 0.013358 0.028546
vn 0.999503 0.013358 0.028546
vn 0.994071 -0.108135 0.011415
vn 0.994071 -0.108135 0.011415
vn 0.996571 -0.078893 -0.024937
vn 0.996571 -0.078893 -0.024937
vn 0.994776 -0.101533 0.010602
vn 0.996594 -0.056112 -0.060431
vn 0.999503 0.013358 0.028546
vn 0.999503 0.013358 0.028546
vn 0.999503 0.013358 0.028546
vn 0.999503 0.013358 0.028546
vn 0.999503 0.013358 0.028546
vn 0.999503 0.013358 0.028546
vn 0.556393 -0.830711 -0.018592
vn 0.778458 -0.627391 -0.019561
vn 0.778458 -0.627391 -0.019561
vn 0.556393 -0.830711 -0.018592
vn 0.999108 0.001707 0.042184
vn 0.999108 0.001707 0.042184
vn 0.999091 0.001438 0.042603
vn 0.999913 0.005751 0.011887
vn 0.999913 0.005751 0.011887
vn 0.999420 0.005824 0.033564
vn 0.999420 0.005824 0.033564
vn 0.999420 0.005837 0.033544
vn 0.778458 -0.627391 -0.019561
vn 0.778458 -0.627391 -0.019561
vn 0.929954 -0.367196 -0.018756
vn 0.929954 -0.367196 -0.018756
vn 0.999419 0.005812 0.033584
vn 0.999420 0.005824 0.033564
vn 0.999420 0.005824 0.033564
vn 0.702479 0.701698 -0.118929
vn 0.999698 -0.000151 -0.024558
vn 0.707113 -0.707081 0.005224
vn 0.705768 -0.706156 -0.056881
vn 0.996118 -0.000587 -0.088024
vn 0.707113 -0.707081 0.005224
vn 0.000000 -0.999846 0.017564
vn 0.000000 -0.999035 -0.043925
vn 0.705768 -0.706156 -0.056881
vn 0.000000 -0.999846 0.017564
vn -0.707113 -0.707081 0.005224
vn -0.705768 -0.706156 -0.056881
vn 0.000000 -0.999035 -0.043925
vn -0.705768 -0.706156 -0.056881
vn -0.996118 -0.000587 -0.088024
vn -0.988528 -0.001020 -0.151033
vn -0.702516 0.703429 -0.107974
vn -0.994010 -0.007628 0.109022
vn -0.706964 0.699718 0.102937
vn -0.702516 0.703429 -0.107974
vn 0.999579 -0.014484 0.025127
vn 0.999579 -0.014484 0.025127
vn 0.999579 -0.014484 0.025127
vn 0.999579 -0.014484 0.025126
vn 0.999579 -0.014484 0.025127
vn 0.999579 -0.014484 0.025127
vn 0.999772 -0.009172 0.019291
vn 0.999772 -0.009172 0.019291
vn 0.999895 -0.005429 0.013449
vn 0.999601 -0.012914 0.025133
vn 0.999772 -0.009172 0.019291
vn 0.999772 -0.009172 0.019291
vn 1.000000 0.000000 0.000000
vn 1.000000 0.000000 0.000000
vn 1.000000 0.000000 0.000000
vn 1.000000 0.000000 0.000000
vn 0.999913 0.005751 0.011887
vn 0.999913 0.005751 0.011887
vn 0.999914 0.005813 0.011790
vn 0.999912 0.005689 0.011983
vn 0.000000 0.999024 -0.044170
vn -0.703974 0.709983 -0.018588
vn -0.698200 0.714968 -0.036585
vn 0.000000 0.997045 -0.076816
vn 0.789831 -0.610288 -0.060951
vn 0.963818 -0.264987 -0.028914
vn 0.922413 -0.380866 -0.063986
vn 0.770449 -0.632537 -0.079407
vn 0.000000 -0.000000 -1.000000
vn -0.974558 -0.177836 -0.136422
vn -0.985438 0.168897 -0.019646
vn -0.992204 0.122861 -0.020894
vn -0.700904 0.713110 0.014372
vn -0.696290 0.717626 0.013943
vn 0.495172 -0.867605 -0.045448
vn 0.495172 -0.867605 -0.045448
vn 0.942786 -0.332942 -0.017440
vn 0.942786 -0.332942 -0.017440
vn -0.000017 -0.998631 -0.052312
vn -0.000017 -0.998631 -0.052312
vn 0.495172 -0.867605 -0.045448
vn 0.495172 -0.867605 -0.045448
vn -0.729995 -0.676041 -0.100376
vn -0.992204 0.122861 -0.020894
vn -0.985438 0.168897 -0.019646
vn -0.922413 -0.380866 -0.063986
vn 0.999126 0.001976 0.041765
vn 0.999108 0.001707 0.042184
vn 0.999108 0.001707 0.042184
vn 0.999091 0.001438 0.042603
vn 0.999091 0.001438 0.042603
vn 0.999091 0.001438 0.042603
vn 0.999091 0.001438 0.042603
vn 0.999091 0.001438 0.042603
vn 0.999091 0.001438 0.042603
vn 0.999475 0.001433 0.032366
vn 0.999475 0.001433 0.032366
vn 0.999475 0.001433 0.032366
vn 0.999475 0.001433 0.032366
vn 0.999475 0.001433 0.032366
vn 0.999475 0.001433 0.032366
vn 0.999475 0.001432 0.032365
vn 0.999475 0.001432 0.032365
vn 0.999475 0.001433 0.032365
vn 0.999475 0.001432 0.032366
vn -0.705768 -0.706156 -0.056881
vn -0.999698 -0.000151 -0.024558
vn -0.706231 0.705897 -0.054281
vn -0.702479 0.701698 -0.118928
vn -0.996118 -0.000587 -0.088024
vn -0.706231 0.705897 -0.054281
vn 0.000000 0.997782 -0.066563
vn 0.000000 0.991297 -0.131645
vn -0.702479 0.701698 -0.118928
vn 0.000000 0.997782 -0.066563
vn 0.706231 0.705897 -0.054281
vn 0.702479 0.701698 -0.118929
vn 0.000000 0.991297 -0.131645
vn 0.706231 0.705897 -0.054281
vn 0.999698 -0.000151 -0.024558
vn 0.996118 -0.000587 -0.088024
vn 0.999579 -0.014484 0.025127
vn 0.999579 -0.014484 0.025127
vn 0.999579 -0.014484 0.025127
vn 0.999579 -0.014484 0.025127
vn 0.999579 -0.014484 0.025126
vn 0.999579 -0.014484 0.025126
vn 0.999579 -0.014484 0.025127
vn 0.999579 -0.014484 0.025126
vn 0.999579 -0.014484 0.025126
vn 0.999579 -0.014484 0.025126
vn 0.999579 -0.014484 0.025126
vn 0.999579 -0.014484 0.025126
vn -0.995205 0.000443 -0.097809
vn -0.707113 -0.707081 0.005224
vn -0.999698 -0.000151 -0.024558
vn -0.996118 -0.000587 -0.088024
vn -1.000000 0.000000 0.000000
vn -1.000000 0.000000 0.000000
vn -1.000000 0.000000 0.000000
vn -1.000000 0.000000 0.000000
vn 0.999579 -0.014484 0.025127
vn 0.999579 -0.014484 0.025126
vn 0.999579 -0.014484 0.025126
vn 0.999579 -0.014484 0.025126
vn -0.949369 0.069282 -0.306430
vn -0.789432 -0.459496 -0.407014
vn -0.793388 -0.271901 -0.544615
vn -0.889851 0.075860 -0.449901
vn -0.000000 -0.836370 -0.548165
vn 0.000000 -0.621831 -0.783151
vn -0.453146 -0.536960 -0.711570
vn -0.455693 -0.747148 -0.483854
vn -0.751599 -0.647356 0.126608
vn -0.727808 -0.683923 0.050445
vn -0.000000 -0.998832 0.048323
vn -0.263149 -0.956029 0.129466
vn -0.983354 -0.173805 0.052987
vn -0.720854 -0.690377 0.061231
vn -0.727420 -0.680356 0.089309
vn -0.991458 -0.116054 0.059517
vn 0.000000 -0.999836 0.018132
vn -0.741731 -0.669971 0.031223
vn -0.844274 -0.535665 -0.016291
vn 0.000000 -1.000000 0.000424
vn 0.987968 0.154447 0.008088
vn 0.987968 0.154447 0.008088
vn 0.942786 -0.332942 -0.017440
vn 0.942786 -0.332942 -0.017440
vn 0.897969 0.439456 0.023016
vn 0.897969 0.439456 0.023016
vn 0.987968 0.154447 0.008088
vn 0.987968 0.154447 0.008088
vn 0.836437 0.525551 0.155466
vn 0.836111 0.525981 0.155765
vn 0.723101 0.653887 0.222615
vn 0.726611 0.647499 0.229743
vn 0.836437 0.525551 0.155466
vn 0.723101 0.653887 0.222615
vn 0.586220 0.760554 0.279111
vn 0.726611 0.647499 0.229743
vn 0.723101 0.653887 0.222615
vn 0.586220 0.760554 0.279111
vn 0.723101 0.653887 0.222615
vn 0.582861 0.766330 0.270207
vn 0.000000 -1.000000 0.000000
vn 0.678599 -0.734509 0.000000
vn 0.479842 -0.734510 -0.479841
vn 0.588089 0.761390 0.272832
vn 0.586220 0.760554 0.279111
vn 0.582861 0.766330 0.270207
vn 0.545816 0.733551 0.404955
vn 1.000000 0.000000 0.000000
vn 0.707107 0.000000 -0.707106
vn 0.479842 -0.734510 -0.479841
vn 0.678599 -0.734509 0.000000
vn 0.999869 -0.014469 0.007212
vn 0.999869 -0.014469 0.007212
vn 0.999869 -0.014469 0.007211
vn 0.999869 -0.014469 0.007211
vn 0.000000 -1.000000 0.000000
vn 0.479842 -0.734510 -0.479841
vn -0.000000 -0.734510 -0.678598
vn 0.707107 0.000000 -0.707106
vn -0.000000 0.000000 -1.000000
vn -0.000000 -0.734510 -0.678598
vn 0.479842 -0.734510 -0.479841
vn 0.999869 -0.014469 0.007212
vn 0.999869 -0.014469 0.007212
vn 0.999869 -0.014469 0.007211
vn 0.999869 -0.014469 0.007212
vn 0.545816 0.733551 0.404955
vn 0.545816 0.733551 0.404955
vn 0.545816 0.733551 0.404955
vn 0.999869 -0.014469 0.007212
vn 0.999869 -0.014469 0.007212
vn 0.999869 -0.014469 0.007212
vn 0.416035 0.763629 0.493746
vn 0.416035 0.763629 0.493746
vn 0.363313 0.784008 0.503325
vn -0.402570 0.769401 0.495943
vn -0.471326 0.743661 0.474151
vn -0.471326 0.743661 0.474151
vn 0.999869 -0.014469 0.007212
vn 0.999869 -0.014469 0.007211
vn 0.999869 -0.014469 0.007212
vn -0.402570 0.769401 0.495943
vn 0.416035 0.763629 0.493746
vn 0.467389 0.740741 0.482546
vn 0.467389 0.740741 0.482546
vn 0.416035 0.763629 0.493746
vn 0.999869 -0.014469 0.007212
vn 0.999869 -0.014469 0.007212
vn 0.000000 -1.000000 0.000000
vn -0.000000 -0.734510 -0.678598
vn -0.479842 -0.734509 -0.479842
vn 0.999869 -0.014469 0.007212
vn 0.999869 -0.014469 0.007212
vn -0.331452 0.790628 0.514826
vn -0.000000 0.000000 -1.000000
vn -0.707107 0.000000 -0.707107
vn -0.479842 -0.734509 -0.479842
vn -0.000000 -0.734510 -0.678598
vn -0.402570 0.769401 0.495943
vn -0.402570 0.769401 0.495943
vn 0.999869 -0.014469 0.007212
vn 0.000000 -1.000000 0.000000
vn -0.479842 -0.734509 -0.479842
vn -0.678598 -0.734510 0.000000
vn -0.707107 0.000000 -0.707107
vn -1.000000 0.000000 0.000000
vn -0.678598 -0.734510 0.000000
vn -0.479842 -0.734509 -0.479842
vn 0.999869 -0.014469 0.007212
vn 0.999869 -0.014469 0.007211
vn -0.331452 0.790628 0.514826
vn 0.999869 -0.014469 0.007212
vn 0.363313 0.784008 0.503325
vn 0.999869 -0.014469 0.007212
vn 0.999869 -0.014469 0.007212
vn 0.999869 -0.014469 0.007211
vn 0.999869 -0.014469 0.007211
vn 0.999869 -0.014469 0.007212
vn 0.999869 -0.014469 0.007211
vn -0.728078 0.651001 0.214711
vn -0.741731 -0.669971 0.031223
vn 1.000000 0.000000 0.000000
vn 0.724617 0.212960 0.655422
vn 0.724617 0.557535 0.405073
vn 1.000000 0.000000 0.000000
vn 1.000000 0.000000 0.000000
vn 1.000000 0.000000 0.000000
vn -0.998769 -0.046287 -0.017813
vn -0.999764 -0.013756 -0.016794
vn -0.992130 0.124065 -0.016908
vn -0.998938 -0.045442 0.007566
vn -0.724617 0.557535 -0.405073
vn -0.724617 0.689152 0.000000
vn -0.050782 -0.976961 -0.207287
vn 0.000836 -0.935590 -0.353088
vn 0.000836 -0.935590 -0.353088
vn -0.050782 -0.976961 -0.207287
vn -0.050782 -0.976961 -0.207287
vn -0.324032 -0.923023 0.207439
vn -0.324032 -0.923023 0.207439
vn -0.050782 -0.976961 -0.207287
vn 0.127766 0.985475 -0.111871
vn -0.160183 0.939065 0.304136
vn -0.160183 0.939065 0.304136
vn 0.127766 0.985475 -0.111871
vn -0.324032 -0.923023 0.207439
vn -0.672699 0.013888 0.739786
vn -0.672699 0.013888 0.739786
vn -0.324032 -0.923023 0.207439
vn -0.160183 0.939065 0.304136
vn -0.160183 0.939065 0.304136
vn -0.672699 0.013888 0.739786
vn -0.672699 0.013888 0.739786
vn 0.127766 0.985475 -0.111871
vn 0.170079 0.951245 -0.257307
vn 0.170079 0.951245 -0.257307
vn 0.127766 0.985475 -0.111871
vn -0.821334 0.533644 0.201579
vn -0.994608 0.092005 0.047859
vn -0.011782 0.924386 0.381276
vn -0.011782 0.924386 0.381276
vn -0.801866 -0.595668 -0.046799
vn 0.996319 -0.085572 0.005103
vn 0.996478 -0.083828 0.002335
vn 0.996478 -0.083828 0.002335
vn 0.996478 -0.083828 0.002335
vn 0.996625 -0.082082 -0.000434
vn 0.996478 -0.083828 0.002335
vn -0.962033 -0.271307 -0.029733
vn -0.947712 -0.317942 -0.027470
vn -0.947712 -0.317942 -0.027470
vn 0.989730 -0.142860 0.004963
vn -0.573270 -0.816674 -0.066377
vn 0.000000 0.000000 -1.000000
vn 0.000000 0.000000 -1.000000
vn 0.957829 0.000000 -0.287339
vn -0.994473 0.012717 0.104220
vn -0.994795 0.017355 0.100408
vn -0.994976 0.026253 0.096615
vn -0.994709 0.021616 0.100433
vn 0.695787 0.694562 -0.182933
vn -0.465341 0.273521 -0.841810
vn -0.465341 0.716086 -0.520267
vn 0.724617 0.557536 -0.405073
vn 0.724617 0.212960 -0.655422
vn 0.947134 -0.299274 -0.115642
vn 0.935550 -0.315168 -0.159422
vn 0.874438 -0.432722 -0.219339
vn 0.922781 -0.342662 -0.176235
vn -0.998499 0.037386 0.040025
vn -0.999067 0.013931 0.040872
vn -0.999786 0.014564 0.014671
vn 0.000000 0.000000 -1.000000
vn 0.994826 -0.031393 -0.096617
vn 0.994826 0.031393 -0.096617
vn 1.000000 -0.000000 0.000000
vn 0.724617 -0.212960 -0.655422
vn 0.724617 0.212960 -0.655422
vn -0.349929 -0.389593 0.851920
vn 1.000000 0.000000 0.000000
vn -0.465341 -0.273521 -0.841810
vn -0.465341 0.273521 -0.841810
vn 0.724617 0.212960 -0.655422
vn 0.724617 -0.212960 -0.655422
vn 0.999506 0.002191 0.031353
vn 0.999506 0.002191 0.031353
vn 0.999536 0.002840 0.030340
vn 0.999475 0.001542 0.032366
vn 0.000000 0.000000 -1.000000
vn 0.000000 -0.957829 -0.287339
vn 0.677287 -0.677288 -0.287339
vn -0.938958 -0.316075 -0.135850
vn 0.994826 -0.082188 -0.059713
vn 0.994826 -0.031393 -0.096617
vn 1.000000 -0.000000 0.000000
vn 0.724617 -0.557536 -0.405073
vn 0.724617 -0.212960 -0.655422
vn 1.000000 0.000000 0.000000
vn -0.349929 -0.389593 0.851920
vn -0.465341 -0.716086 -0.520267
vn -0.465341 -0.273521 -0.841810
vn 0.724617 -0.212960 -0.655422
vn 0.724617 -0.557536 -0.405073
vn 0.999475 0.001433 0.032366
vn 0.999475 0.001433 0.032366
vn 0.999475 0.001433 0.032366
vn 0.999475 0.001433 0.032366
vn -0.933300 -0.321953 -0.159049
vn -0.958310 -0.000000 -0.285732
vn -0.969821 -0.183965 -0.160015
vn -1.000000 0.000000 0.000000
vn 0.994826 -0.101589 0.000000
vn 0.994826 -0.082188 -0.059713
vn 1.000000 -0.000000 0.000000
vn 0.724617 -0.689152 0.000000
vn 0.724617 -0.557536 -0.405073
vn 1.000000 0.000000 0.000000
vn 0.700146 0.700560 -0.137884
vn -0.465341 -0.885131 0.000000
vn -0.465341 -0.716086 -0.520267
vn 0.724617 -0.557536 -0.405073
vn 0.724617 -0.689152 0.000000
vn -0.023374 0.922433 0.385450
vn 0.996460 0.062521 0.056209
vn 0.831185 0.511641 0.217614
vn -0.890802 -0.408774 -0.198434
vn -0.992081 0.125171 0.010408
vn 0.998701 0.045968 0.021988
vn -0.999251 0.025973 0.028687
vn -0.996664 0.060088 0.055238
vn 0.994826 -0.082188 0.059713
vn 0.994826 -0.101589 0.000000
vn 1.000000 -0.000000 0.000000
vn 0.724617 -0.557535 0.405073
vn 0.724617 -0.689152 0.000000
vn 0.000000 0.000000 -1.000000
vn 1.000000 0.000000 0.000000
vn -0.465341 -0.716086 0.520267
vn -0.465341 -0.885131 0.000000
vn 0.724617 -0.689152 0.000000
vn 0.724617 -0.557535 0.405073
vn 0.996571 -0.078893 -0.024937
vn 0.996571 -0.078893 -0.024937
vn 0.998951 -0.045726 0.002434
vn 0.998951 -0.045726 0.002434
vn -0.998399 -0.053700 0.017783
vn 1.000000 0.000000 0.000000
vn 0.724617 -0.212960 -0.655422
vn 0.724617 -0.557535 -0.405073
vn 0.994826 -0.031393 0.096617
vn 0.994826 -0.082188 0.059713
vn 1.000000 -0.000000 0.000000
vn 0.724617 -0.212960 0.655422
vn 0.724617 -0.557535 0.405073
vn 0.000000 0.000000 -1.000000
vn 1.000000 0.000000 0.000000
vn -0.465341 -0.273521 0.841810
vn -0.465341 -0.716086 0.520267
vn 0.724617 -0.557535 0.405073
vn 0.724617 -0.212960 0.655422
vn 0.998875 -0.047187 0.004722
vn 0.999020 -0.044265 0.000147
vn 0.995001 0.013320 0.098972
vn 0.995001 0.013320 0.098972
vn 1.000000 0.000000 0.000000
vn 1.000000 0.000000 0.000000
vn 1.000000 0.000000 0.000000
vn 0.724617 -0.212960 -0.655422
vn 0.994826 0.031393 0.096617
vn 0.994826 -0.031393 0.096617
vn 1.000000 -0.000000 0.000000
vn 0.724617 0.212960 0.655422
vn 0.724617 -0.212960 0.655422
vn -0.975696 -0.157408 -0.152446
vn 1.000000 0.000000 0.000000
vn -0.465341 0.273521 0.841810
vn -0.465341 -0.273521 0.841810
vn 0.724617 -0.212960 0.655422
vn 0.724617 0.212960 0.655422
vn 0.995001 0.013320 0.098972
vn 0.995001 0.013320 0.098972
vn 0.995001 0.013320 0.098972
vn 0.995001 0.013320 0.098972
vn 0.724617 0.212960 -0.655422
vn -0.724617 0.212960 -0.655422
vn -0.724617 -0.212960 -0.655422
vn -0.724617 0.212960 -0.655422
vn 0.994826 0.082188 0.059713
vn 0.994826 0.031393 0.096617
vn 1.000000 -0.000000 0.000000
vn 0.724617 0.557535 0.405073
vn 0.724617 0.212960 0.655422
vn -0.969821 -0.183965 -0.160015
vn 1.000000 0.000000 0.000000
vn -0.465341 0.716086 0.520267
vn -0.465341 0.273521 0.841810
vn 0.724617 0.212960 0.655422
vn 0.724617 0.557535 0.405073
vn 0.999870 -0.012579 0.010052
vn 0.999764 -0.013756 -0.016794
vn 0.992130 0.124065 -0.016908
vn 0.992081 0.125171 0.010408
vn -0.724617 0.557535 -0.405073
vn -1.000000 0.000000 0.000000
vn 0.978797 -0.202630 -0.029972
vn 0.999413 -0.022479 -0.025869
vn 0.994826 0.101589 0.000000
vn 0.994826 0.082188 0.059713
vn 1.000000 -0.000000 0.000000
vn 0.724617 0.689152 0.000000
vn 0.724617 0.557535 0.405073
vn 1.000000 0.000000 0.000000
vn -0.933300 -0.321953 -0.159049
vn -0.465341 0.885131 0.000000
vn -0.465341 0.716086 0.520267
vn 0.724617 0.557535 0.405073
vn 0.724617 0.689152 0.000000
vn 0.993875 -0.007230 0.110270
vn 0.993875 -0.007230 0.110270
vn 0.993875 -0.007229 0.110269
vn 0.994976 0.026253 0.096615
vn 0.996542 0.081801 -0.014568
vn -0.724617 0.689152 0.000000
vn -0.724617 0.557535 0.405073
vn -1.000000 0.000000 0.000000
vn 0.994826 0.082188 -0.059713
vn 0.994826 0.101589 -0.000000
vn 1.000000 -0.000000 -0.000000
vn 0.724617 0.557535 -0.405073
vn 0.724617 0.689152 0.000000
vn 1.000000 0.000000 0.000000
vn -0.975696 -0.157408 -0.152446
vn -0.465341 0.716086 -0.520267
vn -0.465341 0.885131 0.000000
vn 0.724617 0.689152 0.000000
vn 0.724617 0.557535 -0.405073
vn 0.993906 0.050660 0.097895
vn 0.993747 0.046027 0.101725
vn 0.994709 0.021616 0.100433
vn 0.993875 -0.007230 0.110270
vn 0.724617 0.557535 0.405073
vn 0.724617 0.212960 0.655422
vn -0.724617 0.212960 0.655422
vn -0.724617 0.557535 0.405073
vn 0.994826 0.031393 -0.096617
vn 0.994826 0.082188 -0.059713
vn 1.000000 -0.000000 -0.000000
vn 0.724617 0.212960 -0.655422
vn 0.724617 0.557535 -0.405073
vn 1.000000 0.000000 0.000000
vn -0.974558 -0.177836 -0.136422
vn -0.465341 0.273521 -0.841810
vn -0.465341 0.716086 -0.520267
vn 0.724617 0.557535 -0.405073
vn 0.724617 0.212960 -0.655422
vn 0.993875 -0.007230 0.110270
vn 0.993875 -0.007230 0.110270
vn 0.998938 -0.045442 0.007566
vn 0.998942 -0.045097 0.009035
vn -0.973272 0.229486 0.008783
vn 1.000000 0.000000 0.000000
vn 0.724617 -0.212960 0.655422
vn 0.724617 0.212960 0.655422
vn 0.994826 -0.031393 -0.096617
vn 0.994826 0.031393 -0.096617
vn 1.000000 -0.000000 -0.000000
vn 0.724617 -0.212960 -0.655422
vn 0.724617 0.212960 -0.655422
vn 1.000000 0.000000 0.000000
vn -0.918363 -0.363037 -0.157526
vn -0.465341 -0.273521 -0.841810
vn -0.465341 0.273521 -0.841810
vn 0.724617 0.212960 -0.655422
vn 0.724617 -0.212960 -0.655422
vn 0.999870 -0.012579 0.010052
vn 0.992081 0.125171 0.010408
vn 0.993876 -0.007230 0.110269
vn 0.993876 -0.007230 0.110269
vn 1.000000 0.000000 0.000000
vn 1.000000 0.000000 0.000000
vn 1.000000 0.000000 0.000000
vn -0.832771 0.509139 0.217416
vn 0.994826 -0.082188 -0.059713
vn 0.994826 -0.031393 -0.096617
vn 1.000000 -0.000000 -0.000000
vn 0.724617 -0.557535 -0.405073
vn 0.724617 -0.212960 -0.655422
vn 1.000000 0.000000 0.000000
vn -0.923803 -0.345994 -0.163938
vn -0.465341 -0.716086 -0.520267
vn -0.465341 -0.273521 -0.841810
vn 0.724617 -0.212960 -0.655422
vn 0.724617 -0.557535 -0.405073
vn 0.993876 -0.007229 0.110269
vn 0.993875 -0.007230 0.110269
vn 0.993876 -0.007230 0.110269
vn 0.993876 -0.007230 0.110269
vn 0.000000 0.000000 -1.000000
vn 0.000000 0.000000 -1.000000
vn -0.999870 -0.012579 0.010052
vn -0.998942 -0.045097 0.009035
vn 0.994826 -0.101589 -0.000000
vn 0.994826 -0.082188 -0.059713
vn 1.000000 -0.000000 -0.000000
vn 0.724617 -0.689152 0.000000
vn 0.724617 -0.557535 -0.405073
vn 1.000000 0.000000 0.000000
vn -0.918363 -0.363037 -0.157526
vn -0.465341 -0.885131 0.000000
vn -0.465341 -0.716086 -0.520267
vn 0.724617 -0.557535 -0.405073
vn 0.724617 -0.689152 0.000000
vn 0.983632 -0.007085 0.180051
vn 0.983632 -0.007085 0.180051
vn 0.983632 -0.007085 0.180051
vn 0.998951 -0.045726 0.002434
vn -0.998726 -0.046631 -0.019282
vn -0.000034 -0.983891 -0.178768
vn -0.000272 -0.977382 0.211480
vn -0.991219 0.132047 -0.006998
vn 0.994826 -0.082188 0.059713
vn 0.994826 -0.101589 -0.000000
vn 1.000000 -0.000000 -0.000000
vn 0.724617 -0.557535 0.405073
vn 0.724617 -0.689152 0.000000
vn -0.933300 -0.321953 -0.159049
vn 1.000000 0.000000 0.000000
vn -0.465341 -0.716086 0.520267
vn -0.465341 -0.885131 0.000000
vn 0.724617 -0.689152 0.000000
vn 0.724617 -0.557535 0.405073
vn -1.000000 -0.000000 -0.000000
vn -0.998358 0.046341 0.033668
vn -0.998358 0.057280 -0.000000
vn 1.000000 0.000000 0.000000
vn 0.724617 -0.557535 -0.405073
vn 0.724617 -0.689152 0.000000
vn 1.000000 0.000000 0.000000
vn 0.994826 -0.031393 0.096617
vn 0.994826 -0.082188 0.059713
vn 1.000000 -0.000000 -0.000000
vn 0.724617 -0.212960 0.655422
vn 0.724617 -0.557535 0.405073
vn 0.000000 0.000000 -1.000000
vn 1.000000 0.000000 0.000000
vn -0.465341 -0.273521 0.841810
vn -0.465341 -0.716086 0.520267
vn 0.724617 -0.557535 0.405073
vn 0.724617 -0.212960 0.655422
vn 1.000000 0.000000 0.000000
vn 1.000000 0.000000 0.000000
vn 0.724617 -0.557535 -0.405073
vn 0.724617 -0.212960 -0.655422
vn -0.724617 -0.212960 -0.655422
vn -0.724617 -0.557535 -0.405073
vn -0.724617 -0.212960 -0.655422
vn -0.724617 0.212960 -0.655422
vn 0.994826 0.031393 0.096617
vn 0.994826 -0.031393 0.096617
vn 1.000000 -0.000000 -0.000000
vn 0.724617 0.212960 0.655422
vn 0.724617 -0.212960 0.655422
vn 0.000000 -0.000000 -1.000000
vn 1.000000 0.000000 0.000000
vn -0.465341 0.273521 0.841810
vn -0.465341 -0.273521 0.841810
vn 0.724617 -0.212960 0.655422
vn 0.724617 0.212960 0.655422
vn 0.873988 -0.442279 -0.201331
vn 0.935603 -0.321258 -0.146425
vn -0.846888 0.493270 0.198656
vn -0.023374 0.922433 0.385450
vn -1.000000 0.000000 0.000000
vn -0.724617 0.557535 0.405073
vn -0.724617 0.212960 0.655422
vn -1.000000 0.000000 0.000000
vn 0.994826 0.082188 0.059713
vn 0.994826 0.031393 0.096617
vn 1.000000 -0.000000 -0.000000
vn 0.724617 0.557535 0.405073
vn 0.724617 0.212960 0.655422
vn 0.000000 0.958310 -0.285732
vn 1.000000 0.000000 0.000000
vn -0.465341 0.716086 0.520267
vn -0.465341 0.273521 0.841810
vn 0.724617 0.212960 0.655422
vn 0.724617 0.557535 0.405073
vn -0.724617 0.557535 0.405073
vn -0.724617 0.212960 0.655422
vn 0.465341 0.273521 0.841810
vn 0.465341 0.716086 0.520267
vn 0.724617 0.212960 0.655422
vn 0.724617 -0.212960 0.655422
vn -0.724617 -0.212960 0.655422
vn -0.724617 0.212960 0.655422
vn 0.994826 0.101589 -0.000000
vn 0.994826 0.082188 0.059713
vn 1.000000 -0.000000 -0.000000
vn 0.724617 0.689152 0.000000
vn 0.724617 0.557535 0.405073
vn -0.677627 0.677627 -0.285732
vn 1.000000 0.000000 0.000000
vn -0.465341 0.885131 0.000000
vn -0.465341 0.716086 0.520267
vn 0.724617 0.557535 0.405073
vn 0.724617 0.689152 0.000000
vn -0.929954 -0.367196 -0.018756
vn -0.929954 -0.367196 -0.018756
vn -0.556393 -0.830711 -0.018592
vn -0.778458 -0.627391 -0.019561
vn 0.000000 0.000000 -1.000000
vn 1.000000 0.000000 0.000000
vn 0.724617 -0.557535 0.405073
vn 0.724617 -0.212960 0.655422
vn 0.707107 0.000000 -0.707107
vn 1.000000 0.000000 0.000000
vn 0.678598 -0.734510 0.000000
vn 0.479842 -0.734509 -0.479842
vn 0.000000 -1.000000 0.000000
vn 0.479842 -0.734509 -0.479842
vn 0.678598 -0.734510 0.000000
vn 0.000000 0.000000 -1.000000
vn 0.707107 0.000000 -0.707107
vn 0.479842 -0.734509 -0.479842
vn 0.000000 -0.734510 -0.678598
vn 0.000000 -1.000000 0.000000
vn 0.000000 -0.734510 -0.678598
vn 0.479842 -0.734509 -0.479842
vn -0.707107 0.000000 -0.707106
vn 0.000000 0.000000 -1.000000
vn 0.000000 -0.734510 -0.678598
vn -0.479842 -0.734510 -0.479841
vn 0.000000 -1.000000 0.000000
vn -0.479842 -0.734510 -0.479841
vn 0.000000 -0.734510 -0.678598
vn -1.000000 0.000000 0.000000
vn -0.707107 0.000000 -0.707106
vn -0.479842 -0.734510 -0.479841
vn -0.678599 -0.734509 0.000000
vn 0.000000 -1.000000 0.000000
vn -0.678599 -0.734509 0.000000
vn -0.479842 -0.734510 -0.479841
vn -0.707107 0.000000 0.707106
vn -1.000000 0.000000 0.000000
vn -0.678599 -0.734509 0.000000
vn -0.479842 -0.734510 0.479841
vn 0.000000 -1.000000 0.000000
vn -0.479842 -0.734510 0.479841
vn -0.678599 -0.734509 0.000000
vn 0.000000 0.000000 1.000000
vn -0.707107 0.000000 0.707106
vn -0.479842 -0.734510 0.479841
vn 0.000000 -0.734510 0.678598
vn 0.000000 -1.000000 0.000000
vn 0.000000 -0.734510 0.678598
vn -0.479842 -0.734510 0.479841
vn 0.707107 0.000000 0.707107
vn 0.000000 0.000000 1.000000
vn 0.000000 -0.734510 0.678598
vn 0.479842 -0.734509 0.479842
vn 0.000000 -1.000000 0.000000
vn 0.479842 -0.734509 0.479842
vn 0.000000 -0.734510 0.678598
vn 1.000000 0.000000 0.000000
vn 0.707107 0.000000 0.707107
vn 0.479842 -0.734509 0.479842
vn 0.678598 -0.734510 0.000000
vn 0.000000 -1.000000 0.000000
vn 0.678598 -0.734510 0.000000
vn 0.479842 -0.734509 0.479842
vn 0.998358 0.046341 -0.033669
vn 0.998358 0.057280 -0.000000
vn 1.000000 -0.000000 -0.000000
vn 0.724617 0.557535 -0.405073
vn 0.724617 0.689152 0.000000
vn 1.000000 0.000000 0.000000
vn -0.998938 -0.045442 0.007566
vn -0.465341 0.716086 -0.520267
vn -0.465341 0.885131 0.000000
vn 0.724617 0.689152 0.000000
vn 0.724617 0.557535 -0.405073
vn 0.050782 -0.976961 -0.207287
vn 0.050782 -0.976961 -0.207287
vn 0.324032 -0.923023 0.207439
vn 0.324032 -0.923023 0.207439
vn 1.000000 0.000000 0.000000
vn 1.000000 0.000000 0.000000
vn 1.000000 0.000000 0.000000
vn 0.702716 0.703558 -0.105809
vn 0.998358 0.017701 -0.054477
vn 0.998358 0.046341 -0.033669
vn 1.000000 -0.000000 -0.000000
vn 0.724617 0.212960 -0.655422
vn 0.724617 0.557535 -0.405073
vn 1.000000 0.000000 0.000000
vn 0.999505 -0.031456 0.001119
vn -0.465341 0.273521 -0.841810
vn -0.465341 0.716086 -0.520267
vn 0.724617 0.557535 -0.405073
vn 0.724617 0.212960 -0.655422
vn -1.000000 0.000000 0.000000
vn -0.000275 -0.042876 0.999080
vn -0.724617 -0.212960 0.655422
vn -0.724617 0.212960 0.655422
vn 1.000000 0.000000 0.000000
vn 0.724617 -0.689152 0.000000
vn 0.724617 -0.557535 0.405073
vn 1.000000 0.000000 0.000000
vn 0.998358 -0.017701 -0.054477
vn 0.998358 0.017701 -0.054477
vn 1.000000 -0.000000 -0.000000
vn 0.724617 -0.212960 -0.655422
vn 0.724617 0.212960 -0.655422
vn 1.000000 0.000000 0.000000
vn 0.999791 -0.020180 0.003186
vn -0.465341 -0.273521 -0.841810
vn -0.465341 0.273521 -0.841810
vn 0.724617 0.212960 -0.655422
vn 0.724617 -0.212960 -0.655422
vn -1.000000 -0.000000 0.000000
vn -0.998358 -0.017701 0.054477
vn -0.998358 0.017701 0.054477
vn 1.000000 0.000000 0.000000
vn 1.000000 0.000000 0.000000
vn 0.724617 -0.689152 0.000000
vn 0.724617 -0.557535 -0.405073
vn 0.998358 -0.046341 -0.033668
vn 0.998358 -0.017701 -0.054477
vn 1.000000 -0.000000 -0.000000
vn 0.724617 -0.557535 -0.405073
vn 0.724617 -0.212960 -0.655422
vn 1.000000 0.000000 0.000000
vn 0.998726 -0.046631 -0.019282
vn -0.465341 -0.716086 -0.520267
vn -0.465341 -0.273521 -0.841810
vn 0.724617 -0.212960 -0.655422
vn 0.724617 -0.557535 -0.405073
vn -0.724617 -0.557535 -0.405073
vn -0.724617 -0.689152 0.000000
vn 0.693821 0.720075 0.010206
vn 0.700904 0.713110 0.014372
vn 0.992204 0.122861 -0.020894
vn -0.724617 -0.557535 -0.405073
vn -0.724617 -0.212960 -0.655422
vn -1.000000 0.000000 0.000000
vn 0.998358 -0.057280 -0.000000
vn 0.998358 -0.046341 -0.033668
vn 1.000000 -0.000000 -0.000000
vn 0.724617 -0.689152 0.000000
vn 0.724617 -0.557535 -0.405073
vn 1.000000 0.000000 0.000000
vn 0.000000 0.000000 -1.000000
vn -0.465341 -0.885131 0.000000
vn -0.465341 -0.716086 -0.520267
vn 0.724617 -0.557535 -0.405073
vn 0.724617 -0.689152 0.000000
vn -1.000000 -0.000000 -0.000000
vn -0.998358 -0.046341 0.033668
vn -0.998358 -0.017701 0.054477
vn 0.738319 -0.671060 -0.067554
vn 0.996542 0.081801 -0.014568
vn 0.992204 0.122861 -0.020894
vn -0.724617 0.212960 0.655422
vn 0.998358 -0.046341 0.033668
vn 0.998358 -0.057280 -0.000000
vn 1.000000 -0.000000 -0.000000
vn 0.724617 -0.557535 0.405073
vn 0.724617 -0.689152 0.000000
vn 0.000000 0.000000 -1.000000
vn 1.000000 0.000000 0.000000
vn -0.465341 -0.716086 0.520267
vn -0.465341 -0.885131 0.000000
vn 0.724617 -0.689152 0.000000
vn 0.724617 -0.557535 0.405073
vn -0.724617 -0.212960 0.655422
vn -0.724617 -0.557535 0.405073
vn 0.465341 -0.716086 0.520267
vn 0.465341 -0.273521 0.841810
vn -0.724617 -0.212960 0.655422
vn -1.000000 0.000000 0.000000
vn 0.724617 -0.212960 0.655422
vn 0.724617 -0.557535 0.405073
vn 0.998358 -0.017701 0.054477
vn 0.998358 -0.046341 0.033668
vn 1.000000 -0.000000 -0.000000
vn 0.724617 -0.212960 0.655422
vn 0.724617 -0.557535 0.405073
vn 0.000000 0.000000 -1.000000
vn 1.000000 0.000000 0.000000
vn -0.465341 -0.273521 0.841810
vn -0.465341 -0.716086 0.520267
vn 0.724617 -0.557535 0.405073
vn 0.724617 -0.212960 0.655422
vn -1.000000 0.000000 0.000000
vn -0.000071 -0.529813 0.848115
vn -0.724617 -0.557535 0.405073
vn -0.724617 -0.212960 0.655422
vn -0.724617 -0.557535 0.405073
vn -0.724617 -0.212960 0.655422
vn 0.724617 -0.557535 0.405073
vn 0.724617 -0.689152 0.000000
vn 0.998358 0.017701 0.054477
vn 0.998358 -0.017701 0.054477
vn 1.000000 -0.000000 -0.000000
vn 0.724617 0.212960 0.655422
vn 0.724617 -0.212960 0.655422
vn 0.000066 0.480451 0.877021
vn 1.000000 0.000000 0.000000
vn -0.465341 0.273521 0.841810
vn -0.465341 -0.273521 0.841810
vn 0.724617 -0.212960 0.655422
vn 0.724617 0.212960 0.655422
vn -1.000000 -0.000000 0.000000
vn -0.998358 -0.046341 0.033668
vn -0.998358 -0.017701 0.054477
vn -0.724617 -0.689152 0.000000
vn -0.724617 -0.557535 0.405073
vn -0.724617 -0.689152 0.000000
vn -0.724617 -0.557535 -0.405073
vn 0.998358 0.046341 0.033668
vn 0.998358 0.017701 0.054477
vn 1.000000 -0.000000 -0.000000
vn 0.724617 0.557535 0.405073
vn 0.724617 0.212960 0.655422
vn 0.364784 0.325425 0.872371
vn 1.000000 0.000000 0.000000
vn -0.465341 0.716086 0.520267
vn -0.465341 0.273521 0.841810
vn 0.724617 0.212960 0.655422
vn 0.724617 0.557535 0.405073
vn -1.000000 0.000000 0.000000
vn -0.724617 -0.212960 0.655422
vn -0.724617 -0.557535 0.405073
vn -1.000000 0.000000 0.000000
vn -0.724617 -0.557535 0.405073
vn -0.724617 -0.689152 0.000000
vn -1.000000 0.000000 0.000000
vn 0.995507 0.000416 -0.094685
vn 0.998358 0.057280 -0.000000
vn 0.998358 0.046341 0.033668
vn 1.000000 -0.000000 -0.000000
vn 0.724617 0.689152 0.000000
vn 0.724617 0.557535 0.405073
vn 0.000275 -0.042876 0.999080
vn 1.000000 0.000000 0.000000
vn -0.465341 0.885131 0.000000
vn -0.465341 0.716086 0.520267
vn 0.724617 0.557535 0.405073
vn 0.724617 0.689152 0.000000
vn -0.127766 0.985475 -0.111871
vn -0.127766 0.985475 -0.111871
vn 0.160183 0.939065 0.304136
vn 0.160183 0.939065 0.304136
vn 0.994503 -0.007268 0.104455
vn 0.707186 0.699953 0.099769
vn 0.011782 0.924386 0.381276
vn 0.994608 0.092005 0.047859
vn 0.998358 0.046341 -0.033668
vn 0.998358 0.057280 0.000000
vn 1.000000 -0.000000 0.000000
vn 0.724617 0.557536 -0.405073
vn 0.724617 0.689152 0.000000
vn 1.000000 0.000000 0.000000
vn -0.702516 0.703429 -0.107974
vn -0.465341 0.716086 -0.520267
vn -0.465341 0.885131 0.000000
vn 0.724617 0.689152 0.000000
vn 0.724617 0.557536 -0.405073
vn -0.943721 -0.292022 -0.155287
vn -0.931427 -0.313170 -0.185384
vn -0.998701 0.045968 0.021988
vn -0.994608 0.092005 0.047859
vn 0.821334 0.533644 0.201579
vn -0.925403 0.378934 0.006152
vn 0.993747 0.046027 0.101725
vn 0.999791 -0.020180 0.003186
vn 0.998358 0.017701 -0.054477
vn 0.998358 0.046341 -0.033668
vn 1.000000 -0.000000 0.000000
vn 0.724617 0.212960 -0.655422
vn 0.724617 0.557536 -0.405073
vn 1.000000 0.000000 0.000000
vn -0.699937 0.700407 -0.139708
vn -0.465341 0.273521 -0.841810
vn -0.465341 0.716086 -0.520267
vn 0.724617 0.557536 -0.405073
vn 0.724617 0.212960 -0.655422
vn -1.000000 0.000000 0.000000
vn 0.000025 0.991288 -0.131713
vn -0.724617 -0.557535 0.405073
vn -0.724617 -0.212960 0.655422
vn -0.700284 -0.700285 -0.138576
vn -0.677287 -0.677288 -0.287339
vn 0.000000 -0.957829 -0.287339
vn -0.724617 0.557535 -0.405073
vn 0.998358 -0.017701 -0.054477
vn 0.998358 0.017701 -0.054477
vn 1.000000 -0.000000 0.000000
vn 0.724617 -0.212960 -0.655422
vn 0.724617 0.212960 -0.655422
vn 1.000000 0.000000 0.000000
vn 0.000000 0.000000 -1.000000
vn -0.465341 -0.273521 -0.841810
vn -0.465341 0.273521 -0.841810
vn 0.724617 0.212960 -0.655422
vn 0.724617 -0.212960 -0.655422
vn -0.724617 -0.557535 0.405073
vn -0.724617 -0.689152 0.000000
vn 0.465341 -0.885131 0.000000
vn 0.465341 -0.716086 0.520267
vn -0.724617 0.689152 0.000000
vn -0.832771 0.509139 0.217416
vn -1.000000 -0.000000 -0.000000
vn -1.000000 0.000000 0.000000
vn 0.998358 -0.046341 -0.033668
vn 0.998358 -0.017701 -0.054477
vn 1.000000 -0.000000 0.000000
vn 0.724617 -0.557536 -0.405073
vn 0.724617 -0.212960 -0.655422
vn 1.000000 0.000000 0.000000
vn 0.000000 0.000000 -1.000000
vn -0.465341 -0.716086 -0.520267
vn -0.465341 -0.273521 -0.841810
vn 0.724617 -0.212960 -0.655422
vn 0.724617 -0.557536 -0.405073
vn -1.000000 0.000000 0.000000
vn 0.000000 0.000000 -1.000000
vn -0.724617 -0.689152 0.000000
vn -0.724617 -0.557535 0.405073
vn -1.000000 0.000000 0.000000
vn -1.000000 0.000000 0.000000
vn -0.935550 -0.315168 -0.159422
vn -0.874438 -0.432722 -0.219339
vn 0.998358 -0.057280 0.000000
vn 0.998358 -0.046341 -0.033668
vn 1.000000 -0.000000 0.000000
vn 0.724617 -0.689152 0.000000
vn 0.724617 -0.557536 -0.405073
vn 1.000000 0.000000 0.000000
vn 0.000009 0.983377 0.181573
vn -0.465341 -0.885131 0.000000
vn -0.465341 -0.716086 -0.520267
vn 0.724617 -0.557536 -0.405073
vn 0.724617 -0.689152 0.000000
vn -1.000000 -0.000000 0.000000
vn -0.998358 -0.057280 0.000000
vn -0.998358 -0.046341 0.033668
vn -0.928609 -0.323218 -0.182250
vn 0.000000 -0.990352 -0.138576
vn -0.724617 0.212960 -0.655422
vn -0.724617 0.557535 -0.405073
vn 0.998358 -0.046341 0.033668
vn 0.998358 -0.057280 0.000000
vn 1.000000 -0.000000 0.000000
vn 0.724617 -0.557535 0.405073
vn 0.724617 -0.689152 0.000000
vn 0.699978 0.691687 0.177766
vn 1.000000 0.000000 0.000000
vn -0.465341 -0.716086 0.520267
vn -0.465341 -0.885131 0.000000
vn 0.724617 -0.689152 0.000000
vn 0.724617 -0.557535 0.405073
vn -1.000000 -0.000000 -0.000000
vn -0.996664 0.060088 0.055238
vn -1.000000 0.000000 0.000000
vn -1.000000 0.000000 0.000000
vn -1.000000 0.000000 0.000000
vn -0.724617 0.689152 0.000000
vn -0.724617 0.557535 0.405073
vn 0.011782 0.924386 0.381276
vn 0.998358 -0.017701 0.054477
vn 0.998358 -0.046341 0.033668
vn 1.000000 -0.000000 0.000000
vn 0.724617 -0.212960 0.655422
vn 0.724617 -0.557535 0.405073
vn 0.364784 0.325425 0.872371
vn 1.000000 0.000000 0.000000
vn -0.465341 -0.273521 0.841810
vn -0.465341 -0.716086 0.520267
vn 0.724617 -0.557535 0.405073
vn 0.724617 -0.212960 0.655422
vn -0.943351 -0.297766 -0.146374
vn -0.969703 -0.232598 -0.074653
vn -0.999476 0.022884 0.022886
vn -0.943351 -0.297766 -0.146374
vn -1.000000 -0.000000 -0.000000
vn -1.000000 0.000000 0.000000
vn -1.000000 0.000000 0.000000
vn -1.000000 0.000000 0.000000
vn 0.998358 0.017701 0.054477
vn 0.998358 -0.017701 0.054477
vn 1.000000 -0.000000 0.000000
vn 0.724617 0.212960 0.655422
vn 0.724617 -0.212960 0.655422
vn -0.970010 -0.241087 -0.030943
vn 1.000000 0.000000 0.000000
vn -0.465341 0.273521 0.841810
vn -0.465341 -0.273521 0.841810
vn 0.724617 -0.212960 0.655422
vn 0.724617 0.212960 0.655422
vn -0.724617 -0.689152 0.000000
vn -0.724617 -0.557536 -0.405073
vn 0.465341 -0.716086 -0.520267
vn 0.465341 -0.885131 0.000000
vn 0.000000 -0.957829 -0.287339
vn -0.998942 -0.045097 0.009035
vn 0.000000 0.000000 -1.000000
vn 0.988016 0.000384 -0.154349
vn 0.998358 0.046341 0.033669
vn 0.998358 0.017701 0.054477
vn 1.000000 -0.000000 0.000000
vn 0.724617 0.557535 0.405073
vn 0.724617 0.212960 0.655422
vn -0.966961 -0.253151 -0.030010
vn 1.000000 0.000000 0.000000
vn -0.465341 0.716086 0.520267
vn -0.465341 0.273521 0.841810
vn 0.724617 0.212960 0.655422
vn 0.724617 0.557535 0.405073
vn -0.999413 -0.022479 -0.025869
vn -1.000000 0.000000 0.000000
vn -0.724617 -0.557536 -0.405073
vn -0.724617 -0.689152 0.000000
vn 0.465341 0.716086 -0.520267
vn 0.465341 0.885131 0.000000
vn -0.724617 0.689152 0.000000
vn -0.724617 0.557535 -0.405073
vn 0.998358 0.057280 0.000000
vn 0.998358 0.046341 0.033669
vn 1.000000 -0.000000 0.000000
vn 0.724617 0.689152 0.000000
vn 0.724617 0.557535 0.405073
vn -0.978797 -0.202630 -0.029972
vn 1.000000 0.000000 0.000000
vn -0.465341 0.885131 0.000000
vn -0.465341 0.716086 0.520267
vn 0.724617 0.557535 0.405073
vn 0.724617 0.689152 0.000000
vn -1.000000 -0.000000 0.000000
vn -0.998358 -0.046341 -0.033668
vn -0.998358 -0.057280 0.000000
vn 0.700146 0.700560 -0.137884
vn -0.505672 -0.039509 0.861821
vn -0.000275 -0.042876 0.999080
vn 0.677627 0.677627 -0.285732
vn -1.000000 -0.000000 0.000000
vn -0.994826 0.101589 0.000000
vn -0.994826 0.082188 -0.059713
vn -1.000000 0.000000 0.000000
vn -0.970010 -0.241087 -0.030943
vn -0.724617 0.689152 0.000000
vn -0.724617 0.557536 -0.405073
vn -0.724617 0.557536 -0.405073
vn -0.724617 0.689152 0.000000
vn 0.465341 0.885131 0.000000
vn 0.465341 0.716086 -0.520267
vn -0.724617 -0.212960 -0.655422
vn -0.724617 0.212960 -0.655422
vn 0.688632 0.673141 0.269569
vn -1.000000 -0.000000 -0.000000
vn -1.000000 0.000000 0.000000
vn -1.000000 0.000000 0.000000
vn -1.000000 0.000000 0.000000
vn 0.465341 0.273521 -0.841810
vn -1.000000 -0.000000 0.000000
vn -0.994826 0.082188 -0.059713
vn -0.994826 0.031393 -0.096617
vn -1.000000 0.000000 0.000000
vn -0.970749 -0.240069 -0.003565
vn -0.724617 0.557536 -0.405073
vn -0.724617 0.212960 -0.655422
vn -0.724617 0.212960 -0.655422
vn -0.724617 0.557536 -0.405073
vn 0.465341 0.716086 -0.520267
vn 0.465341 0.273521 -0.841810
vn 0.999475 0.001433 0.032366
vn 0.999475 0.001433 0.032366
vn 0.999475 0.001433 0.032366
vn 0.999475 0.001433 0.032366
vn 0.465341 0.716086 -0.520267
vn -0.724617 0.557535 -0.405073
vn -0.724617 0.212960 -0.655422
vn 0.465341 0.885131 0.000000
vn -1.000000 -0.000000 0.000000
vn -0.994826 0.031393 -0.096617
vn -0.994826 -0.031393 -0.096617
vn -1.000000 0.000000 0.000000
vn -0.958310 -0.000000 -0.285731
vn -0.724617 0.212960 -0.655422
vn -0.724617 -0.212960 -0.655422
vn -0.724617 -0.212960 -0.655422
vn -0.724617 0.212960 -0.655422
vn 0.465341 0.273521 -0.841810
vn 0.465341 -0.273521 -0.841810
vn -0.724617 -0.557536 -0.405073
vn -0.724617 -0.212960 -0.655422
vn 0.465341 -0.273521 -0.841810
vn 0.465341 -0.716086 -0.520267
vn 0.465341 0.716086 0.520267
vn -0.724617 0.557535 0.405073
vn -0.724617 0.689152 0.000000
vn -0.724617 0.557535 0.405073
vn -1.000000 -0.000000 0.000000
vn -0.994826 -0.031393 -0.096617
vn -0.994826 -0.082188 -0.059713
vn -1.000000 0.000000 0.000000
vn -0.677627 -0.677627 -0.285731
vn -0.724617 -0.212960 -0.655422
vn -0.724617 -0.557536 -0.405073
vn -0.724617 -0.557536 -0.405073
vn -0.724617 -0.212960 -0.655422
vn 0.465341 -0.273521 -0.841810
vn 0.465341 -0.716086 -0.520267
vn -0.000000 -0.000000 -1.000000
vn -1.000000 0.000000 0.000000
vn -0.724617 -0.212960 -0.655422
vn -0.724617 -0.557536 -0.405073
vn -0.724617 0.212960 0.655422
vn 0.998942 -0.045097 0.009035
vn -1.000000 -0.000000 -0.000000
vn -1.000000 0.000000 0.000000
vn -1.000000 -0.000000 0.000000
vn -0.994826 -0.082188 -0.059713
vn -0.994826 -0.101589 0.000000
vn -1.000000 0.000000 0.000000
vn 0.000066 0.480451 0.877021
vn -0.724617 -0.557536 -0.405073
vn -0.724617 -0.689152 0.000000
vn -0.724617 -0.689152 0.000000
vn -0.724617 -0.557536 -0.405073
vn 0.465341 -0.716086 -0.520267
vn 0.465341 -0.885131 0.000000
vn -1.000000 -0.000000 0.000000
vn -0.998358 -0.017701 -0.054477
vn -0.998358 -0.046341 -0.033668
vn -1.000000 0.000000 0.000000
vn -1.000000 0.000000 0.000000
vn 0.958310 -0.000000 -0.285731
vn 0.000000 -0.000000 -1.000000
vn -1.000000 -0.000000 0.000000
vn -0.994826 -0.101589 0.000000
vn -0.994826 -0.082188 0.059713
vn -0.000130 -0.992947 0.118563
vn -1.000000 0.000000 0.000000
vn -0.724617 -0.689152 0.000000
vn -0.724617 -0.557535 0.405073
vn -0.724617 -0.557535 0.405073
vn -0.724617 -0.689152 0.000000
vn 0.465341 -0.885131 0.000000
vn 0.465341 -0.716086 0.520267
vn 0.931427 -0.313170 -0.185384
vn 0.943721 -0.292022 -0.155287
vn 0.465341 0.716086 -0.520267
vn 0.465341 0.273521 -0.841810
vn 0.465341 -0.273521 -0.841810
vn 0.465341 -0.716086 -0.520267
vn 0.465341 -0.885131 0.000000
vn 0.465341 -0.716086 0.520267
vn -1.000000 -0.000000 0.000000
vn -0.994826 -0.082188 0.059713
vn -0.994826 -0.031393 0.096617
vn -0.698872 -0.706274 0.112935
vn -1.000000 0.000000 0.000000
vn -0.724617 -0.557535 0.405073
vn -0.724617 -0.212960 0.655422
vn -0.724617 -0.212960 0.655422
vn -0.724617 -0.557535 0.405073
vn 0.465341 -0.716086 0.520267
vn 0.465341 -0.273521 0.841810
vn -0.925698 -0.330797 -0.183459
vn -0.997887 0.051064 0.040185
vn -0.925698 -0.330797 -0.183459
vn -0.943351 -0.297766 -0.146374
vn 0.465341 -0.273521 0.841810
vn 0.465341 0.273521 0.841810
vn 0.465341 0.716086 0.520267
vn 0.465341 0.885131 0.000000
vn -1.000000 -0.000000 0.000000
vn -0.994826 -0.031393 0.096617
vn -0.994826 0.031393 0.096617
vn -0.967691 -0.252127 -0.002629
vn -1.000000 0.000000 0.000000
vn -0.724617 -0.212960 0.655422
vn -0.724617 0.212960 0.655422
vn -0.724617 0.212960 0.655422
vn -0.724617 -0.212960 0.655422
vn 0.465341 -0.273521 0.841810
vn 0.465341 0.273521 0.841810
vn -0.724617 -0.212960 -0.655422
vn -0.724617 0.212960 -0.655422
vn 0.465341 0.273521 -0.841810
vn 0.465341 -0.273521 -0.841810
vn -0.832771 0.509139 0.217416
vn 0.011782 0.924386 0.381276
vn 0.821334 0.533644 0.201579
vn 0.998701 0.045968 0.021988
vn -1.000000 -0.000000 0.000000
vn -0.994826 0.031393 0.096617
vn -0.994826 0.082188 0.059713
vn -0.966961 -0.253151 -0.030010
vn -1.000000 0.000000 0.000000
vn -0.724617 0.212960 0.655422
vn -0.724617 0.557535 0.405073
vn -0.724617 0.557535 0.405073
vn -0.724617 0.212960 0.655422
vn 0.465341 0.273521 0.841810
vn 0.465341 0.716086 0.520267
vn -0.978797 -0.202630 -0.029972
vn -1.000000 0.000000 0.000000
vn -0.724617 0.212960 -0.655422
vn -0.724617 -0.212960 -0.655422
vn -0.724617 -0.557535 -0.405073
vn -0.724617 -0.212960 -0.655422
vn 0.999870 -0.012579 0.010052
vn -1.000000 -0.000000 -0.000000
vn -1.000000 -0.000000 0.000000
vn -0.994826 0.082188 0.059713
vn -0.994826 0.101589 0.000000
vn -0.696850 -0.696491 -0.171176
vn -1.000000 0.000000 0.000000
vn -0.724617 0.557535 0.405073
vn -0.724617 0.689152 0.000000
vn -0.724617 0.689152 0.000000
vn -0.724617 0.557535 0.405073
vn 0.465341 0.716086 0.520267
vn 0.465341 0.885131 0.000000
vn -1.000000 -0.000000 0.000000
vn -0.998358 0.017701 -0.054477
vn -0.998358 -0.017701 -0.054477
vn -1.000000 0.000000 0.000000
vn -1.000000 0.000000 0.000000
vn -1.000000 0.000000 0.000000
vn 0.465341 -0.273521 -0.841810
vn -1.000000 -0.000000 -0.000000
vn -0.994826 0.101589 -0.000000
vn -0.994826 0.082188 -0.059713
vn -1.000000 0.000000 0.000000
vn 0.999764 -0.013756 -0.016794
vn -0.724617 0.689152 0.000000
vn -0.724617 0.557535 -0.405073
vn -0.724617 0.557535 -0.405073
vn -0.724617 0.689152 0.000000
vn 0.465341 0.885131 0.000000
vn 0.465341 0.716086 -0.520267
vn 0.465341 0.273521 -0.841810
vn -0.724617 0.212960 -0.655422
vn -0.724617 -0.212960 -0.655422
vn -0.724617 -0.557535 0.405073
vn -0.724617 -0.689152 0.000000
vn -1.000000 0.000000 0.000000
vn -0.677287 0.677287 -0.287339
vn 0.465341 -0.716086 0.520267
vn -1.000000 -0.000000 -0.000000
vn -0.994826 0.082188 -0.059713
vn -0.994826 0.031393 -0.096617
vn -1.000000 0.000000 0.000000
vn 0.998769 -0.046287 -0.017813
vn -0.724617 0.557535 -0.405073
vn -0.724617 0.212960 -0.655422
vn -0.724617 0.212960 -0.655422
vn -0.724617 0.557535 -0.405073
vn 0.465341 0.716086 -0.520267
vn 0.465341 0.273521 -0.841810
vn 0.999475 0.001432 0.032366
vn 0.999475 0.001432 0.032366
vn 0.999475 0.001433 0.032366
vn 0.999475 0.001433 0.032366
vn 0.465341 -0.885131 0.000000
vn -0.724617 -0.689152 0.000000
vn -0.724617 -0.557535 0.405073
vn 0.465341 0.716086 0.520267
vn -1.000000 -0.000000 -0.000000
vn -0.994826 0.031393 -0.096617
vn -0.994826 -0.031393 -0.096617
vn -1.000000 0.000000 0.000000
vn -0.979463 -0.201606 -0.002573
vn -0.724617 0.212960 -0.655422
vn -0.724617 -0.212960 -0.655422
vn -0.724617 -0.212960 -0.655422
vn -0.724617 0.212960 -0.655422
vn 0.465341 0.273521 -0.841810
vn 0.465341 -0.273521 -0.841810
vn -0.724617 0.212960 -0.655422
vn -0.724617 0.557536 -0.405073
vn 0.465341 0.716086 -0.520267
vn 0.465341 0.273521 -0.841810
vn 0.465341 0.273521 0.841810
vn -0.724617 0.212960 0.655422
vn -0.724617 0.557535 0.405073
vn -0.724617 0.212960 0.655422
vn -1.000000 -0.000000 -0.000000
vn -0.994826 -0.031393 -0.096617
vn -0.994826 -0.082188 -0.059713
vn -1.000000 0.000000 0.000000
vn -0.970749 -0.240069 -0.003565
vn -0.724617 -0.212960 -0.655422
vn -0.724617 -0.557535 -0.405073
vn -0.724617 -0.557535 -0.405073
vn -0.724617 -0.212960 -0.655422
vn 0.465341 -0.273521 -0.841810
vn 0.465341 -0.716086 -0.520267
vn -1.000000 0.000000 0.000000
vn -0.704699 -0.704690 -0.082527
vn -0.724617 0.557536 -0.405073
vn -0.724617 0.212960 -0.655422
vn -0.724617 -0.212960 0.655422
vn -0.970010 -0.241087 -0.030943
vn -1.000000 -0.000000 -0.000000
vn -1.000000 0.000000 0.000000
vn -1.000000 -0.000000 -0.000000
vn -0.994826 -0.082188 -0.059713
vn -0.994826 -0.101589 -0.000000
vn -1.000000 0.000000 0.000000
vn -0.978797 -0.202630 -0.029972
vn -0.724617 -0.557535 -0.405073
vn -0.724617 -0.689152 0.000000
vn -0.724617 -0.689152 0.000000
vn -0.724617 -0.557535 -0.405073
vn 0.465341 -0.716086 -0.520267
vn 0.465341 -0.885131 0.000000
vn -1.000000 -0.000000 0.000000
vn -0.998358 0.046341 -0.033668
vn -0.998358 0.017701 -0.054477
vn -1.000000 0.000000 0.000000
vn -1.000000 0.000000 0.000000
vn 0.994608 0.092005 0.047859
vn 0.700284 0.700284 -0.138576
vn -1.000000 -0.000000 -0.000000
vn -0.994826 -0.101589 -0.000000
vn -0.994826 -0.082188 0.059713
vn -0.998769 -0.046287 -0.017813
vn -1.000000 0.000000 0.000000
vn -0.724617 -0.689152 0.000000
vn -0.724617 -0.557535 0.405073
vn -0.724617 -0.557535 0.405073
vn -0.724617 -0.689152 0.000000
vn 0.465341 -0.885131 0.000000
vn 0.465341 -0.716086 0.520267
vn -0.999764 -0.013756 -0.016794
vn -0.999870 -0.012579 0.010052
vn -0.925403 0.378934 0.006152
vn -0.992130 0.124065 -0.016908
vn -0.992081 0.125171 0.010408
vn -0.996664 0.060088 0.055238
vn -0.724617 -0.689152 0.000000
vn -0.724617 -0.557535 -0.405073
vn -1.000000 -0.000000 -0.000000
vn -0.994826 -0.082188 0.059713
vn -0.994826 -0.031393 0.096617
vn -0.000010 -0.996965 -0.077853
vn -1.000000 0.000000 0.000000
vn -0.724617 -0.557535 0.405073
vn -0.724617 -0.212960 0.655422
vn -0.724617 -0.212960 0.655422
vn -0.724617 -0.557535 0.405073
vn 0.465341 -0.716086 0.520267
vn 0.465341 -0.273521 0.841810
vn 0.465341 0.716086 0.520267
vn 0.465341 0.273521 0.841810
vn 0.465341 -0.273521 0.841810
vn 0.465341 -0.716086 0.520267
vn 0.465341 -0.885131 0.000000
vn 0.465341 -0.716086 -0.520267
vn 0.465341 -0.273521 -0.841810
vn 0.465341 0.273521 -0.841810
vn 0.465341 0.716086 -0.520267
vn 0.465341 0.885131 0.000000
vn -0.999764 -0.013756 -0.016794
vn -1.000000 -0.000000 -0.000000
vn -1.000000 0.000000 0.000000
vn -1.000000 0.000000 0.000000
vn -1.000000 -0.000000 -0.000000
vn -0.994826 -0.031393 0.096617
vn -0.994826 0.031393 0.096617
vn 0.000000 0.000000 -1.000000
vn -1.000000 0.000000 0.000000
vn -0.724617 -0.212960 0.655422
vn -0.724617 0.212960 0.655422
vn -0.724617 0.212960 0.655422
vn -0.724617 -0.212960 0.655422
vn 0.465341 -0.273521 0.841810
vn 0.465341 0.273521 0.841810
vn 0.465341 0.716086 0.520267
vn 0.465341 0.273521 0.841810
vn 0.465341 -0.273521 0.841810
vn 0.465341 -0.716086 0.520267
vn 0.465341 -0.885131 0.000000
vn 0.465341 -0.716086 -0.520267
vn 0.465341 -0.273521 -0.841810
vn 0.465341 0.273521 -0.841810
vn 0.465341 0.716086 -0.520267
vn 0.465341 0.885131 0.000000
vn -1.000000 0.000000 0.000000
vn 0.465341 -0.716086 -0.520267
vn 0.465341 -0.273521 -0.841810
vn -0.724617 -0.212960 -0.655422
vn -1.000000 -0.000000 -0.000000
vn -0.994826 0.031393 0.096617
vn -0.994826 0.082188 0.059713
vn 0.000000 0.000000 -1.000000
vn -1.000000 0.000000 0.000000
vn -0.724617 0.212960 0.655422
vn -0.724617 0.557535 0.405073
vn -0.724617 0.557535 0.405073
vn -0.724617 0.212960 0.655422
vn 0.465341 0.273521 0.841810
vn 0.465341 0.716086 0.520267
vn -0.465341 0.885131 0.000000
vn -0.465341 0.716086 -0.520267
vn -0.465341 0.273521 -0.841810
vn -0.465341 -0.273521 -0.841810
vn -0.465341 -0.716086 -0.520267
vn -0.465341 -0.885131 0.000000
vn -0.465341 -0.716086 0.520267
vn -0.465341 -0.273521 0.841810
vn -0.465341 0.273521 0.841810
vn -0.465341 0.716086 0.520267
vn -0.724617 -0.557535 -0.405073
vn -0.890802 -0.408774 -0.198434
vn 0.956028 -0.279348 -0.089304
vn 0.935603 -0.321258 -0.146425
vn -1.000000 -0.000000 -0.000000
vn -0.994826 0.082188 0.059713
vn -0.994826 0.101589 -0.000000
vn -0.683041 -0.697382 0.217057
vn -1.000000 0.000000 0.000000
vn -0.724617 0.557535 0.405073
vn -0.724617 0.689152 0.000000
vn -0.724617 0.689152 0.000000
vn -0.724617 0.557535 0.405073
vn 0.465341 0.716086 0.520267
vn 0.465341 0.885131 0.000000
vn -0.465341 0.885131 0.000000
vn -0.465341 0.716086 -0.520267
vn -0.465341 0.273521 -0.841810
vn -0.465341 -0.273521 -0.841810
vn -0.465341 -0.716086 -0.520267
vn -0.465341 -0.885131 0.000000
vn -0.465341 -0.716086 0.520267
vn -0.465341 -0.273521 0.841810
vn -0.465341 0.273521 0.841810
vn -0.465341 0.716086 0.520267
vn 0.873988 -0.442279 -0.201331
vn -0.678598 -0.734510 0.000000
vn -0.479842 -0.734509 -0.479842
vn -0.707107 0.000000 -0.707107
vn -0.479841 -0.734510 -0.479842
vn -0.678598 -0.734510 0.000000
vn -1.000000 0.000000 0.000000
vn -0.707106 0.000000 -0.707107
vn -0.678598 -0.734510 0.000000
vn -0.479841 -0.734510 -0.479842
vn 0.000000 -1.000000 0.000000
vn 0.000000 -0.734509 -0.678599
vn -0.479841 -0.734510 -0.479842
vn -0.707106 0.000000 -0.707107
vn 0.000000 0.000000 -1.000000
vn -0.479841 -0.734510 -0.479842
vn 0.000000 -0.734509 -0.678599
vn 0.000000 -1.000000 0.000000
vn 0.479841 -0.734510 -0.479842
vn 0.000000 -0.734509 -0.678599
vn 0.000000 0.000000 -1.000000
vn 0.707106 0.000000 -0.707107
vn 0.000000 -0.734509 -0.678599
vn 0.479841 -0.734510 -0.479842
vn 0.000000 -1.000000 0.000000
vn 0.678598 -0.734510 0.000000
vn 0.479841 -0.734510 -0.479842
vn 0.707106 0.000000 -0.707107
vn 1.000000 0.000000 0.000000
vn 0.479841 -0.734510 -0.479842
vn 0.678598 -0.734510 0.000000
vn 0.000000 -1.000000 0.000000
vn 0.479842 -0.734509 0.479842
vn 0.678598 -0.734510 0.000000
vn 1.000000 0.000000 0.000000
vn 0.707107 0.000000 0.707107
vn 0.678598 -0.734510 0.000000
vn 0.479842 -0.734509 0.479842
vn 0.000000 -1.000000 0.000000
vn 0.000000 -0.734510 0.678598
vn 0.479842 -0.734509 0.479842
vn 0.707107 0.000000 0.707107
vn 0.000000 0.000000 1.000000
vn 0.479842 -0.734509 0.479842
vn 0.000000 -0.734510 0.678598
vn 0.000000 -1.000000 0.000000
vn -0.479842 -0.734509 0.479842
vn 0.000000 -0.734510 0.678598
vn 0.000000 0.000000 1.000000
vn -0.707107 0.000000 0.707107
vn 0.000000 -0.734510 0.678598
vn -0.479842 -0.734509 0.479842
vn 0.000000 -1.000000 0.000000
vn -0.678598 -0.734510 0.000000
vn -0.479842 -0.734509 0.479842
vn -0.707107 0.000000 0.707107
vn -1.000000 0.000000 0.000000
vn -0.479842 -0.734509 0.479842
vn -0.678598 -0.734510 0.000000
vn 0.000000 -1.000000 0.000000
vn -1.000000 -0.000000 0.000000
vn -0.996159 0.087560 0.000000
vn -0.996159 0.070837 -0.051466
vn -1.000000 -0.000000 -0.000000
vn -0.969821 -0.183965 -0.160015
vn -0.724617 0.689152 0.000000
vn -0.724617 0.557535 -0.405073
vn -0.724617 0.557535 -0.405073
vn -0.724617 0.689152 0.000000
vn 0.465341 0.885131 0.000000
vn 0.465341 0.716086 -0.520267
vn 0.724617 0.212960 -0.655422
vn 0.724617 0.557536 -0.405073
vn 0.000000 0.000000 -1.000000
vn 1.000000 0.000000 0.000000
vn -1.000000 0.000000 0.000000
vn 0.465341 0.273521 0.841810
vn 0.465341 -0.273521 0.841810
vn -0.724617 -0.212960 0.655422
vn -1.000000 -0.000000 0.000000
vn -0.996159 0.070837 -0.051466
vn -0.996159 0.027057 -0.083274
vn -1.000000 -0.000000 -0.000000
vn -0.975696 -0.157408 -0.152446
vn -0.724617 0.557535 -0.405073
vn -0.724617 0.212960 -0.655422
vn -0.724617 0.212960 -0.655422
vn -0.724617 0.557535 -0.405073
vn 0.465341 0.716086 -0.520267
vn 0.465341 0.273521 -0.841810
vn 0.994826 0.031393 -0.096617
vn 0.994826 0.082188 -0.059713
vn 1.000000 -0.000000 0.000000
vn -0.724617 0.212960 0.655422
vn -0.724617 -0.212960 0.655422
vn -0.724617 -0.557535 0.405073
vn -0.999870 -0.012579 0.010052
vn -1.000000 -0.000000 0.000000
vn -0.996159 0.027057 -0.083274
vn -0.996159 -0.027057 -0.083274
vn -1.000000 -0.000000 -0.000000
vn -0.969493 -0.213023 -0.121258
vn -0.724617 0.212960 -0.655422
vn -0.724617 -0.212960 -0.655422
vn -0.724617 -0.212960 -0.655422
vn -0.724617 0.212960 -0.655422
vn 0.465341 0.273521 -0.841810
vn 0.465341 -0.273521 -0.841810
vn -1.000000 0.000000 0.000000
vn -0.999413 -0.022479 -0.025869
vn -0.724617 0.212960 0.655422
vn -0.724617 0.557535 0.405073
vn -1.000000 -0.000000 -0.000000
vn -1.000000 0.000000 0.000000
vn -1.000000 0.000000 0.000000
vn -1.000000 0.000000 0.000000
vn -1.000000 -0.000000 0.000000
vn -0.996159 -0.027057 -0.083274
vn -0.996159 -0.070837 -0.051466
vn -1.000000 -0.000000 -0.000000
vn -0.969493 -0.213023 -0.121258
vn -0.724617 -0.212960 -0.655422
vn -0.724617 -0.557535 -0.405073
vn -0.724617 -0.557535 -0.405073
vn -0.724617 -0.212960 -0.655422
vn 0.465341 -0.273521 -0.841810
vn 0.465341 -0.716086 -0.520267
vn 0.998951 -0.045726 0.002434
vn 0.999791 -0.020180 0.003186
vn 0.983632 -0.007085 0.180051
vn 0.983632 -0.007085 0.180051
vn -0.724617 -0.557535 0.405073
vn -0.724617 -0.689152 0.000000
vn -0.998942 -0.045097 0.009035
vn -1.000000 -0.000000 -0.000000
vn -1.000000 -0.000000 0.000000
vn -0.996159 -0.070837 -0.051466
vn -0.996159 -0.087560 0.000000
vn -1.000000 -0.000000 -0.000000
vn -0.349929 -0.389593 0.851920
vn -0.724617 -0.557535 -0.405073
vn -0.724617 -0.689152 0.000000
vn -0.724617 -0.689152 0.000000
vn -0.724617 -0.557535 -0.405073
vn 0.465341 -0.716086 -0.520267
vn 0.465341 -0.885131 0.000000
vn 0.983632 -0.007085 0.180051
vn 0.994473 0.012717 0.104220
vn 0.994117 -0.008498 0.107982
vn 0.994551 -0.003859 0.104181
vn -1.000000 0.000000 0.000000
vn -1.000000 0.000000 0.000000
vn -1.000000 0.000000 0.000000
vn 0.465341 -0.885131 0.000000
vn -1.000000 -0.000000 0.000000
vn -0.996159 -0.087560 0.000000
vn -0.996159 -0.070837 0.051466
vn 0.692314 -0.703146 0.162133
vn -1.000000 -0.000000 -0.000000
vn -0.724617 -0.689152 0.000000
vn -0.724617 -0.557535 0.405073
vn -0.724617 -0.557535 0.405073
vn -0.724617 -0.689152 0.000000
vn 0.465341 -0.885131 0.000000
vn 0.465341 -0.716086 0.520267
vn 0.994795 0.017355 0.100408
vn 0.983632 -0.007085 0.180051
vn 0.983632 -0.007085 0.180051
vn 0.983632 -0.007085 0.180051
vn 0.465341 -0.716086 -0.520267
vn -0.724617 -0.557535 -0.405073
vn -0.724617 -0.689152 0.000000
vn -0.479842 -0.734509 -0.479842
vn -1.000000 -0.000000 0.000000
vn -0.996159 -0.070837 0.051466
vn -0.996159 -0.027057 0.083274
vn -0.000015 -0.987362 0.158482
vn -1.000000 -0.000000 -0.000000
vn -0.724617 -0.557535 0.405073
vn -0.724617 -0.212960 0.655422
vn -0.724617 -0.212960 0.655422
vn -0.724617 -0.557535 0.405073
vn 0.465341 -0.716086 0.520267
vn 0.465341 -0.273521 0.841810
vn 0.983632 -0.007085 0.180051
vn 0.983632 -0.007085 0.180051
vn 0.983632 -0.007085 0.180051
vn 0.923803 -0.345994 -0.163938
vn -0.678598 -0.734510 0.000000
vn 0.000000 -1.000000 0.000000
vn -0.479842 -0.734509 -0.479842
vn -0.000000 -0.734510 -0.678598
vn -1.000000 -0.000000 0.000000
vn -0.996159 -0.027057 0.083274
vn -0.996159 0.027057 0.083274
vn 0.000200 0.958434 0.285313
vn -1.000000 -0.000000 -0.000000
vn -0.724617 -0.212960 0.655422
vn -0.724617 0.212960 0.655422
vn -0.724617 0.212960 0.655422
vn -0.724617 -0.212960 0.655422
vn 0.465341 -0.273521 0.841810
vn 0.465341 0.273521 0.841810
vn 0.929746 -0.340222 -0.140790
vn 0.918363 -0.363037 -0.157526
vn 0.918363 -0.363037 -0.157526
vn 0.975696 -0.157408 -0.152446
vn -0.000000 0.000000 -1.000000
vn -0.707107 0.000000 -0.707107
vn 0.465341 -0.273521 0.841810
vn 0.465341 -0.716086 0.520267
vn -1.000000 -0.000000 0.000000
vn -0.996159 0.027057 0.083274
vn -0.996159 0.070837 0.051466
vn -0.938958 -0.316075 -0.135850
vn -1.000000 -0.000000 -0.000000
vn -0.724617 0.212960 0.655422
vn -0.724617 0.557535 0.405073
vn -0.724617 0.557535 0.405073
vn -0.724617 0.212960 0.655422
vn 0.465341 0.273521 0.841810
vn 0.465341 0.716086 0.520267
vn -0.724617 -0.689152 0.000000
vn -0.724617 -0.557535 -0.405073
vn 0.465341 -0.716086 -0.520267
vn 0.465341 -0.885131 0.000000
vn -0.724617 -0.557535 0.405073
vn -0.724617 -0.212960 0.655422
vn 0.465341 -0.716086 0.520267
vn 0.465341 -0.885131 0.000000
vn -1.000000 -0.000000 0.000000
vn -0.996159 0.070837 0.051466
vn -0.996159 0.087560 0.000000
vn -0.929746 -0.340222 -0.140790
vn -1.000000 -0.000000 -0.000000
vn -0.724617 0.557535 0.405073
vn -0.724617 0.689152 0.000000
vn -0.724617 0.689152 0.000000
vn -0.724617 0.557535 0.405073
vn 0.465341 0.716086 0.520267
vn 0.465341 0.885131 0.000000
vn -1.000000 -0.000000 -0.000000
vn -0.998358 0.017701 0.054477
vn -0.998358 0.046341 0.033668
vn -0.724617 -0.689152 0.000000
vn -0.724617 -0.557535 0.405073
vn -0.479842 -0.734509 0.479842
vn -0.678598 -0.734510 0.000000
vn -1.000000 -0.000000 -0.000000
vn -0.998043 0.062530 -0.000000
vn -0.998043 0.050588 -0.036754
vn -1.000000 -0.000000 0.000000
vn -0.505672 -0.039509 0.861821
vn -0.724617 0.689152 -0.000000
vn -0.724617 0.557535 -0.405073
vn -0.724617 0.557535 -0.405073
vn -0.724617 0.689152 -0.000000
vn 0.465341 0.885131 -0.000000
vn 0.465341 0.716086 -0.520267
vn -1.000000 0.000000 0.000000
vn -0.999767 -0.021479 0.002282
vn -0.724617 0.212960 -0.655422
vn -0.724617 -0.212960 -0.655422
vn -1.000000 0.000000 0.000000
vn -0.707107 0.000000 0.707107
vn -0.000000 -0.734510 -0.678598
vn -0.479842 -0.734509 -0.479842
vn -1.000000 -0.000000 -0.000000
vn -0.998043 0.050588 -0.036754
vn -0.998043 0.019323 -0.059470
vn -1.000000 -0.000000 0.000000
vn -0.980058 -0.151262 -0.128862
vn -0.724617 0.557535 -0.405073
vn -0.724617 0.212960 -0.655422
vn -0.724617 0.212960 -0.655422
vn -0.724617 0.557535 -0.405073
vn 0.465341 0.716086 -0.520267
vn 0.465341 0.273521 -0.841810
vn -1.000000 -0.000000 -0.000000
vn -0.998358 0.017701 -0.054477
vn -0.998358 -0.017701 -0.054477
vn 0.000000 -1.000000 0.000000
vn -0.678598 -0.734510 0.000000
vn -0.479842 -0.734509 0.479842
vn 0.000000 -1.000000 0.000000
vn -1.000000 -0.000000 -0.000000
vn -0.998043 0.019323 -0.059470
vn -0.998043 -0.019323 -0.059470
vn -1.000000 -0.000000 0.000000
vn -0.929746 -0.340222 -0.140790
vn -0.724617 0.212960 -0.655422
vn -0.724617 -0.212960 -0.655422
vn -0.724617 -0.212960 -0.655422
vn -0.724617 0.212960 -0.655422
vn 0.465341 0.273521 -0.841810
vn 0.465341 -0.273521 -0.841810
vn 0.465341 0.273521 0.841810
vn 0.465341 -0.273521 0.841810
vn -0.724617 -0.212960 0.655422
vn -0.724617 0.212960 0.655422
vn -0.505672 -0.039509 0.861821
vn -0.980058 -0.151262 -0.128862
vn -0.929746 -0.340222 -0.140790
vn -0.980058 -0.151262 -0.128862
vn -1.000000 -0.000000 -0.000000
vn -0.998043 -0.019323 -0.059470
vn -0.998043 -0.050588 -0.036754
vn -1.000000 -0.000000 0.000000
vn -0.938958 -0.316075 -0.135850
vn -0.724617 -0.212960 -0.655422
vn -0.724617 -0.557535 -0.405073
vn -0.724617 -0.557535 -0.405073
vn -0.724617 -0.212960 -0.655422
vn 0.465341 -0.273521 -0.841810
vn 0.465341 -0.716086 -0.520267
vn 0.392166 0.901275 0.184144
vn 0.392166 0.901275 0.184144
vn 0.399051 0.895402 0.197519
vn 0.385179 0.906913 0.170721
vn -0.000275 -0.042876 0.999080
vn -0.698345 -0.706261 0.116232
vn -0.994010 -0.007628 0.109022
vn 0.000000 0.000000 -1.000000
vn -1.000000 -0.000000 -0.000000
vn -0.998043 -0.050588 -0.036754
vn -0.998043 -0.062530 -0.000000
vn -1.000000 -0.000000 0.000000
vn -0.686970 0.671385 0.278054
vn -0.724617 -0.557535 -0.405073
vn -0.724617 -0.689152 -0.000000
vn -0.724617 -0.689152 -0.000000
vn -0.724617 -0.557535 -0.405073
vn 0.465341 -0.716086 -0.520267
vn 0.465341 -0.885131 -0.000000
vn -0.724617 0.212960 -0.655422
vn -0.724617 0.557535 -0.405073
vn 0.465341 0.716086 -0.520267
vn 0.465341 0.273521 -0.841810
vn -0.998358 0.046341 0.033669
vn -0.998358 0.017701 0.054477
vn -1.000000 -0.000000 0.000000
vn -0.724617 0.557535 0.405073
vn -1.000000 -0.000000 -0.000000
vn -0.998043 -0.062530 -0.000000
vn -0.998043 -0.050588 0.036754
vn -0.967297 -0.015543 0.253169
vn -1.000000 -0.000000 0.000000
vn -0.724617 -0.689152 -0.000000
vn -0.724617 -0.557535 0.405073
vn -0.724617 -0.557535 0.405073
vn -0.724617 -0.689152 -0.000000
vn 0.465341 -0.885131 -0.000000
vn 0.465341 -0.716086 0.520267
vn -0.979463 -0.201606 -0.002573
vn -1.000000 0.000000 0.000000
vn -0.724617 0.557535 -0.405073
vn -0.724617 0.212960 -0.655422
vn -0.724617 0.212960 0.655422
vn -1.000000 0.000000 0.000000
vn 0.000000 0.990352 -0.138576
vn 0.465341 0.716086 0.520267
vn -1.000000 -0.000000 -0.000000
vn -0.998043 -0.050588 0.036754
vn -0.998043 -0.019323 0.059470
vn -0.994010 -0.007628 0.109022
vn -1.000000 -0.000000 0.000000
vn -0.724617 -0.557535 0.405073
vn -0.724617 -0.212960 0.655422
vn -0.724617 -0.212960 0.655422
vn -0.724617 -0.557535 0.405073
vn 0.465341 -0.716086 0.520267
vn 0.465341 -0.273521 0.841810
vn -1.000000 -0.000000 -0.000000
vn -0.998358 0.046341 -0.033669
vn -0.998358 0.017701 -0.054477
vn 0.465341 0.273521 0.841810
vn -0.724617 0.212960 0.655422
vn -0.724617 0.557535 0.405073
vn -0.998358 -0.046341 0.033668
vn -1.000000 -0.000000 -0.000000
vn -0.998043 -0.019323 0.059470
vn -0.998043 0.019323 0.059470
vn -0.923803 -0.345994 -0.163938
vn -1.000000 -0.000000 0.000000
vn -0.724617 -0.212960 0.655422
vn -0.724617 0.212960 0.655422
vn -0.724617 0.212960 0.655422
vn -0.724617 -0.212960 0.655422
vn 0.465341 -0.273521 0.841810
vn 0.465341 0.273521 0.841810
vn 0.392166 0.901275 0.184144
vn 0.392166 0.901275 0.184144
vn -0.549519 0.741751 0.384493
vn -0.549519 0.741751 0.384493
vn -0.998358 -0.057280 -0.000000
vn -1.000000 -0.000000 -0.000000
vn 0.000000 0.000000 -1.000000
vn 0.000000 0.000000 -1.000000
vn -1.000000 -0.000000 -0.000000
vn -0.998043 0.019323 0.059470
vn -0.998043 0.050588 0.036754
vn -0.000071 -0.529813 0.848115
vn -1.000000 -0.000000 0.000000
vn -0.724617 0.212960 0.655422
vn -0.724617 0.557535 0.405073
vn -0.724617 0.557535 0.405073
vn -0.724617 0.212960 0.655422
vn 0.465341 0.273521 0.841810
vn 0.465341 0.716086 0.520267
vn -0.724617 -0.557535 -0.405073
vn -0.724617 -0.212960 -0.655422
vn 0.465341 -0.273521 -0.841810
vn 0.465341 -0.716086 -0.520267
vn -0.000071 -0.529813 0.848115
vn 0.349457 -0.389280 0.852256
vn -0.998358 0.057280 0.000000
vn -0.998358 0.046341 0.033669
vn -1.000000 -0.000000 -0.000000
vn -0.998043 0.050588 0.036754
vn -0.998043 0.062530 -0.000000
vn 0.349457 -0.389280 0.852256
vn -1.000000 -0.000000 0.000000
vn -0.724617 0.557535 0.405073
vn -0.724617 0.689152 -0.000000
vn -0.724617 0.689152 -0.000000
vn -0.724617 0.557535 0.405073
vn 0.465341 0.716086 0.520267
vn 0.465341 0.885131 -0.000000
vn -1.000000 0.000000 0.000000
vn -0.979463 -0.201606 -0.002573
vn -0.724617 -0.212960 -0.655422
vn -0.724617 -0.557535 -0.405073
vn -1.000000 -0.000000 0.000000
vn -0.724617 0.689152 0.000000
vn -0.724617 0.557535 0.405073
vn -1.000000 0.000000 0.000000
vn 0.996183 0.070619 -0.051308
vn 0.996183 0.087290 -0.000000
vn 1.000000 -0.000000 -0.000000
vn 0.724617 0.557535 -0.405073
vn 0.724617 0.689152 -0.000000
vn 1.000000 0.000000 0.000000
vn -0.974558 -0.177836 -0.136422
vn -0.465341 0.716086 -0.520267
vn -0.465341 0.885131 -0.000000
vn 0.724617 0.689152 -0.000000
vn 0.724617 0.557535 -0.405073
vn -1.000000 -0.000000 -0.000000
vn -0.998358 -0.017701 -0.054477
vn -0.998358 -0.046341 -0.033668
vn -0.998726 -0.046631 -0.019282
vn 0.465341 0.885131 0.000000
vn 0.465341 0.716086 0.520267
vn -0.724617 0.557535 0.405073
vn 0.996183 0.026974 -0.083018
vn 0.996183 0.070619 -0.051308
vn 1.000000 -0.000000 -0.000000
vn 0.724617 0.212960 -0.655422
vn 0.724617 0.557535 -0.405073
vn 1.000000 0.000000 0.000000
vn 0.504861 -0.039537 0.862295
vn -0.465341 0.273521 -0.841810
vn -0.465341 0.716086 -0.520267
vn 0.724617 0.557535 -0.405073
vn 0.724617 0.212960 -0.655422
vn -0.724617 0.689152 0.000000
vn -0.000275 -0.042876 0.999080
vn 0.683041 -0.697382 0.217057
vn -0.993747 0.046027 0.101725
vn -0.000010 -0.996965 -0.077853
vn -0.999251 0.025973 0.028687
vn -0.935550 -0.315168 -0.159422
vn -0.936615 0.349905 0.017829
vn 0.996183 -0.026974 -0.083018
vn 0.996183 0.026974 -0.083018
vn 1.000000 -0.000000 -0.000000
vn 0.724617 -0.212960 -0.655422
vn 0.724617 0.212960 -0.655422
vn 1.000000 0.000000 0.000000
vn 0.985329 -0.009578 0.170397
vn -0.465341 -0.273521 -0.841810
vn -0.465341 0.273521 -0.841810
vn 0.724617 0.212960 -0.655422
vn 0.724617 -0.212960 -0.655422
vn -0.549519 0.741751 0.384493
vn -0.549519 0.741751 0.384493
vn 0.999579 -0.014484 0.025127
vn 0.999579 -0.014484 0.025127
vn 0.000000 -0.957829 -0.287339
vn 1.000000 -0.000000 0.000000
vn 0.994826 0.101589 0.000000
vn 0.994826 0.082188 -0.059713
vn 0.996183 -0.070619 -0.051308
vn 0.996183 -0.026974 -0.083018
vn 1.000000 -0.000000 -0.000000
vn 0.724617 -0.557535 -0.405073
vn 0.724617 -0.212960 -0.655422
vn 1.000000 0.000000 0.000000
vn 0.692314 -0.703146 0.162133
vn -0.465341 -0.716086 -0.520267
vn -0.465341 -0.273521 -0.841810
vn 0.724617 -0.212960 -0.655422
vn 0.724617 -0.557535 -0.405073
vn -0.724617 -0.212960 -0.655422
vn -0.724617 0.212960 -0.655422
vn 0.465341 0.273521 -0.841810
vn 0.465341 -0.273521 -0.841810
vn 1.000000 0.000000 0.000000
vn -0.998938 -0.045442 0.007566
vn 0.724617 0.689152 0.000000
vn 0.724617 0.557536 -0.405073
vn 0.996183 -0.087290 -0.000000
vn 0.996183 -0.070619 -0.051308
vn 1.000000 -0.000000 -0.000000
vn 0.724617 -0.689152 -0.000000
vn 0.724617 -0.557535 -0.405073
vn 1.000000 0.000000 0.000000
vn -0.000071 -0.529813 0.848115
vn -0.465341 -0.885131 -0.000000
vn -0.465341 -0.716086 -0.520267
vn 0.724617 -0.557535 -0.405073
vn 0.724617 -0.689152 -0.000000
vn 0.724617 0.557536 -0.405073
vn 0.724617 0.689152 0.000000
vn -0.465341 0.885131 0.000000
vn -0.465341 0.716086 -0.520267
vn -0.934172 -0.343230 -0.097546
vn -0.947955 -0.304380 -0.093458
vn -0.947955 -0.304380 -0.093458
vn 0.000071 -0.529813 0.848115
vn 0.996183 -0.070619 0.051308
vn 0.996183 -0.087290 -0.000000
vn 1.000000 -0.000000 -0.000000
vn 0.724617 -0.557535 0.405073
vn 0.724617 -0.689152 -0.000000
vn -0.000015 -0.987362 0.158482
vn 1.000000 0.000000 0.000000
vn -0.465341 -0.716086 0.520267
vn -0.465341 -0.885131 -0.000000
vn 0.724617 -0.689152 -0.000000
vn 0.724617 -0.557535 0.405073
vn 0.999869 -0.014469 0.007212
vn 0.999869 -0.014469 0.007212
vn 0.999869 -0.014469 0.007212
vn 0.999869 -0.014469 0.007211
vn 0.000000 -0.000000 -1.000000
vn 0.677287 0.677287 -0.287339
vn 0.000000 0.000000 -1.000000
vn 0.000000 0.000000 -1.000000
vn 0.996183 -0.026974 0.083017
vn 0.996183 -0.070619 0.051308
vn 1.000000 -0.000000 -0.000000
vn 0.724617 -0.212960 0.655422
vn 0.724617 -0.557535 0.405073
vn -0.692426 -0.703189 0.161467
vn 1.000000 0.000000 0.000000
vn -0.465341 -0.273521 0.841810
vn -0.465341 -0.716086 0.520267
vn 0.724617 -0.557535 0.405073
vn 0.724617 -0.212960 0.655422
vn -0.724617 0.557535 -0.405073
vn -0.724617 0.689152 0.000000
vn 0.465341 0.885131 0.000000
vn 0.465341 0.716086 -0.520267
vn 0.702516 0.703429 -0.107974
vn -0.912393 -0.408535 0.025252
vn -0.841151 -0.540344 0.022196
vn -0.746411 -0.665191 0.019778
vn 0.996183 0.026974 0.083017
vn 0.996183 -0.026974 0.083017
vn 1.000000 -0.000000 -0.000000
vn 0.724617 0.212960 0.655422
vn 0.724617 -0.212960 0.655422
vn 0.688632 0.673141 0.269569
vn 1.000000 0.000000 0.000000
vn -0.465341 0.273521 0.841810
vn -0.465341 -0.273521 0.841810
vn 0.724617 -0.212960 0.655422
vn 0.724617 0.212960 0.655422
vn -1.000000 0.000000 0.000000
vn -0.999767 -0.021479 0.002282
vn -0.724617 0.689152 0.000000
vn -0.724617 0.557535 -0.405073
vn 0.686970 0.671385 0.278054
vn 0.706964 0.699718 0.102937
vn -0.000117 0.995004 0.099831
vn -0.746411 -0.665191 0.019778
vn 0.996183 0.070619 0.051308
vn 0.996183 0.026974 0.083017
vn 1.000000 -0.000000 -0.000000
vn 0.724617 0.557535 0.405073
vn 0.724617 0.212960 0.655422
vn 0.000200 0.958434 0.285313
vn 1.000000 0.000000 0.000000
vn -0.465341 0.716086 0.520267
vn -0.465341 0.273521 0.841810
vn 0.724617 0.212960 0.655422
vn 0.724617 0.557535 0.405073
vn -1.000000 -0.000000 -0.000000
vn -0.998358 0.057280 -0.000000
vn -0.998358 0.046341 -0.033669
vn -0.841151 -0.540344 0.022196
vn -0.633300 -0.773676 0.018885
vn -0.625173 -0.780141 0.023197
vn 0.000015 -0.987362 0.158482
vn 0.996183 0.087290 -0.000000
vn 0.996183 0.070619 0.051308
vn 1.000000 -0.000000 -0.000000
vn 0.724617 0.689152 -0.000000
vn 0.724617 0.557535 0.405073
vn 0.000117 0.995004 0.099831
vn 1.000000 0.000000 0.000000
vn -0.465341 0.885131 -0.000000
vn -0.465341 0.716086 0.520267
vn 0.724617 0.557535 0.405073
vn 0.724617 0.689152 -0.000000
vn -0.479842 -0.734509 0.479842
vn -0.678598 -0.734510 0.000000
vn 0.000000 -1.000000 0.000000
vn 0.000275 -0.042876 0.999080
vn -0.349456 -0.389280 0.852257
vn -0.552945 -0.818575 -0.155523
vn -0.584677 -0.796212 -0.155562
vn 0.996183 0.070619 -0.051308
vn 0.996183 0.087290 0.000000
vn 1.000000 -0.000000 0.000000
vn 0.724617 0.557535 -0.405073
vn 0.724617 0.689152 0.000000
vn 1.000000 0.000000 0.000000
vn 0.000000 0.000000 -1.000000
vn -0.465341 0.716086 -0.520267
vn -0.465341 0.885131 0.000000
vn 0.724617 0.689152 0.000000
vn 0.724617 0.557535 -0.405073
vn -0.678598 -0.734510 0.000000
vn -0.479842 -0.734509 0.479842
vn -0.707107 0.000000 0.707107
vn -1.000000 0.000000 0.000000
vn -0.552945 -0.818575 -0.155523
vn -0.912393 -0.408535 0.025252
vn -0.907743 -0.418424 0.030414
vn -0.841151 -0.540344 0.022196
vn 0.996183 0.026974 -0.083017
vn 0.996183 0.070619 -0.051308
vn 1.000000 -0.000000 0.000000
vn 0.724617 0.212960 -0.655422
vn 0.724617 0.557535 -0.405073
vn 1.000000 0.000000 0.000000
vn 0.000000 0.000000 -1.000000
vn -0.465341 0.273521 -0.841810
vn -0.465341 0.716086 -0.520267
vn 0.724617 0.557535 -0.405073
vn 0.724617 0.212960 -0.655422
vn -0.000000 -0.734510 0.678598
vn -0.479842 -0.734509 0.479842
vn 0.000000 -1.000000 0.000000
vn 0.705768 -0.706156 -0.056881
vn 0.707113 -0.707081 0.005224
vn 0.996664 0.060088 0.055238
vn 0.832771 0.509139 0.217416
vn 0.996183 -0.026974 -0.083017
vn 0.996183 0.026974 -0.083017
vn 1.000000 -0.000000 0.000000
vn 0.724617 -0.212960 -0.655422
vn 0.724617 0.212960 -0.655422
vn 1.000000 0.000000 0.000000
vn 0.000000 -0.000000 -1.000000
vn -0.465341 -0.273521 -0.841810
vn -0.465341 0.273521 -0.841810
vn 0.724617 0.212960 -0.655422
vn 0.724617 -0.212960 -0.655422
vn -0.479842 -0.734509 0.479842
vn -0.000000 -0.734510 0.678598
vn -0.000000 0.000000 1.000000
vn -0.707107 0.000000 0.707107
vn -0.891608 -0.398996 -0.214098
vn -0.943721 -0.292022 -0.155287
vn -0.963270 -0.250368 -0.097097
vn 0.928609 -0.323218 -0.182250
vn 0.996183 -0.070619 -0.051308
vn 0.996183 -0.026974 -0.083017
vn 1.000000 -0.000000 0.000000
vn 0.724617 -0.557535 -0.405073
vn 0.724617 -0.212960 -0.655422
vn 1.000000 0.000000 0.000000
vn 0.677627 0.677627 -0.285732
vn -0.465341 -0.716086 -0.520267
vn -0.465341 -0.273521 -0.841810
vn 0.724617 -0.212960 -0.655422
vn 0.724617 -0.557535 -0.405073
vn 0.479842 -0.734510 0.479841
vn -0.000000 -0.734510 0.678598
vn 0.000000 -1.000000 0.000000
vn 0.935550 -0.315168 -0.159422
vn 0.504861 -0.039537 0.862295
vn 0.349457 -0.389280 0.852256
vn 0.349457 -0.389280 0.852256
vn 0.996183 -0.087290 0.000000
vn 0.996183 -0.070619 -0.051308
vn 1.000000 -0.000000 0.000000
vn 0.724617 -0.689152 0.000000
vn 0.724617 -0.557535 -0.405073
vn 1.000000 0.000000 0.000000
vn 0.000000 0.958310 -0.285732
vn -0.465341 -0.885131 0.000000
vn -0.465341 -0.716086 -0.520267
vn 0.724617 -0.557535 -0.405073
vn 0.724617 -0.689152 0.000000
vn -0.000000 -0.734510 0.678598
vn 0.479842 -0.734510 0.479841
vn 0.707107 0.000000 0.707106
vn -0.000000 0.000000 1.000000
vn -0.706964 0.699718 0.102936
vn -0.702516 0.703429 -0.107974
vn -0.995205 0.000443 -0.097809
vn -0.987613 0.000390 -0.156908
vn 0.996183 -0.070619 0.051308
vn 0.996183 -0.087290 0.000000
vn 1.000000 -0.000000 0.000000
vn 0.724617 -0.557535 0.405073
vn 0.724617 -0.689152 0.000000
vn -0.000275 -0.042876 0.999080
vn 1.000000 0.000000 0.000000
vn -0.465341 -0.716086 0.520267
vn -0.465341 -0.885131 0.000000
vn 0.724617 -0.689152 0.000000
vn 0.724617 -0.557535 0.405073
vn 0.678599 -0.734509 0.000000
vn 0.479842 -0.734510 0.479841
vn 0.000000 -1.000000 0.000000
vn -0.699937 0.700407 -0.139708
vn 0.000000 0.000000 -1.000000
vn 0.000130 -0.992947 0.118563
vn -0.704561 -0.704561 -0.084779
vn 0.996183 -0.026974 0.083017
vn 0.996183 -0.070619 0.051308
vn 1.000000 -0.000000 0.000000
vn 0.724617 -0.212960 0.655422
vn 0.724617 -0.557535 0.405073
vn 0.707186 0.699953 0.099769
vn 1.000000 0.000000 0.000000
vn -0.465341 -0.273521 0.841810
vn -0.465341 -0.716086 0.520267
vn 0.724617 -0.557535 0.405073
vn 0.724617 -0.212960 0.655422
vn 0.479842 -0.734510 0.479841
vn 0.678599 -0.734509 0.000000
vn 1.000000 0.000000 0.000000
vn 0.707107 0.000000 0.707106
vn -0.995205 0.000443 -0.097809
vn 0.996118 -0.000587 -0.088024
vn 0.702479 0.701698 -0.118928
vn 0.695787 0.694562 -0.182933
vn 0.996183 0.026974 0.083017
vn 0.996183 -0.026974 0.083017
vn 1.000000 -0.000000 0.000000
vn 0.724617 0.212960 0.655422
vn 0.724617 -0.212960 0.655422
vn 0.702716 0.703558 -0.105809
vn 1.000000 0.000000 0.000000
vn -0.465341 0.273521 0.841810
vn -0.465341 -0.273521 0.841810
vn 0.724617 -0.212960 0.655422
vn 0.724617 0.212960 0.655422
vn 0.999475 0.001432 0.032366
vn 0.999475 0.001432 0.032366
vn 0.999475 0.001433 0.032366
vn 0.999475 0.001432 0.032366
vn -0.702479 0.701698 -0.118929
vn 0.000000 0.997782 -0.066563
vn -0.706231 0.705897 -0.054281
vn 0.000000 -0.999035 -0.043925
vn 0.996183 0.070619 0.051308
vn 0.996183 0.026974 0.083017
vn 1.000000 -0.000000 0.000000
vn 0.724617 0.557535 0.405073
vn 0.724617 0.212960 0.655422
vn 0.000027 0.993849 -0.110741
vn 1.000000 0.000000 0.000000
vn -0.465341 0.716086 0.520267
vn -0.465341 0.273521 0.841810
vn 0.724617 0.212960 0.655422
vn 0.724617 0.557535 0.405073
vn -0.724617 0.212960 0.655422
vn -0.724617 -0.212960 0.655422
vn 0.465341 -0.273521 0.841810
vn 0.465341 0.273521 0.841810
vn -0.707113 -0.707081 0.005224
vn 0.000000 -0.999846 0.017564
vn 0.988528 -0.001020 -0.151033
vn 0.705768 -0.706156 -0.056881
vn 0.996183 0.087290 0.000000
vn 0.996183 0.070619 0.051308
vn 1.000000 -0.000000 0.000000
vn 0.724617 0.689152 0.000000
vn 0.724617 0.557535 0.405073
vn 0.000025 0.991288 -0.131713
vn 1.000000 0.000000 0.000000
vn -0.465341 0.885131 0.000000
vn -0.465341 0.716086 0.520267
vn 0.724617 0.557535 0.405073
vn 0.724617 0.689152 0.000000
vn -0.967691 -0.252127 -0.002629
vn -1.000000 0.000000 0.000000
vn -0.724617 -0.212960 0.655422
vn -0.724617 0.212960 0.655422
vn 0.996118 -0.000587 -0.088024
vn -0.677287 0.677287 -0.287339
vn -0.957829 0.000000 -0.287339
vn 0.000000 -0.000000 -1.000000
vn 0.707106 0.000000 -0.707107
vn 1.000000 0.000000 0.000000
vn 0.678598 -0.734510 0.000000
vn 0.479841 -0.734510 -0.479842
vn 0.000000 -1.000000 0.000000
vn 0.479841 -0.734510 -0.479842
vn 0.678598 -0.734510 0.000000
vn 0.000000 0.000000 -1.000000
vn 0.707106 0.000000 -0.707107
vn 0.479841 -0.734510 -0.479842
vn 0.000000 -0.734509 -0.678599
vn 0.000000 -1.000000 0.000000
vn 0.000000 -0.734509 -0.678599
vn 0.479841 -0.734510 -0.479842
vn -0.707106 0.000000 -0.707107
vn 0.000000 0.000000 -1.000000
vn 0.000000 -0.734509 -0.678599
vn -0.479841 -0.734510 -0.479842
vn 0.000000 -1.000000 0.000000
vn -0.479841 -0.734510 -0.479842
vn 0.000000 -0.734509 -0.678599
vn -1.000000 0.000000 0.000000
vn -0.707106 0.000000 -0.707107
vn -0.479841 -0.734510 -0.479842
vn -0.678598 -0.734510 0.000000
vn 0.000000 -1.000000 0.000000
vn -0.678598 -0.734510 0.000000
vn -0.479841 -0.734510 -0.479842
vn -0.707107 0.000000 0.707107
vn -1.000000 0.000000 0.000000
vn -0.678598 -0.734510 0.000000
vn -0.479842 -0.734509 0.479842
vn 0.000000 -1.000000 0.000000
vn -0.479842 -0.734509 0.479842
vn -0.678598 -0.734510 0.000000
vn 0.000000 0.000000 1.000000
vn -0.707107 0.000000 0.707107
vn -0.479842 -0.734509 0.479842
vn 0.000000 -0.734510 0.678598
vn 0.000000 -1.000000 0.000000
vn 0.000000 -0.734510 0.678598
vn -0.479842 -0.734509 0.479842
vn 0.707107 0.000000 0.707107
vn 0.000000 0.000000 1.000000
vn 0.000000 -0.734510 0.678598
vn 0.479842 -0.734509 0.479842
vn 0.000000 -1.000000 0.000000
vn 0.479842 -0.734509 0.479842
vn 0.000000 -0.734510 0.678598
vn 1.000000 0.000000 0.000000
vn 0.707107 0.000000 0.707107
vn 0.479842 -0.734509 0.479842
vn 0.678598 -0.734510 0.000000
vn 0.000000 -1.000000 0.000000
vn 0.678598 -0.734510 0.000000
vn 0.479842 -0.734509 0.479842
vn 0.996159 0.070837 -0.051466
vn 0.996159 0.087560 0.000000
vn 1.000000 -0.000000 0.000000
vn 0.724617 0.557535 -0.405073
vn 0.724617 0.689152 0.000000
vn 1.000000 -0.000000 -0.000000
vn -0.970749 -0.240069 -0.003565
vn -0.465341 0.716086 -0.520267
vn -0.465341 0.885131 0.000000
vn 0.724617 0.689152 0.000000
vn 0.724617 0.557535 -0.405073
vn -1.000000 -0.000000 -0.000000
vn -0.998358 -0.017701 0.054477
vn -0.998358 0.017701 0.054477
vn -0.707113 -0.707081 0.005224
vn -0.705768 -0.706156 -0.056881
vn -0.996118 -0.000587 -0.088024
vn 0.364784 0.325425 0.872371
vn 0.996159 0.027057 -0.083274
vn 0.996159 0.070837 -0.051466
vn 1.000000 -0.000000 0.000000
vn 0.724617 0.212960 -0.655422
vn 0.724617 0.557535 -0.405073
vn 1.000000 -0.000000 -0.000000
vn 0.992130 0.124065 -0.016908
vn -0.465341 0.273521 -0.841810
vn -0.465341 0.716086 -0.520267
vn 0.724617 0.557535 -0.405073
vn 0.724617 0.212960 -0.655422
vn 0.000066 0.480451 0.877021
vn 0.364784 0.325425 0.872371
vn 0.000275 -0.042876 0.999080
vn 0.000009 0.983377 0.181573
vn 0.699978 0.691687 0.177766
vn -0.947134 -0.299274 -0.115642
vn -0.935550 -0.315168 -0.159422
vn -0.874438 -0.432722 -0.219339
vn 0.996159 -0.027057 -0.083274
vn 0.996159 0.027057 -0.083274
vn 1.000000 -0.000000 0.000000
vn 0.724617 -0.212960 -0.655422
vn 0.724617 0.212960 -0.655422
vn 1.000000 -0.000000 -0.000000
vn 0.925403 0.378934 0.006152
vn -0.465341 -0.273521 -0.841810
vn -0.465341 0.273521 -0.841810
vn 0.724617 0.212960 -0.655422
vn 0.724617 -0.212960 -0.655422
vn 0.831185 0.511641 0.217614
vn 0.999199 0.027184 0.029357
vn 0.996460 0.062521 0.056209
vn 0.922781 -0.342662 -0.176235
vn -0.993906 0.050660 0.097895
vn -0.994976 0.026253 0.096615
vn -0.994551 -0.003859 0.104181
vn -0.994709 0.021616 0.100433
vn 0.996159 -0.070837 -0.051466
vn 0.996159 -0.027057 -0.083274
vn 1.000000 -0.000000 0.000000
vn 0.724617 -0.557535 -0.405073
vn 0.724617 -0.212960 -0.655422
vn 1.000000 -0.000000 -0.000000
vn -0.966961 -0.253151 -0.030010
vn -0.465341 -0.716086 -0.520267
vn -0.465341 -0.273521 -0.841810
vn 0.724617 -0.212960 -0.655422
vn 0.724617 -0.557535 -0.405073
vn -0.724617 -0.212960 0.655422
vn -0.724617 -0.557535 0.405073
vn 0.465341 -0.716086 0.520267
vn 0.465341 -0.273521 0.841810
vn -0.994976 0.026253 0.096615
vn -0.928609 -0.323218 -0.182250
vn -0.994117 -0.008498 0.107982
vn -0.994473 0.012717 0.104220
vn 0.996159 -0.087560 0.000000
vn 0.996159 -0.070837 -0.051466
vn 1.000000 -0.000000 0.000000
vn 0.724617 -0.689152 0.000000
vn 0.724617 -0.557535 -0.405073
vn 1.000000 -0.000000 -0.000000
vn 0.993906 0.050660 0.097895
vn -0.465341 -0.885131 0.000000
vn -0.465341 -0.716086 -0.520267
vn 0.724617 -0.557535 -0.405073
vn 0.724617 -0.689152 0.000000
vn -0.000000 0.000000 -1.000000
vn 0.707107 0.000000 -0.707106
vn 0.479842 -0.734510 -0.479841
vn -0.000000 -0.734510 -0.678598
vn -0.993747 0.046027 0.101725
vn -0.993239 -0.042436 0.108053
vn -0.994117 -0.008498 0.107982
vn -0.994551 -0.003859 0.104181
vn 0.996159 -0.070837 0.051466
vn 0.996159 -0.087560 0.000000
vn 1.000000 -0.000000 0.000000
vn 0.724617 -0.557535 0.405073
vn 0.724617 -0.689152 0.000000
vn -0.967691 -0.252127 -0.002629
vn 1.000000 -0.000000 -0.000000
vn -0.465341 -0.716086 0.520267
vn -0.465341 -0.885131 0.000000
vn 0.724617 -0.689152 0.000000
vn 0.724617 -0.557535 0.405073
vn -0.000000 0.000000 1.000000
vn -0.707107 0.000000 0.707107
vn -0.479842 -0.734509 0.479842
vn -0.000000 -0.734510 0.678598
vn 0.988528 -0.001020 -0.151033
vn 0.701703 -0.702511 -0.118703
vn 0.000000 -0.999846 0.017564
vn -0.994551 -0.003859 0.104181
vn 0.996159 -0.027057 0.083274
vn 0.996159 -0.070837 0.051466
vn 1.000000 -0.000000 0.000000
vn 0.724617 -0.212960 0.655422
vn 0.724617 -0.557535 0.405073
vn -0.961712 -0.273771 -0.012590
vn 1.000000 -0.000000 -0.000000
vn -0.465341 -0.273521 0.841810
vn -0.465341 -0.716086 0.520267
vn 0.724617 -0.557535 0.405073
vn 0.724617 -0.212960 0.655422
vn 0.000000 -1.000000 0.000000
vn -0.000000 -0.734510 -0.678598
vn 0.479842 -0.734510 -0.479841
vn -0.994795 0.017355 0.100408
vn -0.700146 0.700560 -0.137884
vn -0.994117 -0.008498 0.107982
vn 0.891608 -0.398996 -0.214098
vn 0.996159 0.027057 0.083274
vn 0.996159 -0.027057 0.083274
vn 1.000000 -0.000000 0.000000
vn 0.724617 0.212960 0.655422
vn 0.724617 -0.212960 0.655422
vn 0.998769 -0.046287 -0.017813
vn 1.000000 -0.000000 -0.000000
vn -0.465341 0.273521 0.841810
vn -0.465341 -0.273521 0.841810
vn 0.724617 -0.212960 0.655422
vn 0.724617 0.212960 0.655422
vn 0.000000 -1.000000 0.000000
vn -0.000000 -0.734510 0.678598
vn -0.479842 -0.734509 0.479842
vn 0.943721 -0.292022 -0.155287
vn 0.000000 -0.999035 -0.043925
vn -0.705768 -0.706156 -0.056881
vn -0.999698 -0.000151 -0.024558
vn 0.996159 0.070837 0.051466
vn 0.996159 0.027057 0.083274
vn 1.000000 -0.000000 0.000000
vn 0.724617 0.557535 0.405073
vn 0.724617 0.212960 0.655422
vn 0.992081 0.125171 0.010408
vn 1.000000 -0.000000 -0.000000
vn -0.465341 0.716086 0.520267
vn -0.465341 0.273521 0.841810
vn 0.724617 0.212960 0.655422
vn 0.724617 0.557535 0.405073
vn 0.707107 0.000000 -0.707106
vn 1.000000 0.000000 0.000000
vn 0.678599 -0.734509 0.000000
vn 0.479842 -0.734510 -0.479841
vn -0.702716 0.703558 -0.105809
vn -0.995507 0.000416 -0.094685
vn 0.000000 0.000000 -1.000000
vn -0.706231 0.705897 -0.054281
vn 0.996159 0.087560 0.000000
vn 0.996159 0.070837 0.051466
vn 1.000000 -0.000000 0.000000
vn 0.724617 0.689152 0.000000
vn 0.724617 0.557535 0.405073
vn 0.994976 0.026253 0.096615
vn 1.000000 -0.000000 -0.000000
vn -0.465341 0.885131 0.000000
vn -0.465341 0.716086 0.520267
vn 0.724617 0.557535 0.405073
vn 0.724617 0.689152 0.000000
vn 0.707107 0.000000 0.707106
vn -0.000000 0.000000 1.000000
vn -0.000000 -0.734510 0.678598
vn 0.479842 -0.734510 0.479841
vn -0.999698 -0.000151 -0.024558
vn -0.996118 -0.000587 -0.088024
vn 0.963270 -0.250368 -0.097097
vn -0.994795 0.017355 0.100408
vn 0.998043 0.050588 -0.036754
vn 0.998043 0.062530 -0.000000
vn 1.000000 -0.000000 -0.000000
vn 0.724617 0.557535 -0.405073
vn 0.724617 0.689152 -0.000000
vn 1.000000 -0.000000 0.000000
vn 0.994795 0.017355 0.100408
vn -0.465341 0.716086 -0.520267
vn -0.465341 0.885131 -0.000000
vn 0.724617 0.689152 -0.000000
vn 0.724617 0.557535 -0.405073
vn 0.000000 -1.000000 0.000000
vn 0.479842 -0.734510 -0.479841
vn 0.678599 -0.734509 0.000000
vn -0.993906 0.050660 0.097895
vn 0.505671 -0.039509 0.861821
vn 0.349929 -0.389593 0.851920
vn 0.000275 -0.042876 0.999080
vn 0.998043 0.019323 -0.059470
vn 0.998043 0.050588 -0.036754
vn 1.000000 -0.000000 -0.000000
vn 0.724617 0.212960 -0.655422
vn 0.724617 0.557535 -0.405073
vn 1.000000 -0.000000 0.000000
vn 0.994551 -0.003859 0.104181
vn -0.465341 0.273521 -0.841810
vn -0.465341 0.716086 -0.520267
vn 0.724617 0.557535 -0.405073
vn 0.724617 0.212960 -0.655422
vn 0.000000 -1.000000 0.000000
vn 0.479842 -0.734510 0.479841
vn -0.000000 -0.734510 0.678598
vn 0.000000 0.000000 -1.000000
vn 0.000000 0.000000 -1.000000
vn 0.000000 0.000000 -1.000000
vn -0.993747 0.046027 0.101725
vn 0.998043 -0.019323 -0.059470
vn 0.998043 0.019323 -0.059470
vn 1.000000 -0.000000 -0.000000
vn 0.724617 -0.212960 -0.655422
vn 0.724617 0.212960 -0.655422
vn 1.000000 -0.000000 0.000000
vn 0.938958 -0.316075 -0.135850
vn -0.465341 -0.273521 -0.841810
vn -0.465341 0.273521 -0.841810
vn 0.724617 0.212960 -0.655422
vn 0.724617 -0.212960 -0.655422
vn 1.000000 0.000000 0.000000
vn 0.707107 0.000000 0.707106
vn 0.479842 -0.734510 0.479841
vn 0.678599 -0.734509 0.000000
vn -0.993906 0.050660 0.097895
vn -0.364784 0.325425 0.872371
vn -0.993239 -0.042436 0.108053
vn -0.994473 0.012717 0.104220
vn 0.998043 -0.050588 -0.036754
vn 0.998043 -0.019323 -0.059470
vn 1.000000 -0.000000 -0.000000
vn 0.724617 -0.557535 -0.405073
vn 0.724617 -0.212960 -0.655422
vn 1.000000 -0.000000 0.000000
vn 0.933300 -0.321953 -0.159049
vn -0.465341 -0.716086 -0.520267
vn -0.465341 -0.273521 -0.841810
vn 0.724617 -0.212960 -0.655422
vn 0.724617 -0.557535 -0.405073
vn 0.000000 -1.000000 0.000000
vn 0.678599 -0.734509 0.000000
vn 0.479842 -0.734510 0.479841
vn 0.364784 0.325425 0.872371
vn -0.990449 0.094346 0.100549
vn -0.994709 0.021616 0.100433
vn -0.000130 -0.992947 0.118563
vn 0.998043 -0.062530 -0.000000
vn 0.998043 -0.050588 -0.036754
vn 1.000000 -0.000000 -0.000000
vn 0.724617 -0.689152 -0.000000
vn 0.724617 -0.557535 -0.405073
vn 1.000000 -0.000000 0.000000
vn 0.969821 -0.183965 -0.160015
vn -0.465341 -0.885131 -0.000000
vn -0.465341 -0.716086 -0.520267
vn 0.724617 -0.557535 -0.405073
vn 0.724617 -0.689152 -0.000000
vn 0.969821 -0.183965 -0.160015
vn 0.933300 -0.321953 -0.159049
vn 0.923803 -0.345994 -0.163938
vn 0.979631 -0.034314 0.197855
vn 0.505671 -0.039509 0.861821
vn -0.994503 -0.007268 0.104455
vn -0.707186 0.699953 0.099769
vn -0.688632 0.673141 0.269569
vn 0.998043 -0.050588 0.036754
vn 0.998043 -0.062530 -0.000000
vn 1.000000 -0.000000 -0.000000
vn 0.724617 -0.557535 0.405073
vn 0.724617 -0.689152 -0.000000
vn 0.876126 -0.479467 -0.050138
vn 1.000000 -0.000000 0.000000
vn -0.465341 -0.716086 0.520267
vn -0.465341 -0.885131 -0.000000
vn 0.724617 -0.689152 -0.000000
vn 0.724617 -0.557535 0.405073
vn -0.970463 -0.014804 0.240796
vn -0.988016 0.000384 -0.154349
vn -0.505672 -0.039509 0.861821
vn -0.683040 -0.697382 0.217057
vn -0.000272 -0.977382 0.211480
vn 0.985500 -0.009521 0.169410
vn 0.692426 -0.703189 0.161467
vn 0.349929 -0.389593 0.851920
vn 0.998043 -0.019323 0.059470
vn 0.998043 -0.050588 0.036754
vn 1.000000 -0.000000 -0.000000
vn 0.724617 -0.212960 0.655422
vn 0.724617 -0.557535 0.405073
vn 0.829534 0.489058 -0.269623
vn 1.000000 -0.000000 0.000000
vn -0.465341 -0.273521 0.841810
vn -0.465341 -0.716086 0.520267
vn 0.724617 -0.557535 0.405073
vn 0.724617 -0.212960 0.655422
vn 0.999506 0.002191 0.031353
vn 0.999506 0.002191 0.031353
vn 0.999510 0.007252 0.030464
vn 0.999510 0.007252 0.030464
vn -0.698872 -0.706274 0.112935
vn -0.990449 0.094346 0.100549
vn -0.683040 -0.697382 0.217057
vn -0.696850 -0.696491 -0.171176
vn 0.998043 0.019323 0.059470
vn 0.998043 -0.019323 0.059470
vn 1.000000 -0.000000 -0.000000
vn 0.724617 0.212960 0.655422
vn 0.724617 -0.212960 0.655422
vn 0.994709 0.021616 0.100433
vn 1.000000 -0.000000 0.000000
vn -0.465341 0.273521 0.841810
vn -0.465341 -0.273521 0.841810
vn 0.724617 -0.212960 0.655422
vn 0.724617 0.212960 0.655422
vn 0.996460 0.062521 0.056209
vn 0.999199 0.027184 0.029357
vn -0.778458 -0.627391 -0.019561
vn -0.778458 -0.627391 -0.019561
vn -0.988016 0.000384 -0.154349
vn -0.995507 0.000416 -0.094685
vn -0.704699 -0.704690 -0.082527
vn 0.000000 0.000000 -1.000000
vn 0.998043 0.050588 0.036754
vn 0.998043 0.019323 0.059470
vn 1.000000 -0.000000 -0.000000
vn 0.724617 0.557535 0.405073
vn 0.724617 0.212960 0.655422
vn 0.999699 -0.023191 0.008049
vn 1.000000 -0.000000 0.000000
vn -0.465341 0.716086 0.520267
vn -0.465341 0.273521 0.841810
vn 0.724617 0.212960 0.655422
vn 0.724617 0.557535 0.405073
vn -0.724617 0.557536 -0.405073
vn -0.724617 0.689152 0.000000
vn 0.465341 0.885131 0.000000
vn 0.465341 0.716086 -0.520267
vn 0.000000 0.000000 -1.000000
vn 0.505671 -0.039509 0.861821
vn 0.000275 -0.042876 0.999080
vn 0.699978 0.691687 0.177766
vn 0.998043 0.062530 -0.000000
vn 0.998043 0.050588 0.036754
vn 1.000000 -0.000000 -0.000000
vn 0.724617 0.689152 -0.000000
vn 0.724617 0.557535 0.405073
vn 0.999851 -0.017169 -0.001677
vn 1.000000 -0.000000 0.000000
vn -0.465341 0.885131 -0.000000
vn -0.465341 0.716086 0.520267
vn 0.724617 0.557535 0.405073
vn 0.724617 0.689152 -0.000000
vn -1.000000 0.000000 0.000000
vn 0.999791 -0.020180 0.003186
vn -0.724617 -0.557535 -0.405073
vn -0.724617 -0.689152 0.000000
vn 0.985500 -0.009521 0.169410
vn 0.505671 -0.039509 0.861821
vn 0.364784 0.325425 0.872371
vn 0.000000 0.000000 -1.000000
vn -1.000000 -0.000000 -0.000000
vn -0.996183 0.087290 -0.000000
vn -0.996183 0.070619 -0.051308
vn -1.000000 0.000000 0.000000
vn 0.994117 -0.008498 0.107982
vn -0.724617 0.689152 -0.000000
vn -0.724617 0.557535 -0.405073
vn -0.724617 0.557535 -0.405073
vn -0.724617 0.689152 -0.000000
vn 0.465341 0.885131 -0.000000
vn 0.465341 0.716086 -0.520267
vn -1.000000 -0.000000 -0.000000
vn -0.998358 -0.046341 -0.033668
vn -0.998358 -0.057280 -0.000000
vn 0.000000 0.000000 -1.000000
vn -0.957829 0.000000 -0.287339
vn -0.677287 -0.677288 -0.287339
vn 0.000000 -0.000000 -1.000000
vn -1.000000 -0.000000 -0.000000
vn -0.996183 0.070619 -0.051308
vn -0.996183 0.026974 -0.083018
vn -1.000000 0.000000 0.000000
vn 0.994473 0.012717 0.104220
vn -0.724617 0.557535 -0.405073
vn -0.724617 0.212960 -0.655422
vn -0.724617 0.212960 -0.655422
vn -0.724617 0.557535 -0.405073
vn 0.465341 0.716086 -0.520267
vn 0.465341 0.273521 -0.841810
vn -1.000000 0.000000 0.000000
vn 0.994709 0.021616 0.100433
vn -0.724617 0.689152 0.000000
vn -0.724617 0.557536 -0.405073
vn 0.000066 0.480451 0.877021
vn -0.698872 -0.706274 0.112935
vn -0.994503 -0.007268 0.104455
vn -0.970463 -0.014804 0.240796
vn -1.000000 -0.000000 -0.000000
vn -0.996183 0.026974 -0.083018
vn -0.996183 -0.026974 -0.083018
vn -1.000000 0.000000 0.000000
vn -0.961712 -0.273771 -0.012590
vn -0.724617 0.212960 -0.655422
vn -0.724617 -0.212960 -0.655422
vn -0.724617 -0.212960 -0.655422
vn -0.724617 0.212960 -0.655422
vn 0.465341 0.273521 -0.841810
vn 0.465341 -0.273521 -0.841810
vn -1.000000 -0.000000 0.000000
vn -0.998358 0.057280 0.000000
vn -0.998358 0.046341 -0.033668
vn 0.957471 -0.285685 -0.040414
vn 0.975545 -0.215522 -0.043155
vn 0.975545 -0.215522 -0.043155
vn -0.692314 -0.703146 0.162133
vn -1.000000 -0.000000 -0.000000
vn -0.996183 -0.026974 -0.083018
vn -0.996183 -0.070619 -0.051308
vn -1.000000 0.000000 0.000000
vn -0.952705 0.303895 -0.001025
vn -0.724617 -0.212960 -0.655422
vn -0.724617 -0.557535 -0.405073
vn -0.724617 -0.557535 -0.405073
vn -0.724617 -0.212960 -0.655422
vn 0.465341 -0.273521 -0.841810
vn 0.465341 -0.716086 -0.520267
vn -0.349456 -0.389280 0.852257
vn 0.000071 -0.529813 0.848115
vn 0.000000 -0.000000 -1.000000
vn -0.364309 0.325063 0.872704
vn 0.000066 0.480451 0.877021
vn 0.000000 -0.000000 -1.000000
vn -0.504861 -0.039537 0.862295
vn -0.364309 0.325063 0.872704
vn -1.000000 -0.000000 -0.000000
vn -0.996183 -0.070619 -0.051308
vn -0.996183 -0.087290 -0.000000
vn -1.000000 0.000000 0.000000
vn 0.998938 -0.045442 0.007566
vn -0.724617 -0.557535 -0.405073
vn -0.724617 -0.689152 -0.000000
vn -0.724617 -0.689152 -0.000000
vn -0.724617 -0.557535 -0.405073
vn 0.465341 -0.716086 -0.520267
vn 0.465341 -0.885131 -0.000000
vn 0.935603 -0.321258 -0.146425
vn -0.846888 0.493270 0.198656
vn -0.997887 0.051064 0.040185
vn -0.023374 0.922433 0.385450
vn 0.000275 -0.042876 0.999080
vn -0.999181 0.038025 0.013823
vn -0.999786 0.014564 0.014671
vn -0.999875 -0.002844 0.015530
vn -1.000000 -0.000000 -0.000000
vn -0.996183 -0.087290 -0.000000
vn -0.996183 -0.070619 0.051308
vn 0.974558 -0.177836 -0.136422
vn -1.000000 0.000000 0.000000
vn -0.724617 -0.689152 -0.000000
vn -0.724617 -0.557535 0.405073
vn -0.724617 -0.557535 0.405073
vn -0.724617 -0.689152 -0.000000
vn 0.465341 -0.885131 -0.000000
vn 0.465341 -0.716086 0.520267
vn -0.724617 0.689152 0.000000
vn -0.724617 0.557535 0.405073
vn 0.465341 0.716086 0.520267
vn 0.465341 0.885131 0.000000
vn -0.985329 -0.009578 0.170397
vn -0.699895 0.691582 0.178496
vn -0.364309 0.325063 0.872704
vn -0.998499 0.037386 0.040025
vn -1.000000 -0.000000 -0.000000
vn -0.996183 -0.070619 0.051308
vn -0.996183 -0.026974 0.083017
vn 0.999181 0.038025 0.013823
vn -1.000000 0.000000 0.000000
vn -0.724617 -0.557535 0.405073
vn -0.724617 -0.212960 0.655422
vn -0.724617 -0.212960 0.655422
vn -0.724617 -0.557535 0.405073
vn 0.465341 -0.716086 0.520267
vn 0.465341 -0.273521 0.841810
vn 0.998499 0.037386 0.040025
vn -1.000000 0.000000 0.000000
vn -0.724617 0.557535 0.405073
vn -0.724617 0.689152 0.000000
vn -0.988406 0.147576 0.035709
vn -0.999123 -0.003471 0.041734
vn -0.999067 0.013931 0.040872
vn -0.999181 0.038025 0.013823
vn -1.000000 -0.000000 -0.000000
vn -0.996183 -0.026974 0.083017
vn -0.996183 0.026974 0.083017
vn 0.999067 0.013931 0.040872
vn -1.000000 0.000000 0.000000
vn -0.724617 -0.212960 0.655422
vn -0.724617 0.212960 0.655422
vn -0.724617 0.212960 0.655422
vn -0.724617 -0.212960 0.655422
vn 0.465341 -0.273521 0.841810
vn 0.465341 0.273521 0.841810
vn -0.988910 0.148229 0.009216
vn -0.504861 -0.039537 0.862295
vn 0.994010 -0.007628 0.109022
vn 0.698345 -0.706261 0.116232
vn -0.988406 0.147576 0.035709
vn -0.998499 0.037386 0.040025
vn 0.957829 0.000000 -0.287339
vn -0.988910 0.148229 0.009216
vn -1.000000 -0.000000 -0.000000
vn -0.996183 0.026974 0.083017
vn -0.996183 0.070619 0.051308
vn 0.999786 0.014564 0.014671
vn -1.000000 0.000000 0.000000
vn -0.724617 0.212960 0.655422
vn -0.724617 0.557535 0.405073
vn -0.724617 0.557535 0.405073
vn -0.724617 0.212960 0.655422
vn 0.465341 0.273521 0.841810
vn 0.465341 0.716086 0.520267
vn 0.465341 0.716086 0.520267
vn 0.465341 0.273521 0.841810
vn 0.465341 -0.273521 0.841810
vn 0.465341 -0.716086 0.520267
vn 0.465341 -0.885131 0.000000
vn 0.465341 -0.716086 -0.520267
vn 0.465341 -0.273521 -0.841810
vn 0.465341 0.273521 -0.841810
vn 0.465341 0.716086 -0.520267
vn 0.465341 0.885131 0.000000
vn 0.000000 0.000000 -1.000000
vn 0.000000 0.000000 -1.000000
vn 0.681059 -0.696453 0.226078
vn 0.967297 -0.015543 0.253169
vn -1.000000 -0.000000 -0.000000
vn -0.996183 0.070619 0.051308
vn -0.996183 0.087290 -0.000000
vn 0.994551 -0.003859 0.104181
vn -1.000000 0.000000 0.000000
vn -0.724617 0.557535 0.405073
vn -0.724617 0.689152 -0.000000
vn -0.724617 0.689152 -0.000000
vn -0.724617 0.557535 0.405073
vn 0.465341 0.716086 0.520267
vn 0.465341 0.885131 -0.000000
vn 0.465341 0.716086 0.520267
vn 0.465341 0.273521 0.841810
vn 0.465341 -0.273521 0.841810
vn 0.465341 -0.716086 0.520267
vn 0.465341 -0.885131 -0.000000
vn 0.465341 -0.716086 -0.520267
vn 0.465341 -0.273521 -0.841810
vn 0.465341 0.273521 -0.841810
vn 0.465341 0.716086 -0.520267
vn 0.465341 0.885131 -0.000000
vn 0.987613 0.000390 -0.156908
vn -0.999786 0.014564 0.014671
vn -0.999067 0.013931 0.040872
vn -0.999123 -0.003471 0.041734
vn -1.000000 -0.000000 -0.000000
vn -0.996183 0.087290 0.000000
vn -0.996183 0.070619 -0.051308
vn -1.000000 0.000000 0.000000
vn 0.994117 -0.008498 0.107982
vn -0.724617 0.689152 0.000000
vn -0.724617 0.557535 -0.405073
vn -0.724617 0.557535 -0.405073
vn -0.724617 0.689152 0.000000
vn 0.465341 0.885131 0.000000
vn 0.465341 0.716086 -0.520267
vn -0.465341 0.885131 -0.000000
vn -0.465341 0.716086 -0.520267
vn -0.465341 0.273521 -0.841810
vn -0.465341 -0.273521 -0.841810
vn -0.465341 -0.716086 -0.520267
vn -0.465341 -0.885131 -0.000000
vn -0.465341 -0.716086 0.520267
vn -0.465341 -0.273521 0.841810
vn -0.465341 0.273521 0.841810
vn -0.465341 0.716086 0.520267
vn 0.696597 -0.696300 -0.172970
vn 0.704561 -0.704561 -0.084779
vn 0.995205 0.000443 -0.097809
vn -0.999875 -0.002844 0.015530
vn -1.000000 -0.000000 -0.000000
vn -0.996183 0.070619 -0.051308
vn -0.996183 0.026974 -0.083017
vn -1.000000 0.000000 0.000000
vn 0.993239 -0.042436 0.108053
vn -0.724617 0.557535 -0.405073
vn -0.724617 0.212960 -0.655422
vn -0.724617 0.212960 -0.655422
vn -0.724617 0.557535 -0.405073
vn 0.465341 0.716086 -0.520267
vn 0.465341 0.273521 -0.841810
vn -0.465341 0.885131 0.000000
vn -0.465341 0.716086 -0.520267
vn -0.465341 0.273521 -0.841810
vn -0.465341 -0.273521 -0.841810
vn -0.465341 -0.716086 -0.520267
vn -0.465341 -0.885131 0.000000
vn -0.465341 -0.716086 0.520267
vn -0.465341 -0.273521 0.841810
vn -0.465341 0.273521 0.841810
vn -0.465341 0.716086 0.520267
vn -0.985500 -0.009521 0.169411
vn 0.931427 -0.313170 -0.185384
vn 0.000000 -0.000000 -1.000000
vn -0.699978 0.691687 0.177766
vn -1.000000 -0.000000 -0.000000
vn -0.996183 0.026974 -0.083017
vn -0.996183 -0.026974 -0.083017
vn -1.000000 0.000000 0.000000
vn 0.993239 -0.042436 0.108053
vn -0.724617 0.212960 -0.655422
vn -0.724617 -0.212960 -0.655422
vn -0.724617 -0.212960 -0.655422
vn -0.724617 0.212960 -0.655422
vn 0.465341 0.273521 -0.841810
vn 0.465341 -0.273521 -0.841810
vn -0.465341 0.885131 0.000000
vn -0.465341 0.716086 -0.520267
vn -0.465341 0.273521 -0.841810
vn -0.465341 -0.273521 -0.841810
vn -0.465341 -0.716086 -0.520267
vn -0.465341 -0.885131 0.000000
vn -0.465341 -0.716086 0.520267
vn -0.465341 -0.273521 0.841810
vn -0.465341 0.273521 0.841810
vn -0.465341 0.716086 0.520267
vn 0.970463 -0.014804 0.240796
vn 0.000000 0.000000 -1.000000
vn 0.000000 0.000000 -1.000000
vn 0.677287 -0.677288 -0.287339
vn -1.000000 -0.000000 -0.000000
vn -0.996183 -0.026974 -0.083017
vn -0.996183 -0.070619 -0.051308
vn -1.000000 0.000000 0.000000
vn 0.998942 -0.045097 0.009035
vn -0.724617 -0.212960 -0.655422
vn -0.724617 -0.557535 -0.405073
vn -0.724617 -0.557535 -0.405073
vn -0.724617 -0.212960 -0.655422
vn 0.465341 -0.273521 -0.841810
vn 0.465341 -0.716086 -0.520267
vn -0.465341 0.885131 -0.000000
vn -0.465341 0.716086 -0.520267
vn -0.465341 0.273521 -0.841810
vn -0.465341 -0.273521 -0.841810
vn -0.465341 -0.716086 -0.520267
vn -0.465341 -0.885131 -0.000000
vn -0.465341 -0.716086 0.520267
vn -0.465341 -0.273521 0.841810
vn -0.465341 0.273521 0.841810
vn -0.465341 0.716086 0.520267
vn 0.696597 -0.696300 -0.172970
vn -0.000034 -0.983891 -0.178768
vn -0.000010 -0.996965 -0.077853
vn 0.000275 -0.042876 0.999080
vn -1.000000 -0.000000 -0.000000
vn -0.996183 -0.070619 -0.051308
vn -0.996183 -0.087290 0.000000
vn -1.000000 0.000000 0.000000
vn 0.998938 -0.045442 0.007566
vn -0.724617 -0.557535 -0.405073
vn -0.724617 -0.689152 0.000000
vn -0.724617 -0.689152 0.000000
vn -0.724617 -0.557535 -0.405073
vn 0.465341 -0.716086 -0.520267
vn 0.465341 -0.885131 0.000000
vn 0.465341 0.716086 0.520267
vn 0.465341 0.273521 0.841810
vn 0.465341 -0.273521 0.841810
vn 0.465341 -0.716086 0.520267
vn 0.465341 -0.885131 -0.000000
vn 0.465341 -0.716086 -0.520267
vn 0.465341 -0.273521 -0.841810
vn 0.465341 0.273521 -0.841810
vn 0.465341 0.716086 -0.520267
vn 0.465341 0.885131 -0.000000
vn -0.699895 0.691582 0.178496
vn 0.000009 0.983377 0.181573
vn 0.704561 -0.704561 -0.084779
vn 0.000000 0.000000 -1.000000
vn -1.000000 -0.000000 -0.000000
vn -0.996183 -0.087290 0.000000
vn -0.996183 -0.070619 0.051308
vn 0.998726 -0.046631 -0.019282
vn -1.000000 0.000000 0.000000
vn -0.724617 -0.689152 0.000000
vn -0.724617 -0.557535 0.405073
vn -0.724617 -0.557535 0.405073
vn -0.724617 -0.689152 0.000000
vn 0.465341 -0.885131 0.000000
vn 0.465341 -0.716086 0.520267
vn 0.465341 0.716086 0.520267
vn 0.465341 0.273521 0.841810
vn 0.465341 -0.273521 0.841810
vn 0.465341 -0.716086 0.520267
vn 0.465341 -0.885131 0.000000
vn 0.465341 -0.716086 -0.520267
vn 0.465341 -0.273521 -0.841810
vn 0.465341 0.273521 -0.841810
vn 0.465341 0.716086 -0.520267
vn 0.465341 0.885131 0.000000
vn 0.000000 0.000000 -1.000000
vn -0.999013 -0.027977 0.034511
vn 0.943721 -0.292022 -0.155287
vn 0.891608 -0.398996 -0.214098
vn -1.000000 -0.000000 -0.000000
vn -0.996183 -0.070619 0.051308
vn -0.996183 -0.026974 0.083017
vn -0.999413 -0.022479 -0.025869
vn -1.000000 0.000000 0.000000
vn -0.724617 -0.557535 0.405073
vn -0.724617 -0.212960 0.655422
vn -0.724617 -0.212960 0.655422
vn -0.724617 -0.557535 0.405073
vn 0.465341 -0.716086 0.520267
vn 0.465341 -0.273521 0.841810
vn -0.465341 0.885131 0.000000
vn -0.465341 0.716086 -0.520267
vn -0.465341 0.273521 -0.841810
vn -0.465341 -0.273521 -0.841810
vn -0.465341 -0.716086 -0.520267
vn -0.465341 -0.885131 0.000000
vn -0.465341 -0.716086 0.520267
vn -0.465341 -0.273521 0.841810
vn -0.465341 0.273521 0.841810
vn -0.465341 0.716086 0.520267
vn -0.999875 -0.002844 0.015530
vn -0.999123 -0.003471 0.041734
vn -0.999013 -0.027977 0.034511
vn -0.988910 0.148229 0.009216
vn -1.000000 -0.000000 -0.000000
vn -0.996183 -0.026974 0.083017
vn -0.996183 0.026974 0.083017
vn -0.952705 0.303895 -0.001025
vn -1.000000 0.000000 0.000000
vn -0.724617 -0.212960 0.655422
vn -0.724617 0.212960 0.655422
vn -0.724617 0.212960 0.655422
vn -0.724617 -0.212960 0.655422
vn 0.465341 -0.273521 0.841810
vn 0.465341 0.273521 0.841810
vn -0.465341 0.885131 0.000000
vn -0.465341 0.716086 -0.520267
vn -0.465341 0.273521 -0.841810
vn -0.465341 -0.273521 -0.841810
vn -0.465341 -0.716086 -0.520267
vn -0.465341 -0.885131 0.000000
vn -0.465341 -0.716086 0.520267
vn -0.465341 -0.273521 0.841810
vn -0.465341 0.273521 0.841810
vn -0.465341 0.716086 0.520267
vn -0.936615 0.349905 0.017829
vn -0.988406 0.147576 0.035709
vn 0.000066 0.480451 0.877021
vn -0.364309 0.325063 0.872704
vn -1.000000 -0.000000 -0.000000
vn -0.996183 0.026974 0.083017
vn -0.996183 0.070619 0.051308
vn -0.999767 -0.021479 0.002282
vn -1.000000 0.000000 0.000000
vn -0.724617 0.212960 0.655422
vn -0.724617 0.557535 0.405073
vn -0.724617 0.557535 0.405073
vn -0.724617 0.212960 0.655422
vn 0.465341 0.273521 0.841810
vn 0.465341 0.716086 0.520267
vn 0.465341 0.716086 0.520267
vn 0.465341 0.273521 0.841810
vn 0.465341 -0.273521 0.841810
vn 0.465341 -0.716086 0.520267
vn 0.465341 -0.885131 0.000000
vn 0.465341 -0.716086 -0.520267
vn 0.465341 -0.273521 -0.841810
vn 0.465341 0.273521 -0.841810
vn 0.465341 0.716086 -0.520267
vn 0.465341 0.885131 0.000000
vn 0.698345 -0.706261 0.116232
vn -0.000130 -0.992947 0.118563
vn -0.000272 -0.977382 0.211480
vn 0.681059 -0.696453 0.226078
vn -1.000000 -0.000000 -0.000000
vn -0.996183 0.070619 0.051308
vn -0.996183 0.087290 0.000000
vn -0.998726 -0.046631 -0.019282
vn -1.000000 0.000000 0.000000
vn -0.724617 0.557535 0.405073
vn -0.724617 0.689152 0.000000
vn -0.724617 0.689152 0.000000
vn -0.724617 0.557535 0.405073
vn 0.465341 0.716086 0.520267
vn 0.465341 0.885131 0.000000
vn 0.465341 0.716086 0.520267
vn 0.465341 0.273521 0.841810
vn 0.465341 -0.273521 0.841810
vn 0.465341 -0.716086 0.520267
vn 0.465341 -0.885131 0.000000
vn 0.465341 -0.716086 -0.520267
vn 0.465341 -0.273521 -0.841810
vn 0.465341 0.273521 -0.841810
vn 0.465341 0.716086 -0.520267
vn 0.465341 0.885131 0.000000
vn -0.000034 -0.983891 -0.178768
vn -0.696850 -0.696491 -0.171176
vn -0.704699 -0.704690 -0.082527
vn 0.000000 0.000000 -1.000000
vn 0.000000 0.000000 -1.000000
vn 0.000000 0.000000 -1.000000
vn 0.000000 0.000000 -1.000000
vn -0.677287 -0.677288 -0.287339
vn 0.999869 -0.014469 0.007212
vn 0.999869 -0.014469 0.007212
vn -0.589232 0.760935 0.271629
vn -0.586293 0.761450 0.276504
vn -0.583651 0.766213 0.268829
vn -0.586293 0.761450 0.276504
vn -0.728078 0.651001 0.214711
vn -0.583651 0.766213 0.268829
vn -0.586293 0.761450 0.276504
vn -0.732485 0.644219 0.220108
vn -0.728078 0.651001 0.214711
vn -0.732485 0.644219 0.220108
vn -0.844456 0.516301 0.142572
vn -0.728078 0.651001 0.214711
vn -0.844456 0.516301 0.142572
vn -0.842151 0.519449 0.144759
vn -0.821334 0.533644 0.201579
vn 0.832771 0.509139 0.217416
vn 0.996664 0.060088 0.055238
vn 0.999251 0.025973 0.028687
vn -0.127766 0.985475 -0.111871
vn -0.170079 0.951245 -0.257307
vn -0.170079 0.951245 -0.257307
vn -0.127766 0.985475 -0.111871
vn 0.672699 0.013888 0.739786
vn 0.672699 0.013888 0.739786
vn 0.160183 0.939065 0.304136
vn 0.160183 0.939065 0.304136
vn 0.324032 -0.923023 0.207439
vn 0.672699 0.013888 0.739786
vn 0.672699 0.013888 0.739786
vn 0.324032 -0.923023 0.207439
vn 0.928609 -0.323218 -0.182250
vn 0.874438 -0.432722 -0.219339
vn 0.935550 -0.315168 -0.159422
vn -0.821334 0.533644 0.201579
vn -0.011782 0.924386 0.381276
vn 0.832771 0.509139 0.217416
vn -0.994608 0.092005 0.047859
vn -0.998701 0.045968 0.021988
vn 0.050782 -0.976961 -0.207287
vn -0.000836 -0.935590 -0.353088
vn -0.000836 -0.935590 -0.353088
vn 0.050782 -0.976961 -0.207287
vn 0.999251 0.025973 0.028687
vn 0.996664 0.060088 0.055238
vn -0.931427 -0.313170 -0.185384
vn -0.943721 -0.292022 -0.155287
vn -0.891608 -0.398996 -0.214098
vn 0.947423 -0.296937 -0.119238
vn 0.947423 -0.296937 -0.119238
vn 0.947423 -0.296937 -0.119238
vn 0.947423 -0.296937 -0.119238
vn 0.947423 -0.296937 -0.119238
vn 0.947423 -0.296937 -0.119238
vn 0.950525 -0.310171 -0.017222
vn 0.950525 -0.310171 -0.017222
vn 0.950525 -0.310171 -0.017222
vn 0.950525 -0.310171 -0.017222
vn 0.950525 -0.310171 -0.017222
vn 0.950525 -0.310171 -0.017222
vn 0.982815 -0.183751 -0.017584
vn 0.982815 -0.183751 -0.017584
vn 0.982794 -0.183890 -0.017361
vn 0.982837 -0.183613 -0.017807
vn 0.982815 -0.183751 -0.017584
vn 0.982815 -0.183751 -0.017584
vn 0.982815 -0.183752 -0.017585
vn 0.982815 -0.183752 -0.017585
vn 0.982794 -0.183890 -0.017362
vn 0.982837 -0.183614 -0.017807
vn 0.982815 -0.183752 -0.017585
vn 0.982815 -0.183752 -0.017585
vn 0.950525 -0.310171 -0.017222
vn 0.950525 -0.310171 -0.017222
vn 0.950525 -0.310171 -0.017222
vn 0.950525 -0.310171 -0.017222
vn 0.950525 -0.310171 -0.017222
vn 0.950525 -0.310171 -0.017222
vn 0.949945 -0.310123 -0.037800
vn 0.949945 -0.310123 -0.037800
vn 0.949945 -0.310123 -0.037800
vn 0.949945 -0.310123 -0.037800
vn 0.949945 -0.310123 -0.037800
vn 0.949945 -0.310123 -0.037800
vn 0.949945 -0.310123 -0.037800
vn 0.949945 -0.310123 -0.037800
vn 0.949945 -0.310123 -0.037800
vn 0.949945 -0.310122 -0.037800
vn 0.949945 -0.310123 -0.037800
vn 0.949945 -0.310123 -0.037800
vn 0.949945 -0.310123 -0.037800
vn 0.949945 -0.310123 -0.037800
vn 0.949945 -0.310123 -0.037800
vn 0.949945 -0.310122 -0.037800
vn 0.949945 -0.310123 -0.037800
vn 0.949945 -0.310123 -0.037800
vn 0.949945 -0.310123 -0.037800
vn 0.949945 -0.310123 -0.037800
vn 0.949945 -0.310123 -0.037800
vn 0.949945 -0.310122 -0.037800
vn 0.949945 -0.310123 -0.037800
vn 0.949945 -0.310123 -0.037800
vn 0.949945 -0.310122 -0.037800
vn 0.949945 -0.310122 -0.037800
vn 0.949945 -0.310123 -0.037800
vn 0.949945 -0.310122 -0.037801
vn 0.949945 -0.310122 -0.037800
vn 0.949945 -0.310122 -0.037800
vn 0.949945 -0.310123 -0.037800
vn 0.949945 -0.310123 -0.037800
vn 0.949945 -0.310122 -0.037801
vn 0.949945 -0.310123 -0.037800
vn 0.949945 -0.310123 -0.037800
vn 0.949945 -0.310123 -0.037800
vn 0.952852 -0.302077 -0.028696
vn 0.952852 -0.302077 -0.028696
vn 0.954238 -0.296636 -0.037920
vn 0.951355 -0.307482 -0.019468
vn 0.952852 -0.302077 -0.028696
vn 0.952852 -0.302077 -0.028696
vn 0.958562 -0.284268 -0.018745
vn 0.958562 -0.284268 -0.018745
vn 0.958586 -0.284176 -0.018900
vn 0.958538 -0.284359 -0.018590
vn 0.958562 -0.284268 -0.018745
vn 0.958562 -0.284268 -0.018745
vn 0.952558 -0.282340 -0.113650
vn 0.952558 -0.282340 -0.113650
vn 0.952558 -0.282340 -0.113650
vn 0.952558 -0.282340 -0.113650
vn 0.952558 -0.282340 -0.113650
vn 0.952558 -0.282340 -0.113650
vn 0.952558 -0.282341 -0.113650
vn 0.952558 -0.282341 -0.113650
vn 0.952558 -0.282340 -0.113650
vn 0.952558 -0.282341 -0.113649
vn 0.952558 -0.282341 -0.113650
vn 0.952558 -0.282341 -0.113650
vn 0.952559 -0.282340 -0.113650
vn 0.952559 -0.282340 -0.113650
vn 0.952558 -0.282341 -0.113649
vn 0.952559 -0.282340 -0.113650
vn 0.952559 -0.282340 -0.113650
vn 0.952559 -0.282340 -0.113650
vn 0.952558 -0.282340 -0.113650
vn 0.952558 -0.282340 -0.113650
vn 0.952558 -0.282341 -0.113650
vn 0.952558 -0.282340 -0.113650
vn 0.952558 -0.282340 -0.113650
vn 0.952558 -0.282340 -0.113650
vn 0.952558 -0.282341 -0.113650
vn 0.952558 -0.282341 -0.113650
vn 0.952558 -0.282340 -0.113650
vn 0.952558 -0.282341 -0.113650
vn 0.952558 -0.282341 -0.113650
vn 0.952558 -0.282341 -0.113650
vn 0.952559 -0.282340 -0.113650
vn 0.952559 -0.282340 -0.113650
vn 0.952559 -0.282340 -0.113650
vn 0.952558 -0.282340 -0.113650
vn 0.952559 -0.282340 -0.113650
vn 0.952559 -0.282340 -0.113650
vn 0.952558 -0.282341 -0.113650
vn 0.952558 -0.282341 -0.113650
vn 0.952558 -0.282341 -0.113650
vn 0.952558 -0.282340 -0.113650
vn 0.952558 -0.282341 -0.113650
vn 0.952558 -0.282341 -0.113650
vn 0.952558 -0.282340 -0.113650
vn 0.952558 -0.282340 -0.113650
vn 0.952558 -0.282340 -0.113650
vn 0.952558 -0.282340 -0.113650
vn 0.952558 -0.282340 -0.113650
vn 0.952558 -0.282340 -0.113650
vn 0.952558 -0.282340 -0.113650
vn 0.952558 -0.282340 -0.113650
vn 0.952558 -0.282340 -0.113650
vn 0.952558 -0.282341 -0.113650
vn 0.952558 -0.282340 -0.113650
vn 0.952558 -0.282340 -0.113650
vn 0.952558 -0.282340 -0.113650
vn 0.952558 -0.282340 -0.113650
vn 0.952558 -0.282341 -0.113650
vn 0.952558 -0.282340 -0.113650
vn 0.952558 -0.282340 -0.113650
vn 0.952558 -0.282340 -0.113650
vn 0.951909 -0.283752 -0.115564
vn 0.951909 -0.283752 -0.115564
vn 0.951781 -0.284982 -0.113567
vn 0.952031 -0.282519 -0.117561
vn 0.951909 -0.283752 -0.115564
vn 0.951909 -0.283752 -0.115564
vn 0.949670 -0.290811 -0.116432
vn 0.949670 -0.290811 -0.116432
vn 0.949459 -0.292723 -0.113317
vn 0.949868 -0.288894 -0.119545
vn 0.949670 -0.290811 -0.116432
vn 0.949670 -0.290811 -0.116432
vn 0.947603 -0.296600 -0.118648
vn 0.947603 -0.296600 -0.118648
vn 0.947561 -0.296979 -0.118029
vn 0.947644 -0.296220 -0.119266
vn 0.947603 -0.296600 -0.118648
vn 0.947603 -0.296600 -0.118648
vn 0.869745 0.293655 0.396624
vn 0.869745 0.293655 0.396624
vn 0.866924 0.283327 0.410084
#end 6295 vertex normals

#begin 1780 faces
usemtl boeing747_material1
f 411//710 398//709 414//708 427//707 
usemtl boeing747_material1
f 408//717 411//713 427//712 424//711 
usemtl boeing747_material1
f 406//724 408//723 424//719 422//718 
usemtl boeing747_material1
f 404//525 406//524 422//523 420//725 
usemtl boeing747_material1
f 403//535 404//528 420//527 419//526 
usemtl boeing747_material1
f 400//3212 403//538 419//537 416//536 
usemtl boeing747_material1
f 412//5183 400//5146 416//5145 430//5144 
usemtl boeing747_material1
f 398//5370 412//5369 430//5200 414//5184 
usemtl boeing747_material1
f 427//5165 414//5050 428//5051 507//5371 
usemtl boeing747_material1
f 424//5407 427//5406 507//5182 496//5181 
usemtl boeing747_material1
f 422//5276 424//5275 496//5274 486//5408 
usemtl boeing747_material1
f 420//5162 422//5444 486//5443 476//5427 
usemtl boeing747_material1
f 419//781 420//780 476//5164 467//5163 
usemtl boeing747_material1
f 416//785 419//784 467//783 456//782 
usemtl boeing747_material1
f 430//795 416//791 456//790 526//789 
usemtl boeing747_material1
f 414//799 430//798 526//797 428//796 
usemtl boeing747_material1
f 440//803 443//802 452//801 523//800 
usemtl boeing747_material1
f 443//813 444//809 462//808 452//807 
usemtl boeing747_material1
f 334//1196 324//1195 323//1194 332//1193 
usemtl boeing747_material1
f 286//269 284//268 719//264 
usemtl Polygon_XSIPOLYCLS.boeing747_material2
f 29//61 26//62 25//63 
usemtl boeing747_material1
f 1631//272 235//271 264//270 
usemtl Polygon_XSIPOLYCLS.boeing747_material2
f 31//67 26//68 29//69 
usemtl boeing747_material1
f 320//219 252//218 254//217 
usemtl Polygon_XSIPOLYCLS.boeing747_material2
f 604//945 595//944 675//943 
usemtl boeing747_material1
f 606//952 596//951 595//947 604//946 
usemtl Polygon_XSIPOLYCLS.boeing747_material2
f 37//79 34//80 33//81 
usemtl boeing747_material1
f 608//959 598//958 596//957 606//953 
usemtl Polygon_XSIPOLYCLS.boeing747_material2
f 39//85 34//86 37//87 
usemtl boeing747_material1
f 611//963 600//962 588//961 590//960 
usemtl boeing747_material1
f 612//970 603//969 600//965 611//964 
usemtl boeing747_material1
f 574//976 576//975 676//971 
usemtl Polygon_XSIPOLYCLS.boeing747_material2
f 45//97 42//98 41//99 
usemtl Polygon_XSIPOLYCLS.boeing747_material2
f 614//979 604//978 675//977 
usemtl Polygon_XSIPOLYCLS.boeing747_material2
f 47//103 42//104 45//105 
usemtl boeing747_material1
f 616//983 606//982 604//981 614//980 
usemtl boeing747_material1
f 619//993 608//989 606//988 616//987 
usemtl boeing747_material1
f 620//997 611//996 590//995 592//994 
usemtl Polygon_XSIPOLYCLS.boeing747_material2
f 53//115 50//116 49//117 
usemtl boeing747_material1
f 622//1001 612//1000 611//999 620//998 
usemtl Polygon_XSIPOLYCLS.boeing747_material2
f 55//121 50//122 53//123 
usemtl boeing747_material1
f 576//1007 691//1006 676//1005 
usemtl Polygon_XSIPOLYCLS.boeing747_material2
f 624//1013 614//1012 675//1011 
usemtl boeing747_material1
f 627//1017 616//1016 614//1015 624//1014 
usemtl Polygon_XSIPOLYCLS.boeing747_material2
f 61//133 58//134 57//135 
usemtl boeing747_material1
f 628//1024 619//1023 616//1019 627//1018 
usemtl Polygon_XSIPOLYCLS.boeing747_material2
f 63//139 58//140 61//141 
usemtl boeing747_material1
f 630//1031 620//1030 592//1029 579//1025 
usemtl boeing747_material1
f 99//76 112//75 128//74 115//73 
usemtl boeing747_material1
f 126//83 115//82 131//78 142//77 
usemtl Polygon_XSIPOLYCLS.boeing747_material2
f 69//151 66//152 65//153 
usemtl boeing747_material1
f 124//90 126//89 142//88 140//84 
usemtl Polygon_XSIPOLYCLS.boeing747_material2
f 71//157 66//158 69//159 
usemtl boeing747_material1
f 123//94 124//93 140//92 139//91 
usemtl boeing747_material1
f 120//101 123//100 139//96 136//95 
usemtl boeing747_material1
f 118//108 120//107 136//106 134//102 
usemtl Polygon_XSIPOLYCLS.boeing747_material2
f 77//169 74//170 73//171 
usemtl boeing747_material1
f 116//112 118//111 134//110 132//109 
usemtl Polygon_XSIPOLYCLS.boeing747_material2
f 79//175 74//176 77//177 
usemtl boeing747_material1
f 128//119 116//118 132//114 147//113 
usemtl boeing747_material1
f 115//126 128//125 147//124 131//120 
usemtl boeing747_material1
f 142//130 131//129 144//128 220//127 
usemtl Polygon_XSIPOLYCLS.boeing747_material2
f 85//187 82//188 81//189 
usemtl boeing747_material1
f 140//137 142//136 220//132 216//131 
usemtl Polygon_XSIPOLYCLS.boeing747_material2
f 87//193 82//194 85//195 
usemtl boeing747_material1
f 139//144 140//143 216//142 203//138 
usemtl boeing747_material1
f 136//1305 139//1304 203//1303 192//1302 
usemtl boeing747_material1
f 134//1312 136//1311 192//1307 180//1306 
usemtl Polygon_XSIPOLYCLS.boeing747_material2
f 93//205 90//206 89//207 
usemtl boeing747_material1
f 132//1319 134//1318 180//1317 172//1313 
usemtl Polygon_XSIPOLYCLS.boeing747_material2
f 95//211 90//212 93//213 
usemtl boeing747_material1
f 147//1323 132//1322 172//1321 256//1320 
usemtl boeing747_material1
f 131//1330 147//1329 256//1325 144//1324 
usemtl boeing747_material1
f 156//1337 158//1336 168//1335 228//1331 
usemtl Polygon_XSIPOLYCLS.boeing747_material2
f 101//223 98//224 97//225 
usemtl boeing747_material1
f 158//1341 160//1340 179//1339 168//1338 
usemtl Polygon_XSIPOLYCLS.boeing747_material2
f 103//229 98//230 101//231 
usemtl boeing747_material1
f 160//1348 163//1347 188//1343 179//1342 
usemtl boeing747_material1
f 163//1355 148//1354 196//1353 188//1349 
usemtl boeing747_material1
f 148//1359 150//1358 208//1357 196//1356 
usemtl Polygon_XSIPOLYCLS.boeing747_material2
f 109//241 106//242 105//243 
usemtl boeing747_material1
f 150//1366 152//1365 219//1361 208//1360 
usemtl Polygon_XSIPOLYCLS.boeing747_material2
f 111//247 106//248 109//249 
usemtl boeing747_material1
f 152//1373 155//1372 232//1371 219//1367 
usemtl boeing747_material1
f 155//1377 156//1376 228//1375 232//1374 
usemtl Polygon_XSIPOLYCLS.boeing747_material2
f 725//1383 30//1379 164//1378 
usemtl Polygon_XSIPOLYCLS.boeing747_material2
f 117//259 114//260 113//261 
usemtl boeing747_material1
f 164//1390 30//1389 32//1385 166//1384 
usemtl Polygon_XSIPOLYCLS.boeing747_material2
f 119//265 114//266 117//267 
usemtl boeing747_material1
f 166//1394 32//1393 228//1392 168//1391 
usemtl boeing747_material1
f 158//1401 156//1397 230//1396 171//1395 
usemtl boeing747_material1
f 171//1408 230//1407 256//1403 172//1402 
usemtl Polygon_XSIPOLYCLS.boeing747_material2
f 125//277 122//278 121//279 
usemtl boeing747_material1
f 1147//1411 84//1410 96//1409 
usemtl Polygon_XSIPOLYCLS.boeing747_material2
f 127//283 122//284 125//285 
usemtl Polygon_XSIPOLYCLS.boeing747_material2
f 725//1414 164//1413 174//1412 
usemtl boeing747_material1
f 174//1421 164//1420 166//1419 176//1415 
usemtl boeing747_material1
f 176//1428 166//1427 168//1426 179//1425 
usemtl Polygon_XSIPOLYCLS.boeing747_material2
f 133//295 130//296 129//297 
usemtl boeing747_material1
f 160//1432 158//1431 171//1430 184//1429 
usemtl Polygon_XSIPOLYCLS.boeing747_material2
f 135//301 130//302 133//303 
usemtl boeing747_material1
f 184//1439 171//1438 172//1437 180//1433 
usemtl boeing747_material1
f 1147//1445 86//1444 84//1443 
usemtl Polygon_XSIPOLYCLS.boeing747_material2
f 725//1448 174//1447 182//1446 
usemtl Polygon_XSIPOLYCLS.boeing747_material2
f 141//313 138//314 137//315 
usemtl boeing747_material1
f 182//1455 174//1451 176//1450 187//1449 
usemtl Polygon_XSIPOLYCLS.boeing747_material2
f 143//319 138//320 141//321 
usemtl boeing747_material1
f 187//1462 176//1461 179//1457 188//1456 
usemtl boeing747_material1
f 163//1466 160//1465 184//1464 190//1463 
usemtl boeing747_material1
f 190//1473 184//1469 180//1468 192//1467 
usemtl Polygon_XSIPOLYCLS.boeing747_material2
f 149//331 146//332 145//333 
usemtl boeing747_material1
f 1147//1479 88//1475 86//1474 
usemtl Polygon_XSIPOLYCLS.boeing747_material2
f 151//337 146//338 149//339 
usemtl Polygon_XSIPOLYCLS.boeing747_material2
f 725//1482 182//1481 195//1480 
usemtl boeing747_material1
f 195//1486 182//1485 187//1484 200//1483 
usemtl boeing747_material1
f 200//1493 187//1492 188//1491 196//1487 
usemtl Polygon_XSIPOLYCLS.boeing747_material2
f 157//349 154//350 153//351 
usemtl boeing747_material1
f 148//1500 163//1499 190//1498 198//1497 
usemtl Polygon_XSIPOLYCLS.boeing747_material2
f 159//355 154//356 157//357 
usemtl boeing747_material1
f 198//1504 190//1503 192//1502 203//1501 
usemtl boeing747_material1
f 1147//1510 91//1509 88//1505 
usemtl Polygon_XSIPOLYCLS.boeing747_material2
f 725//1516 195//1515 204//1511 
usemtl Polygon_XSIPOLYCLS.boeing747_material2
f 165//367 162//368 161//369 
usemtl boeing747_material1
f 204//1520 195//1519 200//1518 206//1517 
usemtl Polygon_XSIPOLYCLS.boeing747_material2
f 167//373 162//374 165//375 
usemtl boeing747_material1
f 206//1527 200//1523 196//1522 208//1521 
usemtl boeing747_material1
f 150//1534 148//1533 198//1529 211//1528 
usemtl boeing747_material1
f 211//3739 198//3720 203//3703 216//1535 
usemtl Polygon_XSIPOLYCLS.boeing747_material2
f 173//385 170//386 169//387 
usemtl boeing747_material1
f 1147//4065 92//4058 91//4039 
usemtl Polygon_XSIPOLYCLS.boeing747_material2
f 175//391 170//392 173//393 
usemtl Polygon_XSIPOLYCLS.boeing747_material2
f 725//3795 204//3776 212//3758 
usemtl boeing747_material1
f 212//4077 204//3927 206//3908 214//3891 
usemtl boeing747_material1
f 152//4301 150//4254 211//4170 224//3469 
usemtl Polygon_XSIPOLYCLS.boeing747_material2
f 181//403 178//404 177//405 
usemtl boeing747_material1
f 224//145 211//4467 216//4351 220//4326 
usemtl Polygon_XSIPOLYCLS.boeing747_material2
f 183//409 178//410 181//411 
usemtl boeing747_material1
f 214//3470 206//4376 208//4113 219//4094 
usemtl boeing747_material1
f 1147//148 94//147 92//146 
usemtl Polygon_XSIPOLYCLS.boeing747_material2
f 725//154 212//150 222//149 
usemtl Polygon_XSIPOLYCLS.boeing747_material2
f 189//421 186//422 185//423 
usemtl boeing747_material1
f 222//161 212//160 214//156 227//155 
usemtl Polygon_XSIPOLYCLS.boeing747_material2
f 191//427 186//428 189//429 
usemtl boeing747_material1
f 227//165 214//164 219//163 232//162 
usemtl boeing747_material1
f 155//172 152//168 224//167 27//166 
usemtl boeing747_material1
f 1147//182 28//181 94//180 
usemtl Polygon_XSIPOLYCLS.boeing747_material2
f 197//439 194//440 193//441 
usemtl Polygon_XSIPOLYCLS.boeing747_material2
f 725//185 222//184 30//183 
usemtl Polygon_XSIPOLYCLS.boeing747_material2
f 199//445 194//446 197//447 
usemtl boeing747_material1
f 27//179 224//178 220//174 144//173 
usemtl boeing747_material1
f 30//192 222//191 227//190 32//186 
usemtl boeing747_material1
f 32//199 227//198 232//197 228//196 
usemtl Polygon_XSIPOLYCLS.boeing747_material2
f 205//457 202//458 201//459 
usemtl boeing747_material1
f 156//203 155//202 27//201 230//200 
usemtl Polygon_XSIPOLYCLS.boeing747_material2
f 207//463 202//464 205//465 
usemtl boeing747_material1
f 230//210 27//209 144//208 256//204 
usemtl boeing747_material1
f 1147//216 96//215 28//214 
usemtl boeing747_material1
f 320//222 705//221 259//220 
usemtl Polygon_XSIPOLYCLS.boeing747_material2
f 213//475 210//476 209//477 
usemtl boeing747_material1
f 235//276 259//228 705//227 264//226 
usemtl Polygon_XSIPOLYCLS.boeing747_material2
f 215//481 210//482 213//483 
usemtl boeing747_material1
f 254//234 705//233 320//232 
usemtl boeing747_material1
f 731//505 748//498 753//497 754//496 
usemtl boeing747_material1
f 748//521 743//520 752//507 753//506 
usemtl Polygon_XSIPOLYCLS.boeing747_material2
f 221//493 218//494 217//495 
usemtl boeing747_material1
f 719//250 284//246 717//245 
usemtl Polygon_XSIPOLYCLS.boeing747_material2
f 223//499 218//500 221//501 
usemtl boeing747_material1
f 743//57 738//56 751//55 752//522 
usemtl boeing747_material1
f 717//253 235//252 1631//251 
usemtl boeing747_material1
f 252//289 709//282 284//281 286//280 
usemtl Polygon_XSIPOLYCLS.boeing747_material2
f 229//511 226//512 225//513 
usemtl boeing747_material1
f 719//288 717//287 1631//286 
usemtl Polygon_XSIPOLYCLS.boeing747_material2
f 231//517 226//518 229//519 
usemtl boeing747_material1
f 738//64 267//60 678//59 751//58 
usemtl boeing747_material1
f 70//397 11//396 540//395 5//394 
usemtl boeing747_material1
f 8//413 70//412 5//399 539//398 
usemtl Polygon_XSIPOLYCLS.boeing747_material2
f 237//529 234//530 233//531 
usemtl Polygon_XSIPOLYCLS.boeing747_material2
f 234//532 237//533 239//534 
usemtl boeing747_material1
f 80//419 83//418 67//417 18//416 
usemtl boeing747_material1
f 291//5763 371//5762 372//5761 1145//5745 
usemtl boeing747_material1
f 985//2731 973//3297 991//3471 
usemtl boeing747_material1
f 1145//5781 372//5780 1452//5776 348//5764 
usemtl Polygon_XSIPOLYCLS.boeing747_material2
f 245//549 247//550 1410//551 1409//552 
usemtl boeing747_material1
f 340//1216 331//1215 328//1214 339//1213 
usemtl boeing747_material1
f 342//1223 332//1222 756//1221 755//1217 
usemtl boeing747_material1
f 364//1230 334//1229 332//1228 342//1227 
usemtl boeing747_material1
f 1452//5783 368//5726 358//5725 348//5724 
usemtl boeing747_material1
f 923//2594 927//2596 926//2597 
usemtl Polygon_XSIPOLYCLS.boeing747_material2
f 253//568 250//569 249//570 
usemtl Polygon_XSIPOLYCLS.boeing747_material2
f 242//571 241//572 1409//573 1410//574 
usemtl boeing747_material1
f 368//5858 371//5833 291//5832 358//5831 
usemtl Polygon_XSIPOLYCLS.boeing747_material2
f 250//579 253//580 255//581 
usemtl boeing747_material1
f 930//2469 927//1968 923//1969 922//1970 
usemtl boeing747_material1
f 1067//592 1302//545 1308//544 1066//542 
usemtl Polygon_XSIPOLYCLS.boeing747_material2
f 261//588 258//589 257//590 
usemtl boeing747_material1
f 1302//747 1067//562 1066//548 1221//546 
usemtl Polygon_XSIPOLYCLS.boeing747_material2
f 263//594 258//595 261//596 
usemtl boeing747_material1
f 945//764 943//763 942//762 
usemtl boeing747_material1
f 1221//565 1066//564 22//547 1215//543 
usemtl boeing747_material1
f 1300//577 1302//576 1221//575 1215//567 
usemtl Polygon_XSIPOLYCLS.boeing747_material2
f 269//606 266//607 265//608 
usemtl boeing747_material1
f 1024//2699 1008//2700 1009//2729 1025//2730 
usemtl Polygon_XSIPOLYCLS.boeing747_material2
f 271//612 266//613 269//614 
usemtl boeing747_material1
f 1307//582 1224//541 22//540 
usemtl boeing747_material1
f 380//6007 379//5981 371//6006 368//6005 
usemtl boeing747_material1
f 372//6031 1959//6030 1372//4866 1452//6008 
usemtl Polygon_XSIPOLYCLS.boeing747_material2
f 277//624 274//625 273//626 
usemtl Polygon_XSIPOLYCLS.boeing747_material2
f 2165//4208 2169//4189 2167//4165 2166//4070 
usemtl Polygon_XSIPOLYCLS.boeing747_material2
f 279//630 274//631 277//632 
usemtl Polygon_XSIPOLYCLS.boeing747_material2
f 1374//4265 316//4258 366//4246 1371//4227 
usemtl boeing747_material1
f 1332//620 1340//619 395//618 392//617 
usemtl Polygon_XSIPOLYCLS.boeing747_material2
f 384//1759 363//1945 913//3647 
usemtl Polygon_XSIPOLYCLS.boeing747_material2
f 285//642 282//643 281//644 
usemtl boeing747_material1
f 1224//605 1215//603 22//584 
usemtl Polygon_XSIPOLYCLS.boeing747_material2
f 287//648 282//649 285//650 
usemtl boeing747_material1
f 22//587 1066//586 1308//585 1307//566 
usemtl boeing747_material1
f 300//5574 240//5517 308//5461 299//4862 
usemtl boeing747_material1
f 540//343 312//342 572//341 262//340 
usemtl Polygon_XSIPOLYCLS.boeing747_material2
f 293//660 290//661 289//662 
usemtl boeing747_material1
f 722//329 727//328 566//327 555//326 
usemtl Polygon_XSIPOLYCLS.boeing747_material2
f 295//666 290//667 293//668 
usemtl Polygon_XSIPOLYCLS.boeing747_material2
f 336//1205 326//1204 734//1203 
usemtl boeing747_material1
f 714//4695 304//4477 260//4458 721//3402 
usemtl boeing747_material1
f 268//4514 318//4495 304//3383 714//4697 
usemtl Polygon_XSIPOLYCLS.boeing747_material2
f 301//678 298//679 297//680 
usemtl boeing747_material1
f 75//449 76//448 14//435 11//434 
usemtl Polygon_XSIPOLYCLS.boeing747_material2
f 303//684 298//685 301//686 
usemtl boeing747_material1
f 302//2595 275//4696 251//4608 713//3477 
usemtl boeing747_material1
f 72//451 382//444 70//443 8//442 
usemtl boeing747_material1
f 721//4836 251//4702 275//4683 714//4665 
usemtl Polygon_XSIPOLYCLS.boeing747_material2
f 309//696 306//697 305//698 
usemtl boeing747_material1
f 2//311 539//310 344//309 564//308 
usemtl Polygon_XSIPOLYCLS.boeing747_material2
f 311//702 306//703 309//704 
usemtl boeing747_material1
f 302//4776 713//3364 260//3344 304//3325 
usemtl boeing747_material1
f 711//3459 706//3421 275//4627 302//3440 
usemtl boeing747_material1
f 67//365 68//364 2//363 1589//362 
usemtl Polygon_XSIPOLYCLS.boeing747_material2
f 317//714 314//715 313//716 
usemtl boeing747_material1
f 68//361 8//360 539//359 2//358 
usemtl Polygon_XSIPOLYCLS.boeing747_material2
f 319//720 314//721 317//722 
usemtl boeing747_material1
f 252//307 320//306 709//305 
usemtl boeing747_material1
f 280//5387 283//5372 288//5389 278//5501 
usemtl boeing747_material1
f 805//2062 806//2061 809//2057 1422//2015 
usemtl Polygon_XSIPOLYCLS.boeing747_material2
f 325//732 322//733 321//734 
usemtl boeing747_material1
f 272//6037 1146//6012 374//5693 360//5987 
usemtl Polygon_XSIPOLYCLS.boeing747_material2
f 327//738 322//739 325//740 
usemtl Polygon_XSIPOLYCLS.boeing747_material2
f 1260//3119 1261//3123 1265//3124 
usemtl boeing747_material1
f 933//2072 937//2467 936//2468 
usemtl boeing747_material1
f 1302//601 1300//600 1307//599 1308//597 
usemtl Polygon_XSIPOLYCLS.boeing747_material2
f 333//750 330//751 329//752 
usemtl boeing747_material1
f 933//1916 932//1917 940//2069 937//2071 
usemtl Polygon_XSIPOLYCLS.boeing747_material2
f 335//756 330//757 333//758 
usemtl Polygon_XSIPOLYCLS.boeing747_material2
f 1269//3118 1268//3132 1266//3140 
usemtl boeing747_material1
f 7//3278 17//3451 13//3452 276//4902 
usemtl boeing747_material1
f 1334//627 1332//623 392//622 390//621 
usemtl Polygon_XSIPOLYCLS.boeing747_material2
f 341//768 338//769 337//770 
usemtl boeing747_material1
f 238//5518 299//5482 308//5498 292//5331 
usemtl Polygon_XSIPOLYCLS.boeing747_material2
f 343//774 338//775 341//776 
usemtl boeing747_material1
f 7//1668 10//1688 19//4290 17//4291 
usemtl boeing747_material1
f 18//372 67//371 1589//370 727//366 
usemtl boeing747_material1
f 16//379 18//378 727//377 722//376 
usemtl Polygon_XSIPOLYCLS.boeing747_material2
f 349//786 346//787 345//788 
usemtl boeing747_material1
f 108//1575 110//1574 126//1573 124//1572 
usemtl Polygon_XSIPOLYCLS.boeing747_material2
f 351//792 346//793 349//794 
usemtl boeing747_material1
f 1374//3984 360//3971 356//3965 316//3946 
usemtl boeing747_material1
f 356//4151 1448//4132 366//4020 316//4001 
usemtl boeing747_material1
f 632//1035 622//1034 620//1033 630//1032 
usemtl Polygon_XSIPOLYCLS.boeing747_material2
f 357//804 354//805 353//806 
usemtl boeing747_material1
f 104//1589 107//1588 123//1587 120//1583 
usemtl Polygon_XSIPOLYCLS.boeing747_material2
f 359//810 354//811 357//812 
usemtl boeing747_material1
f 1371//4747 272//4654 360//4503 1374//4159 
usemtl boeing747_material1
f 100//1546 102//1545 118//1541 116//1540 
usemtl boeing747_material1
f 366//5266 1448//5196 272//4974 1371//4823 
usemtl Polygon_XSIPOLYCLS.boeing747_material2
f 365//822 362//823 361//824 
usemtl boeing747_material1
f 2179//5341 2230//5433 2209//5453 2210//5471 
usemtl Polygon_XSIPOLYCLS.boeing747_material2
f 367//828 362//829 365//830 
usemtl boeing747_material1
f 2211//5638 2212//5656 2229//5664 2180//3826 
usemtl boeing747_material1
f 347//5378 1448//5359 356//5322 1373//5675 
usemtl boeing747_material1
f 2224//5414 2171//5284 2170//2073 2172//5303 
usemtl Polygon_XSIPOLYCLS.boeing747_material2
f 373//840 370//841 369//842 
usemtl Polygon_XSIPOLYCLS.boeing747_material2
f 2217//3666 2216//3827 918//5601 
usemtl Polygon_XSIPOLYCLS.boeing747_material2
f 375//846 370//847 373//848 
usemtl boeing747_material1
f 270//1729 2171//1730 2169//1731 2165//1748 
usemtl boeing747_material1
f 930//1744 929//5544 927//5563 
usemtl Polygon_XSIPOLYCLS.boeing747_material2
f 2212//1760 2209//1723 2230//1733 2229//5582 
usemtl Polygon_XSIPOLYCLS.boeing747_material2
f 381//858 378//859 377//860 
usemtl boeing747_material1
f 270//3684 2225//5712 294//2044 1449//2043 
usemtl Polygon_XSIPOLYCLS.boeing747_material2
f 383//864 378//865 381//866 
usemtl Polygon_XSIPOLYCLS.boeing747_material2
f 928//5620 2216//5627 2217//4522 
usemtl boeing747_material1
f 531//4939 1298//4940 1339//3207 
usemtl Polygon_XSIPOLYCLS.boeing747_material2
f 528//5013 448//5014 459//4923 
usemtl Polygon_XSIPOLYCLS.boeing747_material2
f 389//876 386//877 385//878 
usemtl boeing747_material1
f 459//5701 448//5700 451//5688 460//4998 
usemtl Polygon_XSIPOLYCLS.boeing747_material2
f 391//882 386//883 389//884 
usemtl boeing747_material1
f 460//1628 451//4977 452//4978 462//4979 
usemtl boeing747_material1
f 444//1635 443//1631 454//1630 464//1629 
usemtl boeing747_material1
f 464//1642 454//1641 456//1637 467//1636 
usemtl Polygon_XSIPOLYCLS.boeing747_material2
f 397//894 394//895 393//896 
usemtl boeing747_material1
f 531//1609 1330//1608 1298//1643 
usemtl Polygon_XSIPOLYCLS.boeing747_material2
f 399//900 394//901 397//902 
usemtl Polygon_XSIPOLYCLS.boeing747_material2
f 528//1612 459//1611 468//1610 
usemtl boeing747_material1
f 468//1619 459//1618 460//1617 470//1613 
usemtl boeing747_material1
f 470//1590 460//1625 462//1624 472//1623 
usemtl Polygon_XSIPOLYCLS.boeing747_material2
f 405//912 402//913 401//914 
usemtl boeing747_material1
f 446//1594 444//1593 464//1592 475//1591 
usemtl Polygon_XSIPOLYCLS.boeing747_material2
f 407//918 402//919 405//920 
usemtl boeing747_material1
f 475//1601 464//1600 467//1599 476//1595 
usemtl boeing747_material1
f 531//1607 1331//1606 1330//1605 
usemtl Polygon_XSIPOLYCLS.boeing747_material2
f 528//5464 468//5463 478//5462 
usemtl Polygon_XSIPOLYCLS.boeing747_material2
f 413//930 410//931 409//932 
usemtl boeing747_material1
f 478//5535 468//5557 470//5556 480//5555 
usemtl Polygon_XSIPOLYCLS.boeing747_material2
f 415//936 410//937 413//938 
usemtl boeing747_material1
f 480//5550 470//5538 472//5537 483//5536 
usemtl boeing747_material1
f 432//5425 446//5424 475//5388 484//5551 
usemtl boeing747_material1
f 484//5481 475//5480 476//5479 486//5426 
usemtl Polygon_XSIPOLYCLS.boeing747_material2
f 421//948 418//949 417//950 
usemtl boeing747_material1
f 531//5203 1334//5202 1331//5201 
usemtl Polygon_XSIPOLYCLS.boeing747_material2
f 423//954 418//955 421//956 
usemtl Polygon_XSIPOLYCLS.boeing747_material2
f 528//5613 478//5612 488//5516 
usemtl boeing747_material1
f 488//5632 478//5631 480//5630 491//5614 
usemtl boeing747_material1
f 491//5575 480//5670 483//5669 492//5668 
usemtl Polygon_XSIPOLYCLS.boeing747_material2
f 429//966 426//967 425//968 
usemtl boeing747_material1
f 435//5594 432//5593 484//5592 494//5576 
usemtl Polygon_XSIPOLYCLS.boeing747_material2
f 431//972 426//973 429//974 
usemtl boeing747_material1
f 494//5648 484//5633 486//5611 496//5595 
usemtl boeing747_material1
f 531//5651 1332//5650 1334//5649 
usemtl Polygon_XSIPOLYCLS.boeing747_material2
f 528//5291 488//5290 499//5667 
usemtl Polygon_XSIPOLYCLS.boeing747_material2
f 437//984 434//985 433//986 
usemtl boeing747_material1
f 499//5289 488//5277 491//5293 500//5292 
usemtl Polygon_XSIPOLYCLS.boeing747_material2
f 439//990 434//991 437//992 
usemtl boeing747_material1
f 500//5554 491//5553 492//5573 502//5519 
usemtl boeing747_material1
f 436//4863 435//6082 494//6081 504//6080 
usemtl boeing747_material1
f 504//6086 494//6085 496//6084 507//6083 
usemtl Polygon_XSIPOLYCLS.boeing747_material2
f 445//1002 442//1003 441//1004 
usemtl boeing747_material1
f 531//5702 1340//4882 1332//6087 
usemtl Polygon_XSIPOLYCLS.boeing747_material2
f 447//1008 442//1009 445//1010 
usemtl Polygon_XSIPOLYCLS.boeing747_material2
f 528//5933 499//5704 508//5703 
usemtl boeing747_material1
f 508//6033 499//6032 500//5956 510//5955 
usemtl boeing747_material1
f 510//6058 500//6057 502//6056 512//6055 
usemtl Polygon_XSIPOLYCLS.boeing747_material2
f 453//1020 450//1021 449//1022 
usemtl boeing747_material1
f 438//5957 436//5932 504//5931 515//5930 
usemtl Polygon_XSIPOLYCLS.boeing747_material2
f 455//1026 450//1027 453//1028 
usemtl boeing747_material1
f 515//3240 504//3224 507//5980 428//5958 
usemtl boeing747_material1
f 531//5705 516//3242 1340//3241 
usemtl Polygon_XSIPOLYCLS.boeing747_material2
f 528//5723 508//5707 518//5706 
usemtl Polygon_XSIPOLYCLS.boeing747_material2
f 461//1038 458//1039 457//1040 
usemtl boeing747_material1
f 518//5777 508//5744 510//5743 520//5742 
usemtl Polygon_XSIPOLYCLS.boeing747_material2
f 463//1044 458//1045 461//1046 
usemtl boeing747_material1
f 520//5808 510//5807 512//5779 523//5778 
usemtl boeing747_material1
f 440//5857 438//5856 515//5855 524//5830 
usemtl boeing747_material1
f 524//5907 515//5906 428//5806 526//5805 
usemtl Polygon_XSIPOLYCLS.boeing747_material2
f 469//1056 466//1057 465//1058 
usemtl boeing747_material1
f 531//5882 1339//5782 516//5908 
usemtl Polygon_XSIPOLYCLS.boeing747_material2
f 471//1062 466//1063 469//1064 
usemtl boeing747_material1
f 558//5296 536//5295 548//5294 
usemtl boeing747_material1
f 558//5983 568//5982 544//5881 
usemtl boeing747_material1
f 563//4295 550//4864 536//4865 571//5332 
usemtl Polygon_XSIPOLYCLS.boeing747_material2
f 477//1074 474//1075 473//1076 
usemtl boeing747_material1
f 548//5445 568//5405 558//5390 
usemtl Polygon_XSIPOLYCLS.boeing747_material2
f 479//1080 474//1081 477//1082 
usemtl boeing747_material1
f 733//503 746//502 75//489 382//488 
usemtl boeing747_material1
f 334//455 364//454 72//453 236//452 
usemtl boeing747_material1
f 547//3863 563//3915 532//3921 
usemtl Polygon_XSIPOLYCLS.boeing747_material2
f 485//1092 482//1093 481//1094 
usemtl boeing747_material1
f 532//3807 556//3808 552//3824 
usemtl Polygon_XSIPOLYCLS.boeing747_material2
f 487//1098 482//1099 485//1100 
usemtl boeing747_material1
f 324//462 334//461 236//460 83//456 
usemtl boeing747_material1
f 243//469 324//468 83//467 80//466 
usemtl boeing747_material1
f 550//3280 563//3281 547//3433 
usemtl Polygon_XSIPOLYCLS.boeing747_material2
f 493//1110 490//1111 489//1112 
usemtl boeing747_material1
f 552//1686 556//1687 560//3279 
usemtl Polygon_XSIPOLYCLS.boeing747_material2
f 495//1116 490//1117 493//1118 
usemtl boeing747_material1
f 364//492 733//491 382//490 72//504 
usemtl boeing747_material1
f 544//4102 568//4103 560//4147 556//4277 
usemtl boeing747_material1
f 547//4144 532//4145 552//4146 
usemtl Polygon_XSIPOLYCLS.boeing747_material2
f 501//1128 498//1129 497//1130 
usemtl boeing747_material1
f 741//474 736//473 78//472 76//486 
usemtl Polygon_XSIPOLYCLS.boeing747_material2
f 503//1134 498//1135 501//1136 
usemtl boeing747_material1
f 746//487 741//480 76//479 75//478 
usemtl boeing747_material1
f 736//485 243//484 80//471 78//470 
usemtl boeing747_material1
f 536//3883 558//3884 571//3899 
usemtl Polygon_XSIPOLYCLS.boeing747_material2
f 509//1146 506//1147 505//1148 
usemtl boeing747_material1
f 688//559 700//3843 662//3844 696//3845 
usemtl Polygon_XSIPOLYCLS.boeing747_material2
f 511//1152 506//1153 509//1154 
usemtl boeing747_material1
f 686//1679 688//3900 696//3956 694//558 
usemtl boeing747_material1
f 684//1650 686//1651 694//1669 692//1677 
usemtl boeing747_material1
f 683//560 684//561 692//1648 691//1649 
usemtl Polygon_XSIPOLYCLS.boeing747_material2
f 517//1164 514//1165 513//1166 
usemtl boeing747_material1
f 704//4753 683//4278 691//1666 576//1667 
usemtl Polygon_XSIPOLYCLS.boeing747_material2
f 519//1170 514//1171 517//1172 
usemtl boeing747_material1
f 702//3 704//2 576//1 574//4202 
usemtl boeing747_material1
f 15//7 702//6 574//5 699//4 
usemtl boeing747_material1
f 700//11 15//10 699//9 662//8 
usemtl Polygon_XSIPOLYCLS.boeing747_material2
f 525//1182 522//1183 521//1184 
usemtl boeing747_material1
f 46//15 35//14 700//13 688//12 
usemtl Polygon_XSIPOLYCLS.boeing747_material2
f 527//1188 522//1189 525//1190 
usemtl boeing747_material1
f 44//19 46//18 688//17 686//16 
usemtl boeing747_material1
f 43//23 44//22 686//21 684//20 
usemtl boeing747_material1
f 40//27 43//26 684//25 683//24 
usemtl Polygon_XSIPOLYCLS.boeing747_material2
f 533//1200 530//1201 529//1202 
usemtl boeing747_material1
f 38//31 40//30 683//29 704//28 
usemtl Polygon_XSIPOLYCLS.boeing747_material2
f 535//1206 530//1207 533//1208 
usemtl boeing747_material1
f 36//35 38//34 704//33 702//32 
usemtl boeing747_material1
f 48//39 36//38 702//37 15//36 
usemtl boeing747_material1
f 35//43 48//42 15//41 700//40 
usemtl Polygon_XSIPOLYCLS.boeing747_material2
f 541//1218 538//1219 537//1220 
usemtl boeing747_material1
f 62//47 51//46 35//45 46//44 
usemtl Polygon_XSIPOLYCLS.boeing747_material2
f 543//1224 538//1225 541//1226 
usemtl boeing747_material1
f 60//51 62//50 46//49 44//48 
usemtl boeing747_material1
f 59//2457 60//54 44//53 43//52 
usemtl boeing747_material1
f 56//2286 59//2291 43//2292 40//2456 
usemtl Polygon_XSIPOLYCLS.boeing747_material2
f 549//1236 546//1237 545//1238 
usemtl boeing747_material1
f 54//2245 56//2283 40//2284 38//2285 
usemtl Polygon_XSIPOLYCLS.boeing747_material2
f 551//1242 546//1243 549//1244 
usemtl boeing747_material1
f 52//2194 54//2195 38//2196 36//2244 
usemtl boeing747_material1
f 355//1656 52//1663 36//2753 48//2193 
usemtl boeing747_material1
f 51//2920 355//2921 48//2922 35//555 
usemtl Polygon_XSIPOLYCLS.boeing747_material2
f 557//1254 554//1255 553//1256 
usemtl boeing747_material1
f 652//2916 64//2917 51//2918 62//2919 
usemtl Polygon_XSIPOLYCLS.boeing747_material2
f 559//1260 554//1261 557//1262 
usemtl boeing747_material1
f 643//2912 652//2913 62//2914 60//2915 
usemtl boeing747_material1
f 632//2908 643//2909 60//2910 59//2911 
usemtl boeing747_material1
f 622//3005 632//3006 59//3007 56//2907 
usemtl Polygon_XSIPOLYCLS.boeing747_material2
f 565//1272 562//1273 561//1274 
usemtl boeing747_material1
f 612//3001 622//3002 56//3003 54//3004 
usemtl Polygon_XSIPOLYCLS.boeing747_material2
f 567//1278 562//1279 565//1280 
usemtl boeing747_material1
f 603//2997 612//2998 54//2999 52//3000 
usemtl boeing747_material1
f 672//2993 603//2994 52//2995 355//2996 
usemtl boeing747_material1
f 64//3021 672//3022 355//3023 51//2992 
usemtl Polygon_XSIPOLYCLS.boeing747_material2
f 573//1290 570//1291 569//1292 
usemtl boeing747_material1
f 668//2924 598//2925 588//2926 587//3020 
usemtl Polygon_XSIPOLYCLS.boeing747_material2
f 575//1296 570//1297 573//1298 
usemtl boeing747_material1
f 598//872 608//871 590//870 588//2923 
usemtl boeing747_material1
f 691//1041 692//1037 676//1036 
usemtl Polygon_XSIPOLYCLS.boeing747_material2
f 635//1047 624//1043 675//1042 
usemtl Polygon_XSIPOLYCLS.boeing747_material2
f 581//1308 578//1309 577//1310 
usemtl boeing747_material1
f 636//1051 627//1050 624//1049 635//1048 
usemtl Polygon_XSIPOLYCLS.boeing747_material2
f 583//1314 578//1315 581//1316 
usemtl boeing747_material1
f 638//1055 628//1054 627//1053 636//1052 
usemtl boeing747_material1
f 640//1065 630//1061 579//1060 580//1059 
usemtl boeing747_material1
f 643//1069 632//1068 630//1067 640//1066 
usemtl Polygon_XSIPOLYCLS.boeing747_material2
f 589//1326 586//1327 585//1328 
usemtl boeing747_material1
f 692//1072 694//1071 676//1070 
usemtl Polygon_XSIPOLYCLS.boeing747_material2
f 591//1332 586//1333 589//1334 
usemtl Polygon_XSIPOLYCLS.boeing747_material2
f 644//1078 635//1077 675//1073 
usemtl boeing747_material1
f 646//1085 636//1084 635//1083 644//1079 
usemtl boeing747_material1
f 648//1089 638//1088 636//1087 646//1086 
usemtl Polygon_XSIPOLYCLS.boeing747_material2
f 597//1344 594//1345 593//1346 
usemtl boeing747_material1
f 651//1096 640//1095 580//1091 582//1090 
usemtl Polygon_XSIPOLYCLS.boeing747_material2
f 599//1350 594//1351 597//1352 
usemtl boeing747_material1
f 652//1103 643//1102 640//1101 651//1097 
usemtl boeing747_material1
f 694//1106 696//1105 676//1104 
usemtl Polygon_XSIPOLYCLS.boeing747_material2
f 654//1109 644//1108 675//1107 
usemtl Polygon_XSIPOLYCLS.boeing747_material2
f 605//1362 602//1363 601//1364 
usemtl boeing747_material1
f 656//1119 646//1115 644//1114 654//1113 
usemtl Polygon_XSIPOLYCLS.boeing747_material2
f 607//1368 602//1369 605//1370 
usemtl boeing747_material1
f 659//1123 648//1122 646//1121 656//1120 
usemtl boeing747_material1
f 660//1127 651//1126 582//1125 584//1124 
usemtl boeing747_material1
f 64//1137 652//1133 651//1132 660//1131 
usemtl Polygon_XSIPOLYCLS.boeing747_material2
f 613//1380 610//1381 609//1382 
usemtl boeing747_material1
f 696//1140 662//1139 676//1138 
usemtl Polygon_XSIPOLYCLS.boeing747_material2
f 615//1386 610//1387 613//1388 
usemtl Polygon_XSIPOLYCLS.boeing747_material2
f 664//1143 654//1142 675//1141 
usemtl boeing747_material1
f 667//1150 656//1149 654//1145 664//1144 
usemtl boeing747_material1
f 668//1157 659//1156 656//1155 667//1151 
usemtl Polygon_XSIPOLYCLS.boeing747_material2
f 621//1398 618//1399 617//1400 
usemtl boeing747_material1
f 670//1161 660//1160 584//1159 587//1158 
usemtl Polygon_XSIPOLYCLS.boeing747_material2
f 623//1404 618//1405 621//1406 
usemtl boeing747_material1
f 672//1168 64//1167 660//1163 670//1162 
usemtl boeing747_material1
f 662//1174 699//1173 676//1169 
usemtl boeing747_material1
f 267//71 248//70 680//66 678//65 
usemtl Polygon_XSIPOLYCLS.boeing747_material2
f 629//1416 626//1417 625//1418 
usemtl boeing747_material1
f 248//510 331//509 756//508 680//72 
usemtl Polygon_XSIPOLYCLS.boeing747_material2
f 631//1422 626//1423 629//1424 
usemtl boeing747_material1
f 331//5126 340//516 755//515 756//514 
usemtl boeing747_material1
f 340//4714 731//4715 754//5143 755//5127 
usemtl Polygon_XSIPOLYCLS.boeing747_material2
f 750//5089 729//5088 734//4713 
usemtl Polygon_XSIPOLYCLS.boeing747_material2
f 637//1434 634//1435 633//1436 
usemtl boeing747_material1
f 749//4892 730//4873 729//4854 750//5090 
usemtl Polygon_XSIPOLYCLS.boeing747_material2
f 639//1440 634//1441 637//1442 
usemtl boeing747_material1
f 748//5106 731//4758 730//4739 749//4721 
usemtl boeing747_material1
f 747//5124 732//5109 754//5108 753//5107 
usemtl boeing747_material1
f 746//4716 733//4790 732//4791 747//5125 
usemtl Polygon_XSIPOLYCLS.boeing747_material2
f 645//1452 642//1453 641//1454 
usemtl boeing747_material1
f 534//3260 262//2664 735//2955 
usemtl Polygon_XSIPOLYCLS.boeing747_material2
f 647//1458 642//1459 645//1460 
usemtl Polygon_XSIPOLYCLS.boeing747_material2
f 745//4807 750//4808 734//4860 
usemtl boeing747_material1
f 744//4570 749//4551 750//4814 745//4795 
usemtl boeing747_material1
f 743//2070 748//1910 749//1914 744//4589 
usemtl Polygon_XSIPOLYCLS.boeing747_material2
f 653//1470 650//1471 649//1472 
usemtl boeing747_material1
f 742//3840 747//3834 753//3815 752//1980 
usemtl Polygon_XSIPOLYCLS.boeing747_material2
f 655//1476 650//1477 653//1478 
usemtl boeing747_material1
f 741//3495 746//3878 747//3872 742//3853 
usemtl boeing747_material1
f 262//3552 572//3533 735//3514 
usemtl Polygon_XSIPOLYCLS.boeing747_material2
f 740//3230 745//3746 734//3653 
usemtl Polygon_XSIPOLYCLS.boeing747_material2
f 661//1488 658//1489 657//1490 
usemtl boeing747_material1
f 739//4948 744//4929 745//4911 740//3250 
usemtl Polygon_XSIPOLYCLS.boeing747_material2
f 663//1494 658//1495 661//1496 
usemtl boeing747_material1
f 738//5133 743//5004 744//4986 739//4967 
usemtl boeing747_material1
f 94//1269 28//1268 99//1267 110//1266 
usemtl boeing747_material1
f 92//1276 94//1275 110//1271 108//1270 
usemtl Polygon_XSIPOLYCLS.boeing747_material2
f 669//1506 666//1507 665//1508 
usemtl boeing747_material1
f 91//1283 92//1282 108//1281 107//1277 
usemtl Polygon_XSIPOLYCLS.boeing747_material2
f 671//1512 666//1513 669//1514 
usemtl boeing747_material1
f 88//1287 91//1286 107//1285 104//1284 
usemtl boeing747_material1
f 86//1294 88//1293 104//1289 102//1288 
usemtl boeing747_material1
f 84//1301 86//1300 102//1299 100//1295 
usemtl Polygon_XSIPOLYCLS.boeing747_material2
f 677//1524 674//1525 673//1526 
usemtl boeing747_material1
f 96//1557 84//1556 100//1555 112//1554 
usemtl Polygon_XSIPOLYCLS.boeing747_material2
f 679//1530 674//1531 677//1532 
usemtl boeing747_material1
f 28//1564 96//1563 112//1559 99//1558 
usemtl boeing747_material1
f 598//925 668//924 667//923 596//922 
usemtl boeing747_material1
f 600//929 670//928 587//927 588//926 
usemtl Polygon_XSIPOLYCLS.boeing747_material2
f 685//1542 682//1543 681//1544 
usemtl boeing747_material1
f 603//939 672//935 670//934 600//933 
usemtl Polygon_XSIPOLYCLS.boeing747_material2
f 687//1548 682//1549 685//1550 
usemtl boeing747_material1
f 699//942 574//941 676//940 
usemtl boeing747_material1
f 608//879 619//875 592//874 590//873 
usemtl boeing747_material1
f 619//886 628//885 579//881 592//880 
usemtl Polygon_XSIPOLYCLS.boeing747_material2
f 693//1560 690//1561 689//1562 
usemtl boeing747_material1
f 628//890 638//889 580//888 579//887 
usemtl Polygon_XSIPOLYCLS.boeing747_material2
f 695//1566 690//1567 693//1568 
usemtl boeing747_material1
f 638//897 648//893 582//892 580//891 
usemtl boeing747_material1
f 648//904 659//903 584//899 582//898 
usemtl boeing747_material1
f 659//908 668//907 587//906 584//905 
usemtl Polygon_XSIPOLYCLS.boeing747_material2
f 701//1578 698//1579 697//1580 
usemtl Polygon_XSIPOLYCLS.boeing747_material2
f 595//911 664//910 675//909 
usemtl Polygon_XSIPOLYCLS.boeing747_material2
f 703//1584 698//1585 701//1586 
usemtl boeing747_material1
f 596//921 667//917 664//916 595//915 
usemtl boeing747_material1
f 102//1539 104//1538 120//1537 118//1536 
usemtl boeing747_material1
f 12//3159 19//3160 10//3161 350//4844 
usemtl Polygon_XSIPOLYCLS.boeing747_material2
f 708//1596 707//1597 710//1598 
usemtl Polygon_XSIPOLYCLS.boeing747_material2
f 1265//3101 1261//3102 826//3103 
usemtl Polygon_XSIPOLYCLS.boeing747_material2
f 710//1602 707//1603 712//1604 
usemtl boeing747_material1
f 24//754 1130//755 1164//759 1057//760 
usemtl boeing747_material1
f 107//1582 108//1581 124//1577 123//1576 
usemtl Polygon_XSIPOLYCLS.boeing747_material2
f 13//4527 17//4490 19//4319 12//4282 
usemtl Polygon_XSIPOLYCLS.boeing747_material2
f 716//1614 715//1615 718//1616 
usemtl Polygon_XSIPOLYCLS.boeing747_material2
f 1356//743 812//744 813//745 
usemtl Polygon_XSIPOLYCLS.boeing747_material2
f 718//1620 715//1621 720//1622 
usemtl boeing747_material1
f 112//1553 100//1552 116//1551 128//1547 
usemtl boeing747_material1
f 1451//4995 1450//1626 1455//1627 
usemtl boeing747_material1
f 6//1680 4//1681 276//3628 350//3468 
usemtl Polygon_XSIPOLYCLS.boeing747_material2
f 724//1632 723//1633 726//1634 
usemtl Polygon_XSIPOLYCLS.boeing747_material2
f 2238//4521 2237//3467 2218//3313 
usemtl Polygon_XSIPOLYCLS.boeing747_material2
f 726//1638 723//1639 728//1640 
usemtl boeing747_material1
f 110//1571 99//1570 115//1569 126//1565 
usemtl boeing747_material1
f 564//1233 344//1232 735//1231 
usemtl Polygon_XSIPOLYCLS.boeing747_material2
f 729//1239 336//1235 734//1234 
usemtl boeing747_material1
f 730//1246 339//1245 336//1241 729//1240 
usemtl boeing747_material1
f 731//1250 340//1249 339//1248 730//1247 
usemtl boeing747_material1
f 732//1257 342//1253 755//1252 754//1251 
usemtl boeing747_material1
f 733//1264 364//1263 342//1259 732//1258 
usemtl boeing747_material1
f 344//258 534//262 735//1265 
usemtl boeing747_material1
f 332//1192 323//1191 680//1187 756//1186 
usemtl boeing747_material1
f 331//1185 248//1181 246//1180 328//1179 
usemtl boeing747_material1
f 328//1178 246//1177 244//1176 326//1175 
usemtl Polygon_XSIPOLYCLS.boeing747_material2
f 326//275 244//274 734//273 
usemtl boeing747_material1
f 566//257 542//256 735//255 
usemtl boeing747_material1
f 324//254 243//244 1454//240 323//239 
usemtl boeing747_material1
f 323//238 1454//237 678//236 680//235 
usemtl boeing747_material1
f 248//1683 267//1684 307//1685 246//4861 
usemtl boeing747_material1
f 246//5883 307//5880 296//5552 244//5499 
usemtl Polygon_XSIPOLYCLS.boeing747_material2
f 244//1682 296//3994 734//3995 
usemtl boeing747_material1
f 555//3996 566//4089 735//4090 
usemtl boeing747_material1
f 243//3449 736//3450 737//3562 1454//3958 
usemtl boeing747_material1
f 1454//3959 737//3993 751//3640 678//3789 
usemtl boeing747_material1
f 267//3805 738//3806 739//4010 307//5905 
usemtl boeing747_material1
f 307//2393 739//2487 740//2389 296//4646 
usemtl Polygon_XSIPOLYCLS.boeing747_material2
f 296//4694 740//4533 734//5115 
usemtl boeing747_material1
f 572//5097 555//5079 735//5060 
usemtl boeing747_material1
f 736//5042 741//5023 742//3306 737//3287 
usemtl boeing747_material1
f 737//3269 742//5190 752//5171 751//5152 
usemtl Polygon_XSIPOLYCLS.boeing747_material2
f 879//304 875//300 882//299 886//263 
usemtl Polygon_XSIPOLYCLS.boeing747_material2
f 876//293 880//292 887//291 883//290 
usemtl boeing747_material1
f 884//553 889//298 885//294 
usemtl Polygon_XSIPOLYCLS.boeing747_material2
f 877//557 883//556 892//554 
usemtl boeing747_material1
f 1164//765 1229//766 1231//767 1306//771 
usemtl Polygon_XSIPOLYCLS.boeing747_material2
f 880//1647 879//1646 886//1645 887//1644 
usemtl boeing747_material1
f 1328//692 387//691 403//690 400//689 
usemtl boeing747_material1
f 891//1654 888//1653 885//1652 
usemtl Polygon_XSIPOLYCLS.boeing747_material2
f 886//1658 882//1657 892//1655 
usemtl boeing747_material1
f 889//1661 890//1660 885//1659 
usemtl Polygon_XSIPOLYCLS.boeing747_material2
f 883//1665 887//1664 892//1662 
usemtl boeing747_material1
f 78//426 80//425 18//424 16//420 
usemtl boeing747_material1
f 890//1672 891//1671 885//1670 
usemtl Polygon_XSIPOLYCLS.boeing747_material2
f 887//1676 886//1675 892//1674 
usemtl boeing747_material1
f 390//674 392//673 408//672 406//671 
usemtl boeing747_material1
f 299//5350 238//5315 278//5334 288//5333 
usemtl Polygon_XSIPOLYCLS.boeing747_material2
f 20//772 965//773 24//777 1057//778 
usemtl boeing747_material1
f 903//1692 910//1691 909//1690 902//1689 
usemtl boeing747_material1
f 902//1695 909//1694 904//1693 
usemtl boeing747_material1
f 910//1699 903//1698 907//1697 906//1696 
usemtl boeing747_material1
f 911//1703 910//1702 906//1701 905//1700 
usemtl boeing747_material1
f 909//1706 908//1705 904//1704 
usemtl boeing747_material1
f 905//1709 906//1708 907//1707 
usemtl boeing747_material1
f 908//1713 909//1712 910//1711 911//1710 
usemtl boeing747_material1
f 916//1716 914//1715 915//1714 
usemtl boeing747_material1
f 914//1720 916//1719 912//1718 919//1717 
usemtl boeing747_material1
f 917//1724 919//1722 912//1721 
usemtl boeing747_material1
f 915//1728 914//1727 919//1726 920//1725 
usemtl Polygon_XSIPOLYCLS.boeing747_material2
f 2236//3312 2237//3296 2238//3295 
usemtl boeing747_material1
f 920//1735 919//1734 917//1732 
usemtl boeing747_material1
f 924//1739 921//1738 922//1737 929//1736 
usemtl boeing747_material1
f 921//1742 924//1741 925//1740 
usemtl boeing747_material1
f 926//1746 927//1745 929//1743 
usemtl boeing747_material1
f 926//1755 929//1754 922//1749 923//1747 
usemtl boeing747_material1
f 925//1753 924//1752 929//1751 930//1750 
usemtl Polygon_XSIPOLYCLS.boeing747_material2
f 2249//3294 2245//3293 2243//2881 
usemtl Polygon_XSIPOLYCLS.boeing747_material2
f 2244//2880 2245//2879 2249//2878 
usemtl boeing747_material1
f 934//1764 931//1763 932//1762 939//1761 
usemtl boeing747_material1
f 931//1767 934//1766 935//1765 
usemtl boeing747_material1
f 936//1770 938//1769 933//1768 
usemtl boeing747_material1
f 933//1774 938//1773 939//1772 932//1771 
usemtl boeing747_material1
f 935//1778 934//1777 939//1776 940//1775 
usemtl boeing747_material1
f 936//1781 937//1780 938//1779 
usemtl boeing747_material1
f 940//1785 939//1784 938//1783 937//1782 
usemtl boeing747_material1
f 942//1789 946//1788 947//1787 941//1786 
usemtl boeing747_material1
f 943//1792 946//1791 942//1790 
usemtl boeing747_material1
f 944//1796 948//1795 941//1794 947//1793 
usemtl boeing747_material1
f 949//1800 944//1799 947//1798 950//1797 
usemtl boeing747_material1
f 943//1803 945//1802 946//1801 
usemtl boeing747_material1
f 948//1806 944//1805 949//1804 
usemtl boeing747_material1
f 950//1810 947//1809 946//1808 945//1807 
usemtl boeing747_material1
f 898//1814 899//1813 900//1812 901//1811 
usemtl boeing747_material1
f 1346//1818 998//1817 1058//1816 1165//1815 
usemtl boeing747_material1
f 1036//1822 1174//1821 1150//1820 969//1819 
usemtl boeing747_material1
f 1006//2562 959//2020 1170//2124 
usemtl boeing747_material1
f 964//1824 963//1825 1010//1826 967//1827 
usemtl boeing747_material1
f 1010//1828 963//1829 1004//1830 977//1831 
usemtl boeing747_material1
f 1216//1832 1032//1833 967//1834 966//1835 
usemtl boeing747_material1
f 899//1841 898//1840 897//1839 
usemtl boeing747_material1
f 1030//1845 978//1844 1018//1843 1050//1842 
usemtl boeing747_material1
f 978//1849 1030//1848 1026//1847 1022//1846 
usemtl boeing747_material1
f 1165//1852 1058//1851 1120//1850 
usemtl boeing747_material1
f 901//1856 900//1855 895//1854 896//1853 
usemtl boeing747_material1
f 893//1860 900//1859 899//1858 894//1857 
usemtl boeing747_material1
f 894//1863 899//1862 897//1861 
usemtl boeing747_material1
f 896//1866 895//1865 955//1864 
usemtl Polygon_XSIPOLYCLS.boeing747_material2
f 986//1869 1151//1868 975//1867 
usemtl Polygon_XSIPOLYCLS.boeing747_material2
f 1293//3203 1318//2156 1319//2155 
usemtl boeing747_material1
f 1314//1878 983//1877 1012//1876 988//1875 
usemtl boeing747_material1
f 967//1836 1032//1837 963//1838 964//1879 
usemtl boeing747_material1
f 1430//1984 1445//1872 1429//1871 802//1870 
usemtl boeing747_material1
f 1035//1890 1181//1889 1174//1888 1036//1887 
usemtl boeing747_material1
f 957//1894 1345//1893 1020//1892 1028//1891 
usemtl boeing747_material1
f 969//1898 957//1897 1028//1896 1036//1895 
usemtl boeing747_material1
f 973//1902 1150//1901 1174//1900 1044//1899 
usemtl boeing747_material1
f 1061//1906 1119//1905 1114//1904 1079//1903 
usemtl Polygon_XSIPOLYCLS.boeing747_material2
f 1112//1909 1151//1908 976//1907 
usemtl boeing747_material1
f 395//663 1338//659 398//658 411//657 
usemtl boeing747_material1
f 516//656 1339//655 396//654 1338//653 
usemtl boeing747_material1
f 1122//1920 1157//1919 954//1918 
usemtl boeing747_material1
f 998//1924 1346//1923 954//1922 1157//1921 
usemtl boeing747_material1
f 1116//1928 1115//1927 1085//1926 1046//1925 
usemtl boeing747_material1
f 1116//1931 1117//1930 1115//1929 
usemtl boeing747_material1
f 1046//1935 1085//1934 1342//1933 1118//1932 
usemtl Polygon_XSIPOLYCLS.boeing747_material2
f 1113//1975 1123//1939 958//1938 
usemtl boeing747_material1
f 1010//1880 984//1940 966//1941 967//1942 
usemtl boeing747_material1
f 312//336 722//335 555//334 572//330 
usemtl boeing747_material1
f 920//1947 917//1946 912//1944 
usemtl boeing747_material1
f 1175//2605 1176//2606 1158//1882 1200//1881 
usemtl boeing747_material1
f 977//1943 981//1948 984//1949 1010//1950 
usemtl Polygon_XSIPOLYCLS.boeing747_material2
f 2213//3464 2214//3465 2219//3466 
usemtl Polygon_XSIPOLYCLS.boeing747_material2
f 2258//2877 2257//2876 2251//2872 
usemtl Polygon_XSIPOLYCLS.boeing747_material2
f 2215//4523 2214//4524 2213//4540 
usemtl Polygon_XSIPOLYCLS.boeing747_material2
f 1909//3060 1905//3061 1897//3062 
usemtl boeing747_material1
f 1339//652 1298//651 1328//647 396//646 
usemtl Polygon_XSIPOLYCLS.boeing747_material2
f 1893//3063 1909//3064 1897//3065 
usemtl boeing747_material1
f 1343//1974 1085//1973 1115//1972 1117//1971 
usemtl Polygon_XSIPOLYCLS.boeing747_material2
f 1889//3066 1893//3067 1897//3068 
usemtl Polygon_XSIPOLYCLS.boeing747_material2
f 1347//1981 1123//1979 1113//1976 
usemtl boeing747_material1
f 2212//4541 2211//4542 2210//4543 2209//4559 
usemtl boeing747_material1
f 802//2009 803//2010 804//3204 1430//2011 
usemtl Polygon_XSIPOLYCLS.boeing747_material2
f 1889//3069 1897//3070 1888//3071 
usemtl boeing747_material1
f 1011//1990 1177//1989 1153//1988 987//1987 
usemtl Polygon_XSIPOLYCLS.boeing747_material2
f 1885//3075 1889//3076 1888//3077 
usemtl boeing747_material1
f 1012//1994 1011//1993 987//1992 988//1991 
usemtl boeing747_material1
f 1165//1997 1120//1996 1082//1995 
usemtl boeing747_material1
f 1013//2001 983//2000 1314//1999 989//1998 
usemtl boeing747_material1
f 1085//2005 1343//2004 1344//2003 1342//2002 
usemtl boeing747_material1
f 1118//2008 1342//2007 1344//2006 
usemtl Polygon_XSIPOLYCLS.boeing747_material2
f 813//726 812//727 1355//728 
usemtl Polygon_XSIPOLYCLS.boeing747_material2
f 816//609 815//736 810//737 
usemtl Polygon_XSIPOLYCLS.boeing747_material2
f 2205//4560 2206//4561 2208//4562 
usemtl Polygon_XSIPOLYCLS.boeing747_material2
f 2207//4578 2206//4579 2205//4580 
usemtl boeing747_material1
f 992//2028 991//2027 1044//2026 1043//2025 
usemtl boeing747_material1
f 1149//2032 992//2031 1043//2030 1209//2029 
usemtl Polygon_XSIPOLYCLS.boeing747_material2
f 1564//3029 1606//3030 1665//3031 
usemtl boeing747_material1
f 1343//2036 1117//2035 1116//2034 1046//2033 
usemtl Polygon_XSIPOLYCLS.boeing747_material2
f 1437//3015 1480//3016 1522//3017 
usemtl Polygon_XSIPOLYCLS.boeing747_material2
f 1180//2101 956//2040 962//2039 
usemtl boeing747_material1
f 2195//4581 2196//4597 2204//4598 2203//4599 
usemtl boeing747_material1
f 970//2048 1023//2047 971//2046 1017//2045 
usemtl boeing747_material1
f 971//2052 972//2051 980//2050 1017//2049 
usemtl boeing747_material1
f 972//2056 1134//2055 1142//2054 980//2053 
usemtl boeing747_material1
f 805//2065 1424//2064 1426//2059 806//2058 
usemtl Polygon_XSIPOLYCLS.boeing747_material2
f 811//741 815//742 816//761 
usemtl boeing747_material1
f 24//730 965//731 21//735 1130//748 
usemtl boeing747_material1
f 1298//645 1330//641 387//640 1328//639 
usemtl boeing747_material1
f 2186//4600 2187//5531 2198//5532 2195//5533 
usemtl boeing747_material1
f 1080//2080 1143//2079 1059//2078 1225//2077 
usemtl boeing747_material1
f 1143//2084 1133//2083 1060//2082 1059//2081 
usemtl boeing747_material1
f 1016//2088 951//2087 952//2086 953//2085 
usemtl boeing747_material1
f 1019//2092 1185//2091 1193//2090 1027//2089 
usemtl boeing747_material1
f 1020//2096 1019//2095 1027//2094 1028//2093 
usemtl boeing747_material1
f 1021//2100 1345//2099 957//2098 1029//2097 
usemtl Polygon_XSIPOLYCLS.boeing747_material2
f 1189//1937 956//1936 1180//2102 
usemtl Polygon_XSIPOLYCLS.boeing747_material2
f 1151//2107 986//2106 976//2105 
usemtl Polygon_XSIPOLYCLS.boeing747_material2
f 1665//3018 1606//3019 1539//3028 
usemtl Polygon_XSIPOLYCLS.boeing747_material2
f 1855//3098 1851//3099 1875//3100 1863//3078 
usemtl boeing747_material1
f 1346//2111 1165//2110 1082//2109 990//2108 
usemtl boeing747_material1
f 1027//2115 1193//2114 1201//2113 1035//2112 
usemtl boeing747_material1
f 1028//2119 1027//2118 1035//2117 1036//2116 
usemtl boeing747_material1
f 1029//2123 957//2122 969//2121 1037//2120 
usemtl Polygon_XSIPOLYCLS.boeing747_material2
f 2199//5534 2200//2793 2202//2794 
usemtl Polygon_XSIPOLYCLS.boeing747_material2
f 1151//2130 974//2129 975//2128 
usemtl boeing747_material1
f 902//2133 904//2132 908//2131 
usemtl boeing747_material1
f 1031//2137 1025//2136 1009//2135 1015//2134 
usemtl boeing747_material1
f 1199//2141 1031//2140 1015//2139 1183//2138 
usemtl boeing747_material1
f 1181//2145 1070//2144 1209//2143 1043//2142 
usemtl boeing747_material1
f 1174//2149 1181//2148 1043//2147 1044//2146 
usemtl boeing747_material1
f 1148//2153 1150//2152 973//2151 1045//2150 
usemtl Polygon_XSIPOLYCLS.boeing747_material2
f 2201//2795 2200//2808 2199//2809 
usemtl Polygon_XSIPOLYCLS.boeing747_material2
f 1151//2160 1138//2159 974//2158 
usemtl boeing747_material1
f 953//2164 952//2163 1040//2162 1039//2161 
usemtl boeing747_material1
f 1208//2168 1207//2167 1206//2166 1095//2165 
usemtl boeing747_material1
f 1095//2172 1206//2171 1039//2170 1040//2169 
usemtl boeing747_material1
f 980//2176 1142//2175 1217//2174 1051//2173 
usemtl boeing747_material1
f 1017//2180 980//2179 1051//2178 1052//2177 
usemtl boeing747_material1
f 970//2184 1017//2183 1052//2182 1053//2181 
usemtl boeing747_material1
f 2185//2810 2196//2811 2197//2787 2188//2796 
usemtl boeing747_material1
f 2198//2797 2197//2798 2196//2799 2195//2820 
usemtl boeing747_material1
f 446//821 432//820 483//819 472//818 
usemtl boeing747_material1
f 908//2200 911//2199 903//2198 902//2197 
usemtl Polygon_XSIPOLYCLS.boeing747_material2
f 2191//2821 2192//2822 2194//2823 
usemtl boeing747_material1
f 900//2208 893//2207 955//2206 895//2205 
usemtl boeing747_material1
f 1082//2212 1058//2211 998//2210 990//2209 
usemtl boeing747_material1
f 1058//2215 1082//2214 1120//2213 
usemtl boeing747_material1
f 990//2219 998//2218 1157//2217 1122//2216 
usemtl Polygon_XSIPOLYCLS.boeing747_material2
f 2193//1951 2192//1952 2191//1953 
usemtl boeing747_material1
f 2185//1954 2186//1955 2190//1956 2189//1957 
usemtl Polygon_XSIPOLYCLS.boeing747_material2
f 1276//3097 1277//3083 1278//3084 
usemtl boeing747_material1
f 893//2231 894//2230 898//2229 901//2228 
usemtl boeing747_material1
f 898//2234 894//2233 897//2232 
usemtl boeing747_material1
f 1002//2238 1008//2237 1024//2236 1063//2235 
usemtl boeing747_material1
f 1201//2242 1202//2241 1071//2240 1070//2239 
usemtl boeing747_material1
f 2188//1958 2187//1959 2186//1960 2185//1961 
usemtl boeing747_material1
f 1107//2250 1204//2249 1074//2248 1073//2247 
usemtl boeing747_material1
f 1004//2185 963//2187 1032//2564 977//1823 
usemtl boeing747_material1
f 1062//2258 1096//2257 1078//2256 1081//2255 
usemtl boeing747_material1
f 1227//2262 1228//2261 1077//2260 1076//2259 
usemtl boeing747_material1
f 1226//2266 1227//2265 1076//2264 1075//2263 
usemtl boeing747_material1
f 1225//2270 1226//2269 1075//2268 1080//2267 
usemtl boeing747_material1
f 1081//2274 1078//2273 1077//2272 1228//2271 
usemtl boeing747_material1
f 1203//2278 1072//2277 1071//2276 1202//2275 
usemtl boeing747_material1
f 1228//2282 1227//2281 1099//2280 1100//2279 
usemtl Polygon_XSIPOLYCLS.boeing747_material2
f 2181//1962 2182//1963 2184//1964 
usemtl boeing747_material1
f 1107//2290 1073//2289 1072//2288 1203//2287 
usemtl Polygon_XSIPOLYCLS.boeing747_material2
f 2183//1965 2182//1966 2181//1967 
usemtl boeing747_material1
f 2180//1982 2179//2017 2178//2018 2177//2019 
usemtl boeing747_material1
f 444//817 446//816 472//815 462//814 
usemtl Polygon_XSIPOLYCLS.boeing747_material2
f 1007//2422 1001//2392 1064//2391 
usemtl boeing747_material1
f 1100//2310 1056//2309 1081//2308 1228//2307 
usemtl boeing747_material1
f 1084//2314 1094//2313 1104//2312 1091//2311 
usemtl boeing747_material1
f 1093//2318 1092//2317 1091//2316 1104//2315 
usemtl boeing747_material1
f 1220//2322 1100//2321 1099//2320 1219//2319 
usemtl boeing747_material1
f 1226//2326 1225//2325 1097//2324 1098//2323 
usemtl boeing747_material1
f 1227//2330 1226//2329 1098//2328 1099//2327 
usemtl boeing747_material1
f 1081//2334 1056//2332 1062//2331 
usemtl boeing747_material1
f 1056//2338 1079//2337 1062//2336 
usemtl Polygon_XSIPOLYCLS.boeing747_material2
f 1140//2341 1151//2340 1101//2339 
usemtl boeing747_material1
f 1139//2067 1178//2068 1177//2342 1138//2343 
usemtl boeing747_material1
f 1220//2293 1135//2294 979//2295 1054//2296 
usemtl boeing747_material1
f 1155//2353 1179//2352 1102//2351 1111//2350 
usemtl Polygon_XSIPOLYCLS.boeing747_material2
f 2173//2021 2174//2022 2176//2023 
usemtl boeing747_material1
f 1187//2361 1155//2360 1111//2359 1109//2358 
usemtl boeing747_material1
f 1140//2344 1179//2345 1178//2362 1139//2363 
usemtl Polygon_XSIPOLYCLS.boeing747_material2
f 2175//2024 2174//2041 2173//2042 
usemtl boeing747_material1
f 1195//2373 1187//2372 1109//2371 1108//2370 
usemtl boeing747_material1
f 1203//2377 1195//2376 1108//2375 1107//2374 
usemtl boeing747_material1
f 1211//2381 1072//2380 1073//2379 1106//2378 
usemtl boeing747_material1
f 1159//2385 1158//2384 1176//2383 1182//2382 
usemtl Polygon_XSIPOLYCLS.boeing747_material2
f 1141//2388 1151//2387 1112//2386 
usemtl boeing747_material1
f 968//2297 979//2298 1135//2299 1190//2300 
usemtl boeing747_material1
f 1014//2394 1121//2395 1141//2396 1112//2485 
usemtl boeing747_material1
f 1219//2400 1099//2399 1098//2398 1218//2397 
usemtl boeing747_material1
f 1218//2404 1098//2403 1097//2402 1217//2401 
usemtl Polygon_XSIPOLYCLS.boeing747_material2
f 913//1756 363//1757 352//1758 
usemtl Polygon_XSIPOLYCLS.boeing747_material2
f 1359//563 1234//591 783//604 
usemtl boeing747_material1
f 1056//2408 1054//2409 1053//2410 993//2411 
usemtl boeing747_material1
f 1186//2420 1154//2419 1155//2418 1187//2417 
usemtl boeing747_material1
f 1124//1977 1156//2364 1121//2421 
usemtl boeing747_material1
f 1045//3152 973//2440 985//2439 
usemtl boeing747_material1
f 1185//2432 1153//2431 1154//2430 1186//2429 
usemtl boeing747_material1
f 1054//2413 1056//2414 1100//2415 1220//2416 
usemtl Polygon_XSIPOLYCLS.boeing747_material2
f 2162//2125 2163//2126 2168//2127 
usemtl boeing747_material1
f 1158//2696 1211//2697 1106//2442 1152//2441 
usemtl boeing747_material1
f 1068//2443 1205//2444 1037//2445 1148//2446 
usemtl boeing747_material1
f 1048//2447 985//2448 1033//2449 961//2451 
usemtl boeing747_material1
f 1048//2453 961//2454 1200//2470 1152//2471 
usemtl Polygon_XSIPOLYCLS.boeing747_material2
f 1168//2038 1001//2037 1007//2484 
usemtl boeing747_material1
f 1198//2462 1137//2461 1134//2460 1199//2459 
usemtl boeing747_material1
f 1192//2466 1136//2465 1137//2464 1198//2463 
usemtl boeing747_material1
f 387//688 388//687 404//683 403//682 
usemtl boeing747_material1
f 1212//2472 1074//2473 1068//2494 1213//2495 
usemtl boeing747_material1
f 994//2477 993//2476 1053//2475 1052//2474 
usemtl boeing747_material1
f 1188//2481 1109//2480 1111//2479 1156//2478 
usemtl boeing747_material1
f 1013//2423 989//2424 959//2483 
usemtl boeing747_material1
f 983//1978 1013//2482 976//2486 986//2490 
usemtl boeing747_material1
f 1014//2488 1112//2489 976//2492 1013//2588 
usemtl boeing747_material1
f 1204//2496 1196//2497 1197//2534 1205//2535 
usemtl boeing747_material1
f 1154//2501 1153//2500 1177//2499 1178//2498 
usemtl boeing747_material1
f 1345//2505 1314//2504 988//2503 1020//2502 
usemtl boeing747_material1
f 1155//2509 1154//2508 1178//2507 1179//2506 
usemtl boeing747_material1
f 1020//2513 988//2512 987//2511 1019//2510 
usemtl boeing747_material1
f 1156//2517 1111//2516 1102//2515 1121//2514 
usemtl boeing747_material1
f 1052//2521 1051//2520 1003//2519 994//2518 
usemtl boeing747_material1
f 1003//2525 1051//2524 1217//2523 1097//2522 
usemtl boeing747_material1
f 1140//2493 1101//2526 1102//2527 1179//2528 
usemtl boeing747_material1
f 1177//2529 1011//2530 974//2531 1138//2532 
usemtl boeing747_material1
f 1196//2536 1188//2537 1171//2554 1197//2555 
usemtl boeing747_material1
f 985//2541 991//2452 1033//2450 
usemtl boeing747_material1
f 1210//2545 1211//2544 1158//2543 1159//2542 
usemtl boeing747_material1
f 1209//2549 1210//2548 1159//2547 1149//2546 
usemtl boeing747_material1
f 1185//2553 1019//2552 987//2551 1153//2550 
usemtl boeing747_material1
f 1021//2556 1170//2557 959//2563 989//2585 
usemtl boeing747_material1
f 989//2561 1314//2560 1345//2559 1021//2558 
usemtl boeing747_material1
f 1170//2565 1197//2104 1171//2103 
usemtl boeing747_material1
f 968//2458 1223//2566 1055//2567 1023//2568 
usemtl boeing747_material1
f 1423//2570 1130//2571 21//2572 808//2573 
usemtl boeing747_material1
f 20//2574 1306//2575 21//2576 965//2577 
usemtl boeing747_material1
f 1144//2581 1142//2580 1134//2579 1137//2578 
usemtl boeing747_material1
f 974//2533 1011//2582 1012//2583 975//2584 
usemtl boeing747_material1
f 1141//2491 1121//2586 1102//2587 1101//2589 
usemtl boeing747_material1
f 1012//2590 983//2591 986//2592 975//2593 
usemtl boeing747_material1
f 1340//616 516//615 1338//611 395//610 
usemtl boeing747_material1
f 1152//2598 1212//2599 1213//2600 1048//2601 
usemtl boeing747_material1
f 1191//2433 1192//2434 1176//2435 1175//2538 
usemtl boeing747_material1
f 1182//2610 1183//2609 1149//2608 1159//2607 
usemtl boeing747_material1
f 1008//2539 1033//2540 991//2602 1009//2603 
usemtl boeing747_material1
f 1194//2618 1193//2617 1185//2616 1186//2615 
usemtl boeing747_material1
f 1195//2622 1194//2621 1186//2620 1187//2619 
usemtl boeing747_material1
f 1196//2626 1108//2625 1109//2624 1188//2623 
usemtl boeing747_material1
f 1216//2629 981//2630 977//2186 1032//2157 
usemtl Polygon_XSIPOLYCLS.boeing747_material2
f 1141//2633 1101//2632 1151//2631 
usemtl boeing747_material1
f 1191//2637 1190//2636 1136//2635 1192//2634 
usemtl boeing747_material1
f 1230//2569 1222//2638 1190//2639 1191//2640 
usemtl boeing747_material1
f 1134//2644 972//2643 1031//2642 1199//2641 
usemtl boeing747_material1
f 1202//2648 1201//2647 1193//2646 1194//2645 
usemtl boeing747_material1
f 1203//2652 1202//2651 1194//2650 1195//2649 
usemtl boeing747_material1
f 1204//2656 1107//2655 1108//2654 1196//2653 
usemtl boeing747_material1
f 1188//2627 1156//2628 1124//2657 1173//2658 1171//2659 
usemtl Polygon_XSIPOLYCLS.boeing747_material2
f 1140//2663 1139//2662 1151//2661 
usemtl Polygon_XSIPOLYCLS.boeing747_material2
f 1847//3104 1843//3105 782//3106 995//3144 
usemtl boeing747_material1
f 1182//2668 1176//2667 1192//2666 1198//2665 
usemtl boeing747_material1
f 1183//2672 1182//2671 1198//2670 1199//2669 
usemtl boeing747_material1
f 1210//2676 1209//2675 1070//2674 1071//2673 
usemtl boeing747_material1
f 1211//2680 1210//2679 1071//2678 1072//2677 
usemtl boeing747_material1
f 1212//2684 1106//2683 1073//2682 1074//2681 
usemtl boeing747_material1
f 1068//2660 1074//2685 1204//2686 1205//2687 
usemtl Polygon_XSIPOLYCLS.boeing747_material2
f 1139//2691 1138//2690 1151//2689 
usemtl boeing747_material1
f 1015//2695 1009//2694 991//2693 992//2692 
usemtl boeing747_material1
f 1200//2604 1158//2611 1152//2612 
usemtl boeing747_material1
f 1183//2704 1015//2703 992//2702 1149//2701 
usemtl boeing747_material1
f 1218//2708 1217//2707 1142//2706 1144//2705 
usemtl boeing747_material1
f 1219//2712 1218//2711 1144//2710 1184//2709 
usemtl boeing747_material1
f 1220//2716 1219//2715 1184//2714 1135//2713 
usemtl boeing747_material1
f 1222//2717 1223//2718 968//2719 1190//2720 
usemtl boeing747_material1
f 979//2721 970//2722 1053//2723 1054//2724 
usemtl boeing747_material1
f 1023//2725 1055//2726 1063//2727 1024//2728 
usemtl boeing747_material1
f 1212//2613 1152//2614 1106//2698 
usemtl boeing747_material1
f 968//2732 1023//2733 970//2734 979//2735 
usemtl boeing747_material1
f 994//2739 1060//2738 1061//2737 993//2736 
usemtl boeing747_material1
f 1061//2743 1079//2742 1056//2741 993//2740 
usemtl boeing747_material1
f 1097//2747 1225//2746 1059//2745 1003//2744 
usemtl boeing747_material1
f 1003//2751 1059//2750 1060//2749 994//2748 
usemtl boeing747_material1
f 1148//2688 1045//2752 1213//2754 1068//2755 
usemtl boeing747_material1
f 1205//2756 1197//2757 1029//2758 1037//2759 
usemtl boeing747_material1
f 1362//2763 1363//2762 1360//2761 1252//2760 
usemtl boeing747_material1
f 1257//2767 1258//2766 1363//2765 1362//2764 
usemtl boeing747_material1
f 1246//2776 1236//2770 1352//2769 1257//2768 
usemtl boeing747_material1
f 1232//5590 1380//5591 1253//3558 1381//3559 
usemtl boeing747_material1
f 1258//2792 1257//2779 1352//2778 1443//2777 
usemtl boeing747_material1
f 1252//2781 785//2780 1236//2782 1362//2783 
usemtl boeing747_material1
f 1257//2786 1362//2785 1236//2784 1246//2771 
usemtl boeing747_material1
f 1252//2791 1352//2790 1236//2789 785//2788 
usemtl Polygon_XSIPOLYCLS.boeing747_material2
f 2228//3391 2227//3407 2226//3408 
usemtl Polygon_XSIPOLYCLS.boeing747_material2
f 2220//3428 2221//3429 2223//3445 
usemtl boeing747_material1
f 1352//2803 1252//2802 1360//2801 1443//2800 
usemtl boeing747_material1
f 1376//3277 814//3933 1238//3934 
usemtl boeing747_material1
f 2225//3409 2166//3410 2167//3426 2224//3427 
usemtl boeing747_material1
f 1238//4371 1239//4372 1376//4394 
usemtl Polygon_XSIPOLYCLS.boeing747_material2
f 2277//5158 2278//5159 2280//5160 
usemtl Polygon_XSIPOLYCLS.boeing747_material2
f 2222//3446 2221//3447 2220//3448 
usemtl Polygon_XSIPOLYCLS.boeing747_material2
f 2275//2817 2274//2818 2273//2819 
usemtl Polygon_XSIPOLYCLS.boeing747_material2
f 2269//3236 2270//3237 2272//3238 
usemtl Polygon_XSIPOLYCLS.boeing747_material2
f 2271//3239 2270//5569 2269//5570 
usemtl Polygon_XSIPOLYCLS.boeing747_material2
f 2265//5571 2266//5572 2268//2824 
usemtl Polygon_XSIPOLYCLS.boeing747_material2
f 2267//2825 2266//2826 2265//2827 
usemtl Polygon_XSIPOLYCLS.boeing747_material2
f 1319//2012 1318//2013 1288//2014 
usemtl Polygon_XSIPOLYCLS.boeing747_material2
f 2260//2831 2261//2832 2263//2833 
usemtl Polygon_XSIPOLYCLS.boeing747_material2
f 1303//3194 1304//3195 1309//3196 
usemtl Polygon_XSIPOLYCLS.boeing747_material2
f 2262//2837 2261//2838 2260//2839 
usemtl Polygon_XSIPOLYCLS.boeing747_material2
f 1309//3199 1304//3197 1301//3198 
usemtl Polygon_XSIPOLYCLS.boeing747_material2
f 1335//1983 1336//1883 1341//1884 
usemtl Polygon_XSIPOLYCLS.boeing747_material2
f 1341//2829 1336//2828 1333//1886 
usemtl Polygon_XSIPOLYCLS.boeing747_material2
f 2252//2849 2253//2850 2255//2851 
usemtl Polygon_XSIPOLYCLS.boeing747_material2
f 1871//2835 1256//2834 1259//2830 
usemtl Polygon_XSIPOLYCLS.boeing747_material2
f 2254//2855 2253//2856 2252//2857 
usemtl Polygon_XSIPOLYCLS.boeing747_material2
f 1259//2841 1256//2840 1867//2836 
usemtl boeing747_material1
f 1287//2891 1292//2890 1289//2889 1286//2888 
usemtl Polygon_XSIPOLYCLS.boeing747_material2
f 1103//2985 1105//2986 1126//2987 
usemtl Polygon_XSIPOLYCLS.boeing747_material2
f 1087//2979 1088//2980 1089//2981 
usemtl boeing747_material1
f 1291//2903 1290//2902 1289//2901 1292//2900 
usemtl Polygon_XSIPOLYCLS.boeing747_material2
f 1126//2982 1105//2983 1090//2984 
usemtl boeing747_material1
f 436//839 438//838 512//837 502//836 
usemtl boeing747_material1
f 435//835 436//834 502//833 492//832 
usemtl boeing747_material1
f 432//831 435//827 492//826 483//825 
usemtl boeing747_material1
f 1044//3411 991//1673 973//2455 
usemtl boeing747_material1
f 454//3206 524//3205 526//4941 456//4942 
usemtl Polygon_XSIPOLYCLS.boeing747_material2
f 1034//2904 1038//2905 1041//2906 
usemtl Polygon_XSIPOLYCLS.boeing747_material2
f 1083//2892 1069//2893 1042//2894 
usemtl Polygon_XSIPOLYCLS.boeing747_material2
f 1049//2973 1069//2974 1083//2975 
usemtl boeing747_material1
f 1294//2942 1297//2941 1305//2940 1295//2939 
usemtl Polygon_XSIPOLYCLS.boeing747_material2
f 1089//2976 1088//2977 1086//2978 
usemtl boeing747_material1
f 1070//2950 1181//2949 1035//2948 1201//2947 
usemtl boeing747_material1
f 1230//2954 1191//2953 1175//2952 1169//2951 
usemtl Polygon_XSIPOLYCLS.boeing747_material2
f 997//3113 1110//3109 1160//3108 999//3107 
usemtl boeing747_material1
f 1031//2960 972//2959 971//2958 1025//2957 
usemtl boeing747_material1
f 1310//2964 1311//2963 1313//2962 1312//2961 
usemtl boeing747_material1
f 1312//2968 1313//2967 1316//2966 1315//2965 
usemtl boeing747_material1
f 1024//2972 1025//2971 971//2970 1023//2969 
usemtl Polygon_XSIPOLYCLS.boeing747_material2
f 1131//2988 1129//2989 1127//2990 
usemtl Polygon_XSIPOLYCLS.boeing747_material2
f 1128//2991 1129//2814 1131//2815 
usemtl Polygon_XSIPOLYCLS.boeing747_material2
f 2285//4027 2286//4028 1132//4029 
usemtl Polygon_XSIPOLYCLS.boeing747_material2
f 1214//4030 2286//3255 2285//3256 
usemtl Polygon_XSIPOLYCLS.boeing747_material2
f 2281//3257 2282//3258 2284//2772 
usemtl boeing747_material1
f 451//863 520//862 523//861 452//857 
usemtl boeing747_material1
f 448//856 518//855 520//854 451//853 
usemtl Polygon_XSIPOLYCLS.boeing747_material2
f 528//852 518//851 448//850 
usemtl boeing747_material1
f 438//849 440//845 523//844 512//843 
usemtl Polygon_XSIPOLYCLS.boeing747_material2
f 1241//2936 1240//2937 1248//2938 
usemtl Polygon_XSIPOLYCLS.boeing747_material2
f 1244//2943 1235//2944 1242//2945 
usemtl Polygon_XSIPOLYCLS.boeing747_material2
f 1243//2946 1235//2895 1244//2896 
usemtl boeing747_material1
f 443//4958 440//869 524//868 454//867 
usemtl boeing747_material1
f 1327//3027 1337//3026 1329//3025 1326//3024 
usemtl Polygon_XSIPOLYCLS.boeing747_material2
f 1041//2897 1038//2898 1245//2899 
usemtl boeing747_material1
f 1133//3035 1119//3034 1061//3033 1060//3032 
usemtl boeing747_material1
f 1079//3039 1114//3038 1096//3037 1062//3036 
usemtl boeing747_material1
f 1021//3040 1029//3041 1197//3042 1170//3043 
usemtl boeing747_material1
f 1150//3047 1148//3046 1037//3045 969//3044 
usemtl boeing747_material1
f 1213//3048 1045//3049 985//3050 1048//3051 
usemtl boeing747_material1
f 1311//3055 1310//3054 1348//3053 1349//3052 
usemtl boeing747_material1
f 1349//3059 1348//3058 1350//3057 1351//3056 
usemtl Polygon_XSIPOLYCLS.boeing747_material2
f 1278//3094 1277//3095 1275//3096 
usemtl Polygon_XSIPOLYCLS.boeing747_material2
f 1847//3117 996//3116 818//3115 1843//3114 
usemtl Polygon_XSIPOLYCLS.boeing747_material2
f 1280//4938 1281//6088 1282//6089 
usemtl Polygon_XSIPOLYCLS.boeing747_material2
f 1282//4935 1281//4936 1279//4937 
usemtl boeing747_material1
f 1461//3074 1463//3073 1472//3072 
usemtl Polygon_XSIPOLYCLS.boeing747_material2
f 1005//3125 997//3130 999//3131 1125//3142 
usemtl boeing747_material1
f 1463//3082 1461//3081 1460//3080 1462//3079 
usemtl Polygon_XSIPOLYCLS.boeing747_material2
f 1358//4880 1285//4881 1283//3008 
usemtl boeing747_material1
f 1459//3089 1461//3088 1472//3087 
usemtl boeing747_material1
f 1461//3093 1459//3092 1458//3091 1460//3090 
usemtl Polygon_XSIPOLYCLS.boeing747_material2
f 1271//3150 1272//3085 1274//3086 
usemtl Polygon_XSIPOLYCLS.boeing747_material2
f 1284//3009 1285//3010 1358//3011 
usemtl Polygon_XSIPOLYCLS.boeing747_material2
f 1522//3012 1480//3013 1391//3014 
usemtl Polygon_XSIPOLYCLS.boeing747_material2
f 1161//3151 1162//6103 1163//6102 
usemtl Polygon_XSIPOLYCLS.boeing747_material2
f 1161//6101 1163//6100 1166//6099 
usemtl Polygon_XSIPOLYCLS.boeing747_material2
f 1161//6098 1166//6097 1167//6096 
usemtl Polygon_XSIPOLYCLS.boeing747_material2
f 1172//6095 1161//6094 1167//6093 
usemtl boeing747_material1
f 1457//3122 1459//3121 1472//3120 
usemtl Polygon_XSIPOLYCLS.boeing747_material2
f 1172//6092 1167//6091 1255//6090 
usemtl boeing747_material1
f 1459//3129 1457//3128 1456//3127 1458//3126 
usemtl Polygon_XSIPOLYCLS.boeing747_material2
f 1248//2933 1240//2934 1250//2935 
usemtl boeing747_material1
f 1471//3135 1457//3134 1472//3133 
usemtl boeing747_material1
f 1457//3139 1471//3138 1470//3137 1456//3136 
usemtl Polygon_XSIPOLYCLS.boeing747_material2
f 1850//2927 1791//2928 1707//2929 
usemtl Polygon_XSIPOLYCLS.boeing747_material2
f 1749//2930 1791//2931 1850//2932 
usemtl Polygon_XSIPOLYCLS.boeing747_material2
f 1317//4878 1365//4787 1364//4786 1357//4879 
usemtl Polygon_XSIPOLYCLS.boeing747_material2
f 882//3155 874//3154 892//3153 
usemtl boeing747_material1
f 888//3158 881//3157 885//3156 
usemtl boeing747_material1
f 283//5314 280//5446 292//5313 308//5312 
usemtl Polygon_XSIPOLYCLS.boeing747_material2
f 872//3262 879//3164 880//3163 
usemtl Polygon_XSIPOLYCLS.boeing747_material2
f 1267//3141 1268//3145 1269//3146 
usemtl Polygon_XSIPOLYCLS.boeing747_material2
f 870//3300 877//3299 892//3298 
usemtl boeing747_material1
f 878//3318 884//3317 885//3316 
usemtl Polygon_XSIPOLYCLS.boeing747_material2
f 869//3337 876//3336 883//3335 877//3319 
usemtl Polygon_XSIPOLYCLS.boeing747_material2
f 872//3355 880//3354 876//3338 
usemtl Polygon_XSIPOLYCLS.boeing747_material2
f 872//3376 875//3375 879//3374 
usemtl Polygon_XSIPOLYCLS.boeing747_material2
f 875//3395 868//3394 874//3393 882//3392 
usemtl Polygon_XSIPOLYCLS.boeing747_material2
f 874//3414 867//3413 892//3412 
usemtl boeing747_material1
f 881//3432 873//3431 885//3430 
usemtl boeing747_material1
f 1330//638 1331//637 388//636 387//635 
usemtl boeing747_material1
f 392//670 395//669 411//665 408//664 
usemtl Polygon_XSIPOLYCLS.boeing747_material2
f 865//3488 870//3487 892//3486 
usemtl boeing747_material1
f 871//3502 878//3501 885//3489 
usemtl Polygon_XSIPOLYCLS.boeing747_material2
f 864//3506 869//3505 877//3504 870//3503 
usemtl Polygon_XSIPOLYCLS.boeing747_material2
f 872//3524 876//3508 869//3507 
usemtl Polygon_XSIPOLYCLS.boeing747_material2
f 872//3527 868//3526 875//3525 
usemtl Polygon_XSIPOLYCLS.boeing747_material2
f 868//3546 863//3545 867//3544 874//3543 
usemtl Polygon_XSIPOLYCLS.boeing747_material2
f 867//3565 862//3564 892//3563 
usemtl boeing747_material1
f 873//3639 866//3638 885//3637 
usemtl Polygon_XSIPOLYCLS.boeing747_material2
f 862//3658 865//3657 892//3656 
usemtl boeing747_material1
f 866//3675 871//3674 885//3659 
usemtl Polygon_XSIPOLYCLS.boeing747_material2
f 861//3690 864//3689 870//3677 865//3676 
usemtl Polygon_XSIPOLYCLS.boeing747_material2
f 872//3696 869//3695 864//3694 
usemtl Polygon_XSIPOLYCLS.boeing747_material2
f 872//3731 863//3730 868//3714 
usemtl Polygon_XSIPOLYCLS.boeing747_material2
f 863//3750 860//3749 862//3733 867//3732 
usemtl Polygon_XSIPOLYCLS.boeing747_material2
f 860//3768 861//3767 865//3752 862//3751 
usemtl Polygon_XSIPOLYCLS.boeing747_material2
f 872//3782 864//3770 861//3769 
usemtl Polygon_XSIPOLYCLS.boeing747_material2
f 872//3785 860//3784 863//3783 
usemtl Polygon_XSIPOLYCLS.boeing747_material2
f 872//3788 861//3787 860//3786 
usemtl Polygon_XSIPOLYCLS.boeing747_material2
f 1274//3147 1272//3148 1270//3149 
usemtl boeing747_material1
f 1331//634 1334//633 390//629 388//628 
usemtl boeing747_material1
f 9//4292 1//3825 10//4293 7//4294 
usemtl Polygon_XSIPOLYCLS.boeing747_material2
f 857//3864 854//3862 853//3846 
usemtl boeing747_material1
f 852//3882 858//3881 859//3865 
usemtl Polygon_XSIPOLYCLS.boeing747_material2
f 822//578 821//583 817//3110 
usemtl Polygon_XSIPOLYCLS.boeing747_material2
f 857//3914 853//3902 850//3901 
usemtl boeing747_material1
f 852//3918 859//3917 856//3916 
usemtl Polygon_XSIPOLYCLS.boeing747_material2
f 857//3937 849//3920 854//3919 
usemtl boeing747_material1
f 852//3940 855//3939 858//3938 
usemtl boeing747_material1
f 12//1678 350//6062 276//3162 13//3957 
usemtl Polygon_XSIPOLYCLS.boeing747_material2
f 853//3978 854//3977 847//3976 846//3975 
usemtl boeing747_material1
f 388//681 390//677 406//676 404//675 
usemtl Polygon_XSIPOLYCLS.boeing747_material2
f 857//4011 850//4009 844//4008 
usemtl boeing747_material1
f 852//4014 856//4013 851//4012 
usemtl Polygon_XSIPOLYCLS.boeing747_material2
f 850//4033 853//4032 846//4031 843//4015 
usemtl Polygon_XSIPOLYCLS.boeing747_material2
f 854//4052 849//4051 842//4050 847//4034 
usemtl Polygon_XSIPOLYCLS.boeing747_material2
f 857//4071 841//4069 849//4053 
usemtl boeing747_material1
f 852//4088 848//4087 855//4072 
usemtl Polygon_XSIPOLYCLS.boeing747_material2
f 819//3111 821//3112 822//3143 
usemtl Polygon_XSIPOLYCLS.boeing747_material2
f 847//4128 842//4127 835//4126 830//4125 827//4109 828//4108 831//4107 836//4106 843//4105 846//4104 
usemtl boeing747_material1
f 11//390 14//389 312//388 540//384 
usemtl Polygon_XSIPOLYCLS.boeing747_material2
f 857//4166 844//4164 837//4163 
usemtl boeing747_material1
f 852//4183 851//4182 845//4181 
usemtl Polygon_XSIPOLYCLS.boeing747_material2
f 844//4198 850//4197 843//4196 836//4184 
usemtl Polygon_XSIPOLYCLS.boeing747_material2
f 1497//4201 1490//4200 1494//4199 
usemtl Polygon_XSIPOLYCLS.boeing747_material2
f 1494//4221 1490//4220 1491//4219 1495//4203 
usemtl Polygon_XSIPOLYCLS.boeing747_material2
f 849//4240 841//4239 835//4238 842//4222 
usemtl Polygon_XSIPOLYCLS.boeing747_material2
f 857//4259 834//4257 841//4241 
usemtl boeing747_material1
f 852//4276 840//4275 848//4260 
usemtl boeing747_material1
f 315//5351 310//5500 288//5352 283//5353 
usemtl boeing747_material1
f 539//354 5//353 534//352 344//348 
usemtl Polygon_XSIPOLYCLS.boeing747_material2
f 857//4320 837//4297 832//4296 
usemtl boeing747_material1
f 852//4344 845//4322 838//4321 
usemtl Polygon_XSIPOLYCLS.boeing747_material2
f 837//4369 844//4347 836//4346 831//4345 
usemtl boeing747_material1
f 1237//3522 1432//3523 1247//5308 
usemtl boeing747_material1
f 1379//4469 1377//4397 825//4396 824//4395 
usemtl Polygon_XSIPOLYCLS.boeing747_material2
f 841//4487 834//4472 830//4471 835//4470 
usemtl Polygon_XSIPOLYCLS.boeing747_material2
f 857//4506 829//4489 834//4488 
usemtl boeing747_material1
f 852//4509 833//4508 840//4507 
usemtl boeing747_material1
f 1415//3165 1441//3166 1418//3167 1412//3168 
usemtl boeing747_material1
f 1412//3172 1416//3171 1386//3170 1415//3169 
usemtl boeing747_material1
f 1440//3176 1413//3175 1417//3174 1414//3173 
usemtl boeing747_material1
f 1416//3177 1411//3178 1387//3179 1386//3180 
usemtl boeing747_material1
f 1417//3181 1413//3182 1387//3183 1411//3184 
usemtl boeing747_material1
f 1414//3185 1418//3186 1441//3187 1440//3188 
usemtl boeing747_material1
f 787//6105 1442//6106 1262//6107 
usemtl Polygon_XSIPOLYCLS.boeing747_material2
f 1323//2154 1322//2076 1320//2075 
usemtl boeing747_material1
f 1427//3202 1429//3193 1445//1986 1447//1985 
usemtl Polygon_XSIPOLYCLS.boeing747_material2
f 1354//2063 1353//5685 1324//749 
usemtl Polygon_XSIPOLYCLS.boeing747_material2
f 1321//2074 1322//5686 1323//5687 
usemtl boeing747_material1
f 1447//3201 1444//3200 1428//1873 1427//1885 
usemtl Polygon_XSIPOLYCLS.boeing747_material2
f 1563//3213 1559//3214 1558//3215 1562//3216 
usemtl boeing747_material1
f 788//5072 801//5087 1262//6132 1442//6133 
usemtl Polygon_XSIPOLYCLS.boeing747_material2
f 857//4528 832//4526 829//4525 
usemtl boeing747_material1
f 1592//3225 1596//3226 1597//3227 
usemtl Polygon_XSIPOLYCLS.boeing747_material2
f 1566//3228 1562//3229 1565//3231 
usemtl Polygon_XSIPOLYCLS.boeing747_material2
f 1567//3232 1563//3233 1562//3234 1566//3235 
usemtl Polygon_XSIPOLYCLS.boeing747_material2
f 2279//5161 2278//4215 2277//4216 
usemtl boeing747_material1
f 852//4546 838//4545 833//4544 
usemtl boeing747_material1
f 1588//3244 1592//3245 1597//3246 
usemtl Polygon_XSIPOLYCLS.boeing747_material2
f 1570//3247 1566//3248 1565//3249 
usemtl Polygon_XSIPOLYCLS.boeing747_material2
f 1571//3251 1567//3252 1566//3253 1570//3254 
usemtl boeing747_material1
f 1247//2807 1249//5588 1716//5589 
usemtl Polygon_XSIPOLYCLS.boeing747_material2
f 832//4565 837//4564 831//4563 828//4547 
usemtl boeing747_material1
f 1584//3263 1588//3264 1597//3265 
usemtl Polygon_XSIPOLYCLS.boeing747_material2
f 1574//3266 1570//3267 1565//3268 
usemtl Polygon_XSIPOLYCLS.boeing747_material2
f 1575//3270 1571//3271 1570//3272 1574//3273 
usemtl boeing747_material1
f 1716//5309 1249//5310 1421//5311 1239//5719 
usemtl boeing747_material1
f 1436//4583 824//4582 825//4566 
usemtl boeing747_material1
f 1580//3282 1584//3283 1597//3284 
usemtl Polygon_XSIPOLYCLS.boeing747_material2
f 1578//3285 1574//3286 1565//3288 
usemtl Polygon_XSIPOLYCLS.boeing747_material2
f 1579//3289 1575//3290 1574//3291 1578//3292 
usemtl Polygon_XSIPOLYCLS.boeing747_material2
f 1000//2844 960//2843 1065//2842 
usemtl boeing747_material1
f 1377//4602 823//4601 1385//4585 825//4584 
usemtl boeing747_material1
f 1576//3301 1580//3302 1597//3303 
usemtl Polygon_XSIPOLYCLS.boeing747_material2
f 1582//3304 1578//3305 1565//3307 
usemtl Polygon_XSIPOLYCLS.boeing747_material2
f 1583//3308 1579//3309 1578//3310 1582//3311 
usemtl Polygon_XSIPOLYCLS.boeing747_material2
f 1065//2847 960//2846 1846//2845 
usemtl Polygon_XSIPOLYCLS.boeing747_material2
f 834//4621 829//4620 827//4604 830//4603 
usemtl boeing747_material1
f 1572//3320 1576//3321 1597//3322 
usemtl Polygon_XSIPOLYCLS.boeing747_material2
f 1586//3323 1582//3324 1565//3326 
usemtl Polygon_XSIPOLYCLS.boeing747_material2
f 1587//3327 1583//3328 1582//3329 1586//3330 
usemtl Polygon_XSIPOLYCLS.boeing747_material2
f 2246//2867 2247//2868 2250//2869 
usemtl Polygon_XSIPOLYCLS.boeing747_material2
f 829//4639 832//4638 828//4623 827//4622 
usemtl boeing747_material1
f 1568//3339 1572//3340 1597//3341 
usemtl Polygon_XSIPOLYCLS.boeing747_material2
f 1590//3342 1586//3343 1565//3345 
usemtl Polygon_XSIPOLYCLS.boeing747_material2
f 1591//3346 1587//3347 1586//3348 1590//3349 
usemtl Polygon_XSIPOLYCLS.boeing747_material2
f 1296//2853 1047//2852 1299//2848 
usemtl boeing747_material1
f 820//4658 1379//4657 824//4641 1384//4640 
usemtl boeing747_material1
f 1593//3358 1568//3359 1597//3360 
usemtl Polygon_XSIPOLYCLS.boeing747_material2
f 1594//3361 1590//3362 1565//3363 
usemtl Polygon_XSIPOLYCLS.boeing747_material2
f 1595//3365 1591//3366 1590//3367 1594//3368 
usemtl Polygon_XSIPOLYCLS.boeing747_material2
f 2248//2873 2247//2874 2246//2875 
usemtl boeing747_material1
f 1436//4675 825//4660 1385//4659 
usemtl boeing747_material1
f 1640//3377 1635//3378 1639//3379 
usemtl Polygon_XSIPOLYCLS.boeing747_material2
f 1600//3380 1636//3381 1602//3382 
usemtl Polygon_XSIPOLYCLS.boeing747_material2
f 1601//3384 1637//3385 1636//3386 1600//3387 
usemtl Polygon_XSIPOLYCLS.boeing747_material2
f 1299//2859 1047//2858 23//2854 
usemtl boeing747_material1
f 1436//4678 1384//4677 824//4676 
usemtl boeing747_material1
f 1638//3396 1640//3397 1639//3398 
usemtl Polygon_XSIPOLYCLS.boeing747_material2
f 1604//3399 1600//3400 1602//3401 
usemtl Polygon_XSIPOLYCLS.boeing747_material2
f 1605//3403 1601//3404 1600//3405 1604//3406 
usemtl Polygon_XSIPOLYCLS.boeing747_material2
f 2264//2862 1446//2861 1431//2860 
usemtl Polygon_XSIPOLYCLS.boeing747_material2
f 1544//4693 1540//4692 1541//4691 1545//4690 
usemtl boeing747_material1
f 1634//3415 1638//3416 1639//3417 
usemtl Polygon_XSIPOLYCLS.boeing747_material2
f 1608//3418 1604//3419 1602//3420 
usemtl Polygon_XSIPOLYCLS.boeing747_material2
f 1609//3422 1605//3423 1604//3424 1608//3425 
usemtl Polygon_XSIPOLYCLS.boeing747_material2
f 2239//2882 2240//2883 2242//2884 
usemtl boeing747_material1
f 382//438 75//437 11//436 70//450 
usemtl boeing747_material1
f 1630//3434 1634//3435 1639//3436 
usemtl Polygon_XSIPOLYCLS.boeing747_material2
f 1612//3437 1608//3438 1602//3439 
usemtl Polygon_XSIPOLYCLS.boeing747_material2
f 1613//3441 1609//3442 1608//3443 1612//3444 
usemtl Polygon_XSIPOLYCLS.boeing747_material2
f 2241//2885 2240//2886 2239//2887 
usemtl boeing747_material1
f 396//699 1328//695 400//694 412//693 
usemtl boeing747_material1
f 1626//3453 1630//3454 1639//3455 
usemtl Polygon_XSIPOLYCLS.boeing747_material2
f 1616//3456 1612//3457 1602//3458 
usemtl Polygon_XSIPOLYCLS.boeing747_material2
f 1617//3460 1613//3461 1612//3462 1616//3463 
usemtl Polygon_XSIPOLYCLS.boeing747_material2
f 1431//2865 1446//2864 2259//2863 
usemtl boeing747_material1
f 1555//4734 1530//4733 1526//4732 
usemtl boeing747_material1
f 1622//3472 1626//3473 1639//3474 
usemtl Polygon_XSIPOLYCLS.boeing747_material2
f 1620//3475 1616//3476 1602//3478 
usemtl Polygon_XSIPOLYCLS.boeing747_material2
f 1621//3479 1617//3480 1616//3481 1620//3482 
usemtl boeing747_material1
f 1513//3483 1484//3484 1509//3485 
usemtl Polygon_XSIPOLYCLS.boeing747_material2
f 1519//4752 1544//4751 1548//4735 
usemtl boeing747_material1
f 1618//3490 1622//3491 1639//3492 
usemtl Polygon_XSIPOLYCLS.boeing747_material2
f 1624//3493 1620//3494 1602//3496 
usemtl Polygon_XSIPOLYCLS.boeing747_material2
f 1625//3497 1621//3498 1620//3499 1624//3500 
usemtl Polygon_XSIPOLYCLS.boeing747_material2
f 1548//4771 1544//4770 1545//4769 1549//4754 
usemtl boeing747_material1
f 1513//4789 1500//4788 1496//4772 
usemtl boeing747_material1
f 1614//3509 1618//3510 1639//3511 
usemtl Polygon_XSIPOLYCLS.boeing747_material2
f 1628//3512 1624//3513 1602//3515 
usemtl Polygon_XSIPOLYCLS.boeing747_material2
f 1629//3516 1625//3517 1624//3518 1628//3519 
usemtl boeing747_material1
f 798//6134 799//6135 1420//6136 
usemtl boeing747_material1
f 83//415 236//408 68//407 67//406 
usemtl boeing747_material1
f 1610//3528 1614//3529 1639//3530 
usemtl Polygon_XSIPOLYCLS.boeing747_material2
f 1632//3531 1628//3532 1602//3534 
usemtl Polygon_XSIPOLYCLS.boeing747_material2
f 1633//3535 1629//3536 1628//3537 1632//3538 
usemtl Polygon_XSIPOLYCLS.boeing747_material2
f 1506//3539 1502//3540 1503//3541 1507//3542 
usemtl boeing747_material1
f 1555//4826 1526//4810 1551//4809 
usemtl boeing747_material1
f 1635//3547 1610//3548 1639//3549 
usemtl Polygon_XSIPOLYCLS.boeing747_material2
f 1636//3550 1632//3551 1602//3553 
usemtl Polygon_XSIPOLYCLS.boeing747_material2
f 1637//3554 1633//3555 1632//3556 1636//3557 
usemtl boeing747_material1
f 1433//4123 814//4124 1376//4370 
usemtl Polygon_XSIPOLYCLS.boeing747_material2
f 358//3223 291//3222 1145//3221 348//1874 
usemtl boeing747_material1
f 1641//3566 1655//3567 1656//3568 1642//3569 
usemtl boeing747_material1
f 1657//3570 1642//3571 1656//3572 
usemtl boeing747_material1
f 1643//3573 1641//3574 1642//3575 1644//3576 
usemtl boeing747_material1
f 1657//3577 1644//3578 1642//3579 
usemtl boeing747_material1
f 1645//3580 1643//3581 1644//3582 1646//3583 
usemtl boeing747_material1
f 1657//3584 1646//3585 1644//3586 
usemtl boeing747_material1
f 1647//3587 1645//3588 1646//3589 1648//3590 
usemtl boeing747_material1
f 1657//3591 1648//3592 1646//3593 
usemtl boeing747_material1
f 1649//3594 1647//3595 1648//3596 1650//3597 
usemtl boeing747_material1
f 1657//3598 1650//3599 1648//3600 
usemtl boeing747_material1
f 1651//3601 1649//3602 1650//3603 1652//3604 
usemtl boeing747_material1
f 1657//3605 1652//3606 1650//3607 
usemtl boeing747_material1
f 1653//3608 1651//3609 1652//3610 1654//3611 
usemtl boeing747_material1
f 1657//3612 1654//3613 1652//3614 
usemtl boeing747_material1
f 1655//3615 1653//3616 1654//3617 1656//3618 
usemtl boeing747_material1
f 1657//3619 1656//3620 1654//3621 
usemtl boeing747_material1
f 1699//3622 1694//3623 1698//3624 
usemtl Polygon_XSIPOLYCLS.boeing747_material2
f 1659//3625 1695//3626 1661//3627 
usemtl Polygon_XSIPOLYCLS.boeing747_material2
f 1660//3629 1696//3630 1695//3631 1659//3632 
usemtl boeing747_material1
f 795//3636 792//3635 796//3634 1434//3633 
usemtl boeing747_material1
f 942//1911 941//1912 950//1913 945//1915 
usemtl boeing747_material1
f 1697//3641 1699//3642 1698//3643 
usemtl Polygon_XSIPOLYCLS.boeing747_material2
f 1663//3644 1659//3645 1661//3646 
usemtl Polygon_XSIPOLYCLS.boeing747_material2
f 1664//3648 1660//3649 1659//3650 1663//3651 
usemtl Polygon_XSIPOLYCLS.boeing747_material2
f 1519//3652 1540//3654 1544//3655 
usemtl Polygon_XSIPOLYCLS.boeing747_material2
f 721//2956 260//3261 713//3259 251//3243 
usemtl boeing747_material1
f 1693//3660 1697//3661 1698//3662 
usemtl Polygon_XSIPOLYCLS.boeing747_material2
f 1667//3663 1663//3664 1661//3665 
usemtl Polygon_XSIPOLYCLS.boeing747_material2
f 1668//3667 1664//3668 1663//3669 1667//3670 
usemtl boeing747_material1
f 1555//3671 1534//3672 1530//3673 
usemtl Polygon_XSIPOLYCLS.boeing747_material2
f 1519//4829 1548//4828 1552//4827 
usemtl boeing747_material1
f 1689//3678 1693//3679 1698//3680 
usemtl Polygon_XSIPOLYCLS.boeing747_material2
f 1671//3681 1667//3682 1661//3683 
usemtl Polygon_XSIPOLYCLS.boeing747_material2
f 1672//3685 1668//3686 1667//3687 1671//3688 
usemtl Polygon_XSIPOLYCLS.boeing747_material2
f 1552//4859 1548//4847 1549//4846 1553//4845 
usemtl boeing747_material1
f 5//347 540//346 262//345 534//344 
usemtl boeing747_material1
f 1685//3697 1689//3698 1698//3699 
usemtl Polygon_XSIPOLYCLS.boeing747_material2
f 1675//3700 1671//3701 1661//3702 
usemtl Polygon_XSIPOLYCLS.boeing747_material2
f 1676//3704 1672//3705 1671//3706 1675//3707 
usemtl boeing747_material1
f 1513//3708 1496//3709 1492//3710 
usemtl boeing747_material1
f 14//383 16//382 722//381 312//380 
usemtl boeing747_material1
f 1681//3715 1685//3716 1698//3717 
usemtl Polygon_XSIPOLYCLS.boeing747_material2
f 1679//3718 1675//3719 1661//3721 
usemtl Polygon_XSIPOLYCLS.boeing747_material2
f 1680//3722 1676//3723 1675//3724 1679//3725 
usemtl Polygon_XSIPOLYCLS.boeing747_material2
f 1540//3726 1536//3727 1537//3728 1541//3729 
usemtl boeing747_material1
f 1184//3373 1144//3691 1137//3692 1136//3693 
usemtl boeing747_material1
f 1677//3734 1681//3735 1698//3736 
usemtl Polygon_XSIPOLYCLS.boeing747_material2
f 1683//3737 1679//3738 1661//3740 
usemtl Polygon_XSIPOLYCLS.boeing747_material2
f 1684//3741 1680//3742 1679//3743 1683//3744 
usemtl Polygon_XSIPOLYCLS.boeing747_material2
f 1519//3745 1536//3747 1540//3748 
usemtl boeing747_material1
f 1598//4885 1593//4884 1597//4883 
usemtl boeing747_material1
f 1673//3753 1677//3754 1698//3755 
usemtl Polygon_XSIPOLYCLS.boeing747_material2
f 1687//3756 1683//3757 1661//3759 
usemtl Polygon_XSIPOLYCLS.boeing747_material2
f 1688//3760 1684//3761 1683//3762 1687//3763 
usemtl boeing747_material1
f 1555//3764 1538//3765 1534//3766 
usemtl Polygon_XSIPOLYCLS.boeing747_material2
f 1558//4904 1594//4903 1565//4901 
usemtl boeing747_material1
f 1669//3771 1673//3772 1698//3773 
usemtl Polygon_XSIPOLYCLS.boeing747_material2
f 1691//3774 1687//3775 1661//3777 
usemtl Polygon_XSIPOLYCLS.boeing747_material2
f 1692//3778 1688//3779 1687//3780 1691//3781 
usemtl Polygon_XSIPOLYCLS.boeing747_material2
f 1559//4919 1595//4918 1594//4917 1558//4916 
usemtl boeing747_material1
f 1455//4980 1450//4996 1370//4997 
usemtl boeing747_material1
f 1694//3790 1669//3791 1698//3792 
usemtl Polygon_XSIPOLYCLS.boeing747_material2
f 1695//3793 1691//3794 1661//3796 
usemtl Polygon_XSIPOLYCLS.boeing747_material2
f 1696//3797 1692//3798 1691//3799 1695//3800 
usemtl boeing747_material1
f 791//3804 839//3803 793//3802 794//3801 
usemtl boeing747_material1
f 2210//5812 2211//5838 376//5863 3//5888 
usemtl boeing747_material1
f 1741//3809 1736//3810 1740//3811 
usemtl Polygon_XSIPOLYCLS.boeing747_material2
f 1701//3812 1737//3813 1703//3814 
usemtl Polygon_XSIPOLYCLS.boeing747_material2
f 1702//3816 1738//3817 1737//3818 1701//3819 
usemtl boeing747_material1
f 1273//6126 1263//6127 799//3820 798//3821 
usemtl boeing747_material1
f 1425//5015 1426//2060 1424//5016 1419//5032 
usemtl boeing747_material1
f 1739//3828 1741//3829 1740//3830 
usemtl Polygon_XSIPOLYCLS.boeing747_material2
f 1705//3831 1701//3832 1703//3833 
usemtl Polygon_XSIPOLYCLS.boeing747_material2
f 1706//3835 1702//3836 1701//3837 1705//3838 
usemtl Polygon_XSIPOLYCLS.boeing747_material2
f 1497//3839 1494//3841 1498//3842 
usemtl boeing747_material1
f 1375//5033 1453//5034 1451//5035 
usemtl boeing747_material1
f 1735//3847 1739//3848 1740//3849 
usemtl Polygon_XSIPOLYCLS.boeing747_material2
f 1709//3850 1705//3851 1703//3852 
usemtl Polygon_XSIPOLYCLS.boeing747_material2
f 1710//3854 1706//3855 1705//3856 1709//3857 
usemtl Polygon_XSIPOLYCLS.boeing747_material2
f 1536//3858 1532//3859 1533//3860 1537//3861 
usemtl boeing747_material1
f 236//402 72//401 8//400 68//414 
usemtl boeing747_material1
f 1731//3866 1735//3867 1740//3868 
usemtl Polygon_XSIPOLYCLS.boeing747_material2
f 1713//3869 1709//3870 1703//3871 
usemtl Polygon_XSIPOLYCLS.boeing747_material2
f 1714//3873 1710//3874 1709//3875 1713//3876 
usemtl Polygon_XSIPOLYCLS.boeing747_material2
f 1519//3877 1532//3879 1536//3880 
usemtl Polygon_XSIPOLYCLS.boeing747_material2
f 238//3211 292//3210 280//3209 278//3208 
usemtl boeing747_material1
f 1727//3885 1731//3886 1740//3887 
usemtl Polygon_XSIPOLYCLS.boeing747_material2
f 1717//3888 1713//3889 1703//3890 
usemtl Polygon_XSIPOLYCLS.boeing747_material2
f 1718//3892 1714//3893 1713//3894 1717//3895 
usemtl boeing747_material1
f 1555//3896 1542//3897 1538//3898 
usemtl Polygon_XSIPOLYCLS.boeing747_material2
f 2197//5489 2198//5508 2187//5526 2188//5730 
usemtl boeing747_material1
f 1723//3903 1727//3904 1740//3905 
usemtl Polygon_XSIPOLYCLS.boeing747_material2
f 1721//3906 1717//3907 1703//3909 
usemtl Polygon_XSIPOLYCLS.boeing747_material2
f 1722//3910 1718//3911 1717//3912 1721//3913 
usemtl Polygon_XSIPOLYCLS.boeing747_material2
f 1325//753 1353//593 1354//598 
usemtl boeing747_material1
f 1264//3189 1273//3190 1439//3191 
usemtl boeing747_material1
f 1719//3922 1723//3923 1740//3924 
usemtl Polygon_XSIPOLYCLS.boeing747_material2
f 1725//3925 1721//3926 1703//3928 
usemtl Polygon_XSIPOLYCLS.boeing747_material2
f 1726//3929 1722//3930 1721//3931 1725//3932 
usemtl boeing747_material1
f 1237//5720 786//5721 1432//5722 
usemtl boeing747_material1
f 1439//3192 1442//5052 787//5053 
usemtl boeing747_material1
f 1715//3941 1719//3942 1740//3943 
usemtl Polygon_XSIPOLYCLS.boeing747_material2
f 1729//3944 1725//3945 1703//3947 
usemtl Polygon_XSIPOLYCLS.boeing747_material2
f 1730//3948 1726//3949 1725//3950 1729//3951 
usemtl Polygon_XSIPOLYCLS.boeing747_material2
f 1532//3952 1528//3953 1529//3954 1533//3955 
usemtl boeing747_material1
f 1420//5069 799//5070 800//5071 
usemtl boeing747_material1
f 1711//3960 1715//3961 1740//3962 
usemtl Polygon_XSIPOLYCLS.boeing747_material2
f 1733//3963 1729//3964 1703//3966 
usemtl Polygon_XSIPOLYCLS.boeing747_material2
f 1734//3967 1730//3968 1729//3969 1733//3970 
usemtl Polygon_XSIPOLYCLS.boeing747_material2
f 1519//3972 1528//3973 1532//3974 
usemtl boeing747_material1
f 796//6128 790//6129 1435//6130 1434//6131 
usemtl boeing747_material1
f 1736//3979 1711//3980 1740//3981 
usemtl Polygon_XSIPOLYCLS.boeing747_material2
f 1737//3982 1733//3983 1703//3985 
usemtl Polygon_XSIPOLYCLS.boeing747_material2
f 1738//3986 1734//3987 1733//3988 1737//3989 
usemtl boeing747_material1
f 1555//3990 1546//3991 1542//3992 
usemtl boeing747_material1
f 788//6120 1420//6121 801//6122 
usemtl boeing747_material1
f 1782//3997 1778//3998 1783//3999 
usemtl Polygon_XSIPOLYCLS.boeing747_material2
f 1758//4000 1779//4002 1743//4003 
usemtl Polygon_XSIPOLYCLS.boeing747_material2
f 1743//4004 1779//4005 1780//4006 1744//4007 
usemtl boeing747_material1
f 1264//6123 1439//6124 787//6125 
usemtl boeing747_material1
f 795//6116 1361//6117 797//6118 792//6119 
usemtl boeing747_material1
f 1782//4016 1783//4017 1781//4018 
usemtl Polygon_XSIPOLYCLS.boeing747_material2
f 1758//4019 1743//4021 1747//4022 
usemtl Polygon_XSIPOLYCLS.boeing747_material2
f 1747//4023 1743//4024 1744//4025 1748//4026 
usemtl boeing747_material1
f 1378//2804 786//2805 1237//2806 
usemtl boeing747_material1
f 797//6112 1361//6113 839//6114 791//6115 
usemtl boeing747_material1
f 1782//4035 1781//4036 1777//4037 
usemtl Polygon_XSIPOLYCLS.boeing747_material2
f 1758//4038 1747//4040 1751//4041 
usemtl Polygon_XSIPOLYCLS.boeing747_material2
f 1751//4042 1747//4043 1748//4044 1752//4045 
usemtl Polygon_XSIPOLYCLS.boeing747_material2
f 1528//4046 1524//4047 1525//4048 1529//4049 
usemtl boeing747_material1
f 793//6108 1435//6109 790//6110 794//6111 
usemtl boeing747_material1
f 1782//4054 1777//4055 1773//4056 
usemtl Polygon_XSIPOLYCLS.boeing747_material2
f 1758//4057 1751//4059 1755//4060 
usemtl Polygon_XSIPOLYCLS.boeing747_material2
f 1755//4061 1751//4062 1752//4063 1756//4064 
usemtl Polygon_XSIPOLYCLS.boeing747_material2
f 1519//4066 1524//4067 1528//4068 
usemtl boeing747_material1
f 1135//3711 1184//3712 1136//3713 1190//2066 
usemtl boeing747_material1
f 1782//4073 1773//4074 1769//4075 
usemtl Polygon_XSIPOLYCLS.boeing747_material2
f 1758//4076 1755//4078 1759//4079 
usemtl Polygon_XSIPOLYCLS.boeing747_material2
f 1759//4080 1755//4081 1756//4082 1760//4083 
usemtl boeing747_material1
f 1555//4084 1550//4085 1546//4086 
usemtl boeing747_material1
f 1263//3822 1273//3823 1264//6104 
usemtl boeing747_material1
f 1782//4091 1769//4092 1765//4093 
usemtl Polygon_XSIPOLYCLS.boeing747_material2
f 1758//4095 1759//4096 1763//4097 
usemtl Polygon_XSIPOLYCLS.boeing747_material2
f 1763//4098 1759//4099 1760//4100 1764//4101 
usemtl boeing747_material1
f 1057//3356 1164//3357 1306//602 20//729 
usemtl boeing747_material1
f 1366//4785 1367//4784 1368//4712 
usemtl boeing747_material1
f 1782//4110 1765//4111 1761//4112 
usemtl Polygon_XSIPOLYCLS.boeing747_material2
f 1758//4114 1763//4115 1767//4116 
usemtl Polygon_XSIPOLYCLS.boeing747_material2
f 1767//4117 1763//4118 1764//4119 1768//4120 
usemtl boeing747_material1
f 1432//3274 1249//3275 1247//3276 
usemtl boeing747_material1
f 1369//4711 1367//4710 1366//4709 
usemtl boeing747_material1
f 1782//4129 1761//4130 1757//4131 
usemtl Polygon_XSIPOLYCLS.boeing747_material2
f 1758//4133 1767//4134 1771//4135 
usemtl Polygon_XSIPOLYCLS.boeing747_material2
f 1771//4136 1767//4137 1768//4138 1772//4139 
usemtl Polygon_XSIPOLYCLS.boeing747_material2
f 1524//4140 1520//4141 1521//4142 1525//4143 
usemtl boeing747_material1
f 1422//4920 809//2016 807//4921 982//4922 
usemtl boeing747_material1
f 1782//4148 1757//4149 1753//4150 
usemtl Polygon_XSIPOLYCLS.boeing747_material2
f 1758//4152 1771//4153 1775//4154 
usemtl Polygon_XSIPOLYCLS.boeing747_material2
f 1775//4155 1771//4156 1772//4157 1776//4158 
usemtl Polygon_XSIPOLYCLS.boeing747_material2
f 1519//4160 1520//4161 1524//4162 
usemtl boeing747_material1
f 76//433 78//432 16//431 14//430 
usemtl boeing747_material1
f 1782//4167 1753//4168 1778//4169 
usemtl Polygon_XSIPOLYCLS.boeing747_material2
f 1758//4171 1775//4172 1779//4173 
usemtl Polygon_XSIPOLYCLS.boeing747_material2
f 1779//4174 1775//4175 1776//4176 1780//4177 
usemtl boeing747_material1
f 1555//4178 1554//4179 1550//4180 
usemtl boeing747_material1
f 339//1212 328//1211 326//1210 336//1209 
usemtl boeing747_material1
f 1824//4185 1820//4186 1825//4187 
usemtl Polygon_XSIPOLYCLS.boeing747_material2
f 1800//4188 1821//4190 1785//4191 
usemtl Polygon_XSIPOLYCLS.boeing747_material2
f 1785//4192 1821//4193 1822//4194 1786//4195 
usemtl Polygon_XSIPOLYCLS.boeing747_material2
f 1507//6070 1503//6071 1499//6072 1495//6073 1491//6074 1487//6075 1483//6076 1479//6077 1475//6078 1511//6079 
usemtl Polygon_XSIPOLYCLS.boeing747_material2
f 777//6066 773//6067 774//6068 778//6069 
usemtl boeing747_material1
f 1824//4204 1825//4205 1823//4206 
usemtl Polygon_XSIPOLYCLS.boeing747_material2
f 1800//4207 1785//4209 1789//4210 
usemtl Polygon_XSIPOLYCLS.boeing747_material2
f 1789//4211 1785//4212 1786//4213 1790//4214 
usemtl Polygon_XSIPOLYCLS.boeing747_material2
f 2283//2773 2282//2774 2281//2775 
usemtl Polygon_XSIPOLYCLS.boeing747_material2
f 760//6063 773//6064 777//6065 
usemtl boeing747_material1
f 1824//4223 1823//4224 1819//4225 
usemtl Polygon_XSIPOLYCLS.boeing747_material2
f 1800//4226 1789//4228 1793//4229 
usemtl Polygon_XSIPOLYCLS.boeing747_material2
f 1793//4230 1789//4231 1790//4232 1794//4233 
usemtl Polygon_XSIPOLYCLS.boeing747_material2
f 1520//4234 1516//4235 1517//4236 1521//4237 
usemtl boeing747_material1
f 780//6059 1388//6060 776//6061 
usemtl boeing747_material1
f 1824//4242 1819//4243 1815//4244 
usemtl Polygon_XSIPOLYCLS.boeing747_material2
f 1800//4245 1793//4247 1797//4248 
usemtl Polygon_XSIPOLYCLS.boeing747_material2
f 1797//4249 1793//4250 1794//4251 1798//4252 
usemtl Polygon_XSIPOLYCLS.boeing747_material2
f 1519//4253 1516//4255 1520//4256 
usemtl boeing747_material1
f 727//325 1589//324 542//323 566//322 
usemtl boeing747_material1
f 1824//4261 1815//4262 1811//4263 
usemtl Polygon_XSIPOLYCLS.boeing747_material2
f 1800//4264 1797//4266 1801//4267 
usemtl Polygon_XSIPOLYCLS.boeing747_material2
f 1801//4268 1797//4269 1798//4270 1802//4271 
usemtl boeing747_material1
f 1555//4272 1556//4273 1554//4274 
usemtl Polygon_XSIPOLYCLS.boeing747_material2
f 1549//6045 1545//6046 1541//6047 1537//6048 1533//6049 1529//6050 1525//6051 1521//6052 1517//6053 1553//6054 
usemtl boeing747_material1
f 1824//4279 1811//4280 1807//4281 
usemtl Polygon_XSIPOLYCLS.boeing747_material2
f 1800//4283 1801//4284 1805//4285 
usemtl Polygon_XSIPOLYCLS.boeing747_material2
f 1805//4286 1801//4287 1802//4288 1806//4289 
usemtl Polygon_XSIPOLYCLS.boeing747_material2
f 773//6041 770//6042 771//6043 774//6044 
usemtl Polygon_XSIPOLYCLS.boeing747_material2
f 760//6038 770//6039 773//6040 
usemtl boeing747_material1
f 1824//4298 1807//4299 1803//4300 
usemtl Polygon_XSIPOLYCLS.boeing747_material2
f 1800//4302 1805//4303 1809//4304 
usemtl Polygon_XSIPOLYCLS.boeing747_material2
f 1809//4305 1805//4306 1806//4307 1810//4308 
usemtl Polygon_XSIPOLYCLS.boeing747_material2
f 1818//4309 1814//4310 1810//4311 1806//4312 1802//4313 1798//4314 1794//4315 1790//4316 1786//4317 1822//4318 
usemtl boeing747_material1
f 780//6034 759//6035 1388//6036 
usemtl boeing747_material1
f 1824//4323 1803//4324 1799//4325 
usemtl Polygon_XSIPOLYCLS.boeing747_material2
f 1800//4327 1809//4328 1813//4329 
usemtl Polygon_XSIPOLYCLS.boeing747_material2
f 1813//4330 1809//4331 1810//4332 1814//4333 
usemtl Polygon_XSIPOLYCLS.boeing747_material2
f 1776//4334 1772//4335 1768//4336 1764//4337 1760//4338 1756//4339 1752//4340 1748//4341 1744//4342 1780//4343 
usemtl boeing747_material1
f 1589//318 2//317 564//316 542//312 
usemtl boeing747_material1
f 1824//4348 1799//4349 1795//4350 
usemtl Polygon_XSIPOLYCLS.boeing747_material2
f 1800//4352 1813//4353 1817//4354 
usemtl Polygon_XSIPOLYCLS.boeing747_material2
f 1817//4355 1813//4356 1814//4357 1818//4358 
usemtl Polygon_XSIPOLYCLS.boeing747_material2
f 1738//4359 1702//4360 1706//4361 1710//4362 1714//4363 1718//4364 1722//4365 1726//4366 1730//4367 1734//4368 
usemtl Polygon_XSIPOLYCLS.boeing747_material2
f 1595//6020 1559//6021 1563//6022 1567//6023 1571//6024 1575//6025 1579//6026 1583//6027 1587//6028 1591//6029 
usemtl boeing747_material1
f 1824//4373 1795//4374 1820//4375 
usemtl Polygon_XSIPOLYCLS.boeing747_material2
f 1800//4377 1817//4378 1821//4379 
usemtl Polygon_XSIPOLYCLS.boeing747_material2
f 1821//4380 1817//4381 1818//4382 1822//4383 
usemtl Polygon_XSIPOLYCLS.boeing747_material2
f 1696//4384 1660//4385 1664//4386 1668//4387 1672//4388 1676//4389 1680//4390 1684//4391 1688//4392 1692//4393 
usemtl Polygon_XSIPOLYCLS.boeing747_material2
f 770//6016 767//6017 768//6018 771//6019 
usemtl boeing747_material1
f 1827//4398 1841//4399 1840//4400 1826//4401 
usemtl boeing747_material1
f 1841//4402 1827//4403 1842//4404 
usemtl boeing747_material1
f 1829//4405 1827//4406 1826//4407 1828//4408 
usemtl boeing747_material1
f 1827//4409 1829//4410 1842//4411 
usemtl boeing747_material1
f 1831//4412 1829//4413 1828//4414 1830//4415 
usemtl boeing747_material1
f 1829//4416 1831//4417 1842//4418 
usemtl boeing747_material1
f 1833//4419 1831//4420 1830//4421 1832//4422 
usemtl boeing747_material1
f 1831//4423 1833//4424 1842//4425 
usemtl boeing747_material1
f 1835//4426 1833//4427 1832//4428 1834//4429 
usemtl boeing747_material1
f 1833//4430 1835//4431 1842//4432 
usemtl boeing747_material1
f 1837//4433 1835//4434 1834//4435 1836//4436 
usemtl boeing747_material1
f 1835//4437 1837//4438 1842//4439 
usemtl boeing747_material1
f 1839//4440 1837//4441 1836//4442 1838//4443 
usemtl boeing747_material1
f 1837//4444 1839//4445 1842//4446 
usemtl boeing747_material1
f 1841//4447 1839//4448 1838//4449 1840//4450 
usemtl boeing747_material1
f 1839//4451 1841//4452 1842//4453 
usemtl boeing747_material1
f 1883//4454 1879//4455 1884//4456 
usemtl Polygon_XSIPOLYCLS.boeing747_material2
f 1859//4457 1880//4459 1844//4460 
usemtl Polygon_XSIPOLYCLS.boeing747_material2
f 1844//4461 1880//4462 1881//4463 1845//4464 
usemtl Polygon_XSIPOLYCLS.boeing747_material2
f 1562//4465 1558//4466 1565//4468 
usemtl Polygon_XSIPOLYCLS.boeing747_material2
f 760//6013 767//6014 770//6015 
usemtl boeing747_material1
f 1883//4473 1884//4474 1882//4475 
usemtl Polygon_XSIPOLYCLS.boeing747_material2
f 1859//4476 1844//4478 1848//4479 
usemtl Polygon_XSIPOLYCLS.boeing747_material2
f 1848//4480 1844//4481 1845//4482 1849//4483 
usemtl boeing747_material1
f 1596//4484 1598//4485 1597//4486 
usemtl boeing747_material1
f 780//6009 763//6010 759//6011 
usemtl boeing747_material1
f 1883//4491 1882//4492 1878//4493 
usemtl Polygon_XSIPOLYCLS.boeing747_material2
f 1859//4494 1848//4496 1852//4497 
usemtl Polygon_XSIPOLYCLS.boeing747_material2
f 1852//4498 1848//4499 1849//4500 1853//4501 
usemtl Polygon_XSIPOLYCLS.boeing747_material2
f 1497//4502 1502//4504 1506//4505 
usemtl boeing747_material1
f 542//1199 564//1198 735//1197 
usemtl boeing747_material1
f 1883//4510 1878//4511 1874//4512 
usemtl Polygon_XSIPOLYCLS.boeing747_material2
f 1859//4513 1852//4515 1856//4516 
usemtl Polygon_XSIPOLYCLS.boeing747_material2
f 1856//4517 1852//4518 1853//4519 1857//4520 
usemtl Polygon_XSIPOLYCLS.boeing747_material2
f 2256//2871 2257//2870 2258//2866 
usemtl Polygon_XSIPOLYCLS.boeing747_material2
f 1637//5995 1601//5996 1605//5997 1609//5998 1613//5999 1617//6000 1621//6001 1625//6002 1629//6003 1633//6004 
usemtl boeing747_material1
f 1883//4529 1874//4530 1870//4531 
usemtl Polygon_XSIPOLYCLS.boeing747_material2
f 1859//4532 1856//4534 1860//4535 
usemtl Polygon_XSIPOLYCLS.boeing747_material2
f 1860//4536 1856//4537 1857//4538 1861//4539 
usemtl Polygon_XSIPOLYCLS.boeing747_material2
f 2232//3314 2233//3315 2235//3331 
usemtl Polygon_XSIPOLYCLS.boeing747_material2
f 767//5991 764//5992 765//5993 768//5994 
usemtl boeing747_material1
f 1883//4548 1870//4549 1866//4550 
usemtl Polygon_XSIPOLYCLS.boeing747_material2
f 1859//4552 1860//4553 1864//4554 
usemtl Polygon_XSIPOLYCLS.boeing747_material2
f 1864//4555 1860//4556 1861//4557 1865//4558 
usemtl Polygon_XSIPOLYCLS.boeing747_material2
f 2234//3332 2233//3333 2232//3334 
usemtl Polygon_XSIPOLYCLS.boeing747_material2
f 760//5988 764//5989 767//5990 
usemtl boeing747_material1
f 1883//4567 1866//4568 1862//4569 
usemtl Polygon_XSIPOLYCLS.boeing747_material2
f 1859//4571 1864//4572 1868//4573 
usemtl Polygon_XSIPOLYCLS.boeing747_material2
f 1868//4574 1864//4575 1865//4576 1869//4577 
usemtl boeing747_material1
f 2167//3350 2169//3351 2171//3352 2224//3353 
usemtl boeing747_material1
f 780//5984 766//5985 763//5986 
usemtl boeing747_material1
f 1883//4586 1862//4587 1858//4588 
usemtl Polygon_XSIPOLYCLS.boeing747_material2
f 1859//4590 1868//4591 1872//4592 
usemtl Polygon_XSIPOLYCLS.boeing747_material2
f 1872//4593 1868//4594 1869//4595 1873//4596 
usemtl Polygon_XSIPOLYCLS.boeing747_material2
f 2226//3369 2227//3370 2231//3371 
usemtl Polygon_XSIPOLYCLS.boeing747_material2
f 1877//5970 1873//5971 1869//5972 1865//5973 1861//5974 1857//5975 1853//5976 1849//5977 1845//5978 1881//5979 
usemtl boeing747_material1
f 1883//4605 1858//4606 1854//4607 
usemtl Polygon_XSIPOLYCLS.boeing747_material2
f 1859//4609 1872//4610 1876//4611 
usemtl Polygon_XSIPOLYCLS.boeing747_material2
f 1876//4612 1872//4613 1873//4614 1877//4615 
usemtl Polygon_XSIPOLYCLS.boeing747_material2
f 1490//4616 1486//4617 1487//4618 1491//4619 
usemtl Polygon_XSIPOLYCLS.boeing747_material2
f 764//5966 761//5967 762//5968 765//5969 
usemtl boeing747_material1
f 1883//4624 1854//4625 1879//4626 
usemtl Polygon_XSIPOLYCLS.boeing747_material2
f 1859//4628 1876//4629 1880//4630 
usemtl Polygon_XSIPOLYCLS.boeing747_material2
f 1880//4631 1876//4632 1877//4633 1881//4634 
usemtl boeing747_material1
f 1513//4635 1488//4636 1484//4637 
usemtl Polygon_XSIPOLYCLS.boeing747_material2
f 760//5963 761//5964 764//5965 
usemtl boeing747_material1
f 1925//4642 1921//4643 1926//4644 
usemtl Polygon_XSIPOLYCLS.boeing747_material2
f 1901//4645 1922//4647 1886//4648 
usemtl Polygon_XSIPOLYCLS.boeing747_material2
f 1886//4649 1922//4650 1923//4651 1887//4652 
usemtl Polygon_XSIPOLYCLS.boeing747_material2
f 1497//4653 1478//4655 1482//4656 
usemtl boeing747_material1
f 780//5959 769//5960 766//5961 
usemtl boeing747_material1
f 1925//4661 1926//4662 1924//4663 
usemtl Polygon_XSIPOLYCLS.boeing747_material2
f 1901//4664 1886//4666 1890//4667 
usemtl Polygon_XSIPOLYCLS.boeing747_material2
f 1890//4668 1886//4669 1887//4670 1891//4671 
usemtl boeing747_material1
f 1513//4672 1512//4673 1508//4674 
usemtl Polygon_XSIPOLYCLS.boeing747_material2
f 1919//5945 1915//5946 1911//5947 1907//5948 1903//5949 1899//5950 1895//5951 1891//5952 1887//5953 1923//5954 
usemtl boeing747_material1
f 1925//4679 1924//4680 1920//4681 
usemtl Polygon_XSIPOLYCLS.boeing747_material2
f 1901//4682 1890//4684 1894//4685 
usemtl Polygon_XSIPOLYCLS.boeing747_material2
f 1894//4686 1890//4687 1891//4688 1895//4689 
usemtl Polygon_XSIPOLYCLS.boeing747_material2
f 761//5941 757//5942 758//5943 762//5944 
usemtl Polygon_XSIPOLYCLS.boeing747_material2
f 760//5937 757//5939 761//5940 
usemtl boeing747_material1
f 1925//4698 1920//4699 1916//4700 
usemtl Polygon_XSIPOLYCLS.boeing747_material2
f 1901//4701 1894//4703 1898//4704 
usemtl Polygon_XSIPOLYCLS.boeing747_material2
f 1898//4705 1894//4706 1895//4707 1899//4708 
usemtl boeing747_material1
f 1338//706 396//705 412//701 398//700 
usemtl boeing747_material1
f 780//5934 772//5935 769//5936 
usemtl boeing747_material1
f 1925//4717 1916//4718 1912//4719 
usemtl Polygon_XSIPOLYCLS.boeing747_material2
f 1901//4720 1898//4722 1902//4723 
usemtl Polygon_XSIPOLYCLS.boeing747_material2
f 1902//4724 1898//4725 1899//4726 1903//4727 
usemtl Polygon_XSIPOLYCLS.boeing747_material2
f 1478//4728 1474//4729 1475//4730 1479//4731 
usemtl Polygon_XSIPOLYCLS.boeing747_material2
f 1965//5920 1929//5921 1933//5922 1937//5923 1941//5924 1945//5925 1949//5926 1953//5927 1957//5928 1961//5929 
usemtl boeing747_material1
f 1925//4736 1912//4737 1908//4738 
usemtl Polygon_XSIPOLYCLS.boeing747_material2
f 1901//4740 1902//4741 1906//4742 
usemtl Polygon_XSIPOLYCLS.boeing747_material2
f 1906//4743 1902//4744 1903//4745 1907//4746 
usemtl Polygon_XSIPOLYCLS.boeing747_material2
f 1497//4748 1474//4749 1478//4750 
usemtl Polygon_XSIPOLYCLS.boeing747_material2
f 757//5916 1390//5917 1389//5918 758//5919 
usemtl boeing747_material1
f 1925//4755 1908//4756 1904//4757 
usemtl Polygon_XSIPOLYCLS.boeing747_material2
f 1901//4759 1906//4760 1910//4761 
usemtl Polygon_XSIPOLYCLS.boeing747_material2
f 1910//4762 1906//4763 1907//4764 1911//4765 
usemtl boeing747_material1
f 1513//4766 1514//4767 1512//4768 
usemtl Polygon_XSIPOLYCLS.boeing747_material2
f 760//5912 1390//5914 757//5915 
usemtl boeing747_material1
f 1925//4773 1904//4774 1900//4775 
usemtl Polygon_XSIPOLYCLS.boeing747_material2
f 1901//4777 1910//4778 1914//4779 
usemtl Polygon_XSIPOLYCLS.boeing747_material2
f 1914//4780 1910//4781 1911//4782 1915//4783 
usemtl boeing747_material1
f 1375//4959 1451//4960 1455//4961 
usemtl boeing747_material1
f 780//5909 775//5910 772//5911 
usemtl boeing747_material1
f 1925//4792 1900//4793 1896//4794 
usemtl Polygon_XSIPOLYCLS.boeing747_material2
f 1901//4796 1914//4797 1918//4798 
usemtl Polygon_XSIPOLYCLS.boeing747_material2
f 1918//4799 1914//4800 1915//4801 1919//4802 
usemtl Polygon_XSIPOLYCLS.boeing747_material2
f 1486//4803 1482//4804 1483//4805 1487//4806 
usemtl Polygon_XSIPOLYCLS.boeing747_material2
f 2007//5895 1971//5896 1975//5897 1979//5898 1983//5899 1987//5900 1991//5901 1995//5902 1999//5903 2003//5904 
usemtl boeing747_material1
f 1925//4811 1896//4812 1921//4813 
usemtl Polygon_XSIPOLYCLS.boeing747_material2
f 1901//4815 1918//4816 1922//4817 
usemtl Polygon_XSIPOLYCLS.boeing747_material2
f 1922//4818 1918//4819 1919//4820 1923//4821 
usemtl Polygon_XSIPOLYCLS.boeing747_material2
f 1497//4822 1482//4824 1486//4825 
usemtl Polygon_XSIPOLYCLS.boeing747_material2
f 1390//5891 1393//5892 1392//5893 1389//5894 
usemtl boeing747_material1
f 1968//4830 1963//4831 1967//4832 
usemtl Polygon_XSIPOLYCLS.boeing747_material2
f 1928//4833 1964//4834 1930//4835 
usemtl Polygon_XSIPOLYCLS.boeing747_material2
f 1929//4837 1965//4838 1964//4839 1928//4840 
usemtl boeing747_material1
f 1513//4841 1508//4842 1504//4843 
usemtl Polygon_XSIPOLYCLS.boeing747_material2
f 760//5887 1393//5889 1390//5890 
usemtl boeing747_material1
f 1966//4848 1968//4849 1967//4850 
usemtl Polygon_XSIPOLYCLS.boeing747_material2
f 1932//4851 1928//4852 1930//4853 
usemtl Polygon_XSIPOLYCLS.boeing747_material2
f 1933//4855 1929//4856 1928//4857 1932//4858 
usemtl boeing747_material1
f 780//5884 779//5885 775//5886 
usemtl Polygon_XSIPOLYCLS.boeing747_material2
f 1754//5870 1981//5871 1969//5872 1951//5873 1939//5874 1927//5875 1816//5876 1804//5877 1788//5878 1774//5879 
usemtl boeing747_material1
f 1962//4867 1966//4868 1967//4869 
usemtl Polygon_XSIPOLYCLS.boeing747_material2
f 1936//4870 1932//4871 1930//4872 
usemtl Polygon_XSIPOLYCLS.boeing747_material2
f 1937//4874 1933//4875 1932//4876 1936//4877 
usemtl Polygon_XSIPOLYCLS.boeing747_material2
f 2137//5749 2135//5757 2132//5768 2143//5787 
usemtl Polygon_XSIPOLYCLS.boeing747_material2
f 1393//5866 1395//5867 1394//5868 1392//5869 
usemtl boeing747_material1
f 1958//4886 1962//4887 1967//4888 
usemtl Polygon_XSIPOLYCLS.boeing747_material2
f 1940//4889 1936//4890 1930//4891 
usemtl Polygon_XSIPOLYCLS.boeing747_material2
f 1941//4893 1937//4894 1936//4895 1940//4896 
usemtl Polygon_XSIPOLYCLS.boeing747_material2
f 1482//4897 1478//4898 1479//4899 1483//4900 
usemtl Polygon_XSIPOLYCLS.boeing747_material2
f 760//5862 1395//5864 1393//5865 
usemtl boeing747_material1
f 1954//4905 1958//4906 1967//4907 
usemtl Polygon_XSIPOLYCLS.boeing747_material2
f 1944//4908 1940//4909 1930//4910 
usemtl Polygon_XSIPOLYCLS.boeing747_material2
f 1945//4912 1941//4913 1940//4914 1944//4915 
usemtl boeing747_material1
f 780//5859 781//5860 779//5861 
usemtl Polygon_XSIPOLYCLS.boeing747_material2
f 1577//5845 1732//5846 1720//5847 1708//5848 1690//5849 1678//5850 1666//5851 1627//5852 1615//5853 1603//5854 
usemtl boeing747_material1
f 1950//4924 1954//4925 1967//4926 
usemtl Polygon_XSIPOLYCLS.boeing747_material2
f 1948//4927 1944//4928 1930//4930 
usemtl Polygon_XSIPOLYCLS.boeing747_material2
f 1949//4931 1945//4932 1944//4933 1948//4934 
usemtl boeing747_material1
f 2166//5913 2225//5938 270//5962 2165//5396 
usemtl Polygon_XSIPOLYCLS.boeing747_material2
f 1395//5841 777//5842 778//5843 1394//5844 
usemtl boeing747_material1
f 1946//4943 1950//4944 1967//4945 
usemtl Polygon_XSIPOLYCLS.boeing747_material2
f 1952//4946 1948//4947 1930//4949 
usemtl Polygon_XSIPOLYCLS.boeing747_material2
f 1953//4950 1949//4951 1948//4952 1952//4953 
usemtl Polygon_XSIPOLYCLS.boeing747_material2
f 1474//4954 1510//4955 1511//4956 1475//4957 
usemtl Polygon_XSIPOLYCLS.boeing747_material2
f 760//5837 777//5839 1395//5840 
usemtl boeing747_material1
f 1942//4962 1946//4963 1967//4964 
usemtl Polygon_XSIPOLYCLS.boeing747_material2
f 1956//4965 1952//4966 1930//4968 
usemtl Polygon_XSIPOLYCLS.boeing747_material2
f 1957//4969 1953//4970 1952//4971 1956//4972 
usemtl Polygon_XSIPOLYCLS.boeing747_material2
f 1497//4973 1510//4975 1474//4976 
usemtl boeing747_material1
f 780//5834 776//5835 781//5836 
usemtl boeing747_material1
f 1938//4981 1942//4982 1967//4983 
usemtl Polygon_XSIPOLYCLS.boeing747_material2
f 1960//4984 1956//4985 1930//4987 
usemtl Polygon_XSIPOLYCLS.boeing747_material2
f 1961//4988 1957//4989 1956//4990 1960//4991 
usemtl boeing747_material1
f 1513//4992 1509//4993 1514//4994 
usemtl Polygon_XSIPOLYCLS.boeing747_material2
f 1403//5820 1406//5821 1473//5822 1481//5823 1493//5824 1518//5825 1531//5826 1543//5827 1557//5828 1399//5829 
usemtl boeing747_material1
f 1963//4999 1938//5000 1967//5001 
usemtl Polygon_XSIPOLYCLS.boeing747_material2
f 1964//5002 1960//5003 1930//5005 
usemtl Polygon_XSIPOLYCLS.boeing747_material2
f 1965//5006 1961//5007 1960//5008 1964//5009 
usemtl boeing747_material1
f 1469//5010 1471//5011 1472//5012 
usemtl Polygon_XSIPOLYCLS.boeing747_material2
f 1400//5816 1404//5817 1403//5818 1399//5819 
usemtl boeing747_material1
f 2010//5017 2005//5018 2009//5019 
usemtl Polygon_XSIPOLYCLS.boeing747_material2
f 1970//5020 2006//5021 1972//5022 
usemtl Polygon_XSIPOLYCLS.boeing747_material2
f 1971//5024 2007//5025 2006//5026 1970//5027 
usemtl boeing747_material1
f 1471//5028 1469//5029 1468//5030 1470//5031 
usemtl Polygon_XSIPOLYCLS.boeing747_material2
f 1505//5813 1404//5814 1400//5815 
usemtl boeing747_material1
f 2008//5036 2010//5037 2009//5038 
usemtl Polygon_XSIPOLYCLS.boeing747_material2
f 1974//5039 1970//5040 1972//5041 
usemtl Polygon_XSIPOLYCLS.boeing747_material2
f 1975//5043 1971//5044 1970//5045 1974//5046 
usemtl boeing747_material1
f 1467//5047 1469//5048 1472//5049 
usemtl boeing747_material1
f 1397//5809 1527//5810 1401//5811 
usemtl boeing747_material1
f 2004//5054 2008//5055 2009//5056 
usemtl Polygon_XSIPOLYCLS.boeing747_material2
f 1978//5057 1974//5058 1972//5059 
usemtl Polygon_XSIPOLYCLS.boeing747_material2
f 1979//5061 1975//5062 1974//5063 1978//5064 
usemtl boeing747_material1
f 1469//5065 1467//5066 1466//5067 1468//5068 
usemtl Polygon_XSIPOLYCLS.boeing747_material2
f 774//5795 771//5796 768//5797 765//5798 762//5799 758//5800 1389//5801 1392//5802 1394//5803 778//5804 
usemtl boeing747_material1
f 2000//5073 2004//5074 2009//5075 
usemtl Polygon_XSIPOLYCLS.boeing747_material2
f 1982//5076 1978//5077 1972//5078 
usemtl Polygon_XSIPOLYCLS.boeing747_material2
f 1983//5080 1979//5081 1978//5082 1982//5083 
usemtl boeing747_material1
f 1465//5084 1467//5085 1472//5086 
usemtl Polygon_XSIPOLYCLS.boeing747_material2
f 1404//5791 1407//5792 1406//5793 1403//5794 
usemtl boeing747_material1
f 1996//5091 2000//5092 2009//5093 
usemtl Polygon_XSIPOLYCLS.boeing747_material2
f 1986//5094 1982//5095 1972//5096 
usemtl Polygon_XSIPOLYCLS.boeing747_material2
f 1987//5098 1983//5099 1982//5100 1986//5101 
usemtl boeing747_material1
f 1467//5102 1465//5103 1464//5104 1466//5105 
usemtl Polygon_XSIPOLYCLS.boeing747_material2
f 1505//5788 1407//5789 1404//5790 
usemtl boeing747_material1
f 1992//5110 1996//5111 2009//5112 
usemtl Polygon_XSIPOLYCLS.boeing747_material2
f 1990//5113 1986//5114 1972//5116 
usemtl Polygon_XSIPOLYCLS.boeing747_material2
f 1991//5117 1987//5118 1986//5119 1990//5120 
usemtl boeing747_material1
f 1463//5121 1465//5122 1472//5123 
usemtl boeing747_material1
f 1397//5784 1515//5785 1527//5786 
usemtl boeing747_material1
f 1988//5128 1992//5129 2009//5130 
usemtl Polygon_XSIPOLYCLS.boeing747_material2
f 1994//5131 1990//5132 1972//5134 
usemtl Polygon_XSIPOLYCLS.boeing747_material2
f 1995//5135 1991//5136 1990//5137 1994//5138 
usemtl boeing747_material1
f 1465//5139 1463//5140 1462//5141 1464//5142 
usemtl Polygon_XSIPOLYCLS.boeing747_material2
f 1407//5772 1476//5773 1473//5774 1406//5775 
usemtl boeing747_material1
f 1984//5147 1988//5148 2009//5149 
usemtl Polygon_XSIPOLYCLS.boeing747_material2
f 1998//5150 1994//5151 1972//5153 
usemtl Polygon_XSIPOLYCLS.boeing747_material2
f 1999//5154 1995//5155 1994//5156 1998//5157 
usemtl boeing747_material1
f 1254//3560 1380//3561 1232//2812 1233//2813 
usemtl Polygon_XSIPOLYCLS.boeing747_material2
f 1505//5769 1476//5770 1407//5771 
usemtl boeing747_material1
f 1980//5166 1984//5167 2009//5168 
usemtl Polygon_XSIPOLYCLS.boeing747_material2
f 2002//5169 1998//5170 1972//5172 
usemtl Polygon_XSIPOLYCLS.boeing747_material2
f 2003//5173 1999//5174 1998//5175 2002//5176 
usemtl Polygon_XSIPOLYCLS.boeing747_material2
f 1502//5177 1498//5178 1499//5179 1503//5180 
usemtl boeing747_material1
f 1397//5765 1489//5766 1515//5767 
usemtl boeing747_material1
f 2005//5185 1980//5186 2009//5187 
usemtl Polygon_XSIPOLYCLS.boeing747_material2
f 2006//5188 2002//5189 1972//5191 
usemtl Polygon_XSIPOLYCLS.boeing747_material2
f 2007//5192 2003//5193 2002//5194 2006//5195 
usemtl Polygon_XSIPOLYCLS.boeing747_material2
f 1497//5197 1498//5198 1502//5199 
usemtl Polygon_XSIPOLYCLS.boeing747_material2
f 1497//5758 1506//5759 1510//5760 
usemtl boeing747_material1
f 2011//5204 1997//5205 1993//5206 2012//5207 
usemtl boeing747_material1
f 1989//5208 2012//5209 1993//5210 
usemtl boeing747_material1
f 2013//5211 2011//5212 2012//5213 2014//5214 
usemtl boeing747_material1
f 1989//5215 2014//5216 2012//5217 
usemtl boeing747_material1
f 2015//5218 2013//5219 2014//5220 2016//5221 
usemtl boeing747_material1
f 1989//5222 2016//5223 2014//5224 
usemtl boeing747_material1
f 2017//5225 2015//5226 2016//5227 2018//5228 
usemtl boeing747_material1
f 1989//5229 2018//5230 2016//5231 
usemtl boeing747_material1
f 2019//5232 2017//5233 2018//5234 2020//5235 
usemtl boeing747_material1
f 1989//5236 2020//5237 2018//5238 
usemtl boeing747_material1
f 2021//5239 2019//5240 2020//5241 2022//5242 
usemtl boeing747_material1
f 1989//5243 2022//5244 2020//5245 
usemtl boeing747_material1
f 2023//5246 2021//5247 2022//5248 2001//5249 
usemtl boeing747_material1
f 1989//5250 2001//5251 2022//5252 
usemtl boeing747_material1
f 1997//5253 2023//5254 2001//5255 1993//5256 
usemtl boeing747_material1
f 1989//5257 1993//5258 2001//5259 
usemtl boeing747_material1
f 1745//5260 1766//5261 1746//5262 
usemtl Polygon_XSIPOLYCLS.boeing747_material2
f 1985//5263 1762//5264 1977//5265 
usemtl Polygon_XSIPOLYCLS.boeing747_material2
f 1981//5267 1754//5268 1762//5269 1985//5270 
usemtl boeing747_material1
f 1513//5271 1492//5272 1488//5273 
usemtl Polygon_XSIPOLYCLS.boeing747_material2
f 1476//5753 1485//5754 1481//5755 1473//5756 
usemtl boeing747_material1
f 1750//5278 1745//5279 1746//5280 
usemtl Polygon_XSIPOLYCLS.boeing747_material2
f 1973//5281 1985//5282 1977//5283 
usemtl Polygon_XSIPOLYCLS.boeing747_material2
f 1969//5285 1981//5286 1985//5287 1973//5288 
usemtl Polygon_XSIPOLYCLS.boeing747_material2
f 1505//5750 1485//5751 1476//5752 
usemtl boeing747_material1
f 1397//5746 1477//5747 1489//5748 
usemtl boeing747_material1
f 1770//5297 1750//5298 1746//5299 
usemtl Polygon_XSIPOLYCLS.boeing747_material2
f 1955//5300 1973//5301 1977//5302 
usemtl Polygon_XSIPOLYCLS.boeing747_material2
f 1951//5304 1969//5305 1973//5306 1955//5307 
usemtl boeing747_material1
f 800//3217 801//3218 1420//3219 
usemtl Polygon_XSIPOLYCLS.boeing747_material2
f 1510//5738 1506//5739 1507//5740 1511//5741 
usemtl boeing747_material1
f 1787//5316 1770//5317 1746//5318 
usemtl Polygon_XSIPOLYCLS.boeing747_material2
f 1943//5319 1955//5320 1977//5321 
usemtl Polygon_XSIPOLYCLS.boeing747_material2
f 1939//5323 1951//5324 1955//5325 1943//5326 
usemtl Polygon_XSIPOLYCLS.boeing747_material2
f 1498//5327 1494//5328 1495//5329 1499//5330 
usemtl Polygon_XSIPOLYCLS.boeing747_material2
f 1485//5734 1501//5735 1493//5736 1481//5737 
usemtl boeing747_material1
f 1796//5335 1787//5336 1746//5337 
usemtl Polygon_XSIPOLYCLS.boeing747_material2
f 1931//5338 1943//5339 1977//5340 
usemtl Polygon_XSIPOLYCLS.boeing747_material2
f 1927//5342 1939//5343 1943//5344 1931//5345 
usemtl boeing747_material1
f 823//5346 1383//5347 1892//5348 1385//5349 
usemtl Polygon_XSIPOLYCLS.boeing747_material2
f 1505//5731 1501//5732 1485//5733 
usemtl boeing747_material1
f 1812//5354 1796//5355 1746//5356 
usemtl Polygon_XSIPOLYCLS.boeing747_material2
f 1913//5357 1931//5358 1977//5360 
usemtl Polygon_XSIPOLYCLS.boeing747_material2
f 1816//5361 1927//5362 1931//5363 1913//5364 
usemtl boeing747_material1
f 1382//5365 820//5366 1384//5367 1934//5368 
usemtl boeing747_material1
f 1397//5727 1408//5728 1477//5729 
usemtl boeing747_material1
f 1917//5373 1812//5374 1746//5375 
usemtl Polygon_XSIPOLYCLS.boeing747_material2
f 1808//5376 1913//5377 1977//5379 
usemtl Polygon_XSIPOLYCLS.boeing747_material2
f 1804//5380 1816//5381 1913//5382 1808//5383 
usemtl boeing747_material1
f 1436//5384 1385//5385 1892//5386 
usemtl boeing747_material1
f 1421//3220 1376//3520 1239//3521 
usemtl boeing747_material1
f 1935//5391 1917//5392 1746//5393 
usemtl Polygon_XSIPOLYCLS.boeing747_material2
f 1792//5394 1808//5395 1977//5397 
usemtl Polygon_XSIPOLYCLS.boeing747_material2
f 1788//5398 1804//5399 1808//5400 1792//5401 
usemtl boeing747_material1
f 1436//5402 1934//5403 1384//5404 
usemtl Polygon_XSIPOLYCLS.boeing747_material2
f 1501//5715 1523//5716 1518//5717 1493//5718 
usemtl boeing747_material1
f 1947//5409 1935//5410 1746//5411 
usemtl Polygon_XSIPOLYCLS.boeing747_material2
f 1784//5412 1792//5413 1977//5415 
usemtl Polygon_XSIPOLYCLS.boeing747_material2
f 1774//5416 1788//5417 1792//5418 1784//5419 
usemtl boeing747_material1
f 1383//5420 1976//5421 784//5422 1892//5423 
usemtl Polygon_XSIPOLYCLS.boeing747_material2
f 1505//5711 1523//5713 1501//5714 
usemtl boeing747_material1
f 1766//5428 1947//5429 1746//5430 
usemtl Polygon_XSIPOLYCLS.boeing747_material2
f 1762//5431 1784//5432 1977//5434 
usemtl Polygon_XSIPOLYCLS.boeing747_material2
f 1754//5435 1774//5436 1784//5437 1762//5438 
usemtl boeing747_material1
f 1438//5439 1382//5440 1934//5441 789//5442 
usemtl boeing747_material1
f 1397//5708 1405//5709 1408//5710 
usemtl boeing747_material1
f 1561//5447 1585//5448 1569//5449 
usemtl Polygon_XSIPOLYCLS.boeing747_material2
f 1742//5450 1581//5451 1728//5452 
usemtl Polygon_XSIPOLYCLS.boeing747_material2
f 1732//5454 1577//5455 1581//5456 1742//5457 
usemtl boeing747_material1
f 1436//5458 1892//5459 784//5460 
usemtl Polygon_XSIPOLYCLS.boeing747_material2
f 1523//5696 1535//5697 1531//5698 1518//5699 
usemtl boeing747_material1
f 1573//5465 1561//5466 1569//5467 
usemtl Polygon_XSIPOLYCLS.boeing747_material2
f 1724//5468 1742//5469 1728//5470 
usemtl Polygon_XSIPOLYCLS.boeing747_material2
f 1720//5472 1732//5473 1742//5474 1724//5475 
usemtl boeing747_material1
f 1436//5476 789//5477 1934//5478 
usemtl Polygon_XSIPOLYCLS.boeing747_material2
f 1505//5692 1535//5694 1523//5695 
usemtl boeing747_material1
f 1599//5483 1573//5484 1569//5485 
usemtl Polygon_XSIPOLYCLS.boeing747_material2
f 1712//5486 1724//5487 1728//5488 
usemtl Polygon_XSIPOLYCLS.boeing747_material2
f 1708//5490 1720//5491 1724//5492 1712//5493 
usemtl boeing747_material1
f 1976//5494 1438//5495 789//5496 784//5497 
usemtl boeing747_material1
f 1397//5689 1402//5690 1405//5691 
usemtl boeing747_material1
f 1611//5502 1599//5503 1569//5504 
usemtl Polygon_XSIPOLYCLS.boeing747_material2
f 1700//5505 1712//5506 1728//5507 
usemtl Polygon_XSIPOLYCLS.boeing747_material2
f 1690//5509 1708//5510 1712//5511 1700//5512 
usemtl boeing747_material1
f 1436//5513 784//5514 789//5515 
usemtl boeing747_material1
f 1555//5682 1551//5683 1556//5684 
usemtl boeing747_material1
f 1623//5520 1611//5521 1569//5522 
usemtl Polygon_XSIPOLYCLS.boeing747_material2
f 1682//5523 1700//5524 1728//5525 
usemtl Polygon_XSIPOLYCLS.boeing747_material2
f 1678//5527 1690//5528 1700//5529 1682//5530 
usemtl boeing747_material1
f 2230//3372 2179//3388 2180//3389 2229//3390 
usemtl Polygon_XSIPOLYCLS.boeing747_material2
f 1535//5678 1547//5679 1543//5680 1531//5681 
usemtl boeing747_material1
f 1662//5539 1623//5540 1569//5541 
usemtl Polygon_XSIPOLYCLS.boeing747_material2
f 1670//5542 1682//5543 1728//5545 
usemtl Polygon_XSIPOLYCLS.boeing747_material2
f 1666//5546 1678//5547 1682//5548 1670//5549 
usemtl Polygon_XSIPOLYCLS.boeing747_material2
f 1505//5674 1547//5676 1535//5677 
usemtl boeing747_material1
f 1397//5671 1398//5672 1402//5673 
usemtl boeing747_material1
f 1674//5558 1662//5559 1569//5560 
usemtl Polygon_XSIPOLYCLS.boeing747_material2
f 1658//5561 1670//5562 1728//5564 
usemtl Polygon_XSIPOLYCLS.boeing747_material2
f 1627//5565 1666//5566 1670//5567 1658//5568 
usemtl Polygon_XSIPOLYCLS.boeing747_material2
f 2273//4217 2274//4218 2276//2816 
usemtl Polygon_XSIPOLYCLS.boeing747_material2
f 1519//5663 1552//5665 1516//5666 
usemtl boeing747_material1
f 1686//5577 1674//5578 1569//5579 
usemtl Polygon_XSIPOLYCLS.boeing747_material2
f 1619//5580 1658//5581 1728//5583 
usemtl Polygon_XSIPOLYCLS.boeing747_material2
f 1615//5584 1627//5585 1658//5586 1619//5587 
usemtl boeing747_material1
f 1378//3935 814//3936 1433//4121 786//4122 
usemtl Polygon_XSIPOLYCLS.boeing747_material2
f 1547//5659 1560//5660 1557//5661 1543//5662 
usemtl boeing747_material1
f 1704//5596 1686//5597 1569//5598 
usemtl Polygon_XSIPOLYCLS.boeing747_material2
f 1607//5599 1619//5600 1728//5602 
usemtl Polygon_XSIPOLYCLS.boeing747_material2
f 1603//5603 1615//5604 1619//5605 1607//5606 
usemtl Polygon_XSIPOLYCLS.boeing747_material2
f 1516//5607 1552//5608 1553//5609 1517//5610 
usemtl Polygon_XSIPOLYCLS.boeing747_material2
f 1505//5655 1560//5657 1547//5658 
usemtl boeing747_material1
f 1585//5615 1704//5616 1569//5617 
usemtl Polygon_XSIPOLYCLS.boeing747_material2
f 1581//5618 1607//5619 1728//5621 
usemtl Polygon_XSIPOLYCLS.boeing747_material2
f 1577//5622 1603//5623 1607//5624 1581//5625 
usemtl Polygon_XSIPOLYCLS.boeing747_material2
f 1497//5626 1486//5628 1490//5629 
usemtl boeing747_material1
f 1397//5652 1396//5653 1398//5654 
usemtl boeing747_material1
f 1397//5634 1401//5635 1396//5636 
usemtl Polygon_XSIPOLYCLS.boeing747_material2
f 1505//5637 1400//5639 1560//5640 
usemtl Polygon_XSIPOLYCLS.boeing747_material2
f 1560//5641 1400//5642 1399//5643 1557//5644 
usemtl boeing747_material1
f 1513//5645 1504//5646 1500//5647 
usemtl Polygon_XSIPOLYCLS.boeing747_material2
f 2026//6139 2025//6138 2024//6137 
usemtl Polygon_XSIPOLYCLS.boeing747_material2
f 2024//6142 2025//6141 2027//6140 
usemtl Polygon_XSIPOLYCLS.boeing747_material2
f 2030//6145 2029//6144 2028//6143 
usemtl Polygon_XSIPOLYCLS.boeing747_material2
f 2028//6148 2029//6147 2031//6146 
usemtl Polygon_XSIPOLYCLS.boeing747_material2
f 2034//6151 2033//6150 2032//6149 
usemtl Polygon_XSIPOLYCLS.boeing747_material2
f 2032//6154 2033//6153 2035//6152 
usemtl Polygon_XSIPOLYCLS.boeing747_material2
f 2038//6157 2037//6156 2036//6155 
usemtl Polygon_XSIPOLYCLS.boeing747_material2
f 2036//6160 2037//6159 2039//6158 
usemtl Polygon_XSIPOLYCLS.boeing747_material2
f 2042//6163 2041//6162 2040//6161 
usemtl Polygon_XSIPOLYCLS.boeing747_material2
f 2040//6166 2041//6165 2043//6164 
usemtl Polygon_XSIPOLYCLS.boeing747_material2
f 2046//6169 2045//6168 2044//6167 
usemtl Polygon_XSIPOLYCLS.boeing747_material2
f 2044//6172 2045//6171 2047//6170 
usemtl Polygon_XSIPOLYCLS.boeing747_material2
f 2050//6175 2049//6174 2048//6173 
usemtl Polygon_XSIPOLYCLS.boeing747_material2
f 2048//6178 2049//6177 2051//6176 
usemtl Polygon_XSIPOLYCLS.boeing747_material2
f 2054//6181 2053//6180 2052//6179 
usemtl Polygon_XSIPOLYCLS.boeing747_material2
f 2052//6184 2053//6183 2055//6182 
usemtl Polygon_XSIPOLYCLS.boeing747_material2
f 2058//6187 2057//6186 2056//6185 
usemtl Polygon_XSIPOLYCLS.boeing747_material2
f 2056//6190 2057//6189 2059//6188 
usemtl Polygon_XSIPOLYCLS.boeing747_material2
f 2062//6193 2061//6192 2060//6191 
usemtl Polygon_XSIPOLYCLS.boeing747_material2
f 2060//6196 2061//6195 2063//6194 
usemtl Polygon_XSIPOLYCLS.boeing747_material2
f 2066//6199 2065//6198 2064//6197 
usemtl Polygon_XSIPOLYCLS.boeing747_material2
f 2064//6202 2065//6201 2067//6200 
usemtl Polygon_XSIPOLYCLS.boeing747_material2
f 2070//6205 2069//6204 2068//6203 
usemtl Polygon_XSIPOLYCLS.boeing747_material2
f 2068//6208 2069//6207 2071//6206 
usemtl Polygon_XSIPOLYCLS.boeing747_material2
f 2074//6211 2073//6210 2072//6209 
usemtl Polygon_XSIPOLYCLS.boeing747_material2
f 2072//6214 2073//6213 2075//6212 
usemtl Polygon_XSIPOLYCLS.boeing747_material2
f 2078//6217 2077//6216 2076//6215 
usemtl Polygon_XSIPOLYCLS.boeing747_material2
f 2076//6220 2077//6219 2079//6218 
usemtl Polygon_XSIPOLYCLS.boeing747_material2
f 2082//6223 2081//6222 2080//6221 
usemtl Polygon_XSIPOLYCLS.boeing747_material2
f 2080//6226 2081//6225 2083//6224 
usemtl Polygon_XSIPOLYCLS.boeing747_material2
f 2086//6229 2085//6228 2084//6227 
usemtl Polygon_XSIPOLYCLS.boeing747_material2
f 2084//6232 2085//6231 2087//6230 
usemtl Polygon_XSIPOLYCLS.boeing747_material2
f 2090//6235 2089//6234 2088//6233 
usemtl Polygon_XSIPOLYCLS.boeing747_material2
f 2088//6238 2089//6237 2091//6236 
usemtl Polygon_XSIPOLYCLS.boeing747_material2
f 2094//6241 2093//6240 2092//6239 
usemtl Polygon_XSIPOLYCLS.boeing747_material2
f 2092//6244 2093//6243 2095//6242 
usemtl Polygon_XSIPOLYCLS.boeing747_material2
f 2098//6247 2097//6246 2096//6245 
usemtl Polygon_XSIPOLYCLS.boeing747_material2
f 2096//6250 2097//6249 2099//6248 
usemtl Polygon_XSIPOLYCLS.boeing747_material2
f 2102//6253 2101//6252 2100//6251 
usemtl Polygon_XSIPOLYCLS.boeing747_material2
f 2100//6256 2101//6255 2103//6254 
usemtl Polygon_XSIPOLYCLS.boeing747_material2
f 2106//6259 2105//6258 2104//6257 
usemtl Polygon_XSIPOLYCLS.boeing747_material2
f 2104//6262 2105//6261 2107//6260 
usemtl Polygon_XSIPOLYCLS.boeing747_material2
f 2110//6265 2109//6264 2108//6263 
usemtl Polygon_XSIPOLYCLS.boeing747_material2
f 2108//6268 2109//6267 2111//6266 
usemtl Polygon_XSIPOLYCLS.boeing747_material2
f 2114//6271 2113//6270 2112//6269 
usemtl Polygon_XSIPOLYCLS.boeing747_material2
f 2112//6274 2113//6273 2115//6272 
usemtl Polygon_XSIPOLYCLS.boeing747_material2
f 2118//6277 2117//6276 2116//6275 
usemtl Polygon_XSIPOLYCLS.boeing747_material2
f 2116//6280 2117//6279 2119//6278 
usemtl Polygon_XSIPOLYCLS.boeing747_material2
f 2122//6283 2121//6282 2120//6281 
usemtl Polygon_XSIPOLYCLS.boeing747_material2
f 2120//6286 2121//6285 2123//6284 
usemtl Polygon_XSIPOLYCLS.boeing747_material2
f 2126//6289 2125//6288 2124//6287 
usemtl Polygon_XSIPOLYCLS.boeing747_material2
f 2124//6292 2125//6291 2127//6290 
usemtl Polygon_XSIPOLYCLS.boeing747_material2
f 2130//6295 2129//6294 2128//6293 
usemtl Polygon_XSIPOLYCLS.boeing747_material2
f 2131//2436 2128//2437 2129//2438 
usemtl boeing747_material1
f 2135//2425 2134//2426 2133//2427 2132//2428 
usemtl boeing747_material1
f 2137//2405 2136//2406 2134//2407 2135//2412 
usemtl Polygon_XSIPOLYCLS.boeing747_material2
f 2141//2367 2140//2368 2139//2369 2138//2390 
usemtl boeing747_material1
f 2137//2356 2143//2357 2142//2365 2136//2366 
usemtl Polygon_XSIPOLYCLS.boeing747_material2
f 2146//2349 2145//2354 2144//2355 
usemtl Polygon_XSIPOLYCLS.boeing747_material2
f 2140//2335 2141//2346 2148//2347 2147//2348 
usemtl boeing747_material1
f 2143//2304 2132//2305 2133//2306 2142//2333 
usemtl Polygon_XSIPOLYCLS.boeing747_material2
f 2149//2301 2144//2302 2145//2303 
usemtl Polygon_XSIPOLYCLS.boeing747_material2
f 2152//2252 2151//2253 2150//2254 
usemtl Polygon_XSIPOLYCLS.boeing747_material2
f 2150//2243 2151//2246 2153//2251 
usemtl Polygon_XSIPOLYCLS.boeing747_material2
f 2156//2225 2155//2226 2154//2227 
usemtl Polygon_XSIPOLYCLS.boeing747_material2
f 2154//2222 2155//2223 2157//2224 
usemtl boeing747_material1
f 2142//2203 2133//2204 2159//2220 2158//2221 
usemtl boeing747_material1
f 2136//2191 2161//2192 2160//2201 2134//2202 
usemtl Polygon_XSIPOLYCLS.boeing747_material2
f 2164//2188 2163//2189 2162//2190 
usemtl Polygon_XSIPOLYCLS.boeing747_material2
f 783//746 1234//779 1251//539 
#end 1780 faces
