# XSI Wavefront OBJ Export v3.0
# File Created: Tue May 19 16:14:30 2009
# XSI Version: 7.5.191.0
mtllib makeMeWalk2.mtl

o Default
# Hierarchy (from self to top father)
g Default

#begin 648 vertices
v -0.337131 -0.214233 -0.243997
v 0.337131 -0.214233 -0.243997
v 0.341798 -0.322846 0.367522
v -0.333093 -0.336950 0.348029
v -0.356821 0.138931 -0.334598
v 0.324902 0.147500 -0.334391
v 0.344935 0.143791 0.347680
v -0.352051 0.128822 0.364051
v -0.414952 -0.138422 -0.394751
v 0.389978 -0.108105 -0.396914
v 0.417655 -0.124836 0.625954
v -0.416391 -0.138712 0.622913
v 0.315271 -0.291038 0.400788
v -0.325985 -0.282988 0.418933
v 0.319961 0.105449 0.411618
v -0.324260 0.111004 0.399062
v 0.391910 -0.125164 0.635961
v -0.391628 -0.138996 0.635172
v 0.309338 -0.271977 0.604398
v -0.309338 -0.271977 0.604398
v 0.294584 0.070847 0.542302
v -0.294584 0.070847 0.542302
v 0.356979 -0.156946 0.799703
v -0.356979 -0.156946 0.799703
v -0.261720 0.137651 -0.294463
v 0.280780 0.147382 -0.290902
v 0.268969 0.135900 0.337904
v -0.271587 0.140245 0.323996
v 0.250584 0.105005 0.406531
v -0.239681 0.095560 0.406191
v -0.271587 0.093275 -0.284431
v 0.271587 0.093275 -0.284431
v 0.268843 0.089402 0.324317
v -0.268843 0.089402 0.324317
v 0.227274 0.032718 0.394285
v -0.239523 0.044792 0.392929
v 0.203910 0.022200 0.518952
v -0.194007 0.012370 0.508764
v -0.202987 0.137632 -0.334540
v 0.212854 0.147500 -0.333527
v -0.212854 0.147500 -0.304349
v -0.193120 0.083408 -0.301238
v 0.193120 0.083408 -0.301238
v 0.212854 0.147500 -0.304349
v 0.193120 0.083408 -0.347438
v -0.202987 0.093276 -0.344174
v 0.209104 0.006026 0.625008
v -0.221894 0.011517 0.618407
v 0.206051 0.063875 0.530207
v -0.290185 0.061200 0.558341
v -0.204429 0.026990 0.569036
v 0.204429 0.026989 0.569032
v -0.190714 0.083408 0.178855
v 0.193565 0.083408 0.192809
v -0.210147 0.090386 0.113999
v 0.209214 0.087625 0.128584
v -0.199666 0.041367 0.200672
v -0.197546 0.025644 0.409045
v 0.182325 0.013419 0.494948
v 0.197846 0.035113 0.214605
v -0.205918 0.090187 -0.282421
v 0.207923 0.090724 -0.272511
v -0.199525 0.190492 0.111348
v 0.200121 0.190440 0.097232
v -0.199840 0.179183 0.199158
v -0.192923 0.061027 0.250539
v 0.182325 0.067266 0.264840
v 0.189079 0.181165 0.209297
v -0.205918 0.172846 -0.262295
v 0.198019 0.172846 -0.262295
v 0.197330 0.180804 0.205937
v -0.344935 0.143791 0.347680
v -0.356754 0.139188 0.339143
v -0.345887 0.147603 0.334296
v -0.417655 -0.124836 0.625954
v -0.423273 -0.141151 0.608077
v -0.426160 -0.126988 0.613462
v -0.402402 -0.125734 0.624385
v -0.402730 -0.139653 0.624913
v -0.391910 -0.125164 0.635961
v -0.336552 0.105458 0.404410
v -0.319961 0.105449 0.411618
v -0.329956 0.095517 0.425747
v -0.341798 -0.322846 0.367522
v -0.334421 -0.340825 0.334729
v -0.346896 -0.334580 0.339881
v -0.331817 -0.293086 0.394111
v -0.315271 -0.291038 0.400788
v -0.318480 -0.296742 0.388087
v 0.333093 -0.336950 0.348029
v 0.346896 -0.334580 0.339881
v 0.334421 -0.340825 0.334729
v 0.416391 -0.138712 0.622913
v 0.426160 -0.126988 0.613462
v 0.423273 -0.141151 0.608077
v 0.402730 -0.139653 0.624913
v 0.402402 -0.125734 0.624385
v 0.391628 -0.138996 0.635172
v 0.331817 -0.293086 0.394111
v 0.325985 -0.282988 0.418933
v 0.318480 -0.296742 0.388087
v 0.352051 0.128822 0.364051
v 0.345887 0.147603 0.334296
v 0.356754 0.139188 0.339143
v 0.336552 0.105458 0.404410
v 0.324260 0.111004 0.399062
v 0.329956 0.095517 0.425747
v -0.298995 0.065631 0.550421
v 0.345976 -0.158390 0.810881
v 0.345281 -0.152126 0.815428
v 0.358113 -0.142675 0.798805
v 0.297504 -0.278945 0.599488
v 0.298233 -0.274826 0.612940
v -0.298233 -0.274826 0.612940
v -0.297504 -0.278945 0.599488
v -0.358113 -0.142675 0.798805
v -0.345976 -0.158390 0.810881
v -0.351760 -0.136299 0.798062
v -0.330032 -0.132324 0.796222
v 0.278998 0.145533 0.341814
v 0.271587 0.140245 0.323996
v 0.281394 0.149673 0.328094
v 0.255978 0.110862 0.393455
v 0.239681 0.095560 0.406191
v 0.245130 0.100599 0.391590
v -0.255978 0.110862 0.393455
v -0.250584 0.105005 0.406531
v -0.245130 0.100599 0.391590
v -0.278998 0.145533 0.341814
v -0.268969 0.135900 0.337904
v -0.281394 0.149673 0.328094
v 0.356821 0.138931 -0.334598
v 0.346266 0.147636 -0.329108
v -0.220333 0.131301 -0.345088
v 0.202987 0.137632 -0.334540
v -0.208427 0.142338 -0.339838
v 0.212854 0.137651 -0.294463
v 0.202987 0.137633 -0.304330
v 0.270048 0.147500 -0.303106
v 0.271587 0.137602 -0.284596
v 0.261720 0.137651 -0.294463
v -0.212854 0.147500 -0.333527
v -0.340247 0.131682 -0.345088
v -0.324902 0.147500 -0.334391
v -0.347206 0.142928 -0.338896
v -0.346266 0.147636 -0.329108
v -0.270048 0.147500 -0.303106
v -0.271587 0.137602 -0.284596
v -0.280780 0.147382 -0.290902
v -0.202987 0.137633 -0.304330
v -0.212854 0.137651 -0.294463
v -0.206051 0.063875 0.530207
v -0.214844 0.071731 0.536834
v -0.203658 0.057622 0.543163
v -0.205697 0.021270 0.499463
v -0.203910 0.022200 0.518952
v -0.196577 0.013037 0.494456
v -0.234291 0.036725 0.407650
v -0.227274 0.032718 0.394285
v -0.223188 0.027348 0.408119
v -0.218522 0.061540 0.553135
v 0.203658 0.057622 0.543163
v 0.214844 0.071731 0.536834
v 0.234291 0.036725 0.407650
v 0.239523 0.044792 0.392929
v 0.223188 0.027348 0.408119
v 0.205697 0.021270 0.499463
v 0.194007 0.012370 0.508764
v 0.196577 0.013037 0.494456
v -0.208816 0.066489 0.543471
v -0.305845 0.062926 0.546689
v 0.305845 0.062926 0.546689
v 0.218520 0.061530 0.553147
v 0.207291 0.027316 0.593494
v 0.194979 0.019406 0.600241
v 0.204563 0.027887 0.581412
v 0.414952 -0.138422 -0.394751
v 0.421289 -0.118418 -0.396181
v 0.425097 -0.141769 -0.377586
v 0.426171 -0.127033 -0.391308
v 0.334421 -0.218982 -0.230624
v 0.346397 -0.210909 -0.234267
v -0.346397 -0.210909 -0.234267
v -0.334421 -0.218982 -0.230624
v -0.414097 -0.133295 -0.399658
v -0.426171 -0.127033 -0.391308
v -0.425097 -0.141769 -0.377586
v -0.395862 -0.092159 -0.393502
v -0.196812 0.018411 0.607209
v -0.204563 0.027887 0.581412
v -0.194979 0.019406 0.600241
v 0.228785 0.069449 -0.359351
v 0.194890 0.080972 -0.354231
v 0.202987 0.093276 -0.344174
v -0.217256 0.059020 -0.361577
v -0.205653 0.091499 -0.351619
v -0.193120 0.083408 -0.347438
v -0.271587 0.092887 0.310223
v -0.258247 0.079192 0.321828
v -0.262975 0.083408 0.283600
v -0.259353 0.083408 0.308058
v -0.212854 0.093257 -0.294298
v -0.195932 0.083408 -0.287284
v -0.209870 0.083408 -0.284428
v -0.202987 0.093275 -0.304165
v 0.202987 0.093275 -0.304165
v 0.209870 0.083408 -0.284428
v 0.195932 0.083408 -0.287284
v 0.212854 0.093257 -0.294298
v 0.259353 0.083408 0.308058
v 0.262975 0.083408 0.283600
v 0.258247 0.079192 0.321828
v 0.271587 0.092887 0.310223
v -0.194583 0.016536 0.562822
v -0.194732 0.017607 0.576766
v 0.194732 0.017607 0.576766
v 0.194583 0.016536 0.562822
v -0.261720 0.093257 -0.294298
v -0.261720 0.083408 -0.284412
v 0.261720 0.083408 -0.284412
v 0.261720 0.093257 -0.294298
v 0.190714 0.083408 0.178855
v 0.204611 0.083408 0.184015
v -0.193565 0.083408 0.192809
v -0.204611 0.083408 0.184015
v 0.198019 0.090187 -0.282421
v 0.207859 0.083408 -0.284071
v -0.215686 0.090736 -0.272418
v -0.215859 0.083408 -0.284071
v -0.205855 0.181606 -0.251425
v -0.215736 0.171699 -0.252354
v 0.207904 0.171715 -0.252440
v 0.198049 0.181606 -0.251430
v -0.209215 0.087625 0.128581
v -0.210019 0.083408 0.122256
v -0.210100 0.180803 0.098578
v -0.209026 0.180903 0.113129
v -0.200282 0.190440 0.097218
v -0.201709 0.148448 0.214789
v -0.190047 0.188983 0.197626
v -0.189079 0.181165 0.209297
v -0.197846 0.035113 0.214605
v -0.198922 0.028569 0.207754
v -0.182325 0.013419 0.494948
v -0.191734 0.011829 0.501741
v -0.182799 0.076278 0.254135
v -0.182325 0.067266 0.264840
v 0.197546 0.025644 0.409045
v 0.191734 0.011829 0.501741
v 0.182799 0.076278 0.254135
v 0.192923 0.061027 0.250539
v 0.199666 0.041367 0.200672
v 0.198922 0.028569 0.207754
v 0.209972 0.090386 0.113994
v 0.210019 0.083408 0.122256
v 0.209025 0.180903 0.113133
v 0.209989 0.180808 0.098573
v 0.199525 0.190492 0.111348
v 0.199840 0.179183 0.199158
v 0.190047 0.188983 0.197626
v 0.201709 0.148448 0.214789
v -0.423599 -0.126343 0.621716
v -0.355659 0.134837 0.352642
v -0.403752 -0.132590 0.627942
v -0.417588 -0.132511 0.627715
v -0.332671 0.099540 0.414668
v -0.396075 -0.124713 0.628295
v -0.348975 0.137673 0.355364
v -0.333805 0.113966 0.393594
v -0.344814 -0.331279 0.353314
v -0.421726 -0.141193 0.617501
v -0.326221 -0.297871 0.387680
v -0.337161 -0.328624 0.357963
v -0.395888 -0.138675 0.627630
v -0.328657 -0.285565 0.407039
v 0.421715 -0.141219 0.617465
v 0.344807 -0.331295 0.353293
v 0.404026 -0.132615 0.627936
v 0.417909 -0.132541 0.627709
v 0.328682 -0.285510 0.407121
v 0.395886 -0.138679 0.627624
v 0.337808 -0.330396 0.356197
v 0.330648 -0.310001 0.375595
v 0.355657 0.134843 0.352636
v 0.423599 -0.126340 0.621714
v 0.331744 0.110690 0.398705
v 0.348409 0.136773 0.356767
v 0.396074 -0.124707 0.628290
v 0.332669 0.099549 0.414659
v 0.358435 -0.150275 0.802825
v 0.392792 -0.132387 0.639039
v 0.305433 -0.272422 0.612996
v 0.352717 -0.157955 0.807516
v 0.321414 -0.288449 0.408971
v 0.304504 -0.277039 0.597813
v -0.304504 -0.277039 0.597807
v -0.321414 -0.288449 0.408965
v -0.352717 -0.157954 0.807517
v -0.305430 -0.272429 0.612984
v -0.392878 -0.132341 0.638631
v -0.358372 -0.150309 0.803126
v 0.280818 0.148371 0.335195
v 0.345599 0.146511 0.341259
v 0.248921 0.108205 0.392019
v 0.271925 0.142672 0.340254
v 0.321781 0.107801 0.405121
v 0.253263 0.107518 0.399861
v -0.253263 0.107518 0.399861
v -0.321781 0.107801 0.405121
v -0.271922 0.142666 0.340262
v -0.248917 0.108200 0.392028
v -0.345599 0.146511 0.341259
v -0.280819 0.148371 0.335195
v 0.212925 0.144857 -0.340359
v 0.340254 0.131682 -0.345088
v 0.205958 0.144529 -0.304428
v 0.205958 0.144529 -0.333382
v 0.261539 0.144534 -0.297080
v 0.212854 0.144534 -0.297455
v 0.337649 0.147541 -0.332849
v 0.279574 0.147464 -0.299294
v -0.337227 0.144835 -0.340631
v 0.347232 0.142935 -0.338902
v -0.279574 0.147464 -0.299294
v -0.337649 0.147541 -0.332849
v -0.212854 0.144534 -0.297455
v -0.261782 0.144534 -0.297080
v -0.205958 0.144529 -0.333383
v -0.205958 0.144529 -0.304428
v -0.208508 0.069425 0.534329
v -0.243541 0.102178 0.406189
v -0.204405 0.021521 0.508897
v -0.204326 0.061242 0.537027
v -0.230329 0.030172 0.407978
v -0.203157 0.015538 0.495830
v -0.242207 0.097109 0.398998
v -0.236613 0.040398 0.400368
v 0.243540 0.102178 0.406190
v 0.208507 0.069424 0.534334
v 0.236614 0.040403 0.400367
v 0.242208 0.097115 0.398998
v 0.203157 0.015538 0.495829
v 0.230329 0.030172 0.407978
v 0.204326 0.061242 0.537027
v 0.204405 0.021514 0.508893
v -0.301658 0.069177 0.541156
v -0.325787 0.101968 0.417866
v -0.213773 0.068985 0.543409
v 0.208818 0.066466 0.543501
v 0.293932 0.068289 0.548863
v 0.290189 0.061203 0.558337
v 0.325806 0.101994 0.417768
v 0.301683 0.069210 0.541031
v -0.301447 0.062223 0.554873
v 0.298991 0.065638 0.550417
v 0.351768 -0.136331 0.798101
v -0.211265 0.013276 0.615008
v -0.342227 -0.136167 0.799494
v 0.206551 0.062971 0.547380
v 0.352949 -0.149114 0.811904
v 0.218207 0.005418 0.625818
v -0.297413 -0.277531 0.606400
v 0.297413 -0.277531 0.606400
v 0.316503 -0.292937 0.393992
v -0.316503 -0.292937 0.393992
v -0.345281 -0.152126 0.815428
v 0.210440 0.014228 0.613847
v 0.344508 -0.212156 -0.243207
v 0.421647 -0.139430 -0.389583
v -0.334981 -0.216962 -0.237386
v 0.334981 -0.216962 -0.237386
v -0.421633 -0.139443 -0.389556
v -0.344461 -0.212202 -0.243115
v 0.414097 -0.133295 -0.399658
v 0.220333 0.131295 -0.345090
v 0.334021 -0.340324 0.341825
v -0.334021 -0.340324 0.341825
v 0.344130 -0.138374 0.802130
v 0.196812 0.018411 0.607209
v -0.351000 -0.146736 0.809278
v -0.219910 0.003481 0.628214
v 0.202555 0.083971 -0.353602
v 0.395891 -0.103133 -0.395850
v 0.208428 0.142326 -0.339842
v 0.205653 0.091415 -0.351637
v -0.411019 -0.118414 -0.397799
v 0.353911 0.138735 -0.341442
v -0.202560 0.083975 -0.353601
v -0.395891 -0.103133 -0.395851
v -0.211935 0.074883 -0.357406
v -0.194890 0.080972 -0.354231
v 0.411018 -0.118416 -0.397798
v -0.421302 -0.118466 -0.396191
v 0.211934 0.074881 -0.357406
v -0.205960 0.137979 -0.341513
v -0.343154 -0.126897 0.788432
v -0.207297 0.027119 0.593749
v -0.265625 0.082267 0.322578
v -0.235314 0.036615 0.393469
v -0.270799 0.138822 0.331256
v -0.270761 0.092045 0.317627
v -0.200016 0.086379 -0.303269
v -0.200016 0.086379 -0.346009
v 0.193967 0.083408 -0.294261
v -0.193967 0.083408 -0.294261
v 0.200016 0.086379 -0.346009
v 0.200016 0.086379 -0.303269
v 0.270761 0.092045 0.317627
v 0.270799 0.138822 0.331256
v 0.235317 0.036621 0.393461
v 0.265627 0.082270 0.322573
v -0.201602 0.020433 0.574439
v -0.201786 0.021738 0.591675
v -0.200955 0.015443 0.513288
v -0.201239 0.017812 0.540398
v 0.201498 0.019684 0.564692
v 0.200954 0.015436 0.513209
v 0.201786 0.021740 0.591705
v 0.201602 0.020432 0.574437
v -0.194657 0.017072 0.569794
v 0.194657 0.017072 0.569794
v -0.224944 0.029451 0.401024
v 0.224944 0.029451 0.401024
v 0.194751 0.012356 0.501662
v -0.194751 0.012356 0.501662
v -0.352754 0.144961 -0.332218
v -0.352620 0.145028 0.334277
v -0.426072 -0.134251 0.613590
v -0.426625 -0.134450 -0.387402
v 0.426625 -0.134450 -0.387411
v 0.426072 -0.134251 0.613585
v 0.352620 0.145028 0.334274
v 0.352754 0.144961 -0.332218
v -0.268616 0.086379 -0.284411
v -0.268994 0.086263 0.297455
v -0.268616 0.137600 -0.291492
v -0.268616 0.093272 -0.291327
v -0.274540 0.146880 0.326335
v -0.274355 0.144498 -0.286510
v 0.274355 0.144498 -0.286510
v 0.274540 0.146880 0.326333
v 0.268616 0.093272 -0.291327
v 0.268616 0.137600 -0.291492
v 0.268994 0.086263 0.297436
v 0.268616 0.086379 -0.284411
v 0.341241 -0.217154 -0.228921
v 0.341391 -0.338530 0.334355
v -0.341241 -0.217153 -0.228927
v -0.341391 -0.338529 0.334353
v -0.205958 0.093269 -0.297269
v -0.205958 0.137639 -0.297434
v 0.205958 0.137639 -0.297434
v 0.205958 0.093269 -0.297269
v -0.211956 0.086374 -0.291311
v -0.261711 0.086374 -0.291306
v 0.261711 0.086374 -0.291306
v 0.211956 0.086374 -0.291311
v -0.259697 0.082139 0.315068
v 0.259697 0.082139 0.315068
v 0.202891 0.083408 -0.285289
v 0.197703 0.083408 0.177815
v -0.197703 0.083408 0.177815
v -0.202891 0.083408 -0.285289
v 0.191122 0.083408 0.185832
v -0.191122 0.083408 0.185832
v -0.261899 0.083408 0.297588
v -0.201223 0.083408 0.192148
v 0.201223 0.083408 0.192148
v 0.261899 0.083408 0.297588
v -0.210889 0.086797 -0.283246
v 0.202939 0.086797 -0.283246
v -0.212828 0.171938 -0.259439
v -0.212813 0.090577 -0.279354
v 0.198019 0.178879 -0.258197
v -0.205899 0.178879 -0.258195
v 0.204915 0.090561 -0.279385
v 0.204910 0.171952 -0.259463
v -0.210083 0.086897 0.118127
v -0.215772 0.087072 -0.278245
v -0.209744 0.180908 0.105847
v -0.209815 0.090463 0.121054
v -0.212743 0.178638 -0.251089
v -0.207158 0.187535 0.097518
v -0.206240 0.187603 0.111985
v -0.196890 0.186032 0.198087
v -0.199294 0.034968 0.204213
v -0.209617 0.085517 0.125419
v -0.200038 0.167164 0.206665
v -0.198822 0.037706 0.207649
v -0.194640 0.018737 0.455393
v -0.198384 0.031841 0.211180
v -0.189259 0.065387 0.260533
v -0.190651 0.017103 0.469068
v -0.196614 0.171313 0.210951
v -0.189577 0.071729 0.253034
v 0.187029 0.012624 0.498344
v -0.187029 0.012624 0.498344
v 0.189259 0.065383 0.260554
v 0.190651 0.017100 0.469080
v -0.182468 0.070689 0.258588
v 0.182468 0.070689 0.258588
v 0.209617 0.085517 0.125420
v 0.199294 0.034968 0.204213
v 0.209711 0.180911 0.105846
v 0.209762 0.090465 0.121053
v 0.196890 0.186032 0.198088
v 0.206239 0.187603 0.111988
v 0.198822 0.037707 0.207649
v 0.200038 0.166667 0.206670
v 0.207891 0.087066 -0.278291
v 0.209995 0.086897 0.118125
v 0.207012 0.187537 0.097516
v 0.204943 0.178642 -0.251160
v -0.189389 0.186570 0.204478
v 0.189389 0.186570 0.204478
v 0.196612 0.171276 0.210967
v 0.189574 0.071685 0.253052
v -0.200010 0.190526 0.104257
v 0.199958 0.190526 0.104261
v 0.198384 0.031841 0.211180
v 0.194640 0.018737 0.455393
v -0.352354 0.143142 0.344506
v -0.424168 -0.133671 0.624775
v -0.396921 -0.132227 0.631287
v -0.328854 0.105665 0.407888
v -0.340873 -0.337767 0.344971
v -0.323820 -0.291110 0.397412
v 0.340957 -0.337950 0.344962
v 0.424166 -0.133669 0.624793
v 0.396924 -0.132225 0.631285
v 0.324279 -0.292189 0.396617
v 0.352284 0.143226 0.344255
v 0.328713 0.105495 0.408095
v 0.353295 -0.149546 0.812246
v 0.303734 -0.276016 0.605850
v -0.303734 -0.276017 0.605848
v -0.353530 -0.149849 0.811809
v 0.273721 0.146072 0.333746
v 0.245469 0.104283 0.399183
v -0.245467 0.104281 0.399183
v -0.273722 0.146072 0.333745
v 0.349190 0.145125 -0.339090
v 0.206869 0.143681 -0.339413
v 0.206939 0.143549 -0.298439
v 0.271242 0.144723 -0.294135
v -0.206869 0.143682 -0.339413
v -0.349186 0.145126 -0.339083
v -0.271261 0.144727 -0.294139
v -0.206939 0.143549 -0.298439
v -0.206722 0.066988 0.541424
v -0.201585 0.014764 0.503593
v -0.232633 0.032186 0.400772
v 0.206724 0.066988 0.541419
v 0.232629 0.032184 0.400774
v 0.201587 0.014764 0.503600
v -0.300228 0.066820 0.548492
v 0.300242 0.066817 0.548475
v -0.293166 0.056515 0.563915
v -0.217530 0.122632 -0.346925
v 0.341326 -0.215399 -0.236551
v -0.341320 -0.215405 -0.236543
v -0.215080 0.082607 -0.355645
v -0.282634 0.062685 0.556347
v -0.230312 0.133710 -0.344617
v -0.328519 0.133670 -0.344737
v -0.267913 0.084651 0.312396
v -0.203584 0.086411 -0.294882
v 0.203584 0.086411 -0.294882
v 0.267912 0.084651 0.312395
v -0.201505 0.019735 0.565371
v 0.201550 0.020058 0.569564
v -0.267637 0.087357 -0.290327
v 0.267637 0.087357 -0.290327
v 0.197548 0.083408 0.185364
v -0.197548 0.083408 0.185364
v 0.205415 0.088150 -0.280472
v -0.213330 0.088159 -0.280447
v -0.211936 0.177667 -0.257207
v 0.204029 0.177674 -0.257229
v -0.209850 0.087750 0.121513
v -0.207002 0.187679 0.104710
v -0.197381 0.180669 0.206021
v -0.198839 0.034793 0.207681
v -0.190835 0.015946 0.475731
v -0.188665 0.068164 0.256482
v 0.190835 0.015945 0.475736
v 0.188667 0.068160 0.256481
v 0.198839 0.034793 0.207681
v 0.209806 0.087751 0.121513
v 0.206977 0.187693 0.104710
v -0.410151 -0.106493 -0.395667
v 0.235844 0.115961 -0.349199
v 0.205960 0.137961 -0.341517
v 0.328937 0.115908 -0.349293
v 0.337296 0.144835 -0.340631
v 0.395862 -0.092159 -0.393502
v -0.346067 0.122768 -0.346910
v 0.217256 0.059020 -0.361577
v -0.389978 -0.108105 -0.396914
v -0.404821 -0.123024 -0.399291
v 0.404821 -0.123024 -0.399291
v -0.328937 0.115908 -0.349293
v -0.353912 0.138730 -0.341443
v -0.235844 0.115961 -0.349199
v -0.212926 0.144857 -0.340359
v -0.228785 0.069449 -0.359351
v 0.226088 0.061178 -0.361114
v 0.423450 -0.131942 -0.397680
v -0.226088 0.061178 -0.361114
v -0.423452 -0.131936 -0.397684
v 0.217529 0.122600 -0.346932
v 0.215080 0.082582 -0.355651
v 0.230313 0.133710 -0.344617
v 0.328539 0.133670 -0.344737
v 0.410147 -0.106478 -0.395664
v 0.346064 0.122780 -0.346908
v 0.203821 0.072113 -0.357994
v -0.203821 0.072113 -0.357994
v 0.279734 0.054357 0.567283
v 0.301444 0.062236 0.554857
v 0.334803 -0.117539 0.777731
v 0.230540 0.054081 0.563418
v 0.213774 0.068985 0.543409
v 0.222023 0.011370 0.618588
v -0.226307 0.062913 0.552340
v -0.209096 0.006035 0.624996
v 0.330841 -0.133249 0.797367
v -0.214169 0.020021 0.606283
v -0.216489 0.057078 0.558293
v -0.230541 0.054081 0.563418
v -0.206550 0.063001 0.547342
v -0.279734 0.054357 0.567283
v -0.293930 0.068289 0.548863
v -0.334770 -0.117501 0.777684
v 0.335637 -0.128399 0.791306
v 0.204570 0.020820 0.603198
v -0.333790 -0.126304 0.788714
v -0.204567 0.020776 0.603197
v 0.343167 -0.126918 0.788458
v 0.293163 0.056529 0.563898
v 0.282662 0.062685 0.556349
v 0.226291 0.062913 0.552339
v 0.214206 0.020036 0.606261
v 0.216489 0.057030 0.558356
v -0.202161 0.013464 0.615059
v 0.202163 0.013461 0.615062
v -0.339205 -0.143528 0.808492
v 0.339448 -0.143807 0.808837
#end 648 vertices

#begin 2568 normals
vn -0.405783 0.714665 0.569731
vn -0.334065 0.533807 0.776821
vn -0.298799 0.564937 0.769133
vn -0.329872 0.736663 0.590349
vn -0.086436 -0.718837 0.689784
vn 0.069018 -0.799556 0.596613
vn 0.096990 -0.803481 0.587376
vn -0.079441 -0.676028 0.732581
vn -0.064349 -0.800890 0.595344
vn 0.087185 -0.720933 0.687499
vn 0.077230 -0.677845 0.731138
vn -0.086959 -0.790431 0.606347
vn 0.336381 0.535200 0.774861
vn 0.396503 0.719373 0.570341
vn 0.322919 0.741721 0.587855
vn 0.296775 0.565648 0.769394
vn 0.644740 -0.734000 0.213436
vn 0.825760 -0.499415 0.262115
vn 0.838472 -0.482154 0.253953
vn 0.693414 -0.700208 0.169954
vn -0.825813 -0.498191 0.264271
vn -0.643447 -0.737601 0.204745
vn -0.693420 -0.700211 0.169924
vn -0.837197 -0.484818 0.253086
vn 0.024299 0.858298 0.512575
vn 0.086456 0.864403 0.495311
vn -0.213064 0.885952 0.411939
vn -0.221597 0.878597 0.423040
vn -0.082374 0.866439 0.492441
vn -0.016120 0.857662 0.513961
vn 0.221629 0.878594 0.423028
vn 0.213071 0.885953 0.411933
vn 0.006725 0.983716 -0.179602
vn -0.183612 0.968650 -0.167344
vn -0.182691 0.965673 0.184662
vn -0.031185 0.982430 0.184010
vn 0.183581 0.968661 -0.167314
vn -0.006727 0.983706 -0.179660
vn 0.031571 0.982403 0.184088
vn 0.182689 0.965668 0.184691
vn 0.933308 0.293985 -0.206176
vn 0.942593 0.297993 -0.150726
vn 0.932911 0.309173 -0.184633
vn 0.930746 0.300426 -0.208462
vn -0.942597 0.297990 -0.150707
vn -0.933299 0.294039 -0.206142
vn -0.930758 0.300444 -0.208383
vn -0.932938 0.309133 -0.184565
vn -0.086381 0.944605 0.316639
vn -0.119432 0.939487 0.321092
vn 0.199997 0.945210 0.258029
vn 0.205738 0.951732 0.227768
vn 0.088924 0.944576 0.316021
vn -0.205721 0.951729 0.227795
vn -0.200011 0.945197 0.258068
vn 0.119683 0.939473 0.321040
vn -0.799464 0.478536 0.363125
vn -0.674051 0.655699 0.340167
vn -0.663939 0.659428 0.352617
vn -0.851714 0.395593 0.343642
vn 0.802408 0.476637 0.359108
vn 0.851805 0.396801 0.342019
vn 0.663394 0.660500 0.351635
vn 0.674062 0.655762 0.340025
vn 0.028962 0.777288 0.628478
vn -0.000414 0.782268 0.622942
vn -0.048690 0.780917 0.622734
vn -0.032357 0.785694 0.617769
vn 0.074589 -0.981440 0.176668
vn 0.140880 -0.981430 0.130186
vn -0.140883 -0.981431 0.130171
vn -0.095839 -0.980830 0.169666
vn 0.186934 -0.728970 0.658528
vn -0.188369 -0.728024 0.659165
vn -0.138979 -0.893803 0.426381
vn 0.138996 -0.893793 0.426396
vn 0.133614 -0.819959 -0.556609
vn 0.124408 -0.919772 -0.372212
vn -0.124357 -0.919772 -0.372229
vn -0.133754 -0.820037 -0.556460
vn -0.000068 -0.790940 0.611893
vn -0.081399 -0.770077 0.632736
vn 0.047065 -0.779703 0.624378
vn -0.004911 -0.787697 0.616043
vn 0.001630 0.790649 0.612267
vn -0.004401 0.791265 0.611458
vn -0.016801 0.764100 0.644879
vn 0.014488 0.762683 0.646610
vn 0.030419 0.209206 -0.977398
vn -0.020693 0.216056 -0.976162
vn -0.018441 0.227409 -0.973625
vn 0.022132 0.230493 -0.972822
vn -0.013598 0.191429 -0.981412
vn 0.002992 0.232261 -0.972649
vn -0.002990 0.232264 -0.972648
vn 0.013624 0.191441 -0.981409
vn -0.030416 0.209220 -0.977395
vn -0.022132 0.230496 -0.972822
vn 0.018431 0.227414 -0.973624
vn 0.020691 0.216051 -0.976163
vn -0.024548 0.776060 0.630181
vn 0.035881 0.784150 0.619533
vn 0.048805 0.780923 0.622718
vn 0.000431 0.782278 0.622930
vn 0.947068 0.257505 -0.191711
vn 0.932871 0.267695 -0.241020
vn 0.937922 0.272094 -0.215100
vn 0.943910 0.263019 -0.199634
vn 0.180891 0.965595 -0.186828
vn 0.183704 0.982705 0.023333
vn -0.183704 0.982705 0.023333
vn -0.180852 0.965597 -0.186854
vn -0.947071 0.257503 -0.191698
vn -0.943911 0.263027 -0.199624
vn -0.937905 0.272092 -0.215173
vn -0.932865 0.267736 -0.241000
vn 0.983035 0.163075 0.083962
vn 0.932640 0.341586 0.116196
vn 0.955094 0.295968 -0.014054
vn 0.973060 0.226752 -0.041687
vn -0.983016 0.163134 0.084064
vn -0.973747 0.223892 -0.041108
vn -0.956023 0.292989 -0.013354
vn -0.933419 0.339767 0.115267
vn 0.148497 0.988189 0.037832
vn -0.149540 0.988041 0.037574
vn -0.203216 0.976437 -0.072626
vn 0.203203 0.976438 -0.072647
vn -0.180253 0.969170 0.167986
vn 0.180256 0.969169 0.167988
vn 0.181070 0.980256 0.079453
vn -0.181064 0.980256 0.079463
vn -0.184023 0.981398 -0.054706
vn 0.185234 0.981163 -0.054846
vn 0.200163 0.976970 -0.073917
vn -0.199004 0.977220 -0.073740
vn -0.971783 0.207221 0.112684
vn -0.873134 0.475442 0.107664
vn -0.872660 0.453695 -0.180625
vn -0.964535 0.166566 -0.204762
vn 0.971782 0.207243 0.112654
vn 0.964469 0.166687 -0.204977
vn 0.872706 0.453647 -0.180523
vn 0.872299 0.476780 0.108517
vn 0.977097 0.209537 -0.037096
vn 0.977768 0.206694 -0.035319
vn 0.967619 0.176739 0.180213
vn 0.956888 0.215375 0.194883
vn -0.977098 0.209529 -0.037100
vn -0.956878 0.215165 0.195163
vn -0.967619 0.176739 0.180212
vn -0.977764 0.206712 -0.035315
vn 0.880342 -0.466919 0.083576
vn 0.748971 -0.660543 0.052205
vn 0.691880 -0.712608 -0.116155
vn 0.797237 -0.586187 -0.144215
vn 0.154048 -0.985669 -0.068751
vn -0.156897 -0.985415 -0.065883
vn -0.147301 -0.960775 -0.234977
vn 0.147339 -0.960764 -0.234999
vn -0.880376 -0.466861 0.083543
vn -0.797082 -0.586381 -0.144286
vn -0.691904 -0.712567 -0.116261
vn -0.745272 -0.664541 0.054355
vn 0.957629 0.210651 0.196397
vn 0.949664 0.240353 -0.200918
vn 0.962574 0.213010 -0.167566
vn 0.966811 0.181434 0.179884
vn -0.949416 0.240909 -0.201424
vn -0.957629 0.210651 0.196397
vn -0.966811 0.181434 0.179884
vn -0.962564 0.212955 -0.167691
vn 0.181145 0.178013 0.967211
vn 0.185480 0.199920 0.962096
vn 0.180346 0.183611 0.966314
vn 0.196282 0.213195 0.957090
vn -0.184639 0.198441 0.962564
vn -0.181147 0.177999 0.967214
vn -0.196282 0.213195 0.957090
vn -0.180346 0.183611 0.966314
vn -0.174868 0.902060 0.394600
vn 0.174853 0.902053 0.394622
vn 0.184193 0.880851 0.436090
vn -0.184202 0.880848 0.436091
vn -0.000000 1.000000 -0.000000
vn -0.047884 0.997716 0.047633
vn 0.047884 0.997716 0.047633
vn 0.000000 1.000000 -0.000000
vn 0.000000 1.000000 0.000000
vn 0.042339 0.997451 0.057427
vn -0.042328 0.997452 0.057429
vn -0.000000 1.000000 0.000000
vn 0.023356 0.982730 0.183566
vn 0.184687 0.966077 0.180517
vn 0.200228 0.979729 0.006267
vn -0.000000 1.000000 -0.000000
vn -0.184687 0.966077 0.180517
vn -0.023356 0.982730 0.183566
vn 0.000000 1.000000 -0.000000
vn -0.200213 0.979732 0.006266
vn -0.193772 0.977263 0.086076
vn 0.186089 0.980214 0.067472
vn 0.173222 0.984591 0.023993
vn -0.140512 0.988862 -0.049077
vn 0.193662 0.977297 0.085941
vn 0.140513 0.988863 -0.049052
vn -0.173157 0.984601 0.024021
vn -0.186096 0.980213 0.067453
vn 0.191883 0.327167 -0.925280
vn -0.192960 0.328341 -0.924640
vn -0.183610 0.382427 -0.905559
vn 0.182358 0.382366 -0.905838
vn -0.967692 0.160672 -0.194310
vn -0.999432 0.010280 0.032108
vn -0.978765 0.203599 0.023793
vn -0.962599 0.216673 -0.162652
vn -0.975175 0.174244 0.136646
vn -0.972226 0.208994 0.105348
vn -0.993779 0.018718 0.109785
vn -0.994348 0.006195 0.105991
vn -0.998527 -0.041752 0.034644
vn -0.872668 0.474133 0.116824
vn -0.886566 0.343354 0.310014
vn -0.946671 0.135498 0.292326
vn -0.096068 0.973157 0.209134
vn 0.096061 0.973159 0.209126
vn 0.202724 0.914009 0.351412
vn -0.202809 0.913936 0.351554
vn 0.994353 0.006191 0.105942
vn 0.994086 0.019766 0.106783
vn 0.972596 0.208430 0.103020
vn 0.975177 0.173098 0.138082
vn 0.999838 0.010700 0.014461
vn 0.963729 0.161180 -0.212713
vn 0.959045 0.218134 -0.180693
vn 0.979120 0.203180 0.006507
vn 0.170664 0.489497 0.855141
vn -0.170202 0.489438 0.855267
vn -0.203413 0.492525 0.846193
vn 0.203682 0.492634 0.846065
vn 0.197059 0.979910 0.030727
vn -0.197409 0.979830 0.031039
vn -0.211124 0.953027 0.217180
vn 0.210586 0.953297 0.216512
vn 0.183297 0.965982 -0.182429
vn -0.184007 0.966494 -0.178972
vn -0.197990 0.980092 -0.014818
vn 0.197403 0.980142 -0.018812
vn 0.872635 0.474192 0.116829
vn 0.998521 -0.041762 0.034798
vn 0.948181 0.134853 0.287694
vn 0.886591 0.343592 0.309678
vn 0.694007 0.492694 0.524983
vn 0.719685 0.653084 0.235656
vn 0.694007 0.492694 0.524983
vn 0.976672 0.124717 0.174804
vn 0.694007 0.492694 0.524983
vn 0.694007 0.492694 0.524983
vn 0.201796 0.769072 0.606471
vn 0.595615 0.341939 0.726857
vn 0.702608 0.710660 0.036125
vn 0.977117 0.204826 0.057345
vn 0.702608 0.710660 0.036125
vn 0.699865 0.709811 0.079730
vn 0.702608 0.710660 0.036125
vn 0.702608 0.710660 0.036125
vn 0.704019 0.710103 -0.010510
vn 0.194601 0.980868 0.005388
vn 0.997049 0.047060 0.060657
vn 0.999471 0.024128 0.021819
vn 0.997049 0.047060 0.060657
vn 0.997049 0.047060 0.060657
vn 0.997882 0.025779 0.059718
vn 0.994008 0.030949 0.104836
vn 0.990780 0.012365 0.134913
vn 0.990942 0.011259 0.133819
vn -0.405783 0.714665 0.569731
vn -0.082374 0.866439 0.492441
vn -0.193772 0.977263 0.086076
vn -0.873134 0.475442 0.107664
vn -0.086436 -0.718837 0.689784
vn -0.334065 0.533807 0.776821
vn -0.971783 0.207221 0.112684
vn -0.880376 -0.466861 0.083543
vn -0.825813 -0.498191 0.264271
vn -0.851714 0.395593 0.343642
vn -0.298799 0.564937 0.769133
vn -0.079441 -0.676028 0.732581
vn -0.016120 0.857662 0.513961
vn -0.329872 0.736663 0.590349
vn -0.663939 0.659428 0.352617
vn -0.086381 0.944605 0.316639
vn -0.004911 -0.787697 0.616043
vn 0.069018 -0.799556 0.596613
vn -0.745272 -0.664541 0.054355
vn -0.156897 -0.985415 -0.065883
vn -0.643447 -0.737601 0.204745
vn 0.096990 -0.803481 0.587376
vn 0.047065 -0.779703 0.624378
vn -0.095839 -0.980830 0.169666
vn -0.064349 -0.800890 0.595344
vn -0.000068 -0.790940 0.611893
vn 0.154048 -0.985669 -0.068751
vn 0.748971 -0.660543 0.052205
vn 0.336381 0.535200 0.774861
vn 0.087185 -0.720933 0.687499
vn 0.880342 -0.466919 0.083576
vn 0.971782 0.207243 0.112654
vn 0.851805 0.396801 0.342019
vn 0.825760 -0.499415 0.262115
vn 0.077230 -0.677845 0.731138
vn 0.296775 0.565648 0.769394
vn 0.074589 -0.981440 0.176668
vn -0.081399 -0.770077 0.632736
vn -0.086959 -0.790431 0.606347
vn 0.644740 -0.734000 0.213436
vn 0.086456 0.864403 0.495311
vn 0.396503 0.719373 0.570341
vn 0.872299 0.476780 0.108517
vn 0.193662 0.977297 0.085941
vn 0.088924 0.944576 0.316021
vn 0.663394 0.660500 0.351635
vn 0.322919 0.741721 0.587855
vn 0.024299 0.858298 0.512575
vn 0.838472 -0.482154 0.253953
vn 0.802408 0.476637 0.359108
vn -0.004309 0.792938 0.609286
vn 0.159352 0.230339 0.959974
vn 0.186934 -0.728970 0.658528
vn 0.693414 -0.700208 0.169954
vn 0.138996 -0.893793 0.426396
vn 0.140880 -0.981430 0.130186
vn -0.693420 -0.700211 0.169924
vn -0.140883 -0.981431 0.130171
vn -0.138979 -0.893803 0.426381
vn -0.837197 -0.484818 0.253086
vn -0.188369 -0.728024 0.659165
vn -0.068939 0.790297 0.608834
vn -0.369646 0.709873 0.599535
vn -0.799464 0.478536 0.363125
vn -0.947071 0.257503 -0.191698
vn -0.213064 0.885952 0.411939
vn -0.186096 0.980213 0.067453
vn -0.977098 0.209529 -0.037100
vn -0.205721 0.951729 0.227795
vn -0.221597 0.878597 0.423040
vn -0.932865 0.267736 -0.241000
vn -0.933299 0.294039 -0.206142
vn 0.933308 0.293985 -0.206176
vn 0.932871 0.267695 -0.241020
vn 0.221629 0.878594 0.423028
vn 0.205738 0.951732 0.227768
vn 0.977097 0.209537 -0.037096
vn 0.186089 0.980214 0.067472
vn 0.213071 0.885953 0.411933
vn 0.947068 0.257505 -0.191711
vn 0.006725 0.983716 -0.179602
vn 0.140513 0.988863 -0.049052
vn 0.872706 0.453647 -0.180523
vn 0.031970 0.278626 -0.959867
vn -0.183612 0.968650 -0.167344
vn 0.074724 0.269887 -0.959988
vn -0.962564 0.212955 -0.167691
vn -0.182691 0.965673 0.184662
vn -0.966811 0.181434 0.179884
vn -0.181147 0.177999 0.967214
vn -0.173157 0.984601 0.024021
vn -0.031185 0.982430 0.184010
vn -0.184639 0.198441 0.962564
vn -0.956878 0.215165 0.195163
vn 0.962574 0.213010 -0.167566
vn 0.074724 0.269887 -0.959988
vn 0.183581 0.968661 -0.167314
vn -0.872660 0.453695 -0.180625
vn -0.140512 0.988862 -0.049077
vn -0.006727 0.983706 -0.179660
vn 0.074724 0.269887 -0.959988
vn 0.185480 0.199920 0.962096
vn 0.031571 0.982403 0.184088
vn 0.173222 0.984591 0.023993
vn 0.956888 0.215375 0.194883
vn 0.182689 0.965668 0.184691
vn 0.181145 0.178013 0.967211
vn 0.966811 0.181434 0.179884
vn -0.068939 0.790297 0.608834
vn 0.983035 0.163075 0.083962
vn 0.942593 0.297993 -0.150726
vn 0.199997 0.945210 0.258029
vn 0.185234 0.981163 -0.054846
vn 0.181070 0.980256 0.079453
vn 0.932911 0.309173 -0.184633
vn 0.973060 0.226752 -0.041687
vn 0.937922 0.272094 -0.215100
vn 0.930746 0.300426 -0.208462
vn 0.180256 0.969169 0.167988
vn 0.184193 0.880851 0.436090
vn -0.942597 0.297990 -0.150707
vn -0.983016 0.163134 0.084064
vn -0.068939 0.790297 0.608834
vn -0.200011 0.945197 0.258068
vn -0.184202 0.880848 0.436091
vn -0.180253 0.969170 0.167986
vn -0.930758 0.300444 -0.208383
vn -0.937905 0.272092 -0.215173
vn -0.973747 0.223892 -0.041108
vn -0.932938 0.309133 -0.184565
vn -0.181064 0.980256 0.079463
vn -0.184023 0.981398 -0.054706
vn -0.119432 0.939487 0.321092
vn -0.674051 0.655699 0.340167
vn -0.080264 0.787974 0.610454
vn 0.119683 0.939473 0.321040
vn -0.118633 0.791535 0.599498
vn 0.674062 0.655762 0.340025
vn -0.118633 0.791535 0.599498
vn -0.118633 0.791535 0.599498
vn -0.933419 0.339767 0.115267
vn -0.149540 0.988041 0.037574
vn 0.089282 0.241042 -0.966399
vn 0.087934 0.268682 -0.959207
vn 0.964469 0.166687 -0.204977
vn 0.797237 -0.586187 -0.144215
vn 0.133614 -0.819959 -0.556609
vn 0.124408 -0.919772 -0.372212
vn 0.691880 -0.712608 -0.116155
vn 0.147339 -0.960764 -0.234999
vn -0.124357 -0.919772 -0.372229
vn -0.147301 -0.960775 -0.234977
vn -0.691904 -0.712567 -0.116261
vn -0.133754 -0.820037 -0.556460
vn -0.797082 -0.586381 -0.144286
vn -0.964535 0.166566 -0.204762
vn 0.087934 0.268682 -0.959207
vn 0.087934 0.268682 -0.959207
vn 0.138859 0.780356 0.609723
vn 0.147649 0.762909 0.629420
vn 0.148497 0.988189 0.037832
vn 0.932640 0.341586 0.116196
vn -0.180852 0.965597 -0.186854
vn -0.949416 0.240909 -0.201424
vn -0.085456 0.271821 -0.958546
vn -0.069511 0.316742 -0.945961
vn 0.949664 0.240353 -0.200918
vn 0.180891 0.965595 -0.186828
vn -0.069511 0.316742 -0.945961
vn -0.069511 0.316742 -0.945961
vn 0.943910 0.263019 -0.199634
vn 0.174853 0.902053 0.394622
vn 0.042339 0.997451 0.057427
vn 0.200228 0.979729 0.006267
vn 0.977768 0.206694 -0.035319
vn 0.183704 0.982705 0.023333
vn 0.957629 0.210651 0.196397
vn 0.196282 0.213195 0.957090
vn 0.023356 0.982730 0.183566
vn 0.047884 0.997716 0.047633
vn -0.183704 0.982705 0.023333
vn -0.047884 0.997716 0.047633
vn -0.023356 0.982730 0.183566
vn -0.196282 0.213195 0.957090
vn -0.957629 0.210651 0.196397
vn -0.943911 0.263027 -0.199624
vn -0.977764 0.206712 -0.035315
vn -0.200213 0.979732 0.006266
vn -0.042328 0.997452 0.057429
vn -0.174868 0.902060 0.394600
vn 0.955094 0.295968 -0.014054
vn 0.203203 0.976438 -0.072647
vn 0.200163 0.976970 -0.073917
vn -0.956023 0.292989 -0.013354
vn -0.199004 0.977220 -0.073740
vn -0.203216 0.976437 -0.072626
vn 0.967619 0.176739 0.180213
vn 0.184687 0.966077 0.180517
vn 0.180346 0.183611 0.966314
vn -0.967619 0.176739 0.180212
vn -0.180346 0.183611 0.966314
vn -0.184687 0.966077 0.180517
vn -0.000000 1.000000 0.000000
vn 0.000000 1.000000 -0.000000
vn -0.000000 1.000000 -0.000000
vn 0.000000 1.000000 -0.000000
vn -0.000000 1.000000 -0.000000
vn 0.000000 1.000000 0.000000
vn 0.963729 0.161180 -0.212713
vn 0.648023 0.390942 -0.653629
vn 0.191883 0.327167 -0.925280
vn -0.192960 0.328341 -0.924640
vn -0.653189 0.395615 -0.645626
vn -0.967692 0.160672 -0.194310
vn -0.183610 0.382427 -0.905559
vn -0.962599 0.216673 -0.162652
vn -0.184007 0.966494 -0.178972
vn 0.182358 0.382366 -0.905838
vn 0.183297 0.965982 -0.182429
vn 0.959045 0.218134 -0.180693
vn -0.999432 0.010280 0.032108
vn -0.997018 0.020245 0.074469
vn -0.993779 0.018718 0.109785
vn -0.197409 0.979830 0.031039
vn -0.197990 0.980092 -0.014818
vn -0.978765 0.203599 0.023793
vn -0.972226 0.208994 0.105348
vn -0.975175 0.174244 0.136646
vn -0.946671 0.135498 0.292326
vn -0.170202 0.489438 0.855267
vn -0.211124 0.953027 0.217180
vn -0.994348 0.006195 0.105991
vn -0.994033 -0.055020 0.094186
vn -0.998527 -0.041752 0.034644
vn -0.872668 0.474133 0.116824
vn -0.503401 0.843750 0.186205
vn -0.096068 0.973157 0.209134
vn -0.886566 0.343354 0.310014
vn -0.202809 0.913936 0.351554
vn -0.203413 0.492525 0.846193
vn 0.096061 0.973159 0.209126
vn 0.503375 0.843766 0.186203
vn 0.872635 0.474192 0.116829
vn 0.202724 0.914009 0.351412
vn 0.886591 0.343592 0.309678
vn 0.203682 0.492634 0.846065
vn 0.998521 -0.041762 0.034798
vn 0.994033 -0.055022 0.094185
vn 0.994353 0.006191 0.105942
vn 0.994086 0.019766 0.106783
vn 0.997652 0.023144 0.064458
vn 0.999838 0.010700 0.014461
vn 0.197403 0.980142 -0.018812
vn 0.197059 0.979910 0.030727
vn 0.972596 0.208430 0.103020
vn 0.979120 0.203180 0.006507
vn 0.170664 0.489497 0.855141
vn 0.948181 0.134853 0.287694
vn 0.975177 0.173098 0.138082
vn 0.210586 0.953297 0.216512
vn -0.873134 0.475442 0.107664
vn -0.971783 0.207221 0.112684
vn -0.334065 0.533807 0.776821
vn -0.405783 0.714665 0.569731
vn -0.086436 -0.718837 0.689784
vn -0.079441 -0.676028 0.732581
vn -0.298799 0.564937 0.769133
vn -0.334065 0.533807 0.776821
vn -0.851714 0.395593 0.343642
vn -0.663939 0.659428 0.352617
vn -0.329872 0.736663 0.590349
vn -0.298799 0.564937 0.769133
vn -0.016120 0.857662 0.513961
vn -0.082374 0.866439 0.492441
vn -0.405783 0.714665 0.569731
vn -0.329872 0.736663 0.590349
vn -0.880376 -0.466861 0.083543
vn -0.745272 -0.664541 0.054355
vn 0.069018 -0.799556 0.596613
vn -0.086436 -0.718837 0.689784
vn -0.004911 -0.787697 0.616043
vn 0.047065 -0.779703 0.624378
vn 0.096990 -0.803481 0.587376
vn 0.069018 -0.799556 0.596613
vn -0.643447 -0.737601 0.204745
vn -0.825813 -0.498191 0.264271
vn -0.079441 -0.676028 0.732581
vn 0.096990 -0.803481 0.587376
vn 0.748971 -0.660543 0.052205
vn 0.880342 -0.466919 0.083576
vn 0.087185 -0.720933 0.687499
vn -0.064349 -0.800890 0.595344
vn 0.336381 0.535200 0.774861
vn 0.296775 0.565648 0.769394
vn 0.077230 -0.677845 0.731138
vn 0.087185 -0.720933 0.687499
vn 0.825760 -0.499415 0.262115
vn 0.644740 -0.734000 0.213436
vn -0.086959 -0.790431 0.606347
vn 0.077230 -0.677845 0.731138
vn -0.081399 -0.770077 0.632736
vn -0.000068 -0.790940 0.611893
vn -0.064349 -0.800890 0.595344
vn -0.086959 -0.790431 0.606347
vn 0.971782 0.207243 0.112654
vn 0.872299 0.476780 0.108517
vn 0.396503 0.719373 0.570341
vn 0.336381 0.535200 0.774861
vn 0.086456 0.864403 0.495311
vn 0.024299 0.858298 0.512575
vn 0.322919 0.741721 0.587855
vn 0.396503 0.719373 0.570341
vn 0.663394 0.660500 0.351635
vn 0.851805 0.396801 0.342019
vn 0.296775 0.565648 0.769394
vn 0.322919 0.741721 0.587855
vn 0.851805 0.396801 0.342019
vn 0.802408 0.476637 0.359108
vn 0.838472 -0.482154 0.253953
vn 0.825760 -0.499415 0.262115
vn 0.186934 -0.728970 0.658528
vn 0.138996 -0.893793 0.426396
vn 0.693414 -0.700208 0.169954
vn 0.838472 -0.482154 0.253953
vn 0.140880 -0.981430 0.130186
vn 0.074589 -0.981440 0.176668
vn 0.644740 -0.734000 0.213436
vn 0.693414 -0.700208 0.169954
vn -0.095839 -0.980830 0.169666
vn -0.140883 -0.981431 0.130171
vn -0.693420 -0.700211 0.169924
vn -0.643447 -0.737601 0.204745
vn -0.138979 -0.893803 0.426381
vn -0.188369 -0.728024 0.659165
vn -0.837197 -0.484818 0.253086
vn -0.693420 -0.700211 0.169924
vn -0.799464 0.478536 0.363125
vn -0.851714 0.395593 0.343642
vn -0.825813 -0.498191 0.264271
vn -0.837197 -0.484818 0.253086
vn 0.193662 0.977297 0.085941
vn -0.186096 0.980213 0.067453
vn -0.213064 0.885952 0.411939
vn 0.086456 0.864403 0.495311
vn -0.947071 0.257503 -0.191698
vn -0.932865 0.267736 -0.241000
vn -0.221597 0.878597 0.423040
vn -0.213064 0.885952 0.411939
vn -0.205721 0.951729 0.227795
vn 0.088924 0.944576 0.316021
vn 0.024299 0.858298 0.512575
vn -0.221597 0.878597 0.423040
vn -0.086381 0.944605 0.316639
vn 0.205738 0.951732 0.227768
vn 0.221629 0.878594 0.423028
vn -0.016120 0.857662 0.513961
vn 0.932871 0.267695 -0.241020
vn 0.947068 0.257505 -0.191711
vn 0.213071 0.885953 0.411933
vn 0.221629 0.878594 0.423028
vn 0.186089 0.980214 0.067472
vn -0.193772 0.977263 0.086076
vn -0.082374 0.866439 0.492441
vn 0.213071 0.885953 0.411933
vn -0.036725 0.296197 -0.954421
vn -0.040863 0.230753 -0.972154
vn -0.183612 0.968650 -0.167344
vn 0.006725 0.983716 -0.179602
vn -0.962564 0.212955 -0.167691
vn -0.966811 0.181434 0.179884
vn -0.182691 0.965673 0.184662
vn -0.183612 0.968650 -0.167344
vn -0.181147 0.177999 0.967214
vn -0.184639 0.198441 0.962564
vn -0.031185 0.982430 0.184010
vn -0.182691 0.965673 0.184662
vn -0.173157 0.984601 0.024021
vn 0.140513 0.988863 -0.049052
vn 0.006725 0.983716 -0.179602
vn -0.031185 0.982430 0.184010
vn -0.040863 0.230753 -0.972154
vn -0.040863 0.230753 -0.972154
vn -0.006727 0.983706 -0.179660
vn 0.183581 0.968661 -0.167314
vn -0.140512 0.988862 -0.049077
vn 0.173222 0.984591 0.023993
vn 0.031571 0.982403 0.184088
vn -0.006727 0.983706 -0.179660
vn 0.185480 0.199920 0.962096
vn 0.181145 0.178013 0.967211
vn 0.182689 0.965668 0.184691
vn 0.031571 0.982403 0.184088
vn 0.966811 0.181434 0.179884
vn 0.962574 0.213010 -0.167566
vn 0.183581 0.968661 -0.167314
vn 0.182689 0.965668 0.184691
vn 0.205738 0.951732 0.227768
vn 0.199997 0.945210 0.258029
vn 0.942593 0.297993 -0.150726
vn 0.933308 0.293985 -0.206176
vn 0.983035 0.163075 0.083962
vn 0.973060 0.226752 -0.041687
vn 0.932911 0.309173 -0.184633
vn 0.942593 0.297993 -0.150726
vn 0.181070 0.980256 0.079453
vn 0.180256 0.969169 0.167988
vn 0.930746 0.300426 -0.208462
vn 0.932911 0.309173 -0.184633
vn 0.937922 0.272094 -0.215100
vn 0.932871 0.267695 -0.241020
vn 0.933308 0.293985 -0.206176
vn 0.930746 0.300426 -0.208462
vn -0.200011 0.945197 0.258068
vn -0.205721 0.951729 0.227795
vn -0.933299 0.294039 -0.206142
vn -0.942597 0.297990 -0.150707
vn -0.932865 0.267736 -0.241000
vn -0.937905 0.272092 -0.215173
vn -0.930758 0.300444 -0.208383
vn -0.933299 0.294039 -0.206142
vn -0.180253 0.969170 0.167986
vn -0.181064 0.980256 0.079463
vn -0.932938 0.309133 -0.184565
vn -0.930758 0.300444 -0.208383
vn -0.973747 0.223892 -0.041108
vn -0.983016 0.163134 0.084064
vn -0.942597 0.297990 -0.150707
vn -0.932938 0.309133 -0.184565
vn -0.663939 0.659428 0.352617
vn -0.674051 0.655699 0.340167
vn -0.119432 0.939487 0.321092
vn -0.086381 0.944605 0.316639
vn 0.147649 0.762909 0.629420
vn 0.147649 0.762909 0.629420
vn 0.199997 0.945210 0.258029
vn -0.119432 0.939487 0.321092
vn 0.082807 0.777770 0.623071
vn 0.239733 0.765037 0.597700
vn 0.119683 0.939473 0.321040
vn -0.200011 0.945197 0.258068
vn 0.674062 0.655762 0.340025
vn 0.663394 0.660500 0.351635
vn 0.088924 0.944576 0.316021
vn 0.119683 0.939473 0.321040
vn 0.239733 0.765037 0.597700
vn 0.239733 0.765037 0.597700
vn -0.674051 0.655699 0.340167
vn -0.799464 0.478536 0.363125
vn -0.082740 0.777816 0.623022
vn -0.147588 0.762960 0.629372
vn 0.802408 0.476637 0.359108
vn 0.674062 0.655762 0.340025
vn -0.983016 0.163134 0.084064
vn -0.933419 0.339767 0.115267
vn -0.147588 0.762960 0.629372
vn -0.147588 0.762960 0.629372
vn 0.001630 0.790649 0.612267
vn 0.014488 0.762683 0.646610
vn 0.028962 0.777288 0.628478
vn -0.032357 0.785694 0.617769
vn 0.138996 -0.893793 0.426396
vn -0.138979 -0.893803 0.426381
vn -0.140883 -0.981431 0.130171
vn 0.140880 -0.981430 0.130186
vn 0.047065 -0.779703 0.624378
vn -0.081399 -0.770077 0.632736
vn 0.074589 -0.981440 0.176668
vn -0.095839 -0.980830 0.169666
vn -0.138610 0.780357 0.609780
vn -0.239854 0.765064 0.597618
vn -0.188369 -0.728024 0.659165
vn 0.186934 -0.728970 0.658528
vn 0.797237 -0.586187 -0.144215
vn 0.691880 -0.712608 -0.116155
vn 0.124408 -0.919772 -0.372212
vn 0.133614 -0.819959 -0.556609
vn 0.147339 -0.960764 -0.234999
vn -0.147301 -0.960775 -0.234977
vn -0.124357 -0.919772 -0.372229
vn 0.124408 -0.919772 -0.372212
vn -0.691904 -0.712567 -0.116261
vn -0.797082 -0.586381 -0.144286
vn -0.133754 -0.820037 -0.556460
vn -0.124357 -0.919772 -0.372229
vn 0.036697 0.296058 -0.954465
vn 0.069528 0.316445 -0.946059
vn 0.133614 -0.819959 -0.556609
vn -0.133754 -0.820037 -0.556460
vn -0.156897 -0.985415 -0.065883
vn 0.154048 -0.985669 -0.068751
vn -0.000068 -0.790940 0.611893
vn -0.004911 -0.787697 0.616043
vn -0.149540 0.988041 0.037574
vn 0.148497 0.988189 0.037832
vn -0.239854 0.765064 0.597618
vn -0.239854 0.765064 0.597618
vn 0.035881 0.784150 0.619533
vn -0.024548 0.776060 0.630181
vn -0.016801 0.764100 0.644879
vn -0.004401 0.791265 0.611458
vn 0.013624 0.191441 -0.981409
vn -0.002990 0.232264 -0.972648
vn -0.020693 0.216056 -0.976162
vn 0.030419 0.209206 -0.977398
vn -0.949416 0.240909 -0.201424
vn -0.962564 0.212955 -0.167691
vn 0.069528 0.316445 -0.946059
vn 0.069528 0.316445 -0.946059
vn 0.872706 0.453647 -0.180523
vn 0.964469 0.166687 -0.204977
vn 0.085496 0.271732 -0.958568
vn 0.040706 0.230153 -0.972303
vn -0.030416 0.209220 -0.977395
vn 0.020691 0.216051 -0.976163
vn 0.002992 0.232261 -0.972649
vn -0.013598 0.191429 -0.981412
vn 0.180891 0.965595 -0.186828
vn -0.180852 0.965597 -0.186854
vn 0.040706 0.230153 -0.972303
vn 0.040706 0.230153 -0.972303
vn -0.964535 0.166566 -0.204762
vn -0.872660 0.453695 -0.180625
vn -0.089338 0.240990 -0.966407
vn -0.074802 0.269802 -0.960006
vn 0.962574 0.213010 -0.167566
vn 0.949664 0.240353 -0.200918
vn -0.074802 0.269802 -0.960006
vn -0.074802 0.269802 -0.960006
vn 0.932640 0.341586 0.116196
vn 0.983035 0.163075 0.083962
vn 0.080315 0.787948 0.610481
vn 0.068994 0.790259 0.608877
vn 0.184193 0.880851 0.436090
vn 0.174853 0.902053 0.394622
vn 0.943910 0.263019 -0.199634
vn 0.937922 0.272094 -0.215100
vn 0.977768 0.206694 -0.035319
vn 0.977097 0.209537 -0.037096
vn 0.947068 0.257505 -0.191711
vn 0.943910 0.263019 -0.199634
vn 0.949664 0.240353 -0.200918
vn 0.957629 0.210651 0.196397
vn 0.183704 0.982705 0.023333
vn 0.180891 0.965595 -0.186828
vn 0.047884 0.997716 0.047633
vn -0.047884 0.997716 0.047633
vn -0.183704 0.982705 0.023333
vn 0.183704 0.982705 0.023333
vn -0.957629 0.210651 0.196397
vn -0.949416 0.240909 -0.201424
vn -0.180852 0.965597 -0.186854
vn -0.183704 0.982705 0.023333
vn -0.977098 0.209529 -0.037100
vn -0.977764 0.206712 -0.035315
vn -0.943911 0.263027 -0.199624
vn -0.947071 0.257503 -0.191698
vn -0.174868 0.902060 0.394600
vn -0.184202 0.880848 0.436091
vn -0.937905 0.272092 -0.215173
vn -0.943911 0.263027 -0.199624
vn 0.148497 0.988189 0.037832
vn 0.203203 0.976438 -0.072647
vn 0.955094 0.295968 -0.014054
vn 0.932640 0.341586 0.116196
vn 0.200163 0.976970 -0.073917
vn 0.185234 0.981163 -0.054846
vn 0.973060 0.226752 -0.041687
vn 0.955094 0.295968 -0.014054
vn -0.184023 0.981398 -0.054706
vn -0.199004 0.977220 -0.073740
vn -0.956023 0.292989 -0.013354
vn -0.973747 0.223892 -0.041108
vn -0.203216 0.976437 -0.072626
vn -0.149540 0.988041 0.037574
vn -0.933419 0.339767 0.115267
vn -0.956023 0.292989 -0.013354
vn -0.199004 0.977220 -0.073740
vn 0.200163 0.976970 -0.073917
vn 0.203203 0.976438 -0.072647
vn -0.203216 0.976437 -0.072626
vn -0.184202 0.880848 0.436091
vn 0.184193 0.880851 0.436090
vn 0.180256 0.969169 0.167988
vn -0.180253 0.969170 0.167986
vn 0.185234 0.981163 -0.054846
vn -0.184023 0.981398 -0.054706
vn -0.181064 0.980256 0.079463
vn 0.181070 0.980256 0.079453
vn -0.193772 0.977263 0.086076
vn -0.140512 0.988862 -0.049077
vn -0.872660 0.453695 -0.180625
vn -0.873134 0.475442 0.107664
vn -0.797082 -0.586381 -0.144286
vn -0.880376 -0.466861 0.083543
vn -0.971783 0.207221 0.112684
vn -0.964535 0.166566 -0.204762
vn 0.880342 -0.466919 0.083576
vn 0.797237 -0.586187 -0.144215
vn 0.964469 0.166687 -0.204977
vn 0.971782 0.207243 0.112654
vn 0.140513 0.988863 -0.049052
vn 0.193662 0.977297 0.085941
vn 0.872299 0.476780 0.108517
vn 0.872706 0.453647 -0.180523
vn 0.200228 0.979729 0.006267
vn 0.184687 0.966077 0.180517
vn 0.967619 0.176739 0.180213
vn 0.977768 0.206694 -0.035319
vn 0.180346 0.183611 0.966314
vn 0.185480 0.199920 0.962096
vn 0.956888 0.215375 0.194883
vn 0.967619 0.176739 0.180213
vn 0.173222 0.984591 0.023993
vn 0.186089 0.980214 0.067472
vn 0.977097 0.209537 -0.037096
vn 0.956888 0.215375 0.194883
vn -0.186096 0.980213 0.067453
vn -0.173157 0.984601 0.024021
vn -0.956878 0.215165 0.195163
vn -0.977098 0.209529 -0.037100
vn -0.184639 0.198441 0.962564
vn -0.180346 0.183611 0.966314
vn -0.967619 0.176739 0.180212
vn -0.956878 0.215165 0.195163
vn -0.184687 0.966077 0.180517
vn -0.200213 0.979732 0.006266
vn -0.977764 0.206712 -0.035315
vn -0.967619 0.176739 0.180212
vn 0.154048 -0.985669 -0.068751
vn 0.147339 -0.960764 -0.234999
vn 0.691880 -0.712608 -0.116155
vn 0.748971 -0.660543 0.052205
vn -0.745272 -0.664541 0.054355
vn -0.691904 -0.712567 -0.116261
vn -0.147301 -0.960775 -0.234977
vn -0.156897 -0.985415 -0.065883
vn 0.181145 0.178013 0.967211
vn 0.196282 0.213195 0.957090
vn 0.957629 0.210651 0.196397
vn 0.966811 0.181434 0.179884
vn -0.196282 0.213195 0.957090
vn -0.181147 0.177999 0.967214
vn -0.966811 0.181434 0.179884
vn -0.957629 0.210651 0.196397
vn 0.184687 0.966077 0.180517
vn 0.023356 0.982730 0.183566
vn 0.196282 0.213195 0.957090
vn 0.180346 0.183611 0.966314
vn -0.023356 0.982730 0.183566
vn -0.184687 0.966077 0.180517
vn -0.180346 0.183611 0.966314
vn -0.196282 0.213195 0.957090
vn -0.042328 0.997452 0.057429
vn 0.042339 0.997451 0.057427
vn 0.174853 0.902053 0.394622
vn -0.174868 0.902060 0.394600
vn 0.000000 1.000000 -0.000000
vn -0.023356 0.982730 0.183566
vn -0.047884 0.997716 0.047633
vn -0.000000 1.000000 -0.000000
vn 0.023356 0.982730 0.183566
vn -0.000000 1.000000 -0.000000
vn 0.000000 1.000000 -0.000000
vn 0.047884 0.997716 0.047633
vn 0.000000 1.000000 0.000000
vn -0.000000 1.000000 0.000000
vn -0.000000 1.000000 -0.000000
vn 0.000000 1.000000 -0.000000
vn -0.000000 1.000000 -0.000000
vn 0.200228 0.979729 0.006267
vn 0.042339 0.997451 0.057427
vn 0.000000 1.000000 0.000000
vn -0.200213 0.979732 0.006266
vn 0.000000 1.000000 -0.000000
vn -0.000000 1.000000 0.000000
vn -0.042328 0.997452 0.057429
vn 0.648023 0.390942 -0.653629
vn -0.653189 0.395615 -0.645626
vn -0.192960 0.328341 -0.924640
vn 0.191883 0.327167 -0.925280
vn -0.967692 0.160672 -0.194310
vn -0.962599 0.216673 -0.162652
vn -0.183610 0.382427 -0.905559
vn -0.192960 0.328341 -0.924640
vn -0.184007 0.966494 -0.178972
vn 0.183297 0.965982 -0.182429
vn 0.182358 0.382366 -0.905838
vn -0.183610 0.382427 -0.905559
vn 0.959045 0.218134 -0.180693
vn 0.963729 0.161180 -0.212713
vn 0.191883 0.327167 -0.925280
vn 0.182358 0.382366 -0.905838
vn -0.653189 0.395615 -0.645626
vn -0.997018 0.020245 0.074469
vn -0.999432 0.010280 0.032108
vn -0.967692 0.160672 -0.194310
vn -0.993779 0.018718 0.109785
vn -0.972226 0.208994 0.105348
vn -0.978765 0.203599 0.023793
vn -0.999432 0.010280 0.032108
vn -0.197990 0.980092 -0.014818
vn -0.184007 0.966494 -0.178972
vn -0.962599 0.216673 -0.162652
vn -0.978765 0.203599 0.023793
vn -0.211124 0.953027 0.217180
vn -0.197409 0.979830 0.031039
vn -0.972226 0.208994 0.105348
vn -0.975175 0.174244 0.136646
vn -0.997018 0.020245 0.074469
vn -0.994033 -0.055020 0.094186
vn -0.994348 0.006195 0.105991
vn -0.993779 0.018718 0.109785
vn -0.998527 -0.041752 0.034644
vn -0.946671 0.135498 0.292326
vn -0.975175 0.174244 0.136646
vn -0.994348 0.006195 0.105991
vn -0.994033 -0.055020 0.094186
vn -0.503401 0.843750 0.186205
vn -0.872668 0.474133 0.116824
vn -0.998527 -0.041752 0.034644
vn -0.096068 0.973157 0.209134
vn -0.202809 0.913936 0.351554
vn -0.886566 0.343354 0.310014
vn -0.872668 0.474133 0.116824
vn -0.203413 0.492525 0.846193
vn -0.170202 0.489438 0.855267
vn -0.946671 0.135498 0.292326
vn -0.886566 0.343354 0.310014
vn -0.503401 0.843750 0.186205
vn 0.503375 0.843766 0.186203
vn 0.096061 0.973159 0.209126
vn -0.096068 0.973157 0.209134
vn 0.872635 0.474192 0.116829
vn 0.886591 0.343592 0.309678
vn 0.202724 0.914009 0.351412
vn 0.096061 0.973159 0.209126
vn 0.203682 0.492634 0.846065
vn -0.203413 0.492525 0.846193
vn -0.202809 0.913936 0.351554
vn 0.202724 0.914009 0.351412
vn 0.994033 -0.055022 0.094185
vn 0.997652 0.023144 0.064458
vn 0.994086 0.019766 0.106783
vn 0.994353 0.006191 0.105942
vn 0.999838 0.010700 0.014461
vn 0.979120 0.203180 0.006507
vn 0.972596 0.208430 0.103020
vn 0.994086 0.019766 0.106783
vn 0.197059 0.979910 0.030727
vn 0.210586 0.953297 0.216512
vn 0.975177 0.173098 0.138082
vn 0.972596 0.208430 0.103020
vn 0.948181 0.134853 0.287694
vn 0.998521 -0.041762 0.034798
vn 0.994353 0.006191 0.105942
vn 0.975177 0.173098 0.138082
vn 0.997652 0.023144 0.064458
vn 0.648023 0.390942 -0.653629
vn 0.963729 0.161180 -0.212713
vn 0.999838 0.010700 0.014461
vn 0.183297 0.965982 -0.182429
vn 0.197403 0.980142 -0.018812
vn 0.979120 0.203180 0.006507
vn 0.959045 0.218134 -0.180693
vn 0.210586 0.953297 0.216512
vn -0.211124 0.953027 0.217180
vn -0.170202 0.489438 0.855267
vn 0.170664 0.489497 0.855141
vn 0.886591 0.343592 0.309678
vn 0.948181 0.134853 0.287694
vn 0.170664 0.489497 0.855141
vn 0.203682 0.492634 0.846065
vn 0.197403 0.980142 -0.018812
vn -0.197990 0.980092 -0.014818
vn -0.197409 0.979830 0.031039
vn 0.197059 0.979910 0.030727
vn 0.503375 0.843766 0.186203
vn 0.994033 -0.055022 0.094185
vn 0.998521 -0.041762 0.034798
vn 0.872635 0.474192 0.116829
vn -0.781607 0.401019 0.477781
vn -0.781607 0.401019 0.477781
vn -0.688674 0.620750 0.374696
vn -0.688674 0.620750 0.374696
vn -0.781607 0.401019 0.477781
vn -0.688674 0.620750 0.374696
vn -0.236332 -0.060832 0.969766
vn -0.236332 -0.060832 0.969766
vn -0.241274 -0.167998 0.955805
vn -0.241274 -0.167998 0.955805
vn -0.236332 -0.060832 0.969766
vn -0.241274 -0.167998 0.955805
vn -0.488389 0.719516 0.493733
vn -0.488389 0.719516 0.493733
vn -0.643363 0.508418 0.572360
vn -0.643363 0.508418 0.572360
vn -0.488389 0.719516 0.493733
vn -0.643363 0.508418 0.572360
vn -0.302604 0.788562 0.535352
vn -0.302604 0.788562 0.535352
vn -0.183601 0.813385 0.551993
vn -0.183601 0.813385 0.551993
vn -0.302604 0.788562 0.535352
vn -0.183601 0.813385 0.551993
vn -0.424627 -0.812931 0.398541
vn -0.424627 -0.812931 0.398541
vn -0.574271 -0.695128 0.432446
vn -0.574271 -0.695128 0.432446
vn -0.424627 -0.812931 0.398541
vn -0.574271 -0.695128 0.432446
vn 0.116913 -0.783421 0.610395
vn 0.116913 -0.783421 0.610395
vn 0.056936 -0.780292 0.622818
vn 0.056936 -0.780292 0.622818
vn 0.116913 -0.783421 0.610395
vn 0.056936 -0.780292 0.622818
vn -0.500961 -0.653197 0.567779
vn -0.500961 -0.653197 0.567779
vn -0.298707 -0.852833 0.428311
vn -0.298707 -0.852833 0.428311
vn -0.500961 -0.653197 0.567779
vn -0.298707 -0.852833 0.428311
vn 0.574690 -0.695963 0.430542
vn 0.574690 -0.695963 0.430542
vn 0.447444 -0.802965 0.393753
vn 0.447444 -0.802965 0.393753
vn 0.574690 -0.695963 0.430542
vn 0.447444 -0.802965 0.393753
vn 0.232157 -0.062697 0.970656
vn 0.232157 -0.062697 0.970656
vn 0.245494 -0.169562 0.954454
vn 0.245494 -0.169562 0.954454
vn 0.232157 -0.062697 0.970656
vn 0.245494 -0.169562 0.954454
vn 0.324201 -0.829068 0.455565
vn 0.324201 -0.829068 0.455565
vn 0.499251 -0.656350 0.565644
vn 0.499251 -0.656350 0.565644
vn 0.324201 -0.829068 0.455565
vn 0.499251 -0.656350 0.565644
vn -0.057201 -0.784589 0.617372
vn -0.057201 -0.784589 0.617372
vn -0.141498 -0.758504 0.636121
vn -0.141498 -0.758504 0.636121
vn -0.057201 -0.784589 0.617372
vn -0.141498 -0.758504 0.636121
vn 0.683006 0.625743 0.376760
vn 0.683006 0.625743 0.376760
vn 0.782615 0.402804 0.474618
vn 0.782615 0.402804 0.474618
vn 0.683006 0.625743 0.376760
vn 0.782615 0.402804 0.474618
vn 0.184323 0.816869 0.546580
vn 0.184323 0.816869 0.546580
vn 0.296805 0.789262 0.537561
vn 0.296805 0.789262 0.537561
vn 0.184323 0.816869 0.546580
vn 0.296805 0.789262 0.537561
vn 0.641885 0.511710 0.571084
vn 0.641885 0.511710 0.571084
vn 0.485034 0.724055 0.490394
vn 0.485034 0.724055 0.490394
vn 0.641885 0.511710 0.571084
vn 0.485034 0.724055 0.490394
vn 0.930998 0.018853 0.364537
vn 0.930998 0.018853 0.364537
vn 0.939298 -0.050363 0.339385
vn 0.939298 -0.050363 0.339385
vn 0.930998 0.018853 0.364537
vn 0.939298 -0.050363 0.339385
vn 0.462300 -0.826569 0.321034
vn 0.462300 -0.826569 0.321034
vn 0.582731 -0.635554 0.506454
vn 0.582731 -0.635554 0.506454
vn 0.462300 -0.826569 0.321034
vn 0.582731 -0.635554 0.506454
vn 0.356623 -0.911527 0.204789
vn 0.356623 -0.911527 0.204789
vn 0.464630 -0.874110 0.141597
vn 0.464630 -0.874110 0.141597
vn 0.356623 -0.911527 0.204789
vn 0.464630 -0.874110 0.141597
vn -0.464638 -0.874114 0.141551
vn -0.464638 -0.874114 0.141551
vn -0.374084 -0.908255 0.187440
vn -0.374084 -0.908255 0.187440
vn -0.464638 -0.874114 0.141551
vn -0.374084 -0.908255 0.187440
vn -0.582640 -0.636483 0.505390
vn -0.582640 -0.636483 0.505390
vn -0.462293 -0.826589 0.320991
vn -0.462293 -0.826589 0.320991
vn -0.582640 -0.636483 0.505390
vn -0.462293 -0.826589 0.320991
vn -0.938052 -0.050199 0.342839
vn -0.938052 -0.050199 0.342839
vn -0.929323 0.017321 0.368862
vn -0.929323 0.017321 0.368862
vn -0.938052 -0.050199 0.342839
vn -0.929323 0.017321 0.368862
vn -0.189854 0.949940 0.248133
vn -0.189854 0.949940 0.248133
vn 0.166661 0.936761 0.307738
vn 0.166661 0.936761 0.307738
vn -0.189854 0.949940 0.248133
vn 0.166661 0.936761 0.307738
vn -0.702436 0.703599 0.107385
vn -0.702436 0.703599 0.107385
vn -0.706355 0.693472 0.141982
vn -0.706355 0.693472 0.141982
vn -0.702436 0.703599 0.107385
vn -0.706355 0.693472 0.141982
vn 0.036288 0.908276 0.416795
vn 0.036288 0.908276 0.416795
vn -0.214414 0.922406 0.321238
vn -0.214414 0.922406 0.321238
vn 0.036288 0.908276 0.416795
vn -0.214414 0.922406 0.321238
vn 0.214463 0.922408 0.321198
vn 0.214463 0.922408 0.321198
vn -0.026502 0.907518 0.419177
vn -0.026502 0.907518 0.419177
vn 0.214463 0.922408 0.321198
vn -0.026502 0.907518 0.419177
vn 0.706360 0.693472 0.141960
vn 0.706360 0.693472 0.141960
vn 0.702488 0.703553 0.107346
vn 0.702488 0.703553 0.107346
vn 0.706360 0.693472 0.141960
vn 0.702488 0.703553 0.107346
vn -0.163478 0.938127 0.305274
vn -0.163478 0.938127 0.305274
vn 0.189853 0.949937 0.248145
vn 0.189853 0.949937 0.248145
vn -0.163478 0.938127 0.305274
vn 0.189853 0.949937 0.248145
vn -0.108398 0.605460 -0.788460
vn -0.031987 0.278608 -0.959872
vn 0.019582 0.577965 -0.815827
vn -0.088124 0.268705 -0.959183
vn -0.108398 0.605460 -0.788460
vn 0.019582 0.577965 -0.815827
vn -0.697179 0.697427 0.165943
vn -0.697179 0.697427 0.165943
vn -0.692209 0.705627 -0.151452
vn -0.692209 0.705627 -0.151452
vn -0.697179 0.697427 0.165943
vn -0.692209 0.705627 -0.151452
vn -0.120040 0.715004 0.688737
vn -0.120040 0.715004 0.688737
vn -0.170487 0.690383 0.703068
vn -0.170487 0.690383 0.703068
vn -0.120040 0.715004 0.688737
vn -0.170487 0.690383 0.703068
vn 0.050392 0.989996 -0.131789
vn 0.050392 0.989996 -0.131789
vn -0.105738 0.988990 0.103524
vn -0.105738 0.988990 0.103524
vn 0.050392 0.989996 -0.131789
vn -0.105738 0.988990 0.103524
vn -0.019724 0.578167 -0.815680
vn -0.088124 0.268705 -0.959183
vn -0.088124 0.268705 -0.959183
vn 0.016397 0.312404 -0.949808
vn -0.019724 0.578167 -0.815680
vn 0.108284 0.605444 -0.788487
vn 0.106192 0.988940 0.103542
vn 0.106192 0.988940 0.103542
vn -0.050394 0.989985 -0.131874
vn -0.050394 0.989985 -0.131874
vn 0.106192 0.988940 0.103542
vn -0.050394 0.989985 -0.131874
vn 0.170478 0.690374 0.703080
vn 0.170478 0.690374 0.703080
vn 0.121189 0.716004 0.687497
vn 0.121189 0.716004 0.687497
vn 0.170478 0.690374 0.703080
vn 0.121189 0.716004 0.687497
vn 0.692178 0.705691 -0.151293
vn 0.692178 0.705691 -0.151293
vn 0.697179 0.697427 0.165943
vn 0.697179 0.697427 0.165943
vn 0.692178 0.705691 -0.151293
vn 0.697179 0.697427 0.165943
vn 0.676549 0.734205 0.056784
vn 0.676549 0.734205 0.056784
vn 0.671335 0.741084 0.010233
vn 0.671335 0.741084 0.010233
vn 0.676549 0.734205 0.056784
vn 0.671335 0.741084 0.010233
vn 0.954872 0.274852 -0.112586
vn 0.954872 0.274852 -0.112586
vn 0.970743 0.236996 -0.038603
vn 0.970743 0.236996 -0.038603
vn 0.954872 0.274852 -0.112586
vn 0.970743 0.236996 -0.038603
vn 0.653286 0.756904 -0.017713
vn 0.653286 0.756904 -0.017713
vn 0.649811 0.756995 -0.068587
vn 0.649811 0.756995 -0.068587
vn 0.653286 0.756904 -0.017713
vn 0.649811 0.756995 -0.068587
vn 0.932852 0.268779 -0.239884
vn 0.932852 0.268779 -0.239884
vn 0.939716 0.276605 -0.201055
vn 0.939716 0.276605 -0.201055
vn 0.932852 0.268779 -0.239884
vn 0.939716 0.276605 -0.201055
vn -0.671286 0.741127 0.010302
vn -0.671286 0.741127 0.010302
vn -0.676565 0.734185 0.056844
vn -0.676565 0.734185 0.056844
vn -0.671286 0.741127 0.010302
vn -0.676565 0.734185 0.056844
vn -0.939712 0.276622 -0.201049
vn -0.939712 0.276622 -0.201049
vn -0.932839 0.268874 -0.239831
vn -0.932839 0.268874 -0.239831
vn -0.939712 0.276622 -0.201049
vn -0.932839 0.268874 -0.239831
vn -0.649848 0.756971 -0.068508
vn -0.649848 0.756971 -0.068508
vn -0.653278 0.756913 -0.017629
vn -0.653278 0.756913 -0.017629
vn -0.649848 0.756971 -0.068508
vn -0.653278 0.756913 -0.017629
vn -0.970732 0.237064 -0.038476
vn -0.970732 0.237064 -0.038476
vn -0.954830 0.274973 -0.112646
vn -0.954830 0.274973 -0.112646
vn -0.970732 0.237064 -0.038476
vn -0.954830 0.274973 -0.112646
vn -0.438116 0.832075 0.340155
vn -0.438116 0.832075 0.340155
vn -0.373246 0.855949 0.357825
vn -0.373246 0.855949 0.357825
vn -0.438116 0.832075 0.340155
vn -0.373246 0.855949 0.357825
vn 0.194349 0.848144 0.492829
vn 0.068994 0.790259 0.608877
vn -0.090891 0.854738 0.511039
vn 0.068994 0.790259 0.608877
vn 0.194349 0.848144 0.492829
vn -0.090891 0.854738 0.511039
vn 0.091801 0.855012 0.510418
vn 0.004339 0.792929 0.609298
vn 0.119829 0.792033 0.598603
vn 0.119829 0.792033 0.598603
vn 0.091801 0.855012 0.510418
vn -0.194414 0.848148 0.492797
vn 0.374843 0.856084 0.355827
vn 0.374843 0.856084 0.355827
vn 0.438351 0.832044 0.339928
vn 0.438351 0.832044 0.339928
vn 0.374843 0.856084 0.355827
vn 0.438351 0.832044 0.339928
vn -0.344030 0.774640 0.530638
vn 0.119829 0.792033 0.598603
vn -0.054071 0.712187 0.699904
vn -0.098313 0.746717 0.657837
vn -0.344030 0.774640 0.530638
vn -0.369646 0.709873 0.599535
vn 0.391089 0.710128 0.585464
vn 0.036247 0.819004 0.572641
vn -0.008714 0.826710 0.562561
vn 0.106231 0.771289 0.627557
vn 0.391089 0.710128 0.585464
vn 0.344739 0.774853 0.529867
vn 0.099544 0.744269 0.660420
vn -0.554527 0.704823 0.442406
vn -0.587932 0.656995 0.471904
vn -0.587932 0.656995 0.471904
vn -0.037181 0.821064 0.569624
vn -0.112675 0.799426 0.590104
vn 0.150266 0.708238 0.689796
vn 0.036159 0.771869 0.634753
vn 0.118112 0.796096 0.593532
vn -0.010929 0.789298 0.613913
vn 0.036159 0.771869 0.634753
vn -0.010929 0.789298 0.613913
vn -0.137792 -0.949379 0.282299
vn -0.137792 -0.949379 0.282299
vn 0.137806 -0.949368 0.282329
vn 0.137806 -0.949368 0.282329
vn -0.137792 -0.949379 0.282299
vn 0.137806 -0.949368 0.282329
vn -0.052484 -0.904376 0.423497
vn -0.052484 -0.904376 0.423497
vn -0.005901 -0.912587 0.408841
vn -0.005901 -0.912587 0.408841
vn -0.052484 -0.904376 0.423497
vn -0.005901 -0.912587 0.408841
vn -0.181302 0.244084 0.952655
vn 0.036247 0.819004 0.572641
vn 0.036247 0.819004 0.572641
vn 0.036247 0.819004 0.572641
vn -0.181302 0.244084 0.952655
vn 0.159352 0.230339 0.959974
vn 0.423943 -0.875307 -0.232613
vn 0.423943 -0.875307 -0.232613
vn 0.453011 -0.799415 -0.394610
vn 0.453011 -0.799415 -0.394610
vn 0.423943 -0.875307 -0.232613
vn 0.453011 -0.799415 -0.394610
vn -0.142030 -0.942314 -0.303104
vn -0.142030 -0.942314 -0.303104
vn 0.142113 -0.942299 -0.303111
vn 0.142113 -0.942299 -0.303111
vn -0.142030 -0.942314 -0.303104
vn 0.142113 -0.942299 -0.303111
vn -0.452911 -0.799544 -0.394462
vn -0.452911 -0.799544 -0.394462
vn -0.423925 -0.875282 -0.232743
vn -0.423925 -0.875282 -0.232743
vn -0.452911 -0.799544 -0.394462
vn -0.423925 -0.875282 -0.232743
vn 0.057175 0.276678 -0.959260
vn -0.105968 0.175116 -0.978828
vn -0.129317 -0.333627 -0.933794
vn -0.053100 0.135803 -0.989312
vn 0.129256 -0.333464 -0.933860
vn -0.129317 -0.333627 -0.933794
vn 0.106658 -0.947279 0.302135
vn 0.106658 -0.947279 0.302135
vn -0.117122 -0.943390 0.310319
vn -0.117122 -0.943390 0.310319
vn 0.106658 -0.947279 0.302135
vn -0.117122 -0.943390 0.310319
vn -0.098313 0.746717 0.657837
vn 0.042899 0.937201 0.346142
vn -0.093748 0.768394 0.633073
vn -0.047444 0.937032 0.346006
vn -0.098313 0.746717 0.657837
vn -0.098313 0.746717 0.657837
vn -0.145859 0.712954 0.685873
vn -0.034017 0.772019 0.634689
vn 0.002534 0.826105 0.563510
vn 0.011609 0.788452 0.614987
vn -0.034017 0.772019 0.634689
vn 0.011609 0.788452 0.614987
vn -0.098545 0.236880 -0.966528
vn -0.012184 0.223817 -0.974555
vn -0.057110 0.276810 -0.959226
vn 0.028679 0.201011 -0.979169
vn -0.012184 0.223817 -0.974555
vn 0.028679 0.201011 -0.979169
vn 0.106156 0.175149 -0.978802
vn -0.503612 0.272169 -0.819939
vn -0.577506 0.292105 -0.762340
vn -0.577506 0.292105 -0.762340
vn 0.116648 0.208018 -0.971145
vn -0.116585 0.208044 -0.971147
vn -0.105968 0.175116 -0.978828
vn 0.600610 0.220811 -0.768447
vn 0.415988 0.356221 -0.836696
vn 0.415988 0.356221 -0.836696
vn -0.105968 0.175116 -0.978828
vn -0.105968 0.175116 -0.978828
vn 0.057175 0.276678 -0.959260
vn 0.012186 0.223809 -0.974557
vn 0.098589 0.236767 -0.966551
vn -0.028649 0.201013 -0.979170
vn 0.012186 0.223809 -0.974557
vn -0.028649 0.201013 -0.979170
vn -0.097682 0.698949 -0.708470
vn -0.097682 0.698949 -0.708470
vn 0.097737 0.698945 -0.708465
vn 0.097737 0.698945 -0.708465
vn 0.057175 0.276678 -0.959260
vn 0.057175 0.276678 -0.959260
vn -0.415927 0.356483 -0.836615
vn -0.415927 0.356483 -0.836615
vn -0.600758 0.220736 -0.768352
vn -0.600758 0.220736 -0.768352
vn 0.053224 0.135863 -0.989297
vn 0.106156 0.175149 -0.978802
vn 0.578219 0.291504 -0.762029
vn 0.578219 0.291504 -0.762029
vn 0.503563 0.272226 -0.819949
vn 0.503563 0.272226 -0.819949
vn 0.106156 0.175149 -0.978802
vn 0.106156 0.175149 -0.978802
vn -0.037181 0.821064 0.569624
vn 0.588015 0.656968 0.471839
vn -0.037181 0.821064 0.569624
vn 0.554139 0.703695 0.444683
vn -0.037181 0.821064 0.569624
vn 0.099544 0.744269 0.660420
vn 0.680847 0.723744 0.112433
vn 0.680847 0.723744 0.112433
vn 0.686561 0.710522 0.154248
vn 0.686561 0.710522 0.154248
vn 0.680847 0.723744 0.112433
vn 0.686561 0.710522 0.154248
vn 0.966291 0.231261 -0.113140
vn 0.966291 0.231261 -0.113140
vn 0.963978 0.236229 -0.122239
vn 0.963978 0.236229 -0.122239
vn 0.966291 0.231261 -0.113140
vn 0.963978 0.236229 -0.122239
vn 0.675651 0.726957 0.122592
vn 0.675651 0.726957 0.122592
vn 0.661289 0.718749 -0.214702
vn 0.661289 0.718749 -0.214702
vn 0.675651 0.726957 0.122592
vn 0.661289 0.718749 -0.214702
vn -0.130680 0.988869 0.071133
vn -0.130680 0.988869 0.071133
vn 0.130680 0.988869 0.071133
vn 0.130680 0.988869 0.071133
vn -0.130680 0.988869 0.071133
vn 0.130680 0.988869 0.071133
vn -0.660654 0.719191 -0.215176
vn -0.660654 0.719191 -0.215176
vn -0.675651 0.726957 0.122592
vn -0.675651 0.726957 0.122592
vn -0.660654 0.719191 -0.215176
vn -0.675651 0.726957 0.122592
vn -0.963973 0.236255 -0.122225
vn -0.963973 0.236255 -0.122225
vn -0.966294 0.231252 -0.113130
vn -0.966294 0.231252 -0.113130
vn -0.963973 0.236255 -0.122225
vn -0.966294 0.231252 -0.113130
vn -0.686572 0.710529 0.154169
vn -0.686572 0.710529 0.154169
vn -0.680852 0.723743 0.112417
vn -0.680852 0.723743 0.112417
vn -0.686572 0.710529 0.154169
vn -0.680852 0.723743 0.112417
vn 0.712580 0.700093 -0.045811
vn 0.712580 0.700093 -0.045811
vn 0.603752 0.793569 0.075702
vn 0.603752 0.793569 0.075702
vn 0.712580 0.700093 -0.045811
vn 0.603752 0.793569 0.075702
vn 0.679779 0.730409 -0.066356
vn 0.679779 0.730409 -0.066356
vn 0.704689 0.707775 -0.049670
vn 0.704689 0.707775 -0.049670
vn 0.679779 0.730409 -0.066356
vn 0.704689 0.707775 -0.049670
vn -0.706087 0.706438 -0.048849
vn -0.706087 0.706438 -0.048849
vn -0.681008 0.729318 -0.065753
vn -0.681008 0.729318 -0.065753
vn -0.706087 0.706438 -0.048849
vn -0.681008 0.729318 -0.065753
vn -0.606394 0.791661 0.074561
vn -0.606394 0.791661 0.074561
vn -0.712588 0.700088 -0.045771
vn -0.712588 0.700088 -0.045771
vn -0.606394 0.791661 0.074561
vn -0.712588 0.700088 -0.045771
vn 0.203476 0.976363 -0.072890
vn 0.203476 0.976363 -0.072890
vn -0.203519 0.976357 -0.072847
vn -0.203519 0.976357 -0.072847
vn 0.203476 0.976363 -0.072890
vn -0.203519 0.976357 -0.072847
vn 0.174701 0.932055 0.317415
vn 0.174701 0.932055 0.317415
vn -0.174708 0.932054 0.317414
vn -0.174708 0.932054 0.317414
vn 0.174701 0.932055 0.317415
vn -0.174708 0.932054 0.317414
vn -0.174968 0.984527 0.009648
vn -0.174968 0.984527 0.009648
vn 0.174998 0.984522 0.009650
vn 0.174998 0.984522 0.009650
vn -0.174968 0.984527 0.009648
vn 0.174998 0.984522 0.009650
vn -0.550963 0.822661 -0.140248
vn -0.550963 0.822661 -0.140248
vn -0.610052 0.786390 0.097093
vn -0.610052 0.786390 0.097093
vn -0.550963 0.822661 -0.140248
vn -0.610052 0.786390 0.097093
vn -0.981248 -0.166208 0.097603
vn -0.981248 -0.166208 0.097603
vn -0.955684 -0.209724 -0.206600
vn -0.955684 -0.209724 -0.206600
vn -0.981248 -0.166208 0.097603
vn -0.955684 -0.209724 -0.206600
vn 0.955732 -0.209396 -0.206712
vn 0.955732 -0.209396 -0.206712
vn 0.981243 -0.166242 0.097603
vn 0.981243 -0.166242 0.097603
vn 0.955732 -0.209396 -0.206712
vn 0.981243 -0.166242 0.097603
vn 0.608606 0.787427 0.097767
vn 0.608606 0.787427 0.097767
vn 0.551039 0.822631 -0.140123
vn 0.551039 0.822631 -0.140123
vn 0.608606 0.787427 0.097767
vn 0.551039 0.822631 -0.140123
vn 0.703228 0.691027 0.167191
vn 0.703228 0.691027 0.167191
vn 0.708020 0.706188 -0.002505
vn 0.708020 0.706188 -0.002505
vn 0.703228 0.691027 0.167191
vn 0.708020 0.706188 -0.002505
vn 0.678174 0.227854 0.698686
vn 0.678174 0.227854 0.698686
vn 0.697038 0.169439 0.696727
vn 0.697038 0.169439 0.696727
vn 0.678174 0.227854 0.698686
vn 0.697038 0.169439 0.696727
vn 0.700823 0.713174 0.015180
vn 0.700823 0.713174 0.015180
vn 0.666692 0.735288 0.121953
vn 0.666692 0.735288 0.121953
vn 0.700823 0.713174 0.015180
vn 0.666692 0.735288 0.121953
vn -0.666721 0.735205 0.122296
vn -0.666721 0.735205 0.122296
vn -0.700833 0.713164 0.015157
vn -0.700833 0.713164 0.015157
vn -0.666721 0.735205 0.122296
vn -0.700833 0.713164 0.015157
vn -0.697038 0.169439 0.696727
vn -0.697038 0.169439 0.696727
vn -0.677403 0.226184 0.699976
vn -0.677403 0.226184 0.699976
vn -0.697038 0.169439 0.696727
vn -0.677403 0.226184 0.699976
vn -0.707997 0.706211 -0.002501
vn -0.707997 0.706211 -0.002501
vn -0.703228 0.691027 0.167190
vn -0.703228 0.691027 0.167190
vn -0.707997 0.706211 -0.002501
vn -0.703228 0.691027 0.167190
vn 0.501032 -0.847461 -0.175431
vn 0.501032 -0.847461 -0.175431
vn 0.488533 -0.872202 -0.024486
vn 0.488533 -0.872202 -0.024486
vn 0.501032 -0.847461 -0.175431
vn 0.488533 -0.872202 -0.024486
vn -0.500996 -0.847460 -0.175540
vn -0.500996 -0.847460 -0.175540
vn -0.486187 -0.873639 -0.019410
vn -0.486187 -0.873639 -0.019410
vn -0.500996 -0.847460 -0.175540
vn -0.486187 -0.873639 -0.019410
vn 0.688603 0.227410 0.688557
vn 0.688603 0.227410 0.688557
vn 0.697247 0.170107 0.696355
vn 0.697247 0.170107 0.696355
vn 0.688603 0.227410 0.688557
vn 0.697247 0.170107 0.696355
vn -0.697247 0.170107 0.696355
vn -0.697247 0.170107 0.696355
vn -0.688603 0.227410 0.688557
vn -0.688603 0.227410 0.688557
vn -0.697247 0.170107 0.696355
vn -0.688603 0.227410 0.688557
vn 0.122461 0.727824 0.674741
vn 0.122461 0.727824 0.674741
vn 0.167021 0.698359 0.695987
vn 0.167021 0.698359 0.695987
vn 0.122461 0.727824 0.674741
vn 0.167021 0.698359 0.695987
vn -0.167021 0.698360 0.695987
vn -0.167021 0.698360 0.695987
vn -0.122461 0.727824 0.674741
vn -0.122461 0.727824 0.674741
vn -0.167021 0.698360 0.695987
vn -0.122461 0.727824 0.674741
vn 0.120125 0.968833 0.216637
vn 0.120125 0.968833 0.216637
vn -0.120130 0.968838 0.216615
vn -0.120130 0.968838 0.216615
vn 0.120125 0.968833 0.216637
vn -0.120130 0.968838 0.216615
vn -0.071389 0.988892 0.130368
vn -0.071389 0.988892 0.130368
vn 0.000000 1.000000 -0.000000
vn 0.000000 1.000000 -0.000000
vn -0.071389 0.988892 0.130368
vn 0.000000 1.000000 -0.000000
vn -0.000000 1.000000 -0.000000
vn -0.000000 1.000000 -0.000000
vn 0.071389 0.988892 0.130368
vn 0.071389 0.988892 0.130368
vn -0.000000 1.000000 -0.000000
vn 0.071389 0.988892 0.130368
vn -0.000000 1.000000 0.000000
vn -0.000000 1.000000 0.000000
vn 0.000000 1.000000 0.000000
vn 0.000000 1.000000 0.000000
vn -0.000000 1.000000 0.000000
vn 0.000000 1.000000 0.000000
vn 0.137015 0.990391 0.018773
vn 0.137015 0.990391 0.018773
vn -0.000000 1.000000 0.000000
vn -0.000000 1.000000 0.000000
vn 0.137015 0.990391 0.018773
vn -0.000000 1.000000 0.000000
vn 0.000000 1.000000 0.000000
vn 0.000000 1.000000 0.000000
vn -0.136990 0.990395 0.018774
vn -0.136990 0.990395 0.018774
vn 0.000000 1.000000 0.000000
vn -0.136990 0.990395 0.018774
vn -0.229939 0.460955 -0.857116
vn -0.229939 0.460955 -0.857116
vn 0.228694 0.457804 -0.859136
vn 0.228694 0.457804 -0.859136
vn -0.229939 0.460955 -0.857116
vn 0.228694 0.457804 -0.859136
vn -0.694222 0.309807 -0.649673
vn -0.694222 0.309807 -0.649673
vn -0.657573 0.381326 -0.649760
vn -0.657573 0.381326 -0.649760
vn -0.694222 0.309807 -0.649673
vn -0.657573 0.381326 -0.649760
vn 0.171065 0.766823 -0.618644
vn 0.171065 0.766823 -0.618644
vn -0.172247 0.767553 -0.617408
vn -0.172247 0.767553 -0.617408
vn 0.171065 0.766823 -0.618644
vn -0.172247 0.767553 -0.617408
vn 0.651147 0.379556 -0.657225
vn 0.651147 0.379556 -0.657225
vn 0.687747 0.310213 -0.656332
vn 0.687747 0.310213 -0.656332
vn 0.651147 0.379556 -0.657225
vn 0.687747 0.310213 -0.656332
vn -0.999045 0.020981 0.038317
vn -0.999045 0.020981 0.038317
vn -0.909634 0.332661 -0.248803
vn -0.909634 0.332661 -0.248803
vn -0.999045 0.020981 0.038317
vn -0.909634 0.332661 -0.248803
vn -0.976257 0.206155 0.066496
vn -0.976257 0.206155 0.066496
vn -0.997227 0.024536 0.070264
vn -0.997227 0.024536 0.070264
vn -0.976257 0.206155 0.066496
vn -0.997227 0.024536 0.070264
vn -0.692544 0.704699 -0.154214
vn -0.692544 0.704699 -0.154214
vn -0.704510 0.709689 0.002627
vn -0.704510 0.709689 0.002627
vn -0.692544 0.704699 -0.154214
vn -0.704510 0.709689 0.002627
vn -0.699798 0.709747 0.080885
vn -0.699798 0.709747 0.080885
vn -0.719827 0.653321 0.234566
vn -0.719827 0.653321 0.234566
vn -0.699798 0.709747 0.080885
vn -0.719827 0.653321 0.234566
vn -0.990942 0.011261 0.133820
vn -0.990942 0.011261 0.133820
vn -0.993667 0.027539 0.108936
vn -0.993667 0.027539 0.108936
vn -0.990942 0.011261 0.133820
vn -0.993667 0.027539 0.108936
vn -0.975884 0.126570 0.177848
vn -0.975884 0.126570 0.177848
vn -0.998300 -0.000911 0.058285
vn -0.998300 -0.000911 0.058285
vn -0.975884 0.126570 0.177848
vn -0.998300 -0.000911 0.058285
vn -0.809340 0.575343 0.118106
vn -0.809340 0.575343 0.118106
vn -0.992257 -0.101549 0.071511
vn -0.992257 -0.101549 0.071511
vn -0.809340 0.575343 0.118106
vn -0.992257 -0.101549 0.071511
vn -0.636920 0.714089 0.290535
vn -0.636920 0.714089 0.290535
vn -0.315994 0.932320 0.175858
vn -0.315994 0.932320 0.175858
vn -0.636920 0.714089 0.290535
vn -0.315994 0.932320 0.175858
vn -0.591608 0.341787 0.730193
vn -0.591608 0.341787 0.730193
vn -0.643623 0.371864 0.668930
vn -0.643623 0.371864 0.668930
vn -0.591608 0.341787 0.730193
vn -0.643623 0.371864 0.668930
vn 0.035171 0.980717 0.192240
vn 0.035171 0.980717 0.192240
vn -0.035198 0.980714 0.192252
vn -0.035198 0.980714 0.192252
vn 0.035171 0.980717 0.192240
vn -0.035198 0.980714 0.192252
vn 0.636792 0.714393 0.290068
vn 0.636792 0.714393 0.290068
vn 0.315905 0.932352 0.175849
vn 0.315905 0.932352 0.175849
vn 0.636792 0.714393 0.290068
vn 0.315905 0.932352 0.175849
vn -0.246339 0.736272 0.630255
vn -0.246339 0.736272 0.630255
vn 0.246530 0.736482 0.629935
vn 0.246530 0.736482 0.629935
vn -0.246339 0.736272 0.630255
vn 0.246530 0.736482 0.629935
vn 0.994008 0.030949 0.104836
vn 0.994008 0.030949 0.104836
vn 0.990942 0.011259 0.133819
vn 0.990942 0.011259 0.133819
vn 0.994008 0.030949 0.104836
vn 0.990942 0.011259 0.133819
vn 0.977117 0.204826 0.057345
vn 0.977117 0.204826 0.057345
vn 0.997882 0.025779 0.059718
vn 0.997882 0.025779 0.059718
vn 0.977117 0.204826 0.057345
vn 0.997882 0.025779 0.059718
vn 0.719685 0.653084 0.235656
vn 0.719685 0.653084 0.235656
vn 0.699865 0.709811 0.079730
vn 0.699865 0.709811 0.079730
vn 0.719685 0.653084 0.235656
vn 0.699865 0.709811 0.079730
vn 0.998294 -0.000924 0.058388
vn 0.998294 -0.000924 0.058388
vn 0.976672 0.124717 0.174804
vn 0.976672 0.124717 0.174804
vn 0.998294 -0.000924 0.058388
vn 0.976672 0.124717 0.174804
vn 0.905775 0.330009 -0.265831
vn 0.905775 0.330009 -0.265831
vn 0.999471 0.024128 0.021819
vn 0.999471 0.024128 0.021819
vn 0.905775 0.330009 -0.265831
vn 0.999471 0.024128 0.021819
vn 0.704019 0.710103 -0.010510
vn 0.704019 0.710103 -0.010510
vn 0.689935 0.704287 -0.167241
vn 0.689935 0.704287 -0.167241
vn 0.704019 0.710103 -0.010510
vn 0.689935 0.704287 -0.167241
vn -0.201802 0.768445 0.607262
vn -0.201802 0.768445 0.607262
vn 0.201796 0.769072 0.606471
vn 0.201796 0.769072 0.606471
vn -0.201802 0.768445 0.607262
vn 0.201796 0.769072 0.606471
vn 0.595615 0.341939 0.726857
vn 0.595615 0.341939 0.726857
vn 0.643964 0.372185 0.668422
vn 0.643964 0.372185 0.668422
vn 0.595615 0.341939 0.726857
vn 0.643964 0.372185 0.668422
vn -0.195365 0.980702 0.007496
vn -0.195365 0.980702 0.007496
vn 0.194601 0.980868 0.005388
vn 0.194601 0.980868 0.005388
vn -0.195365 0.980702 0.007496
vn 0.194601 0.980868 0.005388
vn 0.992257 -0.101550 0.071511
vn 0.992257 -0.101550 0.071511
vn 0.809284 0.575422 0.118107
vn 0.809284 0.575422 0.118107
vn 0.992257 -0.101550 0.071511
vn 0.809284 0.575422 0.118107
vn -0.302604 0.788562 0.535352
vn -0.688674 0.620750 0.374696
vn -0.498790 0.792398 0.351160
vn -0.498790 0.792398 0.351160
vn -0.163478 0.938127 0.305274
vn -0.498790 0.792398 0.351160
vn -0.610052 0.786390 0.097093
vn -0.498790 0.792398 0.351160
vn -0.241274 -0.167998 0.955805
vn -0.574271 -0.695128 0.432446
vn -0.793881 -0.233466 0.561468
vn -0.793881 -0.233466 0.561468
vn -0.781607 0.401019 0.477781
vn -0.793881 -0.233466 0.561468
vn -0.981248 -0.166208 0.097603
vn -0.793881 -0.233466 0.561468
vn -0.938052 -0.050199 0.342839
vn -0.500961 -0.653197 0.567779
vn -0.696625 -0.037656 0.716447
vn -0.696625 -0.037656 0.716447
vn -0.643363 0.508418 0.572360
vn -0.696625 -0.037656 0.716447
vn -0.236332 -0.060832 0.969766
vn -0.696625 -0.037656 0.716447
vn -0.183601 0.813385 0.551993
vn -0.026502 0.907518 0.419177
vn -0.232389 0.851587 0.469887
vn -0.232389 0.851587 0.469887
vn -0.488389 0.719516 0.493733
vn -0.232389 0.851587 0.469887
vn -0.373246 0.855949 0.357825
vn -0.232389 0.851587 0.469887
vn 0.056936 -0.780292 0.622818
vn -0.117122 -0.943390 0.310319
vn -0.282927 -0.886777 0.365484
vn -0.282927 -0.886777 0.365484
vn -0.424627 -0.812931 0.398541
vn -0.282927 -0.886777 0.365484
vn -0.486187 -0.873639 -0.019410
vn -0.282927 -0.886777 0.365484
vn -0.298707 -0.852833 0.428311
vn -0.374084 -0.908255 0.187440
vn -0.116924 -0.901363 0.416981
vn -0.116924 -0.901363 0.416981
vn 0.116913 -0.783421 0.610395
vn -0.116924 -0.901363 0.416981
vn -0.005901 -0.912587 0.408841
vn -0.116924 -0.901363 0.416981
vn -0.057201 -0.784589 0.617372
vn 0.447444 -0.802965 0.393753
vn 0.297276 -0.886348 0.354985
vn 0.297276 -0.886348 0.354985
vn 0.106658 -0.947279 0.302135
vn 0.297276 -0.886348 0.354985
vn 0.488533 -0.872202 -0.024486
vn 0.297276 -0.886348 0.354985
vn 0.245494 -0.169562 0.954454
vn 0.782615 0.402804 0.474618
vn 0.797347 -0.232220 0.557057
vn 0.797347 -0.232220 0.557057
vn 0.574690 -0.695963 0.430542
vn 0.797347 -0.232220 0.557057
vn 0.981243 -0.166242 0.097603
vn 0.797347 -0.232220 0.557057
vn 0.939298 -0.050363 0.339385
vn 0.641885 0.511710 0.571084
vn 0.696684 -0.037604 0.716392
vn 0.696684 -0.037604 0.716392
vn 0.499251 -0.656350 0.565644
vn 0.696684 -0.037604 0.716392
vn 0.232157 -0.062697 0.970656
vn 0.696684 -0.037604 0.716392
vn -0.052484 -0.904376 0.423497
vn 0.356623 -0.911527 0.204789
vn 0.085619 -0.881049 0.465212
vn 0.085619 -0.881049 0.465212
vn -0.141498 -0.758504 0.636121
vn 0.085619 -0.881049 0.465212
vn 0.324201 -0.829068 0.455565
vn 0.085619 -0.881049 0.465212
vn 0.296805 0.789262 0.537561
vn 0.166661 0.936761 0.307738
vn 0.494734 0.793421 0.354573
vn 0.494734 0.793421 0.354573
vn 0.683006 0.625743 0.376760
vn 0.494734 0.793421 0.354573
vn 0.608606 0.787427 0.097767
vn 0.494734 0.793421 0.354573
vn 0.374843 0.856084 0.355827
vn 0.036288 0.908276 0.416795
vn 0.237967 0.854062 0.462546
vn 0.237967 0.854062 0.462546
vn 0.485034 0.724055 0.490394
vn 0.237967 0.854062 0.462546
vn 0.184323 0.816869 0.546580
vn 0.237967 0.854062 0.462546
vn 0.930998 0.018853 0.364537
vn 0.582731 -0.635554 0.506454
vn 0.574457 0.264892 0.774488
vn 0.574457 0.264892 0.774488
vn 0.391089 0.710128 0.585464
vn 0.574457 0.264892 0.774488
vn 0.150266 0.708238 0.689796
vn 0.574457 0.264892 0.774488
vn 0.159352 0.230339 0.959974
vn 0.574457 0.264892 0.774488
vn 0.462300 -0.826569 0.321034
vn 0.464630 -0.874110 0.141597
vn 0.390612 -0.886727 0.247259
vn 0.390612 -0.886727 0.247259
vn 0.137806 -0.949368 0.282329
vn 0.390612 -0.886727 0.247259
vn -0.464638 -0.874114 0.141551
vn -0.462293 -0.826589 0.320991
vn -0.390603 -0.886753 0.247181
vn -0.390603 -0.886753 0.247181
vn -0.137792 -0.949379 0.282299
vn -0.390603 -0.886753 0.247181
vn -0.582640 -0.636483 0.505390
vn -0.929323 0.017321 0.368862
vn -0.566877 0.269279 0.778549
vn -0.566877 0.269279 0.778549
vn -0.181302 0.244084 0.952655
vn -0.566877 0.269279 0.778549
vn -0.145859 0.712954 0.685873
vn -0.566877 0.269279 0.778549
vn -0.369646 0.709873 0.599535
vn -0.566877 0.269279 0.778549
vn -0.706355 0.693472 0.141982
vn -0.966294 0.231252 -0.113130
vn -0.700560 0.708545 0.084735
vn -0.700560 0.708545 0.084735
vn -0.189854 0.949940 0.248133
vn -0.700560 0.708545 0.084735
vn -0.700833 0.713164 0.015157
vn -0.700560 0.708545 0.084735
vn -0.214414 0.922406 0.321238
vn -0.671286 0.741127 0.010302
vn -0.688443 0.724265 0.038559
vn -0.688443 0.724265 0.038559
vn -0.702436 0.703599 0.107385
vn -0.688443 0.724265 0.038559
vn -0.932839 0.268874 -0.239831
vn -0.688443 0.724265 0.038559
vn 0.932852 0.268779 -0.239884
vn 0.671335 0.741084 0.010233
vn 0.688544 0.724175 0.038450
vn 0.688544 0.724175 0.038450
vn 0.702488 0.703553 0.107346
vn 0.688544 0.724175 0.038450
vn 0.214463 0.922408 0.321198
vn 0.688544 0.724175 0.038450
vn 0.700823 0.713174 0.015180
vn 0.966291 0.231261 -0.113140
vn 0.700553 0.708552 0.084737
vn 0.700553 0.708552 0.084737
vn 0.189853 0.949937 0.248145
vn 0.700553 0.708552 0.084737
vn 0.706360 0.693472 0.141960
vn 0.700553 0.708552 0.084737
vn 0.050392 0.989996 -0.131789
vn -0.057110 0.276810 -0.959226
vn 0.262068 0.775650 -0.574184
vn 0.262068 0.775650 -0.574184
vn 0.551039 0.822631 -0.140123
vn 0.262068 0.775650 -0.574184
vn 0.415988 0.356221 -0.836696
vn 0.262068 0.775650 -0.574184
vn -0.108398 0.605460 -0.788460
vn -0.692209 0.705627 -0.151452
vn -0.513919 0.599556 -0.613530
vn -0.513919 0.599556 -0.613530
vn -0.503612 0.272169 -0.819939
vn -0.513919 0.599556 -0.613530
vn -0.697179 0.697427 0.165943
vn -0.170487 0.690383 0.703068
vn -0.577827 0.579195 0.575021
vn -0.577827 0.579195 0.575021
vn -0.697247 0.170107 0.696355
vn -0.577827 0.579195 0.575021
vn -0.105738 0.988990 0.103524
vn -0.666721 0.735205 0.122296
vn -0.441469 0.768837 0.462597
vn -0.441469 0.768837 0.462597
vn -0.120040 0.715004 0.688737
vn -0.441469 0.768837 0.462597
vn -0.677403 0.226184 0.699976
vn -0.441469 0.768837 0.462597
vn 0.503563 0.272226 -0.819949
vn 0.692178 0.705691 -0.151293
vn 0.513853 0.599675 -0.613470
vn 0.513853 0.599675 -0.613470
vn 0.108284 0.605444 -0.788487
vn 0.513853 0.599675 -0.613470
vn -0.550963 0.822661 -0.140248
vn -0.016384 0.312423 -0.949802
vn -0.262038 0.775650 -0.574197
vn -0.262038 0.775650 -0.574197
vn -0.050394 0.989985 -0.131874
vn -0.262038 0.775650 -0.574197
vn -0.019724 0.578167 -0.815680
vn -0.262038 0.775650 -0.574197
vn 0.121189 0.716004 0.687497
vn 0.678174 0.227854 0.698686
vn 0.442250 0.769498 0.460748
vn 0.442250 0.769498 0.460748
vn 0.106192 0.988940 0.103542
vn 0.442250 0.769498 0.460748
vn 0.666692 0.735288 0.121953
vn 0.442250 0.769498 0.460748
vn 0.170478 0.690374 0.703080
vn 0.697179 0.697427 0.165943
vn 0.577827 0.579195 0.575022
vn 0.577827 0.579195 0.575022
vn 0.697247 0.170107 0.696355
vn 0.577827 0.579195 0.575022
vn 0.588015 0.656968 0.471839
vn 0.194349 0.848144 0.492829
vn 0.702362 0.669592 0.241525
vn 0.702362 0.669592 0.241525
vn 0.970743 0.236996 -0.038603
vn 0.702362 0.669592 0.241525
vn 0.676549 0.734205 0.056784
vn 0.702362 0.669592 0.241525
vn 0.174998 0.984522 0.009650
vn 0.679779 0.730409 -0.066356
vn 0.658362 0.749287 -0.071616
vn 0.658362 0.749287 -0.071616
vn 0.649811 0.756995 -0.068587
vn 0.658362 0.749287 -0.071616
vn 0.954872 0.274852 -0.112586
vn 0.658362 0.749287 -0.071616
vn 0.939716 0.276605 -0.201055
vn 0.686561 0.710522 0.154248
vn 0.669326 0.736736 0.096032
vn 0.669326 0.736736 0.096032
vn 0.653286 0.756904 -0.017713
vn 0.669326 0.736736 0.096032
vn 0.174701 0.932055 0.317415
vn 0.669326 0.736736 0.096032
vn -0.970732 0.237064 -0.038476
vn -0.676565 0.734185 0.056844
vn -0.702360 0.669559 0.241623
vn -0.702360 0.669559 0.241623
vn -0.587932 0.656995 0.471904
vn -0.702360 0.669559 0.241623
vn -0.194414 0.848148 0.492797
vn -0.702360 0.669559 0.241623
vn -0.174708 0.932054 0.317414
vn -0.686572 0.710529 0.154169
vn -0.669319 0.736742 0.096036
vn -0.669319 0.736742 0.096036
vn -0.653278 0.756913 -0.017629
vn -0.669319 0.736742 0.096036
vn -0.939712 0.276622 -0.201049
vn -0.669319 0.736742 0.096036
vn -0.954830 0.274973 -0.112646
vn -0.681008 0.729318 -0.065753
vn -0.658241 0.749387 -0.071676
vn -0.658241 0.749387 -0.071676
vn -0.649848 0.756971 -0.068508
vn -0.658241 0.749387 -0.071676
vn -0.174968 0.984527 0.009648
vn -0.658241 0.749387 -0.071676
vn -0.438116 0.832075 0.340155
vn 0.042647 0.705847 0.707080
vn -0.350639 0.820992 0.450582
vn -0.350639 0.820992 0.450582
vn -0.344030 0.774640 0.530638
vn -0.350639 0.820992 0.450582
vn 0.091801 0.855012 0.510418
vn 0.438351 0.832044 0.339928
vn 0.352047 0.821175 0.449148
vn 0.352047 0.821175 0.449148
vn 0.344739 0.774853 0.529867
vn 0.352047 0.821175 0.449148
vn 0.099544 0.744269 0.660420
vn -0.047444 0.937032 0.346006
vn 0.099544 0.744269 0.660420
vn -0.093748 0.768394 0.633073
vn -0.554527 0.704823 0.442406
vn -0.272880 0.882109 0.383953
vn -0.606394 0.791661 0.074561
vn -0.272880 0.882109 0.383953
vn -0.057110 0.276810 -0.959226
vn 0.129256 -0.333464 -0.933860
vn -0.057110 0.276810 -0.959226
vn 0.089282 0.241042 -0.966399
vn 0.600610 0.220811 -0.768447
vn 0.541088 -0.217121 -0.812455
vn 0.955732 -0.209396 -0.206712
vn 0.541088 -0.217121 -0.812455
vn 0.453011 -0.799415 -0.394610
vn 0.541088 -0.217121 -0.812455
vn 0.423943 -0.875307 -0.232613
vn 0.142113 -0.942299 -0.303111
vn 0.426475 -0.878634 -0.214759
vn 0.426475 -0.878634 -0.214759
vn 0.501032 -0.847461 -0.175431
vn 0.426475 -0.878634 -0.214759
vn -0.142030 -0.942314 -0.303104
vn -0.423925 -0.875282 -0.232743
vn -0.426367 -0.878645 -0.214929
vn -0.426367 -0.878645 -0.214929
vn -0.500996 -0.847460 -0.175540
vn -0.426367 -0.878645 -0.214929
vn -0.452911 -0.799544 -0.394462
vn 0.098589 0.236767 -0.966551
vn -0.541071 -0.217545 -0.812352
vn -0.541071 -0.217545 -0.812352
vn -0.955684 -0.209724 -0.206600
vn -0.541071 -0.217545 -0.812352
vn 0.089282 0.241042 -0.966399
vn 0.089282 0.241042 -0.966399
vn 0.098589 0.236767 -0.966551
vn 0.098589 0.236767 -0.966551
vn -0.080264 0.787974 0.610454
vn 0.554139 0.703695 0.444683
vn -0.093748 0.768394 0.633073
vn -0.093748 0.768394 0.633073
vn 0.042899 0.937201 0.346142
vn 0.268391 0.882185 0.386931
vn 0.603752 0.793569 0.075702
vn 0.268391 0.882185 0.386931
vn -0.660654 0.719191 -0.215176
vn 0.031970 0.278626 -0.959867
vn -0.360806 0.548065 -0.754615
vn -0.360806 0.548065 -0.754615
vn -0.036725 0.296197 -0.954421
vn 0.031970 0.278626 -0.959867
vn 0.031970 0.278626 -0.959867
vn -0.036725 0.296197 -0.954421
vn 0.661289 0.718749 -0.214702
vn -0.036725 0.296197 -0.954421
vn 0.361637 0.547660 -0.754511
vn 0.361637 0.547660 -0.754511
vn -0.116585 0.208044 -0.971147
vn -0.085456 0.271821 -0.958546
vn -0.116585 0.208044 -0.971147
vn -0.116585 0.208044 -0.971147
vn 0.680847 0.723744 0.112433
vn 0.963978 0.236229 -0.122239
vn 0.587729 0.808231 0.036574
vn 0.587729 0.808231 0.036574
vn 0.120125 0.968833 0.216637
vn 0.587729 0.808231 0.036574
vn 0.137015 0.990391 0.018773
vn 0.587729 0.808231 0.036574
vn 0.708020 0.706188 -0.002505
vn 0.587729 0.808231 0.036574
vn 0.675651 0.726957 0.122592
vn 0.130680 0.988869 0.071133
vn 0.403626 0.821235 0.403311
vn 0.403626 0.821235 0.403311
vn 0.688603 0.227410 0.688557
vn 0.403626 0.821235 0.403311
vn 0.122461 0.727824 0.674741
vn 0.403626 0.821235 0.403311
vn 0.071389 0.988892 0.130368
vn 0.403626 0.821235 0.403311
vn -0.130680 0.988869 0.071133
vn -0.675651 0.726957 0.122592
vn -0.403626 0.821235 0.403311
vn -0.403626 0.821235 0.403311
vn -0.071389 0.988892 0.130368
vn -0.403626 0.821235 0.403311
vn -0.122461 0.727824 0.674741
vn -0.403626 0.821235 0.403311
vn -0.688603 0.227410 0.688557
vn -0.403626 0.821235 0.403311
vn -0.963973 0.236255 -0.122225
vn -0.680852 0.723743 0.112417
vn -0.587704 0.808249 0.036566
vn -0.587704 0.808249 0.036566
vn -0.707997 0.706211 -0.002501
vn -0.587704 0.808249 0.036566
vn -0.136990 0.990395 0.018774
vn -0.587704 0.808249 0.036566
vn -0.120130 0.968838 0.216615
vn -0.587704 0.808249 0.036566
vn 0.712580 0.700093 -0.045811
vn 0.704689 0.707775 -0.049670
vn 0.613114 0.788140 -0.054100
vn 0.613114 0.788140 -0.054100
vn 0.203476 0.976363 -0.072890
vn 0.613114 0.788140 -0.054100
vn -0.706087 0.706438 -0.048849
vn -0.712588 0.700088 -0.045771
vn -0.613161 0.788109 -0.054014
vn -0.613161 0.788109 -0.054014
vn -0.203519 0.976357 -0.072847
vn -0.613161 0.788109 -0.054014
vn 0.703228 0.691027 0.167191
vn 0.697038 0.169439 0.696727
vn 0.577028 0.578553 0.576468
vn 0.577028 0.578553 0.576468
vn 0.167021 0.698359 0.695987
vn 0.577028 0.578553 0.576468
vn -0.697038 0.169439 0.696727
vn -0.703228 0.691027 0.167190
vn -0.577028 0.578554 0.576467
vn -0.577028 0.578554 0.576467
vn -0.167021 0.698360 0.695987
vn -0.577028 0.578554 0.576467
vn 0.000000 1.000000 0.000000
vn -0.000000 1.000000 0.000000
vn -0.000000 1.000000 0.000000
vn -0.000000 1.000000 0.000000
vn 0.000000 1.000000 -0.000000
vn -0.000000 1.000000 0.000000
vn -0.000000 1.000000 -0.000000
vn 0.000000 1.000000 0.000000
vn 0.000000 1.000000 0.000000
vn 0.000000 1.000000 0.000000
vn -0.000000 1.000000 0.000000
vn 0.000000 1.000000 0.000000
vn 0.905775 0.330009 -0.265831
vn 0.651147 0.379556 -0.657225
vn 0.551844 0.602444 -0.576653
vn 0.551844 0.602444 -0.576653
vn 0.228694 0.457804 -0.859136
vn 0.551844 0.602444 -0.576653
vn -0.229939 0.460955 -0.857116
vn -0.657573 0.381326 -0.649760
vn -0.555627 0.607233 -0.567933
vn -0.555627 0.607233 -0.567933
vn -0.909634 0.332661 -0.248803
vn -0.555627 0.607233 -0.567933
vn -0.694222 0.309807 -0.649673
vn -0.172247 0.767553 -0.617408
vn -0.572581 0.641067 -0.511062
vn -0.572581 0.641067 -0.511062
vn -0.692544 0.704699 -0.154214
vn -0.572581 0.641067 -0.511062
vn 0.171065 0.766823 -0.618644
vn 0.687747 0.310213 -0.656332
vn 0.568299 0.639639 -0.517589
vn 0.568299 0.639639 -0.517589
vn 0.689935 0.704287 -0.167241
vn 0.568299 0.639639 -0.517589
vn -0.999045 0.020981 0.038317
vn -0.997227 0.024536 0.070264
vn -0.996580 0.041323 0.071556
vn -0.996580 0.041323 0.071556
vn -0.993667 0.027539 0.108936
vn -0.996580 0.041323 0.071556
vn -0.195365 0.980702 0.007496
vn -0.699798 0.709747 0.080885
vn -0.702611 0.710294 0.042669
vn -0.702611 0.710294 0.042669
vn -0.704510 0.709689 0.002627
vn -0.702611 0.710294 0.042669
vn -0.976257 0.206155 0.066496
vn -0.702611 0.710294 0.042669
vn -0.975884 0.126570 0.177848
vn -0.719827 0.653321 0.234566
vn -0.690963 0.493358 0.528363
vn -0.690963 0.493358 0.528363
vn -0.591608 0.341787 0.730193
vn -0.690963 0.493358 0.528363
vn -0.201802 0.768445 0.607262
vn -0.690963 0.493358 0.528363
vn -0.990942 0.011261 0.133820
vn -0.998300 -0.000911 0.058285
vn -0.990780 0.012367 0.134914
vn -0.990780 0.012367 0.134914
vn -0.992257 -0.101549 0.071511
vn -0.990780 0.012367 0.134914
vn -0.809340 0.575343 0.118106
vn -0.315994 0.932320 0.175858
vn -0.091246 0.983521 0.156082
vn -0.091246 0.983521 0.156082
vn -0.035198 0.980714 0.192252
vn -0.091246 0.983521 0.156082
vn -0.636920 0.714089 0.290535
vn -0.643623 0.371864 0.668930
vn -0.651722 0.566079 0.504789
vn -0.651722 0.566079 0.504789
vn -0.246339 0.736272 0.630255
vn -0.651722 0.566079 0.504789
vn 0.035171 0.980717 0.192240
vn 0.315905 0.932352 0.175849
vn 0.091109 0.983537 0.156060
vn 0.091109 0.983537 0.156060
vn 0.809284 0.575422 0.118107
vn 0.091109 0.983537 0.156060
vn 0.636792 0.714393 0.290068
vn 0.246530 0.736482 0.629935
vn 0.651954 0.566618 0.503885
vn 0.651954 0.566618 0.503885
vn 0.643964 0.372185 0.668422
vn 0.651954 0.566618 0.503885
vn 0.992257 -0.101550 0.071511
vn 0.998294 -0.000924 0.058388
vn 0.990780 0.012365 0.134913
vn 0.990780 0.012365 0.134913
vn -0.503612 0.272169 -0.819939
vn -0.085456 0.271821 -0.958546
vn -0.503612 0.272169 -0.819939
vn -0.108398 0.605460 -0.788460
vn -0.018441 0.227409 -0.973625
vn 0.019582 0.577965 -0.815827
vn -0.085456 0.271821 -0.958546
vn 0.019582 0.577965 -0.815827
vn 0.415988 0.356221 -0.836696
vn 0.022132 0.230493 -0.972822
vn -0.415927 0.356483 -0.836615
vn -0.053100 0.135803 -0.989312
vn -0.415927 0.356483 -0.836615
vn -0.019724 0.578167 -0.815680
vn -0.022132 0.230496 -0.972822
vn 0.108284 0.605444 -0.788487
vn 0.053224 0.135863 -0.989297
vn 0.108284 0.605444 -0.788487
vn 0.503563 0.272226 -0.819949
vn 0.018431 0.227414 -0.973624
vn -0.577506 0.292105 -0.762340
vn -0.503612 0.272169 -0.819939
vn -0.018441 0.227409 -0.973625
vn -0.020693 0.216056 -0.976162
vn 0.022132 0.230493 -0.972822
vn -0.018441 0.227409 -0.973625
vn -0.108398 0.605460 -0.788460
vn 0.019582 0.577965 -0.815827
vn 0.415988 0.356221 -0.836696
vn 0.600610 0.220811 -0.768447
vn 0.030419 0.209206 -0.977398
vn 0.022132 0.230493 -0.972822
vn 0.097737 0.698945 -0.708465
vn -0.097682 0.698949 -0.708470
vn -0.002990 0.232264 -0.972648
vn 0.002992 0.232261 -0.972649
vn -0.013598 0.191429 -0.981412
vn 0.013624 0.191441 -0.981409
vn 0.129256 -0.333464 -0.933860
vn -0.129317 -0.333627 -0.933794
vn -0.600758 0.220736 -0.768352
vn -0.415927 0.356483 -0.836615
vn -0.022132 0.230496 -0.972822
vn -0.030416 0.209220 -0.977395
vn 0.018431 0.227414 -0.973624
vn -0.022132 0.230496 -0.972822
vn -0.019724 0.578167 -0.815680
vn 0.108284 0.605444 -0.788487
vn 0.503563 0.272226 -0.819949
vn 0.578219 0.291504 -0.762029
vn 0.020691 0.216051 -0.976163
vn 0.018431 0.227414 -0.973624
vn -0.012184 0.223817 -0.974555
vn -0.002990 0.232264 -0.972648
vn -0.097682 0.698949 -0.708470
vn -0.360806 0.548065 -0.754615
vn 0.013624 0.191441 -0.981409
vn 0.028679 0.201011 -0.979169
vn 0.541088 -0.217121 -0.812455
vn 0.129256 -0.333464 -0.933860
vn 0.012186 0.223809 -0.974557
vn 0.020691 0.216051 -0.976163
vn 0.578219 0.291504 -0.762029
vn 0.361637 0.547660 -0.754511
vn -0.030416 0.209220 -0.977395
vn -0.028649 0.201013 -0.979170
vn -0.541071 -0.217545 -0.812352
vn -0.600758 0.220736 -0.768352
vn 0.028679 0.201011 -0.979169
vn 0.030419 0.209206 -0.977398
vn 0.600610 0.220811 -0.768447
vn 0.541088 -0.217121 -0.812455
vn -0.020693 0.216056 -0.976162
vn -0.012184 0.223817 -0.974555
vn -0.360806 0.548065 -0.754615
vn -0.577506 0.292105 -0.762340
vn -0.028649 0.201013 -0.979170
vn -0.013598 0.191429 -0.981412
vn -0.129317 -0.333627 -0.933794
vn -0.541071 -0.217545 -0.812352
vn 0.002992 0.232261 -0.972649
vn 0.012186 0.223809 -0.974557
vn 0.361637 0.547660 -0.754511
vn 0.097737 0.698945 -0.708465
vn -0.089338 0.240990 -0.966407
vn -0.089338 0.240990 -0.966407
vn -0.098545 0.236880 -0.966528
vn -0.098545 0.236880 -0.966528
vn -0.089338 0.240990 -0.966407
vn -0.098545 0.236880 -0.966528
vn -0.031987 0.278608 -0.959872
vn -0.031987 0.278608 -0.959872
vn 0.036697 0.296058 -0.954465
vn 0.036697 0.296058 -0.954465
vn -0.031987 0.278608 -0.959872
vn 0.036697 0.296058 -0.954465
vn 0.116648 0.208018 -0.971145
vn 0.116648 0.208018 -0.971145
vn 0.085496 0.271732 -0.958568
vn 0.085496 0.271732 -0.958568
vn 0.116648 0.208018 -0.971145
vn 0.085496 0.271732 -0.958568
vn -0.016384 0.312423 -0.949802
vn -0.016384 0.312423 -0.949802
vn 0.016397 0.312404 -0.949808
vn 0.016397 0.312404 -0.949808
vn -0.016384 0.312423 -0.949802
vn 0.016397 0.312404 -0.949808
vn 0.053224 0.135863 -0.989297
vn 0.053224 0.135863 -0.989297
vn -0.053100 0.135803 -0.989312
vn -0.053100 0.135803 -0.989312
vn 0.344739 0.774853 0.529867
vn -0.080264 0.787974 0.610454
vn 0.344739 0.774853 0.529867
vn 0.091801 0.855012 0.510418
vn -0.000414 0.782268 0.622942
vn -0.194414 0.848148 0.492797
vn -0.080264 0.787974 0.610454
vn -0.194414 0.848148 0.492797
vn -0.587932 0.656995 0.471904
vn -0.048690 0.780917 0.622734
vn 0.588015 0.656968 0.471839
vn -0.004309 0.792938 0.609286
vn 0.588015 0.656968 0.471839
vn 0.194349 0.848144 0.492829
vn 0.048805 0.780923 0.622718
vn -0.090891 0.854738 0.511039
vn 0.082807 0.777770 0.623071
vn -0.090891 0.854738 0.511039
vn -0.344030 0.774640 0.530638
vn 0.000431 0.782278 0.622930
vn -0.000414 0.782268 0.622942
vn 0.028962 0.777288 0.628478
vn 0.391089 0.710128 0.585464
vn 0.344739 0.774853 0.529867
vn -0.048690 0.780917 0.622734
vn -0.000414 0.782268 0.622942
vn 0.091801 0.855012 0.510418
vn -0.194414 0.848148 0.492797
vn -0.587932 0.656995 0.471904
vn -0.554527 0.704823 0.442406
vn -0.032357 0.785694 0.617769
vn -0.048690 0.780917 0.622734
vn -0.047444 0.937032 0.346006
vn 0.042899 0.937201 0.346142
vn -0.004401 0.791265 0.611458
vn 0.001630 0.790649 0.612267
vn 0.014488 0.762683 0.646610
vn -0.016801 0.764100 0.644879
vn -0.181302 0.244084 0.952655
vn 0.159352 0.230339 0.959974
vn 0.554139 0.703695 0.444683
vn 0.588015 0.656968 0.471839
vn 0.048805 0.780923 0.622718
vn 0.035881 0.784150 0.619533
vn 0.000431 0.782278 0.622930
vn 0.048805 0.780923 0.622718
vn 0.194349 0.848144 0.492829
vn -0.090891 0.854738 0.511039
vn -0.024548 0.776060 0.630181
vn 0.000431 0.782278 0.622930
vn -0.344030 0.774640 0.530638
vn -0.369646 0.709873 0.599535
vn 0.036159 0.771869 0.634753
vn 0.014488 0.762683 0.646610
vn 0.159352 0.230339 0.959974
vn 0.150266 0.708238 0.689796
vn 0.001630 0.790649 0.612267
vn -0.010929 0.789298 0.613913
vn -0.272880 0.882109 0.383953
vn -0.047444 0.937032 0.346006
vn -0.034017 0.772019 0.634689
vn -0.024548 0.776060 0.630181
vn -0.369646 0.709873 0.599535
vn -0.145859 0.712954 0.685873
vn 0.035881 0.784150 0.619533
vn 0.011609 0.788452 0.614987
vn 0.268391 0.882185 0.386931
vn 0.554139 0.703695 0.444683
vn -0.010929 0.789298 0.613913
vn -0.032357 0.785694 0.617769
vn -0.554527 0.704823 0.442406
vn -0.272880 0.882109 0.383953
vn 0.028962 0.777288 0.628478
vn 0.036159 0.771869 0.634753
vn 0.150266 0.708238 0.689796
vn 0.391089 0.710128 0.585464
vn 0.011609 0.788452 0.614987
vn -0.004401 0.791265 0.611458
vn 0.042899 0.937201 0.346142
vn 0.268391 0.882185 0.386931
vn -0.016801 0.764100 0.644879
vn -0.034017 0.772019 0.634689
vn -0.145859 0.712954 0.685873
vn -0.181302 0.244084 0.952655
vn 0.106231 0.771289 0.627557
vn 0.106231 0.771289 0.627557
vn 0.080315 0.787948 0.610481
vn 0.080315 0.787948 0.610481
vn 0.106231 0.771289 0.627557
vn 0.080315 0.787948 0.610481
vn 0.004339 0.792929 0.609298
vn 0.004339 0.792929 0.609298
vn -0.082740 0.777816 0.623022
vn -0.082740 0.777816 0.623022
vn 0.004339 0.792929 0.609298
vn -0.082740 0.777816 0.623022
vn -0.112675 0.799426 0.590104
vn -0.112675 0.799426 0.590104
vn -0.138610 0.780357 0.609780
vn -0.138610 0.780357 0.609780
vn -0.112675 0.799426 0.590104
vn -0.138610 0.780357 0.609780
vn -0.008714 0.826710 0.562561
vn -0.008714 0.826710 0.562561
vn 0.002534 0.826105 0.563510
vn 0.002534 0.826105 0.563510
vn -0.008714 0.826710 0.562561
vn 0.002534 0.826105 0.563510
vn -0.054071 0.712187 0.699904
vn -0.054071 0.712187 0.699904
vn 0.042647 0.705847 0.707080
vn 0.042647 0.705847 0.707080
vn -0.054071 0.712187 0.699904
vn 0.042647 0.705847 0.707080
vn 0.138859 0.780356 0.609723
vn 0.138859 0.780356 0.609723
vn 0.118112 0.796096 0.593532
vn 0.118112 0.796096 0.593532
vn 0.138859 0.780356 0.609723
vn 0.118112 0.796096 0.593532
vn 0.082807 0.777770 0.623071
vn 0.082807 0.777770 0.623071
vn -0.004309 0.792938 0.609286
vn -0.004309 0.792938 0.609286
#end 2568 vertex normals

#begin texture vertices
vt 0.603686 0.013236 0.000000
vt 0.325514 0.013236 0.000000
vt 0.746033 0.437453 0.000000
vt 0.517191 0.448362 0.000000
vt 0.032185 0.118651 0.000000
vt 0.610042 0.987671 0.000000
vt 0.619376 0.703837 0.000000
vt 0.035747 0.415158 0.000000
vt 0.635791 0.091544 0.000000
vt 0.303712 0.106261 0.000000
vt 0.833056 0.544968 0.000000
vt 0.148624 0.520502 0.000000
vt 0.536073 0.230253 0.000000
vt 0.167918 0.555564 0.000000
vt 0.609071 0.672692 0.000000
vt 0.340851 0.677256 0.000000
vt 0.662336 0.538294 0.000000
vt 0.284565 0.532910 0.000000
vt 0.733525 0.499984 0.000000
vt 0.219767 0.497705 0.000000
vt 0.599246 0.616410 0.000000
vt 0.353018 0.615321 0.000000
vt 0.633544 0.473554 0.000000
vt 0.320029 0.472161 0.000000
vt 0.500426 0.964862 0.000000
vt 0.591649 0.969549 0.000000
vt 0.454820 0.697862 0.000000
vt 0.500325 0.706439 0.000000
vt 0.580027 0.674299 0.000000
vt 0.516961 0.670391 0.000000
vt 0.516257 0.956746 0.000000
vt 0.440554 0.954684 0.000000
vt 0.438320 0.703154 0.000000
vt 0.518500 0.706181 0.000000
vt 0.244213 0.670662 0.000000
vt 0.535028 0.675939 0.000000
vt 0.413114 0.618146 0.000000
vt 0.078588 0.621660 0.000000
vt 0.393608 0.986304 0.000000
vt 0.563178 0.987174 0.000000
vt 0.385450 0.973734 0.000000
vt 0.076092 0.967948 0.000000
vt 0.228309 0.967948 0.000000
vt 0.563219 0.975053 0.000000
vt 0.228151 0.987282 0.000000
vt 0.412103 0.990411 0.000000
vt 0.563752 0.572344 0.000000
vt 0.383572 0.575119 0.000000
vt 0.428032 0.614129 0.000000
vt 0.353129 0.609330 0.000000
vt 0.541937 0.601465 0.000000
vt 0.414965 0.597530 0.000000
vt 0.078691 0.767036 0.000000
vt 0.230184 0.761196 0.000000
vt 0.693303 0.720306 0.000000
vt 0.944961 0.713110 0.000000
vt 0.674364 0.680369 0.000000
vt 0.669276 0.644568 0.000000
vt 0.892833 0.596876 0.000000
vt 0.965956 0.674342 0.000000
vt 0.735040 0.990337 0.000000
vt 0.939500 0.955587 0.000000
vt 0.737882 0.721622 0.000000
vt 0.899222 0.728887 0.000000
vt 0.732990 0.685316 0.000000
vt 0.683798 0.660887 0.000000
vt 0.892858 0.627639 0.000000
vt 0.895656 0.679088 0.000000
vt 0.735040 0.955398 0.000000
vt 0.898783 0.955398 0.000000
vt 0.899677 0.682535 0.000000
vt 0.332066 0.702493 0.000000
vt 0.032997 0.403249 0.000000
vt 0.331626 0.708532 0.000000
vt 0.142224 0.521052 0.000000
vt 0.149535 0.511329 0.000000
vt 0.142310 0.514404 0.000000
vt 0.142157 0.524208 0.000000
vt 0.148508 0.523327 0.000000
vt 0.290691 0.536662 0.000000
vt 0.040829 0.435300 0.000000
vt 0.342654 0.671478 0.000000
vt 0.326589 0.660756 0.000000
vt 0.230015 0.414768 0.000000
vt 0.511999 0.448789 0.000000
vt 0.231706 0.402120 0.000000
vt 0.228905 0.427817 0.000000
vt 0.536073 0.442439 0.000000
vt 0.531579 0.443501 0.000000
vt 0.517191 0.224182 0.000000
vt 0.743678 0.424392 0.000000
vt 0.511999 0.223714 0.000000
vt 0.826836 0.544572 0.000000
vt 0.832542 0.538229 0.000000
vt 0.825360 0.535064 0.000000
vt 0.826947 0.547415 0.000000
vt 0.833117 0.548143 0.000000
vt 0.668420 0.534614 0.000000
vt 0.747118 0.450583 0.000000
vt 0.784817 0.558296 0.000000
vt 0.531579 0.229156 0.000000
vt 0.938870 0.439486 0.000000
vt 0.619756 0.709890 0.000000
vt 0.941205 0.427487 0.000000
vt 0.933801 0.459696 0.000000
vt 0.610818 0.678491 0.000000
vt 0.625238 0.662075 0.000000
vt 0.351500 0.610565 0.000000
vt 0.696892 0.220557 0.000000
vt 0.621183 0.467932 0.000000
vt 0.701319 0.220809 0.000000
vt 0.627881 0.477898 0.000000
vt 0.605623 0.236508 0.000000
vt 0.610861 0.236283 0.000000
vt 0.610861 0.437001 0.000000
vt 0.605623 0.436735 0.000000
vt 0.325727 0.476573 0.000000
vt 0.696892 0.453408 0.000000
vt 0.329409 0.478334 0.000000
vt 0.338831 0.479957 0.000000
vt 0.591781 0.706197 0.000000
vt 0.456429 0.703817 0.000000
vt 0.592761 0.712385 0.000000
vt 0.582230 0.680336 0.000000
vt 0.439854 0.667267 0.000000
vt 0.441763 0.673696 0.000000
vt 0.369395 0.679354 0.000000
vt 0.371655 0.673342 0.000000
vt 0.515043 0.676755 0.000000
vt 0.359591 0.705095 0.000000
vt 0.501940 0.700541 0.000000
vt 0.358551 0.711265 0.000000
vt 0.942011 0.141193 0.000000
vt 0.618984 0.985502 0.000000
vt 0.552417 0.206186 0.000000
vt 0.554923 0.987571 0.000000
vt 0.550394 0.207938 0.000000
vt 0.456327 0.983354 0.000000
vt 0.554965 0.975021 0.000000
vt 0.587142 0.974606 0.000000
vt 0.456297 0.955035 0.000000
vt 0.456327 0.963182 0.000000
vt 0.385371 0.985835 0.000000
vt 0.607782 0.206155 0.000000
vt 0.338585 0.985911 0.000000
vt 0.607711 0.208217 0.000000
vt 0.329680 0.983667 0.000000
vt 0.361573 0.973074 0.000000
vt 0.500456 0.956746 0.000000
vt 0.357125 0.967986 0.000000
vt 0.393689 0.973776 0.000000
vt 0.500426 0.984962 0.000000
vt 0.528826 0.617713 0.000000
vt 0.386353 0.617456 0.000000
vt 0.531096 0.612215 0.000000
vt 0.544137 0.630136 0.000000
vt 0.543796 0.622047 0.000000
vt 0.077525 0.627697 0.000000
vt 0.538005 0.669561 0.000000
vt 0.065075 0.670662 0.000000
vt 0.066737 0.664322 0.000000
vt 0.386989 0.611417 0.000000
vt 0.425769 0.608560 0.000000
vt 0.565880 0.618249 0.000000
vt 0.418886 0.665965 0.000000
vt 0.421850 0.672433 0.000000
vt 0.242654 0.664322 0.000000
vt 0.412777 0.626258 0.000000
vt 0.231505 0.621660 0.000000
vt 0.232468 0.627697 0.000000
vt 0.388924 0.612982 0.000000
vt 0.346808 0.611757 0.000000
vt 0.605492 0.612899 0.000000
vt 0.565302 0.612203 0.000000
vt 0.561830 0.588076 0.000000
vt 0.415969 0.586711 0.000000
vt 0.232203 0.583265 0.000000
vt 0.415321 0.592431 0.000000
vt 0.293409 0.091544 0.000000
vt 0.289833 0.102563 0.000000
vt 0.836779 0.113290 0.000000
vt 0.823548 0.119087 0.000000
vt 0.832758 0.116409 0.000000
vt 0.278719 0.222791 0.000000
vt 0.745646 0.139690 0.000000
vt 0.229726 0.119092 0.000000
vt 0.278718 0.447865 0.000000
vt 0.635439 0.095569 0.000000
vt 0.142093 0.095092 0.000000
vt 0.151358 0.097845 0.000000
vt 0.627916 0.112718 0.000000
vt 0.394029 0.580817 0.000000
vt 0.077824 0.580118 0.000000
vt 0.541580 0.596378 0.000000
vt 0.078520 0.583265 0.000000
vt 0.370213 0.178121 0.000000
vt 0.384196 0.183769 0.000000
vt 0.228818 0.991041 0.000000
vt 0.536357 0.991519 0.000000
vt 0.554231 0.173899 0.000000
vt 0.548344 0.187303 0.000000
vt 0.412553 0.994707 0.000000
vt 0.075932 0.987282 0.000000
vt 0.517186 0.712177 0.000000
vt 0.052572 0.706685 0.000000
vt 0.050573 0.723201 0.000000
vt 0.052085 0.712965 0.000000
vt 0.516251 0.984962 0.000000
vt 0.075032 0.962108 0.000000
vt 0.069548 0.960913 0.000000
vt 0.412211 0.973818 0.000000
vt 0.536413 0.974898 0.000000
vt 0.234969 0.960913 0.000000
vt 0.229465 0.962108 0.000000
vt 0.440560 0.983001 0.000000
vt 0.256508 0.712965 0.000000
vt 0.257851 0.723201 0.000000
vt 0.256123 0.706685 0.000000
vt 0.439628 0.709200 0.000000
vt 0.078547 0.598970 0.000000
vt 0.078537 0.593118 0.000000
vt 0.232025 0.593118 0.000000
vt 0.231918 0.598970 0.000000
vt 0.516250 0.964862 0.000000
vt 0.049114 0.960906 0.000000
vt 0.255403 0.960907 0.000000
vt 0.440561 0.962830 0.000000
vt 0.229012 0.767036 0.000000
vt 0.234507 0.764876 0.000000
vt 0.077615 0.761196 0.000000
vt 0.073232 0.764876 0.000000
vt 0.898783 0.990338 0.000000
vt 0.902772 0.993203 0.000000
vt 0.694244 0.954813 0.000000
vt 0.691303 0.961722 0.000000
vt 0.731010 0.993203 0.000000
vt 0.735074 0.946307 0.000000
vt 0.727056 0.946385 0.000000
vt 0.906785 0.946685 0.000000
vt 0.898803 0.946311 0.000000
vt 0.692413 0.712829 0.000000
vt 0.690474 0.715417 0.000000
vt 0.729770 0.728139 0.000000
vt 0.730102 0.720726 0.000000
vt 0.737650 0.728921 0.000000
vt 0.720108 0.677859 0.000000
vt 0.740913 0.686118 0.000000
vt 0.741271 0.679211 0.000000
vt 0.672016 0.674279 0.000000
vt 0.669076 0.676933 0.000000
vt 0.743964 0.596996 0.000000
vt 0.740122 0.596091 0.000000
vt 0.664113 0.632858 0.000000
vt 0.743798 0.632028 0.000000
vt 0.743989 0.627758 0.000000
vt 0.969253 0.643708 0.000000
vt 0.974758 0.631635 0.000000
vt 0.896674 0.595965 0.000000
vt 0.893055 0.631909 0.000000
vt 0.954038 0.660532 0.000000
vt 0.963696 0.680377 0.000000
vt 0.968933 0.677082 0.000000
vt 0.943756 0.720915 0.000000
vt 0.946666 0.715940 0.000000
vt 0.907033 0.720569 0.000000
vt 0.907101 0.728289 0.000000
vt 0.898994 0.721592 0.000000
vt 0.904144 0.685084 0.000000
vt 0.895972 0.686000 0.000000
vt 0.917106 0.677714 0.000000
vt 0.141469 0.518305 0.000000
vt 0.034116 0.409397 0.000000
vt 0.145240 0.527516 0.000000
vt 0.145343 0.524575 0.000000
vt 0.041958 0.440586 0.000000
vt 0.324638 0.665551 0.000000
vt 0.288122 0.539414 0.000000
vt 0.142558 0.526802 0.000000
vt 0.031422 0.411829 0.000000
vt 0.330349 0.698411 0.000000
vt 0.336836 0.679801 0.000000
vt 0.036486 0.431320 0.000000
vt 0.230687 0.409181 0.000000
vt 0.149574 0.516804 0.000000
vt 0.232502 0.425139 0.000000
vt 0.531295 0.446061 0.000000
vt 0.520462 0.449736 0.000000
vt 0.233802 0.411049 0.000000
vt 0.147649 0.526196 0.000000
vt 0.283509 0.536827 0.000000
vt 0.164503 0.559892 0.000000
vt 0.227725 0.433199 0.000000
vt 0.825310 0.540556 0.000000
vt 0.744684 0.431497 0.000000
vt 0.829627 0.551333 0.000000
vt 0.829525 0.548362 0.000000
vt 0.747666 0.455732 0.000000
vt 0.788257 0.562619 0.000000
vt 0.669520 0.538523 0.000000
vt 0.827232 0.550038 0.000000
vt 0.741519 0.432523 0.000000
vt 0.519828 0.222613 0.000000
vt 0.526954 0.225087 0.000000
vt 0.742369 0.441857 0.000000
vt 0.940095 0.433659 0.000000
vt 0.833379 0.542161 0.000000
vt 0.937057 0.458332 0.000000
vt 0.613961 0.678551 0.000000
vt 0.620899 0.699073 0.000000
vt 0.942584 0.436859 0.000000
vt 0.832298 0.550698 0.000000
vt 0.664878 0.541072 0.000000
vt 0.627140 0.666893 0.000000
vt 0.932301 0.464954 0.000000
vt 0.629869 0.474550 0.000000
vt 0.664493 0.535371 0.000000
vt 0.732225 0.496016 0.000000
vt 0.611249 0.233491 0.000000
vt 0.695789 0.217861 0.000000
vt 0.632628 0.469677 0.000000
vt 0.790606 0.559003 0.000000
vt 0.539014 0.227845 0.000000
vt 0.605113 0.233793 0.000000
vt 0.738284 0.499701 0.000000
vt 0.215123 0.497410 0.000000
vt 0.605111 0.439446 0.000000
vt 0.539012 0.444871 0.000000
vt 0.162232 0.556249 0.000000
vt 0.321060 0.468310 0.000000
vt 0.695790 0.456095 0.000000
vt 0.611244 0.439795 0.000000
vt 0.221212 0.493777 0.000000
vt 0.288475 0.533871 0.000000
vt 0.323836 0.473096 0.000000
vt 0.592533 0.709320 0.000000
vt 0.619644 0.706837 0.000000
vt 0.577998 0.680677 0.000000
vt 0.445494 0.673407 0.000000
vt 0.458268 0.696687 0.000000
vt 0.587515 0.706543 0.000000
vt 0.609801 0.675610 0.000000
vt 0.581114 0.677270 0.000000
vt 0.370540 0.676302 0.000000
vt 0.341895 0.674387 0.000000
vt 0.363848 0.705475 0.000000
vt 0.498481 0.699291 0.000000
vt 0.511301 0.676380 0.000000
vt 0.373620 0.679728 0.000000
vt 0.331768 0.705486 0.000000
vt 0.358807 0.708207 0.000000
vt 0.563196 0.990902 0.000000
vt 0.376756 0.209739 0.000000
vt 0.321418 0.206155 0.000000
vt 0.559092 0.975074 0.000000
vt 0.559052 0.987102 0.000000
vt 0.583595 0.971020 0.000000
vt 0.459825 0.963335 0.000000
vt 0.459825 0.983432 0.000000
vt 0.563233 0.970961 0.000000
vt 0.615401 0.987001 0.000000
vt 0.591164 0.972979 0.000000
vt 0.333417 0.989244 0.000000
vt 0.603726 0.209739 0.000000
vt 0.321475 0.208218 0.000000
vt 0.357575 0.971415 0.000000
vt 0.333241 0.985195 0.000000
vt 0.385476 0.969649 0.000000
vt 0.496915 0.984962 0.000000
vt 0.496915 0.964837 0.000000
vt 0.365048 0.969526 0.000000
vt 0.389491 0.985800 0.000000
vt 0.389569 0.973792 0.000000
vt 0.525859 0.616017 0.000000
vt 0.390092 0.618495 0.000000
vt 0.375639 0.673445 0.000000
vt 0.513568 0.670472 0.000000
vt 0.544030 0.626246 0.000000
vt 0.529823 0.614757 0.000000
vt 0.541396 0.669212 0.000000
vt 0.062989 0.664271 0.000000
vt 0.073976 0.626991 0.000000
vt 0.547175 0.631500 0.000000
vt 0.516347 0.673442 0.000000
vt 0.536652 0.672599 0.000000
vt 0.443234 0.667422 0.000000
vt 0.576039 0.674366 0.000000
vt 0.562128 0.619254 0.000000
vt 0.430987 0.612489 0.000000
vt 0.420234 0.669045 0.000000
vt 0.440466 0.670342 0.000000
vt 0.409747 0.627559 0.000000
vt 0.236028 0.626991 0.000000
vt 0.246404 0.664271 0.000000
vt 0.415506 0.665539 0.000000
vt 0.427037 0.611139 0.000000
vt 0.412879 0.622358 0.000000
vt 0.349617 0.615536 0.000000
vt 0.348924 0.615335 0.000000
vt 0.328265 0.665194 0.000000
vt 0.339835 0.668545 0.000000
vt 0.386798 0.614418 0.000000
vt 0.563353 0.613741 0.000000
vt 0.599008 0.613432 0.000000
vt 0.599193 0.610417 0.000000
vt 0.611928 0.669824 0.000000
vt 0.623534 0.666538 0.000000
vt 0.603362 0.616510 0.000000
vt 0.602656 0.616710 0.000000
vt 0.349715 0.608784 0.000000
vt 0.600810 0.611670 0.000000
vt 0.624185 0.479607 0.000000
vt 0.388274 0.578532 0.000000
vt 0.333742 0.478099 0.000000
vt 0.428502 0.606145 0.000000
vt 0.561241 0.612275 0.000000
vt 0.625913 0.468310 0.000000
vt 0.567450 0.571880 0.000000
vt 0.608142 0.436715 0.000000
vt 0.608142 0.236548 0.000000
vt 0.533458 0.229828 0.000000
vt 0.533458 0.442844 0.000000
vt 0.701319 0.453191 0.000000
vt 0.332521 0.466667 0.000000
vt 0.562915 0.578722 0.000000
vt 0.321972 0.013081 0.000000
vt 0.743010 0.134427 0.000000
vt 0.822961 0.113447 0.000000
vt 0.290610 0.089172 0.000000
vt 0.602799 0.009861 0.000000
vt 0.275881 0.448042 0.000000
vt 0.275882 0.222591 0.000000
vt 0.326401 0.009861 0.000000
vt 0.638584 0.089159 0.000000
vt 0.151963 0.092248 0.000000
vt 0.232428 0.113900 0.000000
vt 0.607209 0.013034 0.000000
vt 0.293761 0.095569 0.000000
vt 0.376783 0.206186 0.000000
vt 0.515205 0.223861 0.000000
vt 0.515205 0.448667 0.000000
vt 0.620567 0.477282 0.000000
vt 0.232951 0.580118 0.000000
vt 0.558569 0.581540 0.000000
vt 0.328941 0.469092 0.000000
vt 0.384535 0.569798 0.000000
vt 0.380856 0.183769 0.000000
vt 0.232009 0.991041 0.000000
vt 0.532213 0.996595 0.000000
vt 0.301313 0.108235 0.000000
vt 0.378806 0.207935 0.000000
vt 0.535829 0.995826 0.000000
vt 0.380856 0.187269 0.000000
vt 0.634872 0.104060 0.000000
vt 0.942447 0.137208 0.000000
vt 0.317504 0.206698 0.000000
vt 0.548344 0.183769 0.000000
vt 0.416190 0.995514 0.000000
vt 0.072013 0.991041 0.000000
vt 0.627887 0.108235 0.000000
vt 0.550829 0.182349 0.000000
vt 0.075204 0.991041 0.000000
vt 0.545004 0.183769 0.000000
vt 0.294798 0.100563 0.000000
vt 0.138067 0.091948 0.000000
vt 0.639373 0.102544 0.000000
vt 0.379166 0.181525 0.000000
vt 0.393173 0.990404 0.000000
vt 0.548344 0.206138 0.000000
vt 0.334455 0.490322 0.000000
vt 0.541000 0.590559 0.000000
vt 0.390700 0.587190 0.000000
vt 0.522154 0.707189 0.000000
vt 0.048437 0.706647 0.000000
vt 0.060691 0.671368 0.000000
vt 0.539028 0.675901 0.000000
vt 0.500854 0.703405 0.000000
vt 0.517510 0.709078 0.000000
vt 0.072196 0.968798 0.000000
vt 0.416333 0.973471 0.000000
vt 0.416218 0.991196 0.000000
vt 0.072049 0.986684 0.000000
vt 0.228667 0.965028 0.000000
vt 0.075782 0.965028 0.000000
vt 0.232045 0.986684 0.000000
vt 0.532228 0.992270 0.000000
vt 0.532287 0.974513 0.000000
vt 0.232191 0.968798 0.000000
vt 0.439305 0.706084 0.000000
vt 0.455901 0.700760 0.000000
vt 0.417867 0.672309 0.000000
vt 0.248586 0.671372 0.000000
vt 0.260260 0.706649 0.000000
vt 0.434680 0.704086 0.000000
vt 0.545323 0.599128 0.000000
vt 0.074624 0.594012 0.000000
vt 0.074611 0.586778 0.000000
vt 0.544801 0.592044 0.000000
vt 0.547188 0.624270 0.000000
vt 0.074670 0.619686 0.000000
vt 0.074650 0.608299 0.000000
vt 0.546360 0.613119 0.000000
vt 0.411296 0.599122 0.000000
vt 0.235848 0.598102 0.000000
vt 0.235454 0.619720 0.000000
vt 0.409732 0.620335 0.000000
vt 0.412113 0.587997 0.000000
vt 0.236055 0.586766 0.000000
vt 0.235923 0.594013 0.000000
vt 0.411591 0.595109 0.000000
vt 0.078542 0.596044 0.000000
vt 0.231972 0.596044 0.000000
vt 0.066019 0.667446 0.000000
vt 0.243321 0.667446 0.000000
vt 0.231774 0.624607 0.000000
vt 0.078270 0.624607 0.000000
vt 0.028656 0.119695 0.000000
vt 0.326197 0.984936 0.000000
vt 0.327993 0.708518 0.000000
vt 0.029589 0.401341 0.000000
vt 0.145417 0.514423 0.000000
vt 0.145190 0.096725 0.000000
vt 0.829679 0.118017 0.000000
vt 0.829454 0.538216 0.000000
vt 0.944593 0.425600 0.000000
vt 0.623395 0.709909 0.000000
vt 0.622460 0.986804 0.000000
vt 0.945519 0.142278 0.000000
vt 0.519774 0.956753 0.000000
vt 0.045225 0.960906 0.000000
vt 0.047227 0.717403 0.000000
vt 0.520548 0.717442 0.000000
vt 0.500448 0.960804 0.000000
vt 0.516249 0.960804 0.000000
vt 0.496927 0.705467 0.000000
vt 0.362642 0.712023 0.000000
vt 0.360976 0.966192 0.000000
vt 0.496915 0.957522 0.000000
vt 0.459825 0.955893 0.000000
vt 0.587809 0.967717 0.000000
vt 0.588656 0.713109 0.000000
vt 0.459814 0.702918 0.000000
vt 0.440562 0.958757 0.000000
vt 0.456305 0.959108 0.000000
vt 0.436279 0.714418 0.000000
vt 0.261293 0.717410 0.000000
vt 0.259292 0.960906 0.000000
vt 0.437050 0.954613 0.000000
vt 0.739646 0.139395 0.000000
vt 0.279236 0.220074 0.000000
vt 0.511656 0.220994 0.000000
vt 0.740947 0.422151 0.000000
vt 0.279232 0.450585 0.000000
vt 0.235763 0.118854 0.000000
vt 0.234453 0.399918 0.000000
vt 0.511655 0.451506 0.000000
vt 0.412235 0.969726 0.000000
vt 0.516243 0.989020 0.000000
vt 0.500426 0.989020 0.000000
vt 0.393709 0.969683 0.000000
vt 0.554986 0.970922 0.000000
vt 0.456327 0.987427 0.000000
vt 0.440568 0.987074 0.000000
vt 0.536429 0.970798 0.000000
vt 0.519762 0.985331 0.000000
vt 0.068692 0.965028 0.000000
vt 0.049083 0.965028 0.000000
vt 0.519761 0.964866 0.000000
vt 0.437063 0.962756 0.000000
vt 0.255366 0.965028 0.000000
vt 0.235757 0.965028 0.000000
vt 0.437062 0.983294 0.000000
vt 0.051974 0.709953 0.000000
vt 0.256668 0.709953 0.000000
vt 0.232213 0.961273 0.000000
vt 0.231763 0.767471 0.000000
vt 0.075933 0.767471 0.000000
vt 0.072297 0.961273 0.000000
vt 0.229197 0.764116 0.000000
vt 0.078554 0.764116 0.000000
vt 0.051168 0.717273 0.000000
vt 0.074595 0.761473 0.000000
vt 0.233199 0.761473 0.000000
vt 0.257354 0.717273 0.000000
vt 0.733025 0.993203 0.000000
vt 0.900778 0.993203 0.000000
vt 0.731010 0.955483 0.000000
vt 0.727469 0.952675 0.000000
vt 0.694485 0.960926 0.000000
vt 0.731010 0.989884 0.000000
vt 0.898783 0.951790 0.000000
vt 0.735048 0.951789 0.000000
vt 0.902772 0.989893 0.000000
vt 0.939188 0.961461 0.000000
vt 0.906299 0.952727 0.000000
vt 0.902772 0.955480 0.000000
vt 0.690482 0.717920 0.000000
vt 0.691291 0.958190 0.000000
vt 0.729798 0.723729 0.000000
vt 0.693320 0.716019 0.000000
vt 0.731078 0.946115 0.000000
vt 0.733663 0.728750 0.000000
vt 0.733996 0.721210 0.000000
vt 0.736992 0.685779 0.000000
vt 0.670424 0.679358 0.000000
vt 0.690148 0.714830 0.000000
vt 0.728034 0.681890 0.000000
vt 0.672963 0.677260 0.000000
vt 0.664900 0.639849 0.000000
vt 0.669021 0.676447 0.000000
vt 0.687022 0.657172 0.000000
vt 0.740148 0.628251 0.000000
vt 0.740125 0.600389 0.000000
vt 0.667174 0.636107 0.000000
vt 0.730319 0.679174 0.000000
vt 0.737657 0.675169 0.000000
vt 0.740060 0.630426 0.000000
vt 0.688922 0.658338 0.000000
vt 0.894753 0.595967 0.000000
vt 0.742043 0.596089 0.000000
vt 0.896700 0.628123 0.000000
vt 0.950782 0.656699 0.000000
vt 0.971555 0.634983 0.000000
vt 0.896677 0.600261 0.000000
vt 0.743931 0.628776 0.000000
vt 0.892917 0.628657 0.000000
vt 0.947006 0.715347 0.000000
vt 0.967530 0.679530 0.000000
vt 0.907142 0.723753 0.000000
vt 0.943804 0.716506 0.000000
vt 0.899939 0.685657 0.000000
vt 0.902926 0.721174 0.000000
vt 0.964984 0.677393 0.000000
vt 0.909259 0.681781 0.000000
vt 0.942412 0.958797 0.000000
vt 0.903396 0.989259 0.000000
vt 0.946220 0.718759 0.000000
vt 0.946622 0.718445 0.000000
vt 0.903200 0.728767 0.000000
vt 0.902783 0.946200 0.000000
vt 0.741147 0.682662 0.000000
vt 0.895785 0.682538 0.000000
vt 0.899262 0.675023 0.000000
vt 0.906747 0.678990 0.000000
vt 0.948855 0.657880 0.000000
vt 0.896790 0.630281 0.000000
vt 0.737752 0.724556 0.000000
vt 0.899148 0.724532 0.000000
vt 0.968997 0.676581 0.000000
vt 0.973834 0.638844 0.000000
vt 0.328015 0.705108 0.000000
vt 0.029600 0.404816 0.000000
vt 0.145421 0.522314 0.000000
vt 0.287168 0.536118 0.000000
vt 0.145187 0.529055 0.000000
vt 0.038016 0.437207 0.000000
vt 0.326069 0.670494 0.000000
vt 0.338795 0.674180 0.000000
vt 0.234433 0.404211 0.000000
vt 0.515205 0.451520 0.000000
vt 0.232243 0.427952 0.000000
vt 0.533458 0.445327 0.000000
vt 0.157788 0.561193 0.000000
vt 0.515205 0.221008 0.000000
vt 0.740967 0.426469 0.000000
vt 0.829450 0.546156 0.000000
vt 0.665865 0.537781 0.000000
vt 0.829682 0.552941 0.000000
vt 0.533458 0.227345 0.000000
vt 0.743145 0.450374 0.000000
vt 0.795004 0.563988 0.000000
vt 0.944582 0.429097 0.000000
vt 0.623407 0.706492 0.000000
vt 0.625663 0.671818 0.000000
vt 0.936216 0.461598 0.000000
vt 0.612906 0.675430 0.000000
vt 0.626114 0.467954 0.000000
vt 0.701319 0.216839 0.000000
vt 0.608142 0.234066 0.000000
vt 0.735886 0.496984 0.000000
vt 0.608142 0.439197 0.000000
vt 0.217548 0.494712 0.000000
vt 0.701319 0.457161 0.000000
vt 0.327590 0.466645 0.000000
vt 0.588667 0.709674 0.000000
vt 0.459814 0.699505 0.000000
vt 0.576835 0.677518 0.000000
vt 0.443934 0.670564 0.000000
vt 0.512865 0.673586 0.000000
vt 0.374812 0.676588 0.000000
vt 0.362664 0.708595 0.000000
vt 0.496927 0.702067 0.000000
vt 0.622446 0.991076 0.000000
vt 0.945533 0.137907 0.000000
vt 0.318312 0.209739 0.000000
vt 0.380856 0.209739 0.000000
vt 0.559039 0.990890 0.000000
vt 0.559106 0.970949 0.000000
vt 0.459825 0.987505 0.000000
vt 0.587798 0.971032 0.000000
vt 0.459825 0.959187 0.000000
vt 0.548344 0.209739 0.000000
vt 0.389467 0.989581 0.000000
vt 0.326169 0.989200 0.000000
vt 0.610888 0.209739 0.000000
vt 0.028642 0.115350 0.000000
vt 0.360954 0.969501 0.000000
vt 0.496915 0.960804 0.000000
vt 0.496915 0.989020 0.000000
vt 0.389596 0.969674 0.000000
vt 0.526711 0.612240 0.000000
vt 0.391094 0.614684 0.000000
vt 0.074679 0.624607 0.000000
vt 0.547545 0.629089 0.000000
vt 0.540904 0.672423 0.000000
vt 0.062053 0.667446 0.000000
vt 0.430138 0.608682 0.000000
vt 0.561164 0.615434 0.000000
vt 0.247287 0.667446 0.000000
vt 0.415996 0.668773 0.000000
vt 0.409379 0.625131 0.000000
vt 0.235365 0.624607 0.000000
vt 0.350240 0.612159 0.000000
vt 0.602056 0.613271 0.000000
vt 0.352374 0.604521 0.000000
vt 0.552292 0.199782 0.000000
vt 0.739627 0.135315 0.000000
vt 0.275882 0.220061 0.000000
vt 0.323299 0.009861 0.000000
vt 0.275881 0.450572 0.000000
vt 0.235782 0.114802 0.000000
vt 0.605901 0.009861 0.000000
vt 0.552049 0.187381 0.000000
vt 0.357947 0.609627 0.000000
vt 0.559618 0.206182 0.000000
vt 0.600135 0.206159 0.000000
vt 0.047288 0.709953 0.000000
vt 0.520572 0.710121 0.000000
vt 0.416357 0.969735 0.000000
vt 0.519762 0.989020 0.000000
vt 0.072227 0.965028 0.000000
vt 0.232222 0.965028 0.000000
vt 0.437062 0.986996 0.000000
vt 0.532300 0.970771 0.000000
vt 0.436255 0.707062 0.000000
vt 0.261354 0.709953 0.000000
vt 0.074628 0.596044 0.000000
vt 0.545470 0.601118 0.000000
vt 0.235886 0.596044 0.000000
vt 0.411445 0.597102 0.000000
vt 0.045191 0.965028 0.000000
vt 0.519761 0.960804 0.000000
vt 0.437063 0.958679 0.000000
vt 0.259258 0.965028 0.000000
vt 0.231755 0.764116 0.000000
vt 0.075996 0.764116 0.000000
vt 0.902772 0.993203 0.000000
vt 0.942351 0.962301 0.000000
vt 0.691303 0.961722 0.000000
vt 0.731010 0.993203 0.000000
vt 0.731010 0.951789 0.000000
vt 0.902772 0.951790 0.000000
vt 0.690474 0.715417 0.000000
vt 0.733713 0.724557 0.000000
vt 0.737255 0.682665 0.000000
vt 0.669076 0.676933 0.000000
vt 0.740122 0.596091 0.000000
vt 0.664113 0.632858 0.000000
vt 0.740148 0.628779 0.000000
vt 0.687398 0.657571 0.000000
vt 0.974758 0.631635 0.000000
vt 0.896674 0.595965 0.000000
vt 0.950386 0.657112 0.000000
vt 0.896700 0.628654 0.000000
vt 0.968933 0.677082 0.000000
vt 0.946666 0.715940 0.000000
vt 0.903208 0.724531 0.000000
vt 0.632739 0.108567 0.000000
vt 0.367301 0.196972 0.000000
vt 0.555311 0.991683 0.000000
vt 0.380856 0.206130 0.000000
vt 0.328894 0.196944 0.000000
vt 0.615214 0.991055 0.000000
vt 0.325445 0.209739 0.000000
vt 0.301284 0.112718 0.000000
vt 0.609366 0.200293 0.000000
vt 0.374969 0.173899 0.000000
vt 0.625488 0.106261 0.000000
vt 0.624887 0.098799 0.000000
vt 0.304313 0.098799 0.000000
vt 0.600306 0.196944 0.000000
vt 0.031749 0.114686 0.000000
vt 0.611697 0.206695 0.000000
vt 0.561899 0.196972 0.000000
vt 0.385317 0.989556 0.000000
vt 0.552444 0.209739 0.000000
vt 0.558987 0.178122 0.000000
vt 0.371354 0.174746 0.000000
vt 0.829682 0.111683 0.000000
vt 0.287974 0.095569 0.000000
vt 0.557846 0.174746 0.000000
vt 0.641226 0.095569 0.000000
vt 0.145187 0.090425 0.000000
vt 0.376908 0.199769 0.000000
vt 0.377153 0.187273 0.000000
vt 0.369581 0.206182 0.000000
vt 0.329057 0.206159 0.000000
vt 0.296027 0.108913 0.000000
vt 0.319835 0.200298 0.000000
vt 0.384145 0.180495 0.000000
vt 0.545057 0.180495 0.000000
vt 0.593126 0.603734 0.000000
vt 0.602613 0.609909 0.000000
vt 0.616689 0.491007 0.000000
vt 0.572535 0.604821 0.000000
vt 0.565465 0.615207 0.000000
vt 0.569133 0.575838 0.000000
vt 0.381499 0.611079 0.000000
vt 0.388939 0.571582 0.000000
vt 0.615085 0.480557 0.000000
vt 0.387020 0.593199 0.000000
vt 0.386997 0.606447 0.000000
vt 0.379829 0.603972 0.000000
vt 0.528342 0.609765 0.000000
vt 0.391049 0.611545 0.000000
vt 0.359258 0.602702 0.000000
vt 0.353286 0.612347 0.000000
vt 0.336803 0.489804 0.000000
vt 0.617151 0.483832 0.000000
vt 0.412592 0.581473 0.000000
vt 0.236176 0.580118 0.000000
vt 0.561989 0.581555 0.000000
vt 0.337164 0.483987 0.000000
vt 0.074599 0.580118 0.000000
vt 0.544320 0.585522 0.000000
vt 0.390609 0.580802 0.000000
vt 0.618804 0.492857 0.000000
vt 0.599993 0.605623 0.000000
vt 0.594383 0.610670 0.000000
vt 0.570791 0.611914 0.000000
vt 0.565495 0.588762 0.000000
vt 0.565343 0.607200 0.000000
vt 0.396934 0.577766 0.000000
vt 0.540068 0.578395 0.000000
vt 0.338316 0.471249 0.000000
vt 0.614938 0.472462 0.000000
#end 845 texture vertices

#begin 643 faces
usemtl material
f 8/8/1 75/75/2 78/78/3 81/81/4 
usemtl material
f 12/12/5 84/84/6 87/87/7 79/79/8 
usemtl material
f 3/3/9 93/93/10 96/96/11 99/99/12 
usemtl material
f 11/11/13 102/102/14 105/105/15 97/97/16 
usemtl material
f 100/100/17 98/98/18 23/23/19 19/19/20 
usemtl material
f 18/18/21 14/14/22 20/20/23 24/24/24 
usemtl material
f 106/106/25 7/7/26 120/121/27 123/124/28 
usemtl material
f 72/72/29 16/16/30 126/127/31 129/130/32 
usemtl material
f 6/6/33 40/40/34 44/44/35 139/140/36 
usemtl material
f 142/143/37 144/145/38 147/148/39 41/41/40 
usemtl material
f 30/30/41 152/153/42 155/156/43 158/159/44 
usemtl material
f 49/49/45 124/125/46 164/165/47 167/168/48 
usemtl material
f 82/82/49 22/22/50 153/154/51 127/128/52 
usemtl material
f 15/15/53 29/29/54 163/164/55 21/21/56 
usemtl material
f 116/117/57 171/172/58 83/83/59 80/80/60 
usemtl material
f 111/112/61 17/17/62 107/107/63 172/173/64 
usemtl material
f 621/813/65 619/811/66 622/814/67 624/816/68 
usemtl material
f 13/13/69 112/113/70 115/116/71 88/88/72 
usemtl material
f 109/109/73 117/118/74 114/115/75 113/114/76 
usemtl material
f 177/179/77 2/2/78 1/1/79 9/9/80 
usemtl material
f 90/90/81 101/101/82 89/89/83 4/4/84 
usemtl material
f 47/47/85 626/818/86 119/120/87 627/819/88 
usemtl material
f 596/784/89 192/196/90 592/778/91 594/781/92 
usemtl material
f 599/787/93 195/200/94 598/786/95 10/10/96 
usemtl material
f 188/191/97 602/790/98 604/793/99 606/796/100 
usemtl material
f 634/827/101 48/48/102 630/822/103 632/825/104 
usemtl material
f 130/131/105 128/129/106 36/36/107 34/34/108 
usemtl material
f 197/203/109 42/42/110 43/43/111 45/45/112 
usemtl material
f 27/27/113 33/33/114 165/166/115 125/126/116 
usemtl material
f 154/155/117 190/194/118 51/51/119 156/157/120 
usemtl material
f 162/163/121 37/37/122 52/52/123 176/178/124 
usemtl material
f 191/195/125 175/177/126 216/222/127 215/221/128 
usemtl material
f 166/167/129 160/161/130 157/158/131 169/170/132 
usemtl material
f 168/169/133 38/38/134 214/220/135 217/223/136 
usemtl material
f 77/77/137 73/73/138 5/5/139 186/189/140 
usemtl material
f 94/94/141 180/183/142 132/133/143 104/104/144 
usemtl material
f 28/28/145 198/204/146 31/31/147 148/149/148 
usemtl material
f 121/122/149 140/141/150 32/32/151 213/219/152 
usemtl material
f 95/95/153 91/91/154 182/185/155 179/182/156 
usemtl material
f 92/92/157 85/85/158 184/187/159 181/184/160 
usemtl material
f 76/76/161 187/190/162 183/186/163 86/86/164 
usemtl material
f 205/211/165 46/46/166 39/39/167 150/151/168 
usemtl material
f 194/199/169 206/212/170 138/139/171 135/136/172 
usemtl material
f 151/152/173 25/25/174 218/224/175 202/208/176 
usemtl material
f 141/142/177 137/138/178 209/215/179 221/227/180 
usemtl material
f 212/218/181 199/205/182 159/160/183 35/35/184 
usemtl material
f 222/228/185 208/214/186 203/209/187 53/53/188 
usemtl material
f 224/230/189 201/207/190 210/216/191 54/54/192 
usemtl material
f 204/210/193 219/225/194 200/206/195 225/231/196 
usemtl material
f 220/226/197 207/213/198 223/229/199 211/217/200 
usemtl material
f 74/74/201 131/132/202 149/150/203 146/147/204 
usemtl material
f 103/103/205 133/134/206 26/26/207 122/123/208 
usemtl material
f 226/232/209 61/61/210 69/69/211 70/70/212 
usemtl material
f 228/234/213 55/55/214 236/243/215 231/238/216 
usemtl material
f 65/65/217 237/244/218 234/241/219 57/57/220 
usemtl material
f 242/249/221 58/58/222 66/66/223 239/246/224 
usemtl material
f 244/251/225 59/59/226 67/67/227 247/255/228 
usemtl material
f 252/261/229 56/56/230 256/265/231 259/268/232 
usemtl material
f 254/263/233 62/62/234 232/239/235 257/266/236 
usemtl material
f 68/68/237 241/248/238 246/254/239 250/259/240 
usemtl material
f 258/267/241 63/63/242 240/247/243 260/269/244 
usemtl material
f 233/240/245 230/237/246 238/245/247 64/64/248 
usemtl material
f 248/256/249 60/60/250 261/270/251 251/260/252 
usemtl material
f 260/269/536 515/641/259 71/71/253 506/630/254 
usemtl material
f 259/268/535 506/630/1789 71/71/255 509/633/256 
usemtl material
f 261/270/534 509/633/1797 71/71/257 516/643/260 
usemtl material
f 257/266/532 512/638/267 590/776/261 504/628/262 
usemtl material
f 256/265/531 504/628/1783 590/776/263 507/631/264 
usemtl material
f 258/267/530 507/631/1791 590/776/265 519/647/268 
usemtl material
f 254/263/528 505/629/273 589/775/269 511/637/270 
usemtl material
f 255/264/527 511/636/1803 589/775/271 502/626/274 
usemtl material
f 8/8/277 268/279/1075 522/651/1839 263/272/1059 
usemtl material
f 12/12/281 265/274/1065 523/652/1847 271/284/1083 
usemtl material
f 18/18/285 300/333/1171 524/653/1855 274/290/1093 
usemtl material
f 16/16/289 269/281/1077 525/657/1863 309/344/1197 
usemtl material
f 4/4/293 273/287/1089 526/659/1871 377/440/1401 
usemtl material
f 14/14/297 275/291/1095 527/662/1879 297/328/1161 
usemtl material
f 3/3/301 282/301/1117 528/664/1887 277/294/1101 
usemtl material
f 11/11/305 279/296/1107 529/665/1895 285/306/1125 
usemtl material
f 17/17/309 291/316/1143 530/666/1903 288/312/1135 
usemtl material
f 13/13/313 364/420/1363 531/668/1911 294/322/1153 
usemtl material
f 7/7/317 287/309/1131 532/672/1919 303/336/1179 
usemtl material
f 15/15/321 352/405/1327 533/675/1927 306/341/1189 
usemtl material
f 23/23/325 290/315/1141 534/676/1935 293/320/1149 
usemtl material
f 19/19/330 292/317/1147 535/679/1945 295/324/1155 
usemtl material
f 20/20/333 296/325/1159 536/681/1951 299/332/1167 
usemtl material
f 24/24/336 298/329/1165 537/683/1957 301/334/1173 
usemtl material
f 27/27/341 305/339/1185 538/685/1967 409/489/1497 
usemtl material
f 29/29/345 307/342/1191 539/686/1975 338/386/1285 
usemtl material
f 30/30/349 336/383/1279 540/688/1983 331/376/1263 
usemtl material
f 28/28/353 438/534/1585 541/691/1991 400/476/1471 
usemtl material
f 6/6/357 320/360/1231 542/692/1999 595/782/1215 
usemtl material
f 40/40/361 314/351/1213 543/696/2007 317/355/1221 
usemtl material
f 44/44/364 316/354/1219 544/697/2013 319/359/1227 
usemtl material
f 26/26/367 321/361/1233 545/699/2019 440/539/1591 
usemtl material
f 39/39/371 395/467/1455 546/702/2027 328/371/1255 
usemtl material
f 5/5/374 426/516/1549 547/705/2033 603/791/1447 
usemtl material
f 25/25/378 327/369/1251 548/707/2041 436/532/1579 
usemtl material
f 41/41/382 326/367/1249 549/709/2049 329/372/1257 
usemtl material
f 170/171/722 631/824/2455 550/711/2055 348/401/1315 
usemtl material
f 38/38/389 425/515/1545 551/712/2063 414/499/1513 
usemtl material
f 36/36/393 337/384/1281 552/714/2071 399/475/1467 
usemtl material
f 49/49/397 344/395/1303 553/716/2079 339/388/1287 
usemtl material
f 35/35/401 423/513/1539 554/718/2087 410/491/1501 
usemtl material
f 37/37/405 345/396/1305 555/720/2095 417/505/1521 
usemtl material
f 22/22/409 346/397/1309 556/722/2103 633/826/1317 
usemtl material
f 21/21/412 350/403/1321 557/723/2109 353/408/1329 
usemtl material
f 558/724/2451 632/825/2464 563/733/327 50/50/338 
usemtl material
f 559/725/2150 604/793/2352 564/734/360 134/135/362 
usemtl material
f 2/2/424 368/425/1375 560/728/2133 371/432/1383 
usemtl material
f 1/1/427 370/429/1381 561/731/2139 373/436/1389 
usemtl material
f 9/9/430 372/433/1387 610/801/2145 185/188/1395 
usemtl material
f 354/409/2463 558/724/411 50/50/385 108/108/413 
usemtl material
f 45/45/439 406/484/1489 382/447/2163 193/198/1441 
usemtl material
f 46/46/443 403/480/1479 388/457/2171 196/202/1453 
usemtl material
f 34/34/447 398/472/1465 566/737/2179 401/477/1473 
usemtl material
f 42/42/452 402/478/1477 567/740/2189 405/483/1485 
usemtl material
f 43/43/457 404/482/1483 568/741/2199 407/487/1491 
usemtl material
f 33/33/462 408/488/1495 569/744/2209 411/493/1503 
usemtl material
f 51/51/467 412/494/1507 570/747/2219 415/501/1515 
usemtl material
f 52/52/470 416/502/1519 571/749/2225 419/509/1527 
usemtl material
f 31/31/473 434/528/1573 572/751/2231 437/533/1581 
usemtl material
f 32/32/476 442/542/1597 573/752/2237 445/547/1605 
usemtl material
f 54/54/479 468/582/1675 574/754/2243 464/578/1663 
usemtl material
f 53/53/482 462/576/1657 575/755/2249 465/579/1665 
usemtl material
f 62/62/485 510/634/1801 576/757/2255 476/593/1699 
usemtl material
f 61/61/488 470/584/1681 577/759/2261 473/589/1689 
usemtl material
f 69/69/491 472/586/1687 578/760/2267 475/591/1695 
usemtl material
f 70/70/494 474/590/1693 579/761/2273 477/595/1701 
usemtl material
f 55/55/497 478/596/1705 580/762/2279 481/599/1713 
usemtl material
f 63/63/500 518/646/1825 581/763/2285 484/602/1723 
usemtl material
f 65/65/504 488/606/1735 582/764/2293 485/603/1725 
usemtl material
f 57/57/508 486/604/1729 583/765/2301 489/607/1737 
usemtl material
f 58/58/511 490/608/1741 584/767/2307 493/613/1749 
usemtl material
f 66/66/514 492/610/1747 585/769/2313 495/617/1755 
usemtl material
f 59/59/517 496/618/1759 586/771/2319 499/623/1767 
usemtl material
f 67/67/520 498/620/1765 587/773/2325 501/625/1773 
usemtl material
f 60/60/523 520/648/1831 588/774/2331 508/632/1795 
usemtl material
f 56/56/526 502/626/1777 589/775/272 505/629/1785 
usemtl material
f 64/64/529 519/647/1827 590/776/266 512/638/1807 
usemtl material
f 68/68/533 516/642/1819 71/71/258 515/641/1815 
usemtl material
f 73/73/537 77/77/538 262/271/1058 263/272/1060 
usemtl material
f 12/12/541 79/79/542 264/273/1064 265/274/1066 
usemtl material
f 80/80/545 83/83/546 266/276/1070 267/277/1072 
usemtl material
f 16/16/549 72/72/550 268/280/1076 269/281/1078 
usemtl material
f 76/76/553 86/86/554 270/283/1082 271/284/1084 
usemtl material
f 4/4/557 89/89/558 272/286/1088 273/287/1090 
usemtl material
f 14/14/561 18/18/562 274/290/1094 275/291/1096 
usemtl material
f 91/91/565 95/95/566 276/293/1100 277/294/1102 
usemtl material
f 11/11/569 97/97/570 278/295/1106 279/296/1108 
usemtl material
f 98/98/573 100/100/574 280/298/1112 281/299/1114 
usemtl material
f 101/101/577 90/90/578 282/302/1118 283/303/1120 
usemtl material
f 94/94/581 104/104/582 284/305/1124 285/306/1126 
usemtl material
f 7/7/585 106/106/586 286/308/1130 287/309/1132 
usemtl material
f 107/107/589 17/17/590 288/312/1136 289/313/1138 
usemtl material
f 17/17/593 111/112/594 290/315/1142 291/316/1144 
usemtl material
f 109/109/597 113/114/598 292/318/1148 293/319/1150 
usemtl material
f 112/113/601 13/13/602 294/322/1154 295/323/1156 
usemtl material
f 88/88/605 115/116/606 296/326/1160 297/327/1162 
usemtl material
f 114/115/609 117/118/610 298/330/1166 299/331/1168 
usemtl material
f 116/117/613 80/80/614 300/333/1172 301/334/1174 
usemtl material
f 103/103/617 122/123/618 302/335/1178 303/336/1180 
usemtl material
f 27/27/621 125/126/622 304/338/1184 305/339/1186 
usemtl material
f 29/29/625 15/15/626 306/341/1190 307/342/1192 
usemtl material
f 82/82/629 127/128/630 308/343/1196 309/344/1198 
usemtl material
f 128/129/633 130/131/634 310/346/1202 311/347/1204 
usemtl material
f 131/132/637 74/74/638 312/349/1208 313/350/1210 
usemtl material
f 395/468/2351 559/725/419 134/135/372 136/137/420 
usemtl material
f 135/136/645 138/139/646 316/354/1220 317/355/1222 
usemtl material
f 137/138/649 141/142/650 318/357/1226 319/358/1228 
usemtl material
f 26/26/653 133/134/654 320/360/1232 321/361/1234 
usemtl material
f 565/735/2170 602/790/2347 597/785/441 143/144/442 
usemtl material
f 146/147/661 149/150/662 324/365/1244 325/366/1246 
usemtl material
f 25/25/665 151/152/666 326/368/1250 327/369/1252 
usemtl material
f 150/151/669 39/39/670 328/371/1256 329/372/1258 
usemtl material
f 127/128/673 153/154/674 330/374/1262 331/375/1264 
usemtl material
f 154/155/677 156/157/678 332/377/1268 333/378/1270 
usemtl material
f 157/158/681 160/161/682 334/380/1274 335/381/1276 
usemtl material
f 36/36/685 128/129/686 336/383/1280 337/384/1282 
usemtl material
f 163/164/689 29/29/690 338/386/1286 339/387/1288 
usemtl material
f 125/126/693 165/166/694 340/389/1292 341/390/1294 
usemtl material
f 166/167/697 169/170/698 342/392/1298 343/393/1300 
usemtl material
f 37/37/701 162/163/702 344/395/1304 345/396/1306 
usemtl material
f 83/83/705 171/172/706 346/398/1310 347/399/1312 
usemtl material
f 625/817/2565 630/822/2459 629/821/435 161/162/436 
usemtl material
f 348/401/2458 625/817/713 161/162/709 170/171/714 
usemtl material
f 172/173/717 107/107/718 352/406/1328 353/407/1330 
usemtl material
f 644/841/2543 622/814/2454 642/839/725 173/174/726 
usemtl material
f 359/415/2453 644/841/745 173/174/731 349/402/746 
usemtl material
f 162/163/729 176/178/730 174/176/1346 359/414/1348 
usemtl material
f 47/47/733 627/819/734 635/828/1352 361/417/1354 
usemtl material
f 113/114/737 114/115/738 362/418/1358 363/419/1360 
usemtl material
f 89/89/741 101/101/742 364/420/1364 365/421/1366 
usemtl material
f 641/838/2535 619/811/2449 640/837/807 351/404/808 
usemtl material
f 179/182/749 182/185/750 368/426/1376 369/427/1378 
usemtl material
f 181/184/753 184/187/754 370/430/1382 371/431/1384 
usemtl material
f 183/186/757 187/190/758 372/434/1388 373/435/1390 
usemtl material
f 322/363/2346 565/735/641 143/144/445 145/146/642 
usemtl material
f 85/85/765 92/92/766 376/439/1400 377/440/1402 
usemtl material
f 175/177/769 191/195/770 189/193/1406 379/442/1408 
usemtl material
f 48/48/773 634/827/774 637/832/1412 381/445/1414 
usemtl material
f 10/10/777 598/786/778 607/797/1418 383/449/1420 
usemtl material
f 194/199/781 135/136/782 593/779/1424 385/451/1426 
usemtl material
f 132/133/785 180/183/786 178/181/1430 387/454/1432 
usemtl material
f 188/191/789 606/796/790 609/800/1436 389/459/1438 
usemtl material
f 197/203/793 45/45/794 193/198/1442 391/461/1444 
usemtl material
f 186/189/797 5/5/798 603/791/1448 393/464/1450 
usemtl material
f 39/39/801 46/46/802 196/202/1454 395/467/1456 
usemtl material
f 190/194/805 154/155/806 631/823/1460 397/470/1462 
usemtl material
f 159/160/809 199/205/810 398/473/1466 399/474/1468 
usemtl material
f 198/204/813 28/28/814 400/476/1472 401/477/1474 
usemtl material
f 46/46/817 205/211/818 402/479/1478 403/480/1480 
usemtl material
f 203/209/821 208/214/822 404/482/1484 405/483/1486 
usemtl material
f 206/212/825 194/199/826 406/485/1490 407/486/1492 
usemtl material
f 121/122/829 213/219/830 408/488/1496 409/489/1498 
usemtl material
f 212/218/833 35/35/834 410/491/1502 411/492/1504 
usemtl material
f 191/195/837 215/221/838 412/495/1508 413/496/1510 
usemtl material
f 214/220/841 38/38/842 414/499/1514 415/500/1516 
usemtl material
f 168/169/845 217/223/846 416/503/1520 417/504/1522 
usemtl material
f 216/222/849 175/177/850 418/507/1526 419/508/1528 
usemtl material
f 217/223/853 214/220/854 420/510/1532 421/511/1534 
usemtl material
f 35/35/857 159/160/858 422/512/1538 423/513/1540 
usemtl material
f 38/38/861 168/169/862 424/514/1544 425/515/1546 
usemtl material
f 74/74/865 146/147/866 426/517/1550 427/518/1552 
usemtl material
f 187/190/869 76/76/870 428/520/1556 429/521/1558 
usemtl material
f 95/95/873 179/182/874 430/522/1562 431/523/1564 
usemtl material
f 133/134/877 103/103/878 432/525/1568 433/526/1570 
usemtl material
f 200/206/881 219/225/882 434/529/1574 435/530/1576 
usemtl material
f 218/224/885 25/25/886 436/532/1580 437/533/1582 
usemtl material
f 149/150/889 131/132/890 438/535/1586 439/536/1588 
usemtl material
f 122/123/893 26/26/894 440/539/1592 441/540/1594 
usemtl material
f 141/142/897 221/227/898 442/542/1598 443/543/1600 
usemtl material
f 220/226/901 211/217/902 444/545/1604 445/546/1606 
usemtl material
f 92/92/905 181/184/906 446/549/1610 447/550/1612 
usemtl material
f 86/86/909 183/186/910 448/553/1616 449/554/1618 
usemtl material
f 151/152/913 202/208/914 450/557/1622 451/558/1624 
usemtl material
f 209/215/917 137/138/918 452/561/1628 453/562/1630 
usemtl material
f 219/225/921 204/210/922 454/565/1634 455/566/1636 
usemtl material
f 207/213/925 220/226/926 456/569/1640 457/570/1642 
usemtl material
f 210/216/929 201/207/930 458/572/1646 459/573/1648 
usemtl material
f 223/229/933 207/213/934 460/574/1652 461/575/1654 
usemtl material
f 204/210/937 225/231/938 462/576/1658 463/577/1660 
usemtl material
f 224/230/941 54/54/942 464/578/1664 465/579/1666 
usemtl material
f 225/231/945 200/206/946 466/580/1670 467/581/1672 
usemtl material
f 211/217/949 223/229/950 468/582/1676 469/583/1678 
usemtl material
f 227/233/953 229/236/954 470/584/1682 471/585/1684 
usemtl material
f 228/234/957 231/238/958 472/587/1688 473/588/1690 
usemtl material
f 230/237/961 233/240/962 474/590/1694 475/591/1696 
usemtl material
f 232/239/965 62/62/966 476/593/1700 477/594/1702 
usemtl material
f 229/235/969 235/242/970 478/596/1706 479/597/1708 
usemtl material
f 234/241/973 237/244/974 480/598/1712 481/599/1714 
usemtl material
f 238/245/977 230/237/978 482/600/1718 483/601/1720 
usemtl material
f 240/247/981 63/63/982 484/602/1724 485/603/1726 
usemtl material
f 235/242/985 243/250/986 486/604/1730 487/605/1732 
usemtl material
f 242/249/989 239/246/990 488/606/1736 489/607/1738 
usemtl material
f 243/250/993 245/253/994 490/608/1742 491/609/1744 
usemtl material
f 244/251/997 247/255/998 492/611/1748 493/612/1750 
usemtl material
f 246/254/1001 241/248/1002 494/615/1754 495/616/1756 
usemtl material
f 245/252/1005 249/258/1006 496/618/1760 497/619/1762 
usemtl material
f 248/256/1009 251/260/1010 498/621/1766 499/622/1768 
usemtl material
f 250/259/1013 246/254/1014 500/624/1772 501/625/1774 
usemtl material
f 253/262/1017 255/264/1018 502/626/1778 503/627/1780 
usemtl material
f 254/263/1021 257/266/1022 504/628/1784 505/629/1786 
usemtl material
f 258/267/1025 260/269/1026 506/630/1790 507/631/1792 
usemtl material
f 261/270/1029 60/60/1030 508/632/1796 509/633/1798 
usemtl material
f 255/264/1033 227/233/1034 510/635/1802 511/636/1804 
usemtl material
f 233/240/1037 64/64/1038 512/638/1808 513/639/1810 
usemtl material
f 260/269/1041 240/247/1042 514/640/1814 515/641/1816 
usemtl material
f 251/260/1045 261/270/1046 516/643/1820 517/644/1822 
usemtl material
f 64/64/1049 238/245/1050 518/646/1826 519/647/1828 
usemtl material
f 249/257/1053 253/262/1054 520/648/1832 521/649/1834 
usemtl material
f 75/75/539 8/8/540 263/272/1062 262/271/1061 
usemtl material
f 78/78/543 75/75/544 265/274/1068 264/273/1067 
usemtl material
f 81/81/547 78/78/548 267/278/1074 266/275/1073 
usemtl material
f 8/8/551 81/81/552 269/282/1080 268/279/1079 
usemtl material
f 84/84/555 12/12/556 271/284/1086 270/283/1085 
usemtl material
f 87/87/559 84/84/560 273/288/1092 272/285/1091 
usemtl material
f 79/79/563 87/87/564 275/292/1098 274/289/1097 
usemtl material
f 93/93/567 3/3/568 277/294/1104 276/293/1103 
usemtl material
f 96/96/571 93/93/572 279/296/1110 278/295/1109 
usemtl material
f 99/99/575 96/96/576 281/300/1116 280/297/1115 
usemtl material
f 3/3/579 99/99/580 283/304/1122 282/301/1121 
usemtl material
f 102/102/583 11/11/584 285/306/1128 284/305/1127 
usemtl material
f 105/105/587 102/102/588 287/310/1134 286/307/1133 
usemtl material
f 97/97/591 105/105/592 289/314/1140 288/311/1139 
usemtl material
f 23/23/595 98/98/596 291/316/1146 290/315/1145 
usemtl material
f 19/19/599 23/23/600 293/320/1152 292/317/1151 
usemtl material
f 100/100/603 19/19/604 295/324/1158 294/321/1157 
usemtl material
f 20/20/607 14/14/608 297/328/1164 296/325/1163 
usemtl material
f 24/24/611 20/20/612 299/332/1170 298/329/1169 
usemtl material
f 18/18/615 24/24/616 301/334/1176 300/333/1175 
usemtl material
f 120/121/619 7/7/620 303/336/1182 302/335/1181 
usemtl material
f 123/124/623 120/121/624 305/340/1188 304/337/1187 
usemtl material
f 106/106/627 123/124/628 307/342/1194 306/341/1193 
usemtl material
f 126/127/631 16/16/632 309/344/1200 308/343/1199 
usemtl material
f 129/130/635 126/127/636 311/348/1206 310/345/1205 
usemtl material
f 72/72/639 129/130/640 313/350/1212 312/349/1211 
usemtl material
f 40/40/643 6/6/644 595/782/1218 314/351/1217 
usemtl material
f 44/44/647 40/40/648 317/355/1224 316/354/1223 
usemtl material
f 139/140/651 44/44/652 319/359/1230 318/356/1229 
usemtl material
f 6/6/655 139/140/656 321/361/1236 320/360/1235 
usemtl material
f 144/145/659 142/143/660 605/794/1242 322/362/1241 
usemtl material
f 147/148/663 144/145/664 325/366/1248 324/365/1247 
usemtl material
f 41/41/667 147/148/668 327/370/1254 326/367/1253 
usemtl material
f 142/143/671 41/41/672 329/372/1260 328/371/1259 
usemtl material
f 152/153/675 30/30/676 331/376/1266 330/373/1265 
usemtl material
f 155/156/679 152/153/680 333/378/1272 332/377/1271 
usemtl material
f 158/159/683 155/156/684 335/382/1278 334/379/1277 
usemtl material
f 30/30/687 158/159/688 337/384/1284 336/383/1283 
usemtl material
f 124/125/691 49/49/692 339/388/1290 338/385/1289 
usemtl material
f 164/165/695 124/125/696 341/390/1296 340/389/1295 
usemtl material
f 167/168/699 164/165/700 343/394/1302 342/391/1301 
usemtl material
f 49/49/703 167/168/704 345/396/1308 344/395/1307 
usemtl material
f 22/22/707 82/82/708 347/400/1314 346/397/1313 
usemtl material
f 153/154/711 22/22/712 633/826/1320 348/401/1319 
usemtl material
f 21/21/715 163/164/716 623/815/1326 350/403/1325 
usemtl material
f 15/15/719 21/21/720 353/408/1332 352/405/1331 
usemtl material
f 171/172/723 116/117/724 118/119/1338 354/409/1337 
usemtl material
f 111/112/727 172/173/728 620/812/1344 356/411/1343 
usemtl material
f 350/403/2448 641/838/1322 351/404/1316 355/410/1323 
usemtl material
f 621/813/735 624/816/736 361/417/1356 635/828/1355 
usemtl material
f 115/116/739 112/113/740 363/419/1362 362/418/1361 
usemtl material
f 13/13/743 88/88/744 365/421/1368 364/420/1367 
usemtl material
f 117/118/747 109/109/748 110/111/1374 366/422/1373 
usemtl material
f 2/2/751 177/179/752 369/428/1380 368/425/1379 
usemtl material
f 1/1/755 2/2/756 371/432/1386 370/429/1385 
usemtl material
f 9/9/759 1/1/760 373/436/1392 372/433/1391 
usemtl material
f 177/179/763 9/9/764 185/188/1398 374/437/1397 
usemtl material
f 90/90/767 4/4/768 377/440/1404 376/439/1403 
usemtl material
f 380/444/2527 366/423/2528 647/844/1335 358/413/1336 
usemtl material
f 119/120/775 626/818/776 381/445/1416 637/832/1415 
usemtl material
f 192/196/779 596/784/780 383/449/1422 607/797/1421 
usemtl material
f 616/808/2431 594/781/2342 614/806/761 315/353/762 
usemtl material
f 387/455/2341 616/808/787 315/353/783 323/364/788 
usemtl material
f 195/200/791 599/787/792 389/459/1440 609/800/1439 
usemtl material
f 613/805/2423 592/778/2337 611/803/799 375/438/800 
usemtl material
f 314/352/2336 613/805/1214 375/438/803 384/450/1216 
usemtl material
f 388/456/2415 391/462/2416 618/810/1240 390/460/1393 
usemtl material
f 189/192/2523 638/835/2524 357/412/1340 645/842/1341 
usemtl material
f 34/34/811 36/36/812 399/475/1470 398/472/1469 
usemtl material
f 130/131/815 34/34/816 401/477/1476 400/476/1475 
usemtl material
f 42/42/819 197/203/820 403/481/1482 402/478/1481 
usemtl material
f 43/43/823 42/42/824 405/483/1488 404/482/1487 
usemtl material
f 45/45/827 43/43/828 407/487/1494 406/484/1493 
usemtl material
f 33/33/831 27/27/832 409/489/1500 408/488/1499 
usemtl material
f 165/166/835 33/33/836 411/493/1506 410/490/1505 
usemtl material
f 51/51/839 190/194/840 413/497/1512 412/494/1511 
usemtl material
f 156/157/843 51/51/844 415/501/1518 414/498/1517 
usemtl material
f 52/52/847 37/37/848 417/505/1524 416/502/1523 
usemtl material
f 176/178/851 52/52/852 419/509/1530 418/506/1529 
usemtl material
f 215/221/855 216/222/856 421/511/1536 420/510/1535 
usemtl material
f 160/161/859 166/167/860 423/513/1542 422/512/1541 
usemtl material
f 169/170/863 157/158/864 425/515/1548 424/514/1547 
usemtl material
f 5/5/867 73/73/868 427/519/1554 426/516/1553 
usemtl material
f 77/77/871 186/189/872 429/521/1560 428/520/1559 
usemtl material
f 180/183/875 94/94/876 431/523/1566 430/522/1565 
usemtl material
f 104/104/879 132/133/880 433/527/1572 432/524/1571 
usemtl material
f 31/31/883 198/204/884 435/531/1578 434/528/1577 
usemtl material
f 148/149/887 31/31/888 437/533/1584 436/532/1583 
usemtl material
f 28/28/891 148/149/892 439/537/1590 438/534/1589 
usemtl material
f 140/141/895 121/122/896 441/541/1596 440/538/1595 
usemtl material
f 32/32/899 140/141/900 443/543/1602 442/542/1601 
usemtl material
f 213/219/903 32/32/904 445/547/1608 444/544/1607 
usemtl material
f 182/185/907 91/91/908 447/551/1614 446/548/1613 
usemtl material
f 184/187/911 85/85/912 449/555/1620 448/552/1619 
usemtl material
f 205/211/915 150/151/916 451/559/1626 450/556/1625 
usemtl material
f 138/139/919 206/212/920 453/563/1632 452/560/1631 
usemtl material
f 202/208/923 218/224/924 455/567/1638 454/564/1637 
usemtl material
f 221/227/927 209/215/928 457/571/1644 456/568/1643 
usemtl material
f 199/205/931 212/218/932 459/573/1650 458/572/1649 
usemtl material
f 208/214/935 222/228/936 461/575/1656 460/574/1655 
usemtl material
f 53/53/939 203/209/940 463/577/1662 462/576/1661 
usemtl material
f 222/228/943 53/53/944 465/579/1668 464/578/1667 
usemtl material
f 201/207/947 224/230/948 467/581/1674 466/580/1673 
usemtl material
f 54/54/951 210/216/952 469/583/1680 468/582/1679 
usemtl material
f 61/61/955 226/232/956 471/585/1686 470/584/1685 
usemtl material
f 69/69/959 61/61/960 473/589/1692 472/586/1691 
usemtl material
f 70/70/963 69/69/964 475/591/1698 474/590/1697 
usemtl material
f 226/232/967 70/70/968 477/595/1704 476/592/1703 
usemtl material
f 55/55/971 228/234/972 479/597/1710 478/596/1709 
usemtl material
f 236/243/975 55/55/976 481/599/1716 480/598/1715 
usemtl material
f 231/238/979 236/243/980 483/601/1722 482/600/1721 
usemtl material
f 237/244/983 65/65/984 485/603/1728 484/602/1727 
usemtl material
f 57/57/987 234/241/988 487/605/1734 486/604/1733 
usemtl material
f 65/65/991 57/57/992 489/607/1740 488/606/1739 
usemtl material
f 58/58/995 242/249/996 491/609/1746 490/608/1745 
usemtl material
f 66/66/999 58/58/1000 493/613/1752 492/610/1751 
usemtl material
f 239/246/1003 66/66/1004 495/617/1758 494/614/1757 
usemtl material
f 59/59/1007 244/251/1008 497/619/1764 496/618/1763 
usemtl material
f 67/67/1011 59/59/1012 499/623/1770 498/620/1769 
usemtl material
f 247/255/1015 67/67/1016 501/625/1776 500/624/1775 
usemtl material
f 56/56/1019 252/261/1020 503/627/1782 502/626/1781 
usemtl material
f 256/265/1023 56/56/1024 505/629/1788 504/628/1787 
usemtl material
f 259/268/1027 256/265/1028 507/631/1794 506/630/1793 
usemtl material
f 252/261/1031 259/268/1032 509/633/1800 508/632/1799 
usemtl material
f 62/62/1035 254/263/1036 511/637/1806 510/634/1805 
usemtl material
f 257/266/1039 232/239/1040 513/639/1812 512/638/1811 
usemtl material
f 241/248/1043 68/68/1044 515/641/1818 514/640/1817 
usemtl material
f 68/68/1047 250/259/1048 517/645/1824 516/642/1823 
usemtl material
f 63/63/1051 258/267/1052 519/647/1830 518/646/1829 
usemtl material
f 60/60/1055 248/256/1056 521/649/1836 520/648/1835 
usemtl material
f 72/72/278 312/349/1207 522/650/1840 268/280/1837 
usemtl material
f 74/74/279 427/518/1551 522/650/1842 312/349/1841 
usemtl material
f 73/73/280 263/272/1838 522/651/1844 427/519/1843 
usemtl material
f 75/75/282 262/271/1057 523/652/1848 265/274/1845 
usemtl material
f 77/77/283 428/520/1555 523/652/1850 262/271/1849 
usemtl material
f 76/76/284 271/284/1846 523/652/1852 428/520/1851 
usemtl material
f 80/80/286 267/277/1071 524/653/1856 300/333/1853 
usemtl material
f 78/78/287 264/273/1063 524/654/1858 267/278/1857 
usemtl material
f 79/79/288 274/289/1854 524/654/1860 264/273/1859 
usemtl material
f 81/81/290 266/275/1069 525/655/1864 269/282/1861 
usemtl material
f 83/83/291 347/399/1311 525/656/1866 266/276/1865 
usemtl material
f 82/82/292 309/344/1862 525/657/1868 347/400/1867 
usemtl material
f 84/84/294 270/283/1081 526/658/1872 273/288/1869 
usemtl material
f 86/86/295 449/554/1617 526/658/1874 270/283/1873 
usemtl material
f 85/85/296 377/440/1870 526/659/1876 449/555/1875 
usemtl material
f 87/87/298 272/285/1087 527/660/1880 275/292/1877 
usemtl material
f 89/89/299 365/421/1365 527/661/1882 272/286/1881 
usemtl material
f 88/88/300 297/327/1878 527/661/1884 365/421/1883 
usemtl material
f 90/90/302 376/439/1399 528/663/1888 282/302/1885 
usemtl material
f 92/92/303 447/550/1611 528/663/1890 376/439/1889 
usemtl material
f 91/91/304 277/294/1886 528/664/1892 447/551/1891 
usemtl material
f 93/93/306 276/293/1099 529/665/1896 279/296/1893 
usemtl material
f 95/95/307 431/523/1563 529/665/1898 276/293/1897 
usemtl material
f 94/94/308 285/306/1894 529/665/1900 431/523/1899 
usemtl material
f 98/98/310 281/299/1113 530/666/1904 291/316/1901 
usemtl material
f 96/96/311 278/295/1105 530/667/1906 281/300/1905 
usemtl material
f 97/97/312 288/311/1902 530/667/1908 278/295/1907 
usemtl material
f 101/101/314 283/303/1119 531/668/1912 364/420/1909 
usemtl material
f 99/99/315 280/297/1111 531/669/1914 283/304/1913 
usemtl material
f 100/100/316 294/321/1910 531/670/1916 280/298/1915 
usemtl material
f 102/102/318 284/305/1123 532/671/1920 287/310/1917 
usemtl material
f 104/104/319 432/524/1567 532/671/1922 284/305/1921 
usemtl material
f 103/103/320 303/336/1918 532/672/1924 432/525/1923 
usemtl material
f 107/107/322 289/313/1137 533/673/1928 352/406/1925 
usemtl material
f 105/105/323 286/307/1129 533/674/1930 289/314/1929 
usemtl material
f 106/106/324 306/341/1926 533/675/1932 286/308/1931 
usemtl material
f 111/112/326 356/411/1339 534/676/1936 290/315/1933 
usemtl material
f 360/416/1351 534/676/1938 356/411/1937 
usemtl material
f 110/110/328 534/676/1940 360/416/1939 
usemtl material
f 109/109/329 293/319/1934 534/677/1942 110/111/1941 
usemtl material
f 113/114/331 363/419/1359 535/678/1946 292/318/1943 
usemtl material
f 112/113/332 295/323/1944 535/678/1948 363/419/1947 
usemtl material
f 115/116/334 362/418/1357 536/680/1952 296/326/1949 
usemtl material
f 114/115/335 299/331/1950 536/680/1954 362/418/1953 
usemtl material
f 117/118/337 366/422/1369 537/682/1958 298/330/1955 
usemtl material
f 380/444/1411 537/683/1960 366/423/1959 
usemtl material
f 118/119/339 537/683/1962 380/444/1961 
usemtl material
f 116/117/340 301/334/1956 537/683/1964 118/119/1963 
usemtl material
f 120/121/342 302/335/1177 538/684/1968 305/340/1965 
usemtl material
f 122/123/343 441/540/1593 538/684/1970 302/335/1969 
usemtl material
f 121/122/344 409/489/1966 538/685/1972 441/541/1971 
usemtl material
f 123/124/346 304/337/1183 539/686/1976 307/342/1973 
usemtl material
f 125/126/347 341/390/1293 539/687/1978 304/338/1977 
usemtl material
f 124/125/348 338/385/1974 539/687/1980 341/390/1979 
usemtl material
f 128/129/350 311/347/1203 540/688/1984 336/383/1981 
usemtl material
f 126/127/351 308/343/1195 540/689/1986 311/348/1985 
usemtl material
f 127/128/352 331/375/1982 540/689/1988 308/343/1987 
usemtl material
f 131/132/354 313/350/1209 541/690/1992 438/535/1989 
usemtl material
f 129/130/355 310/345/1201 541/690/1994 313/350/1993 
usemtl material
f 130/131/356 400/476/1990 541/691/1996 310/346/1995 
usemtl material
f 133/134/358 433/526/1569 542/692/2000 320/360/1997 
usemtl material
f 132/133/359 387/454/1431 542/693/2002 433/527/2001 
usemtl material
f 323/364/796 595/783/2338 542/694/2004 387/455/2003 
usemtl material
f 384/450/1239 593/780/2333 543/695/2008 314/352/2005 
usemtl material
f 135/136/363 317/355/2006 543/696/2010 593/779/2009 
usemtl material
f 138/139/365 452/560/1627 544/697/2014 316/354/2011 
usemtl material
f 137/138/366 319/358/2012 544/698/2016 452/561/2015 
usemtl material
f 139/140/368 318/356/1225 545/699/2020 321/361/2017 
usemtl material
f 141/142/369 443/543/1599 545/700/2022 318/357/2021 
usemtl material
f 140/141/370 440/538/2018 545/700/2024 443/543/2023 
usemtl material
f 136/137/434 605/795/2348 546/701/2028 395/468/2025 
usemtl material
f 142/143/373 328/371/2026 546/702/2030 605/794/2029 
usemtl material
f 146/147/375 325/366/1245 547/703/2034 426/517/2031 
usemtl material
f 144/145/376 322/362/1237 547/703/2036 325/366/2035 
usemtl material
f 145/146/658 603/792/2343 547/704/2038 322/363/2037 
usemtl material
f 147/148/379 324/365/1243 548/706/2042 327/370/2039 
usemtl material
f 149/150/380 439/536/1587 548/706/2044 324/365/2043 
usemtl material
f 148/149/381 436/532/2040 548/707/2046 439/537/2045 
usemtl material
f 151/152/383 451/558/1623 549/708/2050 326/368/2047 
usemtl material
f 150/151/384 329/372/2048 549/709/2052 451/559/2051 
usemtl material
f 154/155/386 333/378/1269 550/710/2056 631/823/2053 
usemtl material
f 152/153/387 330/373/1261 550/710/2058 333/378/2057 
usemtl material
f 153/154/388 348/401/2054 550/711/2060 330/374/2059 
usemtl material
f 157/158/390 335/381/1275 551/712/2064 425/515/2061 
usemtl material
f 155/156/391 332/377/1267 551/713/2066 335/382/2065 
usemtl material
f 156/157/392 414/498/2062 551/713/2068 332/377/2067 
usemtl material
f 158/159/394 334/379/1273 552/714/2072 337/384/2069 
usemtl material
f 160/161/395 422/512/1537 552/715/2074 334/380/2073 
usemtl material
f 159/160/396 399/474/2070 552/715/2076 422/512/2075 
usemtl material
f 162/163/398 359/414/1347 553/716/2080 344/395/2077 
usemtl material
f 349/402/772 623/815/2450 553/717/2082 359/415/2081 
usemtl material
f 163/164/400 339/387/2078 553/717/2084 623/815/2083 
usemtl material
f 166/167/402 343/393/1299 554/718/2088 423/513/2085 
usemtl material
f 164/165/403 340/389/1291 554/719/2090 343/394/2089 
usemtl material
f 165/166/404 410/490/2086 554/719/2092 340/389/2091 
usemtl material
f 167/168/406 342/391/1297 555/720/2096 345/396/2093 
usemtl material
f 169/170/407 424/514/1543 555/721/2098 342/392/2097 
usemtl material
f 168/169/408 417/504/2094 555/721/2100 424/514/2099 
usemtl material
f 171/172/410 354/409/1333 556/722/2104 346/398/2101 
usemtl material
f 108/108/416 633/826/2460 556/722/2106 354/409/2105 
usemtl material
f 355/410/1334 620/812/2445 557/723/2110 350/403/2107 
usemtl material
f 172/173/414 353/407/2108 557/723/2112 620/812/2111 
usemtl material
f 360/416/2519 356/411/2520 639/836/1342 378/441/1345 
usemtl material
f 176/178/417 418/506/1525 636/829/2118 174/176/2117 
usemtl material
f 175/177/418 379/442/2114 636/830/2120 418/507/2119 
usemtl material
f 185/188/2411 610/801/2412 386/453/1394 600/788/1396 
usemtl material
f 180/183/421 430/522/1561 608/798/2126 178/181/2125 
usemtl material
f 179/182/422 369/427/1377 608/798/2128 430/522/2127 
usemtl material
f 177/179/423 374/437/2122 608/799/2130 369/428/2129 
usemtl material
f 182/185/425 446/548/1609 560/726/2134 368/426/2131 
usemtl material
f 181/184/426 371/431/2132 560/727/2136 446/549/2135 
usemtl material
f 184/187/428 448/552/1615 561/729/2140 370/430/2137 
usemtl material
f 183/186/429 373/435/2138 561/730/2142 448/553/2141 
usemtl material
f 187/190/431 429/521/1557 610/802/2146 372/434/2143 
usemtl material
f 186/189/432 393/464/1449 610/802/2148 429/521/2147 
usemtl material
f 382/446/2407 385/452/2408 612/804/1417 394/466/1419 
usemtl material
f 178/180/2403 608/799/2404 392/463/1423 615/807/1427 
usemtl material
f 174/175/2515 636/831/2516 367/424/1349 643/840/1350 
usemtl material
f 191/195/437 413/496/1509 638/833/2158 189/193/2157 
usemtl material
f 190/194/438 397/470/2154 638/834/2160 413/497/2159 
usemtl material
f 194/199/440 385/451/1425 382/448/2164 406/485/2161 
usemtl material
f 610/801/2399 393/465/2400 591/777/1428 386/453/1429 
usemtl material
f 196/201/2395 388/456/2396 390/460/1435 562/732/1437 
usemtl material
f 197/203/444 391/461/1443 388/458/2172 403/481/2169 
usemtl material
f 608/799/2391 374/437/2392 601/789/1451 392/463/1452 
usemtl material
f 193/197/2387 382/446/2388 394/466/1998 617/809/2032 
usemtl material
f 199/205/448 458/572/1645 566/736/2180 398/473/2177 
usemtl material
f 201/207/449 466/580/1669 566/736/2182 458/572/2181 
usemtl material
f 200/206/450 435/530/1575 566/736/2184 466/580/2183 
usemtl material
f 198/204/451 401/477/2178 566/737/2186 435/531/2185 
usemtl material
f 205/211/453 450/556/1621 567/738/2190 402/479/2187 
usemtl material
f 202/208/454 454/564/1633 567/739/2192 450/557/2191 
usemtl material
f 204/210/455 463/577/1659 567/740/2194 454/565/2193 
usemtl material
f 203/209/456 405/483/2188 567/740/2196 463/577/2195 
usemtl material
f 208/214/458 460/574/1651 568/741/2200 404/482/2197 
usemtl material
f 207/213/459 457/570/1641 568/741/2202 460/574/2201 
usemtl material
f 209/215/460 453/562/1629 568/742/2204 457/571/2203 
usemtl material
f 206/212/461 407/486/2198 568/743/2206 453/563/2205 
usemtl material
f 213/219/463 444/544/1603 569/744/2210 408/488/2207 
usemtl material
f 211/217/464 469/583/1677 569/745/2212 444/545/2211 
usemtl material
f 210/216/465 459/573/1647 569/745/2214 469/583/2213 
usemtl material
f 212/218/466 411/492/2208 569/745/2216 459/573/2215 
usemtl material
f 215/221/468 420/510/1531 570/746/2220 412/495/2217 
usemtl material
f 214/220/469 415/500/2218 570/746/2222 420/510/2221 
usemtl material
f 217/223/471 421/511/1533 571/748/2226 416/503/2223 
usemtl material
f 216/222/472 419/508/2224 571/748/2228 421/511/2227 
usemtl material
f 219/225/474 455/566/1635 572/750/2232 434/529/2229 
usemtl material
f 218/224/475 437/533/2230 572/751/2234 455/567/2233 
usemtl material
f 221/227/477 456/568/1639 573/752/2238 442/542/2235 
usemtl material
f 220/226/478 445/546/2236 573/753/2240 456/569/2239 
usemtl material
f 223/229/480 461/575/1653 574/754/2244 468/582/2241 
usemtl material
f 222/228/481 464/578/2242 574/754/2246 461/575/2245 
usemtl material
f 225/231/483 467/581/1671 575/755/2250 462/576/2247 
usemtl material
f 224/230/484 465/579/2248 575/755/2252 467/581/2251 
usemtl material
f 227/233/486 471/585/1683 576/756/2256 510/635/2253 
usemtl material
f 226/232/487 476/592/2254 576/756/2258 471/585/2257 
usemtl material
f 229/236/489 479/597/1707 577/758/2262 470/584/2259 
usemtl material
f 228/234/490 473/588/2260 577/758/2264 479/597/2263 
usemtl material
f 231/238/492 482/600/1717 578/760/2268 472/587/2265 
usemtl material
f 230/237/493 475/591/2266 578/760/2270 482/600/2269 
usemtl material
f 233/240/495 513/639/1809 579/761/2274 474/590/2271 
usemtl material
f 232/239/496 477/594/2272 579/761/2276 513/639/2275 
usemtl material
f 235/242/498 487/605/1731 580/762/2280 478/596/2277 
usemtl material
f 234/241/499 481/599/2278 580/762/2282 487/605/2281 
usemtl material
f 238/245/501 483/601/1719 581/763/2286 518/646/2283 
usemtl material
f 236/243/502 480/598/1711 581/763/2288 483/601/2287 
usemtl material
f 237/244/503 484/602/2284 581/763/2290 480/598/2289 
usemtl material
f 239/246/505 494/614/1753 582/764/2294 488/606/2291 
usemtl material
f 241/248/506 514/640/1813 582/764/2296 494/615/2295 
usemtl material
f 240/247/507 485/603/2292 582/764/2298 514/640/2297 
usemtl material
f 243/250/509 491/609/1743 583/765/2302 486/604/2299 
usemtl material
f 242/249/510 489/607/2300 583/765/2304 491/609/2303 
usemtl material
f 245/253/512 497/619/1761 584/766/2308 490/608/2305 
usemtl material
f 244/251/513 493/612/2306 584/766/2310 497/619/2309 
usemtl material
f 247/255/515 500/624/1771 585/768/2314 492/611/2311 
usemtl material
f 246/254/516 495/616/2312 585/768/2316 500/624/2315 
usemtl material
f 249/258/518 521/649/1833 586/770/2320 496/618/2317 
usemtl material
f 248/256/519 499/622/2318 586/770/2322 521/649/2321 
usemtl material
f 251/260/521 517/644/1821 587/772/2326 498/621/2323 
usemtl material
f 250/259/522 501/625/2324 587/773/2328 517/645/2327 
usemtl material
f 253/262/524 503/627/1779 588/774/2332 520/648/2329 
usemtl material
f 252/261/525 508/632/2330 588/774/275 503/627/276 
usemtl material
f 593/780/2335 384/450/1238 375/438/804 611/803/2417 
usemtl material
f 595/783/2340 323/364/795 315/353/784 614/806/2425 
usemtl material
f 603/792/2345 145/146/657 143/144/446 597/785/2339 
usemtl material
f 605/795/2350 136/137/433 134/135/377 564/734/2167 
usemtl material
f 385/452/2353 593/780/2354 611/803/2418 612/804/2419 
usemtl material
f 594/781/2357 592/778/2358 613/805/2424 614/806/2426 
usemtl material
f 387/455/2361 178/180/2362 615/807/2429 616/808/2432 
usemtl material
f 391/462/2365 193/197/2366 617/809/2435 618/810/2437 
usemtl material
f 599/787/2369 10/10/2370 601/789/2441 600/788/2443 
usemtl material
f 393/465/2373 603/792/2374 597/785/2334 591/777/2176 
usemtl material
f 604/793/2377 602/790/2378 565/735/2168 564/734/2166 
usemtl material
f 395/468/2381 196/201/2382 562/732/2152 559/725/2149 
usemtl material
f 607/797/2385 598/786/2386 617/809/2436 394/466/2123 
usemtl material
f 10/10/2389 383/449/2390 392/463/1458 601/789/2442 
usemtl material
f 609/800/2393 606/796/2394 562/732/2151 390/460/1446 
usemtl material
f 188/191/2397 389/459/2398 386/453/1434 591/777/2175 
usemtl material
f 383/449/2401 596/784/2402 615/807/2430 392/463/1457 
usemtl material
f 192/196/2405 607/797/2406 394/466/2121 612/804/2420 
usemtl material
f 389/459/2409 599/787/2410 600/788/2444 386/453/1433 
usemtl material
f 195/200/2413 609/800/2414 390/460/1445 618/810/2438 
usemtl material
f 592/778/2355 192/196/2356 612/804/2422 611/803/2421 
usemtl material
f 314/352/2359 595/783/2360 614/806/2428 613/805/2427 
usemtl material
f 596/784/2363 594/781/2364 616/808/2434 615/807/2433 
usemtl material
f 598/786/2367 195/200/2368 618/810/2440 617/809/2439 
usemtl material
f 374/437/2371 185/188/2372 600/788/2344 601/789/2349 
usemtl material
f 602/790/2375 188/191/2376 591/777/2173 597/785/2174 
usemtl material
f 322/363/2379 605/795/2380 564/734/2162 565/735/2165 
usemtl material
f 606/796/2383 604/793/2384 559/725/2124 562/732/2144 
usemtl material
f 620/812/2447 355/410/1324 351/404/1318 640/837/2531 
usemtl material
f 623/815/2452 349/402/771 173/174/732 642/839/2537 
usemtl material
f 631/824/2457 170/171/721 161/162/710 629/821/2559 
usemtl material
f 633/826/2462 108/108/415 50/50/399 563/733/2567 
usemtl material
f 619/811/2465 621/813/2466 639/836/2529 640/837/2532 
usemtl material
f 622/814/2469 619/811/2470 641/838/2536 642/839/2538 
usemtl material
f 359/415/2473 174/175/2474 643/840/2541 644/841/2544 
usemtl material
f 379/443/2477 189/192/2478 645/842/2547 646/843/2549 
usemtl material
f 627/819/2481 119/120/2482 647/844/2553 648/845/2555 
usemtl material
f 397/471/2485 631/824/2486 629/821/2560 628/820/2561 
usemtl material
f 632/825/2489 630/822/2490 625/817/2566 563/733/2568 
usemtl material
f 634/827/2493 632/825/2494 558/724/2446 396/469/2156 
usemtl material
f 635/828/2497 627/819/2498 648/845/2556 378/441/2115 
usemtl material
f 47/47/2501 361/417/2502 367/424/1463 646/843/2550 
usemtl material
f 637/832/2505 634/827/2506 396/469/2155 358/413/1410 
usemtl material
f 48/48/2509 381/445/2510 357/412/1372 628/820/2562 
usemtl material
f 361/417/2513 624/816/2514 643/840/2542 367/424/1461 
usemtl material
f 621/813/2517 635/828/2518 378/441/2113 639/836/2530 
usemtl material
f 381/445/2521 626/818/2522 645/842/2548 357/412/1371 
usemtl material
f 119/120/2525 637/832/2526 358/413/1409 647/844/2554 
usemtl material
f 356/411/2467 620/812/2468 640/837/2534 639/836/2533 
usemtl material
f 350/403/2471 623/815/2472 642/839/2540 641/838/2539 
usemtl material
f 624/816/2475 622/814/2476 644/841/2546 643/840/2545 
usemtl material
f 626/818/2479 47/47/2480 646/843/2552 645/842/2551 
usemtl material
f 366/423/2483 110/110/2484 648/845/2558 647/844/2557 
usemtl material
f 630/822/2487 48/48/2488 628/820/2564 629/821/2563 
usemtl material
f 348/401/2491 633/826/2492 563/733/2456 625/817/2461 
usemtl material
f 354/409/2495 118/119/2496 396/469/2116 558/724/2153 
usemtl material
f 110/110/2499 360/416/2500 378/441/1464 648/845/2102 
usemtl material
f 636/831/2503 379/443/2504 646/843/1413 367/424/1459 
usemtl material
f 118/119/2507 380/444/2508 358/413/1405 396/469/1407 
usemtl material
f 638/835/2511 397/471/2512 628/820/1353 357/412/1370 
#end 643 faces
