# Blender3D v246 OBJ File: 
# www.blender3d.org
mtllib 747.mtl
o B747taiB_B747glas
v 0.055846 -5.028880 0.324943
v 0.055911 -5.030311 0.323586
v 0.055971 -5.030317 0.319325
v 0.055955 -5.028880 0.318040
v 0.055483 -5.021553 0.318040
v 0.055260 -5.020077 0.319325
v 0.055233 -5.020156 0.323729
v 0.055372 -5.021515 0.324943
v 0.055294 -5.021667 0.331120
v 0.055141 -5.020233 0.332500
v 0.055040 -5.020230 0.336739
v 0.055185 -5.021667 0.338024
v 0.055627 -5.030546 0.336858
v 0.055744 -5.030469 0.332405
v 0.055749 -5.029033 0.331120
v 0.054018 -5.021820 0.406018
v 0.054441 -5.029185 0.406018
v 0.054479 -5.030622 0.404734
v 0.054572 -5.030622 0.400400
v 0.054590 -5.029185 0.399115
v 0.054143 -5.021820 0.399115
v 0.053974 -5.020382 0.400400
v 0.053904 -5.020382 0.404733
v 0.055571 -5.019619 0.280082
v 0.055522 -5.019619 0.284416
v 0.056186 -5.028422 0.285701
v 0.056225 -5.029860 0.284416
v 0.056236 -5.029860 0.280083
v 0.056221 -5.028422 0.278797
v 0.056249 -5.028270 0.272621
v 0.056277 -5.029707 0.271336
v 0.056299 -5.029707 0.267001
v 0.056285 -5.028270 0.265717
v 0.055875 -5.020789 0.265820
v 0.055693 -5.019467 0.267001
v 0.055641 -5.019467 0.271336
v 0.055840 -5.020986 0.272620
v 0.055510 -5.021362 0.311863
v 0.056032 -5.028728 0.311863
v 0.056079 -5.030165 0.310578
v 0.056113 -5.030165 0.306244
v 0.056086 -5.028728 0.304959
v 0.055574 -5.021362 0.304958
v 0.055355 -5.019925 0.306243
v 0.055316 -5.019925 0.310577
v 0.055413 -5.019773 0.297497
v 0.055605 -5.021210 0.298782
v 0.056125 -5.028574 0.298783
v 0.056182 -5.030012 0.297497
v 0.056211 -5.030012 0.293163
v 0.056177 -5.028574 0.291878
v 0.055669 -5.021210 0.291878
v 0.055455 -5.019773 0.293163
v 0.053940 -5.021820 0.410825
v 0.053782 -5.020382 0.412110
v 0.053713 -5.020382 0.416443
v 0.053825 -5.021820 0.417729
v 0.054293 -5.029185 0.417729
v 0.054361 -5.030622 0.416443
v 0.054388 -5.030622 0.412110
v 0.054336 -5.029232 0.410867
v 0.055094 -5.021820 0.344201
v 0.054911 -5.020382 0.345486
v 0.054836 -5.020382 0.349820
v 0.054963 -5.021820 0.351104
v 0.055390 -5.029185 0.351105
v 0.055419 -5.030544 0.349833
v 0.055510 -5.030622 0.345486
v 0.055515 -5.029185 0.344201
v 0.052918 -5.021820 0.465578
v 0.053436 -5.029185 0.465579
v 0.053522 -5.030515 0.464389
v 0.053610 -5.030524 0.459872
v 0.053574 -5.029185 0.458674
v 0.052958 -5.020382 0.459805
v 0.052804 -5.020382 0.464293
v 0.053010 -5.020208 0.452836
v 0.053661 -5.029185 0.454201
v 0.053743 -5.030537 0.452993
v 0.053830 -5.030516 0.448487
v 0.053796 -5.029185 0.447297
v 0.053283 -5.021820 0.447297
v 0.053113 -5.020382 0.448583
v 0.053275 -5.020466 0.440664
v 0.053904 -5.029185 0.441619
v 0.053986 -5.030513 0.440432
v 0.054075 -5.030365 0.435743
v 0.054038 -5.029185 0.434715
v 0.053530 -5.021820 0.434715
v 0.053360 -5.020382 0.436001
v 0.052019 -5.030622 0.516110
v 0.052215 -5.030622 0.511776
v 0.052258 -5.029185 0.510491
v 0.051779 -5.021820 0.510491
v 0.051563 -5.020427 0.511737
v 0.051391 -5.020468 0.515850
v 0.051486 -5.021820 0.517395
v 0.051930 -5.029185 0.517395
v 0.054125 -5.029185 0.430128
v 0.054208 -5.030555 0.428902
v 0.054290 -5.030619 0.424506
v 0.054241 -5.029185 0.423223
v 0.053736 -5.021820 0.423223
v 0.053577 -5.020382 0.424508
v 0.053469 -5.020382 0.428968
v 0.049413 -5.030622 0.563594
v 0.049468 -5.029185 0.562309
v 0.049133 -5.021763 0.562359
v 0.048910 -5.020382 0.563594
v 0.048636 -5.020382 0.567928
v 0.048710 -5.021860 0.569212
v 0.049022 -5.029185 0.569212
v 0.049133 -5.030622 0.567928
v 0.050252 -5.030622 0.550639
v 0.050299 -5.029185 0.549354
v 0.049946 -5.021820 0.549354
v 0.049732 -5.020382 0.550639
v 0.049458 -5.020382 0.554972
v 0.049516 -5.021721 0.556170
v 0.049858 -5.029185 0.556258
v 0.049994 -5.030581 0.554923
v 0.050438 -5.020380 0.537586
v 0.050246 -5.020382 0.542019
v 0.050325 -5.021820 0.543304
v 0.050685 -5.029185 0.543304
v 0.050819 -5.030605 0.541776
v 0.050988 -5.030580 0.537815
v 0.051036 -5.029185 0.536400
v 0.051627 -5.030622 0.524731
v 0.051229 -5.021820 0.523445
v 0.051038 -5.020559 0.524346
v 0.050847 -5.020663 0.529119
v 0.050935 -5.021820 0.530350
v 0.051319 -5.029185 0.530350
v 0.051422 -5.030622 0.529065
v 0.051958 -5.020275 0.499068
v 0.051847 -5.020350 0.503158
v 0.051971 -5.021820 0.504440
v 0.052474 -5.029185 0.504441
v 0.052540 -5.030622 0.503156
v 0.052699 -5.030574 0.498785
v 0.052649 -5.029185 0.497536
v 0.052150 -5.021820 0.497536
v 0.052800 -5.029185 0.491487
v 0.052871 -5.030622 0.490201
v 0.053010 -5.030467 0.485611
v 0.052471 -5.021820 0.484583
v 0.052243 -5.020022 0.486078
v 0.052125 -5.020106 0.490315
v 0.052591 -5.019946 0.473033
v 0.052474 -5.019853 0.477016
v 0.053125 -5.029185 0.478533
v 0.053200 -5.030622 0.477247
v 0.053311 -5.030622 0.472914
v 0.053296 -5.029185 0.471629
v 0.056124 -5.015527 -0.270830
v 0.055532 -5.024309 -0.269644
v 0.055308 -5.025747 -0.270930
v 0.055229 -5.025747 -0.275264
v 0.055415 -5.024309 -0.276549
v 0.055999 -5.016944 -0.276549
v 0.056071 -5.015424 -0.275239
v 0.055947 -5.016437 -0.282472
v 0.055382 -5.023801 -0.282471
v 0.055147 -5.025239 -0.283756
v 0.055069 -5.025239 -0.288091
v 0.055266 -5.023801 -0.289375
v 0.055868 -5.016436 -0.289376
v 0.055919 -5.014998 -0.288091
v 0.055965 -5.014998 -0.283756
v 0.055821 -5.015928 -0.295299
v 0.055258 -5.023293 -0.295299
v 0.055008 -5.024731 -0.296584
v 0.054943 -5.024731 -0.300917
v 0.055154 -5.023293 -0.302203
v 0.055741 -5.015928 -0.302203
v 0.055774 -5.014491 -0.300918
v 0.055821 -5.014491 -0.296585
v 0.055690 -5.015420 -0.308126
v 0.055147 -5.022785 -0.308126
v 0.054896 -5.024222 -0.309410
v 0.054832 -5.024222 -0.313745
v 0.055043 -5.022785 -0.315030
v 0.055586 -5.015420 -0.315030
v 0.055618 -5.013983 -0.313745
v 0.055671 -5.013983 -0.309411
v 0.055399 -5.014912 -0.327857
v 0.055419 -5.013475 -0.326572
v 0.055485 -5.013475 -0.322239
v 0.055515 -5.014776 -0.321075
v 0.055027 -5.022277 -0.320953
v 0.054755 -5.023715 -0.322239
v 0.054657 -5.023715 -0.326572
v 0.054875 -5.022278 -0.327857
v 0.057354 -5.016543 -0.037610
v 0.057354 -5.017977 -0.036374
v 0.056932 -5.025342 -0.036374
v 0.056835 -5.026779 -0.037660
v 0.056836 -5.026779 -0.041993
v 0.056935 -5.025342 -0.043278
v 0.057368 -5.017977 -0.043279
v 0.057411 -5.016540 -0.041993
v 0.057419 -5.016591 -0.050614
v 0.057372 -5.018028 -0.049328
v 0.056929 -5.025393 -0.049328
v 0.056829 -5.026830 -0.050614
v 0.056822 -5.026837 -0.055006
v 0.056927 -5.025393 -0.056233
v 0.057380 -5.018028 -0.056233
v 0.056860 -5.026293 -0.068428
v 0.056918 -5.025444 -0.069187
v 0.057391 -5.018078 -0.069187
v 0.057435 -5.016641 -0.067902
v 0.057383 -5.016713 -0.063717
v 0.057383 -5.018078 -0.062283
v 0.056919 -5.025444 -0.062283
v 0.056847 -5.026498 -0.063226
v 0.056899 -5.025627 -0.082023
v 0.057404 -5.018129 -0.082142
v 0.057441 -5.016852 -0.080999
v 0.057443 -5.016706 -0.076510
v 0.057396 -5.018129 -0.075237
v 0.056911 -5.025494 -0.075237
v 0.056757 -5.026945 -0.076850
v 0.056757 -5.026945 -0.080689
v 0.056733 -5.026982 -0.093810
v 0.057421 -5.018025 -0.094956
v 0.057440 -5.016743 -0.093810
v 0.057441 -5.016743 -0.089477
v 0.057408 -5.018239 -0.088192
v 0.056904 -5.025511 -0.088191
v 0.057433 -5.016793 -0.106765
v 0.057438 -5.016794 -0.102431
v 0.056911 -5.025201 -0.101078
v 0.056708 -5.027033 -0.102431
v 0.056697 -5.027033 -0.106764
v 0.056847 -5.025596 -0.108049
v 0.057411 -5.018231 -0.108049
v 0.056794 -5.025647 -0.121004
v 0.057360 -5.018282 -0.121004
v 0.057399 -5.016845 -0.119719
v 0.057410 -5.016845 -0.115385
v 0.057390 -5.018282 -0.114100
v 0.056821 -5.025647 -0.114099
v 0.056666 -5.027084 -0.115385
v 0.056641 -5.027103 -0.119771
v 0.056619 -5.027122 -0.128299
v 0.056721 -5.027116 -0.132560
v 0.056733 -5.025807 -0.133860
v 0.057302 -5.018333 -0.133958
v 0.057365 -5.016896 -0.132674
v 0.057375 -5.016896 -0.128339
v 0.057332 -5.018333 -0.127054
v 0.056769 -5.025698 -0.127054
v 0.056527 -5.027198 -0.145322
v 0.056691 -5.025749 -0.146912
v 0.057244 -5.018384 -0.146913
v 0.057330 -5.017036 -0.145708
v 0.057343 -5.017074 -0.141179
v 0.057272 -5.018384 -0.140009
v 0.056718 -5.025749 -0.140008
v 0.056663 -5.027187 -0.154248
v 0.056479 -5.027237 -0.158581
v 0.056638 -5.025800 -0.159867
v 0.057185 -5.018435 -0.159867
v 0.057277 -5.016997 -0.158582
v 0.057296 -5.016997 -0.154248
v 0.057215 -5.018435 -0.152964
v 0.056663 -5.025800 -0.152963
v 0.057272 -5.016203 0.027138
v 0.057011 -5.025087 0.028397
v 0.056955 -5.026525 0.027112
v 0.056947 -5.026525 0.022778
v 0.057000 -5.025087 0.021493
v 0.057277 -5.016183 0.022748
v 0.057302 -5.016304 0.010216
v 0.057302 -5.016304 0.013790
v 0.057252 -5.017773 0.015442
v 0.056986 -5.025138 0.015443
v 0.056932 -5.026576 0.014158
v 0.056924 -5.026576 0.009823
v 0.056975 -5.025138 0.008539
v 0.057265 -5.017773 0.008538
v 0.057340 -5.016266 -0.003572
v 0.057321 -5.016344 0.002100
v 0.056961 -5.025199 0.002480
v 0.056905 -5.026627 0.001204
v 0.056897 -5.026627 -0.003131
v 0.056950 -5.025189 -0.004416
v 0.057322 -5.016625 -0.011524
v 0.057300 -5.017875 -0.010466
v 0.056938 -5.025240 -0.010466
v 0.056880 -5.026677 -0.011751
v 0.056872 -5.026678 -0.016085
v 0.056924 -5.025312 -0.017305
v 0.057316 -5.017875 -0.017371
v 0.056932 -5.025291 -0.030324
v 0.057343 -5.017926 -0.030324
v 0.057383 -5.016489 -0.029040
v 0.057329 -5.016495 -0.024756
v 0.057329 -5.017926 -0.023421
v 0.056927 -5.025291 -0.023421
v 0.056854 -5.026728 -0.024705
v 0.056846 -5.026728 -0.029039
v 0.056888 -5.019277 0.128062
v 0.056935 -5.026592 0.128062
v 0.056890 -5.028029 0.126777
v 0.056897 -5.028029 0.122444
v 0.056947 -5.026592 0.121158
v 0.056938 -5.019241 0.121158
v 0.056796 -5.017789 0.122443
v 0.056761 -5.017789 0.126776
v 0.057007 -5.019170 0.108090
v 0.056891 -5.017637 0.109362
v 0.056858 -5.017637 0.113696
v 0.056961 -5.026439 0.114982
v 0.056913 -5.027876 0.113696
v 0.056919 -5.027876 0.109362
v 0.056971 -5.026547 0.108174
v 0.056549 -5.019863 0.181136
v 0.056752 -5.027202 0.181136
v 0.056725 -5.028639 0.179852
v 0.056743 -5.028639 0.175518
v 0.056780 -5.027202 0.174233
v 0.056596 -5.019827 0.174241
v 0.056447 -5.018399 0.175518
v 0.056416 -5.018399 0.179851
v 0.056719 -5.019570 0.154598
v 0.056866 -5.026897 0.154598
v 0.056818 -5.028334 0.153313
v 0.056832 -5.028334 0.148979
v 0.056888 -5.026897 0.147694
v 0.056766 -5.019534 0.147694
v 0.056618 -5.018094 0.148979
v 0.056586 -5.018094 0.153313
v 0.056449 -5.018468 -0.231164
v 0.055824 -5.025833 -0.231164
v 0.055613 -5.027270 -0.232448
v 0.055554 -5.027270 -0.236782
v 0.055729 -5.025833 -0.238067
v 0.056372 -5.018467 -0.238067
v 0.056440 -5.017030 -0.236782
v 0.056490 -5.017030 -0.232448
v 0.055507 -5.026762 -0.245275
v 0.055447 -5.026762 -0.249609
v 0.055632 -5.025325 -0.250894
v 0.056249 -5.017960 -0.250895
v 0.056316 -5.016523 -0.249609
v 0.056365 -5.016523 -0.245275
v 0.056324 -5.017960 -0.243990
v 0.055721 -5.025325 -0.243990
v 0.055625 -5.024817 -0.256817
v 0.055411 -5.026254 -0.258103
v 0.055355 -5.026254 -0.262436
v 0.055538 -5.024817 -0.263721
v 0.056125 -5.017452 -0.263721
v 0.056191 -5.016015 -0.262437
v 0.056238 -5.016015 -0.258103
v 0.055925 -5.026340 -0.218336
v 0.055721 -5.027778 -0.219621
v 0.055661 -5.027778 -0.223955
v 0.055836 -5.026341 -0.225240
v 0.056497 -5.018975 -0.225240
v 0.056565 -5.017538 -0.223955
v 0.056615 -5.017538 -0.219621
v 0.056571 -5.018975 -0.218336
v 0.055216 -5.014361 -0.340646
v 0.055219 -5.012967 -0.339399
v 0.055285 -5.012967 -0.335065
v 0.055324 -5.014418 -0.333781
v 0.054829 -5.021770 -0.333780
v 0.054558 -5.023207 -0.335065
v 0.054458 -5.023207 -0.339399
v 0.054672 -5.021770 -0.340684
v 0.055015 -5.012459 -0.352226
v 0.055083 -5.012459 -0.347892
v 0.054625 -5.021262 -0.346607
v 0.054355 -5.022699 -0.347892
v 0.054257 -5.022699 -0.352226
v 0.054471 -5.021262 -0.353511
v 0.055021 -5.014000 -0.353511
v 0.056366 -5.028117 0.252291
v 0.056002 -5.020689 0.252347
v 0.055836 -5.019315 0.253576
v 0.055790 -5.019315 0.257910
v 0.055943 -5.020719 0.259165
v 0.056316 -5.028117 0.259195
v 0.056350 -5.029554 0.257910
v 0.056358 -5.029604 0.253938
v 0.056450 -5.029201 0.240336
v 0.056108 -5.020545 0.239258
v 0.055943 -5.019162 0.240495
v 0.055902 -5.019162 0.244829
v 0.056050 -5.020580 0.246097
v 0.056407 -5.029324 0.245015
v 0.056007 -5.019010 0.231749
v 0.056157 -5.020437 0.233025
v 0.056491 -5.027596 0.233033
v 0.056522 -5.029128 0.231658
v 0.056550 -5.029175 0.227348
v 0.056543 -5.027812 0.226130
v 0.056215 -5.020402 0.226169
v 0.056046 -5.019010 0.227415
v 0.056154 -5.018857 0.214334
v 0.056111 -5.018857 0.218668
v 0.056265 -5.020294 0.219953
v 0.056582 -5.027659 0.219953
v 0.056575 -5.029097 0.218668
v 0.056574 -5.029115 0.214304
v 0.056625 -5.027759 0.213147
v 0.056322 -5.020259 0.213080
v 0.056625 -5.028944 0.201253
v 0.056666 -5.027507 0.199969
v 0.056429 -5.020117 0.199995
v 0.056269 -5.018704 0.201253
v 0.056225 -5.018704 0.205587
v 0.056372 -5.020165 0.206872
v 0.056649 -5.027507 0.206872
v 0.056610 -5.029063 0.205326
v 0.043021 -5.015167 -0.502472
v 0.042560 -5.016533 -0.503692
v 0.041777 -5.016551 -0.508139
v 0.041890 -5.015167 -0.509376
v 0.043390 -5.007802 -0.509376
v 0.043813 -5.006365 -0.508091
v 0.044390 -5.006449 -0.503682
v 0.044349 -5.007802 -0.502472
v 0.039766 -5.014659 -0.522203
v 0.041861 -5.005857 -0.520918
v 0.042549 -5.005869 -0.516574
v 0.042494 -5.007163 -0.515439
v 0.040975 -5.014659 -0.515299
v 0.040405 -5.016097 -0.516584
v 0.039647 -5.016068 -0.520944
v 0.040610 -5.005349 -0.529412
v 0.040558 -5.006548 -0.528338
v 0.038882 -5.014052 -0.528135
v 0.038285 -5.015577 -0.529401
v 0.037524 -5.015535 -0.533792
v 0.037691 -5.014151 -0.535030
v 0.039455 -5.006786 -0.535031
v 0.039924 -5.005349 -0.533745
v 0.051107 -5.008904 -0.440011
v 0.051286 -5.010341 -0.438336
v 0.051030 -5.017925 -0.438531
v 0.050665 -5.019144 -0.439621
v 0.050155 -5.019118 -0.443978
v 0.050268 -5.017868 -0.445096
v 0.050554 -5.010341 -0.445241
v 0.050686 -5.009102 -0.444131
v 0.049952 -5.008511 -0.452347
v 0.049932 -5.009910 -0.451163
v 0.049599 -5.017199 -0.451163
v 0.049263 -5.018615 -0.452429
v 0.048744 -5.018636 -0.456781
v 0.049277 -5.009834 -0.458067
v 0.049538 -5.008397 -0.456783
v 0.047246 -5.016701 -0.470885
v 0.048091 -5.009326 -0.470895
v 0.048355 -5.007888 -0.469609
v 0.048771 -5.007888 -0.465276
v 0.048755 -5.009255 -0.464053
v 0.048171 -5.016691 -0.463990
v 0.047841 -5.018128 -0.465275
v 0.047205 -5.018124 -0.469613
v 0.047432 -5.007527 -0.477972
v 0.047446 -5.008818 -0.476817
v 0.046102 -5.017455 -0.477955
v 0.045533 -5.017365 -0.482599
v 0.046554 -5.008818 -0.483722
v 0.046668 -5.007318 -0.482746
v 0.045910 -5.006972 -0.490842
v 0.045866 -5.008310 -0.489645
v 0.044349 -5.016742 -0.490598
v 0.043611 -5.016803 -0.495541
v 0.043696 -5.015675 -0.496549
v 0.045011 -5.008310 -0.496549
v 0.045263 -5.006834 -0.495231
v 0.054360 -5.012744 -0.374323
v 0.054007 -5.020246 -0.374200
v 0.053716 -5.021546 -0.375363
v 0.053494 -5.021683 -0.379820
v 0.053700 -5.020246 -0.381105
v 0.054141 -5.012881 -0.381105
v 0.054172 -5.011444 -0.379820
v 0.054318 -5.011600 -0.375346
v 0.053947 -5.012373 -0.387028
v 0.053208 -5.021175 -0.388313
v 0.053015 -5.021175 -0.392647
v 0.053724 -5.012373 -0.393931
v 0.053754 -5.010936 -0.392647
v 0.053896 -5.010936 -0.388313
v 0.053149 -5.012105 -0.406759
v 0.053146 -5.010428 -0.405474
v 0.053347 -5.010428 -0.401140
v 0.053463 -5.011865 -0.399855
v 0.053066 -5.019147 -0.399855
v 0.052730 -5.020667 -0.401140
v 0.052536 -5.020667 -0.405474
v 0.052760 -5.009935 -0.413906
v 0.052477 -5.018777 -0.412731
v 0.052110 -5.020160 -0.413967
v 0.051857 -5.020117 -0.418339
v 0.052090 -5.018684 -0.419585
v 0.052458 -5.011357 -0.419587
v 0.052525 -5.009920 -0.418301
v 0.051790 -5.018214 -0.425509
v 0.051444 -5.019651 -0.426794
v 0.051185 -5.019651 -0.431128
v 0.051386 -5.018381 -0.432264
v 0.051747 -5.010849 -0.432414
v 0.051861 -5.009412 -0.431129
v 0.052107 -5.009412 -0.426795
v 0.052136 -5.010849 -0.425509
v 0.054558 -5.013389 -0.368278
v 0.054574 -5.011951 -0.366993
v 0.054690 -5.011951 -0.362659
v 0.054779 -5.013465 -0.361374
v 0.054377 -5.020754 -0.361374
v 0.054104 -5.022191 -0.362659
v 0.053952 -5.022191 -0.366993
v 0.054172 -5.020754 -0.368278
v 0.056804 -5.019786 -0.189923
v 0.056104 -5.027151 -0.189923
v 0.055911 -5.028588 -0.191207
v 0.055852 -5.028588 -0.195542
v 0.056019 -5.027151 -0.196827
v 0.056730 -5.019786 -0.196827
v 0.056818 -5.018349 -0.195542
v 0.056868 -5.018349 -0.191208
v 0.056975 -5.026439 0.069117
v 0.056919 -5.027876 0.067833
v 0.056918 -5.027876 0.063498
v 0.056971 -5.026439 0.062213
v 0.057122 -5.019074 0.062213
v 0.057154 -5.017637 0.063498
v 0.057133 -5.017703 0.067891
v 0.057105 -5.019074 0.069117
v 0.054750 -5.021820 0.362976
v 0.054569 -5.020382 0.364261
v 0.054494 -5.020382 0.368595
v 0.054630 -5.021820 0.369880
v 0.055069 -5.030622 0.368596
v 0.055138 -5.030622 0.364261
v 0.034794 -5.004499 -0.564339
v 0.035611 -5.004531 -0.559978
v 0.035538 -5.005937 -0.558721
v 0.032655 -5.014739 -0.560005
v 0.031740 -5.014727 -0.564350
v 0.032004 -5.013165 -0.565624
v 0.025554 -4.950357 0.504012
v 0.025558 -4.950357 0.508346
v 0.030786 -4.959159 0.509630
v 0.031646 -4.960597 0.508346
v 0.031658 -4.960597 0.504012
v 0.026590 -4.951847 0.502726
v 0.030535 -4.959159 0.470223
v 0.031393 -4.960597 0.468938
v 0.031341 -4.960597 0.464604
v 0.025994 -4.951794 0.463318
v 0.024994 -4.950357 0.464604
v 0.025086 -4.950357 0.468937
v 0.024896 -4.950357 0.543444
v 0.024727 -4.950357 0.547778
v 0.029718 -4.959159 0.549063
v 0.030580 -4.960597 0.547778
v 0.030797 -4.960597 0.543444
v 0.030071 -4.959178 0.542176
v -0.099453 -5.004499 -0.564339
v -0.100273 -5.004531 -0.559978
v -0.100200 -5.005937 -0.558721
v -0.097317 -5.014739 -0.560005
v -0.096401 -5.014727 -0.564350
v -0.096664 -5.013165 -0.565624
v -0.107682 -5.015167 -0.502472
v -0.107220 -5.016533 -0.503692
v -0.106437 -5.016551 -0.508139
v -0.106551 -5.015167 -0.509376
v -0.108051 -5.007802 -0.509376
v -0.108475 -5.006365 -0.508091
v -0.109051 -5.006449 -0.503682
v -0.109010 -5.007802 -0.502472
v -0.104428 -5.014659 -0.522203
v -0.106523 -5.005857 -0.520918
v -0.107209 -5.005869 -0.516574
v -0.107157 -5.007163 -0.515439
v -0.105637 -5.014659 -0.515299
v -0.105065 -5.016097 -0.516584
v -0.104309 -5.016068 -0.520944
v -0.105271 -5.005349 -0.529412
v -0.105220 -5.006548 -0.528338
v -0.103542 -5.014052 -0.528135
v -0.102943 -5.015577 -0.529401
v -0.102185 -5.015535 -0.533792
v -0.102351 -5.014151 -0.535030
v -0.104115 -5.006786 -0.535031
v -0.104585 -5.005349 -0.533745
v -0.115768 -5.008904 -0.440011
v -0.115948 -5.010341 -0.438336
v -0.115692 -5.017925 -0.438531
v -0.115325 -5.019144 -0.439621
v -0.114817 -5.019118 -0.443978
v -0.114928 -5.017868 -0.445096
v -0.115215 -5.010341 -0.445241
v -0.115346 -5.009102 -0.444131
v -0.114612 -5.008511 -0.452347
v -0.114592 -5.009910 -0.451163
v -0.114260 -5.017199 -0.451163
v -0.113926 -5.018615 -0.452429
v -0.113404 -5.018636 -0.456781
v -0.113937 -5.009834 -0.458067
v -0.114198 -5.008397 -0.456783
v -0.111907 -5.016701 -0.470885
v -0.112753 -5.009326 -0.470895
v -0.113015 -5.007888 -0.469609
v -0.113431 -5.007888 -0.465276
v -0.113417 -5.009255 -0.464053
v -0.112832 -5.016691 -0.463990
v -0.112503 -5.018128 -0.465275
v -0.111868 -5.018124 -0.469613
v -0.112092 -5.007527 -0.477972
v -0.112107 -5.008818 -0.476817
v -0.110762 -5.017455 -0.477955
v -0.110195 -5.017365 -0.482599
v -0.111215 -5.008818 -0.483722
v -0.111328 -5.007318 -0.482746
v -0.110571 -5.006972 -0.490842
v -0.110526 -5.008310 -0.489645
v -0.109010 -5.016742 -0.490598
v -0.108271 -5.016803 -0.495541
v -0.108357 -5.015675 -0.496549
v -0.109671 -5.008310 -0.496549
v -0.109925 -5.006834 -0.495231
v -0.119020 -5.012744 -0.374323
v -0.118668 -5.020246 -0.374200
v -0.118378 -5.021546 -0.375363
v -0.118154 -5.021683 -0.379820
v -0.118360 -5.020246 -0.381105
v -0.118801 -5.012881 -0.381105
v -0.118835 -5.011444 -0.379820
v -0.118978 -5.011600 -0.375346
v -0.118609 -5.012373 -0.387028
v -0.117868 -5.021175 -0.388313
v -0.117676 -5.021175 -0.392647
v -0.118384 -5.012373 -0.393931
v -0.118417 -5.010936 -0.392647
v -0.118557 -5.010936 -0.388313
v -0.117809 -5.012105 -0.406759
v -0.117804 -5.010428 -0.405474
v -0.118007 -5.010428 -0.401140
v -0.118123 -5.011865 -0.399855
v -0.117726 -5.019147 -0.399855
v -0.117390 -5.020667 -0.401140
v -0.117198 -5.020667 -0.405474
v -0.117420 -5.009935 -0.413906
v -0.117139 -5.018777 -0.412731
v -0.116771 -5.020160 -0.413967
v -0.116517 -5.020117 -0.418339
v -0.116751 -5.018684 -0.419585
v -0.117120 -5.011357 -0.419587
v -0.117187 -5.009920 -0.418301
v -0.116451 -5.018214 -0.425509
v -0.116106 -5.019651 -0.426794
v -0.115845 -5.019651 -0.431128
v -0.116048 -5.018381 -0.432264
v -0.116407 -5.010849 -0.432414
v -0.116523 -5.009412 -0.431129
v -0.116768 -5.009412 -0.426795
v -0.116796 -5.010849 -0.425509
v -0.119218 -5.013389 -0.368278
v -0.119234 -5.011951 -0.366993
v -0.119351 -5.011951 -0.362659
v -0.119440 -5.013465 -0.361374
v -0.119037 -5.020754 -0.361374
v -0.118765 -5.022191 -0.362659
v -0.118615 -5.022191 -0.366993
v -0.118835 -5.020754 -0.368278
v -0.120785 -5.015527 -0.270830
v -0.120193 -5.024309 -0.269644
v -0.119968 -5.025747 -0.270930
v -0.119889 -5.025747 -0.275264
v -0.120075 -5.024309 -0.276549
v -0.120659 -5.016944 -0.276549
v -0.120729 -5.015424 -0.275239
v -0.120609 -5.016437 -0.282472
v -0.120043 -5.023801 -0.282471
v -0.119809 -5.025239 -0.283756
v -0.119729 -5.025239 -0.288091
v -0.119928 -5.023801 -0.289375
v -0.120529 -5.016436 -0.289376
v -0.120581 -5.014998 -0.288091
v -0.120625 -5.014998 -0.283756
v -0.120479 -5.015928 -0.295299
v -0.119920 -5.023293 -0.295299
v -0.119670 -5.024731 -0.296584
v -0.119603 -5.024731 -0.300917
v -0.119815 -5.023293 -0.302203
v -0.120401 -5.015928 -0.302203
v -0.120435 -5.014491 -0.300918
v -0.120479 -5.014491 -0.296585
v -0.120350 -5.015420 -0.308126
v -0.119809 -5.022785 -0.308126
v -0.119557 -5.024222 -0.309410
v -0.119492 -5.024222 -0.313745
v -0.119704 -5.022785 -0.315030
v -0.120245 -5.015420 -0.315030
v -0.120278 -5.013983 -0.313745
v -0.120332 -5.013983 -0.309411
v -0.120060 -5.014912 -0.327857
v -0.120081 -5.013475 -0.326572
v -0.120146 -5.013475 -0.322239
v -0.120175 -5.014776 -0.321075
v -0.119685 -5.022277 -0.320953
v -0.119414 -5.023715 -0.322239
v -0.119318 -5.023715 -0.326572
v -0.119535 -5.022278 -0.327857
v -0.122015 -5.016543 -0.037610
v -0.122015 -5.017977 -0.036374
v -0.121593 -5.025342 -0.036374
v -0.121496 -5.026779 -0.037660
v -0.121496 -5.026779 -0.041993
v -0.121595 -5.025342 -0.043278
v -0.122028 -5.017977 -0.043279
v -0.122073 -5.016540 -0.041993
v -0.122079 -5.016591 -0.050614
v -0.122034 -5.018028 -0.049328
v -0.121592 -5.025393 -0.049328
v -0.121490 -5.026830 -0.050614
v -0.121484 -5.026837 -0.055006
v -0.121587 -5.025393 -0.056233
v -0.122040 -5.018028 -0.056233
v -0.121520 -5.026293 -0.068428
v -0.121578 -5.025444 -0.069187
v -0.122053 -5.018078 -0.069187
v -0.122096 -5.016641 -0.067902
v -0.122045 -5.016713 -0.063717
v -0.122045 -5.018078 -0.062283
v -0.121581 -5.025444 -0.062283
v -0.121507 -5.026498 -0.063226
v -0.121559 -5.025627 -0.082023
v -0.122065 -5.018129 -0.082142
v -0.122103 -5.016852 -0.080999
v -0.122103 -5.016706 -0.076510
v -0.122057 -5.018129 -0.075237
v -0.121571 -5.025494 -0.075237
v -0.121417 -5.026945 -0.076850
v -0.121417 -5.026945 -0.080689
v -0.121393 -5.026982 -0.093810
v -0.122084 -5.018025 -0.094956
v -0.122100 -5.016743 -0.093810
v -0.122103 -5.016743 -0.089477
v -0.122067 -5.018239 -0.088192
v -0.121565 -5.025511 -0.088191
v -0.122093 -5.016793 -0.106765
v -0.122100 -5.016794 -0.102431
v -0.121573 -5.025201 -0.101078
v -0.121368 -5.027033 -0.102431
v -0.121359 -5.027033 -0.106764
v -0.121507 -5.025596 -0.108049
v -0.122073 -5.018231 -0.108049
v -0.121456 -5.025647 -0.121004
v -0.122021 -5.018282 -0.121004
v -0.122059 -5.016845 -0.119719
v -0.122071 -5.016845 -0.115385
v -0.122051 -5.018282 -0.114100
v -0.121479 -5.025647 -0.114099
v -0.121325 -5.027084 -0.115385
v -0.121303 -5.027103 -0.119771
v -0.121279 -5.027122 -0.128299
v -0.121381 -5.027116 -0.132560
v -0.121393 -5.025807 -0.133860
v -0.121964 -5.018333 -0.133958
v -0.122026 -5.016896 -0.132674
v -0.122037 -5.016896 -0.128339
v -0.121992 -5.018333 -0.127054
v -0.121428 -5.025698 -0.127054
v -0.121185 -5.027198 -0.145322
v -0.121353 -5.025749 -0.146912
v -0.121904 -5.018384 -0.146913
v -0.121992 -5.017036 -0.145708
v -0.122004 -5.017074 -0.141179
v -0.121934 -5.018384 -0.140009
v -0.121376 -5.025749 -0.140008
v -0.121325 -5.027187 -0.154248
v -0.121139 -5.027237 -0.158581
v -0.121298 -5.025800 -0.159867
v -0.121846 -5.018435 -0.159867
v -0.121939 -5.016997 -0.158582
v -0.121956 -5.016997 -0.154248
v -0.121876 -5.018435 -0.152964
v -0.121325 -5.025800 -0.152963
v -0.121934 -5.016203 0.027138
v -0.121673 -5.025087 0.028397
v -0.121617 -5.026525 0.027112
v -0.121609 -5.026525 0.022778
v -0.121662 -5.025087 0.021493
v -0.121937 -5.016183 0.022748
v -0.121964 -5.016304 0.010216
v -0.121964 -5.016304 0.013790
v -0.121912 -5.017773 0.015442
v -0.121648 -5.025138 0.015443
v -0.121592 -5.026576 0.014158
v -0.121582 -5.026576 0.009823
v -0.121634 -5.025138 0.008539
v -0.121925 -5.017773 0.008538
v -0.122000 -5.016266 -0.003572
v -0.121979 -5.016344 0.002100
v -0.121623 -5.025199 0.002480
v -0.121567 -5.026627 0.001204
v -0.121557 -5.026627 -0.003131
v -0.121610 -5.025189 -0.004416
v -0.121984 -5.016625 -0.011524
v -0.121960 -5.017875 -0.010466
v -0.121596 -5.025240 -0.010466
v -0.121540 -5.026677 -0.011751
v -0.121531 -5.026678 -0.016085
v -0.121582 -5.025312 -0.017305
v -0.121976 -5.017875 -0.017371
v -0.121593 -5.025291 -0.030324
v -0.122004 -5.017926 -0.030324
v -0.122045 -5.016489 -0.029040
v -0.121989 -5.016495 -0.024756
v -0.121989 -5.017926 -0.023421
v -0.121589 -5.025291 -0.023421
v -0.121515 -5.026728 -0.024705
v -0.121507 -5.026728 -0.029039
v -0.121550 -5.019277 0.128062
v -0.121595 -5.026592 0.128062
v -0.121551 -5.028029 0.126777
v -0.121557 -5.028029 0.122444
v -0.121607 -5.026592 0.121158
v -0.121596 -5.019241 0.121158
v -0.121456 -5.017789 0.122443
v -0.121420 -5.017789 0.126776
v -0.121667 -5.019170 0.108090
v -0.121553 -5.017637 0.109362
v -0.121518 -5.017637 0.113696
v -0.121623 -5.026439 0.114982
v -0.121575 -5.027876 0.113696
v -0.121579 -5.027876 0.109362
v -0.121631 -5.026547 0.108174
v -0.121210 -5.019863 0.181136
v -0.121412 -5.027202 0.181136
v -0.121387 -5.028639 0.179852
v -0.121404 -5.028639 0.175518
v -0.121442 -5.027202 0.174233
v -0.121257 -5.019827 0.174241
v -0.121109 -5.018399 0.175518
v -0.121078 -5.018399 0.179851
v -0.121379 -5.019570 0.154598
v -0.121528 -5.026897 0.154598
v -0.121478 -5.028334 0.153313
v -0.121492 -5.028334 0.148979
v -0.121548 -5.026897 0.147694
v -0.121428 -5.019534 0.147694
v -0.121278 -5.018094 0.148979
v -0.121246 -5.018094 0.153313
v -0.121110 -5.018468 -0.231164
v -0.120484 -5.025833 -0.231164
v -0.120273 -5.027270 -0.232448
v -0.120214 -5.027270 -0.236782
v -0.120389 -5.025833 -0.238067
v -0.121034 -5.018467 -0.238067
v -0.121100 -5.017030 -0.236782
v -0.121151 -5.017030 -0.232448
v -0.120167 -5.026762 -0.245275
v -0.120109 -5.026762 -0.249609
v -0.120293 -5.025325 -0.250894
v -0.120909 -5.017960 -0.250895
v -0.120976 -5.016523 -0.249609
v -0.121023 -5.016523 -0.245275
v -0.120985 -5.017960 -0.243990
v -0.120381 -5.025325 -0.243990
v -0.120285 -5.024817 -0.256817
v -0.120071 -5.026254 -0.258103
v -0.120015 -5.026254 -0.262436
v -0.120198 -5.024817 -0.263721
v -0.120785 -5.017452 -0.263721
v -0.120853 -5.016015 -0.262437
v -0.120901 -5.016015 -0.258103
v -0.120585 -5.026340 -0.218336
v -0.120381 -5.027778 -0.219621
v -0.120321 -5.027778 -0.223955
v -0.120498 -5.026341 -0.225240
v -0.121159 -5.018975 -0.225240
v -0.121226 -5.017538 -0.223955
v -0.121273 -5.017538 -0.219621
v -0.121232 -5.018975 -0.218336
v -0.119879 -5.014361 -0.340646
v -0.119881 -5.012967 -0.339399
v -0.119946 -5.012967 -0.335065
v -0.119985 -5.014418 -0.333781
v -0.119487 -5.021770 -0.333780
v -0.119218 -5.023207 -0.335065
v -0.119120 -5.023207 -0.339399
v -0.119332 -5.021770 -0.340684
v -0.119676 -5.012459 -0.352226
v -0.119745 -5.012459 -0.347892
v -0.119285 -5.021262 -0.346607
v -0.119015 -5.022699 -0.347892
v -0.118918 -5.022699 -0.352226
v -0.119131 -5.021262 -0.353511
v -0.119682 -5.014000 -0.353511
v -0.121028 -5.028117 0.252291
v -0.120662 -5.020689 0.252347
v -0.120498 -5.019315 0.253576
v -0.120453 -5.019315 0.257910
v -0.120603 -5.020719 0.259165
v -0.120976 -5.028117 0.259195
v -0.121012 -5.029554 0.257910
v -0.121020 -5.029604 0.253938
v -0.121112 -5.029201 0.240336
v -0.120770 -5.020545 0.239258
v -0.120603 -5.019162 0.240495
v -0.120564 -5.019162 0.244829
v -0.120710 -5.020580 0.246097
v -0.121067 -5.029324 0.245015
v -0.120667 -5.019010 0.231749
v -0.120817 -5.020437 0.233025
v -0.121153 -5.027596 0.233033
v -0.121182 -5.029128 0.231658
v -0.121212 -5.029175 0.227348
v -0.121204 -5.027812 0.226130
v -0.120876 -5.020402 0.226169
v -0.120707 -5.019010 0.227415
v -0.120814 -5.018857 0.214334
v -0.120773 -5.018857 0.218668
v -0.120925 -5.020294 0.219953
v -0.121243 -5.027659 0.219953
v -0.121237 -5.029097 0.218668
v -0.121234 -5.029115 0.214304
v -0.121285 -5.027759 0.213147
v -0.120982 -5.020259 0.213080
v -0.121285 -5.028944 0.201253
v -0.121328 -5.027507 0.199969
v -0.121092 -5.020117 0.199995
v -0.120928 -5.018704 0.201253
v -0.120884 -5.018704 0.205587
v -0.121031 -5.020165 0.206872
v -0.121309 -5.027507 0.206872
v -0.121271 -5.029063 0.205326
v -0.121467 -5.019786 -0.189923
v -0.120764 -5.027151 -0.189923
v -0.120571 -5.028588 -0.191207
v -0.120512 -5.028588 -0.195542
v -0.120681 -5.027151 -0.196827
v -0.121393 -5.019786 -0.196827
v -0.121478 -5.018349 -0.195542
v -0.121529 -5.018349 -0.191208
v -0.121634 -5.026439 0.069117
v -0.121579 -5.027876 0.067833
v -0.121578 -5.027876 0.063498
v -0.121631 -5.026439 0.062213
v -0.121784 -5.019074 0.062213
v -0.121815 -5.017637 0.063498
v -0.121795 -5.017703 0.067891
v -0.121765 -5.019074 0.069117
v -0.119412 -5.021820 0.362976
v -0.119232 -5.020382 0.364261
v -0.119156 -5.020382 0.368595
v -0.119292 -5.021820 0.369880
v -0.119729 -5.030622 0.368596
v -0.119800 -5.030622 0.364261
v -0.120506 -5.028880 0.324943
v -0.120571 -5.030311 0.323586
v -0.120631 -5.030317 0.319325
v -0.120617 -5.028880 0.318040
v -0.120145 -5.021553 0.318040
v -0.119920 -5.020077 0.319325
v -0.119892 -5.020156 0.323729
v -0.120034 -5.021515 0.324943
v -0.119956 -5.021667 0.331120
v -0.119801 -5.020233 0.332500
v -0.119703 -5.020230 0.336739
v -0.119845 -5.021667 0.338024
v -0.120287 -5.030546 0.336858
v -0.120404 -5.030469 0.332405
v -0.120410 -5.029033 0.331120
v -0.118678 -5.021820 0.406018
v -0.119103 -5.029185 0.406018
v -0.119139 -5.030622 0.404734
v -0.119234 -5.030622 0.400400
v -0.119250 -5.029185 0.399115
v -0.118804 -5.021820 0.399115
v -0.118634 -5.020382 0.400400
v -0.118564 -5.020382 0.404733
v -0.120229 -5.019619 0.280082
v -0.120182 -5.019619 0.284416
v -0.120850 -5.028422 0.285701
v -0.120884 -5.029860 0.284416
v -0.120896 -5.029860 0.280083
v -0.120881 -5.028422 0.278797
v -0.120910 -5.028270 0.272621
v -0.120939 -5.029707 0.271336
v -0.120960 -5.029707 0.267001
v -0.120945 -5.028270 0.265717
v -0.120535 -5.020789 0.265820
v -0.120353 -5.019467 0.267001
v -0.120301 -5.019467 0.271336
v -0.120500 -5.020986 0.272620
v -0.120171 -5.021362 0.311863
v -0.120695 -5.028728 0.311863
v -0.120737 -5.030165 0.310578
v -0.120776 -5.030165 0.306244
v -0.120748 -5.028728 0.304959
v -0.120234 -5.021362 0.304958
v -0.120015 -5.019925 0.306243
v -0.119978 -5.019925 0.310577
v -0.120075 -5.019773 0.297497
v -0.120267 -5.021210 0.298782
v -0.120787 -5.028574 0.298783
v -0.120840 -5.030012 0.297497
v -0.120873 -5.030012 0.293163
v -0.120837 -5.028574 0.291878
v -0.120329 -5.021210 0.291878
v -0.120117 -5.019773 0.293163
v -0.118598 -5.021820 0.410825
v -0.118443 -5.020382 0.412110
v -0.118373 -5.020382 0.416443
v -0.118487 -5.021820 0.417729
v -0.118951 -5.029185 0.417729
v -0.119023 -5.030622 0.416443
v -0.119046 -5.030622 0.412110
v -0.118998 -5.029232 0.410867
v -0.119754 -5.021820 0.344201
v -0.119573 -5.020382 0.345486
v -0.119495 -5.020382 0.349820
v -0.119625 -5.021820 0.351104
v -0.120051 -5.029185 0.351105
v -0.120079 -5.030544 0.349833
v -0.120170 -5.030622 0.345486
v -0.120175 -5.029185 0.344201
v -0.117579 -5.021820 0.465578
v -0.118098 -5.029185 0.465579
v -0.118182 -5.030515 0.464389
v -0.118270 -5.030524 0.459872
v -0.118235 -5.029185 0.458674
v -0.117618 -5.020382 0.459805
v -0.117464 -5.020382 0.464293
v -0.117671 -5.020208 0.452836
v -0.118323 -5.029185 0.454201
v -0.118404 -5.030537 0.452993
v -0.118492 -5.030516 0.448487
v -0.118456 -5.029185 0.447297
v -0.117943 -5.021820 0.447297
v -0.117773 -5.020382 0.448583
v -0.117937 -5.020466 0.440664
v -0.118565 -5.029185 0.441619
v -0.118646 -5.030513 0.440432
v -0.118737 -5.030365 0.435743
v -0.118698 -5.029185 0.434715
v -0.118192 -5.021820 0.434715
v -0.118020 -5.020382 0.436001
v -0.116682 -5.030622 0.516110
v -0.116876 -5.030622 0.511776
v -0.116920 -5.029185 0.510491
v -0.116440 -5.021820 0.510491
v -0.116225 -5.020427 0.511737
v -0.116053 -5.020468 0.515850
v -0.116146 -5.021820 0.517395
v -0.116592 -5.029185 0.517395
v -0.118785 -5.029185 0.430128
v -0.118870 -5.030555 0.428902
v -0.118951 -5.030619 0.424506
v -0.118903 -5.029185 0.423223
v -0.118396 -5.021820 0.423223
v -0.118240 -5.020382 0.424508
v -0.118131 -5.020382 0.428968
v -0.114075 -5.030622 0.563594
v -0.114129 -5.029185 0.562309
v -0.113792 -5.021763 0.562359
v -0.113570 -5.020382 0.563594
v -0.113296 -5.020382 0.567928
v -0.113371 -5.021860 0.569212
v -0.113681 -5.029185 0.569212
v -0.113792 -5.030622 0.567928
v -0.114912 -5.030622 0.550639
v -0.114959 -5.029185 0.549354
v -0.114607 -5.021820 0.549354
v -0.114393 -5.020382 0.550639
v -0.114118 -5.020382 0.554972
v -0.114178 -5.021721 0.556170
v -0.114518 -5.029185 0.556258
v -0.114654 -5.030581 0.554923
v -0.115098 -5.020380 0.537586
v -0.114907 -5.020382 0.542019
v -0.114987 -5.021820 0.543304
v -0.115346 -5.029185 0.543304
v -0.115479 -5.030605 0.541776
v -0.115650 -5.030580 0.537815
v -0.115698 -5.029185 0.536400
v -0.116289 -5.030622 0.524731
v -0.115890 -5.021820 0.523445
v -0.115700 -5.020559 0.524346
v -0.115507 -5.020663 0.529119
v -0.115596 -5.021820 0.530350
v -0.115981 -5.029185 0.530350
v -0.116082 -5.030622 0.529065
v -0.116618 -5.020275 0.499068
v -0.116509 -5.020350 0.503158
v -0.116631 -5.021820 0.504440
v -0.117134 -5.029185 0.504441
v -0.117201 -5.030622 0.503156
v -0.117360 -5.030574 0.498785
v -0.117309 -5.029185 0.497536
v -0.116812 -5.021820 0.497536
v -0.117462 -5.029185 0.491487
v -0.117531 -5.030622 0.490201
v -0.117671 -5.030467 0.485611
v -0.117131 -5.021820 0.484583
v -0.116904 -5.020022 0.486078
v -0.116787 -5.020106 0.490315
v -0.117253 -5.019946 0.473033
v -0.117135 -5.019853 0.477016
v -0.117785 -5.029185 0.478533
v -0.117860 -5.030622 0.477247
v -0.117971 -5.030622 0.472914
v -0.117957 -5.029185 0.471629
v -0.090214 -4.950357 0.504012
v -0.090220 -4.950357 0.508346
v -0.095450 -4.959159 0.509630
v -0.096306 -4.960597 0.508346
v -0.096318 -4.960597 0.504012
v -0.091253 -4.951847 0.502726
v -0.095195 -4.959159 0.470223
v -0.096054 -4.960597 0.468938
v -0.096001 -4.960597 0.464604
v -0.090654 -4.951794 0.463318
v -0.089654 -4.950357 0.464604
v -0.089746 -4.950357 0.468937
v -0.089556 -4.950357 0.543444
v -0.089389 -4.950357 0.547778
v -0.094378 -4.959159 0.549063
v -0.095242 -4.960597 0.547778
v -0.095457 -4.960597 0.543444
v -0.094731 -4.959178 0.542176
v -0.104953 -5.020382 0.654422
v -0.104934 -5.029185 0.655708
v -0.105012 -5.030622 0.654422
v -0.105548 -5.030622 0.650089
v -0.105787 -5.029185 0.648804
v -0.105534 -5.020382 0.650089
v -0.078673 -5.029439 0.768595
v -0.080156 -5.021555 0.762155
v -0.078270 -5.021281 0.768643
v -0.080471 -5.029185 0.761918
v -0.080156 -5.030622 0.763204
v -0.078996 -5.030622 0.767537
v -0.079729 -5.020382 0.763204
v -0.084260 -5.021881 0.747683
v -0.082464 -5.029161 0.754480
v -0.082834 -5.030610 0.753179
v -0.083845 -5.030707 0.748980
v -0.083837 -5.020382 0.748968
v -0.082618 -5.020382 0.753302
v -0.084309 -5.029185 0.747683
v -0.086365 -5.022063 0.739822
v -0.086417 -5.029185 0.739822
v -0.086720 -5.030622 0.738537
v -0.087814 -5.030622 0.734204
v -0.087770 -5.020382 0.734204
v -0.088189 -5.021820 0.732919
v -0.089896 -5.029194 0.726058
v -0.091187 -5.030622 0.720852
v -0.090226 -5.020382 0.724781
v -0.091339 -5.020382 0.720447
v -0.091646 -5.029185 0.719162
v -0.095229 -5.022054 0.704816
v -0.093887 -5.020382 0.710339
v -0.093500 -5.029185 0.711720
v -0.093726 -5.030622 0.710436
v -0.094690 -5.030622 0.706101
v -0.094834 -5.020382 0.706101
v -0.097935 -5.020445 0.692167
v -0.098354 -5.022029 0.690764
v -0.096710 -5.029637 0.697262
v -0.096995 -5.020382 0.696382
v -0.098200 -5.029185 0.690763
v -0.097832 -5.030622 0.692047
v -0.096856 -5.030622 0.696382
v -0.101182 -5.022021 0.676296
v -0.101079 -5.029369 0.676461
v -0.100092 -5.020382 0.681915
v -0.100870 -5.020382 0.677581
v -0.099806 -5.029185 0.683200
v -0.099965 -5.030622 0.681915
v -0.100790 -5.030622 0.677581
v -0.103581 -5.021903 0.662890
v -0.103267 -5.020382 0.664147
v -0.102503 -5.020382 0.668481
v -0.102334 -5.029185 0.669766
v -0.102512 -5.030622 0.668481
v -0.103318 -5.030622 0.664147
v -0.103618 -5.029185 0.662862
v -0.086707 -5.020382 0.738451
v -0.107192 -5.030561 0.636826
v -0.106570 -5.029196 0.642490
v -0.106645 -5.030622 0.641215
v -0.106534 -5.020382 0.641215
v -0.107021 -5.020382 0.636881
v -0.107364 -5.029185 0.635596
v -0.111193 -5.029185 0.599632
v -0.110531 -5.029527 0.606230
v -0.110639 -5.020382 0.600917
v -0.110634 -5.030622 0.605251
v -0.111065 -5.030622 0.600917
v -0.110312 -5.020457 0.605592
v -0.112928 -5.021804 0.576275
v -0.112307 -5.020382 0.581810
v -0.113185 -5.030535 0.577469
v -0.112335 -5.021819 0.583164
v -0.112673 -5.020382 0.577546
v -0.113229 -5.029185 0.576261
v -0.112634 -5.029185 0.583165
v -0.112784 -5.030622 0.581880
v -0.074365 -5.020382 0.779730
v -0.075895 -5.020382 0.775397
v -0.076459 -5.021820 0.774111
v -0.076867 -5.029185 0.774111
v -0.074626 -5.029185 0.781015
v -0.075103 -5.030622 0.779730
v -0.076506 -5.030622 0.775397
v -0.072020 -5.030610 0.788593
v -0.071851 -5.021819 0.787321
v -0.069164 -5.021881 0.794223
v -0.069831 -5.029185 0.794223
v -0.070407 -5.030622 0.792938
v -0.069403 -5.020382 0.792938
v -0.071096 -5.020382 0.788604
v -0.072439 -5.029185 0.787319
v -0.066437 -5.021906 0.800527
v -0.063114 -5.021894 0.807431
v -0.066875 -5.030567 0.801762
v -0.067318 -5.029185 0.800527
v -0.064278 -5.029185 0.807431
v -0.064965 -5.030622 0.806146
v -0.063389 -5.020382 0.806146
v -0.065475 -5.020382 0.801812
v -0.060012 -5.021852 0.813735
v -0.056587 -5.021770 0.820594
v -0.057993 -5.029185 0.820639
v -0.058720 -5.030622 0.819354
v -0.060881 -5.030622 0.815020
v -0.056512 -5.020382 0.819354
v -0.058643 -5.020382 0.815020
v -0.061393 -5.029185 0.813735
v 0.048268 -5.021804 0.576275
v 0.047649 -5.020382 0.581810
v 0.048525 -5.030535 0.577469
v 0.047675 -5.021819 0.583164
v 0.048013 -5.020382 0.577546
v 0.048571 -5.029185 0.576261
v 0.047974 -5.029185 0.583165
v 0.048124 -5.030622 0.581880
v 0.046533 -5.029185 0.599632
v 0.045871 -5.029527 0.606230
v 0.045980 -5.020382 0.600917
v 0.045974 -5.030622 0.605251
v 0.046407 -5.030622 0.600917
v 0.045652 -5.020457 0.605592
v 0.042533 -5.030561 0.636826
v 0.041910 -5.029196 0.642490
v 0.041985 -5.030622 0.641215
v 0.041874 -5.020382 0.641215
v 0.042361 -5.020382 0.636881
v 0.042704 -5.029185 0.635596
v 0.040293 -5.020382 0.654422
v 0.040274 -5.029185 0.655708
v 0.040352 -5.030622 0.654422
v 0.040888 -5.030622 0.650089
v 0.041130 -5.029185 0.648804
v 0.040874 -5.020382 0.650089
v 0.014013 -5.029439 0.768595
v 0.015496 -5.021555 0.762155
v 0.013613 -5.021281 0.768643
v 0.015811 -5.029185 0.761918
v 0.015496 -5.030622 0.763204
v 0.014336 -5.030622 0.767537
v 0.015069 -5.020382 0.763204
v 0.019600 -5.021881 0.747683
v 0.017804 -5.029161 0.754480
v 0.018177 -5.030610 0.753179
v 0.019185 -5.030707 0.748980
v 0.019177 -5.020382 0.748968
v 0.017958 -5.020382 0.753302
v 0.019649 -5.029185 0.747683
v 0.021705 -5.022063 0.739822
v 0.021757 -5.029185 0.739822
v 0.022060 -5.030622 0.738537
v 0.023154 -5.030622 0.734204
v 0.023110 -5.020382 0.734204
v 0.023529 -5.021820 0.732919
v 0.025236 -5.029194 0.726058
v 0.026527 -5.030622 0.720852
v 0.025566 -5.020382 0.724781
v 0.026680 -5.020382 0.720447
v 0.026986 -5.029185 0.719162
v 0.030569 -5.022054 0.704816
v 0.029227 -5.020382 0.710339
v 0.028841 -5.029185 0.711720
v 0.029066 -5.030622 0.710436
v 0.030032 -5.030622 0.706101
v 0.030174 -5.020382 0.706101
v 0.033277 -5.020445 0.692167
v 0.033694 -5.022029 0.690764
v 0.032050 -5.029637 0.697262
v 0.032335 -5.020382 0.696382
v 0.033540 -5.029185 0.690763
v 0.033172 -5.030622 0.692047
v 0.032196 -5.030622 0.696382
v 0.036522 -5.022021 0.676296
v 0.036421 -5.029369 0.676461
v 0.035433 -5.020382 0.681915
v 0.036210 -5.020382 0.677581
v 0.035149 -5.029185 0.683200
v 0.035305 -5.030622 0.681915
v 0.036132 -5.030622 0.677581
v 0.038921 -5.021903 0.662890
v 0.038608 -5.020382 0.664147
v 0.037844 -5.020382 0.668481
v 0.037675 -5.029185 0.669766
v 0.037852 -5.030622 0.668481
v 0.038660 -5.030622 0.664147
v 0.038961 -5.029185 0.662862
v 0.022047 -5.020382 0.738451
v 0.009705 -5.020382 0.779730
v 0.011235 -5.020382 0.775397
v 0.011799 -5.021820 0.774111
v 0.012207 -5.029185 0.774111
v 0.009968 -5.029185 0.781015
v 0.010446 -5.030622 0.779730
v 0.011846 -5.030622 0.775397
v 0.007360 -5.030610 0.788593
v 0.007191 -5.021819 0.787321
v 0.004504 -5.021881 0.794223
v 0.005171 -5.029185 0.794223
v 0.005749 -5.030622 0.792938
v 0.004743 -5.020382 0.792938
v 0.006436 -5.020382 0.788604
v 0.007779 -5.029185 0.787319
v 0.001777 -5.021906 0.800527
v -0.001546 -5.021894 0.807431
v 0.002215 -5.030567 0.801762
v 0.002658 -5.029185 0.800527
v -0.000381 -5.029185 0.807431
v 0.000305 -5.030622 0.806146
v -0.001270 -5.020382 0.806146
v 0.000815 -5.020382 0.801812
v -0.004648 -5.021852 0.813735
v -0.008073 -5.021770 0.820594
v -0.006665 -5.029185 0.820639
v -0.005940 -5.030622 0.819354
v -0.003779 -5.030622 0.815020
v -0.008148 -5.020382 0.819354
v -0.006017 -5.020382 0.815020
v -0.003267 -5.029185 0.813735
vt 345.718750 -750.126038
vt 344.843750 -755.185242
vt 344.730469 -772.525757
vt 345.285156 -777.307007
vt 347.582031 -750.126953
vt 347.640625 -755.186157
vt 347.402344 -771.961060
vt 347.148438 -777.308044
vt 346.289062 -824.214783
vt 346.750000 -806.685181
vt 346.769531 -801.625977
vt 344.546875 -828.806030
vt 343.976562 -823.746948
vt 344.375000 -807.057373
vt 344.976562 -801.625061
vt 341.765625 -1091.442993
vt 342.132812 -1074.380493
vt 342.199219 -1069.321289
vt 341.617188 -1096.502441
vt 339.949219 -1096.501343
vt 339.496094 -1091.442139
vt 339.777344 -1074.379761
vt 340.445312 -1069.320312
vt 348.625000 -595.629883
vt 346.058594 -600.688354
vt 345.875000 -617.750793
vt 348.683594 -600.689087
vt 348.636719 -617.751587
vt 348.492188 -622.810974
vt 346.546875 -549.189209
vt 346.339844 -566.251770
vt 347.121094 -571.310974
vt 347.265625 -544.536255
vt 348.871094 -544.130859
vt 348.929688 -549.190002
vt 348.843750 -566.252563
vt 348.738281 -571.311890
vt 348.062500 -720.749634
vt 348.207031 -703.687134
vt 348.097656 -698.627930
vt 347.882812 -725.808960
vt 345.832031 -725.808044
vt 345.066406 -720.748840
vt 345.218750 -703.686279
vt 346.074219 -698.627014
vt 348.464844 -669.250610
vt 348.585938 -652.188110
vt 348.449219 -647.128906
vt 348.253906 -674.309937
vt 346.207031 -674.309021
vt 345.445312 -669.249817
vt 345.613281 -652.187256
vt 346.449219 -647.127991
vt 341.304688 -1137.545654
vt 341.406250 -1120.483154
vt 341.207031 -1115.588989
vt 341.027344 -1142.604980
vt 339.195312 -1142.604004
vt 339.640625 -1115.422974
vt 339.023438 -1120.482300
vt 338.746094 -1137.544922
vt 345.468750 -875.298950
vt 345.824219 -858.184204
vt 345.843750 -853.125000
vt 345.351562 -880.306091
vt 343.675781 -880.305054
vt 343.167969 -875.245850
vt 343.472656 -858.183289
vt 344.183594 -853.124084
vt 335.777344 -1308.260498
vt 335.167969 -1325.927124
vt 335.617188 -1330.986328
vt 338.207031 -1303.806274
vt 337.664062 -1330.987305
vt 337.996094 -1326.305176
vt 338.343750 -1308.519775
vt 337.062500 -1259.015381
vt 336.390625 -1264.074707
vt 335.988281 -1280.824219
vt 339.074219 -1259.016235
vt 338.550781 -1286.197388
vt 338.867188 -1281.438599
vt 339.210938 -1263.701050
vt 338.035156 -1209.479248
vt 337.359375 -1214.538574
vt 337.035156 -1232.899780
vt 340.027344 -1209.480103
vt 340.179688 -1213.524780
vt 339.828125 -1231.985962
vt 339.503906 -1236.661255
vt 330.289062 -1512.712646
vt 329.613281 -1528.906006
vt 329.980469 -1534.990234
vt 331.132812 -1507.809326
vt 331.734375 -1534.991211
vt 333.023438 -1507.810181
vt 332.851562 -1512.869385
vt 332.085938 -1529.931885
vt 338.839844 -1164.235107
vt 338.222656 -1169.294312
vt 337.789062 -1186.855713
vt 340.375000 -1191.416992
vt 340.832031 -1164.235962
vt 340.707031 -1186.594116
vt 341.023438 -1169.284424
vt 319.843750 -1716.873901
vt 318.761719 -1733.936523
vt 319.054688 -1738.995605
vt 320.718750 -1712.013184
vt 322.039062 -1711.815430
vt 321.820312 -1716.874756
vt 320.714844 -1733.937256
vt 320.277344 -1738.996582
vt 324.105469 -1682.739258
vt 325.121094 -1665.872314
vt 325.312500 -1660.813110
vt 323.578125 -1687.994263
vt 323.925781 -1660.812256
vt 322.226562 -1687.647583
vt 321.996094 -1682.933960
vt 323.082031 -1665.871460
vt 325.855469 -1614.480957
vt 325.101562 -1631.932983
vt 325.414062 -1636.992188
vt 328.210938 -1609.812134
vt 326.832031 -1636.993164
vt 327.355469 -1630.979126
vt 328.023438 -1615.386353
vt 328.972656 -1558.810303
vt 328.218750 -1562.355957
vt 327.468750 -1581.147217
vt 327.816406 -1585.991211
vt 330.539062 -1563.870361
vt 329.734375 -1580.932861
vt 329.332031 -1585.992188
vt 334.132812 -1478.930908
vt 334.757812 -1461.721802
vt 334.562500 -1456.809204
vt 333.871094 -1483.990234
vt 332.601562 -1456.808350
vt 331.886719 -1483.989258
vt 331.839844 -1462.837402
vt 331.410156 -1478.938599
vt 333.855469 -1405.807373
vt 332.960938 -1411.694336
vt 332.503906 -1428.375854
vt 335.988281 -1409.855713
vt 335.433594 -1427.929932
vt 335.160156 -1432.989380
vt 337.113281 -1354.807251
vt 334.335938 -1360.336792
vt 333.878906 -1376.020264
vt 336.433594 -1381.988403
vt 337.171875 -1359.866455
vt 336.734375 -1376.928955
vt 347.746094 1590.772217
vt 348.031250 1585.616699
vt 348.242188 1568.257812
vt 345.453125 1590.771240
vt 345.914062 1563.590088
vt 345.027344 1568.649658
vt 344.718750 1585.711914
vt 347.437500 1636.213379
vt 347.617188 1619.150635
vt 347.550781 1614.091553
vt 347.238281 1641.272705
vt 344.867188 1641.271729
vt 344.089844 1636.212402
vt 344.398438 1619.150146
vt 345.320312 1614.090820
vt 346.730469 1691.773193
vt 346.867188 1686.713867
vt 347.042969 1669.651367
vt 347.042969 1664.592285
vt 344.425781 1691.772217
vt 343.593750 1686.712891
vt 343.851562 1669.650635
vt 344.835938 1664.591309
vt 346.125000 1742.273682
vt 346.250000 1737.214355
vt 346.460938 1720.151855
vt 346.527344 1715.092773
vt 343.988281 1742.272705
vt 343.156250 1737.213379
vt 343.410156 1720.151123
vt 344.398438 1715.091797
vt 345.472656 1787.714844
vt 345.726562 1770.652588
vt 345.843750 1766.073242
vt 345.394531 1792.774414
vt 343.324219 1792.773438
vt 342.472656 1787.713867
vt 342.851562 1770.651611
vt 343.921875 1765.592285
vt 353.316406 667.326660
vt 353.085938 650.065430
vt 353.085938 645.204834
vt 353.140625 672.385864
vt 351.437500 672.385132
vt 351.425781 645.203979
vt 351.039062 650.263428
vt 351.046875 667.325684
vt 353.187500 723.386841
vt 353.343750 701.265137
vt 353.160156 696.205811
vt 351.402344 723.385986
vt 351.414062 696.204956
vt 351.019531 701.264160
vt 350.992188 718.554077
vt 351.378906 747.206055
vt 351.089844 750.919434
vt 351.136719 771.398193
vt 351.367188 774.387085
vt 353.207031 747.206909
vt 353.207031 752.853394
vt 353.410156 769.328613
vt 353.238281 774.387817
vt 353.429688 820.892578
vt 353.437500 803.216553
vt 353.253906 798.207886
vt 353.285156 825.388794
vt 351.339844 798.206909
vt 350.734375 804.558350
vt 350.734375 819.669922
vt 351.292969 824.921631
vt 351.316406 849.207886
vt 350.640625 871.329590
vt 353.351562 875.842285
vt 353.421875 871.330566
vt 353.429688 854.268066
vt 353.296875 849.208740
vt 351.343750 899.942017
vt 350.546875 905.268066
vt 350.503906 922.330566
vt 351.089844 927.389893
vt 353.414062 905.269043
vt 353.398438 922.331543
vt 353.316406 927.390747
vt 350.375000 956.269287
vt 350.285156 973.540039
vt 350.882812 978.390991
vt 350.980469 951.209839
vt 353.113281 978.391724
vt 353.265625 973.332520
vt 353.304688 956.270020
vt 353.226562 951.210815
vt 350.781250 1002.210815
vt 350.195312 1007.110352
vt 350.593750 1023.886719
vt 350.636719 1029.006470
vt 352.882812 1029.392700
vt 353.000000 1002.211792
vt 353.175781 1007.270996
vt 353.128906 1024.333496
vt 350.574219 1053.211792
vt 349.824219 1074.130249
vt 350.476562 1080.392944
vt 352.656250 1080.393677
vt 352.992188 1075.653076
vt 353.039062 1057.822388
vt 352.769531 1053.212646
vt 350.367188 1109.273560
vt 349.640625 1126.334473
vt 350.265625 1131.393921
vt 350.367188 1104.212891
vt 352.425781 1131.394775
vt 352.539062 1104.213867
vt 352.785156 1126.335449
vt 352.777344 412.437378
vt 352.769531 395.153687
vt 351.738281 390.199219
vt 351.695312 417.380249
vt 351.519531 395.258423
vt 351.488281 412.321045
vt 352.734375 468.382080
vt 352.882812 461.777222
vt 352.882812 447.707031
vt 352.687500 441.201050
vt 351.644531 441.200073
vt 351.417969 446.259399
vt 351.390625 463.321899
vt 351.593750 468.381226
vt 353.027344 516.062744
vt 352.953125 493.732788
vt 351.539062 492.234131
vt 351.320312 497.260254
vt 351.289062 514.322876
vt 351.496094 519.382080
vt 352.933594 570.383911
vt 352.960938 547.367188
vt 352.875000 543.202881
vt 351.390625 570.129028
vt 351.187500 565.323853
vt 351.214844 548.261230
vt 351.445312 543.202026
vt 353.039062 621.384888
vt 353.207031 616.328613
vt 352.980469 599.460327
vt 352.980469 594.203979
vt 351.425781 621.384155
vt 351.410156 594.203125
vt 351.117188 599.262329
vt 351.085938 616.324951
vt 350.890625 19.938965
vt 350.746094 2.876465
vt 351.253906 -2.182739
vt 351.445312 24.998291
vt 351.480469 24.997253
vt 351.289062 19.938049
vt 351.257812 2.875671
vt 351.433594 -2.183716
vt 351.714844 76.445923
vt 351.265625 71.437988
vt 351.132812 54.375488
vt 351.574219 76.115723
vt 351.375000 71.437073
vt 351.351562 54.374512
vt 351.539062 49.315308
vt 349.519531 -189.016113
vt 349.390625 -206.078644
vt 349.914062 -211.137848
vt 350.101562 -183.991394
vt 350.714844 -211.138916
vt 350.613281 -206.079407
vt 350.679688 -189.017029
vt 350.832031 -183.957825
vt 350.187500 -84.533691
vt 350.058594 -101.596191
vt 350.585938 -106.655396
vt 350.773438 -79.474487
vt 351.246094 -79.475403
vt 351.027344 -84.534607
vt 350.976562 -101.596985
vt 351.164062 -106.656372
vt 349.484375 1434.211426
vt 349.679688 1417.148926
vt 349.523438 1412.089844
vt 349.222656 1439.270752
vt 346.687500 1439.269775
vt 347.062500 1412.088867
vt 346.230469 1417.148193
vt 345.996094 1434.210449
vt 348.730469 1489.771240
vt 348.996094 1484.711914
vt 349.187500 1467.649414
vt 349.035156 1462.590332
vt 346.304688 1489.770264
vt 346.652344 1462.589355
vt 345.808594 1467.648682
vt 345.582031 1484.710938
vt 348.250000 1540.271973
vt 348.507812 1535.212402
vt 348.695312 1518.150146
vt 345.937500 1540.270996
vt 346.281250 1513.089844
vt 345.433594 1518.149170
vt 345.214844 1535.211426
vt 349.710938 1388.770264
vt 349.976562 1383.710938
vt 350.167969 1366.648193
vt 350.003906 1361.589233
vt 347.113281 1388.769287
vt 347.460938 1361.588257
vt 346.656250 1366.647705
vt 346.421875 1383.709961
vt 344.675781 1843.121582
vt 344.679688 1838.215332
vt 344.937500 1821.152588
vt 345.093750 1816.093506
vt 342.527344 1843.273682
vt 341.691406 1838.214355
vt 342.074219 1821.152100
vt 343.136719 1816.092529
vt 343.898438 1893.775146
vt 343.878906 1888.715820
vt 344.148438 1871.653320
vt 341.730469 1893.774170
vt 340.894531 1888.714844
vt 341.277344 1871.652588
vt 342.343750 1866.593262
vt 347.761719 -491.495819
vt 347.113281 -496.331787
vt 346.929688 -513.394470
vt 347.527344 -518.336914
vt 349.195312 -491.273499
vt 349.164062 -497.757568
vt 349.132812 -513.395264
vt 349.000000 -518.454590
vt 347.953125 -466.887054
vt 349.355469 -462.627869
vt 349.535156 -444.206238
vt 348.179688 -439.965057
vt 347.367188 -461.896515
vt 347.527344 -444.833984
vt 349.808594 -410.042725
vt 349.925781 -393.074341
vt 349.894531 -388.276672
vt 349.691406 -415.457611
vt 348.371094 -415.421600
vt 347.781250 -410.397491
vt 347.941406 -393.334961
vt 348.601562 -388.433075
vt 350.023438 -358.899231
vt 350.015625 -341.717682
vt 350.218750 -337.164917
vt 350.050781 -363.958588
vt 349.023438 -336.901093
vt 348.355469 -341.835938
vt 348.195312 -358.898468
vt 348.792969 -363.956146
vt 348.812500 -290.336914
vt 348.640625 -307.399445
vt 349.214844 -312.458649
vt 349.445312 -285.384216
vt 350.378906 -285.278625
vt 350.218750 -290.337830
vt 350.160156 -306.368561
vt 350.308594 -312.459564
vt 352.859375 1109.272949
vt 294.843750 2485.040283
vt 291.757812 2502.545166
vt 292.203125 2507.413330
vt 296.656250 2480.233154
vt 298.113281 2507.415771
vt 301.882812 2480.233154
vt 302.046875 2485.001221
vt 299.773438 2502.354736
vt 292.097656 2552.855225
vt 294.792969 2535.755615
vt 294.585938 2531.285400
vt 288.601562 2530.733643
vt 286.355469 2535.792236
vt 283.375000 2552.957764
vt 283.843750 2557.913818
vt 280.359375 2581.270752
vt 278.007812 2586.253662
vt 275.015625 2603.543701
vt 275.671875 2608.414307
vt 282.617188 2608.416748
vt 284.460938 2603.355713
vt 287.164062 2586.295166
vt 286.960938 2582.071533
vt 326.835938 2250.548096
vt 328.492188 2234.322510
vt 329.195312 2227.730713
vt 326.316406 2254.913330
vt 325.183594 2254.342041
vt 324.742188 2249.945068
vt 326.746094 2232.789307
vt 328.191406 2228.497314
vt 321.289062 2305.413818
vt 322.312500 2300.355225
vt 323.945312 2282.891846
vt 323.867188 2278.231201
vt 319.187500 2300.352783
vt 321.238281 2283.214111
vt 322.554688 2278.231201
vt 316.617188 2355.914307
vt 317.656250 2350.853271
vt 319.296875 2333.792725
vt 319.234375 2328.980713
vt 316.929688 2328.731689
vt 313.289062 2355.875244
vt 313.132812 2350.867920
vt 315.632812 2333.790283
vt 310.562500 2406.414795
vt 311.015625 2402.569580
vt 314.023438 2383.775635
vt 314.078125 2379.232178
vt 306.550781 2401.995850
vt 308.789062 2383.709717
vt 301.882812 2433.485107
vt 298.984375 2452.945557
vt 299.312500 2456.912842
vt 304.492188 2456.915283
vt 305.484375 2451.724854
vt 308.035156 2434.444580
vt 307.859375 2429.732666
vt 338.765625 1979.803467
vt 337.890625 1997.349854
vt 338.699219 2002.408447
vt 339.910156 1975.228271
vt 341.296875 1975.709229
vt 341.132812 1979.739990
vt 340.562500 1997.349854
vt 340.437500 2002.410889
vt 336.765625 2030.787354
vt 336.003906 2047.850342
vt 338.796875 2052.911377
vt 338.914062 2047.850342
vt 339.468750 2030.789795
vt 339.675781 2025.728760
vt 336.199219 2076.229248
vt 334.882812 2081.287842
vt 334.117188 2098.350830
vt 336.531250 2103.411865
vt 336.511719 2098.350830
vt 337.312500 2081.290283
vt 337.761719 2076.229248
vt 333.816406 2153.912354
vt 334.078125 2148.851318
vt 335.000000 2131.549072
vt 332.359375 2153.909912
vt 331.445312 2149.000244
vt 332.437500 2131.788330
vt 333.882812 2126.920166
vt 329.820312 2182.288818
vt 328.796875 2199.351807
vt 329.597656 2203.824463
vt 331.179688 2177.230225
vt 331.015625 2204.412842
vt 332.546875 2177.230225
vt 332.429688 2182.291260
vt 331.460938 2199.354248
vt 342.136719 1946.851807
vt 342.593750 1929.788818
vt 342.945312 1924.730225
vt 342.078125 1951.910400
vt 340.562500 1951.910400
vt 339.695312 1946.851807
vt 340.289062 1929.788818
vt 341.367188 1924.730225
vt 348.164062 1249.724121
vt 347.406250 1254.783447
vt 347.167969 1271.845947
vt 347.832031 1276.905273
vt 350.925781 1249.725098
vt 350.632812 1276.906128
vt 351.175781 1254.784180
vt 350.976562 1271.846924
vt 352.175781 257.064819
vt 352.300781 252.005493
vt 352.222656 234.711365
vt 352.105469 229.883728
vt 351.574219 257.063904
vt 351.589844 229.882812
vt 351.375000 234.942139
vt 351.367188 252.004700
vt 342.363281 -954.223511
vt 344.093750 -949.165161
vt 344.363281 -932.102661
vt 341.832031 -949.164307
vt 342.128906 -932.101929
vt 342.835938 -927.042542
vt 264.265625 2723.804932
vt 267.488281 2706.632080
vt 267.195312 2701.683350
vt 253.281250 2728.863525
vt 252.242188 2723.846436
vt 255.847656 2706.741943
vt 251.917969 -1482.300537
vt 248.492188 -1504.422485
vt 251.875000 -1499.363037
vt 250.667969 -1327.151611
vt 247.496094 -1349.273560
vt 250.875000 -1344.214111
vt 247.679688 -1654.608643
vt 248.531250 -1637.546143
vt 245.667969 -1632.552368
vt 244.281250 -1659.667969
vt 225.296875 -1637.545288
vt 224.632812 -1654.607910
vt 231.972656 -1477.240479
vt 227.890625 -1482.299805
vt 227.910156 -1499.362305
vt 229.621094 -1322.091553
vt 225.687500 -1327.150879
vt 226.046875 -1344.213379
vt -267.492188 2706.632080
vt -264.269531 2723.804932
vt -267.199219 2701.683350
vt -253.281250 2728.863525
vt -252.250000 2723.846436
vt -255.851562 2706.741943
vt -291.757812 2502.545166
vt -294.843750 2485.040283
vt -292.210938 2507.413330
vt -296.664062 2480.233154
vt -298.117188 2507.415771
vt -301.886719 2480.233154
vt -302.054688 2485.001221
vt -299.777344 2502.354736
vt -294.796875 2535.755615
vt -292.101562 2552.855225
vt -294.593750 2531.285400
vt -288.605469 2530.733643
vt -286.359375 2535.792236
vt -283.382812 2552.957764
vt -283.851562 2557.913818
vt -278.007812 2586.253662
vt -280.363281 2581.270752
vt -275.023438 2603.543701
vt -275.675781 2608.414307
vt -282.617188 2608.416748
vt -284.464844 2603.355713
vt -287.171875 2586.295166
vt -286.964844 2582.071533
vt -328.500000 2234.322510
vt -326.835938 2250.548096
vt -329.203125 2227.730713
vt -326.320312 2254.913330
vt -325.187500 2254.342041
vt -324.750000 2249.945068
vt -326.750000 2232.789307
vt -328.195312 2228.497314
vt -322.316406 2300.355225
vt -321.289062 2305.413818
vt -323.945312 2282.891846
vt -323.867188 2278.231201
vt -319.191406 2300.352783
vt -321.242188 2283.214111
vt -322.562500 2278.231201
vt -317.656250 2350.853271
vt -316.625000 2355.914307
vt -319.296875 2333.792725
vt -319.242188 2328.980713
vt -316.937500 2328.731689
vt -313.292969 2355.875244
vt -313.136719 2350.867920
vt -315.636719 2333.790283
vt -311.015625 2402.569580
vt -310.570312 2406.414795
vt -314.023438 2383.775635
vt -314.085938 2379.232178
vt -306.554688 2401.995850
vt -308.789062 2383.709717
vt -298.984375 2452.945557
vt -301.886719 2433.485107
vt -299.320312 2456.912842
vt -304.492188 2456.915283
vt -305.492188 2451.724854
vt -308.039062 2434.444580
vt -307.863281 2429.732666
vt -337.890625 1997.349854
vt -338.773438 1979.803467
vt -338.703125 2002.408447
vt -339.914062 1975.228271
vt -341.300781 1975.709229
vt -341.132812 1979.739990
vt -340.570312 1997.349854
vt -340.441406 2002.410889
vt -336.007812 2047.850342
vt -336.769531 2030.787354
vt -338.800781 2052.911377
vt -338.917969 2047.850342
vt -339.476562 2030.789795
vt -339.679688 2025.728760
vt -334.882812 2081.287842
vt -336.203125 2076.229248
vt -334.125000 2098.350830
vt -336.535156 2103.411865
vt -336.515625 2098.350830
vt -337.316406 2081.290283
vt -337.765625 2076.229248
vt -334.085938 2148.851318
vt -333.820312 2153.912354
vt -335.000000 2131.549072
vt -332.367188 2153.909912
vt -331.445312 2149.000244
vt -332.445312 2131.788330
vt -333.890625 2126.920166
vt -328.800781 2199.351807
vt -329.828125 2182.288818
vt -329.601562 2203.824463
vt -331.183594 2177.230225
vt -331.015625 2204.412842
vt -332.550781 2177.230225
vt -332.433594 2182.291260
vt -331.468750 2199.354248
vt -342.601562 1929.788818
vt -342.140625 1946.851807
vt -342.953125 1924.730225
vt -342.082031 1951.910400
vt -340.570312 1951.910400
vt -339.699219 1946.851807
vt -340.296875 1929.788818
vt -341.367188 1924.730225
vt -348.035156 1585.616699
vt -347.750000 1590.772217
vt -348.246094 1568.257812
vt -345.457031 1590.771240
vt -345.921875 1563.590088
vt -345.031250 1568.649658
vt -344.722656 1585.711914
vt -347.617188 1619.150635
vt -347.445312 1636.213379
vt -347.554688 1614.091553
vt -347.242188 1641.272705
vt -344.871094 1641.271729
vt -344.093750 1636.212402
vt -344.402344 1619.150146
vt -345.324219 1614.090820
vt -346.871094 1686.713867
vt -346.734375 1691.773193
vt -347.046875 1669.651367
vt -347.046875 1664.592285
vt -344.429688 1691.772217
vt -343.597656 1686.712891
vt -343.855469 1669.650635
vt -344.839844 1664.591309
vt -346.250000 1737.214355
vt -346.128906 1742.273682
vt -346.464844 1720.151855
vt -346.531250 1715.092773
vt -343.992188 1742.272705
vt -343.160156 1737.213379
vt -343.414062 1720.151123
vt -344.402344 1715.091797
vt -345.730469 1770.652588
vt -345.476562 1787.714844
vt -345.847656 1766.073242
vt -345.398438 1792.774414
vt -343.328125 1792.773438
vt -342.476562 1787.713867
vt -342.851562 1770.651611
vt -343.925781 1765.592285
vt -353.089844 650.065430
vt -353.320312 667.326660
vt -353.089844 645.204834
vt -353.144531 672.385864
vt -351.441406 672.385132
vt -351.429688 645.203979
vt -351.042969 650.263428
vt -351.050781 667.325684
vt -353.347656 701.265137
vt -353.191406 723.386841
vt -353.164062 696.205811
vt -351.406250 723.385986
vt -351.417969 696.204956
vt -351.023438 701.264160
vt -350.996094 718.554077
vt -351.093750 750.919434
vt -351.382812 747.206055
vt -351.140625 771.398193
vt -351.367188 774.387085
vt -353.210938 747.206909
vt -353.210938 752.853394
vt -353.414062 769.328613
vt -353.242188 774.387817
vt -353.441406 803.216553
vt -353.433594 820.892578
vt -353.257812 798.207886
vt -353.289062 825.388794
vt -351.343750 798.206909
vt -350.738281 804.558350
vt -350.738281 819.669922
vt -351.296875 824.921631
vt -350.644531 871.329590
vt -351.320312 849.207886
vt -353.355469 875.842285
vt -353.425781 871.330566
vt -353.433594 854.268066
vt -353.300781 849.208740
vt -350.546875 905.268066
vt -351.351562 899.942017
vt -350.507812 922.330566
vt -351.093750 927.389893
vt -353.421875 905.269043
vt -353.398438 922.331543
vt -353.320312 927.390747
vt -350.289062 973.540039
vt -350.378906 956.269287
vt -350.886719 978.390991
vt -350.984375 951.209839
vt -353.117188 978.391724
vt -353.269531 973.332520
vt -353.308594 956.270020
vt -353.230469 951.210815
vt -350.195312 1007.110352
vt -350.781250 1002.210815
vt -350.597656 1023.886719
vt -350.640625 1029.006470
vt -352.886719 1029.392700
vt -353.003906 1002.211792
vt -353.179688 1007.270996
vt -353.132812 1024.333496
vt -349.828125 1074.130249
vt -350.578125 1053.211792
vt -350.480469 1080.392944
vt -352.656250 1080.393677
vt -352.996094 1075.653076
vt -353.042969 1057.822388
vt -352.773438 1053.212646
vt -349.644531 1126.334473
vt -350.375000 1109.273560
vt -350.269531 1131.393921
vt -350.375000 1104.212891
vt -352.429688 1131.394775
vt -352.542969 1104.213867
vt -352.789062 1126.335449
vt -352.773438 395.153687
vt -352.781250 412.437378
vt -351.742188 390.199219
vt -351.703125 417.380249
vt -351.523438 395.258423
vt -351.492188 412.321045
vt -352.886719 461.777222
vt -352.738281 468.382080
vt -352.886719 447.707031
vt -352.691406 441.201050
vt -351.648438 441.200073
vt -351.421875 446.259399
vt -351.394531 463.321899
vt -351.597656 468.381226
vt -352.957031 493.732788
vt -353.031250 516.062744
vt -351.546875 492.234131
vt -351.324219 497.260254
vt -351.289062 514.322876
vt -351.500000 519.382080
vt -352.964844 547.367188
vt -352.937500 570.383911
vt -352.878906 543.202881
vt -351.394531 570.129028
vt -351.191406 565.323853
vt -351.218750 548.261230
vt -351.445312 543.202026
vt -353.210938 616.328613
vt -353.042969 621.384888
vt -352.984375 599.460327
vt -352.984375 594.203979
vt -351.429688 621.384155
vt -351.414062 594.203125
vt -351.121094 599.262329
vt -351.089844 616.324951
vt -350.750000 2.876465
vt -350.894531 19.938965
vt -351.257812 -2.182739
vt -351.445312 24.998291
vt -351.484375 24.997253
vt -351.289062 19.938049
vt -351.261719 2.875671
vt -351.437500 -2.183716
vt -351.273438 71.437988
vt -351.718750 76.445923
vt -351.132812 54.375488
vt -351.578125 76.115723
vt -351.378906 71.437073
vt -351.355469 54.374512
vt -351.546875 49.315308
vt -349.398438 -206.078644
vt -349.523438 -189.016113
vt -349.917969 -211.137848
vt -350.105469 -183.991394
vt -350.718750 -211.138916
vt -350.617188 -206.079407
vt -350.683594 -189.017029
vt -350.835938 -183.957825
vt -350.062500 -101.596191
vt -350.191406 -84.533691
vt -350.585938 -106.655396
vt -350.777344 -79.474487
vt -351.250000 -79.475403
vt -351.031250 -84.534607
vt -350.976562 -101.596985
vt -351.167969 -106.656372
vt -349.683594 1417.148926
vt -349.488281 1434.211426
vt -349.527344 1412.089844
vt -349.226562 1439.270752
vt -346.691406 1439.269775
vt -347.066406 1412.088867
vt -346.234375 1417.148193
vt -346.000000 1434.210449
vt -349.000000 1484.711914
vt -348.734375 1489.771240
vt -349.191406 1467.649414
vt -349.039062 1462.590332
vt -346.308594 1489.770264
vt -346.656250 1462.589355
vt -345.812500 1467.648682
vt -345.585938 1484.710938
vt -348.511719 1535.212402
vt -348.253906 1540.271973
vt -348.699219 1518.150146
vt -345.937500 1540.270996
vt -346.285156 1513.089844
vt -345.437500 1518.149170
vt -345.218750 1535.211426
vt -349.980469 1383.710938
vt -349.714844 1388.770264
vt -350.171875 1366.648193
vt -350.007812 1361.589233
vt -347.117188 1388.769287
vt -347.460938 1361.588257
vt -346.660156 1366.647705
vt -346.425781 1383.709961
vt -344.683594 1838.215332
vt -344.679688 1843.121582
vt -344.945312 1821.152588
vt -345.101562 1816.093506
vt -342.531250 1843.273682
vt -341.695312 1838.214355
vt -342.078125 1821.152100
vt -343.140625 1816.092529
vt -343.882812 1888.715820
vt -343.902344 1893.775146
vt -344.152344 1871.653320
vt -341.734375 1893.774170
vt -340.898438 1888.714844
vt -341.281250 1871.652588
vt -342.343750 1866.593262
vt -347.117188 -496.331787
vt -347.765625 -491.495819
vt -346.933594 -513.394470
vt -347.531250 -518.336914
vt -349.199219 -491.273499
vt -349.167969 -497.757568
vt -349.136719 -513.395264
vt -349.003906 -518.454590
vt -349.359375 -462.627869
vt -347.957031 -466.887054
vt -349.539062 -444.206238
vt -348.187500 -439.965057
vt -347.371094 -461.896515
vt -347.531250 -444.833984
vt -349.929688 -393.074341
vt -349.812500 -410.042725
vt -349.898438 -388.276672
vt -349.695312 -415.457611
vt -348.375000 -415.421600
vt -347.785156 -410.397491
vt -347.945312 -393.334961
vt -348.605469 -388.433075
vt -350.019531 -341.717682
vt -350.027344 -358.899231
vt -350.222656 -337.164917
vt -350.054688 -363.958588
vt -349.023438 -336.901093
vt -348.359375 -341.835938
vt -348.199219 -358.898468
vt -348.796875 -363.956146
vt -348.644531 -307.399445
vt -348.816406 -290.336914
vt -349.218750 -312.458649
vt -349.449219 -285.384216
vt -350.382812 -285.278625
vt -350.222656 -290.337830
vt -350.164062 -306.368561
vt -350.312500 -312.459564
vt -352.863281 1109.272949
vt -347.410156 1254.783447
vt -348.164062 1249.724121
vt -347.171875 1271.845947
vt -347.835938 1276.905273
vt -350.929688 1249.725098
vt -350.636719 1276.906128
vt -351.179688 1254.784180
vt -350.976562 1271.846924
vt -352.304688 252.005493
vt -352.179688 257.064819
vt -352.226562 234.711365
vt -352.109375 229.883728
vt -351.578125 257.063904
vt -351.593750 229.882812
vt -351.378906 234.942139
vt -351.367188 252.004700
vt -344.097656 -949.165161
vt -342.367188 -954.223511
vt -344.367188 -932.102661
vt -341.835938 -949.164307
vt -342.132812 -932.101929
vt -342.839844 -927.042542
vt -344.847656 -755.185242
vt -345.726562 -750.126038
vt -344.734375 -772.525757
vt -345.289062 -777.307007
vt -347.585938 -750.126953
vt -347.644531 -755.186157
vt -347.406250 -771.961060
vt -347.148438 -777.308044
vt -346.753906 -806.685181
vt -346.289062 -824.214783
vt -346.773438 -801.625977
vt -344.550781 -828.806030
vt -343.980469 -823.746948
vt -344.378906 -807.057373
vt -344.980469 -801.625061
vt -342.136719 -1074.380493
vt -341.769531 -1091.442993
vt -342.203125 -1069.321289
vt -341.621094 -1096.502441
vt -339.953125 -1096.501343
vt -339.500000 -1091.442139
vt -339.781250 -1074.379761
vt -340.453125 -1069.320312
vt -346.062500 -600.688354
vt -348.628906 -595.629883
vt -345.878906 -617.750793
vt -348.687500 -600.689087
vt -348.640625 -617.751587
vt -348.496094 -622.810974
vt -346.343750 -566.251770
vt -346.550781 -549.189209
vt -347.125000 -571.310974
vt -347.265625 -544.536255
vt -348.875000 -544.130859
vt -348.933594 -549.190002
vt -348.851562 -566.252563
vt -348.742188 -571.311890
vt -348.210938 -703.687134
vt -348.066406 -720.749634
vt -348.101562 -698.627930
vt -347.886719 -725.808960
vt -345.835938 -725.808044
vt -345.070312 -720.748840
vt -345.222656 -703.686279
vt -346.078125 -698.627014
vt -348.589844 -652.188110
vt -348.468750 -669.250610
vt -348.453125 -647.128906
vt -348.257812 -674.309937
vt -346.210938 -674.309021
vt -345.453125 -669.249817
vt -345.617188 -652.187256
vt -346.453125 -647.127991
vt -341.410156 -1120.483154
vt -341.308594 -1137.545654
vt -341.210938 -1115.588989
vt -341.031250 -1142.604980
vt -339.199219 -1142.604004
vt -339.644531 -1115.422974
vt -339.027344 -1120.482300
vt -338.750000 -1137.544922
vt -345.828125 -858.184204
vt -345.472656 -875.298950
vt -345.847656 -853.125000
vt -345.355469 -880.306091
vt -343.679688 -880.305054
vt -343.171875 -875.245850
vt -343.476562 -858.183289
vt -344.187500 -853.124084
vt -335.171875 -1325.927124
vt -335.781250 -1308.260498
vt -335.621094 -1330.986328
vt -338.210938 -1303.806274
vt -337.667969 -1330.987305
vt -338.000000 -1326.305176
vt -338.347656 -1308.519775
vt -336.394531 -1264.074707
vt -337.066406 -1259.015381
vt -335.992188 -1280.824219
vt -339.078125 -1259.016235
vt -338.554688 -1286.197388
vt -338.871094 -1281.438599
vt -339.214844 -1263.701050
vt -337.363281 -1214.538574
vt -338.039062 -1209.479248
vt -337.039062 -1232.899780
vt -340.031250 -1209.480103
vt -340.183594 -1213.524780
vt -339.832031 -1231.985962
vt -339.507812 -1236.661255
vt -329.617188 -1528.906006
vt -330.296875 -1512.712646
vt -329.984375 -1534.990234
vt -331.136719 -1507.809326
vt -331.742188 -1534.991211
vt -333.027344 -1507.810181
vt -332.855469 -1512.869385
vt -332.089844 -1529.931885
vt -338.226562 -1169.294312
vt -338.843750 -1164.235107
vt -337.796875 -1186.855713
vt -340.378906 -1191.416992
vt -340.835938 -1164.235962
vt -340.710938 -1186.594116
vt -341.027344 -1169.284424
vt -318.765625 -1733.936523
vt -319.847656 -1716.873901
vt -319.058594 -1738.995605
vt -320.722656 -1712.013184
vt -322.042969 -1711.815430
vt -321.824219 -1716.874756
vt -320.718750 -1733.937256
vt -320.281250 -1738.996582
vt -325.125000 -1665.872314
vt -324.109375 -1682.739258
vt -325.316406 -1660.813110
vt -323.582031 -1687.994263
vt -323.929688 -1660.812256
vt -322.230469 -1687.647583
vt -322.000000 -1682.933960
vt -323.085938 -1665.871460
vt -325.105469 -1631.932983
vt -325.859375 -1614.480957
vt -325.417969 -1636.992188
vt -328.214844 -1609.812134
vt -326.835938 -1636.993164
vt -327.359375 -1630.979126
vt -328.031250 -1615.386353
vt -328.226562 -1562.355957
vt -328.976562 -1558.810303
vt -327.472656 -1581.147217
vt -327.820312 -1585.991211
vt -330.542969 -1563.870361
vt -329.738281 -1580.932861
vt -329.335938 -1585.992188
vt -334.761719 -1461.721802
vt -334.136719 -1478.930908
vt -334.566406 -1456.809204
vt -333.875000 -1483.990234
vt -332.605469 -1456.808350
vt -331.890625 -1483.989258
vt -331.843750 -1462.837402
vt -331.414062 -1478.938599
vt -332.964844 -1411.694336
vt -333.859375 -1405.807373
vt -332.507812 -1428.375854
vt -335.992188 -1409.855713
vt -335.437500 -1427.929932
vt -335.164062 -1432.989380
vt -334.339844 -1360.336792
vt -337.117188 -1354.807251
vt -333.882812 -1376.020264
vt -336.437500 -1381.988403
vt -337.175781 -1359.866455
vt -336.738281 -1376.928955
vt -248.496094 -1504.422485
vt -251.921875 -1482.300537
vt -251.878906 -1499.363037
vt -247.500000 -1349.273560
vt -250.671875 -1327.151611
vt -250.882812 -1344.214111
vt -248.535156 -1637.546143
vt -247.683594 -1654.608643
vt -245.671875 -1632.552368
vt -244.285156 -1659.667969
vt -225.300781 -1637.545288
vt -224.636719 -1654.607910
vt -227.894531 -1482.299805
vt -231.976562 -1477.240479
vt -227.914062 -1499.362305
vt -225.691406 -1327.150879
vt -229.625000 -1322.091553
vt -226.050781 -1344.213379
vt -286.148438 -2074.468994
vt -289.207031 -2052.347412
vt -288.257812 -2057.406006
vt -285.843750 -2079.527588
vt -288.203125 -2057.406006
vt -285.914062 -2074.468994
vt -197.375000 -2468.396240
vt -204.636719 -2441.636963
vt -202.808594 -2446.741699
vt -182.453125 -2523.968506
vt -189.527344 -2497.681885
vt -188.289062 -2502.740479
vt -183.726562 -2519.803467
vt -188.289062 -2498.613281
vt -180.867188 -2524.157227
vt -186.605469 -2502.740479
vt -197.984375 -2463.758545
vt -204.449219 -2441.636963
vt -202.785156 -2446.695557
vt -198.835938 -2463.273926
vt -212.730469 -2410.689697
vt -218.437500 -2388.568115
vt -214.132812 -2405.631104
vt -212.937500 -2410.689697
vt -219.914062 -2383.509521
vt -218.261719 -2388.568115
vt -227.937500 -2351.470947
vt -232.320312 -2334.407959
vt -233.531250 -2329.349365
vt -240.824219 -2300.050049
vt -245.515625 -2277.928467
vt -241.714844 -2294.991455
vt -242.351562 -2294.614258
vt -246.074219 -2277.928467
vt -247.632812 -2272.869873
vt -259.324219 -2217.540283
vt -257.882812 -2222.598877
vt -259.937500 -2217.545166
vt -254.039062 -2239.661865
vt -269.531250 -2165.643311
vt -266.277344 -2182.706299
vt -270.664062 -2161.234131
vt -265.660156 -2187.764893
vt -266.785156 -2182.706299
vt -269.843750 -2165.643311
vt -271.070312 -2160.584717
vt -280.664062 -2107.696533
vt -279.480469 -2112.755127
vt -280.519531 -2107.802246
vt -276.304688 -2129.818115
vt -275.605469 -2134.876709
vt -279.281250 -2112.755127
vt -276.273438 -2129.818115
vt -214.085938 -2405.289551
vt -226.636719 -2356.497803
vt -231.718750 -2336.004639
vt -253.464844 -2243.131104
vt -254.585938 -2239.661865
vt -258.289062 -2223.069092
vt -292.277344 -2027.489014
vt -294.734375 -2005.191650
vt -292.578125 -2022.469482
vt -295.402344 -2000.347900
vt -292.136719 -2022.469482
vt -294.058594 -2005.406494
vt -307.878906 -1884.735107
vt -309.988281 -1863.817139
vt -308.277344 -1880.880127
vt -310.484375 -1858.758545
vt -307.015625 -1882.221924
vt -308.304688 -1863.817139
vt -314.980469 -1793.924561
vt -318.324219 -1771.499023
vt -316.156250 -1793.927002
vt -316.746094 -1788.868408
vt -317.312500 -1766.800537
vt -316.316406 -1771.805420
vt -314.871094 -1788.593750
vt -318.503906 -1766.746826
vt -166.523438 -2572.864990
vt -173.925781 -2550.743408
vt -168.398438 -2567.806396
vt -173.734375 -2545.684814
vt -175.347656 -2545.684814
vt -171.519531 -2550.743408
vt -165.492188 -2567.806396
vt -147.640625 -2624.864502
vt -156.257812 -2602.698975
vt -149.914062 -2619.805908
vt -152.625000 -2602.742920
vt -155.597656 -2597.689209
vt -145.953125 -2619.805908
vt -145.011719 -2624.864502
vt -157.910156 -2597.684326
vt -121.195312 -2676.864014
vt -122.281250 -2671.805420
vt -134.285156 -2649.683838
vt -130.492188 -2654.742432
vt -125.781250 -2676.864014
vt -136.000000 -2654.547119
vt -128.488281 -2671.805420
vt -137.746094 -2649.683838
vt -101.039062 -2728.863525
vt -112.410156 -2706.741943
vt -103.898438 -2723.804932
vt -95.203125 -2723.804932
vt -103.589844 -2706.741943
vt -108.984375 -2701.683350
vt -95.496094 -2728.687744
vt -114.425781 -2701.683350
vt 318.324219 -1771.499023
vt 314.980469 -1793.924561
vt 316.156250 -1793.927002
vt 316.750000 -1788.868408
vt 317.312500 -1766.800537
vt 316.316406 -1771.805420
vt 314.871094 -1788.593750
vt 318.507812 -1766.746826
vt 309.988281 -1863.817139
vt 307.878906 -1884.735107
vt 308.277344 -1880.880127
vt 310.484375 -1858.758545
vt 307.015625 -1882.221924
vt 308.304688 -1863.817139
vt 294.734375 -2005.191650
vt 292.277344 -2027.489014
vt 292.582031 -2022.469482
vt 295.402344 -2000.347900
vt 292.136719 -2022.469482
vt 294.058594 -2005.406494
vt 289.210938 -2052.347412
vt 286.148438 -2074.468994
vt 288.257812 -2057.406006
vt 285.843750 -2079.527588
vt 288.207031 -2057.406006
vt 285.914062 -2074.468994
vt 204.636719 -2441.636963
vt 197.375000 -2468.396240
vt 202.812500 -2446.741699
vt 189.527344 -2497.681885
vt 182.453125 -2523.968506
vt 188.289062 -2502.740479
vt 183.726562 -2519.803467
vt 188.289062 -2498.613281
vt 186.605469 -2502.740479
vt 180.871094 -2524.157227
vt 204.453125 -2441.636963
vt 197.984375 -2463.758545
vt 202.785156 -2446.695557
vt 198.839844 -2463.273926
vt 218.441406 -2388.568115
vt 212.730469 -2410.689697
vt 214.132812 -2405.631104
vt 212.937500 -2410.689697
vt 219.914062 -2383.509521
vt 218.261719 -2388.568115
vt 232.320312 -2334.407959
vt 227.941406 -2351.470947
vt 233.531250 -2329.349365
vt 245.515625 -2277.928467
vt 240.824219 -2300.050049
vt 241.718750 -2294.991455
vt 246.074219 -2277.928467
vt 242.351562 -2294.614258
vt 247.632812 -2272.869873
vt 257.882812 -2222.598877
vt 259.324219 -2217.540283
vt 259.937500 -2217.545166
vt 254.039062 -2239.661865
vt 266.277344 -2182.706299
vt 269.535156 -2165.643311
vt 270.667969 -2161.234131
vt 265.664062 -2187.764893
vt 269.843750 -2165.643311
vt 266.785156 -2182.706299
vt 271.070312 -2160.584717
vt 279.484375 -2112.755127
vt 280.667969 -2107.696533
vt 280.519531 -2107.802246
vt 276.304688 -2129.818115
vt 275.605469 -2134.876709
vt 279.281250 -2112.755127
vt 276.273438 -2129.818115
vt 214.085938 -2405.289551
vt 226.636719 -2356.497803
vt 231.722656 -2336.004639
vt 253.468750 -2243.131104
vt 258.292969 -2223.069092
vt 254.585938 -2239.661865
vt 173.925781 -2550.743408
vt 166.523438 -2572.864990
vt 168.402344 -2567.806396
vt 175.347656 -2545.684814
vt 173.734375 -2545.684814
vt 171.519531 -2550.743408
vt 165.492188 -2567.806396
vt 156.257812 -2602.698975
vt 147.640625 -2624.864502
vt 149.914062 -2619.805908
vt 155.597656 -2597.689209
vt 152.628906 -2602.742920
vt 145.953125 -2619.805908
vt 145.011719 -2624.864502
vt 157.910156 -2597.684326
vt 122.281250 -2671.805420
vt 121.195312 -2676.864014
vt 134.285156 -2649.683838
vt 130.492188 -2654.742432
vt 136.000000 -2654.547119
vt 125.781250 -2676.864014
vt 128.488281 -2671.805420
vt 137.746094 -2649.683838
vt 112.410156 -2706.741943
vt 101.039062 -2728.863525
vt 103.898438 -2723.804932
vt 103.593750 -2706.741943
vt 95.207031 -2723.804932
vt 108.984375 -2701.683350
vt 95.496094 -2728.687744
vt 114.425781 -2701.683350
usemtl B747glas
s off
f 5/1 6/2 7/3
f 5/1 7/3 8/4
f 4/5 5/1 8/4
f 3/6 4/5 8/4
f 2/7 3/6 8/4
f 1/8 2/7 8/4
f 13/9 14/10 15/11
f 12/12 13/9 15/11
f 11/13 12/12 15/11
f 10/14 11/13 15/11
f 9/15 10/14 15/11
f 18/16 19/17 20/18
f 17/19 18/16 20/18
f 16/20 17/19 20/18
f 23/21 16/20 20/18
f 22/22 23/21 20/18
f 22/22 20/18 21/23
f 29/24 24/25 25/26
f 28/27 29/24 25/26
f 27/28 28/27 25/26
f 26/29 27/28 25/26
f 35/30 36/31 37/32
f 34/33 35/30 37/32
f 33/34 34/33 37/32
f 32/35 33/34 37/32
f 31/36 32/35 37/32
f 30/37 31/36 37/32
f 40/38 41/39 42/40
f 39/41 40/38 42/40
f 38/42 39/41 42/40
f 45/43 38/42 42/40
f 44/44 45/43 42/40
f 43/45 44/44 42/40
f 49/46 50/47 51/48
f 48/49 49/46 51/48
f 47/50 48/49 51/48
f 46/51 47/50 51/48
f 53/52 46/51 51/48
f 52/53 53/52 51/48
f 59/54 60/55 61/56
f 58/57 59/54 61/56
f 57/58 58/57 61/56
f 57/58 61/56 54/59
f 57/58 54/59 55/60
f 57/58 55/60 56/61
f 67/62 68/63 69/64
f 66/65 67/62 69/64
f 65/66 66/65 69/64
f 64/67 65/66 69/64
f 63/68 64/67 69/64
f 62/69 63/68 69/64
f 75/70 76/71 70/72
f 74/73 75/70 70/72
f 74/73 70/72 71/74
f 74/73 71/74 72/75
f 74/73 72/75 73/76
f 82/77 83/78 77/79
f 81/80 82/77 77/79
f 81/80 77/79 78/81
f 81/80 78/81 79/82
f 81/80 79/82 80/83
f 89/84 90/85 84/86
f 88/87 89/84 84/86
f 87/88 88/87 84/86
f 86/89 87/88 84/86
f 86/89 84/86 85/90
f 95/91 96/92 97/93
f 94/94 95/91 97/93
f 94/94 97/93 98/95
f 93/96 94/94 98/95
f 92/97 93/96 98/95
f 91/98 92/97 98/95
f 103/99 104/100 105/101
f 103/99 105/101 99/102
f 102/103 103/99 99/102
f 102/103 99/102 100/104
f 102/103 100/104 101/105
f 109/106 110/107 111/108
f 108/109 109/106 111/108
f 107/110 108/109 111/108
f 106/111 107/110 111/108
f 113/112 106/111 111/108
f 113/112 111/108 112/113
f 121/114 114/115 115/116
f 120/117 121/114 115/116
f 120/117 115/116 116/118
f 119/119 120/117 116/118
f 118/120 119/119 116/118
f 117/121 118/120 116/118
f 122/122 123/123 124/124
f 128/125 122/122 124/124
f 128/125 124/124 125/126
f 128/125 125/126 126/127
f 128/125 126/127 127/128
f 130/129 131/130 132/131
f 130/129 132/131 133/132
f 129/133 130/129 133/132
f 135/134 129/133 133/132
f 134/135 135/134 133/132
f 140/136 141/137 142/138
f 139/139 140/136 142/138
f 139/139 142/138 143/140
f 138/141 139/139 143/140
f 138/141 143/140 136/142
f 138/141 136/142 137/143
f 147/144 148/145 149/146
f 146/147 147/144 149/146
f 145/148 146/147 149/146
f 144/149 145/148 149/146
f 155/150 150/151 151/152
f 155/150 151/152 152/153
f 154/154 155/150 152/153
f 153/155 154/154 152/153
f 161/156 162/157 156/158
f 160/159 161/156 156/158
f 160/159 156/158 157/160
f 160/159 157/160 158/161
f 160/159 158/161 159/162
f 169/163 170/164 163/165
f 168/166 169/163 163/165
f 167/167 168/166 163/165
f 166/168 167/167 163/165
f 165/169 166/168 163/165
f 165/169 163/165 164/170
f 176/171 177/172 178/173
f 176/171 178/173 171/174
f 175/175 176/171 171/174
f 174/176 175/175 171/174
f 173/177 174/176 171/174
f 173/177 171/174 172/178
f 184/179 185/180 186/181
f 184/179 186/181 179/182
f 183/183 184/179 179/182
f 182/184 183/183 179/182
f 181/185 182/184 179/182
f 180/186 181/185 179/182
f 188/187 189/188 190/189
f 187/190 188/187 190/189
f 194/191 187/190 190/189
f 193/192 194/191 190/189
f 192/193 193/192 190/189
f 191/194 192/193 190/189
f 202/195 195/196 196/197
f 201/198 202/195 196/197
f 200/199 201/198 196/197
f 200/199 196/197 197/200
f 200/199 197/200 198/201
f 200/199 198/201 199/202
f 209/203 203/204 204/205
f 208/206 209/203 204/205
f 208/206 204/205 205/207
f 208/206 205/207 206/208
f 208/206 206/208 207/209
f 216/210 217/211 210/212
f 216/210 210/212 211/213
f 215/214 216/210 211/213
f 214/215 215/214 211/213
f 213/216 214/215 211/213
f 212/217 213/216 211/213
f 220/218 221/219 222/220
f 219/221 220/218 222/220
f 219/221 222/220 223/222
f 219/221 223/222 224/223
f 219/221 224/223 225/224
f 218/225 219/221 225/224
f 231/226 226/227 227/228
f 231/226 227/228 228/229
f 231/226 228/229 229/230
f 231/226 229/230 230/231
f 234/232 235/233 236/234
f 234/232 236/234 237/235
f 233/236 234/232 237/235
f 232/237 233/236 237/235
f 238/238 232/237 237/235
f 245/239 246/240 239/241
f 244/242 245/239 239/241
f 244/242 239/241 240/243
f 244/242 240/243 241/244
f 244/242 241/244 242/245
f 243/246 244/242 242/245
f 254/247 247/248 248/249
f 254/247 248/249 249/250
f 254/247 249/250 250/251
f 253/252 254/247 250/251
f 252/253 253/252 250/251
f 251/254 252/253 250/251
f 261/255 255/256 256/257
f 261/255 256/257 257/258
f 261/255 257/258 258/259
f 261/255 258/259 259/260
f 260/261 261/255 259/260
f 262/262 263/263 264/264
f 269/265 262/262 264/264
f 269/265 264/264 265/266
f 268/267 269/265 265/266
f 268/267 265/266 266/268
f 275/269 270/270 271/271
f 274/272 275/269 271/271
f 274/272 271/271 272/273
f 274/272 272/273 273/274
f 283/275 276/276 277/277
f 283/275 277/277 278/278
f 283/275 278/278 279/279
f 283/275 279/279 280/280
f 283/275 280/280 281/281
f 283/275 281/281 282/282
f 284/283 285/284 286/285
f 284/283 286/285 287/286
f 284/283 287/286 288/287
f 284/283 288/287 289/288
f 296/289 290/290 291/291
f 295/292 296/289 291/291
f 294/293 295/292 291/291
f 293/294 294/293 291/291
f 292/295 293/294 291/291
f 298/296 299/297 300/298
f 298/296 300/298 301/299
f 297/300 298/296 301/299
f 297/300 301/299 302/301
f 297/300 302/301 303/302
f 297/300 303/302 304/303
f 311/304 312/305 305/306
f 310/307 311/304 305/306
f 309/308 310/307 305/306
f 308/309 309/308 305/306
f 307/310 308/309 305/306
f 306/311 307/310 305/306
f 313/312 314/313 315/314
f 319/315 313/312 315/314
f 318/316 319/315 315/314
f 317/317 318/316 315/314
f 316/318 317/317 315/314
f 326/319 327/320 320/321
f 325/322 326/319 320/321
f 325/322 320/321 321/323
f 325/322 321/323 322/324
f 325/322 322/324 323/325
f 325/322 323/325 324/326
f 334/327 335/328 328/329
f 333/330 334/327 328/329
f 332/331 333/330 328/329
f 331/332 332/331 328/329
f 330/333 331/332 328/329
f 329/334 330/333 328/329
f 342/335 343/336 336/337
f 341/338 342/335 336/337
f 340/339 341/338 336/337
f 340/339 336/337 337/340
f 340/339 337/340 338/341
f 340/339 338/341 339/342
f 347/343 348/344 349/345
f 347/343 349/345 350/346
f 346/347 347/343 350/346
f 346/347 350/346 351/348
f 346/347 351/348 344/349
f 346/347 344/349 345/350
f 356/351 357/352 358/353
f 355/354 356/351 358/353
f 355/354 358/353 352/355
f 355/354 352/355 353/356
f 355/354 353/356 354/357
f 363/358 364/359 365/360
f 363/358 365/360 366/361
f 362/362 363/358 366/361
f 362/362 366/361 359/363
f 362/362 359/363 360/364
f 362/362 360/364 361/365
f 367/366 368/367 369/368
f 367/366 369/368 370/369
f 374/370 367/366 370/369
f 373/371 374/370 370/369
f 372/372 373/371 370/369
f 371/373 372/372 370/369
f 381/374 375/375 376/376
f 380/377 381/374 376/376
f 379/378 380/377 376/376
f 378/379 379/378 376/376
f 377/380 378/379 376/376
f 383/381 384/382 385/383
f 383/381 385/383 386/384
f 382/385 383/381 386/384
f 389/386 382/385 386/384
f 388/387 389/386 386/384
f 388/387 386/384 387/388
f 394/389 395/390 390/391
f 394/389 390/391 391/392
f 393/393 394/389 391/392
f 392/394 393/393 391/392
f 399/395 400/396 401/397
f 398/398 399/395 401/397
f 397/399 398/398 401/397
f 396/400 397/399 401/397
f 403/401 396/400 401/397
f 403/401 401/397 402/402
f 408/403 409/404 410/405
f 407/406 408/403 410/405
f 407/406 410/405 411/407
f 407/406 411/407 404/408
f 407/406 404/408 405/409
f 407/406 405/409 406/410
f 415/411 416/412 417/413
f 414/414 415/411 417/413
f 413/415 414/414 417/413
f 412/416 413/415 417/413
f 419/417 412/416 417/413
f 418/418 419/417 417/413
f 268/267 266/268 267/419
f 421/420 422/421 423/422
f 420/423 421/420 423/422
f 420/423 423/422 424/424
f 427/425 420/423 424/424
f 426/426 427/425 424/424
f 426/426 424/424 425/427
f 429/428 430/429 431/430
f 429/428 431/430 432/431
f 429/428 432/431 433/432
f 429/428 433/432 434/433
f 429/428 434/433 428/434
f 437/435 438/436 439/437
f 437/435 439/437 440/438
f 437/435 440/438 441/439
f 437/435 441/439 442/440
f 437/435 442/440 435/441
f 436/442 437/435 435/441
f 450/443 443/444 444/445
f 449/446 450/443 444/445
f 448/447 449/446 444/445
f 447/448 448/447 444/445
f 446/449 447/448 444/445
f 445/450 446/449 444/445
f 456/451 457/452 451/453
f 456/451 451/453 452/454
f 455/455 456/451 452/454
f 454/456 455/455 452/454
f 453/457 454/456 452/454
f 459/458 460/459 461/460
f 459/458 461/460 462/461
f 459/458 462/461 463/462
f 458/463 459/458 463/462
f 465/464 458/463 463/462
f 464/465 465/464 463/462
f 470/466 471/467 466/468
f 470/466 466/468 467/469
f 469/470 470/466 467/469
f 468/471 469/470 467/469
f 474/472 475/473 476/474
f 474/472 476/474 477/475
f 474/472 477/475 478/476
f 474/472 478/476 472/477
f 474/472 472/477 473/478
f 481/479 482/480 483/481
f 480/482 481/479 483/481
f 479/483 480/482 483/481
f 486/484 479/483 483/481
f 485/485 486/484 483/481
f 484/486 485/485 483/481
f 488/487 489/488 490/489
f 488/487 490/489 491/490
f 488/487 491/490 492/491
f 488/487 492/491 487/492
f 497/493 498/494 499/495
f 497/493 499/495 493/496
f 497/493 493/496 494/497
f 497/493 494/497 495/498
f 496/499 497/493 495/498
f 505/500 506/501 500/502
f 504/503 505/500 500/502
f 503/504 504/503 500/502
f 502/505 503/504 500/502
f 501/506 502/505 500/502
f 508/507 509/508 510/509
f 507/510 508/507 510/509
f 507/510 510/509 511/511
f 514/512 507/510 511/511
f 513/513 514/512 511/511
f 512/514 513/513 511/511
f 516/515 517/516 518/517
f 515/518 516/515 518/517
f 522/519 515/518 518/517
f 521/520 522/519 518/517
f 520/521 521/520 518/517
f 519/522 520/521 518/517
f 524/523 525/524 526/525
f 524/523 526/525 527/526
f 523/527 524/523 527/526
f 523/527 527/526 528/528
f 530/529 523/527 528/528
f 529/530 530/529 528/528
f 535/531 536/532 537/533
f 535/531 537/533 538/534
f 534/535 535/531 538/534
f 534/535 538/534 531/536
f 534/535 531/536 532/537
f 534/535 532/537 533/538
f 542/539 543/540 544/541
f 541/542 542/539 544/541
f 540/543 541/542 544/541
f 539/544 540/543 544/541
f 545/545 546/546 547/547
f 550/548 545/545 547/547
f 549/549 550/548 547/547
f 548/550 549/549 547/547
f 555/551 553/552 554/553
f 559/554 557/555 558/556
f 566/557 567/558 568/559
f 565/560 566/557 568/559
f 565/560 568/559 563/561
f 565/560 563/561 564/562
f 556/563 551/564 552/565
f 556/563 552/565 555/551
f 555/551 552/565 553/552
f 560/566 561/567 562/568
f 560/566 562/568 559/554
f 559/554 562/568 557/555
f 570/569 569/570 571/571
f 569/570 574/572 571/571
f 574/572 573/573 571/571
f 573/573 572/574 571/571
f 577/575 576/576 578/577
f 576/576 575/578 578/577
f 578/577 575/578 579/579
f 575/578 582/580 579/579
f 582/580 581/581 579/579
f 579/579 581/581 580/582
f 585/583 584/584 586/585
f 586/585 584/584 587/586
f 587/586 584/584 588/587
f 588/587 584/584 589/588
f 589/588 584/584 583/589
f 593/590 592/591 594/592
f 594/592 592/591 595/593
f 595/593 592/591 596/594
f 596/594 592/591 597/595
f 597/595 592/591 590/596
f 592/591 591/597 590/596
f 598/598 605/599 599/600
f 605/599 604/601 599/600
f 604/601 603/602 599/600
f 603/602 602/603 599/600
f 602/603 601/604 599/600
f 601/604 600/605 599/600
f 612/606 611/607 606/608
f 606/608 611/607 607/609
f 611/607 610/610 607/609
f 610/610 609/611 607/609
f 609/611 608/612 607/609
f 615/613 614/614 616/615
f 616/615 614/614 617/616
f 617/616 614/614 618/617
f 614/614 613/618 618/617
f 613/618 620/619 618/617
f 620/619 619/620 618/617
f 626/621 625/622 621/623
f 621/623 625/622 622/624
f 625/622 624/625 622/624
f 624/625 623/626 622/624
f 630/627 629/628 631/629
f 631/629 629/628 632/630
f 632/630 629/628 633/631
f 633/631 629/628 627/632
f 627/632 629/628 628/633
f 637/634 636/635 638/636
f 636/635 635/637 638/636
f 635/637 634/638 638/636
f 634/638 641/639 638/636
f 641/639 640/640 638/636
f 640/640 639/641 638/636
f 644/642 643/643 645/644
f 645/644 643/643 646/645
f 646/645 643/643 647/646
f 647/646 643/643 642/647
f 653/648 652/649 654/650
f 654/650 652/649 648/651
f 648/651 652/649 649/652
f 649/652 652/649 650/653
f 652/649 651/654 650/653
f 661/655 660/656 655/657
f 660/656 659/658 655/657
f 659/658 658/659 655/657
f 658/659 657/660 655/657
f 657/660 656/661 655/657
f 664/662 663/663 665/664
f 663/663 662/665 665/664
f 665/664 662/665 666/666
f 662/665 669/667 666/666
f 669/667 668/668 666/666
f 668/668 667/669 666/666
f 672/670 671/671 673/672
f 671/671 670/673 673/672
f 670/673 677/674 673/672
f 677/674 676/675 673/672
f 676/675 675/676 673/672
f 675/676 674/677 673/672
f 684/678 683/679 678/680
f 683/679 682/681 678/680
f 678/680 682/681 679/682
f 679/682 682/681 680/683
f 680/683 682/681 681/684
f 692/685 691/686 685/687
f 691/686 690/688 685/687
f 690/688 689/689 685/687
f 689/689 688/690 685/687
f 688/690 687/691 685/687
f 685/687 687/691 686/692
f 699/693 698/694 700/695
f 700/695 698/694 693/696
f 698/694 697/697 693/696
f 697/697 696/698 693/696
f 696/698 695/699 693/696
f 693/696 695/699 694/700
f 707/701 706/702 708/703
f 708/703 706/702 701/704
f 706/702 705/705 701/704
f 705/705 704/706 701/704
f 704/706 703/707 701/704
f 703/707 702/708 701/704
f 711/709 710/710 712/711
f 710/710 709/712 712/711
f 709/712 716/713 712/711
f 716/713 715/714 712/711
f 715/714 714/715 712/711
f 714/715 713/716 712/711
f 717/717 724/718 718/719
f 724/718 723/720 718/719
f 723/720 722/721 718/719
f 718/719 722/721 719/722
f 719/722 722/721 720/723
f 720/723 722/721 721/724
f 725/725 731/726 726/727
f 731/726 730/728 726/727
f 726/727 730/728 727/729
f 727/729 730/728 728/730
f 728/730 730/728 729/731
f 739/732 738/733 732/734
f 732/734 738/733 733/735
f 738/733 737/736 733/735
f 737/736 736/737 733/735
f 736/737 735/738 733/735
f 735/738 734/739 733/735
f 743/740 742/741 744/742
f 742/741 741/743 744/742
f 744/742 741/743 745/744
f 745/744 741/743 746/745
f 746/745 741/743 747/746
f 741/743 740/747 747/746
f 748/748 753/749 749/750
f 749/750 753/749 750/751
f 750/751 753/749 751/752
f 751/752 753/749 752/753
f 757/754 756/755 758/756
f 758/756 756/755 759/757
f 756/755 755/758 759/757
f 755/758 754/759 759/757
f 754/759 760/760 759/757
f 768/761 767/762 761/763
f 767/762 766/764 761/763
f 761/763 766/764 762/765
f 762/765 766/764 763/766
f 763/766 766/764 764/767
f 766/764 765/768 764/767
f 769/769 776/770 770/771
f 770/771 776/770 771/772
f 771/772 776/770 772/773
f 776/770 775/774 772/773
f 775/774 774/775 772/773
f 774/775 773/776 772/773
f 777/777 783/778 778/779
f 778/779 783/778 779/780
f 779/780 783/778 780/781
f 780/781 783/778 781/782
f 783/778 782/783 781/782
f 785/784 784/785 786/786
f 784/785 791/787 786/786
f 786/786 791/787 787/788
f 791/787 790/789 787/788
f 787/788 790/789 788/790
f 792/791 797/792 793/793
f 797/792 796/794 793/793
f 793/793 796/794 794/795
f 794/795 796/794 795/796
f 798/797 805/798 799/799
f 799/799 805/798 800/800
f 800/800 805/798 801/801
f 801/801 805/798 802/802
f 802/802 805/798 803/803
f 803/803 805/798 804/804
f 807/805 806/806 808/807
f 808/807 806/806 809/808
f 809/808 806/806 810/809
f 810/809 806/806 811/810
f 812/811 818/812 813/813
f 818/812 817/814 813/813
f 817/814 816/815 813/813
f 816/815 815/816 813/813
f 815/816 814/817 813/813
f 821/818 820/819 822/820
f 822/820 820/819 823/821
f 820/819 819/822 823/821
f 823/821 819/822 824/823
f 824/823 819/822 825/824
f 825/824 819/822 826/825
f 834/826 833/827 827/828
f 833/827 832/829 827/828
f 832/829 831/830 827/828
f 831/830 830/831 827/828
f 830/831 829/832 827/828
f 829/832 828/833 827/828
f 836/834 835/835 837/836
f 835/835 841/837 837/836
f 841/837 840/838 837/836
f 840/838 839/839 837/836
f 839/839 838/840 837/836
f 849/841 848/842 842/843
f 848/842 847/844 842/843
f 842/843 847/844 843/845
f 843/845 847/844 844/846
f 844/846 847/844 845/847
f 845/847 847/844 846/848
f 857/849 856/850 850/851
f 856/850 855/852 850/851
f 855/852 854/853 850/851
f 854/853 853/854 850/851
f 853/854 852/855 850/851
f 852/855 851/856 850/851
f 865/857 864/858 858/859
f 864/858 863/860 858/859
f 863/860 862/861 858/859
f 858/859 862/861 859/862
f 859/862 862/861 860/863
f 860/863 862/861 861/864
f 870/865 869/866 871/867
f 871/867 869/866 872/868
f 869/866 868/869 872/868
f 872/868 868/869 873/870
f 873/870 868/869 866/871
f 866/871 868/869 867/872
f 879/873 878/874 880/875
f 878/874 877/876 880/875
f 880/875 877/876 874/877
f 874/877 877/876 875/878
f 875/878 877/876 876/879
f 886/880 885/881 887/882
f 887/882 885/881 888/883
f 885/881 884/884 888/883
f 888/883 884/884 881/885
f 881/885 884/884 882/886
f 882/886 884/884 883/887
f 890/888 889/889 891/890
f 891/890 889/889 892/891
f 889/889 896/892 892/891
f 896/892 895/893 892/891
f 895/893 894/894 892/891
f 894/894 893/895 892/891
f 897/896 903/897 898/898
f 903/897 902/899 898/898
f 902/899 901/900 898/898
f 901/900 900/901 898/898
f 900/901 899/902 898/898
f 906/903 905/904 907/905
f 907/905 905/904 908/906
f 905/904 904/907 908/906
f 904/907 911/908 908/906
f 911/908 910/909 908/906
f 908/906 910/909 909/910
f 917/911 916/912 912/913
f 912/913 916/912 913/914
f 916/912 915/915 913/914
f 915/915 914/916 913/914
f 922/917 921/918 923/919
f 921/918 920/920 923/919
f 920/920 919/921 923/919
f 919/921 918/922 923/919
f 918/922 925/923 923/919
f 923/919 925/923 924/924
f 931/925 930/926 932/927
f 930/926 929/928 932/927
f 932/927 929/928 933/929
f 933/929 929/928 926/930
f 926/930 929/928 927/931
f 927/931 929/928 928/932
f 938/933 937/934 939/935
f 937/934 936/936 939/935
f 936/936 935/937 939/935
f 935/937 934/938 939/935
f 934/938 941/939 939/935
f 941/939 940/940 939/935
f 788/790 790/789 789/941
f 944/942 943/943 945/944
f 945/944 943/943 946/945
f 943/943 942/946 946/945
f 946/945 942/946 947/947
f 942/946 949/948 947/947
f 949/948 948/949 947/947
f 955/950 954/951 956/952
f 956/952 954/951 957/953
f 954/951 953/954 957/953
f 957/953 953/954 950/955
f 950/955 953/954 951/956
f 951/956 953/954 952/957
f 962/958 961/959 963/960
f 961/959 960/961 963/960
f 960/961 959/962 963/960
f 959/962 958/963 963/960
f 969/964 968/965 970/966
f 970/966 968/965 971/967
f 968/965 967/968 971/967
f 967/968 966/969 971/967
f 966/969 965/970 971/967
f 965/970 964/971 971/967
f 977/972 976/973 978/974
f 976/973 975/975 978/974
f 975/975 974/976 978/974
f 974/976 973/977 978/974
f 973/977 972/978 978/974
f 982/979 981/980 983/981
f 981/980 980/982 983/981
f 980/982 979/983 983/981
f 979/983 986/984 983/981
f 986/984 985/985 983/981
f 983/981 985/985 984/986
f 987/987 992/988 988/989
f 992/988 991/990 988/989
f 991/990 990/991 988/989
f 990/991 989/992 988/989
f 999/993 998/994 1000/995
f 998/994 997/996 1000/995
f 997/996 996/997 1000/995
f 996/997 995/998 1000/995
f 995/998 994/999 1000/995
f 994/999 993/1000 1000/995
f 1004/1001 1003/1002 1005/1003
f 1003/1002 1002/1004 1005/1003
f 1002/1004 1001/1005 1005/1003
f 1001/1005 1008/1006 1005/1003
f 1008/1006 1007/1007 1005/1003
f 1007/1007 1006/1008 1005/1003
f 1013/1009 1012/1010 1014/1011
f 1012/1010 1011/1012 1014/1011
f 1011/1012 1010/1013 1014/1011
f 1010/1013 1009/1014 1014/1011
f 1009/1014 1016/1015 1014/1011
f 1016/1015 1015/1016 1014/1011
f 1023/1017 1022/1018 1024/1019
f 1022/1018 1021/1020 1024/1019
f 1021/1020 1020/1021 1024/1019
f 1024/1019 1020/1021 1017/1022
f 1017/1022 1020/1021 1018/1023
f 1018/1023 1020/1021 1019/1024
f 1031/1025 1030/1026 1032/1027
f 1030/1026 1029/1028 1032/1027
f 1029/1028 1028/1029 1032/1027
f 1028/1029 1027/1030 1032/1027
f 1027/1030 1026/1031 1032/1027
f 1026/1031 1025/1032 1032/1027
f 1039/1033 1038/1034 1033/1035
f 1038/1034 1037/1036 1033/1035
f 1033/1035 1037/1036 1034/1037
f 1034/1037 1037/1036 1035/1038
f 1035/1038 1037/1036 1036/1039
f 1046/1040 1045/1041 1040/1042
f 1045/1041 1044/1043 1040/1042
f 1040/1042 1044/1043 1041/1044
f 1041/1044 1044/1043 1042/1045
f 1042/1045 1044/1043 1043/1046
f 1053/1047 1052/1048 1047/1049
f 1052/1048 1051/1050 1047/1049
f 1051/1050 1050/1051 1047/1049
f 1050/1051 1049/1052 1047/1049
f 1047/1049 1049/1052 1048/1053
f 1059/1054 1058/1055 1060/1056
f 1058/1055 1057/1057 1060/1056
f 1060/1056 1057/1057 1061/1058
f 1057/1057 1056/1059 1061/1058
f 1056/1059 1055/1060 1061/1058
f 1055/1060 1054/1061 1061/1058
f 1067/1062 1066/1063 1068/1064
f 1068/1064 1066/1063 1062/1065
f 1066/1063 1065/1066 1062/1065
f 1062/1065 1065/1066 1063/1067
f 1063/1067 1065/1066 1064/1068
f 1073/1069 1072/1070 1074/1071
f 1072/1070 1071/1072 1074/1071
f 1071/1072 1070/1073 1074/1071
f 1070/1073 1069/1074 1074/1071
f 1069/1074 1076/1075 1074/1071
f 1074/1071 1076/1075 1075/1076
f 1077/1077 1084/1078 1078/1079
f 1084/1078 1083/1080 1078/1079
f 1078/1079 1083/1080 1079/1081
f 1083/1080 1082/1082 1079/1081
f 1082/1082 1081/1083 1079/1081
f 1081/1083 1080/1084 1079/1081
f 1086/1085 1085/1086 1087/1087
f 1085/1086 1091/1088 1087/1087
f 1087/1087 1091/1088 1088/1089
f 1088/1089 1091/1088 1089/1090
f 1089/1090 1091/1088 1090/1091
f 1094/1092 1093/1093 1095/1094
f 1095/1094 1093/1093 1096/1095
f 1093/1093 1092/1096 1096/1095
f 1092/1096 1098/1097 1096/1095
f 1098/1097 1097/1098 1096/1095
f 1104/1099 1103/1100 1105/1101
f 1103/1100 1102/1102 1105/1101
f 1105/1101 1102/1102 1106/1103
f 1102/1102 1101/1104 1106/1103
f 1106/1103 1101/1104 1099/1105
f 1099/1105 1101/1104 1100/1106
f 1111/1107 1110/1108 1112/1109
f 1110/1108 1109/1110 1112/1109
f 1109/1110 1108/1111 1112/1109
f 1108/1111 1107/1112 1112/1109
f 1113/1113 1118/1114 1114/1115
f 1114/1115 1118/1114 1115/1116
f 1118/1114 1117/1117 1115/1116
f 1117/1117 1116/1118 1115/1116
f 1121/1119 1123/1120 1122/1121
f 1125/1122 1127/1123 1126/1124
f 1135/1125 1134/1126 1136/1127
f 1134/1126 1133/1128 1136/1127
f 1136/1127 1133/1128 1131/1129
f 1131/1129 1133/1128 1132/1130
f 1119/1131 1124/1132 1120/1133
f 1120/1133 1124/1132 1123/1120
f 1120/1133 1123/1120 1121/1119
f 1129/1134 1128/1135 1130/1136
f 1130/1136 1128/1135 1127/1123
f 1130/1136 1127/1123 1125/1122
f 1139/1137 1141/1138 1140/1139
f 1138/1140 1141/1138 1139/1137
f 1138/1140 1142/1141 1141/1138
f 1138/1140 1137/1142 1142/1141
f 1151/1143 1156/1144 1153/1145
f 1143/1146 1146/1147 1147/1148
f 1148/1149 1143/1146 1147/1148
f 1143/1146 1144/1150 1146/1147
f 1145/1151 1149/1152 1144/1150
f 1155/1153 1150/1154 1156/1144
f 1155/1153 1154/1155 1150/1154
f 1151/1143 1153/1145 1152/1156
f 1151/1143 1155/1153 1156/1144
f 1157/1157 1160/1158 1159/1159
f 1158/1160 1157/1157 1159/1159
f 1162/1161 1160/1158 1161/1162
f 1165/1163 1166/1164 1167/1165
f 1170/1166 1172/1167 1171/1168
f 1169/1169 1173/1170 1168/1171
f 1170/1166 1169/1169 1172/1167
f 1168/1171 1172/1167 1169/1169
f 1178/1172 1179/1173 1175/1174
f 1180/1175 1175/1174 1179/1173
f 1187/1176 1186/1177 1182/1178
f 1185/1179 1182/1178 1186/1177
f 1183/1180 1184/1181 1181/1182
f 1185/1179 1183/1180 1181/1182
f 1185/1179 1181/1182 1182/1178
f 1194/1183 1193/1184 1188/1185
f 1192/1186 1188/1185 1193/1184
f 1191/1187 1188/1185 1192/1186
f 1189/1188 1188/1185 1190/1189
f 1144/1150 1143/1146 1145/1151
f 1161/1162 1160/1158 1157/1157
f 1161/1162 1157/1157 1195/1190
f 1165/1163 1167/1165 1163/1191
f 1163/1191 1167/1165 1164/1192
f 1180/1175 1176/1193 1175/1174
f 1177/1194 1174/1195 1176/1193
f 1176/1193 1174/1195 1175/1174
f 1191/1187 1190/1189 1188/1185
f 1197/1196 1196/1197 1198/1198
f 1197/1196 1201/1199 1196/1197
f 1199/1200 1201/1199 1197/1196
f 1200/1201 1201/1199 1199/1200
f 1203/1202 1206/1203 1205/1204
f 1203/1202 1202/1205 1206/1203
f 1207/1206 1202/1205 1203/1202
f 1202/1205 1207/1206 1204/1207
f 1211/1208 1210/1209 1214/1210
f 1214/1210 1210/1209 1215/1211
f 1210/1209 1211/1208 1208/1212
f 1208/1212 1211/1208 1212/1213
f 1209/1214 1212/1213 1211/1208
f 1208/1212 1213/1215 1210/1209
f 1220/1216 1222/1217 1221/1218
f 1218/1219 1219/1220 1217/1221
f 1220/1216 1219/1220 1222/1217
f 1217/1221 1219/1220 1216/1222
f 1216/1222 1219/1220 1220/1216
f 1226/1223 1223/1224 1227/1225
f 1229/1226 1224/1227 1228/1228
f 1225/1229 1228/1228 1224/1227
f 1225/1229 1230/1230 1223/1224
f 1226/1223 1225/1229 1223/1224
f 1224/1227 1230/1230 1225/1229
f 1232/1231 1237/1232 1231/1233
f 1237/1232 1238/1234 1231/1233
f 1235/1235 1233/1236 1236/1237
f 1235/1235 1232/1231 1231/1233
f 1235/1235 1234/1238 1233/1236
f 1231/1233 1234/1238 1235/1235
f 1241/1239 1243/1240 1242/1241
f 1244/1242 1245/1243 1239/1244
f 1240/1245 1244/1242 1239/1244
f 1241/1239 1246/1246 1243/1240
f 1239/1244 1246/1246 1240/1245
f 1241/1239 1240/1245 1246/1246
f 1249/1247 1250/1248 1253/1249
f 1249/1247 1253/1249 1254/1250
f 1250/1248 1249/1247 1247/1251
f 1250/1248 1247/1251 1251/1252
f 1251/1252 1248/1253 1250/1248
f 1252/1254 1247/1251 1249/1247
f 1259/1255 1256/1256 1258/1257
f 1255/1258 1256/1256 1259/1255
f 1255/1258 1260/1259 1256/1256
f 1260/1259 1255/1258 1257/1260
f 1261/1261 1262/1262 1263/1263
f 1266/1264 1262/1262 1261/1261
f 1266/1264 1264/1265 1262/1262
f 1266/1264 1265/1266 1264/1265
f 1271/1267 1269/1268 1270/1269
f 1271/1267 1268/1270 1269/1268
f 1272/1271 1268/1270 1271/1267
f 1267/1272 1268/1270 1272/1271
f 1286/1273 1281/1274 1283/1275
f 1276/1276 1273/1277 1277/1278
f 1273/1277 1278/1279 1277/1278
f 1274/1280 1273/1277 1276/1276
f 1279/1281 1275/1282 1274/1280
f 1280/1283 1285/1284 1286/1273
f 1284/1285 1285/1284 1280/1283
f 1283/1275 1281/1274 1282/1286
f 1285/1284 1281/1274 1286/1273
f 1290/1287 1287/1288 1289/1289
f 1287/1288 1288/1290 1289/1289
f 1290/1287 1292/1291 1291/1292
f 1296/1293 1295/1294 1297/1295
f 1302/1296 1300/1297 1301/1298
f 1303/1299 1299/1300 1298/1301
f 1299/1300 1300/1297 1302/1296
f 1302/1296 1298/1301 1299/1300
f 1309/1302 1308/1303 1305/1304
f 1305/1304 1310/1305 1309/1302
f 1316/1306 1317/1307 1312/1308
f 1312/1308 1315/1309 1316/1306
f 1314/1310 1313/1311 1311/1312
f 1313/1311 1315/1309 1311/1312
f 1311/1312 1315/1309 1312/1308
f 1323/1313 1324/1314 1318/1315
f 1318/1315 1322/1316 1323/1313
f 1318/1315 1321/1317 1322/1316
f 1318/1315 1319/1318 1320/1319
f 1273/1277 1274/1280 1275/1282
f 1290/1287 1291/1292 1287/1288
f 1287/1288 1291/1292 1325/1320
f 1297/1295 1295/1294 1293/1321
f 1297/1295 1293/1321 1294/1322
f 1306/1323 1310/1305 1305/1304
f 1304/1324 1307/1325 1306/1323
f 1304/1324 1306/1323 1305/1304
f 1320/1319 1321/1317 1318/1315
f 1332/1326 1330/1327 1331/1328
f 1329/1329 1328/1330 1327/1331
f 1329/1329 1330/1327 1332/1326
f 1329/1329 1327/1331 1326/1332
f 1329/1329 1326/1332 1330/1327
f 1333/1333 1336/1334 1337/1335
f 1334/1336 1339/1337 1338/1338
f 1338/1338 1335/1339 1334/1336
f 1340/1340 1335/1339 1333/1333
f 1335/1339 1336/1334 1333/1333
f 1340/1340 1334/1336 1335/1339
f 1347/1341 1342/1342 1341/1343
f 1348/1344 1347/1341 1341/1343
f 1343/1345 1345/1346 1346/1347
f 1342/1342 1345/1346 1341/1343
f 1344/1348 1345/1346 1343/1345
f 1344/1348 1341/1343 1345/1346
f 1353/1349 1351/1350 1352/1351
f 1355/1352 1354/1353 1349/1354
f 1354/1353 1350/1355 1349/1354
f 1356/1356 1351/1350 1353/1349
f 1356/1356 1349/1354 1350/1355
f 1350/1355 1351/1350 1356/1356
o B747taiB_B747side
v 0.006655 -5.043977 -0.569788
v -0.011006 -5.079469 -0.435058
v 0.028665 -5.061920 -0.435499
v 0.025975 -5.036977 -0.538014
v 0.042107 -5.045621 -0.435514
v 0.053893 -5.008485 -0.387875
v 0.051672 -5.027099 -0.398484
v 0.047796 -5.032959 -0.435989
v 0.045233 -5.025807 -0.471317
v 0.042205 -5.034084 -0.472189
v 0.042391 -5.017815 -0.502897
v -0.014351 -5.018744 -0.703560
v -0.028860 -4.955983 -0.894233
v -0.032356 -4.956513 -0.894511
v -0.027459 -4.965494 -0.888871
v -0.023487 -4.963055 -0.888356
v -0.026962 -4.969148 -0.885030
v -0.032356 -4.967774 -0.888521
v -0.026540 -4.972988 -0.878660
v -0.021789 -4.969523 -0.878819
v -0.025712 -4.977281 -0.867035
v -0.032356 -4.975721 -0.876517
v -0.019237 -4.978492 -0.853147
v -0.014460 -4.986655 -0.818830
v -0.019956 -4.987126 -0.830529
v -0.032356 -4.984452 -0.850117
v -0.020907 -4.996418 -0.798929
v -0.013590 -4.981152 -0.830382
v -0.019457 -4.965256 -0.878091
v -0.006037 -4.977471 -0.801340
v -0.009406 -4.996738 -0.773095
v -0.019510 -5.000932 -0.774071
v -0.032356 -5.004168 -0.770296
v -0.002267 -4.992766 -0.759139
v 0.008425 -5.000137 -0.706455
v -0.000251 -5.000026 -0.739751
v 0.038325 -5.005005 -0.543728
v 0.039255 -5.004777 -0.538658
v -0.017539 -4.931039 -0.450379
v 0.001299 -4.935300 -0.453807
v 0.053772 -4.998650 -0.357824
v 0.051722 -5.008285 -0.434201
v -0.022579 -4.928736 -0.467799
v 0.002516 -4.935257 -0.485797
v 0.024161 -4.949209 -0.462507
v 0.030446 -4.961200 -0.560983
v 0.035766 -4.978852 -0.564142
v 0.031099 -4.983259 -0.594235
v 0.040052 -4.986755 -0.536983
v 0.046779 -4.988215 -0.473478
v 0.044057 -5.005939 -0.506993
v 0.007824 -4.939576 -0.716310
v -0.005956 -4.937022 -0.803012
v -0.022368 -4.927743 -0.876203
v -0.008212 -4.930774 -0.799420
v -0.011221 -4.931118 -0.823922
v -0.001560 -4.934828 -0.768262
v -0.003306 -4.935671 -0.785010
v 0.011541 -4.940894 -0.685771
v 0.005029 -4.941828 -0.740875
v -0.002401 -4.941068 -0.785187
v -0.017782 -4.926152 -0.843299
v -0.011790 -4.926139 -0.794459
v -0.020592 -4.962598 -0.883958
v -0.021601 -4.960041 -0.888166
v -0.020423 -4.957062 -0.887861
v -0.020217 -4.949750 -0.888340
v -0.017757 -4.939891 -0.878742
v -0.020554 -4.940201 -0.888056
v -0.019054 -4.934255 -0.877081
v -0.027300 -4.926267 -0.883275
v -0.032356 -4.926682 -0.887379
v -0.023093 -4.929447 -0.884324
v -0.027804 -4.933530 -0.892261
v -0.032356 -4.930992 -0.891614
v -0.032356 -4.938299 -0.896254
v -0.023825 -4.931466 -0.888642
v -0.022968 -4.941151 -0.891767
v -0.024975 -4.945819 -0.894898
v -0.024398 -4.948976 -0.894382
v -0.022485 -4.952812 -0.891217
v -0.024740 -4.952024 -0.894005
v -0.026040 -4.954581 -0.893893
v -0.028226 -4.924053 -0.876737
v -0.030712 -4.919888 -0.839249
v 0.049302 -4.982609 -0.357824
v 0.018571 -5.037901 -0.562331
v 0.016124 -5.035138 -0.579279
v 0.036658 -5.015761 -0.538435
v 0.015018 -5.026676 -0.608414
v -0.022712 -4.966326 -0.884601
v -0.032356 -4.971690 -0.883897
v 0.035091 -4.986803 -0.569860
v 0.040169 -4.966036 -0.357824
v -0.032356 -4.928630 -0.459583
v -0.026990 -4.928662 -0.462358
v -0.020271 -4.928840 -0.474452
v -0.013040 -4.928904 -0.567310
v 0.002622 -4.934747 -0.538015
v 0.048082 -5.006947 -0.473409
v 0.035674 -5.015621 -0.543728
v 0.034010 -5.003759 -0.570013
v 0.019569 -4.951566 -0.658020
v -0.007346 -4.927606 -0.738767
v -0.022682 -4.921704 -0.782281
v -0.018721 -4.950207 -0.883910
v -0.032356 -4.922772 -0.877251
v -0.027456 -4.928758 -0.888243
v -0.029093 -4.939807 -0.895978
v -0.026401 -4.942670 -0.895459
v -0.022468 -4.956415 -0.890589
v -0.032356 -4.919921 -0.841410
v -0.032356 -4.920136 -0.845577
v 0.031257 -5.072287 -0.357824
v 0.020683 -4.946452 -0.357824
v 0.010741 -5.085802 -0.357824
v 0.043985 -5.056681 -0.357824
v 0.053224 -5.028031 -0.357824
v -0.002442 -4.934457 -0.357824
v -0.012034 -5.092785 -0.357824
v -0.032356 -4.930808 -0.357824
v 0.020833 -5.033006 -0.569857
v 0.020090 -5.034280 -0.568740
v 0.019946 -5.034722 -0.567872
v 0.027547 -5.032770 -0.543866
v 0.026369 -5.034126 -0.544698
v 0.025655 -5.034736 -0.545905
v 0.035500 -4.985069 -0.566960
v 0.035186 -4.985665 -0.569043
v 0.038672 -4.985069 -0.545868
v 0.038863 -4.985664 -0.544698
v 0.039016 -4.986773 -0.543882
v 0.026677 -5.022983 -0.570013
v 0.043815 -5.006364 -0.508091
v 0.042497 -5.007162 -0.515439
v 0.043394 -5.007802 -0.509376
v 0.041350 -5.007538 -0.522203
v 0.051110 -5.008904 -0.440010
v 0.051288 -5.010341 -0.438336
v 0.050557 -5.010341 -0.445241
v 0.050688 -5.009102 -0.444131
v 0.049935 -5.009910 -0.451163
v 0.043699 -5.015675 -0.496549
v 0.043615 -5.016802 -0.495541
v 0.044666 -5.015507 -0.489645
v 0.042563 -5.016532 -0.503692
v 0.043025 -5.015167 -0.502472
v 0.053561 -5.019563 -0.387027
v 0.052790 -5.018894 -0.406758
v 0.053068 -5.019146 -0.399855
v 0.053268 -5.019500 -0.393931
v 0.053582 -5.013529 -0.398739
v 0.053496 -5.013846 -0.399855
v 0.053147 -5.010427 -0.405474
v 0.053349 -5.010427 -0.401140
v 0.053465 -5.011865 -0.399855
v 0.052530 -5.009920 -0.418301
v 0.052525 -5.010552 -0.418867
v 0.052761 -5.009935 -0.413906
v 0.053150 -5.012104 -0.406759
v 0.052835 -5.011235 -0.412816
v 0.053721 -5.021546 -0.375363
v 0.054010 -5.020246 -0.374200
v 0.053496 -5.021683 -0.379820
v 0.053702 -5.020246 -0.381103
v 0.053210 -5.021175 -0.388313
v 0.053018 -5.021175 -0.392647
v 0.052732 -5.020667 -0.401140
v 0.052538 -5.020667 -0.405474
v 0.052113 -5.020159 -0.413967
v 0.052479 -5.018776 -0.412731
v 0.051860 -5.020117 -0.418339
v 0.051446 -5.019651 -0.426794
v 0.052093 -5.018684 -0.419585
v 0.051186 -5.019651 -0.431128
v 0.051391 -5.018380 -0.432264
v 0.050666 -5.019144 -0.439621
v 0.051033 -5.017924 -0.438531
v 0.050157 -5.019117 -0.443978
v 0.049268 -5.018614 -0.452429
v 0.050269 -5.017867 -0.445096
v 0.048746 -5.018635 -0.456781
v 0.047843 -5.018127 -0.465275
v 0.047208 -5.018123 -0.469613
v 0.041779 -5.016550 -0.508139
v 0.040407 -5.016096 -0.516584
v 0.041894 -5.015167 -0.509376
v 0.040977 -5.014659 -0.515299
v 0.039652 -5.016067 -0.520944
v 0.038286 -5.015577 -0.529401
v 0.039771 -5.014659 -0.522203
v 0.038883 -5.014051 -0.528135
v 0.037529 -5.015535 -0.533792
v 0.037693 -5.014151 -0.535030
v 0.042550 -5.005868 -0.516574
v 0.041866 -5.005857 -0.520918
v 0.039457 -5.006786 -0.535031
v 0.039925 -5.005349 -0.533745
v 0.040611 -5.005349 -0.529412
v 0.040560 -5.006548 -0.528338
v 0.047247 -5.016701 -0.470885
v 0.046105 -5.017455 -0.477955
v 0.046393 -5.016395 -0.477006
v 0.045480 -5.015886 -0.483722
v 0.046540 -5.015563 -0.476817
v 0.044350 -5.016741 -0.490598
v 0.049600 -5.017198 -0.451163
v 0.048811 -5.016962 -0.458067
v 0.048172 -5.016690 -0.463990
v 0.049540 -5.008396 -0.456783
v 0.049954 -5.008510 -0.452347
v 0.048093 -5.009325 -0.470895
v 0.048357 -5.007888 -0.469609
v 0.048774 -5.007888 -0.465276
v 0.048760 -5.009254 -0.464053
v 0.049280 -5.009833 -0.458067
v 0.047435 -5.007527 -0.477971
v 0.045915 -5.006971 -0.490842
v 0.045868 -5.008310 -0.489645
v 0.046671 -5.007318 -0.482746
v 0.044394 -5.006448 -0.503682
v 0.045013 -5.008310 -0.496549
v 0.044350 -5.007802 -0.502472
v 0.045268 -5.006834 -0.495231
v 0.047450 -5.008817 -0.476817
v 0.046557 -5.008817 -0.483722
v 0.051750 -5.010849 -0.432414
v 0.051863 -5.009411 -0.431129
v 0.052110 -5.009411 -0.426794
v 0.052140 -5.010849 -0.425509
v 0.052463 -5.011357 -0.419587
v 0.051791 -5.018214 -0.425509
v 0.053955 -5.022191 -0.366993
v 0.054177 -5.020753 -0.368278
v 0.054905 -5.014301 -0.357824
v 0.054588 -5.020000 -0.357824
v 0.054575 -5.011951 -0.366993
v 0.054582 -5.012442 -0.367431
v 0.054693 -5.011951 -0.362659
v 0.054780 -5.013464 -0.361374
v 0.054143 -5.012880 -0.381105
v 0.054177 -5.011444 -0.379820
v 0.054319 -5.011599 -0.375346
v 0.054361 -5.012744 -0.374323
v 0.054560 -5.013388 -0.368278
v 0.053727 -5.012373 -0.393931
v 0.053757 -5.010936 -0.392647
v 0.053899 -5.010936 -0.388313
v 0.053950 -5.012373 -0.387027
v 0.054105 -5.022191 -0.362659
v 0.054380 -5.020753 -0.361374
v 0.052435 -5.009356 -0.419837
v 0.049597 -5.007925 -0.456710
v 0.050354 -5.008415 -0.448360
v 0.044799 -5.017969 -0.486255
v 0.045536 -5.017365 -0.482599
v 0.046069 -5.006444 -0.490202
v 0.047077 -5.006695 -0.481805
v 0.045063 -5.006192 -0.498598
v 0.039527 -5.016788 -0.520666
v 0.041655 -5.005358 -0.522826
v 0.040454 -5.005068 -0.530742
v -0.071310 -5.043977 -0.569788
v -0.053650 -5.079469 -0.435058
v -0.093320 -5.061920 -0.435499
v -0.090631 -5.036977 -0.538014
v -0.106762 -5.045621 -0.435514
v -0.118550 -5.008485 -0.387875
v -0.112451 -5.032959 -0.435989
v -0.109889 -5.025807 -0.471317
v -0.106860 -5.034084 -0.472189
v -0.107048 -5.017815 -0.502897
v -0.050304 -5.018744 -0.703560
v -0.035795 -4.955983 -0.894233
v -0.037198 -4.965494 -0.888871
v -0.041168 -4.963055 -0.888356
v -0.037693 -4.969148 -0.885030
v -0.038117 -4.972988 -0.878660
v -0.042867 -4.969523 -0.878819
v -0.038943 -4.977281 -0.867035
v -0.045418 -4.978492 -0.853147
v -0.050195 -4.986655 -0.818830
v -0.044701 -4.987126 -0.830529
v -0.043748 -4.996418 -0.798929
v -0.051067 -4.981152 -0.830382
v -0.045198 -4.965256 -0.878091
v -0.058618 -4.977471 -0.801340
v -0.055250 -4.996738 -0.773095
v -0.045145 -5.000932 -0.774071
v -0.062389 -4.992766 -0.759139
v -0.073081 -5.000137 -0.706455
v -0.064406 -5.000026 -0.739751
v -0.102981 -5.005005 -0.543728
v -0.103910 -5.004777 -0.538658
v -0.047117 -4.931039 -0.450379
v -0.065956 -4.935300 -0.453807
v -0.118428 -4.998650 -0.357824
v -0.116378 -5.008285 -0.434201
v -0.042078 -4.928736 -0.467799
v -0.067171 -4.935257 -0.485797
v -0.088817 -4.949209 -0.462507
v -0.095101 -4.961200 -0.560983
v -0.100421 -4.978852 -0.564142
v -0.095754 -4.983259 -0.594235
v -0.104707 -4.986755 -0.536983
v -0.111435 -4.988215 -0.473478
v -0.108712 -5.005939 -0.506993
v -0.072479 -4.939576 -0.716310
v -0.058700 -4.937022 -0.803012
v -0.042287 -4.927743 -0.876203
v -0.056443 -4.930774 -0.799420
v -0.053434 -4.931118 -0.823922
v -0.063095 -4.934828 -0.768262
v -0.061350 -4.935671 -0.785010
v -0.076196 -4.940894 -0.685771
v -0.069684 -4.941828 -0.740875
v -0.062254 -4.941068 -0.785187
v -0.046873 -4.926152 -0.843299
v -0.052867 -4.926139 -0.794459
v -0.044064 -4.962598 -0.883958
v -0.043056 -4.960041 -0.888166
v -0.044232 -4.957062 -0.887861
v -0.044439 -4.949750 -0.888340
v -0.046900 -4.939891 -0.878742
v -0.044101 -4.940201 -0.888056
v -0.045601 -4.934255 -0.877081
v -0.037356 -4.926267 -0.883275
v -0.041564 -4.929447 -0.884324
v -0.036853 -4.933530 -0.892261
v -0.040831 -4.931466 -0.888642
v -0.041689 -4.941151 -0.891767
v -0.039682 -4.945819 -0.894898
v -0.040257 -4.948976 -0.894382
v -0.042170 -4.952812 -0.891217
v -0.039917 -4.952024 -0.894005
v -0.038617 -4.954581 -0.893893
v -0.036429 -4.924053 -0.876737
v -0.033943 -4.919888 -0.839249
v -0.113957 -4.982609 -0.357824
v -0.083228 -5.037901 -0.562331
v -0.080781 -5.035138 -0.579279
v -0.114481 -5.035430 -0.396660
v -0.101315 -5.015761 -0.538435
v -0.079673 -5.026676 -0.608414
v -0.041945 -4.966326 -0.884601
v -0.099746 -4.986803 -0.569860
v -0.104825 -4.966036 -0.357824
v -0.037665 -4.928662 -0.462358
v -0.044385 -4.928840 -0.474452
v -0.051617 -4.928904 -0.567310
v -0.067279 -4.934747 -0.538015
v -0.112737 -5.006947 -0.473409
v -0.100331 -5.015621 -0.543728
v -0.098665 -5.003759 -0.570013
v -0.084225 -4.951566 -0.658020
v -0.057309 -4.927606 -0.738767
v -0.041975 -4.921704 -0.782281
v -0.045935 -4.950207 -0.883910
v -0.037200 -4.928758 -0.888243
v -0.035562 -4.939807 -0.895978
v -0.038256 -4.942670 -0.895459
v -0.042189 -4.956415 -0.890589
v -0.043600 -5.093688 -0.357824
v -0.115553 -5.037956 -0.357824
v -0.085339 -4.946452 -0.357824
v -0.075396 -5.085802 -0.357824
v -0.062215 -4.934457 -0.357824
v -0.052621 -5.092785 -0.357824
v -0.085489 -5.033006 -0.569857
v -0.084745 -5.034280 -0.568740
v -0.084603 -5.034722 -0.567872
v -0.092203 -5.032770 -0.543866
v -0.091026 -5.034126 -0.544698
v -0.090312 -5.034736 -0.545905
v -0.100156 -4.985069 -0.566960
v -0.099842 -4.985665 -0.569043
v -0.103329 -4.985069 -0.545868
v -0.103520 -4.985664 -0.544698
v -0.103671 -4.986773 -0.543882
v -0.091334 -5.022983 -0.570013
v -0.108470 -5.006364 -0.508091
v -0.107153 -5.007162 -0.515439
v -0.108050 -5.007802 -0.509376
v -0.106006 -5.007538 -0.522203
v -0.115765 -5.008904 -0.440010
v -0.115943 -5.010341 -0.438336
v -0.115214 -5.010341 -0.445241
v -0.115345 -5.009102 -0.444131
v -0.114590 -5.009910 -0.451163
v -0.108356 -5.015675 -0.496549
v -0.108270 -5.016802 -0.495541
v -0.109321 -5.015507 -0.489645
v -0.107218 -5.016532 -0.503692
v -0.107681 -5.015167 -0.502472
v -0.118218 -5.019563 -0.387027
v -0.117446 -5.018894 -0.406758
v -0.117723 -5.019146 -0.399855
v -0.117925 -5.019500 -0.393931
v -0.118237 -5.013529 -0.398739
v -0.118153 -5.013846 -0.399855
v -0.117803 -5.010427 -0.405474
v -0.118006 -5.010427 -0.401140
v -0.118120 -5.011865 -0.399855
v -0.117185 -5.009920 -0.418301
v -0.117182 -5.010552 -0.418867
v -0.117418 -5.009935 -0.413906
v -0.117807 -5.012104 -0.406759
v -0.117492 -5.011235 -0.412816
v -0.118376 -5.021546 -0.375363
v -0.118667 -5.020246 -0.374200
v -0.118153 -5.021683 -0.379820
v -0.118359 -5.020246 -0.381103
v -0.117867 -5.021175 -0.388313
v -0.117675 -5.021175 -0.392647
v -0.117389 -5.020667 -0.401140
v -0.117193 -5.020667 -0.405474
v -0.116768 -5.020159 -0.413967
v -0.117134 -5.018776 -0.412731
v -0.116515 -5.020117 -0.418339
v -0.116103 -5.019651 -0.426794
v -0.116750 -5.018684 -0.419585
v -0.115842 -5.019651 -0.431128
v -0.116046 -5.018380 -0.432264
v -0.115323 -5.019144 -0.439621
v -0.115690 -5.017924 -0.438531
v -0.114812 -5.019117 -0.443978
v -0.113923 -5.018614 -0.452429
v -0.114926 -5.017867 -0.445096
v -0.113401 -5.018635 -0.456781
v -0.112498 -5.018127 -0.465275
v -0.111864 -5.018123 -0.469613
v -0.106434 -5.016550 -0.508139
v -0.105064 -5.016096 -0.516584
v -0.106550 -5.015167 -0.509376
v -0.105632 -5.014659 -0.515299
v -0.104307 -5.016067 -0.520944
v -0.102942 -5.015577 -0.529401
v -0.104426 -5.014659 -0.522203
v -0.103539 -5.014051 -0.528135
v -0.102184 -5.015535 -0.533792
v -0.102348 -5.014151 -0.535030
v -0.107206 -5.005868 -0.516574
v -0.106521 -5.005857 -0.520918
v -0.104112 -5.006786 -0.535031
v -0.104581 -5.005349 -0.533745
v -0.105268 -5.005349 -0.529412
v -0.105217 -5.006548 -0.528338
v -0.111903 -5.016701 -0.470885
v -0.110760 -5.017455 -0.477955
v -0.111048 -5.016395 -0.477006
v -0.110135 -5.015886 -0.483722
v -0.111195 -5.015563 -0.476817
v -0.109006 -5.016741 -0.490598
v -0.114257 -5.017198 -0.451163
v -0.113467 -5.016962 -0.458067
v -0.112828 -5.016690 -0.463990
v -0.114195 -5.008396 -0.456783
v -0.114610 -5.008510 -0.452347
v -0.112748 -5.009325 -0.470895
v -0.113012 -5.007888 -0.469609
v -0.113429 -5.007888 -0.465276
v -0.113415 -5.009254 -0.464053
v -0.113935 -5.009833 -0.458067
v -0.112090 -5.007527 -0.477971
v -0.110570 -5.006971 -0.490842
v -0.110525 -5.008310 -0.489645
v -0.111326 -5.007318 -0.482746
v -0.109050 -5.006448 -0.503682
v -0.109668 -5.008310 -0.496549
v -0.109006 -5.007802 -0.502472
v -0.109923 -5.006834 -0.495231
v -0.112106 -5.008817 -0.476817
v -0.111212 -5.008817 -0.483722
v -0.116406 -5.010849 -0.432414
v -0.116518 -5.009411 -0.431129
v -0.116765 -5.009411 -0.426794
v -0.116795 -5.010849 -0.425509
v -0.117118 -5.011357 -0.419587
v -0.116448 -5.018214 -0.425509
v -0.118610 -5.022191 -0.366993
v -0.118832 -5.020753 -0.368278
v -0.119560 -5.014301 -0.357824
v -0.119243 -5.020000 -0.357824
v -0.119232 -5.011951 -0.366993
v -0.119237 -5.012442 -0.367431
v -0.119348 -5.011951 -0.362659
v -0.119435 -5.013464 -0.361374
v -0.118800 -5.012880 -0.381105
v -0.118832 -5.011444 -0.379820
v -0.118976 -5.011599 -0.375346
v -0.119017 -5.012744 -0.374323
v -0.119215 -5.013388 -0.368278
v -0.118382 -5.012373 -0.393931
v -0.118412 -5.010936 -0.392647
v -0.118554 -5.010936 -0.388313
v -0.118606 -5.012373 -0.387027
v -0.118762 -5.022191 -0.362659
v -0.119035 -5.020753 -0.361374
v -0.117090 -5.009356 -0.419837
v -0.114253 -5.007925 -0.456710
v -0.115009 -5.008415 -0.448360
v -0.109454 -5.017969 -0.486255
v -0.110193 -5.017365 -0.482599
v -0.110725 -5.006444 -0.490202
v -0.111732 -5.006695 -0.481805
v -0.109718 -5.006192 -0.498598
v -0.104182 -5.016788 -0.520666
v -0.106312 -5.005358 -0.522826
v -0.105109 -5.005068 -0.530742
v -0.095914 -5.072287 -0.357824
v -0.108642 -5.056681 -0.357824
v -0.085518 -5.073373 -0.401449
v -0.111840 -5.041573 -0.402140
v -0.094151 -5.067074 -0.402140
v -0.107576 -5.050828 -0.402140
v -0.108520 -5.055032 -0.369099
v -0.095635 -5.070878 -0.369099
v -0.082173 -5.075830 -0.398767
v -0.113509 -5.037710 -0.398767
v -0.089781 -5.075235 -0.369099
v -0.114046 -5.040799 -0.369099
v -0.084570 -5.078324 -0.372472
v -0.114898 -5.037710 -0.372472
v -0.032328 -5.104337 -0.252835
v -0.000490 -5.103895 -0.163635
v 0.013996 -5.094141 -0.258592
v 0.022877 -5.090564 -0.190825
v 0.026211 -5.087940 -0.191922
v 0.037771 -5.076499 -0.188097
v 0.040975 -5.073060 -0.183617
v 0.030041 -5.084301 -0.191969
v 0.048940 -5.054245 -0.259546
v 0.049041 -5.056571 -0.209058
v 0.051561 -5.051256 -0.161488
v 0.050460 -5.055850 -0.128706
v 0.054819 -5.041374 -0.122613
v 0.055983 -5.033908 -0.093220
v 0.056800 -5.027324 -0.042354
v 0.055594 -5.034300 -0.166363
v 0.055336 -5.031290 -0.213386
v 0.054083 -5.029160 -0.310758
v 0.053224 -5.028212 -0.357044
v 0.055257 -5.001470 -0.243089
v 0.056704 -5.016474 -0.215105
v 0.004810 -4.944998 0.262209
v -0.002217 -4.941590 0.231009
v -0.032328 -4.936061 0.225539
v -0.011506 -4.939967 0.212741
v 0.013879 -4.948035 0.099686
v 0.050927 -4.990591 0.101036
v 0.055580 -5.006355 0.101285
v 0.056035 -5.014531 0.181142
v 0.054844 -5.011011 0.242364
v 0.053952 -4.997553 0.026318
v 0.056847 -5.010701 0.027816
v 0.057477 -5.014546 -0.041814
v -0.000371 -4.936425 -0.243034
v 0.050108 -4.983623 -0.245941
v 0.053647 -4.994618 -0.151724
v 0.057477 -5.013453 -0.105510
v 0.055097 -5.009101 -0.343934
v -0.025432 -5.107955 -0.145442
v -0.032328 -5.108041 -0.144593
v 0.053788 -4.998610 -0.357062
v 0.018936 -5.093245 -0.187756
v 0.033746 -5.079840 -0.220449
v 0.034052 -5.080284 -0.190989
v 0.054613 -5.045493 -0.090182
v 0.056632 -5.007710 -0.174801
v 0.045446 -4.974451 -0.357062
v 0.056196 -5.015682 -0.263284
v 0.055699 -5.010048 -0.297824
v 0.057294 -5.016401 -0.163587
v 0.049907 -4.995653 0.262209
v 0.042080 -4.979436 0.262209
v -0.032328 -4.935870 0.007197
v 0.024197 -4.950633 -0.150689
v 0.042175 -4.969834 -0.153468
v 0.040140 -4.965975 -0.357062
v -0.002481 -4.934448 -0.357062
v -0.018826 -5.107700 -0.147491
v -0.012835 -5.107117 -0.151040
v -0.032328 -4.936094 0.263510
v -0.001493 -4.942212 0.262268
v 0.027033 -4.961313 0.262209
v 0.054483 -5.010983 0.262184
v 0.010832 -5.085884 -0.357062
v 0.031361 -5.072320 -0.357062
v -0.011993 -5.092875 -0.357062
v 0.044057 -5.056707 -0.357062
v 0.054936 -5.014216 -0.357062
v 0.054602 -5.020013 -0.357062
v -0.032328 -4.930811 -0.357062
v 0.020765 -4.946508 -0.357062
v 0.053702 -4.998625 0.084330
v 0.053496 -4.997214 0.060476
v 0.053744 -4.997942 0.059195
v 0.053271 -4.997214 0.082480
v 0.053450 -4.997810 0.083650
v 0.056899 -5.028044 0.026658
v 0.056869 -5.029355 0.058334
v 0.053980 -4.998776 0.058500
v 0.057174 -5.017270 0.058334
v 0.056604 -5.012064 0.084621
v 0.056843 -5.030647 0.089553
v 0.056847 -5.030443 0.084621
v 0.057102 -5.023112 0.058334
v 0.052107 -5.046974 -0.200922
v 0.051840 -5.047939 -0.200117
v 0.051685 -5.048536 -0.198946
v 0.052082 -5.048536 -0.176942
v 0.052275 -5.047940 -0.175773
v 0.052507 -5.047210 -0.175164
v 0.055568 -5.002448 -0.201056
v 0.055075 -5.000444 -0.200922
v 0.054824 -4.999478 -0.200117
v 0.054669 -4.998882 -0.198946
v 0.054716 -4.998882 -0.176942
v 0.054875 -4.999478 -0.175773
v 0.055132 -5.000443 -0.174967
v 0.054030 -5.042331 -0.174801
v 0.056571 -5.022840 -0.201089
v 0.057168 -5.016418 -0.174801
v 0.055310 -5.025746 -0.270929
v 0.055230 -5.025746 -0.275264
v 0.055415 -5.024309 -0.276548
v 0.055152 -5.025238 -0.283756
v 0.055383 -5.023801 -0.282471
v 0.055072 -5.025238 -0.288090
v 0.055690 -5.015419 -0.308126
v 0.055619 -5.013983 -0.313745
v 0.055671 -5.013982 -0.309411
v 0.057368 -5.017976 -0.043279
v 0.057413 -5.016539 -0.041994
v 0.057424 -5.016590 -0.050614
v 0.057374 -5.018027 -0.049328
v 0.057438 -5.016641 -0.067903
v 0.057380 -5.018027 -0.056233
v 0.057386 -5.018078 -0.062283
v 0.057394 -5.018078 -0.069187
v 0.057397 -5.018129 -0.075237
v 0.057446 -5.016706 -0.076510
v 0.057405 -5.018129 -0.082142
v 0.057411 -5.018239 -0.088191
v 0.057443 -5.016851 -0.080999
v 0.057424 -5.018024 -0.094956
v 0.057419 -5.018360 -0.101146
v 0.057399 -5.018739 -0.095096
v 0.056916 -5.025201 -0.101078
v 0.057413 -5.018374 -0.108049
v 0.057397 -5.018155 -0.114213
v 0.057394 -5.018281 -0.114099
v 0.057365 -5.018281 -0.121004
v 0.057335 -5.018332 -0.127054
v 0.057335 -5.017036 -0.145708
v 0.057304 -5.018332 -0.133958
v 0.057277 -5.018383 -0.140008
v 0.057344 -5.017074 -0.141180
v 0.057188 -5.018434 -0.159867
v 0.057279 -5.016997 -0.158582
v 0.057299 -5.016997 -0.154248
v 0.057247 -5.018383 -0.146913
v 0.057218 -5.018434 -0.152963
v 0.056929 -5.025290 -0.023421
v 0.056924 -5.025312 -0.017305
v 0.056861 -5.026323 -0.029400
v 0.056836 -5.026778 -0.037659
v 0.056935 -5.025341 -0.036374
v 0.056935 -5.025290 -0.030324
v 0.056838 -5.026778 -0.041993
v 0.056804 -5.030137 0.136633
v 0.056550 -5.019863 0.181136
v 0.056597 -5.019827 0.174241
v 0.056721 -5.019569 0.154598
v 0.056769 -5.019533 0.147694
v 0.056890 -5.019277 0.128062
v 0.056940 -5.019240 0.121158
v 0.056977 -5.019178 0.114982
v 0.056799 -5.017789 0.122444
v 0.056761 -5.017789 0.126776
v 0.056860 -5.017636 0.113696
v 0.056824 -5.026837 -0.055005
v 0.056847 -5.026498 -0.063226
v 0.056860 -5.026292 -0.068428
v 0.056736 -5.026982 -0.093810
v 0.056904 -5.025391 -0.095095
v 0.056899 -5.025626 -0.082022
v 0.056907 -5.025510 -0.088191
v 0.056847 -5.025596 -0.108049
v 0.056669 -5.027083 -0.115385
v 0.056822 -5.025647 -0.114099
v 0.056771 -5.025697 -0.127054
v 0.056799 -5.025647 -0.121004
v 0.056719 -5.025748 -0.140008
v 0.056733 -5.025807 -0.133860
v 0.056666 -5.025799 -0.152963
v 0.056693 -5.025748 -0.146912
v 0.056711 -5.027033 -0.102431
v 0.056699 -5.027033 -0.106764
v 0.056480 -5.027236 -0.158581
v 0.056640 -5.025799 -0.159867
v 0.055721 -5.025324 -0.243990
v 0.055450 -5.026762 -0.249609
v 0.055632 -5.025324 -0.250894
v 0.055411 -5.026254 -0.258103
v 0.055627 -5.024816 -0.256817
v 0.055355 -5.026254 -0.262436
v 0.055540 -5.024816 -0.263721
v 0.055535 -5.024309 -0.269644
v 0.055721 -5.027777 -0.219621
v 0.055661 -5.027777 -0.223955
v 0.055838 -5.026340 -0.225239
v 0.055613 -5.027270 -0.232448
v 0.055825 -5.025832 -0.231163
v 0.055554 -5.027270 -0.236782
v 0.055730 -5.025832 -0.238067
v 0.055508 -5.026762 -0.245275
v 0.055010 -5.024730 -0.296583
v 0.055268 -5.023801 -0.289375
v 0.055260 -5.023293 -0.295299
v 0.054944 -5.024730 -0.300917
v 0.054897 -5.024222 -0.309410
v 0.055149 -5.022785 -0.308126
v 0.054833 -5.024222 -0.313745
v 0.055155 -5.023293 -0.302203
v 0.055044 -5.022785 -0.315029
v 0.054757 -5.023714 -0.322238
v 0.055030 -5.022277 -0.320953
v 0.054660 -5.023714 -0.326571
v 0.054875 -5.022277 -0.327856
v 0.055488 -5.013475 -0.322239
v 0.055421 -5.013475 -0.326572
v 0.055515 -5.014775 -0.321075
v 0.055288 -5.012967 -0.335065
v 0.055221 -5.012967 -0.339399
v 0.055329 -5.014417 -0.333780
v 0.055022 -5.014000 -0.353511
v 0.055086 -5.012459 -0.347892
v 0.055130 -5.014057 -0.346607
v 0.055221 -5.014360 -0.340646
v 0.055588 -5.015419 -0.315030
v 0.055404 -5.014912 -0.327857
v 0.056079 -5.016943 -0.269644
v 0.056125 -5.015527 -0.270830
v 0.055949 -5.016436 -0.282471
v 0.056074 -5.015423 -0.275239
v 0.055999 -5.016943 -0.276549
v 0.055741 -5.015928 -0.302203
v 0.055821 -5.015928 -0.295299
v 0.055869 -5.016436 -0.289376
v 0.055707 -5.014850 -0.308635
v 0.055785 -5.014984 -0.301359
v 0.055707 -5.014850 -0.308635
v 0.055924 -5.014998 -0.288090
v 0.055968 -5.014998 -0.283757
v 0.055777 -5.014491 -0.300918
v 0.055821 -5.014491 -0.296585
v 0.056127 -5.017451 -0.263721
v 0.056193 -5.016014 -0.262437
v 0.056197 -5.017627 -0.256818
v 0.056249 -5.017959 -0.250895
v 0.056615 -5.017538 -0.219621
v 0.056566 -5.017538 -0.223955
v 0.056441 -5.017030 -0.236782
v 0.056491 -5.017030 -0.232448
v 0.056450 -5.018467 -0.231163
v 0.056499 -5.018975 -0.225240
v 0.056316 -5.016522 -0.249610
v 0.056366 -5.016522 -0.245276
v 0.056374 -5.018467 -0.238067
v 0.056325 -5.017959 -0.243990
v 0.056241 -5.016014 -0.258103
v 0.056830 -5.026829 -0.050614
v 0.056938 -5.025341 -0.043278
v 0.056932 -5.025392 -0.049328
v 0.056921 -5.025444 -0.062283
v 0.056927 -5.025392 -0.056232
v 0.056919 -5.025444 -0.069187
v 0.056911 -5.025494 -0.075237
v 0.057443 -5.016742 -0.093810
v 0.057443 -5.016742 -0.089477
v 0.057440 -5.016793 -0.102431
v 0.057413 -5.018230 -0.108049
v 0.057435 -5.016793 -0.106764
v 0.057399 -5.016844 -0.119720
v 0.057413 -5.016844 -0.115385
v 0.057368 -5.016895 -0.132674
v 0.057377 -5.016895 -0.128339
v 0.057335 -5.016946 -0.145627
v 0.056949 -5.026525 0.022778
v 0.057002 -5.025087 0.021494
v 0.056932 -5.026575 0.014158
v 0.056990 -5.025137 0.015443
v 0.056924 -5.026575 0.009824
v 0.056977 -5.025137 0.008539
v 0.056907 -5.026626 0.001204
v 0.056963 -5.025198 0.002480
v 0.056899 -5.026626 -0.003131
v 0.056950 -5.025189 -0.004415
v 0.056882 -5.026677 -0.011750
v 0.056940 -5.025240 -0.010466
v 0.056872 -5.026677 -0.016085
v 0.056855 -5.026728 -0.024705
v 0.056847 -5.026728 -0.029039
v 0.056896 -5.017636 0.109362
v 0.057007 -5.019170 0.108090
v 0.057274 -5.016202 0.027139
v 0.057277 -5.016183 0.022748
v 0.057274 -5.016991 0.014744
v 0.057300 -5.017874 -0.010466
v 0.057324 -5.016625 -0.011524
v 0.057288 -5.017824 -0.004416
v 0.057388 -5.016489 -0.029040
v 0.057329 -5.017925 -0.023421
v 0.057316 -5.017874 -0.017371
v 0.057357 -5.017976 -0.036374
v 0.057344 -5.017925 -0.030324
v 0.057255 -5.017773 0.015443
v 0.057244 -5.017722 0.021493
v 0.057266 -5.017773 0.008538
v 0.057265 -5.018293 0.002488
v 0.056918 -5.027875 0.113697
v 0.056921 -5.027875 0.109362
v 0.056971 -5.026546 0.108174
v 0.056624 -5.031841 0.175823
v 0.056821 -5.028334 0.153313
v 0.056522 -5.032032 0.209922
v 0.056832 -5.028334 0.148979
v 0.056888 -5.026896 0.147694
v 0.056891 -5.028028 0.126777
v 0.056938 -5.026591 0.128062
v 0.056899 -5.028028 0.122444
v 0.056947 -5.026591 0.121158
v 0.056963 -5.026438 0.114982
v 0.056743 -5.028639 0.175518
v 0.056868 -5.026896 0.154598
v 0.056625 -5.028944 0.201253
v 0.056368 -5.032747 0.262209
v 0.056729 -5.028639 0.179852
v 0.056752 -5.027202 0.181136
v 0.056782 -5.027202 0.174233
v 0.056005 -5.020688 0.252347
v 0.056050 -5.020580 0.246097
v 0.056110 -5.020545 0.239258
v 0.056157 -5.020437 0.233025
v 0.056218 -5.020402 0.226169
v 0.056265 -5.020294 0.219953
v 0.056432 -5.020117 0.199995
v 0.056324 -5.020259 0.213080
v 0.056372 -5.020164 0.206872
v 0.056450 -5.018399 0.175518
v 0.056419 -5.018399 0.179851
v 0.056619 -5.018094 0.148979
v 0.056586 -5.018094 0.153313
v 0.055838 -5.019314 0.253576
v 0.055946 -5.019162 0.240495
v 0.055904 -5.019162 0.244829
v 0.056049 -5.019010 0.227415
v 0.056008 -5.019010 0.231748
v 0.056113 -5.018857 0.218668
v 0.056155 -5.018857 0.214334
v 0.056269 -5.018704 0.201253
v 0.056227 -5.018704 0.205586
v 0.055888 -5.020536 0.262209
v 0.056554 -5.029174 0.227348
v 0.056579 -5.029096 0.218669
v 0.056579 -5.029115 0.214304
v 0.056615 -5.029063 0.205326
v 0.056652 -5.027507 0.206872
v 0.056669 -5.027507 0.199969
v 0.056625 -5.027758 0.213147
v 0.055793 -5.019315 0.257910
v 0.055946 -5.020719 0.259165
v 0.056316 -5.028117 0.259196
v 0.056407 -5.027964 0.246115
v 0.056366 -5.028117 0.252291
v 0.056455 -5.027842 0.239236
v 0.056493 -5.027596 0.233033
v 0.056352 -5.029554 0.257910
v 0.056583 -5.027659 0.219953
v 0.056544 -5.027812 0.226130
v 0.054558 -5.023206 -0.335065
v 0.054829 -5.021769 -0.333780
v 0.054461 -5.023206 -0.339399
v 0.054358 -5.022698 -0.347892
v 0.054675 -5.021769 -0.340684
v 0.054627 -5.021261 -0.346607
v 0.054260 -5.022698 -0.352226
v 0.054471 -5.021261 -0.353511
v 0.055016 -5.012459 -0.352227
v 0.056960 -5.026525 0.027112
v 0.057015 -5.025087 0.028397
v 0.057233 -5.017722 0.028397
v 0.056572 -5.018975 -0.218336
v 0.055927 -5.026340 -0.218336
v 0.056360 -5.029603 0.253938
v 0.056407 -5.029323 0.245015
v 0.056455 -5.029201 0.240336
v 0.056522 -5.029126 0.231658
v 0.056499 -5.030846 0.231731
v 0.056433 -5.031796 0.246970
v 0.057340 -5.016266 -0.003572
v 0.057304 -5.016304 0.010216
v 0.057324 -5.016343 0.002100
v 0.057374 -5.015386 -0.006629
v 0.057321 -5.015806 0.010963
v 0.057304 -5.016304 0.013790
v 0.057316 -5.016604 -0.015726
v 0.057329 -5.016494 -0.024755
v 0.057425 -5.014966 -0.024222
v 0.057357 -5.016542 -0.037609
v 0.057432 -5.016615 -0.054456
v 0.057386 -5.016712 -0.063717
v 0.057463 -5.015626 -0.059162
v 0.057454 -5.016167 -0.067836
v 0.056782 -5.026906 -0.072212
v 0.056808 -5.026868 -0.061413
v 0.056758 -5.026944 -0.080689
v 0.056758 -5.026944 -0.076850
v 0.056736 -5.026982 -0.090024
v 0.056086 -5.030730 -0.151674
v 0.056527 -5.027198 -0.145321
v 0.056622 -5.027122 -0.128299
v 0.056375 -5.028907 -0.133529
v 0.056666 -5.027186 -0.154248
v 0.056550 -5.027179 -0.141757
v 0.056722 -5.027116 -0.132560
v 0.056644 -5.027103 -0.119771
v -0.064165 -5.103895 -0.163635
v -0.078651 -5.094141 -0.258592
v -0.087534 -5.090564 -0.190825
v -0.090867 -5.087940 -0.191922
v -0.102426 -5.076499 -0.188097
v -0.105631 -5.073060 -0.183617
v -0.094696 -5.084301 -0.191969
v -0.109745 -5.067419 -0.169389
v -0.109957 -5.063787 -0.223124
v -0.113696 -5.056571 -0.209058
v -0.116217 -5.051256 -0.161488
v -0.115117 -5.055850 -0.128706
v -0.119476 -5.041374 -0.122613
v -0.120639 -5.033908 -0.093220
v -0.121456 -5.027324 -0.042354
v -0.120250 -5.034300 -0.166363
v -0.119992 -5.031290 -0.213386
v -0.118740 -5.029160 -0.310758
v -0.117881 -5.028212 -0.357044
v -0.119912 -5.001470 -0.243089
v -0.121359 -5.016474 -0.215105
v -0.069465 -4.944998 0.262209
v -0.043545 -4.939223 0.208976
v -0.068001 -4.942560 0.096285
v -0.058981 -4.940779 0.220068
v -0.105779 -4.973077 0.092308
v -0.115582 -4.990591 0.101036
v -0.120235 -5.006355 0.101285
v -0.120690 -5.014531 0.181142
v -0.119500 -5.011011 0.242364
v -0.118609 -4.997553 0.026318
v -0.121504 -5.010701 0.027816
v -0.122132 -5.014546 -0.041814
v -0.114765 -4.983623 -0.245941
v -0.118303 -4.994618 -0.151724
v -0.122132 -5.013453 -0.105510
v -0.119754 -5.009101 -0.343934
v -0.039223 -5.107955 -0.145442
v -0.118443 -4.998610 -0.357062
v -0.083592 -5.093245 -0.187756
v -0.098707 -5.080284 -0.190989
v -0.119270 -5.045493 -0.090182
v -0.121287 -5.007710 -0.174801
v -0.110101 -4.974451 -0.357062
v -0.120851 -5.015682 -0.263284
v -0.120354 -5.010048 -0.297824
v -0.121950 -5.016401 -0.163587
v -0.114562 -4.995653 0.262209
v -0.106735 -4.979436 0.262209
v -0.089257 -4.957558 0.177448
v -0.065362 -4.937988 -0.150996
v -0.106831 -4.969834 -0.153468
v -0.104795 -4.965975 -0.357062
v -0.062175 -4.934448 -0.357062
v -0.045829 -5.107700 -0.147491
v -0.051820 -5.107117 -0.151040
v -0.063164 -4.942212 0.262268
v -0.091689 -4.961313 0.262209
v -0.119139 -5.010983 0.262184
v -0.075489 -5.085884 -0.357062
v -0.096017 -5.072320 -0.357062
v -0.052662 -5.092875 -0.357062
v -0.108712 -5.056707 -0.357062
v -0.119593 -5.014216 -0.357062
v -0.119257 -5.020013 -0.357062
v -0.085420 -4.946508 -0.357062
v -0.118359 -4.998625 0.084330
v -0.118153 -4.997214 0.060476
v -0.118400 -4.997942 0.059195
v -0.117926 -4.997214 0.082480
v -0.118106 -4.997810 0.083650
v -0.121556 -5.028044 0.026658
v -0.121526 -5.029355 0.058334
v -0.118637 -4.998776 0.058500
v -0.121829 -5.017270 0.058334
v -0.121259 -5.012064 0.084621
v -0.121498 -5.030647 0.089553
v -0.121504 -5.030443 0.084621
v -0.121757 -5.023112 0.058334
v -0.116764 -5.046974 -0.200922
v -0.116495 -5.047939 -0.200117
v -0.116340 -5.048536 -0.198946
v -0.116737 -5.048536 -0.176942
v -0.116932 -5.047940 -0.175773
v -0.117162 -5.047210 -0.175164
v -0.120225 -5.002448 -0.201056
v -0.119732 -5.000444 -0.200922
v -0.119479 -4.999478 -0.200117
v -0.119325 -4.998882 -0.198946
v -0.119373 -4.998882 -0.176942
v -0.119531 -4.999478 -0.175773
v -0.119787 -5.000443 -0.174967
v -0.118685 -5.042331 -0.174801
v -0.121226 -5.022840 -0.201089
v -0.121823 -5.016418 -0.174801
v -0.119965 -5.025746 -0.270929
v -0.119887 -5.025746 -0.275264
v -0.120071 -5.024309 -0.276548
v -0.119807 -5.025238 -0.283756
v -0.120039 -5.023801 -0.282471
v -0.119728 -5.025238 -0.288090
v -0.120345 -5.015419 -0.308126
v -0.120276 -5.013983 -0.313745
v -0.120328 -5.013982 -0.309411
v -0.122023 -5.017976 -0.043279
v -0.122070 -5.016539 -0.041994
v -0.122079 -5.016590 -0.050614
v -0.122029 -5.018027 -0.049328
v -0.122093 -5.016641 -0.067903
v -0.122035 -5.018027 -0.056233
v -0.122042 -5.018078 -0.062283
v -0.122050 -5.018078 -0.069187
v -0.122053 -5.018129 -0.075237
v -0.122101 -5.016706 -0.076510
v -0.122062 -5.018129 -0.082142
v -0.122067 -5.018239 -0.088191
v -0.122100 -5.016851 -0.080999
v -0.122079 -5.018024 -0.094956
v -0.122075 -5.018360 -0.101146
v -0.122056 -5.018739 -0.095096
v -0.121571 -5.025201 -0.101078
v -0.122070 -5.018374 -0.108049
v -0.122053 -5.018155 -0.114213
v -0.122050 -5.018281 -0.114099
v -0.122020 -5.018281 -0.121004
v -0.121990 -5.018332 -0.127054
v -0.121990 -5.017036 -0.145708
v -0.121960 -5.018332 -0.133958
v -0.121932 -5.018383 -0.140008
v -0.122000 -5.017074 -0.141180
v -0.121843 -5.018434 -0.159867
v -0.121934 -5.016997 -0.158582
v -0.121954 -5.016997 -0.154248
v -0.121903 -5.018383 -0.146913
v -0.121873 -5.018434 -0.152963
v -0.121585 -5.025290 -0.023421
v -0.121579 -5.025312 -0.017305
v -0.121518 -5.026323 -0.029400
v -0.121492 -5.026778 -0.037659
v -0.121592 -5.025341 -0.036374
v -0.121592 -5.025290 -0.030324
v -0.121493 -5.026778 -0.041993
v -0.121460 -5.030137 0.136633
v -0.121206 -5.019863 0.181136
v -0.121254 -5.019827 0.174241
v -0.121376 -5.019569 0.154598
v -0.121425 -5.019533 0.147694
v -0.121545 -5.019277 0.128062
v -0.121595 -5.019240 0.121158
v -0.121632 -5.019178 0.114982
v -0.121454 -5.017789 0.122444
v -0.121417 -5.017789 0.126776
v -0.121515 -5.017636 0.113696
v -0.121479 -5.026837 -0.055005
v -0.121504 -5.026498 -0.063226
v -0.121515 -5.026292 -0.068428
v -0.121393 -5.026982 -0.093810
v -0.121559 -5.025391 -0.095095
v -0.121556 -5.025626 -0.082022
v -0.121564 -5.025510 -0.088191
v -0.121504 -5.025596 -0.108049
v -0.121325 -5.027083 -0.115385
v -0.121478 -5.025647 -0.114099
v -0.121426 -5.025697 -0.127054
v -0.121454 -5.025647 -0.121004
v -0.121375 -5.025748 -0.140008
v -0.121389 -5.025807 -0.133860
v -0.121321 -5.025799 -0.152963
v -0.121350 -5.025748 -0.146912
v -0.121367 -5.027033 -0.102431
v -0.121354 -5.027033 -0.106764
v -0.121137 -5.027236 -0.158581
v -0.121295 -5.025799 -0.159867
v -0.120376 -5.025324 -0.243990
v -0.120107 -5.026762 -0.249609
v -0.120287 -5.025324 -0.250894
v -0.120067 -5.026254 -0.258103
v -0.120284 -5.024816 -0.256817
v -0.120012 -5.026254 -0.262436
v -0.120196 -5.024816 -0.263721
v -0.120190 -5.024309 -0.269644
v -0.120376 -5.027777 -0.219621
v -0.120317 -5.027777 -0.223955
v -0.120493 -5.026340 -0.225239
v -0.120270 -5.027270 -0.232448
v -0.120482 -5.025832 -0.231163
v -0.120210 -5.027270 -0.236782
v -0.120387 -5.025832 -0.238067
v -0.120164 -5.026762 -0.245275
v -0.119667 -5.024730 -0.296583
v -0.119925 -5.023801 -0.289375
v -0.119917 -5.023293 -0.295299
v -0.119601 -5.024730 -0.300917
v -0.119553 -5.024222 -0.309410
v -0.119806 -5.022785 -0.308126
v -0.119490 -5.024222 -0.313745
v -0.119810 -5.023293 -0.302203
v -0.119700 -5.022785 -0.315029
v -0.119412 -5.023714 -0.322238
v -0.119685 -5.022277 -0.320953
v -0.119315 -5.023714 -0.326571
v -0.119531 -5.022277 -0.327856
v -0.120145 -5.013475 -0.322239
v -0.120078 -5.013475 -0.326572
v -0.120170 -5.014775 -0.321075
v -0.119943 -5.012967 -0.335065
v -0.119876 -5.012967 -0.339399
v -0.119984 -5.014417 -0.333780
v -0.119678 -5.014000 -0.353511
v -0.119742 -5.012459 -0.347892
v -0.119785 -5.014057 -0.346607
v -0.119876 -5.014360 -0.340646
v -0.120243 -5.015419 -0.315030
v -0.120059 -5.014912 -0.327857
v -0.120734 -5.016943 -0.269644
v -0.120781 -5.015527 -0.270830
v -0.120604 -5.016436 -0.282471
v -0.120729 -5.015423 -0.275239
v -0.120654 -5.016943 -0.276549
v -0.120396 -5.015928 -0.302203
v -0.120476 -5.015928 -0.295299
v -0.120526 -5.016436 -0.289376
v -0.120362 -5.014850 -0.308635
v -0.120440 -5.014984 -0.301359
v -0.120362 -5.014850 -0.308635
v -0.120579 -5.014998 -0.288090
v -0.120623 -5.014998 -0.283757
v -0.120432 -5.014491 -0.300918
v -0.120476 -5.014491 -0.296585
v -0.120784 -5.017451 -0.263721
v -0.120850 -5.016014 -0.262437
v -0.120853 -5.017627 -0.256818
v -0.120904 -5.017959 -0.250895
v -0.121270 -5.017538 -0.219621
v -0.121221 -5.017538 -0.223955
v -0.121096 -5.017030 -0.236782
v -0.121146 -5.017030 -0.232448
v -0.121107 -5.018467 -0.231163
v -0.121154 -5.018975 -0.225240
v -0.120971 -5.016522 -0.249610
v -0.121021 -5.016522 -0.245276
v -0.121029 -5.018467 -0.238067
v -0.120982 -5.017959 -0.243990
v -0.120896 -5.016014 -0.258103
v -0.121485 -5.026829 -0.050614
v -0.121593 -5.025341 -0.043278
v -0.121587 -5.025392 -0.049328
v -0.121578 -5.025444 -0.062283
v -0.121582 -5.025392 -0.056232
v -0.121575 -5.025444 -0.069187
v -0.121567 -5.025494 -0.075237
v -0.122100 -5.016742 -0.093810
v -0.122100 -5.016742 -0.089477
v -0.122095 -5.016793 -0.102431
v -0.122070 -5.018230 -0.108049
v -0.122092 -5.016793 -0.106764
v -0.122056 -5.016844 -0.119720
v -0.122070 -5.016844 -0.115385
v -0.122023 -5.016895 -0.132674
v -0.122034 -5.016895 -0.128339
v -0.121990 -5.016946 -0.145627
v -0.121604 -5.026525 0.022778
v -0.121659 -5.025087 0.021494
v -0.121587 -5.026575 0.014158
v -0.121645 -5.025137 0.015443
v -0.121579 -5.026575 0.009824
v -0.121632 -5.025137 0.008539
v -0.121564 -5.026626 0.001204
v -0.121618 -5.025198 0.002480
v -0.121556 -5.026626 -0.003131
v -0.121607 -5.025189 -0.004415
v -0.121537 -5.026677 -0.011750
v -0.121595 -5.025240 -0.010466
v -0.121528 -5.026677 -0.016085
v -0.121512 -5.026728 -0.024705
v -0.121504 -5.026728 -0.029039
v -0.121551 -5.017636 0.109362
v -0.121662 -5.019170 0.108090
v -0.121931 -5.016202 0.027139
v -0.121932 -5.016183 0.022748
v -0.121931 -5.016991 0.014744
v -0.121956 -5.017874 -0.010466
v -0.121979 -5.016625 -0.011524
v -0.121945 -5.017824 -0.004416
v -0.122043 -5.016489 -0.029040
v -0.121984 -5.017925 -0.023421
v -0.121971 -5.017874 -0.017371
v -0.122012 -5.017976 -0.036374
v -0.122000 -5.017925 -0.030324
v -0.121910 -5.017773 0.015443
v -0.121901 -5.017722 0.021493
v -0.121923 -5.017773 0.008538
v -0.121920 -5.018293 0.002488
v -0.121573 -5.027875 0.113697
v -0.121578 -5.027875 0.109362
v -0.121626 -5.026546 0.108174
v -0.121279 -5.031841 0.175823
v -0.121476 -5.028334 0.153313
v -0.121178 -5.032032 0.209922
v -0.121489 -5.028334 0.148979
v -0.121543 -5.026896 0.147694
v -0.121548 -5.028028 0.126777
v -0.121593 -5.026591 0.128062
v -0.121556 -5.028028 0.122444
v -0.121603 -5.026591 0.121158
v -0.121618 -5.026438 0.114982
v -0.121398 -5.028639 0.175518
v -0.121523 -5.026896 0.154598
v -0.121281 -5.028944 0.201253
v -0.121023 -5.032747 0.262209
v -0.121384 -5.028639 0.179852
v -0.121409 -5.027202 0.181136
v -0.121439 -5.027202 0.174233
v -0.120660 -5.020688 0.252347
v -0.120706 -5.020580 0.246097
v -0.120765 -5.020545 0.239258
v -0.120814 -5.020437 0.233025
v -0.120873 -5.020402 0.226169
v -0.120920 -5.020294 0.219953
v -0.121087 -5.020117 0.199995
v -0.120979 -5.020259 0.213080
v -0.121028 -5.020164 0.206872
v -0.121107 -5.018399 0.175518
v -0.121075 -5.018399 0.179851
v -0.121276 -5.018094 0.148979
v -0.121242 -5.018094 0.153313
v -0.120493 -5.019314 0.253576
v -0.120601 -5.019162 0.240495
v -0.120559 -5.019162 0.244829
v -0.120704 -5.019010 0.227415
v -0.120664 -5.019010 0.231748
v -0.120770 -5.018857 0.218668
v -0.120810 -5.018857 0.214334
v -0.120925 -5.018704 0.201253
v -0.120882 -5.018704 0.205586
v -0.120543 -5.020536 0.262209
v -0.121210 -5.029174 0.227348
v -0.121234 -5.029096 0.218669
v -0.121234 -5.029115 0.214304
v -0.121270 -5.029063 0.205326
v -0.121307 -5.027507 0.206872
v -0.121325 -5.027507 0.199969
v -0.121281 -5.027758 0.213147
v -0.120448 -5.019315 0.257910
v -0.120601 -5.020719 0.259165
v -0.120971 -5.028117 0.259196
v -0.121064 -5.027964 0.246115
v -0.121021 -5.028117 0.252291
v -0.121110 -5.027842 0.239236
v -0.121148 -5.027596 0.233033
v -0.121007 -5.029554 0.257910
v -0.121240 -5.027659 0.219953
v -0.121200 -5.027812 0.226130
v -0.119214 -5.023206 -0.335065
v -0.119484 -5.021769 -0.333780
v -0.119117 -5.023206 -0.339399
v -0.119014 -5.022698 -0.347892
v -0.119331 -5.021769 -0.340684
v -0.119284 -5.021261 -0.346607
v -0.118917 -5.022698 -0.352226
v -0.119126 -5.021261 -0.353511
v -0.119671 -5.012459 -0.352227
v -0.121615 -5.026525 0.027112
v -0.121670 -5.025087 0.028397
v -0.121889 -5.017722 0.028397
v -0.121228 -5.018975 -0.218336
v -0.120582 -5.026340 -0.218336
v -0.121015 -5.029603 0.253938
v -0.121064 -5.029323 0.245015
v -0.121110 -5.029201 0.240336
v -0.121178 -5.029126 0.231658
v -0.121154 -5.030846 0.231731
v -0.121089 -5.031796 0.246970
v -0.121996 -5.016266 -0.003572
v -0.121960 -5.016304 0.010216
v -0.121979 -5.016343 0.002100
v -0.122029 -5.015386 -0.006629
v -0.121976 -5.015806 0.010963
v -0.121960 -5.016304 0.013790
v -0.121971 -5.016604 -0.015726
v -0.121984 -5.016494 -0.024755
v -0.122081 -5.014966 -0.024222
v -0.122012 -5.016542 -0.037609
v -0.122087 -5.016615 -0.054456
v -0.122042 -5.016712 -0.063717
v -0.122118 -5.015626 -0.059162
v -0.122109 -5.016167 -0.067836
v -0.121439 -5.026906 -0.072212
v -0.121464 -5.026868 -0.061413
v -0.121415 -5.026944 -0.080689
v -0.121415 -5.026944 -0.076850
v -0.121393 -5.026982 -0.090024
v -0.120742 -5.030730 -0.151674
v -0.121182 -5.027198 -0.145321
v -0.121278 -5.027122 -0.128299
v -0.121031 -5.028907 -0.133529
v -0.121321 -5.027186 -0.154248
v -0.121206 -5.027179 -0.141757
v -0.121379 -5.027116 -0.132560
v -0.121300 -5.027103 -0.119771
v -0.086935 -5.082152 -0.326946
v -0.116690 -5.037979 -0.323587
v -0.096453 -5.074852 -0.326946
v -0.108456 -5.060253 -0.326946
v -0.107062 -5.067686 -0.257076
v -0.113482 -5.054613 -0.257076
v -0.112332 -5.051948 -0.326946
v -0.115817 -5.041054 -0.326946
v -0.093671 -5.082511 -0.257076
v -0.089756 -5.085600 -0.260451
v -0.082093 -5.085600 -0.323572
v -0.117467 -5.041054 -0.257076
v -0.118084 -5.037965 -0.260451
v 0.055316 -5.041202 0.313300
v 0.047535 -5.069385 0.398461
v 0.015761 -5.105356 0.399764
v -0.012557 -5.116004 0.355757
v -0.022229 -5.117210 0.346001
v -0.032328 -5.117710 0.341175
v 0.044300 -4.988220 0.391810
v 0.013985 -4.946671 0.317943
v 0.048307 -4.995998 0.360037
v -0.001493 -4.942212 0.262981
v 0.055102 -5.016768 0.286795
v 0.054922 -5.017299 0.312816
v 0.042213 -5.079496 0.415223
v 0.053349 -5.011838 0.358808
v 0.029821 -4.959368 0.420323
v 0.055708 -5.032836 0.336058
v 0.056269 -5.031723 0.292502
v 0.056324 -5.033385 0.272844
v 0.053172 -5.051522 0.385809
v 0.053332 -5.052516 0.358074
v 0.017122 -4.942078 0.420323
v 0.026111 -5.097321 0.412684
v 0.003710 -5.111530 0.380076
v -0.000718 -4.930476 0.420323
v -0.032328 -4.924998 0.420323
v 0.054749 -5.017504 0.335404
v -0.032328 -4.935612 0.292321
v -0.032328 -4.936097 0.264066
v 0.053554 -5.019366 0.420323
v 0.054655 -5.034825 0.398020
v 0.054349 -5.030843 0.420323
v 0.048543 -5.066207 0.420323
v 0.008530 -5.109648 0.420323
v 0.039890 -5.082766 0.417950
v 0.040925 -5.081002 0.420496
v 0.026608 -5.096748 0.420323
v 0.037390 -5.086032 0.418922
v 0.034436 -5.089499 0.418622
v 0.037472 -5.085848 0.420323
v 0.034290 -5.089548 0.420323
v 0.043665 -5.076704 0.420323
v 0.052525 -5.013224 0.420323
v -0.018154 -5.117794 0.420323
v 0.042052 -4.979416 0.262971
v 0.054483 -5.010983 0.262971
v 0.004900 -4.945029 0.262971
v 0.056366 -5.032792 0.262971
v 0.027038 -4.961315 0.262971
v 0.054043 -5.018453 0.385095
v 0.053357 -5.050328 0.382409
v 0.053575 -5.050328 0.360950
v 0.053685 -5.049564 0.359639
v 0.053800 -5.048767 0.358974
v 0.049952 -5.002236 0.384929
v 0.049460 -5.000676 0.382954
v 0.049638 -5.001271 0.384124
v 0.049893 -5.000676 0.360950
v 0.050121 -5.001271 0.359779
v 0.050468 -5.002236 0.358974
v 0.054819 -5.034941 0.385095
v 0.053405 -5.049733 0.384124
v 0.053507 -5.048767 0.384929
v 0.055911 -5.030310 0.323586
v 0.055847 -5.028879 0.324943
v 0.055975 -5.030316 0.319325
v 0.055957 -5.028879 0.318039
v 0.054915 -5.020382 0.345486
v 0.055043 -5.020229 0.336739
v 0.055185 -5.021667 0.338024
v 0.054146 -5.021819 0.399115
v 0.055486 -5.021553 0.318039
v 0.055263 -5.020077 0.319324
v 0.055235 -5.020156 0.323729
v 0.055527 -5.019619 0.284416
v 0.055571 -5.019619 0.280082
v 0.055766 -5.021446 0.285702
v 0.055875 -5.020499 0.262971
v 0.055877 -5.020788 0.265820
v 0.055641 -5.019467 0.271336
v 0.055810 -5.021244 0.278797
v 0.055840 -5.020985 0.272620
v 0.056225 -5.029859 0.284417
v 0.056079 -5.030164 0.310578
v 0.056035 -5.028727 0.311863
v 0.056116 -5.030164 0.306244
v 0.056088 -5.028727 0.304958
v 0.056183 -5.030011 0.297497
v 0.056127 -5.028574 0.298783
v 0.056213 -5.030011 0.293164
v 0.056177 -5.028574 0.291878
v 0.055747 -5.030469 0.332405
v 0.055750 -5.029032 0.331120
v 0.055294 -5.021667 0.331120
v 0.055374 -5.021514 0.324943
v 0.055574 -5.021362 0.304958
v 0.055355 -5.019924 0.306243
v 0.055319 -5.019924 0.310577
v 0.055513 -5.021362 0.311862
v 0.055608 -5.021209 0.298782
v 0.055669 -5.021209 0.291878
v 0.055458 -5.019772 0.293163
v 0.055415 -5.019772 0.297497
v 0.054340 -5.029232 0.410867
v 0.054480 -5.030622 0.404734
v 0.054441 -5.029184 0.406019
v 0.054574 -5.030622 0.400400
v 0.054590 -5.029184 0.399115
v 0.053941 -5.021819 0.410825
v 0.053785 -5.020382 0.412110
v 0.053713 -5.020382 0.416443
v 0.053827 -5.021819 0.417729
v 0.053974 -5.020382 0.400400
v 0.053905 -5.020382 0.404733
v 0.054021 -5.021819 0.406018
v 0.054361 -5.030622 0.416443
v 0.054293 -5.029184 0.417729
v 0.054390 -5.030622 0.412110
v 0.056190 -5.028422 0.285702
v 0.056236 -5.029859 0.280083
v 0.056280 -5.029706 0.271336
v 0.056252 -5.028269 0.272621
v 0.056222 -5.028422 0.278797
v 0.056300 -5.029706 0.267002
v 0.056285 -5.028269 0.265716
v 0.055693 -5.019467 0.267001
v 0.055244 -5.028538 0.358808
v 0.055421 -5.030544 0.349833
v 0.055094 -5.021819 0.344201
v 0.054836 -5.020382 0.349820
v 0.054965 -5.021819 0.351104
v 0.055391 -5.029184 0.351105
v 0.055510 -5.030622 0.345486
v 0.055515 -5.029184 0.344201
v 0.055625 -5.029032 0.338025
v 0.055630 -5.030545 0.336858
v 0.055143 -5.020233 0.332500
v -0.119971 -5.041202 0.313300
v -0.112192 -5.069385 0.398461
v -0.080417 -5.105356 0.399764
v -0.052098 -5.116004 0.355757
v -0.042426 -5.117210 0.346001
v -0.064223 -4.937665 0.319531
v -0.108956 -4.988220 0.391810
v -0.112964 -4.995998 0.360037
v -0.063164 -4.942212 0.262981
v -0.119757 -5.016768 0.286795
v -0.119579 -5.017299 0.312816
v -0.106868 -5.079496 0.415223
v -0.118006 -5.011838 0.358808
v -0.094476 -4.959368 0.420323
v -0.120365 -5.032836 0.336058
v -0.120925 -5.031723 0.292502
v -0.120979 -5.033385 0.272844
v -0.117829 -5.051522 0.385809
v -0.117987 -5.052516 0.358074
v -0.081779 -4.942078 0.420323
v -0.090768 -5.097321 0.412684
v -0.068367 -5.111530 0.380076
v -0.063937 -4.930476 0.420323
v -0.119404 -5.017504 0.335404
v -0.065893 -5.112875 0.420323
v -0.118209 -5.019366 0.420323
v -0.119310 -5.034825 0.398020
v -0.119006 -5.030843 0.420323
v -0.113200 -5.066207 0.420323
v -0.073185 -5.109648 0.420323
v -0.104545 -5.082766 0.417950
v -0.105581 -5.081002 0.420496
v -0.091264 -5.096748 0.420323
v -0.102045 -5.086032 0.418922
v -0.099092 -5.089499 0.418622
v -0.102128 -5.085848 0.420323
v -0.098945 -5.089548 0.420323
v -0.108320 -5.076704 0.420323
v -0.117182 -5.013224 0.420323
v -0.046503 -5.117794 0.420323
v -0.106709 -4.979416 0.262971
v -0.119139 -5.010983 0.262971
v -0.069557 -4.945029 0.262971
v -0.121021 -5.032792 0.262971
v -0.091695 -4.961315 0.262971
v -0.118698 -5.018453 0.385095
v -0.118014 -5.050328 0.382409
v -0.118231 -5.050328 0.360950
v -0.118340 -5.049564 0.359639
v -0.118456 -5.048767 0.358974
v -0.114607 -5.002236 0.384929
v -0.114115 -5.000676 0.382954
v -0.114295 -5.001271 0.384124
v -0.114548 -5.000676 0.360950
v -0.114776 -5.001271 0.359779
v -0.115125 -5.002236 0.358974
v -0.119476 -5.034941 0.385095
v -0.118060 -5.049733 0.384124
v -0.118162 -5.048767 0.384929
v -0.120567 -5.030310 0.323586
v -0.120504 -5.028879 0.324943
v -0.120631 -5.030316 0.319325
v -0.120612 -5.028879 0.318039
v -0.119571 -5.020382 0.345486
v -0.119698 -5.020229 0.336739
v -0.119840 -5.021667 0.338024
v -0.118801 -5.021819 0.399115
v -0.120142 -5.021553 0.318039
v -0.119918 -5.020077 0.319324
v -0.119890 -5.020156 0.323729
v -0.120182 -5.019619 0.284416
v -0.120226 -5.019619 0.280082
v -0.120423 -5.021446 0.285702
v -0.120531 -5.020499 0.262971
v -0.120534 -5.020788 0.265820
v -0.120298 -5.019467 0.271336
v -0.120465 -5.021244 0.278797
v -0.120496 -5.020985 0.272620
v -0.120881 -5.029859 0.284417
v -0.120737 -5.030164 0.310578
v -0.120690 -5.028727 0.311863
v -0.120771 -5.030164 0.306244
v -0.120743 -5.028727 0.304958
v -0.120839 -5.030011 0.297497
v -0.120784 -5.028574 0.298783
v -0.120868 -5.030011 0.293164
v -0.120832 -5.028574 0.291878
v -0.120403 -5.030469 0.332405
v -0.120406 -5.029032 0.331120
v -0.119950 -5.021667 0.331120
v -0.120029 -5.021514 0.324943
v -0.120229 -5.021362 0.304958
v -0.120012 -5.019924 0.306243
v -0.119976 -5.019924 0.310577
v -0.120168 -5.021362 0.311862
v -0.120264 -5.021209 0.298782
v -0.120325 -5.021209 0.291878
v -0.120115 -5.019772 0.293163
v -0.120071 -5.019772 0.297497
v -0.118995 -5.029232 0.410867
v -0.119137 -5.030622 0.404734
v -0.119096 -5.029184 0.406019
v -0.119229 -5.030622 0.400400
v -0.119245 -5.029184 0.399115
v -0.118596 -5.021819 0.410825
v -0.118440 -5.020382 0.412110
v -0.118368 -5.020382 0.416443
v -0.118484 -5.021819 0.417729
v -0.118631 -5.020382 0.400400
v -0.118560 -5.020382 0.404733
v -0.118676 -5.021819 0.406018
v -0.119017 -5.030622 0.416443
v -0.118948 -5.029184 0.417729
v -0.119045 -5.030622 0.412110
v -0.120845 -5.028422 0.285702
v -0.120893 -5.029859 0.280083
v -0.120935 -5.029706 0.271336
v -0.120909 -5.028269 0.272621
v -0.120879 -5.028422 0.278797
v -0.120956 -5.029706 0.267002
v -0.120940 -5.028269 0.265716
v -0.120350 -5.019467 0.267001
v -0.119901 -5.028538 0.358808
v -0.120078 -5.030544 0.349833
v -0.119750 -5.021819 0.344201
v -0.119492 -5.020382 0.349820
v -0.119620 -5.021819 0.351104
v -0.120046 -5.029184 0.351105
v -0.120167 -5.030622 0.345486
v -0.120170 -5.029184 0.344201
v -0.120281 -5.029032 0.338025
v -0.120285 -5.030545 0.336858
v -0.119800 -5.020233 0.332500
v 0.052596 -5.036681 0.501255
v 0.052761 -5.044769 0.464620
v 0.053736 -5.021819 0.423223
v 0.046974 -5.068406 0.464570
v -0.011523 -5.117091 0.497061
v 0.020068 -4.942765 0.542313
v 0.020025 -4.942361 0.506475
v 0.049924 -5.015207 0.533475
v 0.051129 -5.014380 0.496792
v 0.019258 -4.942358 0.466637
v 0.040588 -4.981252 0.466216
v 0.052710 -5.019684 0.465601
v 0.052594 -5.019946 0.473033
v 0.050877 -5.031569 0.541286
v 0.047821 -5.015441 0.572549
v -0.000695 -4.930447 0.421084
v 0.028346 -5.094261 0.537727
v 0.032282 -4.963145 0.542178
v 0.035310 -4.973272 0.572549
v 0.000700 -4.928764 0.551107
v 0.011416 -4.934957 0.543512
v 0.032482 -4.961961 0.506499
v 0.018585 -4.942586 0.572549
v 0.031549 -4.960884 0.466403
v 0.030469 -4.960103 0.426504
v 0.051921 -5.013732 0.455444
v 0.045425 -5.058512 0.572549
v 0.048866 -5.032392 0.572549
v 0.022502 -5.098338 0.572549
v -0.020067 -5.115345 0.572549
v 0.002071 -5.110088 0.572549
v 0.037265 -5.080162 0.572549
v 0.001302 -4.929540 0.572549
v 0.049872 -5.031980 0.556917
v -0.032328 -4.923850 0.572549
v 0.017244 -4.942133 0.421084
v 0.024682 -4.950938 0.426711
v 0.023977 -4.950356 0.421084
v 0.029900 -4.959459 0.421084
v 0.040904 -5.081010 0.421084
v -0.010156 -5.116153 0.421084
v -0.032328 -4.924974 0.421084
v 0.052515 -5.013235 0.421084
v 0.050180 -5.061439 0.421084
v 0.054340 -5.030802 0.421084
v 0.053833 -5.041389 0.421084
v 0.014469 -5.106408 0.421084
v 0.053440 -5.029184 0.465579
v 0.053663 -5.029184 0.454201
v 0.053575 -5.029184 0.458675
v 0.054040 -5.029184 0.434715
v 0.053796 -5.029184 0.447298
v 0.051446 -5.031096 0.528698
v 0.052216 -5.030622 0.511776
v 0.052019 -5.030622 0.516111
v 0.054091 -5.025196 0.421084
v 0.053582 -5.020382 0.424508
v 0.048711 -5.021860 0.569212
v 0.048766 -5.026976 0.572549
v 0.049518 -5.021721 0.556170
v 0.049136 -5.021763 0.562359
v 0.050316 -5.021075 0.542639
v 0.049950 -5.021819 0.549354
v 0.050327 -5.021819 0.543304
v 0.050247 -5.020382 0.542019
v 0.050685 -5.021840 0.536399
v 0.050938 -5.021819 0.530349
v 0.050938 -5.021819 0.530349
v 0.050849 -5.020662 0.529119
v 0.051780 -5.021819 0.510491
v 0.051566 -5.020426 0.511737
v 0.051232 -5.021819 0.523445
v 0.051486 -5.021819 0.517394
v 0.051486 -5.021819 0.517394
v 0.051393 -5.020468 0.515850
v 0.051041 -5.020558 0.524346
v 0.053624 -5.021819 0.430126
v 0.053533 -5.021819 0.434715
v 0.053363 -5.020382 0.436001
v 0.053379 -5.021609 0.441430
v 0.053286 -5.021819 0.447297
v 0.053113 -5.020382 0.448583
v 0.052541 -5.030622 0.503156
v 0.052700 -5.030574 0.498785
v 0.052871 -5.030622 0.490202
v 0.053011 -5.030467 0.485611
v 0.053205 -5.030622 0.477247
v 0.053311 -5.030622 0.472914
v 0.052474 -5.029184 0.504441
v 0.052802 -5.029184 0.491487
v 0.052650 -5.029184 0.497537
v 0.053127 -5.029184 0.478533
v 0.053300 -5.029184 0.471629
v 0.052974 -5.029184 0.484583
v 0.053524 -5.030515 0.464389
v 0.054125 -5.029184 0.430128
v 0.053610 -5.030523 0.459872
v 0.053744 -5.030536 0.452993
v 0.053986 -5.030513 0.440432
v 0.053832 -5.030515 0.448487
v 0.053905 -5.029184 0.441619
v 0.054211 -5.030554 0.428902
v 0.054080 -5.030365 0.435743
v 0.051038 -5.029184 0.536400
v 0.052258 -5.029184 0.510492
v 0.051935 -5.029184 0.517395
v 0.051640 -5.028836 0.523446
v 0.051424 -5.030622 0.529065
v 0.051324 -5.029184 0.530350
v 0.051640 -5.029894 0.524080
v 0.051629 -5.030622 0.524731
v 0.053058 -5.021819 0.458674
v 0.051971 -5.021819 0.504440
v 0.052472 -5.021819 0.484583
v 0.052304 -5.021819 0.491486
v 0.052154 -5.021819 0.497536
v 0.052618 -5.021819 0.478532
v 0.052790 -5.021819 0.471629
v 0.052605 -5.020559 0.472452
v 0.049133 -5.030622 0.567928
v 0.049024 -5.029184 0.569213
v 0.048913 -5.020382 0.563594
v 0.048636 -5.020382 0.567928
v 0.049736 -5.020382 0.550639
v 0.049460 -5.020382 0.554972
v 0.049415 -5.030622 0.563594
v 0.049471 -5.029184 0.562309
v 0.049858 -5.029184 0.556258
v 0.050302 -5.029184 0.549354
v 0.050819 -5.030605 0.541776
v 0.050252 -5.030622 0.550639
v 0.050688 -5.029184 0.543304
v 0.054243 -5.029184 0.423224
v 0.054293 -5.030619 0.424505
v 0.049994 -5.030581 0.554923
v 0.050990 -5.030580 0.537815
v 0.050441 -5.020380 0.537586
v 0.051736 -5.030859 0.522404
v 0.052244 -5.020021 0.486078
v 0.052127 -5.020106 0.490315
v 0.051958 -5.020275 0.499068
v 0.052477 -5.019853 0.477016
v 0.051852 -5.020350 0.503158
v 0.052804 -5.020382 0.464293
v 0.052960 -5.020382 0.459806
v 0.053129 -5.021583 0.453990
v 0.053011 -5.020207 0.452836
v 0.053279 -5.020466 0.440664
v 0.053471 -5.020382 0.428969
v 0.052919 -5.021819 0.465577
v 0.031649 -4.960596 0.508346
v 0.030786 -4.959159 0.509630
v 0.031658 -4.960596 0.504012
v 0.030813 -4.959159 0.502727
v 0.026594 -4.951846 0.502726
v 0.026497 -4.952466 0.470223
v 0.031396 -4.960596 0.468938
v 0.030536 -4.959159 0.470223
v 0.030585 -4.960596 0.547778
v 0.029718 -4.959159 0.549063
v 0.030797 -4.960596 0.543444
v 0.030071 -4.959177 0.542176
v 0.025844 -4.951756 0.542193
v 0.024896 -4.950356 0.543444
v 0.024729 -4.950356 0.547778
v 0.025602 -4.951794 0.549063
v 0.025563 -4.950356 0.508345
v 0.026616 -4.951909 0.509630
v 0.025557 -4.950356 0.504012
v 0.024999 -4.950356 0.464604
v 0.025088 -4.950356 0.468937
v 0.031343 -4.960596 0.464604
v 0.030444 -4.959159 0.463319
v 0.025994 -4.951794 0.463318
v -0.117251 -5.036681 0.501255
v -0.117418 -5.044769 0.464620
v -0.118392 -5.021819 0.423223
v -0.059475 -5.115390 0.498329
v -0.111629 -5.068406 0.464570
v -0.067315 -5.110211 0.568402
v -0.084723 -4.942765 0.542313
v -0.084682 -4.942361 0.506475
v -0.114581 -5.015207 0.533475
v -0.115785 -5.014380 0.496792
v -0.083914 -4.942358 0.466637
v -0.105243 -4.981252 0.466216
v -0.117367 -5.019684 0.465601
v -0.117250 -5.019946 0.473033
v -0.115532 -5.031569 0.541286
v -0.112476 -5.015441 0.572549
v -0.063960 -4.930447 0.421084
v -0.096937 -4.963145 0.542178
v -0.099965 -4.973272 0.572549
v -0.065356 -4.928764 0.551107
v -0.076071 -4.934957 0.543512
v -0.097137 -4.961961 0.506499
v -0.083242 -4.942586 0.572549
v -0.096204 -4.960884 0.466403
v -0.095126 -4.960103 0.426504
v -0.116576 -5.013732 0.455444
v -0.113118 -5.039665 0.572549
v -0.110082 -5.058512 0.572549
v -0.044589 -5.115345 0.572549
v -0.066728 -5.110088 0.572549
v -0.101920 -5.080162 0.572549
v -0.065957 -4.929540 0.572549
v -0.081900 -4.942133 0.421084
v -0.089337 -4.950938 0.426711
v -0.088632 -4.950356 0.421084
v -0.094556 -4.959459 0.421084
v -0.105559 -5.081010 0.421084
v -0.038204 -5.118225 0.421084
v -0.117170 -5.013235 0.421084
v -0.114835 -5.061439 0.421084
v -0.065757 -5.112946 0.421084
v -0.118995 -5.030802 0.421084
v -0.118490 -5.041389 0.421084
v -0.079126 -5.106408 0.421084
v -0.118095 -5.029184 0.465579
v -0.118318 -5.029184 0.454201
v -0.118231 -5.029184 0.458675
v -0.118696 -5.029184 0.434715
v -0.118451 -5.029184 0.447298
v -0.116103 -5.031096 0.528698
v -0.116871 -5.030622 0.511776
v -0.116676 -5.030622 0.516111
v -0.118748 -5.025196 0.421084
v -0.118237 -5.020382 0.424508
v -0.113368 -5.021860 0.569212
v -0.113421 -5.026976 0.572549
v -0.114173 -5.021721 0.556170
v -0.113792 -5.021763 0.562359
v -0.114971 -5.021075 0.542639
v -0.114606 -5.021819 0.549354
v -0.114982 -5.021819 0.543304
v -0.114904 -5.020382 0.542019
v -0.115340 -5.021840 0.536399
v -0.115595 -5.021819 0.530349
v -0.115595 -5.021819 0.530349
v -0.115504 -5.020662 0.529119
v -0.116435 -5.021819 0.510491
v -0.116221 -5.020426 0.511737
v -0.115889 -5.021819 0.523445
v -0.116142 -5.021819 0.517394
v -0.116142 -5.021819 0.517394
v -0.116048 -5.020468 0.515850
v -0.115698 -5.020558 0.524346
v -0.118279 -5.021819 0.430126
v -0.118190 -5.021819 0.434715
v -0.118020 -5.020382 0.436001
v -0.118035 -5.021609 0.441430
v -0.117942 -5.021819 0.447297
v -0.117770 -5.020382 0.448583
v -0.117198 -5.030622 0.503156
v -0.117356 -5.030574 0.498785
v -0.117528 -5.030622 0.490202
v -0.117668 -5.030467 0.485611
v -0.117860 -5.030622 0.477247
v -0.117968 -5.030622 0.472914
v -0.117131 -5.029184 0.504441
v -0.117457 -5.029184 0.491487
v -0.117307 -5.029184 0.497537
v -0.117782 -5.029184 0.478533
v -0.117956 -5.029184 0.471629
v -0.117631 -5.029184 0.484583
v -0.118179 -5.030515 0.464389
v -0.118781 -5.029184 0.430128
v -0.118265 -5.030523 0.459872
v -0.118400 -5.030536 0.452993
v -0.118642 -5.030513 0.440432
v -0.118487 -5.030515 0.448487
v -0.118560 -5.029184 0.441619
v -0.118867 -5.030554 0.428902
v -0.118735 -5.030365 0.435743
v -0.115693 -5.029184 0.536400
v -0.116914 -5.029184 0.510492
v -0.116590 -5.029184 0.517395
v -0.116295 -5.028836 0.523446
v -0.116081 -5.030622 0.529065
v -0.115979 -5.029184 0.530350
v -0.116295 -5.029894 0.524080
v -0.116285 -5.030622 0.524731
v -0.117714 -5.021819 0.458674
v -0.116626 -5.021819 0.504440
v -0.117128 -5.021819 0.484583
v -0.116959 -5.021819 0.491486
v -0.116809 -5.021819 0.497536
v -0.117273 -5.021819 0.478532
v -0.117446 -5.021819 0.471629
v -0.117260 -5.020559 0.472452
v -0.113789 -5.030622 0.567928
v -0.113679 -5.029184 0.569213
v -0.113568 -5.020382 0.563594
v -0.113292 -5.020382 0.567928
v -0.114392 -5.020382 0.550639
v -0.114115 -5.020382 0.554972
v -0.114070 -5.030622 0.563594
v -0.114126 -5.029184 0.562309
v -0.114515 -5.029184 0.556258
v -0.114957 -5.029184 0.549354
v -0.115475 -5.030605 0.541776
v -0.114907 -5.030622 0.550639
v -0.115345 -5.029184 0.543304
v -0.118898 -5.029184 0.423224
v -0.118948 -5.030619 0.424505
v -0.114650 -5.030581 0.554923
v -0.115646 -5.030580 0.537815
v -0.115096 -5.020380 0.537586
v -0.116392 -5.030859 0.522404
v -0.116900 -5.020021 0.486078
v -0.116782 -5.020106 0.490315
v -0.116614 -5.020275 0.499068
v -0.117132 -5.019853 0.477016
v -0.116507 -5.020350 0.503158
v -0.117459 -5.020382 0.464293
v -0.117617 -5.020382 0.459806
v -0.117785 -5.021583 0.453990
v -0.117668 -5.020207 0.452836
v -0.117934 -5.020466 0.440664
v -0.118126 -5.020382 0.428969
v -0.117575 -5.021819 0.465577
v -0.096304 -4.960596 0.508346
v -0.095443 -4.959159 0.509630
v -0.096314 -4.960596 0.504012
v -0.095468 -4.959159 0.502727
v -0.091250 -4.951846 0.502726
v -0.091153 -4.952466 0.470223
v -0.096053 -4.960596 0.468938
v -0.095193 -4.959159 0.470223
v -0.095240 -4.960596 0.547778
v -0.094373 -4.959159 0.549063
v -0.095453 -4.960596 0.543444
v -0.094726 -4.959177 0.542176
v -0.090500 -4.951756 0.542193
v -0.089551 -4.950356 0.543444
v -0.089384 -4.950356 0.547778
v -0.090257 -4.951794 0.549063
v -0.090218 -4.950356 0.508345
v -0.091271 -4.951909 0.509630
v -0.090212 -4.950356 0.504012
v -0.089654 -4.950356 0.464604
v -0.089743 -4.950356 0.468937
v -0.095998 -4.960596 0.464604
v -0.095100 -4.959159 0.463319
v -0.090651 -4.951794 0.463318
v -0.087159 -5.098338 0.572549
v -0.079734 -5.105414 0.475868
v -0.097078 -5.090927 0.472297
v -0.111160 -5.069100 0.472297
v -0.113520 -5.062145 0.472297
v -0.078281 -5.105060 0.539228
v -0.106918 -5.073897 0.542166
v -0.083306 -5.102828 0.472797
v -0.092739 -5.094258 0.542166
v -0.085193 -5.100473 0.542166
v -0.077676 -5.105459 0.538793
v -0.114650 -5.057824 0.475672
v -0.112310 -5.057824 0.538793
v -0.111246 -5.060913 0.542166
v 0.022419 -5.098381 0.573423
v 0.036657 -5.002357 0.658362
v 0.040747 -5.018139 0.650733
v 0.044182 -4.998767 0.577504
v 0.047783 -5.015458 0.573355
v 0.047100 -5.048690 0.576976
v 0.041860 -5.056892 0.616088
v 0.000321 -5.108060 0.611495
v 0.034599 -4.992968 0.654404
v 0.029272 -5.078327 0.658314
v 0.016549 -5.093863 0.658314
v -0.003140 -5.104723 0.658314
v -0.013059 -5.106814 0.658314
v 0.039897 -5.027118 0.658314
v -0.003406 -4.932593 0.658314
v 0.038474 -5.045385 0.658314
v 0.030285 -4.983454 0.658314
v 0.039418 -5.017860 0.658314
v 0.004352 -4.938394 0.658314
v 0.015527 -4.952603 0.658314
v -0.032328 -4.926137 0.658314
v -0.016770 -4.928424 0.658314
v 0.048821 -5.032335 0.573310
v 0.047299 -5.048903 0.573310
v 0.045390 -5.058480 0.573310
v 0.001746 -5.110115 0.573310
v 0.018663 -4.942684 0.573310
v 0.041530 -4.989983 0.573310
v 0.044249 -4.998394 0.573310
v 0.048466 -5.021953 0.573310
v -0.020073 -5.115286 0.573310
v 0.037155 -5.080221 0.573310
v -0.032328 -4.923866 0.573310
v 0.001325 -4.929567 0.573310
v 0.042682 -5.048540 0.621685
v 0.040910 -5.001190 0.620707
v 0.046858 -5.029762 0.595549
v 0.045333 -5.048384 0.595690
v 0.040954 -5.000676 0.619269
v 0.043616 -5.016646 0.621836
v 0.046360 -5.019498 0.595549
v 0.042600 -5.050328 0.619695
v 0.042568 -5.049733 0.620865
v 0.041007 -5.002236 0.621670
v 0.045015 -5.049733 0.596520
v 0.044799 -5.050328 0.597690
v 0.042882 -5.000676 0.597690
v 0.043116 -5.001271 0.596520
v 0.043402 -5.002236 0.595715
v 0.040219 -5.022061 0.655663
v 0.041066 -5.022125 0.648804
v 0.040294 -5.020382 0.654422
v 0.040274 -5.029184 0.655708
v 0.040354 -5.030622 0.654422
v 0.040890 -5.030622 0.650089
v 0.041132 -5.029184 0.648804
v 0.040875 -5.020382 0.650089
v 0.042535 -5.030560 0.636826
v 0.041910 -5.029196 0.642490
v 0.042549 -5.021977 0.635596
v 0.041777 -5.022093 0.642500
v 0.041986 -5.030622 0.641215
v 0.041875 -5.020382 0.641215
v 0.042365 -5.020382 0.636881
v 0.042704 -5.029184 0.635596
v 0.048269 -5.021804 0.576275
v 0.047650 -5.020382 0.581810
v 0.048525 -5.030534 0.577468
v 0.047675 -5.021819 0.583165
v 0.048018 -5.020382 0.577546
v 0.048572 -5.029184 0.576261
v 0.047974 -5.029184 0.583165
v 0.048127 -5.030622 0.581880
v -0.087075 -5.098381 0.573423
v -0.101312 -5.002357 0.658362
v -0.105403 -5.018139 0.650733
v -0.108837 -4.998767 0.577504
v -0.112439 -5.015458 0.573355
v -0.111756 -5.048690 0.576976
v -0.106515 -5.056892 0.616088
v -0.037192 -5.109660 0.640875
v -0.064976 -5.108060 0.611495
v -0.099254 -4.992968 0.654404
v -0.080515 -4.944625 0.617476
v -0.093929 -5.078327 0.658314
v -0.081206 -5.093863 0.658314
v -0.061517 -5.104723 0.658314
v -0.051596 -5.106814 0.658314
v -0.104553 -5.027118 0.658314
v -0.061250 -4.932593 0.658314
v -0.103131 -5.045385 0.658314
v -0.098167 -4.992301 0.658324
v -0.104073 -5.017860 0.658314
v -0.069007 -4.938394 0.658314
v -0.076312 -4.946662 0.658314
v -0.047885 -4.928424 0.658314
v -0.113478 -5.032335 0.573310
v -0.111954 -5.048903 0.573310
v -0.110046 -5.058480 0.573310
v -0.066401 -5.110115 0.573310
v -0.083318 -4.942684 0.573310
v -0.099987 -4.973403 0.573310
v -0.108904 -4.998394 0.573310
v -0.113121 -5.021953 0.573310
v -0.044584 -5.115286 0.573310
v -0.101810 -5.080221 0.573310
v -0.065981 -4.929567 0.573310
v -0.107337 -5.048540 0.621685
v -0.105565 -5.001190 0.620707
v -0.111514 -5.029762 0.595549
v -0.109989 -5.048384 0.595690
v -0.105609 -5.000676 0.619269
v -0.108271 -5.016646 0.621836
v -0.111017 -5.019498 0.595549
v -0.107256 -5.050328 0.619695
v -0.107225 -5.049733 0.620865
v -0.105662 -5.002236 0.621670
v -0.109671 -5.049733 0.596520
v -0.109454 -5.050328 0.597690
v -0.107537 -5.000676 0.597690
v -0.107771 -5.001271 0.596520
v -0.108057 -5.002236 0.595715
v -0.104875 -5.022061 0.655663
v -0.105721 -5.022125 0.648804
v -0.104950 -5.020382 0.654422
v -0.104931 -5.029184 0.655708
v -0.105009 -5.030622 0.654422
v -0.105545 -5.030622 0.650089
v -0.105787 -5.029184 0.648804
v -0.105531 -5.020382 0.650089
v -0.107190 -5.030560 0.636826
v -0.106565 -5.029196 0.642490
v -0.107204 -5.021977 0.635596
v -0.106432 -5.022093 0.642500
v -0.106643 -5.030622 0.641215
v -0.106532 -5.020382 0.641215
v -0.107020 -5.020382 0.636881
v -0.107359 -5.029184 0.635596
v -0.112925 -5.021804 0.576275
v -0.112306 -5.020382 0.581810
v -0.113181 -5.030534 0.577468
v -0.112332 -5.021819 0.583165
v -0.112673 -5.020382 0.577546
v -0.113229 -5.029184 0.576261
v -0.112629 -5.029184 0.583165
v -0.112782 -5.030622 0.581880
v -0.080182 -4.952603 0.658314
v -0.090257 -4.972368 0.658314
v -0.098003 -4.985229 0.642612
v -0.079445 -4.950629 0.655403
v -0.081157 -4.950571 0.642612
v -0.090445 -4.971544 0.655403
v -0.085657 -4.961650 0.655403
v -0.096192 -4.985290 0.655403
v -0.096985 -4.986844 0.654290
v -0.098421 -4.986844 0.643724
v -0.078592 -4.949000 0.654290
v -0.079993 -4.949000 0.643724
v -0.016614 -4.928547 0.659076
v -0.006867 -4.932967 0.675560
v -0.011242 -4.931467 0.672761
v -0.020640 -4.931745 0.691101
v -0.032328 -4.928459 0.679954
v -0.032328 -4.926238 0.661085
v -0.011242 -4.932758 0.682906
v -0.010453 -4.933897 0.689642
v -0.027793 -4.929514 0.682906
v -0.027793 -4.928141 0.672761
v -0.078671 -5.029439 0.768595
v -0.092607 -5.032456 0.715092
v -0.083415 -5.037943 0.750171
v -0.085415 -5.071626 0.711520
v -0.086023 -5.083230 0.682122
v -0.081290 -5.078949 0.710168
v -0.075282 -5.086427 0.707354
v -0.072034 -5.004901 0.771994
v -0.068981 -4.997962 0.771740
v -0.063642 -4.990848 0.771994
v -0.050187 -4.965152 0.746972
v -0.055596 -4.962719 0.738410
v -0.065759 -4.983681 0.758773
v -0.080860 -5.016519 0.757831
v -0.093885 -5.015928 0.709024
v -0.059912 -4.962232 0.731795
v -0.100345 -5.017080 0.679576
v -0.051178 -4.938377 0.707311
v -0.043926 -4.944273 0.720627
v -0.032328 -4.944069 0.723303
v -0.068295 -4.945964 0.693172
v -0.054204 -4.933897 0.689642
v -0.098898 -5.032699 0.686811
v -0.032328 -4.926165 0.659076
v -0.077676 -5.036899 0.771978
v -0.068870 -4.938406 0.659076
v -0.045335 -4.979281 0.771994
v -0.032328 -4.976872 0.771994
v -0.076181 -5.015524 0.771994
v -0.077132 -5.020580 0.771994
v -0.032328 -4.963364 0.747185
v -0.068940 -4.998092 0.771994
v -0.091750 -5.022034 0.719162
v -0.084259 -5.021881 0.747683
v -0.089014 -5.016737 0.728772
v -0.082904 -4.993109 0.725096
v -0.079489 -4.964960 0.692184
v -0.099806 -5.029184 0.683200
v -0.032328 -4.935388 0.709317
v -0.054301 -4.944707 0.714372
v -0.069679 -5.061563 0.771994
v -0.055873 -4.983619 0.771994
v -0.054606 -5.076355 0.771994
v -0.046887 -5.079946 0.771994
v -0.074126 -5.051846 0.771994
v -0.068245 -4.997155 0.771994
v -0.061764 -5.071423 0.771994
v -0.093750 -5.078362 0.659076
v -0.081137 -5.093761 0.659076
v -0.061465 -5.104635 0.659076
v -0.099964 -5.030622 0.681915
v -0.051154 -5.106699 0.659076
v -0.094804 -4.983479 0.659076
v -0.103059 -5.011769 0.659076
v -0.061275 -4.932736 0.659076
v -0.076276 -4.946831 0.659076
v -0.048039 -4.928547 0.659076
v -0.035553 -5.106875 0.659076
v -0.100789 -5.030622 0.677580
v -0.103098 -5.044577 0.659076
v -0.032328 -5.106574 0.659076
v -0.078995 -5.030622 0.767538
v -0.078268 -5.021280 0.768643
v -0.078459 -5.020382 0.767538
v -0.079725 -5.020382 0.763203
v -0.080153 -5.021555 0.762155
v -0.082460 -5.029160 0.754479
v -0.083834 -5.020382 0.748968
v -0.086360 -5.022063 0.739822
v -0.082456 -5.021762 0.754386
v -0.082614 -5.020382 0.753302
v -0.080467 -5.029184 0.761918
v -0.082832 -5.030609 0.753179
v -0.084307 -5.029184 0.747683
v -0.087765 -5.020382 0.734204
v -0.088160 -5.028828 0.732919
v -0.090357 -5.030519 0.724132
v -0.089893 -5.029194 0.726058
v -0.088185 -5.021819 0.732919
v -0.087810 -5.030622 0.734204
v -0.086718 -5.030622 0.738537
v -0.086414 -5.029184 0.739822
v -0.089979 -5.022021 0.726066
v -0.090225 -5.020382 0.724781
v -0.091335 -5.020382 0.720447
v -0.091643 -5.029184 0.719162
v -0.091184 -5.030622 0.720852
v -0.093885 -5.020382 0.710339
v -0.094829 -5.020382 0.706101
v -0.095226 -5.022053 0.704817
v -0.093667 -5.022194 0.711720
v -0.095042 -5.029030 0.704817
v -0.094689 -5.030622 0.706101
v -0.093725 -5.030622 0.710436
v -0.093496 -5.029184 0.711720
v -0.098350 -5.022028 0.690764
v -0.097934 -5.020444 0.692167
v -0.098198 -5.029184 0.690763
v -0.097831 -5.030622 0.692047
v -0.096854 -5.030622 0.696382
v -0.096709 -5.029637 0.697262
v -0.096821 -5.022148 0.697666
v -0.096735 -5.027430 0.697666
v -0.101179 -5.022020 0.676297
v -0.103579 -5.021902 0.662889
v -0.104412 -5.027056 0.659076
v -0.099950 -5.022274 0.683200
v -0.104271 -5.022051 0.659076
v -0.102331 -5.029184 0.669765
v -0.101076 -5.029369 0.676461
v -0.103264 -5.020382 0.664147
v -0.102351 -5.022032 0.669765
v -0.103617 -5.029184 0.662862
v -0.103317 -5.030622 0.664147
v -0.102509 -5.030622 0.668481
v -0.086706 -5.020382 0.738451
v -0.096882 -5.021220 0.697131
v -0.096993 -5.020382 0.696382
v -0.100868 -5.020382 0.677580
v -0.102501 -5.020382 0.668481
v -0.080153 -5.030622 0.763203
v -0.083842 -5.030706 0.748979
v -0.100092 -5.020382 0.681915
v 0.014015 -5.029439 0.768595
v 0.027955 -5.032456 0.715092
v 0.018760 -5.037943 0.750171
v 0.020760 -5.071626 0.711520
v 0.016635 -5.078949 0.710168
v 0.021368 -5.083230 0.682122
v 0.010629 -5.086427 0.707354
v 0.007377 -5.004901 0.771994
v 0.004325 -4.997962 0.771740
v -0.001945 -4.989801 0.771994
v -0.014468 -4.965152 0.746972
v -0.009059 -4.962719 0.738410
v 0.001104 -4.983681 0.758773
v 0.016936 -5.002318 0.741853
v 0.016204 -5.016519 0.757831
v 0.026872 -5.007081 0.710626
v 0.029230 -5.015928 0.709024
v -0.004739 -4.962232 0.731795
v 0.035691 -5.017080 0.679576
v -0.020729 -4.944273 0.720627
v 0.003640 -4.945964 0.693172
v -0.003428 -4.938809 0.691008
v 0.034243 -5.032699 0.686811
v 0.013021 -5.036899 0.771978
v 0.004215 -4.938406 0.659076
v -0.019320 -4.979281 0.771994
v 0.012477 -5.020580 0.771994
v 0.011525 -5.015524 0.771994
v 0.004283 -4.998092 0.771994
v 0.027094 -5.022034 0.719162
v 0.019604 -5.021881 0.747683
v 0.024358 -5.016737 0.728772
v 0.020499 -5.017470 0.743429
v 0.014833 -4.964960 0.692184
v 0.035150 -5.029184 0.683200
v -0.010923 -4.942131 0.711745
v -0.010354 -4.944707 0.714372
v 0.033388 -4.992169 0.659076
v 0.005025 -5.061563 0.771994
v -0.008784 -4.983619 0.771994
v -0.010045 -5.076355 0.771994
v -0.017765 -5.079946 0.771994
v 0.009471 -5.051846 0.771994
v 0.003590 -4.997155 0.771994
v -0.002892 -5.071423 0.771994
v 0.029096 -5.078362 0.659076
v 0.016482 -5.093761 0.659076
v -0.003189 -5.104635 0.659076
v 0.035308 -5.030622 0.681915
v -0.013503 -5.106699 0.659076
v 0.039282 -5.017833 0.659076
v -0.003378 -4.932736 0.659076
v 0.011621 -4.946831 0.659076
v -0.029101 -5.106875 0.659076
v 0.036133 -5.030622 0.677580
v 0.038443 -5.044577 0.659076
v 0.014338 -5.030622 0.767538
v 0.013613 -5.021280 0.768643
v 0.013804 -5.020382 0.767538
v 0.015071 -5.020382 0.763203
v 0.015497 -5.021555 0.762155
v 0.017805 -5.029160 0.754479
v 0.019179 -5.020382 0.748968
v 0.021707 -5.022063 0.739822
v 0.017804 -5.021762 0.754386
v 0.017961 -5.020382 0.753302
v 0.015813 -5.029184 0.761918
v 0.018177 -5.030609 0.753179
v 0.019650 -5.029184 0.747683
v 0.023110 -5.020382 0.734204
v 0.025700 -5.030519 0.724132
v 0.023505 -5.028828 0.732919
v 0.025240 -5.029194 0.726058
v 0.023530 -5.021819 0.732919
v 0.023155 -5.030622 0.734204
v 0.022061 -5.030622 0.738537
v 0.021758 -5.029184 0.739822
v 0.025324 -5.022021 0.726066
v 0.025568 -5.020382 0.724781
v 0.026682 -5.020382 0.720447
v 0.026991 -5.029184 0.719162
v 0.026529 -5.030622 0.720852
v 0.029230 -5.020382 0.710339
v 0.030174 -5.020382 0.706101
v 0.030571 -5.022053 0.704817
v 0.029015 -5.022194 0.711720
v 0.030033 -5.030622 0.706101
v 0.030386 -5.029030 0.704817
v 0.029069 -5.030622 0.710436
v 0.028843 -5.029184 0.711720
v 0.033699 -5.022028 0.690764
v 0.033277 -5.020444 0.692167
v 0.033541 -5.029184 0.690763
v 0.033174 -5.030622 0.692047
v 0.032197 -5.030622 0.696382
v 0.032054 -5.029637 0.697262
v 0.032171 -5.022148 0.697666
v 0.032079 -5.027430 0.697666
v 0.036524 -5.022020 0.676297
v 0.038922 -5.021902 0.662889
v 0.039757 -5.027056 0.659076
v 0.035297 -5.022274 0.683200
v 0.037675 -5.029184 0.669765
v 0.036421 -5.029369 0.676461
v 0.038611 -5.020382 0.664147
v 0.037694 -5.022032 0.669765
v 0.038961 -5.029184 0.662862
v 0.038661 -5.030622 0.664147
v 0.037854 -5.030622 0.668481
v 0.022050 -5.020382 0.738451
v 0.032225 -5.021220 0.697131
v 0.032336 -5.020382 0.696382
v 0.036213 -5.020382 0.677580
v 0.037846 -5.020382 0.668481
v 0.015497 -5.030622 0.763203
v 0.019186 -5.030706 0.748979
v 0.035436 -5.020382 0.681915
v -0.045946 -5.099088 0.702809
v -0.055495 -5.097974 0.703026
v -0.032328 -5.105552 0.664961
v -0.047614 -5.081638 0.766122
v -0.056365 -5.077439 0.766122
v -0.032328 -5.081314 0.771994
v -0.045728 -5.106149 0.664961
v -0.018709 -5.099088 0.702809
v -0.024873 -5.082882 0.766122
v -0.009159 -5.097974 0.703026
v -0.017040 -5.081638 0.766122
v -0.008289 -5.077439 0.766122
v -0.018928 -5.106149 0.664961
v -0.009159 -5.069005 0.703026
v -0.056365 -5.069005 0.766122
v -0.008289 -5.069005 0.766122
v -0.055495 -5.069005 0.703026
v -0.018709 -5.069005 0.702809
v -0.045946 -5.069005 0.702809
v -0.018928 -5.069005 0.664961
v -0.045728 -5.069005 0.664961
v -0.056512 -5.026441 0.823277
v -0.056046 -5.037890 0.823098
v -0.049248 -5.053004 0.822200
v -0.062182 -5.055018 0.798795
v -0.051043 -5.067259 0.798380
v -0.040881 -5.072494 0.796582
v -0.068154 -5.037850 0.798458
v -0.039498 -5.060840 0.821445
v -0.032328 -5.062315 0.821281
v -0.052657 -5.016847 0.823573
v -0.043184 -5.007421 0.823500
v -0.032328 -5.003887 0.823601
v -0.032328 -4.977492 0.773100
v -0.067926 -5.016470 0.794948
v -0.056854 -5.031702 0.823222
v -0.068548 -5.031964 0.798203
v -0.062895 -5.031710 0.811111
v -0.050534 -5.060574 0.810713
v -0.044326 -5.057841 0.821766
v -0.035673 -5.062009 0.821315
v -0.055140 -5.021649 0.823435
v -0.037779 -5.004884 0.823551
v -0.045256 -4.979841 0.772973
v -0.064335 -5.010382 0.797251
v -0.072620 -5.016013 0.782303
v -0.061790 -5.016767 0.807765
v -0.063726 -5.069191 0.772501
v -0.046887 -5.079751 0.772501
v -0.077503 -5.036818 0.772501
v -0.076004 -5.015549 0.772501
v -0.076937 -5.020492 0.772501
v -0.045296 -4.979571 0.772501
v -0.032540 -4.977181 0.772501
v -0.072823 -5.054961 0.772501
v -0.069623 -5.061316 0.772501
v -0.061571 -5.071349 0.772501
v -0.077289 -5.026478 0.772501
v -0.047620 -4.980520 0.772501
v -0.055853 -4.983937 0.772501
v -0.068854 -4.998350 0.772501
v -0.062754 -4.990203 0.772501
v -0.060010 -5.021852 0.813735
v -0.056585 -5.021769 0.820594
v -0.057798 -5.026495 0.820639
v -0.057992 -5.029184 0.820639
v -0.058718 -5.030622 0.819354
v -0.060881 -5.030622 0.815020
v -0.056509 -5.020382 0.819354
v -0.058640 -5.020382 0.815020
v -0.061392 -5.029184 0.813735
v -0.074167 -5.022703 0.781015
v -0.074243 -5.021348 0.780594
v -0.074364 -5.020382 0.779730
v -0.075895 -5.020382 0.775397
v -0.076454 -5.021819 0.774111
v -0.076867 -5.029184 0.774111
v -0.074625 -5.029184 0.781015
v -0.075101 -5.030622 0.779730
v -0.076506 -5.030622 0.775397
v -0.066437 -5.021905 0.800527
v -0.063112 -5.021893 0.807431
v -0.066870 -5.030566 0.801762
v -0.067315 -5.029184 0.800527
v -0.064276 -5.029184 0.807431
v -0.064964 -5.030622 0.806146
v -0.063389 -5.020382 0.806146
v -0.065473 -5.020382 0.801812
v -0.072017 -5.030609 0.788593
v -0.071848 -5.021819 0.787321
v -0.069160 -5.021881 0.794223
v -0.069826 -5.029184 0.794223
v -0.070406 -5.030622 0.792938
v -0.069403 -5.020382 0.792938
v -0.071095 -5.020382 0.788604
v -0.072439 -5.029184 0.787319
v -0.008145 -5.026441 0.823277
v -0.008609 -5.037890 0.823098
v -0.015407 -5.053004 0.822200
v -0.002473 -5.055018 0.798795
v -0.013614 -5.067259 0.798380
v -0.023775 -5.072494 0.796582
v 0.003497 -5.037850 0.798458
v -0.025159 -5.060840 0.821445
v -0.011998 -5.016847 0.823573
v -0.021471 -5.007421 0.823500
v 0.003269 -5.016470 0.794948
v -0.007801 -5.031702 0.823222
v 0.003893 -5.031964 0.798203
v -0.001760 -5.031710 0.811111
v -0.014121 -5.060574 0.810713
v -0.020331 -5.057841 0.821766
v -0.028982 -5.062009 0.821315
v -0.009515 -5.021649 0.823435
v -0.026876 -5.004884 0.823551
v -0.019400 -4.979841 0.772973
v -0.000320 -5.010382 0.797251
v 0.007965 -5.016013 0.782303
v -0.002865 -5.016767 0.807765
v -0.000929 -5.069191 0.772501
v -0.017768 -5.079751 0.772501
v -0.025243 -5.080854 0.772501
v 0.012846 -5.036818 0.772501
v 0.011349 -5.015549 0.772501
v 0.012280 -5.020492 0.772501
v -0.019360 -4.979571 0.772501
v -0.032115 -4.977181 0.772501
v 0.008168 -5.054961 0.772501
v 0.004966 -5.061316 0.772501
v -0.003084 -5.071349 0.772501
v 0.012632 -5.026478 0.772501
v -0.017037 -4.980520 0.772501
v -0.008803 -4.983937 0.772501
v 0.004199 -4.998350 0.772501
v -0.001901 -4.990203 0.772501
v -0.004646 -5.021852 0.813735
v -0.008071 -5.021769 0.820594
v -0.006859 -5.026495 0.820639
v -0.006664 -5.029184 0.820639
v -0.005937 -5.030622 0.819354
v -0.003775 -5.030622 0.815020
v -0.008146 -5.020382 0.819354
v -0.006015 -5.020382 0.815020
v -0.003265 -5.029184 0.813735
v 0.009511 -5.022703 0.781015
v 0.009588 -5.021348 0.780594
v 0.009707 -5.020382 0.779730
v 0.011240 -5.020382 0.775397
v 0.011799 -5.021819 0.774111
v 0.012211 -5.029184 0.774111
v 0.009969 -5.029184 0.781015
v 0.010446 -5.030622 0.779730
v 0.011850 -5.030622 0.775397
v 0.001782 -5.021905 0.800527
v -0.001545 -5.021893 0.807431
v 0.002215 -5.030566 0.801762
v 0.002658 -5.029184 0.800527
v -0.000379 -5.029184 0.807431
v 0.000307 -5.030622 0.806146
v -0.001267 -5.020382 0.806146
v 0.000818 -5.020382 0.801812
v 0.007361 -5.030609 0.788593
v 0.007193 -5.021819 0.787321
v 0.004504 -5.021881 0.794223
v 0.005171 -5.029184 0.794223
v 0.005750 -5.030622 0.792938
v 0.004746 -5.020382 0.792938
v 0.006440 -5.020382 0.788604
v 0.007782 -5.029184 0.787319
v 0.054991 -5.023504 0.359668
v 0.050468 -5.003131 0.359823
v 0.053022 -5.012951 0.384236
v 0.053349 -5.012364 0.359668
v 0.049893 -5.001630 0.361669
v 0.050121 -5.002203 0.360576
v 0.049952 -5.003131 0.384081
v 0.049638 -5.002203 0.383328
v 0.049460 -5.001630 0.382233
v 0.054322 -5.043551 0.362497
v 0.053405 -5.048801 0.383328
v 0.053357 -5.049374 0.381725
v 0.053507 -5.047873 0.384081
v 0.054846 -5.028750 0.384236
v 0.055138 -5.035125 0.359668
v 0.053575 -5.049374 0.361669
v 0.053685 -5.048638 0.360444
v 0.053800 -5.047873 0.359823
v 0.055182 -5.028761 0.362977
v 0.055072 -5.028828 0.369880
v 0.055072 -5.030622 0.368596
v 0.055141 -5.030622 0.364261
v 0.054755 -5.021819 0.362976
v 0.054574 -5.020382 0.364261
v 0.054496 -5.020382 0.368595
v 0.054633 -5.021819 0.369880
v 0.056704 -5.013706 0.083647
v 0.057174 -5.017453 0.059308
v 0.055786 -5.006259 0.059308
v 0.053702 -4.999527 0.083379
v 0.053744 -4.998869 0.060105
v 0.056074 -5.044412 0.059461
v 0.056029 -5.045340 0.060208
v 0.056155 -5.042766 0.059355
v 0.056002 -5.045913 0.061291
v 0.056027 -5.045913 0.081665
v 0.056057 -5.045341 0.082748
v 0.056104 -5.044412 0.083494
v 0.053271 -4.998169 0.081665
v 0.053496 -4.998169 0.061291
v 0.053450 -4.998742 0.082748
v 0.053980 -4.999671 0.059461
v 0.057138 -5.017703 0.067891
v 0.056977 -5.026438 0.069117
v 0.056919 -5.027875 0.063498
v 0.056971 -5.026438 0.062213
v 0.056921 -5.027875 0.067833
v 0.057125 -5.019073 0.062213
v 0.057158 -5.017636 0.063498
v 0.057105 -5.019073 0.069117
v 0.056486 -5.008093 -0.200114
v 0.055568 -5.003265 -0.200085
v 0.055132 -5.001338 -0.175928
v 0.054875 -5.000410 -0.176674
v 0.054716 -4.999837 -0.177757
v 0.052507 -5.046306 -0.176110
v 0.055404 -5.031755 -0.200114
v 0.052275 -5.047008 -0.176674
v 0.051840 -5.047008 -0.199215
v 0.052107 -5.046079 -0.199961
v 0.051685 -5.047581 -0.198132
v 0.052082 -5.047581 -0.177757
v 0.057168 -5.016174 -0.175774
v 0.055075 -5.001339 -0.199961
v 0.054824 -5.000410 -0.199215
v 0.054669 -4.999837 -0.198132
v 0.055915 -5.028588 -0.191207
v 0.056804 -5.022894 -0.175774
v 0.055852 -5.028588 -0.195542
v 0.056571 -5.022874 -0.200114
v 0.056733 -5.019785 -0.196827
v 0.056022 -5.027151 -0.196827
v 0.056105 -5.027151 -0.189922
v 0.056821 -5.018348 -0.195542
v 0.056869 -5.018348 -0.191207
v 0.056808 -5.019785 -0.189923
v 0.034010 -5.004052 -0.568929
v 0.039016 -4.987874 -0.544956
v 0.038863 -4.986818 -0.545703
v 0.038672 -4.986251 -0.546776
v 0.035500 -4.986251 -0.566127
v 0.035090 -4.987902 -0.568788
v 0.035186 -4.986819 -0.568038
v 0.032969 -5.008735 -0.568929
v 0.021397 -5.033035 -0.564069
v 0.020833 -5.031906 -0.568786
v 0.022271 -5.033540 -0.559404
v 0.030827 -5.014567 -0.568929
v 0.019946 -5.033540 -0.566964
v 0.020090 -5.033119 -0.567761
v 0.027547 -5.031681 -0.544941
v 0.025655 -5.033540 -0.546776
v 0.026369 -5.032973 -0.545703
v 0.035674 -5.015348 -0.544813
v 0.034236 -5.005937 -0.565624
v 0.033666 -5.008494 -0.565624
v 0.034796 -5.004499 -0.564339
v 0.035615 -5.004530 -0.559978
v 0.035540 -5.005937 -0.558721
v 0.037297 -5.010083 -0.544813
v 0.032658 -5.014739 -0.560005
v 0.033372 -5.013301 -0.558721
v 0.031741 -5.014727 -0.564350
v 0.032005 -5.013165 -0.565624
v -0.098665 -5.004052 -0.568929
v -0.103671 -4.987874 -0.544956
v -0.103520 -4.986818 -0.545703
v -0.103329 -4.986251 -0.546776
v -0.100156 -4.986251 -0.566127
v -0.099745 -4.987902 -0.568788
v -0.099842 -4.986819 -0.568038
v -0.097626 -5.008735 -0.568929
v -0.086053 -5.033035 -0.564069
v -0.085489 -5.031906 -0.568786
v -0.086926 -5.033540 -0.559404
v -0.095482 -5.014567 -0.568929
v -0.084603 -5.033540 -0.566964
v -0.084745 -5.033119 -0.567761
v -0.092203 -5.031681 -0.544941
v -0.090312 -5.033540 -0.546776
v -0.091026 -5.032973 -0.545703
v -0.100331 -5.015348 -0.544813
v -0.098892 -5.005937 -0.565624
v -0.098323 -5.008494 -0.565624
v -0.099451 -5.004499 -0.564339
v -0.100271 -5.004530 -0.559978
v -0.100195 -5.005937 -0.558721
v -0.101954 -5.010083 -0.544813
v -0.097314 -5.014739 -0.560005
v -0.098029 -5.013301 -0.558721
v -0.096398 -5.014727 -0.564350
v -0.096662 -5.013165 -0.565624
v -0.121143 -5.008093 -0.200114
v -0.120225 -5.003265 -0.200085
v -0.119787 -5.001338 -0.175928
v -0.119531 -5.000410 -0.176674
v -0.119373 -4.999837 -0.177757
v -0.117162 -5.046306 -0.176110
v -0.120059 -5.031755 -0.200114
v -0.116932 -5.047008 -0.176674
v -0.116495 -5.047008 -0.199215
v -0.116764 -5.046079 -0.199961
v -0.116340 -5.047581 -0.198132
v -0.116737 -5.047581 -0.177757
v -0.121823 -5.016174 -0.175774
v -0.119732 -5.001339 -0.199961
v -0.119479 -5.000410 -0.199215
v -0.119325 -4.999837 -0.198132
v -0.120571 -5.028588 -0.191207
v -0.121460 -5.022894 -0.175774
v -0.120507 -5.028588 -0.195542
v -0.121226 -5.022874 -0.200114
v -0.121389 -5.019785 -0.196827
v -0.120678 -5.027151 -0.196827
v -0.120762 -5.027151 -0.189922
v -0.121476 -5.018348 -0.195542
v -0.121526 -5.018348 -0.191207
v -0.121464 -5.019785 -0.189923
v -0.121359 -5.013706 0.083647
v -0.121829 -5.017453 0.059308
v -0.120442 -5.006259 0.059308
v -0.118359 -4.999527 0.083379
v -0.118400 -4.998869 0.060105
v -0.120729 -5.044412 0.059461
v -0.120684 -5.045340 0.060208
v -0.120810 -5.042766 0.059355
v -0.120659 -5.045913 0.061291
v -0.120682 -5.045913 0.081665
v -0.120712 -5.045341 0.082748
v -0.120759 -5.044412 0.083494
v -0.117926 -4.998169 0.081665
v -0.118153 -4.998169 0.061291
v -0.118106 -4.998742 0.082748
v -0.118637 -4.999671 0.059461
v -0.121793 -5.017703 0.067891
v -0.121632 -5.026438 0.069117
v -0.121575 -5.027875 0.063498
v -0.121626 -5.026438 0.062213
v -0.121578 -5.027875 0.067833
v -0.121781 -5.019073 0.062213
v -0.121814 -5.017636 0.063498
v -0.121762 -5.019073 0.069117
v -0.119646 -5.023504 0.359668
v -0.115125 -5.003131 0.359823
v -0.117678 -5.012951 0.384236
v -0.118006 -5.012364 0.359668
v -0.114548 -5.001630 0.361669
v -0.114776 -5.002203 0.360576
v -0.114607 -5.003131 0.384081
v -0.114295 -5.002203 0.383328
v -0.114115 -5.001630 0.382233
v -0.118978 -5.043551 0.362497
v -0.118060 -5.048801 0.383328
v -0.118014 -5.049374 0.381725
v -0.118162 -5.047873 0.384081
v -0.119501 -5.028750 0.384236
v -0.119793 -5.035125 0.359668
v -0.118231 -5.049374 0.361669
v -0.118340 -5.048638 0.360444
v -0.118456 -5.047873 0.359823
v -0.119837 -5.028761 0.362977
v -0.119728 -5.028828 0.369880
v -0.119728 -5.030622 0.368596
v -0.119796 -5.030622 0.364261
v -0.119410 -5.021819 0.362976
v -0.119229 -5.020382 0.364261
v -0.119153 -5.020382 0.368595
v -0.119289 -5.021819 0.369880
v 0.041279 -5.001945 0.616764
v 0.044243 -5.017258 0.616035
v 0.046858 -5.029599 0.596409
v 0.042682 -5.047654 0.620836
v 0.043616 -5.016988 0.620976
v 0.046360 -5.019729 0.596409
v 0.044279 -5.026750 0.620976
v 0.046160 -5.041607 0.596409
v 0.042568 -5.048801 0.620069
v 0.042600 -5.049374 0.618975
v 0.040910 -5.002125 0.619921
v 0.041007 -5.003131 0.620822
v 0.045333 -5.047505 0.596540
v 0.044799 -5.049374 0.598410
v 0.045015 -5.048800 0.597317
v 0.041185 -5.001630 0.616715
v 0.041700 -5.001630 0.611304
v 0.040954 -5.001630 0.618576
v 0.043910 -5.005288 0.596424
v 0.043402 -5.003131 0.596564
v 0.043116 -5.002203 0.597317
v 0.042882 -5.001630 0.598410
v 0.046247 -5.021996 0.599632
v 0.045605 -5.022270 0.606536
v 0.046536 -5.029184 0.599632
v 0.045838 -5.028296 0.606536
v 0.045874 -5.029527 0.606230
v 0.045982 -5.020382 0.600917
v 0.045975 -5.030622 0.605251
v 0.046410 -5.030622 0.600917
v 0.045652 -5.020457 0.605592
v -0.105934 -5.001945 0.616764
v -0.108900 -5.017258 0.616035
v -0.111514 -5.029599 0.596409
v -0.107337 -5.047654 0.620836
v -0.108271 -5.016988 0.620976
v -0.111017 -5.019729 0.596409
v -0.108934 -5.026750 0.620976
v -0.110815 -5.041607 0.596409
v -0.107225 -5.048801 0.620069
v -0.107256 -5.049374 0.618975
v -0.105565 -5.002125 0.619921
v -0.105662 -5.003131 0.620822
v -0.109989 -5.047505 0.596540
v -0.109454 -5.049374 0.598410
v -0.109671 -5.048800 0.597317
v -0.105842 -5.001630 0.616715
v -0.106357 -5.001630 0.611304
v -0.105609 -5.001630 0.618576
v -0.108565 -5.005288 0.596424
v -0.108057 -5.003131 0.596564
v -0.107771 -5.002203 0.597317
v -0.107537 -5.001630 0.598410
v -0.110903 -5.021996 0.599632
v -0.110260 -5.022270 0.606536
v -0.111193 -5.029184 0.599632
v -0.110495 -5.028296 0.606536
v -0.110531 -5.029527 0.606230
v -0.110637 -5.020382 0.600917
v -0.110631 -5.030622 0.605251
v -0.111065 -5.030622 0.600917
v -0.110307 -5.020457 0.605592
v -0.027476 -4.928141 0.673048
v -0.011562 -4.932758 0.682619
v -0.027476 -4.929514 0.682619
v -0.011562 -4.931467 0.673048
v -0.093157 -5.094333 0.501075
v -0.079734 -5.104500 0.476478
v -0.097078 -5.090570 0.472976
v -0.111160 -5.069582 0.472976
v -0.113520 -5.062895 0.472976
v -0.078142 -5.104543 0.533070
v -0.078281 -5.104159 0.538607
v -0.106918 -5.074195 0.541489
v -0.083306 -5.102013 0.473465
v -0.092739 -5.093773 0.541489
v -0.085193 -5.099749 0.541489
v -0.077673 -5.104543 0.538179
v -0.114650 -5.058740 0.476285
v -0.112310 -5.058740 0.538179
v -0.111246 -5.061710 0.541489
v -0.086935 -5.081558 -0.326260
v -0.116690 -5.038672 -0.322967
v -0.096453 -5.074471 -0.326260
v -0.108456 -5.060297 -0.326260
v -0.107062 -5.067514 -0.257762
v -0.112332 -5.052235 -0.326260
v -0.115817 -5.041657 -0.326260
v -0.093671 -5.081908 -0.257762
v -0.089756 -5.084907 -0.261070
v -0.082093 -5.084907 -0.322953
v -0.117467 -5.041657 -0.257762
v -0.118084 -5.038659 -0.261070
v -0.085518 -5.072926 -0.400842
v -0.094151 -5.066810 -0.401505
v -0.107576 -5.051038 -0.401505
v -0.082173 -5.075311 -0.398262
v -0.113509 -5.038301 -0.398262
v -0.112153 -5.041300 -0.401505
v -0.089781 -5.074733 -0.369735
v -0.114046 -5.041300 -0.369735
v -0.108520 -5.055119 -0.369735
v -0.095635 -5.070504 -0.369735
v -0.084570 -5.077733 -0.372978
v -0.114898 -5.038301 -0.372978
v -0.098003 -4.984725 0.643081
v -0.079445 -4.951133 0.654933
v -0.081157 -4.951076 0.643081
v -0.098420 -4.986293 0.644111
v -0.078592 -4.949551 0.653903
v -0.079993 -4.949551 0.644111
v -0.096985 -4.986293 0.653903
v -0.096187 -4.984784 0.654933
vt 0.718070 0.095301
vt 0.793066 0.171595
vt 0.718315 0.133025
vt 0.775379 0.186644
vt 0.718324 0.168062
vt 0.738738 0.192861
vt 0.765723 0.230042
vt 0.755832 0.227834
vt 0.867528 0.225837
vt 0.906233 0.273140
vt 0.887673 0.266074
vt 0.973663 0.360748
vt 0.970678 0.340303
vt 0.973818 0.359609
vt 0.968540 0.332449
vt 0.970483 0.335402
vt 0.964994 0.324195
vt 0.965083 0.331643
vt 0.958523 0.314966
vt 0.963802 0.318320
vt 0.950793 0.312363
vt 0.931691 0.294816
vt 0.938203 0.293803
vt 0.938121 0.306645
vt 0.921955 0.314557
vt 0.898465 0.281680
vt 0.920613 0.273829
vt 0.906777 0.264126
vt 0.904675 0.257170
vt 0.869139 0.265834
vt 0.691807 0.247890
vt 0.739456 0.291461
vt 0.675079 0.269032
vt 0.728507 0.405208
vt 0.746314 0.405301
vt 0.736295 0.419319
vt 0.774805 0.294601
vt 0.758112 0.253362
vt 0.857626 0.393184
vt 0.775380 0.406398
vt 0.733349 0.375311
vt 0.887125 0.421748
vt 0.874624 0.396016
vt 0.922886 0.401507
vt 0.912964 0.392809
vt 0.934525 0.414197
vt 0.920887 0.414938
vt 0.912865 0.404412
vt 0.842179 0.370243
vt 0.888298 0.391176
vt 0.970286 0.352025
vt 0.967943 0.346528
vt 0.970391 0.345547
vt 0.970551 0.413451
vt 0.964115 0.407455
vt 0.970224 0.394673
vt 0.964210 0.432138
vt 0.967564 0.424625
vt 0.969848 0.423735
vt 0.968147 0.417790
vt 0.963627 0.421452
vt 0.972205 0.414470
vt 0.972565 0.409013
vt 0.974788 0.398763
vt 0.972290 0.392631
vt 0.974033 0.382597
vt 0.973746 0.375811
vt 0.970382 0.374147
vt 0.973536 0.369260
vt 0.971984 0.367564
vt 0.973473 0.363761
vt 0.970116 0.358429
vt 0.963924 0.429385
vt 0.945311 0.424874
vt 0.788915 0.184658
vt 0.798349 0.190596
vt 0.814566 0.208786
vt 0.778637 0.195687
vt 0.718589 0.195280
vt 0.675079 0.144287
vt 0.697712 0.207876
vt 0.734890 0.227162
vt 0.738253 0.210653
vt 0.968301 0.338514
vt 0.967909 0.326985
vt 0.949106 0.299552
vt 0.964677 0.340815
vt 0.675079 0.339137
vt 0.733266 0.419477
vt 0.731722 0.419547
vt 0.726599 0.414369
vt 0.675079 0.414866
vt 0.717593 0.248319
vt 0.739998 0.419096
vt 0.791686 0.418958
vt 0.788165 0.349535
vt 0.789923 0.311589
vt 0.806673 0.302116
vt 0.744091 0.251738
vt 0.748765 0.252278
vt 0.739418 0.251196
vt 0.778559 0.255369
vt 0.775613 0.232248
vt 0.778559 0.232550
vt 0.771332 0.255235
vt 0.775738 0.255860
vt 0.793191 0.258048
vt 0.967917 0.373164
vt 0.965040 0.395340
vt 0.918125 0.424902
vt 0.903543 0.406222
vt 0.943056 0.438337
vt 0.911347 0.434435
vt 0.970329 0.419272
vt 0.974634 0.395521
vt 0.974345 0.389366
vt 0.971634 0.359820
vt 0.946579 0.437804
vt 0.944259 0.438268
vt 0.675079 0.081690
vt 0.675079 0.110742
vt 0.675079 0.381237
vt 0.675079 0.407020
vt 0.675079 0.303512
vt 0.675079 0.064738
vt 0.675079 0.066678
vt 0.675079 0.205874
vt 0.791999 0.191490
vt 0.793105 0.294498
vt 0.792482 0.192440
vt 0.793104 0.195179
vt 0.779099 0.192771
vt 0.779772 0.191461
vt 0.791491 0.298224
vt 0.792651 0.296944
vt 0.779751 0.298224
vt 0.779099 0.296945
vt 0.778645 0.294562
vt 0.793191 0.216725
vt 0.758723 0.252448
vt 0.762813 0.250733
vt 0.759438 0.249359
vt 0.762735 0.234619
vt 0.773718 0.235710
vt 0.725475 0.248042
vt 0.730123 0.249093
vt 0.720003 0.227600
vt 0.719895 0.243900
vt 0.720827 0.246989
vt 0.723738 0.243900
vt 0.727035 0.244827
vt 0.723121 0.246565
vt 0.738013 0.230229
vt 0.741315 0.232676
vt 0.751737 0.230011
vt 0.752298 0.232435
vt 0.756275 0.230591
vt 0.755595 0.233527
vt 0.698475 0.224972
vt 0.695178 0.224212
vt 0.697854 0.237047
vt 0.698475 0.236365
vt 0.709598 0.246016
vt 0.706296 0.244773
vt 0.699190 0.243714
vt 0.701603 0.243714
vt 0.698475 0.240625
vt 0.709057 0.243445
vt 0.708743 0.244806
vt 0.702318 0.240111
vt 0.705690 0.241978
vt 0.680898 0.221518
vt 0.684842 0.219814
vt 0.684195 0.222609
vt 0.687323 0.219519
vt 0.688038 0.222609
vt 0.692050 0.220611
vt 0.691335 0.224076
vt 0.694463 0.220611
vt 0.699190 0.221703
vt 0.701603 0.221703
vt 0.708764 0.222886
vt 0.706330 0.222795
vt 0.713470 0.223887
vt 0.709458 0.225967
vt 0.712755 0.226976
vt 0.715883 0.223887
vt 0.716515 0.226620
vt 0.720610 0.224978
vt 0.723036 0.225035
vt 0.727740 0.226116
vt 0.723658 0.227722
vt 0.730163 0.226070
vt 0.737305 0.227172
vt 0.758750 0.230554
vt 0.763450 0.231529
vt 0.759438 0.233527
vt 0.769880 0.235925
vt 0.766578 0.234619
vt 0.770585 0.232646
vt 0.773029 0.232735
vt 0.766578 0.249926
vt 0.763445 0.253514
vt 0.773718 0.251543
vt 0.773003 0.254632
vt 0.769993 0.252053
vt 0.765863 0.253540
vt 0.770591 0.254632
vt 0.741420 0.230887
vt 0.741948 0.228608
vt 0.745158 0.231979
vt 0.748455 0.232795
vt 0.745158 0.247176
vt 0.748986 0.230143
vt 0.727035 0.229160
vt 0.730878 0.229667
vt 0.734175 0.230252
vt 0.727694 0.247836
vt 0.738018 0.246084
vt 0.737302 0.249173
vt 0.734891 0.249173
vt 0.734210 0.246236
vt 0.730163 0.248081
vt 0.730878 0.244992
vt 0.756269 0.252269
vt 0.752298 0.248267
vt 0.755595 0.249359
vt 0.751565 0.251440
vt 0.741315 0.247176
vt 0.741957 0.249949
vt 0.716598 0.242809
vt 0.715883 0.245898
vt 0.713470 0.245898
vt 0.712755 0.242809
vt 0.709458 0.241717
vt 0.702317 0.225515
vt 0.680183 0.218428
vt 0.677055 0.237186
vt 0.675079 0.235388
vt 0.675079 0.223138
vt 0.688038 0.238442
vt 0.680898 0.237350
vt 0.680183 0.240439
vt 0.680427 0.239384
vt 0.677770 0.240439
vt 0.687323 0.241530
vt 0.684833 0.241196
vt 0.684263 0.238735
vt 0.695178 0.239533
vt 0.694463 0.242622
vt 0.692050 0.242622
vt 0.691335 0.239533
vt 0.677055 0.221518
vt 0.677770 0.218428
vt 0.705642 0.225767
vt 0.746568 0.227504
vt 0.744534 0.228801
vt 0.748455 0.248267
vt 0.744615 0.250398
vt 0.749121 0.251144
vt 0.753439 0.252820
vt 0.765877 0.231592
vt 0.766925 0.254612
vt 0.697869 0.103126
vt 0.696697 0.189967
vt 0.675079 0.184539
vt 0.699363 0.108406
vt 0.699747 0.176763
vt 0.697869 0.185068
vt 0.699747 0.156868
vt 0.699747 0.121947
vt 0.681355 0.104404
vt 0.681355 0.178428
vt 0.681355 0.113770
vt 0.683233 0.097764
vt 0.681355 0.147832
vt 0.683233 0.185068
vt 0.616638 0.041846
vt 0.674655 0.066486
vt 0.619843 0.063762
vt 0.674655 0.110669
vt 0.598612 0.094505
vt 0.580604 0.101686
vt 0.578110 0.109078
vt 0.582759 0.084915
vt 0.582733 0.077094
vt 0.526101 0.168337
vt 0.527791 0.193240
vt 0.499478 0.207393
vt 0.420413 0.377834
vt 0.347314 0.391687
vt 0.329948 0.384362
vt 0.561328 0.330975
vt 0.419662 0.286355
vt 0.534632 0.237210
vt 0.560357 0.277698
vt 0.461253 0.271389
vt 0.611183 0.402790
vt 0.674655 0.414857
vt 0.471896 0.403983
vt 0.556860 0.034068
vt 0.556388 0.033883
vt 0.566987 0.042796
vt 0.580414 0.065689
vt 0.582122 0.071452
vt 0.674655 0.081513
vt 0.674655 0.144231
vt 0.582213 0.093551
vt 0.620375 0.149525
vt 0.592271 0.144526
vt 0.547545 0.146074
vt 0.565792 0.155950
vt 0.573202 0.175135
vt 0.544153 0.177193
vt 0.568506 0.192398
vt 0.674645 0.205484
vt 0.648880 0.203445
vt 0.611214 0.262969
vt 0.622455 0.232419
vt 0.641681 0.244529
vt 0.595637 0.230716
vt 0.359579 0.396774
vt 0.350360 0.403572
vt 0.357483 0.395176
vt 0.329948 0.310333
vt 0.329948 0.275474
vt 0.375072 0.234893
vt 0.419524 0.252468
vt 0.340994 0.242460
vt 0.460419 0.243125
vt 0.443431 0.229006
vt 0.499177 0.234861
vt 0.489385 0.233957
vt 0.559781 0.372249
vt 0.674655 0.381115
vt 0.674655 0.339269
vt 0.612801 0.301334
vt 0.674655 0.321050
vt 0.674655 0.269116
vt 0.667347 0.246566
vt 0.674655 0.407039
vt 0.559976 0.035871
vt 0.558001 0.034618
vt 0.329224 0.403502
vt 0.329915 0.390351
vt 0.329948 0.349290
vt 0.329962 0.242520
vt 0.428961 0.269084
vt 0.442239 0.272117
vt 0.442952 0.270551
vt 0.429991 0.272117
vt 0.429340 0.270837
vt 0.443339 0.268761
vt 0.426054 0.200251
vt 0.428799 0.200689
vt 0.428799 0.240197
vt 0.443431 0.216447
vt 0.443431 0.203029
vt 0.461064 0.205846
vt 0.587742 0.165154
vt 0.573202 0.249556
vt 0.566960 0.230873
vt 0.587294 0.163079
vt 0.586643 0.161797
vt 0.574394 0.161797
vt 0.573743 0.163078
vt 0.573404 0.164646
vt 0.594680 0.198868
vt 0.587742 0.265175
vt 0.587816 0.260867
vt 0.587294 0.267251
vt 0.586643 0.268531
vt 0.574394 0.268531
vt 0.573743 0.267252
vt 0.573295 0.265177
vt 0.587835 0.217030
vt 0.573202 0.230838
vt 0.626711 0.210786
vt 0.629123 0.210786
vt 0.629838 0.213875
vt 0.633851 0.211878
vt 0.633135 0.214967
vt 0.636263 0.211878
vt 0.654623 0.234368
vt 0.651259 0.232983
vt 0.651258 0.217151
vt 0.654555 0.218242
vt 0.650543 0.236072
vt 0.648131 0.236072
vt 0.499277 0.230577
vt 0.499993 0.227488
vt 0.503360 0.227378
vt 0.504076 0.230467
vt 0.514414 0.227269
vt 0.517782 0.227159
vt 0.513699 0.230358
vt 0.521625 0.227159
vt 0.524992 0.226922
vt 0.520989 0.229905
vt 0.532203 0.226663
vt 0.528758 0.227385
vt 0.528836 0.225849
vt 0.532165 0.211958
vt 0.539477 0.227103
vt 0.536046 0.226632
vt 0.539414 0.226832
vt 0.547340 0.229811
vt 0.543257 0.226832
vt 0.546625 0.226722
vt 0.554488 0.229427
vt 0.550468 0.226722
vt 0.553835 0.226613
vt 0.564174 0.229593
vt 0.564889 0.226503
vt 0.557008 0.229508
vt 0.561762 0.229593
vt 0.557679 0.226613
vt 0.561046 0.226503
vt 0.463938 0.212202
vt 0.467306 0.212093
vt 0.467306 0.227925
vt 0.496149 0.211656
vt 0.492781 0.211765
vt 0.496864 0.208566
vt 0.499277 0.208566
vt 0.404618 0.224692
vt 0.393690 0.208313
vt 0.399848 0.201348
vt 0.415689 0.209064
vt 0.364593 0.207001
vt 0.375075 0.223432
vt 0.407746 0.227890
vt 0.405334 0.227890
vt 0.412615 0.228218
vt 0.411900 0.224905
vt 0.504075 0.208457
vt 0.528120 0.208129
vt 0.506520 0.208439
vt 0.528835 0.211549
vt 0.536046 0.211109
vt 0.540129 0.207911
vt 0.539414 0.210999
vt 0.532919 0.208019
vt 0.535331 0.208019
vt 0.547317 0.207828
vt 0.550229 0.203992
vt 0.560329 0.200071
vt 0.564889 0.210671
vt 0.564174 0.207582
vt 0.614843 0.208603
vt 0.615558 0.211692
vt 0.619571 0.209695
vt 0.618855 0.212784
vt 0.621983 0.209695
vt 0.622698 0.212784
vt 0.625995 0.213875
vt 0.598151 0.206420
vt 0.600563 0.206420
vt 0.604575 0.210600
vt 0.601278 0.209508
vt 0.604575 0.226432
vt 0.605291 0.207511
vt 0.607703 0.207511
vt 0.611716 0.211692
vt 0.608418 0.210600
vt 0.612431 0.208603
vt 0.633135 0.230799
vt 0.640990 0.212970
vt 0.640275 0.216059
vt 0.636978 0.214967
vt 0.643403 0.212970
vt 0.640275 0.231891
vt 0.648131 0.214062
vt 0.647416 0.217151
vt 0.644118 0.216059
vt 0.650543 0.214062
vt 0.647416 0.232983
vt 0.644119 0.231891
vt 0.655271 0.215154
vt 0.657683 0.215154
vt 0.658398 0.218242
vt 0.655271 0.237164
vt 0.657683 0.237164
vt 0.662411 0.238255
vt 0.664823 0.238255
vt 0.661695 0.235138
vt 0.672678 0.236035
vt 0.674655 0.235571
vt 0.669551 0.239347
vt 0.668836 0.235912
vt 0.665517 0.235260
vt 0.658399 0.234075
vt 0.674655 0.223109
vt 0.626655 0.232752
vt 0.625995 0.229708
vt 0.636979 0.230799
vt 0.629839 0.229708
vt 0.629110 0.232975
vt 0.643649 0.233920
vt 0.647699 0.234208
vt 0.647699 0.234207
vt 0.633851 0.233888
vt 0.636263 0.233888
vt 0.643403 0.234980
vt 0.640991 0.234980
vt 0.611716 0.227524
vt 0.622699 0.228616
vt 0.621983 0.231705
vt 0.619571 0.231705
vt 0.615559 0.227524
vt 0.618856 0.228237
vt 0.600563 0.228430
vt 0.598151 0.228430
vt 0.597435 0.225341
vt 0.608419 0.226432
vt 0.605291 0.229521
vt 0.607703 0.229521
vt 0.601278 0.225341
vt 0.612431 0.230613
vt 0.614843 0.230613
vt 0.543257 0.210999
vt 0.546625 0.210890
vt 0.550413 0.210654
vt 0.553835 0.210781
vt 0.557678 0.210781
vt 0.561046 0.210671
vt 0.503360 0.211546
vt 0.499992 0.211656
vt 0.511096 0.209169
vt 0.507203 0.211546
vt 0.510571 0.211436
vt 0.517782 0.211327
vt 0.514414 0.211436
vt 0.513991 0.209611
vt 0.521559 0.211043
vt 0.524992 0.211293
vt 0.507203 0.227378
vt 0.510571 0.227269
vt 0.513662 0.231378
vt 0.518490 0.230218
vt 0.528120 0.230140
vt 0.525708 0.230140
vt 0.532919 0.230030
vt 0.536046 0.226941
vt 0.535331 0.230030
vt 0.542542 0.229921
vt 0.540129 0.229921
vt 0.549753 0.229811
vt 0.556963 0.229703
vt 0.463223 0.209112
vt 0.468021 0.209004
vt 0.470434 0.209004
vt 0.475232 0.208894
vt 0.474522 0.211963
vt 0.477645 0.208894
vt 0.481728 0.227706
vt 0.478360 0.227815
vt 0.478360 0.211983
vt 0.471149 0.212093
vt 0.482443 0.208785
vt 0.481728 0.211873
vt 0.484856 0.208785
vt 0.489654 0.208675
vt 0.488939 0.211765
vt 0.485535 0.211719
vt 0.492268 0.209544
vt 0.492066 0.208675
vt 0.415027 0.228218
vt 0.415735 0.224922
vt 0.482317 0.230392
vt 0.492782 0.227596
vt 0.496149 0.227488
vt 0.492067 0.230685
vt 0.471150 0.227925
vt 0.463240 0.231343
vt 0.467696 0.229605
vt 0.463939 0.228034
vt 0.474517 0.226807
vt 0.485571 0.227706
vt 0.488939 0.227596
vt 0.412615 0.206207
vt 0.415027 0.206207
vt 0.378033 0.197683
vt 0.390563 0.205223
vt 0.359053 0.197273
vt 0.392975 0.205223
vt 0.405334 0.205879
vt 0.404618 0.208968
vt 0.407746 0.205879
vt 0.411900 0.209297
vt 0.408461 0.208968
vt 0.375075 0.207657
vt 0.393691 0.224141
vt 0.378914 0.223510
vt 0.389848 0.208313
vt 0.389848 0.224062
vt 0.408462 0.224770
vt 0.378203 0.204567
vt 0.363878 0.203912
vt 0.346913 0.199824
vt 0.338430 0.197780
vt 0.375791 0.204567
vt 0.378918 0.207657
vt 0.335437 0.221659
vt 0.338916 0.221891
vt 0.378203 0.226578
vt 0.375791 0.226578
vt 0.392975 0.227234
vt 0.390563 0.227234
vt 0.334753 0.224612
vt 0.346193 0.222198
vt 0.342035 0.224939
vt 0.342723 0.221966
vt 0.339622 0.224939
vt 0.350008 0.222273
vt 0.353469 0.222505
vt 0.349316 0.225266
vt 0.346903 0.225266
vt 0.354184 0.225595
vt 0.364578 0.222886
vt 0.356597 0.225595
vt 0.363878 0.225922
vt 0.357294 0.222581
vt 0.360750 0.222784
vt 0.361466 0.225922
vt 0.329948 0.195736
vt 0.331625 0.205689
vt 0.329948 0.221985
vt 0.360750 0.207001
vt 0.357257 0.206460
vt 0.356613 0.203545
vt 0.332341 0.224610
vt 0.331642 0.221593
vt 0.332341 0.202600
vt 0.335468 0.205689
vt 0.338906 0.206018
vt 0.346188 0.206809
vt 0.342735 0.206281
vt 0.354184 0.203584
vt 0.350031 0.206345
vt 0.349352 0.203416
vt 0.353469 0.206674
vt 0.662411 0.216244
vt 0.661695 0.219334
vt 0.664823 0.216244
vt 0.669551 0.217337
vt 0.668836 0.220426
vt 0.665538 0.219334
vt 0.671963 0.217337
vt 0.672678 0.220426
vt 0.671964 0.239347
vt 0.460096 0.212202
vt 0.460811 0.209112
vt 0.460796 0.231300
vt 0.460096 0.228034
vt 0.597435 0.209508
vt 0.334552 0.202493
vt 0.339518 0.203096
vt 0.342123 0.203359
vt 0.346953 0.203519
vt 0.361611 0.203656
vt 0.469800 0.232153
vt 0.479592 0.233055
vt 0.468226 0.231081
vt 0.470215 0.231081
vt 0.474733 0.230998
vt 0.477891 0.231164
vt 0.484656 0.230437
vt 0.489682 0.230673
vt 0.496837 0.230570
vt 0.506214 0.230413
vt 0.508834 0.232539
vt 0.511369 0.230205
vt 0.516098 0.208292
vt 0.510087 0.208374
vt 0.518680 0.208211
vt 0.520816 0.208211
vt 0.526012 0.208129
vt 0.542571 0.207869
vt 0.561762 0.207689
vt 0.556793 0.207664
vt 0.554809 0.207705
vt 0.549689 0.207839
vt 0.600100 0.129014
vt 0.619000 0.088763
vt 0.353405 0.393430
vt 0.377128 0.357364
vt 0.424520 0.324004
vt 0.570189 0.121206
vt 0.422307 0.389603
vt 0.559952 0.399430
vt 0.620878 0.184519
vt 0.656022 0.184490
vt 0.619000 0.177878
vt 0.657891 0.154462
vt 0.619000 0.148733
vt 0.657891 0.177878
vt 0.620878 0.082123
vt 0.657891 0.105226
vt 0.657891 0.089535
vt 0.656013 0.082123
vt 0.657891 0.136610
vt 0.619000 0.120632
vt 0.285993 0.013099
vt 0.283306 0.014172
vt 0.241936 0.012919
vt 0.329524 0.242520
vt 0.301778 0.228944
vt 0.316262 0.230084
vt 0.324028 0.194364
vt 0.313086 0.197938
vt 0.301509 0.177561
vt 0.276586 0.153242
vt 0.261148 0.155378
vt 0.254106 0.116978
vt 0.264339 0.026384
vt 0.253380 0.039655
vt 0.241936 0.030430
vt 0.277876 0.016766
vt 0.313187 0.404538
vt 0.241936 0.427353
vt 0.329518 0.390351
vt 0.329524 0.310377
vt 0.241936 0.353471
vt 0.257807 0.291451
vt 0.275493 0.274732
vt 0.241936 0.415578
vt 0.241936 0.390639
vt 0.298924 0.380766
vt 0.276177 0.240681
vt 0.289205 0.228503
vt 0.288841 0.195543
vt 0.276085 0.161300
vt 0.329524 0.384296
vt 0.328914 0.403496
vt 0.241936 0.123811
vt 0.254350 0.191269
vt 0.241936 0.199828
vt 0.243257 0.088215
vt 0.244775 0.095245
vt 0.241840 0.092006
vt 0.241936 0.237704
vt 0.242716 0.081194
vt 0.242883 0.073742
vt 0.241936 0.081589
vt 0.241936 0.073637
vt 0.241936 0.101247
vt 0.246188 0.056929
vt 0.241936 0.058158
vt 0.253026 0.222316
vt 0.241936 0.224500
vt 0.329524 0.349286
vt 0.261637 0.261321
vt 0.263040 0.157943
vt 0.275715 0.159586
vt 0.274985 0.157943
vt 0.262737 0.264677
vt 0.262086 0.263398
vt 0.274985 0.264677
vt 0.275637 0.263397
vt 0.276085 0.261321
vt 0.261545 0.226463
vt 0.261545 0.191021
vt 0.261637 0.161299
vt 0.262086 0.159224
vt 0.295027 0.204050
vt 0.291589 0.203722
vt 0.295783 0.200975
vt 0.302309 0.204378
vt 0.298155 0.200961
vt 0.298871 0.204050
vt 0.283593 0.222316
vt 0.288462 0.222644
vt 0.287747 0.219554
vt 0.253741 0.219226
vt 0.298156 0.222971
vt 0.298871 0.219800
vt 0.295704 0.222802
vt 0.316871 0.220028
vt 0.317587 0.223956
vt 0.319999 0.223956
vt 0.329524 0.222064
vt 0.327280 0.224283
vt 0.327938 0.221442
vt 0.324868 0.224283
vt 0.320714 0.220464
vt 0.324152 0.221019
vt 0.317586 0.201944
vt 0.313433 0.204706
vt 0.303024 0.201288
vt 0.305436 0.201288
vt 0.306152 0.204378
vt 0.310305 0.201617
vt 0.309590 0.204706
vt 0.312717 0.201617
vt 0.302309 0.220209
vt 0.313433 0.220538
vt 0.309590 0.220538
vt 0.290874 0.200632
vt 0.291589 0.219554
vt 0.290821 0.222638
vt 0.295028 0.219882
vt 0.306152 0.220209
vt 0.305437 0.223300
vt 0.303024 0.223300
vt 0.312718 0.223627
vt 0.310305 0.223627
vt 0.243380 0.219226
vt 0.247199 0.203293
vt 0.250613 0.200305
vt 0.249898 0.203394
vt 0.253026 0.200305
vt 0.253741 0.203394
vt 0.247223 0.219226
vt 0.249898 0.219226
vt 0.246508 0.222316
vt 0.244095 0.222316
vt 0.250614 0.222316
vt 0.244095 0.200305
vt 0.243380 0.203394
vt 0.246508 0.200305
vt 0.316871 0.205033
vt 0.319999 0.201944
vt 0.324867 0.202272
vt 0.324152 0.205362
vt 0.327995 0.205362
vt 0.329524 0.195638
vt 0.320714 0.205033
vt 0.327280 0.202272
vt 0.276177 0.204785
vt 0.280465 0.219226
vt 0.281173 0.200472
vt 0.284308 0.219226
vt 0.281180 0.222316
vt 0.280465 0.203394
vt 0.288396 0.200469
vt 0.283593 0.200305
vt 0.287746 0.203722
vt 0.284308 0.203394
vt 0.241936 0.023492
vt 0.298040 0.400126
vt 0.217279 0.169893
vt 0.212662 0.200305
vt 0.196887 0.187279
vt 0.157202 0.140352
vt 0.173365 0.405947
vt 0.174032 0.389162
vt 0.193981 0.390030
vt 0.241512 0.415641
vt 0.216156 0.390036
vt 0.212596 0.223254
vt 0.216733 0.223816
vt 0.199371 0.235217
vt 0.174604 0.198267
vt 0.241512 0.016446
vt 0.241512 0.037394
vt 0.199221 0.014430
vt 0.217306 0.119084
vt 0.157202 0.029483
vt 0.193968 0.347898
vt 0.174107 0.345352
vt 0.157202 0.323584
vt 0.216390 0.306429
vt 0.178952 0.233439
vt 0.157202 0.389546
vt 0.169137 0.419259
vt 0.241512 0.427406
vt 0.157202 0.429821
vt 0.216286 0.350214
vt 0.238496 0.351891
vt 0.222386 0.236610
vt 0.176585 0.063504
vt 0.157202 0.093814
vt 0.157202 0.054742
vt 0.157202 0.232937
vt 0.165903 0.197384
vt 0.157202 0.196500
vt 0.157202 0.417591
vt 0.157202 0.018182
vt 0.241512 0.390521
vt 0.241512 0.372844
vt 0.238380 0.371592
vt 0.241512 0.353277
vt 0.241512 0.091989
vt 0.241512 0.237679
vt 0.241512 0.134061
vt 0.241512 0.177159
vt 0.213378 0.203394
vt 0.216745 0.203394
vt 0.181611 0.199285
vt 0.195113 0.203394
vt 0.191030 0.200305
vt 0.188617 0.200305
vt 0.240322 0.219226
vt 0.241512 0.211967
vt 0.239607 0.222316
vt 0.157202 0.208141
vt 0.159059 0.219140
vt 0.173851 0.220826
vt 0.170113 0.219226
vt 0.173481 0.219226
vt 0.174196 0.222316
vt 0.180692 0.219226
vt 0.177324 0.219181
vt 0.181377 0.221714
vt 0.187903 0.219226
vt 0.184535 0.219226
vt 0.188763 0.222132
vt 0.184033 0.221937
vt 0.233210 0.222316
vt 0.233925 0.219226
vt 0.236479 0.219226
vt 0.226921 0.219226
vt 0.230187 0.219679
vt 0.226206 0.222316
vt 0.195828 0.200305
vt 0.198261 0.200406
vt 0.205595 0.200638
vt 0.203039 0.200305
vt 0.210250 0.200305
vt 0.202324 0.203394
vt 0.198956 0.203394
vt 0.209535 0.203394
vt 0.206167 0.203394
vt 0.217408 0.200535
vt 0.233925 0.203394
vt 0.236478 0.203394
vt 0.223751 0.200488
vt 0.219922 0.200516
vt 0.220588 0.203394
vt 0.223078 0.203394
vt 0.230743 0.200540
vt 0.226921 0.203394
vt 0.226259 0.200533
vt 0.230082 0.203394
vt 0.233353 0.200856
vt 0.237161 0.200449
vt 0.191746 0.219226
vt 0.191745 0.203394
vt 0.184534 0.204142
vt 0.187902 0.203394
vt 0.177324 0.203394
vt 0.181407 0.200305
vt 0.180692 0.203394
vt 0.184181 0.201868
vt 0.183819 0.200305
vt 0.220589 0.219226
vt 0.195113 0.219226
vt 0.206167 0.219226
vt 0.202324 0.219226
vt 0.198956 0.219226
vt 0.209535 0.219226
vt 0.213378 0.219226
vt 0.212919 0.221936
vt 0.159774 0.200305
vt 0.159059 0.203394
vt 0.166319 0.219437
vt 0.162187 0.222316
vt 0.162874 0.219348
vt 0.159774 0.222316
vt 0.169398 0.222316
vt 0.166986 0.222316
vt 0.170113 0.203394
vt 0.162902 0.203394
vt 0.162187 0.200305
vt 0.166270 0.203394
vt 0.174331 0.200341
vt 0.169398 0.200305
vt 0.173481 0.203394
vt 0.241512 0.199917
vt 0.240321 0.203394
vt 0.239608 0.200311
vt 0.167013 0.200392
vt 0.176536 0.200396
vt 0.176664 0.222322
vt 0.191052 0.222221
vt 0.185114 0.199795
vt 0.202976 0.222910
vt 0.205335 0.223091
vt 0.210379 0.223453
vt 0.195827 0.222386
vt 0.198104 0.222547
vt 0.217461 0.222316
vt 0.219959 0.222316
vt 0.223196 0.219735
vt 0.223838 0.222691
vt 0.230614 0.222135
vt 0.237123 0.222316
vt 0.216746 0.219226
vt 0.192940 0.350832
vt 0.192224 0.353921
vt 0.195352 0.350832
vt 0.214160 0.368310
vt 0.214875 0.350832
vt 0.214160 0.353921
vt 0.170990 0.350832
vt 0.170275 0.353921
vt 0.173403 0.350832
vt 0.174109 0.353881
vt 0.174099 0.369835
vt 0.173403 0.372843
vt 0.170990 0.372843
vt 0.170275 0.369754
vt 0.192940 0.372843
vt 0.195352 0.372843
vt 0.192224 0.369506
vt 0.218003 0.369754
vt 0.217288 0.372843
vt 0.217288 0.350832
vt 0.218003 0.353921
vt 0.196067 0.369641
vt 0.196067 0.353921
vt 0.214876 0.372843
vt 0.211127 0.141831
vt 0.157202 0.180865
vt 0.198515 0.018086
vt 0.241512 0.011993
vt 0.241512 0.023340
vt 0.211018 0.039530
vt 0.159510 0.029219
vt 0.175992 0.141831
vt 0.213005 0.070673
vt 0.174114 0.050152
vt 0.175992 0.039434
vt 0.175750 0.040291
vt 0.212727 0.045091
vt 0.213005 0.132542
vt 0.174114 0.063512
vt 0.174114 0.107279
vt 0.174114 0.135190
vt 0.213005 0.117592
vt 0.129859 0.261321
vt 0.109435 0.261062
vt 0.113682 0.227138
vt 0.135523 0.033843
vt 0.109462 0.036521
vt 0.119169 0.030404
vt 0.156715 0.054649
vt 0.109462 0.064361
vt 0.109462 0.424905
vt 0.156778 0.417532
vt 0.156778 0.429788
vt 0.152008 0.200305
vt 0.151293 0.203394
vt 0.144399 0.202152
vt 0.156778 0.140420
vt 0.154738 0.161465
vt 0.132966 0.143833
vt 0.109462 0.041015
vt 0.109462 0.227736
vt 0.109462 0.419989
vt 0.109462 0.411027
vt 0.156778 0.389336
vt 0.109462 0.368013
vt 0.109462 0.301697
vt 0.109462 0.097756
vt 0.109462 0.168570
vt 0.109462 0.398559
vt 0.111639 0.281246
vt 0.111628 0.200305
vt 0.110913 0.203394
vt 0.156778 0.269583
vt 0.156778 0.287662
vt 0.154444 0.268779
vt 0.156778 0.093686
vt 0.156753 0.232900
vt 0.156778 0.161006
vt 0.156778 0.196622
vt 0.156778 0.029425
vt 0.156778 0.018310
vt 0.130959 0.157943
vt 0.130308 0.159224
vt 0.129851 0.161786
vt 0.130396 0.263570
vt 0.144321 0.162122
vt 0.143859 0.159224
vt 0.143207 0.157943
vt 0.143207 0.264677
vt 0.131196 0.264677
vt 0.144307 0.261321
vt 0.143859 0.263397
vt 0.129767 0.230346
vt 0.144399 0.224217
vt 0.110938 0.218706
vt 0.111628 0.222316
vt 0.109462 0.207835
vt 0.114041 0.222316
vt 0.114756 0.203394
vt 0.114041 0.200305
vt 0.118980 0.200305
vt 0.118271 0.203370
vt 0.118980 0.222316
vt 0.121393 0.222316
vt 0.122108 0.218886
vt 0.122108 0.203394
vt 0.118265 0.218639
vt 0.114756 0.218568
vt 0.152047 0.222316
vt 0.154420 0.222316
vt 0.154464 0.200493
vt 0.155136 0.203394
vt 0.151293 0.219227
vt 0.156778 0.218940
vt 0.155128 0.219259
vt 0.121423 0.200436
vt 0.132194 0.385163
vt 0.109462 0.380783
vt 0.156778 0.323301
vt 0.118203 0.297881
vt 0.109457 0.282679
vt 0.118203 0.372382
vt 0.109462 0.325527
vt 0.111083 0.348567
vt 0.111083 0.297750
vt 0.111083 0.327298
vt 0.111702 0.294409
vt 0.117584 0.294409
vt 0.111083 0.372257
vt 0.111702 0.375760
vt 0.117584 0.375760
vt 0.099862 0.410225
vt 0.109038 0.419724
vt 0.101420 0.413448
vt 0.081072 0.405021
vt 0.091211 0.412851
vt 0.097417 0.419914
vt 0.101420 0.420598
vt 0.107920 0.424688
vt 0.095773 0.410673
vt 0.092024 0.408223
vt 0.095773 0.417646
vt 0.080599 0.096419
vt 0.096210 0.087217
vt 0.082164 0.080346
vt 0.079846 0.112161
vt 0.046184 0.133791
vt 0.046184 0.154681
vt 0.109038 0.036770
vt 0.084695 0.053130
vt 0.109038 0.041205
vt 0.046325 0.270509
vt 0.072289 0.280941
vt 0.046184 0.255594
vt 0.074777 0.385919
vt 0.082189 0.398593
vt 0.093600 0.195840
vt 0.077857 0.196361
vt 0.109038 0.424845
vt 0.046184 0.221891
vt 0.048076 0.202847
vt 0.046193 0.186812
vt 0.058331 0.184567
vt 0.090059 0.382284
vt 0.109038 0.380422
vt 0.090609 0.341451
vt 0.109038 0.064579
vt 0.084574 0.055524
vt 0.046184 0.112598
vt 0.046184 0.301342
vt 0.053543 0.301209
vt 0.046184 0.285803
vt 0.060112 0.341038
vt 0.046184 0.310667
vt 0.046184 0.315846
vt 0.059994 0.344882
vt 0.064878 0.346268
vt 0.068560 0.347316
vt 0.046184 0.270231
vt 0.046184 0.232758
vt 0.054067 0.230620
vt 0.070243 0.230150
vt 0.081235 0.231890
vt 0.073287 0.386357
vt 0.078258 0.384986
vt 0.109038 0.398533
vt 0.109038 0.301642
vt 0.046184 0.272245
vt 0.095610 0.203394
vt 0.096325 0.200305
vt 0.109038 0.170307
vt 0.109038 0.097683
vt 0.109038 0.240830
vt 0.097627 0.229415
vt 0.109038 0.410720
vt 0.098738 0.200305
vt 0.048664 0.200305
vt 0.048049 0.220384
vt 0.048664 0.222316
vt 0.051077 0.222316
vt 0.051661 0.219795
vt 0.059716 0.219095
vt 0.059001 0.222316
vt 0.064092 0.218703
vt 0.055985 0.219350
vt 0.056589 0.222316
vt 0.056657 0.200332
vt 0.051792 0.203394
vt 0.055933 0.203445
vt 0.059716 0.203394
vt 0.067935 0.219226
vt 0.067219 0.222316
vt 0.064855 0.222316
vt 0.072826 0.200527
vt 0.067935 0.204161
vt 0.071754 0.203374
vt 0.067219 0.200305
vt 0.064807 0.200305
vt 0.064092 0.203394
vt 0.071749 0.218793
vt 0.075592 0.218765
vt 0.079734 0.218421
vt 0.072464 0.222316
vt 0.074877 0.222316
vt 0.075592 0.203394
vt 0.074651 0.200305
vt 0.080503 0.222316
vt 0.082863 0.222316
vt 0.082863 0.200305
vt 0.083577 0.203726
vt 0.080450 0.200305
vt 0.079734 0.203394
vt 0.090619 0.222181
vt 0.091399 0.218776
vt 0.091400 0.203394
vt 0.090685 0.200305
vt 0.088272 0.200305
vt 0.087782 0.202422
vt 0.083577 0.218724
vt 0.087557 0.218519
vt 0.087557 0.207166
vt 0.095610 0.218247
vt 0.109038 0.218728
vt 0.109038 0.207970
vt 0.106916 0.219048
vt 0.099361 0.202998
vt 0.106215 0.222316
vt 0.099453 0.218794
vt 0.103088 0.218770
vt 0.103088 0.203394
vt 0.106931 0.203394
vt 0.106215 0.200305
vt 0.103803 0.200305
vt 0.087855 0.220514
vt 0.088272 0.222316
vt 0.098738 0.222316
vt 0.103803 0.222316
vt 0.051077 0.200305
vt 0.058995 0.200123
vt 0.096325 0.222316
vt 0.062961 0.261147
vt 0.046184 0.288053
vt 0.080343 0.250909
vt 0.109038 0.282962
vt 0.079721 0.390525
vt 0.105762 0.037951
vt 0.062084 0.228575
vt 0.091263 0.397665
vt 0.109038 0.227796
vt 0.109038 0.036389
vt 0.109038 0.037038
vt 0.105762 0.039233
vt 0.049452 0.090640
vt 0.046184 0.094278
vt 0.046184 0.101997
vt 0.049452 0.099666
vt 0.046184 0.091336
vt 0.049452 0.087964
vt 0.049452 0.099665
vt 0.049452 0.117795
vt 0.084574 0.117795
vt 0.084695 0.117795
vt 0.105762 0.117795
vt 0.024410 0.197966
vt 0.031595 0.197419
vt 0.031453 0.184766
vt 0.032497 0.110295
vt 0.018730 0.132833
vt 0.018658 0.135348
vt 0.026273 0.230086
vt 0.032125 0.243812
vt 0.033407 0.230725
vt 0.024632 0.135920
vt 0.031266 0.147861
vt 0.031496 0.121548
vt 0.036944 0.200332
vt 0.017738 0.184681
vt 0.017669 0.197982
vt 0.018238 0.152192
vt 0.018479 0.141794
vt 0.018749 0.132178
vt 0.017473 0.229916
vt 0.017514 0.250178
vt 0.045901 0.300658
vt 0.017486 0.255630
vt 0.017458 0.257774
vt 0.045569 0.314513
vt 0.045639 0.309463
vt 0.040446 0.231708
vt 0.041162 0.203394
vt 0.041878 0.200305
vt 0.037653 0.219228
vt 0.036938 0.222316
vt 0.022949 0.203394
vt 0.022949 0.219157
vt 0.026459 0.203394
vt 0.022234 0.222316
vt 0.029586 0.222316
vt 0.045901 0.232706
vt 0.045901 0.094697
vt 0.045901 0.186986
vt 0.045901 0.147984
vt 0.045901 0.134324
vt 0.045901 0.112758
vt 0.045901 0.117396
vt 0.044290 0.200305
vt 0.045901 0.308004
vt 0.045901 0.287187
vt 0.045901 0.269676
vt 0.045901 0.222081
vt 0.044290 0.222316
vt 0.045901 0.310042
vt 0.045901 0.315180
vt 0.045901 0.092325
vt 0.019132 0.219334
vt 0.017550 0.219592
vt 0.019822 0.222316
vt 0.017638 0.209292
vt 0.019107 0.203394
vt 0.022234 0.200305
vt 0.019822 0.200305
vt 0.019107 0.209176
vt 0.041397 0.220238
vt 0.041878 0.222316
vt 0.045005 0.219226
vt 0.045005 0.203394
vt 0.045901 0.209213
vt 0.041162 0.217326
vt 0.029614 0.200424
vt 0.030302 0.203394
vt 0.026459 0.219068
vt 0.030302 0.219041
vt 0.027174 0.222316
vt 0.027174 0.200305
vt 0.033810 0.219095
vt 0.034526 0.222316
vt 0.037654 0.203394
vt 0.034526 0.200305
vt 0.033810 0.203394
vt 0.263138 0.262625
vt 0.262110 0.259399
vt 0.275698 0.239552
vt 0.274585 0.262625
vt 0.275193 0.261393
vt 0.275612 0.259398
vt 0.262529 0.261394
vt 0.274124 0.172512
vt 0.262529 0.161227
vt 0.263421 0.159995
vt 0.262110 0.163223
vt 0.262023 0.238290
vt 0.275698 0.190623
vt 0.262023 0.204327
vt 0.274585 0.159995
vt 0.275267 0.161576
vt 0.275612 0.163223
vt 0.275698 0.215606
vt 0.273857 0.204304
vt 0.270014 0.204160
vt 0.270729 0.200305
vt 0.273142 0.200305
vt 0.273857 0.219226
vt 0.273142 0.222316
vt 0.270730 0.222316
vt 0.270014 0.219226
vt 0.442446 0.268559
vt 0.429491 0.267147
vt 0.442889 0.252674
vt 0.442389 0.168667
vt 0.442804 0.170662
vt 0.442863 0.174199
vt 0.441786 0.167435
vt 0.430445 0.167435
vt 0.429842 0.168666
vt 0.429426 0.170661
vt 0.441786 0.270064
vt 0.430445 0.270064
vt 0.429842 0.268833
vt 0.442889 0.228612
vt 0.429341 0.236667
vt 0.442804 0.266837
vt 0.438112 0.228076
vt 0.440557 0.228218
vt 0.437429 0.209297
vt 0.441272 0.209297
vt 0.438144 0.206207
vt 0.440557 0.206207
vt 0.441272 0.225129
vt 0.437429 0.225129
vt 0.587276 0.259110
vt 0.573830 0.263253
vt 0.587293 0.248731
vt 0.574245 0.265249
vt 0.574848 0.266480
vt 0.573744 0.231362
vt 0.587207 0.167078
vt 0.586189 0.163850
vt 0.586792 0.165082
vt 0.573931 0.166589
vt 0.574848 0.163850
vt 0.574245 0.165082
vt 0.587293 0.197868
vt 0.584747 0.226688
vt 0.587207 0.263252
vt 0.586792 0.265248
vt 0.586189 0.266480
vt 0.582335 0.204677
vt 0.584747 0.204677
vt 0.573744 0.216916
vt 0.587293 0.216959
vt 0.585463 0.223598
vt 0.581619 0.207767
vt 0.585463 0.207767
vt 0.582335 0.226688
vt 0.581620 0.223598
vt 0.780256 0.295683
vt 0.779659 0.294464
vt 0.779243 0.292196
vt 0.791028 0.295683
vt 0.792509 0.292135
vt 0.792091 0.294463
vt 0.779163 0.233136
vt 0.779235 0.198028
vt 0.792508 0.197544
vt 0.790748 0.247871
vt 0.792587 0.247352
vt 0.792587 0.257419
vt 0.792587 0.234816
vt 0.789882 0.195117
vt 0.787285 0.194031
vt 0.791494 0.194031
vt 0.791937 0.194937
vt 0.780256 0.194031
vt 0.779659 0.195250
vt 0.787620 0.234447
vt 0.786905 0.237536
vt 0.779163 0.244454
vt 0.790039 0.234473
vt 0.790748 0.237831
vt 0.786905 0.253368
vt 0.790032 0.256459
vt 0.787605 0.256390
vt 0.790748 0.253368
vt 0.131581 0.262625
vt 0.130833 0.261560
vt 0.132590 0.261947
vt 0.143912 0.254763
vt 0.132996 0.229032
vt 0.142807 0.262625
vt 0.135630 0.262625
vt 0.143415 0.261393
vt 0.143834 0.259398
vt 0.132617 0.262625
vt 0.143848 0.164013
vt 0.131360 0.159995
vt 0.142807 0.159995
vt 0.143921 0.223720
vt 0.143921 0.176689
vt 0.130324 0.163692
vt 0.130751 0.161227
vt 0.130332 0.259399
vt 0.130246 0.229613
vt 0.143415 0.161228
vt 0.141411 0.222316
vt 0.142127 0.218848
vt 0.138999 0.200305
vt 0.138454 0.202659
vt 0.130246 0.208627
vt 0.142127 0.203394
vt 0.143921 0.202504
vt 0.141411 0.200305
vt 0.138284 0.205304
vt 0.138284 0.218258
vt 0.138809 0.222156
vt 0.101261 0.420598
vt 0.095933 0.417646
vt 0.101261 0.413448
vt 0.095933 0.410673
vt 0.174491 0.051708
vt 0.179177 0.041403
vt 0.176095 0.042227
vt 0.196987 0.063350
vt 0.174491 0.133477
vt 0.176333 0.139861
vt 0.174491 0.106639
vt 0.174491 0.064554
vt 0.210786 0.139861
vt 0.212628 0.130931
vt 0.212628 0.116555
vt 0.212628 0.071439
vt 0.212355 0.046843
vt 0.176333 0.041403
vt 0.210678 0.041496
vt 0.619381 0.121002
vt 0.619381 0.176582
vt 0.657510 0.153846
vt 0.621222 0.183027
vt 0.657510 0.136514
vt 0.657510 0.106044
vt 0.619381 0.090060
vt 0.655677 0.182999
vt 0.657510 0.176582
vt 0.657510 0.090812
vt 0.655669 0.083614
vt 0.621222 0.083614
vt 0.683515 0.183796
vt 0.699394 0.156418
vt 0.681709 0.147646
vt 0.681709 0.114574
vt 0.681709 0.177350
vt 0.683515 0.099035
vt 0.681709 0.105482
vt 0.699024 0.109367
vt 0.699394 0.122514
vt 0.699394 0.177350
vt 0.697588 0.104240
vt 0.697588 0.183796
vt 0.111344 0.298838
vt 0.117368 0.295593
vt 0.111917 0.295594
vt 0.111344 0.371174
vt 0.111917 0.374575
vt 0.117368 0.374575
vt 0.117941 0.371297
vt 0.117941 0.298965
usemtl B747side
s off
f 1358/1357 1357/1358 1359/1359
f 1360/1360 1361/1361 1359/1359
f 1366/1362 1616/1363 1367/1364
f 1368/1365 1387/1366 1392/1367
f 1369/1368 1371/1369 1370/1370
f 1371/1369 1373/1371 1374/1372
f 1375/1373 1373/1371 1376/1374
f 1375/1373 1377/1375 1378/1376
f 1379/1377 1380/1378 1381/1379
f 1384/1380 1386/1381 1390/1382
f 1383/1383 1388/1384 1389/1385
f 1390/1382 1391/1386 1392/1367
f 1362/1387 1406/1388 1397/1389
f 1396/1390 1400/1391 1399/1392
f 1405/1393 1406/1388 1407/1394
f 1415/1395 1455/1396 1401/1397
f 1460/1398 1415/1395 1408/1399
f 1409/1400 1417/1401 1390/1382
f 1412/1402 1411/1403 1409/1400
f 1411/1403 1414/1404 1409/1400
f 1459/1405 1415/1395 1401/1397
f 1459/1405 1416/1406 1408/1399
f 1421/1407 1420/1408 1372/1409
f 1433/1410 1426/1411 1425/1412
f 1463/1413 1427/1414 1428/1415
f 1429/1416 1427/1414 1410/1417
f 1431/1418 1430/1419 1432/1420
f 1434/1421 1433/1410 1425/1412
f 1435/1422 1434/1421 1436/1423
f 1423/1424 1434/1421 1425/1412
f 1438/1425 1437/1426 1439/1427
f 1422/1428 1437/1426 1423/1424
f 1410/1417 1440/1429 1418/1430
f 1629/1365 1357/1358 1620/1357
f 1620/1357 1357/1358 1358/1357
f 1359/1359 1357/1358 1443/1431
f 1443/1431 1357/1358 1444/1432
f 1444/1432 1357/1358 1446/1433
f 1359/1359 1443/1431 1360/1360
f 1481/1434 1366/1362 1360/1360
f 1366/1362 1361/1361 1360/1360
f 1366/1362 1364/1435 1361/1361
f 1364/1435 1473/1436 1361/1361
f 1473/1436 1364/1435 1363/1437
f 1539/1438 1364/1435 1365/1439
f 1365/1439 1364/1435 1366/1362
f 1367/1364 1365/1439 1366/1362
f 1481/1434 1616/1363 1366/1362
f 1446/1433 1357/1358 1392/1367
f 1392/1367 1357/1358 1368/1365
f 1368/1365 1357/1358 1629/1365
f 1388/1384 1387/1366 1368/1365
f 1389/1385 1388/1384 1368/1365
f 1439/1427 1372/1409 1369/1368
f 1372/1409 1371/1369 1369/1368
f 1374/1372 1370/1370 1371/1369
f 1447/1440 1376/1374 1373/1371
f 1372/1409 1447/1440 1371/1369
f 1447/1440 1373/1371 1371/1369
f 1448/1441 1374/1372 1373/1371
f 1378/1376 1448/1441 1375/1373
f 1448/1441 1373/1371 1375/1373
f 1376/1374 1379/1377 1375/1373
f 1379/1377 1377/1375 1375/1373
f 1382/1442 1378/1376 1377/1375
f 1384/1380 1390/1382 1380/1378
f 1384/1380 1380/1378 1379/1377
f 1379/1377 1381/1379 1382/1442
f 1379/1377 1382/1442 1377/1375
f 1380/1378 1390/1382 1387/1366
f 1381/1379 1380/1378 1383/1383
f 1380/1378 1387/1366 1383/1383
f 1382/1442 1383/1383 1389/1385
f 1382/1442 1381/1379 1383/1383
f 1379/1377 1385/1443 1384/1380
f 1385/1443 1386/1381 1384/1380
f 1379/1377 1376/1374 1385/1443
f 1383/1383 1387/1366 1388/1384
f 1391/1386 1446/1433 1392/1367
f 1392/1367 1387/1366 1390/1382
f 1406/1388 1401/1397 1450/1444
f 1452/1445 1451/1446 1395/1447
f 1399/1392 1452/1445 1396/1390
f 1452/1445 1395/1447 1396/1390
f 1451/1446 1477/1448 1395/1447
f 1406/1388 1362/1387 1398/1449
f 1453/1450 1400/1391 1455/1396
f 1453/1450 1399/1392 1400/1391
f 1454/1451 1453/1450 1455/1396
f 1401/1397 1455/1396 1400/1391
f 1400/1391 1396/1390 1401/1397
f 1401/1397 1402/1452 1459/1405
f 1402/1452 1401/1397 1406/1388
f 1459/1405 1402/1452 1403/1453
f 1402/1452 1406/1388 1403/1453
f 1391/1386 1459/1405 1404/1454
f 1459/1405 1403/1453 1404/1454
f 1403/1453 1406/1388 1405/1393
f 1614/1455 1613/1456 1406/1388
f 1456/1457 1406/1388 1398/1449
f 1393/1458 1445/1459 1457/1460
f 1618/1461 1394/1462 1405/1393
f 1394/1462 1393/1458 1405/1393
f 1404/1454 1458/1463 1391/1386
f 1460/1398 1455/1396 1415/1395
f 1390/1382 1417/1401 1416/1406
f 1462/1464 1386/1381 1385/1443
f 1424/1465 1409/1400 1462/1464
f 1386/1381 1462/1464 1409/1400
f 1390/1382 1386/1381 1409/1400
f 1418/1430 1412/1402 1410/1417
f 1426/1411 1410/1417 1412/1402
f 1424/1465 1426/1411 1409/1400
f 1426/1411 1412/1402 1409/1400
f 1418/1430 1419/1466 1412/1402
f 1419/1466 1411/1403 1412/1402
f 1419/1466 1413/1467 1411/1403
f 1413/1467 1414/1404 1411/1403
f 1419/1466 1460/1398 1413/1467
f 1408/1399 1413/1467 1460/1398
f 1408/1399 1415/1395 1459/1405
f 1413/1467 1408/1399 1416/1406
f 1414/1404 1413/1467 1416/1406
f 1409/1400 1414/1404 1417/1401
f 1414/1404 1416/1406 1417/1401
f 1419/1466 1418/1430 1441/1468
f 1461/1469 1419/1466 1441/1468
f 1460/1398 1419/1466 1461/1469
f 1460/1398 1461/1469 1454/1451
f 1455/1396 1460/1398 1454/1451
f 1422/1428 1385/1443 1420/1408
f 1422/1428 1420/1408 1421/1407
f 1447/1440 1372/1409 1420/1408
f 1376/1374 1447/1440 1385/1443
f 1447/1440 1420/1408 1385/1443
f 1423/1424 1462/1464 1422/1428
f 1422/1428 1462/1464 1385/1443
f 1425/1412 1424/1465 1423/1424
f 1424/1465 1462/1464 1423/1424
f 1429/1416 1410/1417 1426/1411
f 1429/1416 1426/1411 1433/1410
f 1424/1465 1425/1412 1426/1411
f 1440/1429 1410/1417 1427/1414
f 1440/1429 1427/1414 1463/1413
f 1464/1470 1428/1415 1427/1414
f 1433/1410 1464/1470 1429/1416
f 1464/1470 1427/1414 1429/1416
f 1464/1470 1433/1410 1430/1419
f 1428/1415 1464/1470 1431/1418
f 1464/1470 1430/1419 1431/1418
f 1465/1471 1432/1420 1430/1419
f 1466/1472 1465/1471 1433/1410
f 1465/1471 1430/1419 1433/1410
f 1466/1472 1433/1410 1434/1421
f 1466/1472 1434/1421 1435/1422
f 1436/1423 1434/1421 1423/1424
f 1436/1423 1423/1424 1437/1426
f 1436/1423 1437/1426 1438/1425
f 1467/1473 1439/1427 1437/1426
f 1467/1473 1437/1426 1422/1428
f 1467/1473 1422/1428 1421/1407
f 1439/1427 1467/1473 1372/1409
f 1467/1473 1421/1407 1372/1409
f 1463/1413 1469/1474 1440/1429
f 1469/1474 1468/1475 1441/1468
f 1469/1474 1441/1468 1440/1429
f 1440/1429 1441/1468 1418/1430
f 1390/1382 1416/1406 1459/1405
f 1390/1382 1459/1405 1391/1386
f 1472/1476 1359/1359 1470/1477
f 1471/1478 1396/1390 1475/1479
f 1401/1397 1396/1390 1471/1478
f 1450/1444 1401/1397 1471/1478
f 1442/1480 1406/1388 1450/1444
f 1397/1389 1406/1388 1442/1480
f 1719/1481 1358/1357 1476/1482
f 1358/1357 1359/1359 1472/1476
f 1476/1482 1358/1357 1472/1476
f 1470/1477 1361/1361 1473/1436
f 1359/1359 1361/1361 1470/1477
f 1473/1436 1363/1437 1474/1483
f 1396/1390 1395/1447 1475/1479
f 1475/1479 1395/1447 1477/1448
f 1480/1484 1360/1360 1443/1431
f 1404/1454 1449/1485 1458/1463
f 1480/1484 1443/1431 1444/1432
f 1444/1432 1479/1486 1480/1484
f 1444/1432 1446/1433 1478/1487
f 1478/1487 1479/1486 1444/1432
f 1482/1488 1360/1360 1483/1489
f 1482/1488 1481/1434 1360/1360
f 1404/1454 1403/1453 1484/1490
f 1404/1454 1485/1491 1449/1485
f 1404/1454 1484/1490 1485/1491
f 1486/1492 1484/1490 1403/1453
f 1403/1453 1405/1393 1486/1492
f 1405/1393 1487/1493 1486/1492
f 1405/1393 1488/1494 1487/1493
f 1393/1458 1488/1494 1405/1393
f 1445/1459 1616/1363 1481/1434
f 1481/1434 1457/1460 1445/1459
f 1446/1433 1391/1386 1489/1495
f 1489/1495 1478/1487 1446/1433
f 1458/1463 1489/1495 1391/1386
f 1483/1489 1360/1360 1480/1484
f 1490/1496 1491/1497 1407/1394
f 1491/1497 1490/1496 1492/1498
f 1492/1498 1544/1499 1491/1497
f 1550/1500 1393/1458 1394/1462
f 1393/1458 1550/1500 1445/1459
f 1398/1449 1610/1501 1609/1502
f 1398/1449 1534/1503 1495/1504
f 1494/1505 1398/1449 1495/1504
f 1496/1506 1498/1507 1497/1508
f 1557/1509 1561/1510 1456/1457
f 1500/1511 1367/1364 1499/1512
f 1499/1512 1367/1364 1502/1513
f 1499/1512 1502/1513 1503/1514
f 1506/1515 1507/1516 1363/1437
f 1507/1516 1506/1515 1508/1517
f 1509/1518 1508/1517 1506/1515
f 1608/1519 1362/1387 1515/1520
f 1362/1387 1511/1521 1510/1522
f 1362/1387 1508/1517 1512/1523
f 1511/1521 1362/1387 1512/1523
f 1508/1517 1509/1518 1512/1523
f 1514/1524 1398/1449 1513/1525
f 1516/1526 1517/1527 1510/1522
f 1515/1520 1510/1522 1517/1527
f 1590/1528 1518/1529 1519/1530
f 1363/1437 1520/1531 1518/1529
f 1363/1437 1521/1532 1520/1531
f 1521/1532 1363/1437 1522/1533
f 1521/1532 1522/1533 1504/1534
f 1363/1437 1523/1535 1522/1533
f 1507/1516 1523/1535 1363/1437
f 1363/1437 1524/1536 1506/1515
f 1525/1537 1524/1536 1363/1437
f 1528/1538 1526/1539 1364/1435
f 1528/1538 1364/1435 1529/1540
f 1528/1538 1529/1540 1530/1541
f 1588/1542 1530/1541 1529/1540
f 1364/1435 1534/1503 1531/1543
f 1531/1543 1529/1540 1364/1435
f 1534/1503 1532/1544 1531/1543
f 1534/1503 1364/1435 1533/1545
f 1535/1546 1533/1545 1364/1435
f 1536/1547 1535/1546 1364/1435
f 1535/1546 1536/1547 1537/1548
f 1364/1435 1539/1438 1538/1549
f 1538/1549 1536/1547 1364/1435
f 1540/1550 1539/1438 1365/1439
f 1541/1551 1502/1513 1367/1364
f 1541/1551 1542/1552 1543/1553
f 1543/1553 1544/1499 1492/1498
f 1543/1553 1542/1552 1544/1499
f 1548/1554 1547/1555 1546/1556
f 1549/1557 1445/1459 1550/1500
f 1548/1554 1493/1558 1547/1555
f 1551/1559 1407/1394 1491/1497
f 1553/1560 1550/1500 1394/1462
f 1394/1462 1554/1561 1553/1560
f 1493/1558 1548/1554 1556/1562
f 1552/1563 1556/1562 1555/1564
f 1493/1558 1556/1562 1552/1563
f 1559/1565 1557/1509 1558/1566
f 1560/1567 1501/1568 1582/1569
f 1561/1510 1557/1509 1559/1565
f 1560/1567 1562/1570 1501/1568
f 1537/1548 1536/1547 1563/1571
f 1564/1572 1538/1549 1539/1438
f 1498/1507 1496/1506 1537/1548
f 1537/1548 1563/1571 1498/1507
f 1565/1573 1564/1572 1539/1438
f 1567/1574 1497/1508 1498/1507
f 1568/1575 1557/1509 1456/1457
f 1456/1457 1569/1576 1568/1575
f 1456/1457 1570/1577 1569/1576
f 1564/1572 1565/1573 1571/1578
f 1570/1577 1566/1579 1572/1580
f 1564/1572 1571/1578 1572/1580
f 1572/1580 1571/1578 1570/1577
f 1577/1581 1490/1496 1407/1394
f 1578/1582 1579/1583 1580/1584
f 1577/1581 1580/1584 1579/1583
f 1578/1582 1503/1514 1579/1583
f 1456/1457 1561/1510 1581/1585
f 1573/1586 1456/1457 1581/1585
f 1503/1514 1578/1582 1499/1512
f 1534/1503 1398/1449 1583/1587
f 1584/1588 1583/1587 1398/1449
f 1398/1449 1514/1524 1585/1589
f 1585/1589 1584/1588 1398/1449
f 1514/1524 1586/1590 1585/1589
f 1586/1590 1514/1524 1587/1591
f 1517/1527 1516/1526 1505/1592
f 1532/1544 1534/1503 1583/1587
f 1586/1590 1587/1591 1530/1541
f 1530/1541 1588/1542 1586/1590
f 1474/1483 1363/1437 1589/1593
f 1590/1528 1589/1593 1363/1437
f 1596/1594 1591/1595 1592/1596
f 1504/1534 1597/1597 1521/1532
f 1590/1528 1519/1530 1601/1598
f 1362/1387 1397/1389 1593/1599
f 1594/1600 1362/1387 1593/1599
f 1397/1389 1591/1595 1595/1601
f 1595/1601 1593/1599 1397/1389
f 1591/1595 1596/1594 1595/1601
f 1598/1602 1597/1597 1362/1387
f 1598/1602 1362/1387 1599/1603
f 1362/1387 1594/1600 1599/1603
f 1601/1598 1519/1530 1600/1604
f 1601/1598 1599/1603 1594/1600
f 1599/1603 1601/1598 1600/1604
f 1602/1605 1507/1516 1508/1517
f 1508/1517 1362/1387 1603/1606
f 1603/1606 1602/1605 1508/1517
f 1362/1387 1604/1607 1603/1606
f 1597/1597 1504/1534 1605/1608
f 1362/1387 1597/1597 1605/1608
f 1362/1387 1605/1608 1604/1607
f 1592/1596 1607/1609 1596/1594
f 1474/1483 1589/1593 1606/1610
f 1592/1596 1474/1483 1606/1610
f 1592/1596 1606/1610 1607/1609
f 1363/1437 1518/1529 1590/1528
f 1526/1539 1527/1611 1525/1537
f 1525/1537 1527/1611 1505/1592
f 1505/1592 1527/1611 1517/1527
f 1364/1435 1526/1539 1363/1437
f 1363/1437 1526/1539 1525/1537
f 1362/1387 1608/1519 1398/1449
f 1515/1520 1362/1387 1510/1522
f 1513/1525 1608/1519 1515/1520
f 1513/1525 1398/1449 1608/1519
f 1398/1449 1609/1502 1456/1457
f 1610/1501 1398/1449 1494/1505
f 1566/1579 1609/1502 1567/1574
f 1567/1574 1609/1502 1610/1501
f 1567/1574 1610/1501 1497/1508
f 1497/1508 1610/1501 1494/1505
f 1609/1502 1566/1579 1570/1577
f 1609/1502 1570/1577 1456/1457
f 1611/1612 1365/1439 1367/1364
f 1611/1612 1612/1613 1365/1439
f 1365/1439 1612/1613 1558/1566
f 1365/1439 1558/1566 1557/1509
f 1557/1509 1540/1550 1365/1439
f 1611/1612 1560/1567 1612/1613
f 1560/1567 1611/1612 1562/1570
f 1367/1364 1500/1511 1611/1612
f 1611/1612 1500/1511 1562/1570
f 1582/1569 1501/1568 1575/1614
f 1582/1569 1575/1614 1576/1615
f 1575/1614 1574/1616 1576/1615
f 1406/1388 1613/1456 1615/1617
f 1614/1455 1406/1388 1456/1457
f 1406/1388 1615/1617 1407/1394
f 1577/1581 1407/1394 1615/1617
f 1577/1581 1615/1617 1580/1584
f 1580/1584 1615/1617 1613/1456
f 1580/1584 1613/1456 1574/1616
f 1574/1616 1613/1456 1614/1455
f 1574/1616 1614/1455 1576/1615
f 1576/1615 1614/1455 1573/1586
f 1573/1586 1614/1455 1456/1457
f 1549/1557 1546/1556 1616/1363
f 1445/1459 1549/1557 1616/1363
f 1616/1363 1546/1556 1545/1618
f 1616/1363 1545/1618 1542/1552
f 1616/1363 1542/1552 1541/1551
f 1367/1364 1616/1363 1541/1551
f 1551/1559 1617/1619 1405/1393
f 1407/1394 1551/1559 1405/1393
f 1617/1619 1618/1461 1405/1393
f 1554/1561 1618/1461 1555/1564
f 1618/1461 1554/1561 1394/1462
f 1555/1564 1618/1461 1617/1619
f 1555/1564 1617/1619 1552/1563
f 1552/1563 1617/1619 1551/1559
f 1546/1556 1547/1555 1545/1618
f 1619/1358 1620/1357 1874/1620
f 1623/1361 1622/1360 1621/1359
f 1863/1363 1627/1362 1628/1364
f 1644/1366 1629/1365 1648/1367
f 1631/1369 1630/1368 1370/1370
f 1633/1371 1631/1369 1374/1372
f 1633/1371 1634/1373 1635/1374
f 1636/1375 1634/1373 1378/1376
f 1638/1378 1637/1377 1639/1379
f 1382/1442 1640/1383 1639/1379
f 1643/1381 1641/1380 1646/1382
f 1645/1384 1640/1383 1389/1385
f 1647/1386 1646/1382 1648/1367
f 1662/1388 1624/1387 1653/1389
f 1656/1391 1652/1390 1655/1392
f 1662/1388 1661/1393 1663/1394
f 1707/1396 1671/1395 1657/1397
f 1671/1395 1712/1398 1664/1399
f 1673/1401 1665/1400 1646/1382
f 1667/1403 1668/1402 1665/1400
f 1670/1404 1667/1403 1665/1400
f 1671/1395 1711/1405 1657/1397
f 1672/1406 1711/1405 1664/1399
f 1676/1408 1677/1407 1632/1409
f 1682/1411 1686/1410 1681/1412
f 1683/1414 1463/1413 1428/1415
f 1683/1414 1684/1416 1666/1417
f 1685/1419 1431/1418 1432/1420
f 1686/1410 1687/1421 1681/1412
f 1687/1421 1688/1422 1689/1423
f 1687/1421 1679/1424 1681/1412
f 1690/1426 1691/1425 1692/1427
f 1690/1426 1678/1428 1679/1424
f 1693/1429 1666/1417 1674/1430
f 1629/1365 1620/1357 1619/1358
f 1620/1357 1358/1357 1719/1481
f 1619/1358 1874/1620 1621/1359
f 1621/1359 1696/1431 1619/1358
f 1696/1431 1697/1432 1619/1358
f 1619/1358 1697/1432 1629/1365
f 1629/1365 1697/1432 1700/1433
f 1696/1431 1621/1359 1622/1360
f 1627/1362 1728/1434 1622/1360
f 1623/1361 1627/1362 1622/1360
f 1625/1435 1627/1362 1623/1361
f 1698/1621 1625/1435 1623/1361
f 1625/1435 1786/1438 1626/1439
f 1625/1435 1626/1439 1627/1362
f 1626/1439 1628/1364 1627/1362
f 1863/1363 1728/1434 1627/1362
f 1700/1433 1648/1367 1629/1365
f 1644/1366 1645/1384 1629/1365
f 1645/1384 1389/1385 1629/1365
f 1629/1365 1389/1385 1368/1365
f 1632/1409 1692/1427 1630/1368
f 1631/1369 1632/1409 1630/1368
f 1370/1370 1374/1372 1631/1369
f 1635/1374 1701/1440 1633/1371
f 1701/1440 1632/1409 1631/1369
f 1633/1371 1701/1440 1631/1369
f 1374/1372 1448/1441 1633/1371
f 1448/1441 1378/1376 1634/1373
f 1633/1371 1448/1441 1634/1373
f 1637/1377 1635/1374 1634/1373
f 1636/1375 1637/1377 1634/1373
f 1378/1376 1382/1442 1636/1375
f 1646/1382 1641/1380 1638/1378
f 1638/1378 1641/1380 1637/1377
f 1639/1379 1637/1377 1382/1442
f 1382/1442 1637/1377 1636/1375
f 1646/1382 1638/1378 1644/1366
f 1638/1378 1639/1379 1640/1383
f 1644/1366 1638/1378 1640/1383
f 1640/1383 1382/1442 1389/1385
f 1642/1443 1637/1377 1641/1380
f 1643/1381 1642/1443 1641/1380
f 1635/1374 1637/1377 1642/1443
f 1644/1366 1640/1383 1645/1384
f 1700/1433 1647/1386 1648/1367
f 1644/1366 1648/1367 1646/1382
f 1657/1397 1662/1388 1703/1444
f 1451/1446 1704/1445 1651/1447
f 1704/1445 1655/1392 1652/1390
f 1651/1447 1704/1445 1652/1390
f 1477/1448 1451/1446 1651/1447
f 1624/1387 1662/1388 1654/1449
f 1656/1391 1705/1450 1707/1396
f 1655/1392 1705/1450 1656/1391
f 1705/1450 1706/1451 1707/1396
f 1707/1396 1657/1397 1656/1391
f 1652/1390 1656/1391 1657/1397
f 1658/1452 1657/1397 1711/1405
f 1657/1397 1658/1452 1662/1388
f 1658/1452 1711/1405 1659/1453
f 1662/1388 1658/1452 1659/1453
f 1711/1405 1647/1386 1660/1454
f 1659/1453 1711/1405 1660/1454
f 1662/1388 1659/1453 1661/1393
f 1860/1456 1861/1455 1662/1388
f 1662/1388 1708/1457 1654/1449
f 1699/1459 1649/1458 1709/1460
f 1650/1462 1865/1461 1661/1393
f 1649/1458 1650/1462 1661/1393
f 1710/1463 1660/1454 1647/1386
f 1707/1396 1712/1398 1671/1395
f 1673/1401 1646/1382 1672/1406
f 1643/1381 1714/1464 1642/1443
f 1665/1400 1680/1465 1714/1464
f 1714/1464 1643/1381 1665/1400
f 1643/1381 1646/1382 1665/1400
f 1668/1402 1674/1430 1666/1417
f 1666/1417 1682/1411 1668/1402
f 1682/1411 1680/1465 1665/1400
f 1668/1402 1682/1411 1665/1400
f 1675/1466 1674/1430 1668/1402
f 1667/1403 1675/1466 1668/1402
f 1669/1467 1675/1466 1667/1403
f 1670/1404 1669/1467 1667/1403
f 1712/1398 1675/1466 1669/1467
f 1669/1467 1664/1399 1712/1398
f 1671/1395 1664/1399 1711/1405
f 1664/1399 1669/1467 1672/1406
f 1669/1467 1670/1404 1672/1406
f 1670/1404 1665/1400 1673/1401
f 1672/1406 1670/1404 1673/1401
f 1674/1430 1675/1466 1694/1468
f 1675/1466 1713/1469 1694/1468
f 1675/1466 1712/1398 1713/1469
f 1713/1469 1712/1398 1706/1451
f 1712/1398 1707/1396 1706/1451
f 1642/1443 1678/1428 1676/1408
f 1676/1408 1678/1428 1677/1407
f 1632/1409 1701/1440 1676/1408
f 1701/1440 1635/1374 1642/1443
f 1676/1408 1701/1440 1642/1443
f 1714/1464 1679/1424 1678/1428
f 1714/1464 1678/1428 1642/1443
f 1680/1465 1681/1412 1679/1424
f 1714/1464 1680/1465 1679/1424
f 1666/1417 1684/1416 1682/1411
f 1682/1411 1684/1416 1686/1410
f 1681/1412 1680/1465 1682/1411
f 1666/1417 1693/1429 1683/1414
f 1683/1414 1693/1429 1463/1413
f 1428/1415 1715/1470 1683/1414
f 1715/1470 1686/1410 1684/1416
f 1683/1414 1715/1470 1684/1416
f 1686/1410 1715/1470 1685/1419
f 1715/1470 1428/1415 1431/1418
f 1685/1419 1715/1470 1431/1418
f 1432/1420 1716/1471 1685/1419
f 1716/1471 1717/1472 1686/1410
f 1685/1419 1716/1471 1686/1410
f 1686/1410 1717/1472 1687/1421
f 1687/1421 1717/1472 1688/1422
f 1687/1421 1689/1423 1679/1424
f 1679/1424 1689/1423 1690/1426
f 1690/1426 1689/1423 1691/1425
f 1692/1427 1718/1473 1690/1426
f 1690/1426 1718/1473 1678/1428
f 1678/1428 1718/1473 1677/1407
f 1718/1473 1692/1427 1632/1409
f 1677/1407 1718/1473 1632/1409
f 1469/1474 1463/1413 1693/1429
f 1468/1475 1469/1474 1694/1468
f 1694/1468 1469/1474 1693/1429
f 1694/1468 1693/1429 1674/1430
f 1672/1406 1646/1382 1711/1405
f 1711/1405 1646/1382 1647/1386
f 1652/1390 1721/1478 1723/1479
f 1652/1390 1657/1397 1721/1478
f 1657/1397 1703/1444 1721/1478
f 1662/1388 1695/1480 1703/1444
f 1662/1388 1653/1389 1695/1480
f 1620/1357 1719/1481 1724/1482
f 1874/1620 1620/1357 1722/1476
f 1620/1357 1724/1482 1722/1476
f 1651/1447 1652/1390 1723/1479
f 1651/1447 1723/1479 1477/1448
f 1622/1360 1727/1484 1696/1431
f 1702/1485 1660/1454 1710/1463
f 1696/1431 1727/1484 1697/1432
f 1726/1486 1697/1432 1727/1484
f 1700/1433 1697/1432 1725/1487
f 1726/1486 1725/1487 1697/1432
f 1622/1360 1729/1488 1730/1489
f 1728/1434 1729/1488 1622/1360
f 1659/1453 1660/1454 1731/1490
f 1732/1491 1660/1454 1702/1485
f 1731/1490 1660/1454 1732/1491
f 1731/1490 1733/1492 1659/1453
f 1661/1393 1659/1453 1733/1492
f 1734/1493 1661/1393 1733/1492
f 1735/1494 1661/1393 1734/1493
f 1735/1494 1649/1458 1661/1393
f 1863/1363 1699/1459 1728/1434
f 1709/1460 1728/1434 1699/1459
f 1647/1386 1700/1433 1736/1495
f 1725/1487 1736/1495 1700/1433
f 1736/1495 1710/1463 1647/1386
f 1622/1360 1730/1489 1727/1484
f 1738/1497 1737/1496 1663/1394
f 1737/1496 1738/1497 1739/1498
f 1791/1499 1739/1498 1738/1497
f 1649/1458 1797/1500 1650/1462
f 1797/1500 1649/1458 1699/1459
f 1857/1501 1654/1449 1856/1502
f 1781/1503 1654/1449 1742/1504
f 1654/1449 1741/1505 1742/1504
f 1745/1507 1743/1506 1744/1508
f 1808/1510 1804/1509 1708/1457
f 1628/1364 1747/1511 1746/1512
f 1628/1364 1746/1512 1749/1513
f 1749/1513 1746/1512 1750/1514
f 1754/1516 1753/1515 1698/1621
f 1753/1515 1754/1516 1755/1517
f 1755/1517 1756/1518 1753/1515
f 1624/1387 1855/1519 1762/1520
f 1758/1521 1624/1387 1757/1522
f 1755/1517 1624/1387 1759/1523
f 1624/1387 1758/1521 1759/1523
f 1756/1518 1755/1517 1759/1523
f 1654/1449 1761/1524 1760/1525
f 1764/1527 1763/1526 1757/1522
f 1757/1522 1762/1520 1764/1527
f 1765/1529 1837/1528 1766/1530
f 1767/1531 1698/1621 1765/1529
f 1768/1532 1698/1621 1767/1531
f 1698/1621 1768/1532 1769/1533
f 1769/1533 1768/1532 1751/1534
f 1770/1535 1698/1621 1769/1533
f 1770/1535 1754/1516 1698/1621
f 1771/1536 1698/1621 1753/1515
f 1771/1536 1772/1537 1698/1621
f 1773/1539 1775/1538 1625/1435
f 1625/1435 1775/1538 1776/1540
f 1776/1540 1775/1538 1777/1541
f 1777/1541 1835/1542 1776/1540
f 1781/1503 1625/1435 1778/1543
f 1776/1540 1778/1543 1625/1435
f 1779/1544 1781/1503 1778/1543
f 1625/1435 1781/1503 1780/1545
f 1780/1545 1782/1546 1625/1435
f 1782/1546 1783/1547 1625/1435
f 1783/1547 1782/1546 1784/1548
f 1786/1438 1625/1435 1785/1549
f 1783/1547 1785/1549 1625/1435
f 1786/1438 1787/1550 1626/1439
f 1749/1513 1788/1551 1628/1364
f 1789/1552 1788/1551 1790/1553
f 1791/1499 1790/1553 1739/1498
f 1789/1552 1790/1553 1791/1499
f 1794/1555 1795/1554 1793/1556
f 1699/1459 1796/1557 1797/1500
f 1740/1558 1795/1554 1794/1555
f 1663/1394 1798/1559 1738/1497
f 1797/1500 1800/1560 1650/1462
f 1801/1561 1650/1462 1800/1560
f 1795/1554 1740/1558 1803/1562
f 1803/1562 1799/1563 1802/1564
f 1803/1562 1740/1558 1799/1563
f 1804/1509 1806/1565 1805/1566
f 1748/1568 1807/1567 1829/1569
f 1804/1509 1808/1510 1806/1565
f 1809/1570 1807/1567 1748/1568
f 1783/1547 1784/1548 1810/1571
f 1785/1549 1811/1572 1786/1438
f 1743/1506 1745/1507 1784/1548
f 1810/1571 1784/1548 1745/1507
f 1811/1572 1812/1573 1786/1438
f 1744/1508 1814/1574 1745/1507
f 1804/1509 1815/1575 1708/1457
f 1816/1576 1708/1457 1815/1575
f 1817/1577 1708/1457 1816/1576
f 1812/1573 1811/1572 1818/1578
f 1813/1579 1817/1577 1819/1580
f 1818/1578 1811/1572 1819/1580
f 1818/1578 1819/1580 1817/1577
f 1737/1496 1824/1581 1663/1394
f 1826/1583 1825/1582 1827/1584
f 1827/1584 1824/1581 1826/1583
f 1750/1514 1825/1582 1826/1583
f 1808/1510 1708/1457 1828/1585
f 1708/1457 1820/1586 1828/1585
f 1825/1582 1750/1514 1746/1512
f 1654/1449 1781/1503 1830/1587
f 1830/1587 1831/1588 1654/1449
f 1761/1524 1654/1449 1832/1589
f 1831/1588 1832/1589 1654/1449
f 1833/1590 1761/1524 1832/1589
f 1761/1524 1833/1590 1834/1591
f 1763/1526 1764/1527 1752/1592
f 1781/1503 1779/1544 1830/1587
f 1834/1591 1833/1590 1777/1541
f 1835/1542 1777/1541 1833/1590
f 1698/1621 1720/1622 1836/1593
f 1836/1593 1837/1528 1698/1621
f 1838/1595 1843/1594 1839/1596
f 1844/1597 1751/1534 1768/1532
f 1766/1530 1837/1528 1848/1598
f 1653/1389 1624/1387 1840/1599
f 1624/1387 1841/1600 1840/1599
f 1838/1595 1653/1389 1842/1601
f 1840/1599 1842/1601 1653/1389
f 1843/1594 1838/1595 1842/1601
f 1844/1597 1845/1602 1624/1387
f 1624/1387 1845/1602 1846/1603
f 1841/1600 1624/1387 1846/1603
f 1766/1530 1848/1598 1847/1604
f 1846/1603 1848/1598 1841/1600
f 1848/1598 1846/1603 1847/1604
f 1754/1516 1849/1605 1755/1517
f 1624/1387 1755/1517 1850/1606
f 1849/1605 1850/1606 1755/1517
f 1851/1607 1624/1387 1850/1606
f 1751/1534 1844/1597 1852/1608
f 1844/1597 1624/1387 1852/1608
f 1852/1608 1624/1387 1851/1607
f 1854/1609 1839/1596 1843/1594
f 1836/1593 1720/1622 1853/1610
f 1720/1622 1839/1596 1853/1610
f 1853/1610 1839/1596 1854/1609
f 1765/1529 1698/1621 1837/1528
f 1774/1611 1773/1539 1772/1537
f 1774/1611 1772/1537 1752/1592
f 1774/1611 1752/1592 1764/1527
f 1773/1539 1625/1435 1698/1621
f 1773/1539 1698/1621 1772/1537
f 1855/1519 1624/1387 1654/1449
f 1624/1387 1762/1520 1757/1522
f 1855/1519 1760/1525 1762/1520
f 1654/1449 1760/1525 1855/1519
f 1856/1502 1654/1449 1708/1457
f 1654/1449 1857/1501 1741/1505
f 1856/1502 1813/1579 1814/1574
f 1856/1502 1814/1574 1857/1501
f 1857/1501 1814/1574 1744/1508
f 1857/1501 1744/1508 1741/1505
f 1813/1579 1856/1502 1817/1577
f 1817/1577 1856/1502 1708/1457
f 1626/1439 1858/1612 1628/1364
f 1859/1613 1858/1612 1626/1439
f 1859/1613 1626/1439 1805/1566
f 1805/1566 1626/1439 1804/1509
f 1787/1550 1804/1509 1626/1439
f 1807/1567 1858/1612 1859/1613
f 1858/1612 1807/1567 1809/1570
f 1747/1511 1628/1364 1858/1612
f 1747/1511 1858/1612 1809/1570
f 1748/1568 1829/1569 1822/1614
f 1822/1614 1829/1569 1823/1615
f 1821/1616 1822/1614 1823/1615
f 1860/1456 1662/1388 1862/1617
f 1662/1388 1861/1455 1708/1457
f 1862/1617 1662/1388 1663/1394
f 1663/1394 1824/1581 1862/1617
f 1862/1617 1824/1581 1827/1584
f 1862/1617 1827/1584 1860/1456
f 1860/1456 1827/1584 1821/1616
f 1860/1456 1821/1616 1861/1455
f 1861/1455 1821/1616 1823/1615
f 1861/1455 1823/1615 1820/1586
f 1861/1455 1820/1586 1708/1457
f 1793/1556 1796/1557 1863/1363
f 1796/1557 1699/1459 1863/1363
f 1793/1556 1863/1363 1792/1618
f 1792/1618 1863/1363 1789/1552
f 1789/1552 1863/1363 1788/1551
f 1863/1363 1628/1364 1788/1551
f 1864/1619 1798/1559 1661/1393
f 1798/1559 1663/1394 1661/1393
f 1865/1461 1864/1619 1661/1393
f 1865/1461 1801/1561 1802/1564
f 1801/1561 1865/1461 1650/1462
f 1865/1461 1802/1564 1864/1619
f 1864/1619 1802/1564 1799/1563
f 1864/1619 1799/1563 1798/1559
f 1794/1555 1793/1556 1792/1618
f 1621/1359 1874/1620 1868/1623
f 1698/1621 1869/1624 1875/1625
f 1698/1621 1623/1361 1869/1624
f 1871/1626 1621/1359 1870/1627
f 1876/1628 1722/1476 1866/1477
f 1877/1629 1867/1436 1720/1622
f 1876/1628 1866/1477 1873/1630
f 1722/1476 1876/1628 1878/1631
f 1878/1631 1874/1620 1722/1476
f 1872/1632 1867/1436 1877/1629
f 1698/1621 1875/1625 1879/1633
f 1879/1633 1877/1629 1720/1622
f 1720/1622 1698/1621 1879/1633
f 1872/1632 1866/1477 1867/1436
f 1873/1630 1866/1477 1872/1632
f 1868/1623 1870/1627 1621/1359
f 1869/1624 1623/1361 1871/1626
f 1623/1361 1621/1359 1871/1626
f 1880/1634 1945/1635 1882/1636
f 1882/1636 1944/1637 1922/1638
f 1885/1639 1922/1638 1886/1640
f 1922/1638 1887/1641 1884/1642
f 1924/1643 1893/1644 1894/1645
f 1905/1646 1902/1647 1901/1648
f 1934/1649 1905/1646 1906/1650
f 1916/1651 1915/1652 1910/1653
f 1913/1654 1949/1655 1932/1656
f 1880/1634 1918/1657 1919/1658
f 1882/1636 1881/1659 1880/1634
f 1921/1660 1881/1659 1882/1636
f 1921/1660 1882/1636 1883/1661
f 1922/1638 1884/1642 1883/1661
f 1922/1638 1883/1661 1882/1636
f 1882/1636 1943/1662 1944/1637
f 1944/1637 1946/1663 1922/1638
f 1946/1663 1886/1640 1922/1638
f 1923/1664 1922/1638 1885/1639
f 1922/1638 1923/1664 1887/1641
f 1888/1665 1889/1666 1886/1640
f 1889/1666 1891/1667 1886/1640
f 1946/1663 1888/1665 1886/1640
f 1890/1668 1891/1667 1889/1666
f 1977/1669 1891/1667 1890/1668
f 1977/1669 1892/1670 1891/1667
f 1924/1643 1891/1667 1892/1670
f 1892/1670 1893/1644 1924/1643
f 1892/1670 1977/1669 1895/1671
f 1898/1672 1897/1673 1888/1665
f 1899/1674 1927/1675 1928/1676
f 1927/1675 1899/1674 1900/1677
f 2307/1678 1903/1679 1904/1680
f 1902/1647 1904/1680 1903/1679
f 1932/1656 2307/1678 1904/1680
f 1904/1680 1905/1646 1932/1656
f 1902/1647 1905/1646 1904/1680
f 1931/1681 1906/1650 1905/1646
f 1930/1682 1906/1650 1931/1681
f 1908/1683 1907/1684 1906/1650
f 1909/1685 1908/1683 1930/1682
f 1908/1683 1906/1650 1930/1682
f 1934/1649 1906/1650 1910/1653
f 1911/1686 1910/1653 1959/1687
f 1916/1651 1910/1653 1912/1688
f 1910/1653 1911/1686 1912/1688
f 2266/1689 1912/1688 1911/1686
f 1913/1654 1932/1656 1905/1646
f 1913/1654 1905/1646 1933/1690
f 1913/1654 1933/1690 1950/1691
f 1950/1691 1933/1690 1935/1692
f 1934/1649 1935/1692 1933/1690
f 1934/1649 1933/1690 1905/1646
f 1935/1692 1934/1649 1914/1693
f 1915/1652 1914/1693 1934/1649
f 1915/1652 1934/1649 1910/1653
f 1914/1693 1915/1652 1899/1674
f 1914/1693 1926/1694 1935/1692
f 1926/1694 1914/1693 1920/1695
f 1920/1695 1914/1693 1899/1674
f 1928/1676 1917/1696 1920/1695
f 1928/1676 1920/1695 1899/1674
f 1936/1697 1913/1654 1950/1691
f 1938/1698 1937/1699 1918/1657
f 1881/1659 1938/1698 1880/1634
f 1938/1698 1918/1657 1880/1634
f 1902/1647 1903/1679 1939/1700
f 1939/1700 1940/1701 1902/1647
f 1901/1648 1902/1647 1940/1701
f 1931/1681 1905/1646 1941/1702
f 1941/1702 1905/1646 1901/1648
f 1909/1685 1930/1682 1942/1703
f 1943/1662 1882/1636 1945/1635
f 1888/1665 1946/1663 1898/1672
f 1949/1655 1913/1654 1936/1697
f 1906/1650 1907/1684 1951/1704
f 1910/1653 1952/1705 1953/1706
f 1910/1653 1906/1650 1952/1705
f 1906/1650 1954/1707 1952/1705
f 1906/1650 1955/1708 1954/1707
f 1906/1650 1951/1704 1955/1708
f 1910/1653 1953/1706 1958/1709
f 1910/1653 1958/1709 1959/1687
f 1961/1710 1962/1711 1960/1712
f 1963/1713 1957/1714 1956/1715
f 1907/1684 1960/1712 1951/1704
f 1889/1666 1888/1665 1964/1716
f 1925/1717 1916/1651 1929/1718
f 1964/1716 1965/1719 1889/1666
f 1965/1719 1966/1720 1889/1666
f 1966/1720 1967/1721 1889/1666
f 1967/1721 1890/1668 1889/1666
f 1967/1721 1968/1722 1890/1668
f 1968/1722 1969/1723 1890/1668
f 1888/1665 1896/1724 1964/1716
f 1915/1652 1916/1651 1925/1717
f 1971/1725 1970/1726 1899/1674
f 1899/1674 1972/1727 1971/1725
f 1899/1674 1973/1728 1972/1727
f 1899/1674 1915/1652 1973/1728
f 1915/1652 1974/1729 1973/1728
f 1915/1652 1975/1730 1974/1729
f 1915/1652 1976/1731 1975/1730
f 1915/1652 1925/1717 1976/1731
f 1978/1732 1900/1677 1970/1726
f 1900/1677 1899/1674 1970/1726
f 1929/1718 1895/1671 1979/1733
f 1969/1723 1977/1669 1890/1668
f 1978/1732 1964/1716 1896/1724
f 1979/1733 1895/1671 1977/1669
f 1925/1717 1929/1718 1979/1733
f 1888/1665 1897/1673 1980/1734
f 1981/1735 1980/1734 1897/1673
f 1982/1736 1981/1735 1983/1737
f 1981/1735 1897/1673 1983/1737
f 1982/1736 1983/1737 1984/1738
f 1983/1737 1897/1673 1985/1739
f 2089/1740 2097/1741 2082/1742
f 2082/1742 2084/1743 2089/1740
f 1917/1696 1928/1676 1987/1744
f 1988/1745 1987/1744 1928/1676
f 1990/1746 1989/1747 1912/1688
f 1912/1688 1989/1747 1992/1748
f 1912/1688 1992/1748 1991/1749
f 1996/1750 1997/1751 1993/1752
f 1999/1753 2000/1754 2001/1755
f 2003/1756 2002/1757 2004/1758
f 2003/1756 2004/1758 2005/1759
f 2007/1760 2006/1761 2008/1762
f 2144/1763 2009/1764 2010/1765
f 2014/1766 2012/1767 2013/1768
f 2016/1769 2015/1770 1929/1718
f 1929/1718 2011/1771 2017/1772
f 1929/1718 2017/1772 2016/1769
f 2017/1772 2011/1771 2018/1773
f 2018/1773 2019/1774 2017/1772
f 2147/1775 2149/1776 2174/1777
f 2024/1778 2025/1779 2023/1780
f 1894/1645 2026/1781 2023/1780
f 2032/1782 2185/1783 2027/1784
f 2180/1785 1961/1710 1960/1712
f 2226/1786 2028/1787 1908/1683
f 1907/1684 1908/1683 2035/1788
f 2035/1788 1908/1683 2036/1789
f 1907/1684 2035/1788 2037/1790
f 2035/1788 2034/1791 2037/1790
f 1894/1645 1893/1644 2129/1792
f 1893/1644 2005/1759 2041/1793
f 2038/1794 2129/1792 1893/1644
f 2005/1759 2042/1795 2041/1793
f 2045/1796 1892/1670 2046/1797
f 2045/1796 2046/1797 2047/1798
f 2046/1797 1892/1670 1895/1671
f 1929/1718 2015/1770 1895/1671
f 1893/1644 2054/1799 2005/1759
f 1892/1670 2045/1796 2055/1800
f 1893/1644 1892/1670 2055/1800
f 2055/1800 2054/1799 1893/1644
f 2279/1801 2280/1802 2277/1803
f 1895/1671 2015/1770 2057/1804
f 2057/1804 2056/1805 1895/1671
f 1888/1665 2059/1806 1896/1724
f 1888/1665 2060/1807 2059/1806
f 2060/1807 1888/1665 2061/1808
f 2060/1807 2061/1808 2062/1809
f 1888/1665 1980/1734 2063/1810
f 2063/1810 2061/1808 1888/1665
f 1980/1734 2064/1811 2063/1810
f 2064/1811 1980/1734 2065/1812
f 1896/1724 2066/1813 1978/1732
f 1896/1724 2067/1814 2066/1813
f 2067/1814 2070/1815 2068/1816
f 2122/1817 2068/1816 2070/1815
f 1896/1724 2069/1818 2067/1814
f 2067/1814 2069/1818 2070/1815
f 2071/1819 2069/1818 1896/1724
f 2058/1820 2072/1821 2071/1819
f 1896/1724 2059/1806 2073/1822
f 1982/1736 1984/1738 2101/1823
f 1985/1739 1897/1673 2074/1824
f 2076/1825 2075/1826 1985/1739
f 2076/1825 1985/1739 2074/1824
f 2077/1827 2074/1824 1897/1673
f 2075/1826 2076/1825 2105/1828
f 2077/1827 1897/1673 2078/1829
f 2079/1830 2081/1831 2077/1827
f 2079/1830 2077/1827 2078/1829
f 2080/1832 2078/1829 1897/1673
f 2081/1831 2079/1830 1986/1833
f 1986/1833 2104/1834 2081/1831
f 2080/1832 1897/1673 2084/1743
f 2084/1743 2082/1742 2080/1832
f 1897/1673 1898/1672 2083/1835
f 1897/1673 2083/1835 2084/1743
f 2085/1836 2083/1835 1898/1672
f 1898/1672 2086/1837 2085/1836
f 1917/1696 1987/1744 2087/1838
f 2087/1838 2088/1839 1917/1696
f 1987/1744 2089/1740 2087/1838
f 1917/1696 2088/1839 2090/1840
f 2090/1840 2091/1841 1917/1696
f 2088/1839 2092/1842 2090/1840
f 2093/1843 1947/1844 1920/1695
f 1917/1696 2091/1841 2094/1845
f 1917/1696 2094/1845 1920/1695
f 2091/1841 2095/1846 2094/1845
f 2096/1847 2095/1846 2091/1841
f 2089/1740 1987/1744 2097/1741
f 2092/1842 2088/1839 2098/1848
f 1947/1844 2093/1843 1948/1849
f 2100/1850 1927/1675 2099/1851
f 1927/1675 2065/1812 2099/1851
f 2106/1852 2075/1826 2105/1828
f 1982/1736 2101/1823 2103/1853
f 2103/1853 2101/1823 2102/1854
f 1986/1833 2108/1855 2104/1834
f 2109/1856 2108/1855 2107/1857
f 2108/1855 2109/1856 1988/1745
f 2107/1857 2108/1855 1986/1833
f 2111/1858 2110/1859 1928/1676
f 2112/1860 1988/1745 1928/1676
f 1988/1745 2112/1860 2108/1855
f 1928/1676 2110/1859 2113/1861
f 2113/1861 2112/1860 1928/1676
f 2106/1852 2113/1861 2110/1859
f 2106/1852 2105/1828 2113/1861
f 2072/1821 2058/1820 2127/1862
f 2065/1812 1927/1675 2114/1863
f 2114/1863 2064/1811 2065/1812
f 1927/1675 2115/1864 2114/1863
f 1927/1675 2128/1865 2115/1864
f 2117/1866 2060/1807 2116/1867
f 2128/1865 2117/1866 2116/1867
f 2116/1867 2060/1807 2062/1809
f 2119/1868 1900/1677 2118/1869
f 2250/1870 1900/1677 1978/1732
f 2118/1869 1900/1677 2250/1870
f 2126/1871 2072/1821 2127/1862
f 2121/1872 2120/1873 1900/1677
f 2123/1874 2122/1817 2119/1868
f 2125/1875 2124/1876 1900/1677
f 2120/1873 2125/1875 1900/1677
f 2126/1871 2127/1862 2120/1873
f 2120/1873 2127/1862 2125/1875
f 1927/1675 1900/1677 2128/1865
f 2117/1866 2128/1865 2124/1876
f 2124/1876 2128/1865 1900/1677
f 2045/1796 2008/1762 2006/1761
f 2045/1796 2047/1798 2008/1762
f 2049/1877 2048/1878 2010/1765
f 2010/1765 2009/1764 2049/1877
f 2051/1879 2050/1880 2013/1768
f 2013/1768 2012/1767 2051/1879
f 2019/1774 2018/1773 2053/1881
f 2019/1774 2053/1881 2052/1882
f 2026/1781 1894/1645 2129/1792
f 2131/1883 2130/1884 2026/1781
f 2026/1781 2129/1792 2131/1883
f 2039/1885 2133/1886 2038/1794
f 2130/1884 2131/1883 1989/1747
f 2132/1887 2133/1886 2039/1885
f 2135/1888 2134/1889 2040/1890
f 2042/1795 2005/1759 2004/1758
f 2000/1754 2043/1891 2044/1892
f 1989/1747 2131/1883 1992/1748
f 2135/1888 1996/1750 2134/1889
f 1994/1893 2132/1887 1995/1894
f 2133/1886 2132/1887 1994/1893
f 1996/1750 2135/1888 1997/1751
f 2043/1891 2000/1754 1999/1753
f 1916/1651 2271/1895 1998/1896
f 1998/1896 2001/1755 1916/1651
f 2136/1897 2002/1757 1916/1651
f 2001/1755 2000/1754 2137/1898
f 1916/1651 2001/1755 2137/1898
f 1916/1651 2137/1898 2136/1897
f 1916/1651 2002/1757 2138/1899
f 2003/1756 2138/1899 2002/1757
f 2006/1761 2007/1760 2139/1900
f 2007/1760 1916/1651 2139/1900
f 1916/1651 2138/1899 2140/1901
f 1916/1651 2140/1901 2139/1900
f 2144/1763 1916/1651 2141/1902
f 2141/1902 2009/1764 2144/1763
f 1916/1651 2142/1903 2141/1902
f 2007/1760 2142/1903 1916/1651
f 2014/1766 1916/1651 2143/1904
f 2143/1904 2012/1767 2014/1766
f 1916/1651 2144/1763 2143/1904
f 2011/1771 1929/1718 2145/1905
f 1929/1718 1916/1651 2145/1905
f 1916/1651 2014/1766 2145/1905
f 2146/1906 2149/1776 2147/1775
f 1956/1715 2148/1907 2146/1906
f 2146/1906 2148/1907 2149/1776
f 1956/1715 2150/1908 2148/1907
f 1956/1715 2152/1909 2150/1908
f 2150/1908 2152/1909 2153/1910
f 2154/1911 2152/1909 1956/1715
f 2166/1912 2168/1913 2155/1914
f 2153/1910 2151/1915 2150/1908
f 1956/1715 2156/1916 2154/1911
f 2157/1917 2155/1914 2154/1911
f 2157/1917 2154/1911 2156/1916
f 2166/1912 2155/1914 2157/1917
f 2158/1918 2156/1916 1956/1715
f 1956/1715 1894/1645 2159/1919
f 1956/1715 2159/1919 2158/1918
f 2020/1920 2021/1921 2158/1918
f 2020/1920 2158/1918 2159/1919
f 1894/1645 2022/1922 2160/1923
f 2160/1923 2159/1919 1894/1645
f 1907/1684 2037/1790 2161/1924
f 1960/1712 1907/1684 2161/1924
f 2162/1925 1960/1712 2161/1924
f 2167/1926 2168/1913 2166/1912
f 2173/1927 2172/1928 2169/1929
f 2172/1928 2173/1927 2024/1778
f 2153/1910 2176/1930 2151/1915
f 2164/1931 2174/1777 2165/1932
f 2147/1775 2174/1777 2175/1933
f 2175/1933 2174/1777 2164/1931
f 2176/1930 2153/1910 2177/1934
f 2020/1920 2171/1935 2021/1921
f 2024/1778 2173/1927 2025/1779
f 2171/1935 2020/1920 2170/1936
f 2027/1784 1961/1710 2178/1937
f 2179/1938 2178/1937 1961/1710
f 1961/1710 2180/1785 2179/1938
f 2181/1939 2027/1784 2182/1940
f 2181/1939 2182/1940 2183/1941
f 2184/1942 2182/1940 2027/1784
f 2185/1783 2184/1942 2027/1784
f 2027/1784 2186/1943 2187/1944
f 2027/1784 2178/1937 2188/1945
f 2027/1784 2188/1945 2186/1943
f 2187/1944 2032/1782 2027/1784
f 2188/1945 2178/1937 2190/1946
f 2188/1945 2190/1946 2189/1947
f 2190/1946 2034/1791 2189/1947
f 2226/1786 2196/1948 2028/1787
f 2032/1782 2031/1949 2185/1783
f 2029/1950 2192/1951 2030/1952
f 2033/1953 2189/1947 2034/1791
f 2183/1941 2182/1940 2191/1954
f 2191/1954 2182/1940 2192/1951
f 2196/1948 2226/1786 2193/1955
f 2183/1941 2196/1948 2193/1955
f 2183/1941 2256/1956 2257/1957
f 2183/1941 2191/1954 2195/1958
f 2183/1941 2195/1958 2196/1948
f 2192/1951 2029/1950 2197/1959
f 2192/1951 2197/1959 2191/1954
f 2198/1960 2199/1961 1909/1685
f 2030/1952 1908/1683 2207/1962
f 2207/1962 2029/1950 2030/1952
f 1908/1683 2208/1963 2207/1962
f 2028/1787 2208/1963 1908/1683
f 2032/1782 1908/1683 2209/1964
f 2209/1964 2031/1949 2032/1782
f 1908/1683 2210/1965 2209/1964
f 2210/1965 1908/1683 2030/1952
f 2034/1791 2035/1788 2033/1953
f 1908/1683 2032/1782 2036/1789
f 2211/1966 2198/1960 1909/1685
f 2211/1966 1909/1685 1942/1703
f 2201/1967 1909/1685 2212/1968
f 2212/1968 2200/1969 2201/1967
f 1909/1685 2213/1970 2212/1968
f 2199/1961 2213/1970 1909/1685
f 2202/1971 2203/1972 2214/1973
f 1909/1685 2201/1967 2215/1974
f 1909/1685 2216/1975 1908/1683
f 2204/1976 2226/1786 1908/1683
f 1908/1683 2216/1975 2217/1977
f 2218/1978 2204/1976 1908/1683
f 2205/1979 2206/1980 2219/1981
f 1908/1683 2219/1981 2218/1978
f 2194/1982 2230/1983 2220/1984
f 2225/1985 2227/1986 2223/1987
f 2228/1988 2211/1966 1942/1703
f 2228/1988 1942/1703 2220/1984
f 2220/1984 2229/1989 2228/1988
f 2194/1982 2235/1990 2230/1983
f 2232/1991 2231/1992 2199/1961
f 2199/1961 2198/1960 2232/1991
f 2234/1993 2200/1969 2233/1994
f 2200/1969 2234/1993 2201/1967
f 2205/1979 2225/1985 2206/1980
f 2222/1995 2237/1996 2221/1997
f 2236/1998 2237/1996 2222/1995
f 2225/1985 2205/1979 2227/1986
f 2237/1996 2236/1998 2203/1972
f 2203/1972 2202/1971 2237/1996
f 2229/1989 2220/1984 2230/1983
f 2086/1837 1898/1672 2238/1999
f 2086/1837 2238/1999 2239/2000
f 2240/2001 2238/1999 1898/1672
f 2086/1837 2239/2000 2098/1848
f 2240/2001 1898/1672 2241/2002
f 2243/2003 2242/2004 2240/2001
f 2243/2003 2240/2001 2241/2002
f 1898/1672 1948/1849 2244/2005
f 2244/2005 2241/2002 1898/1672
f 1948/1849 2245/2006 2244/2005
f 2098/1848 2239/2000 2092/1842
f 1948/1849 2093/1843 2245/2006
f 2096/1847 2243/2003 2095/1846
f 2242/2004 2243/2003 2096/1847
f 1920/1695 2094/1845 2246/2007
f 2093/1843 1920/1695 2246/2007
f 1963/1713 2248/2008 1959/1687
f 2162/1925 2180/1785 1960/1712
f 1956/1715 2146/1906 2247/2009
f 1963/1713 1956/1715 2247/2009
f 1963/1713 2247/2009 2248/2008
f 2163/2010 1959/1687 2249/2011
f 2249/2011 1959/1687 2248/2008
f 2068/1816 2122/1817 2123/1874
f 1978/1732 2066/1813 2251/2012
f 1978/1732 2251/2012 2250/1870
f 2252/2013 2235/1990 2194/1982
f 2231/1992 2232/1991 2252/2013
f 2253/2014 2231/1992 2252/2013
f 2234/1993 2233/1994 2254/2015
f 2255/2016 2234/1993 2254/2015
f 2256/1956 2183/1941 2223/1987
f 2183/1941 2257/1957 2194/1982
f 2256/1956 2255/2016 2254/2015
f 2256/1956 2254/2015 2257/1957
f 2257/1957 2254/2015 2253/2014
f 2257/1957 2253/2014 2252/2013
f 2257/1957 2252/2013 2194/1982
f 2256/1956 2221/1997 2255/2016
f 2224/2017 2225/1985 2223/1987
f 2223/1987 2222/1995 2256/1956
f 2256/1956 2222/1995 2221/1997
f 2224/2017 2183/1941 2193/1955
f 2183/1941 2224/2017 2223/1987
f 2203/1972 2216/1975 2214/1973
f 2214/1973 2216/1975 1909/1685
f 2215/1974 2214/1973 1909/1685
f 2262/2018 2261/2019 1911/1686
f 2263/2020 1911/1686 2164/1931
f 2263/2020 2262/2018 1911/1686
f 2163/2010 1911/1686 1959/1687
f 2164/1931 1911/1686 2163/2010
f 2165/1932 2263/2020 2164/1931
f 2263/2020 2259/2021 2262/2018
f 2262/2018 2259/2021 2260/2022
f 2260/2022 2259/2021 2176/1930
f 2260/2022 2176/1930 2177/1934
f 2258/2023 2261/2019 2260/2022
f 2260/2022 2261/2019 2262/2018
f 2258/2023 2168/1913 2261/2019
f 2261/2019 2168/1913 2167/1926
f 2264/2024 2261/2019 2167/1926
f 2170/1936 2264/2024 2171/1935
f 2264/2024 2170/1936 2265/2025
f 2261/2019 2266/1689 1911/1686
f 2264/2024 2266/1689 2261/2019
f 2264/2024 2265/2025 2266/1689
f 2169/1929 1912/1688 2266/1689
f 2169/1929 2266/1689 2265/2025
f 2172/1928 2267/2026 2169/1929
f 2267/2026 1912/1688 2169/1929
f 2267/2026 1990/1746 1912/1688
f 1912/1688 1991/1749 2268/2027
f 1995/1894 2268/2027 1994/1893
f 1916/1651 1912/1688 2270/2028
f 1995/1894 2269/2029 2270/2028
f 1916/1651 2270/2028 2271/1895
f 2269/2029 1993/1752 2271/1895
f 2271/1895 2270/2028 2269/2029
f 1995/1894 2270/2028 2268/2027
f 2268/2027 2270/2028 1912/1688
f 2271/1895 1993/1752 1997/1751
f 2271/1895 1997/1751 1998/1896
f 2272/2030 2273/2031 1893/1644
f 2272/2030 2040/1890 2039/1885
f 2272/2030 2039/1885 2273/2031
f 2273/2031 2039/1885 2038/1794
f 2040/1890 2272/2030 2135/1888
f 2275/2032 2135/1888 2272/2030
f 2275/2032 2272/2030 1893/1644
f 1893/1644 2274/2033 2275/2032
f 2041/1793 2276/2034 1893/1644
f 2276/2034 2274/2033 1893/1644
f 2276/2034 2044/1892 2274/2033
f 2274/2033 2044/1892 2043/1891
f 2056/1805 2277/1803 1895/1671
f 2280/1802 2046/1797 1895/1671
f 2284/2035 2046/1797 2280/1802
f 2277/1803 2280/1802 1895/1671
f 2279/1801 2284/2035 2280/1802
f 2056/1805 2281/2036 2277/1803
f 2277/1803 2281/2036 2052/1882
f 2277/1803 2052/1882 2278/2037
f 2277/1803 2278/2037 2282/2038
f 2277/1803 2282/2038 2283/2039
f 2277/1803 2283/2039 2279/1801
f 2278/2037 2052/1882 2053/1881
f 2282/2038 2050/1880 2051/1879
f 2282/2038 2051/1879 2283/2039
f 2279/1801 2048/1878 2049/1877
f 2279/1801 2049/1877 2284/2035
f 2122/1817 2121/1872 2119/1868
f 2119/1868 2121/1872 1900/1677
f 2073/1822 2058/1820 2071/1819
f 2073/1822 2071/1819 1896/1724
f 1928/1676 2100/1850 2102/1854
f 1928/1676 1927/1675 2100/1850
f 1928/1676 2102/1854 2111/1858
f 2101/1823 2111/1858 2102/1854
f 2273/2031 2038/1794 1893/1644
f 1894/1645 2023/1780 2022/1922
f 2022/1922 2023/1780 2025/1779
f 2205/1979 2219/1981 2217/1977
f 2217/1977 2219/1981 1908/1683
f 2293/2040 2289/1639 2290/1640
f 2291/1641 2693/2041 2288/1642
f 2298/1644 2326/1643 2299/1645
f 2309/2042 2334/2043 2306/1648
f 1932/1656 2309/2042 2307/1678
f 2334/2043 2336/1649 2310/2044
f 2319/1652 2320/1651 2315/1653
f 2322/1657 1880/1634 1919/1658
f 2285/1659 2286/1636 1880/1634
f 2285/1659 2324/1660 2286/1636
f 2286/1636 2324/1660 2287/1661
f 2288/1642 2693/2041 2287/1661
f 2293/2040 2325/1664 2289/1639
f 2291/1641 2325/1664 2693/2041
f 2296/1667 2294/1666 2292/2045
f 2292/2045 2293/2040 2290/1640
f 2296/1667 2295/1668 2294/1666
f 2296/1667 2377/1669 2295/1668
f 2297/1670 2377/1669 2296/1667
f 2296/1667 2326/1643 2297/1670
f 2298/1644 2297/1670 2326/1643
f 2377/1669 2297/1670 2300/1671
f 2329/1675 2304/1674 2330/1676
f 2304/1674 2329/1675 2305/1677
f 2307/1678 2309/2042 1903/1679
f 1932/1656 2308/2046 2309/2042
f 2309/2042 2308/2046 2334/2043
f 2310/2044 2333/1681 2334/2043
f 2333/1681 2310/2044 2311/1650
f 2311/1650 2332/1682 2333/1681
f 2312/1684 2313/1683 2311/1650
f 2313/1683 2314/1685 2332/1682
f 2311/1650 2313/1683 2332/1682
f 2335/2047 2308/2046 1932/1656
f 2310/2044 2336/1649 2315/1653
f 2310/2044 2315/1653 2311/1650
f 2315/1653 2316/1686 2359/1687
f 2315/1653 2320/1651 2317/1688
f 2316/1686 2315/1653 2317/1688
f 2317/1688 2666/1689 2316/1686
f 2338/1697 2335/2047 1932/1656
f 2335/2047 2338/1697 2350/1691
f 2350/1691 2336/1649 2335/2047
f 2336/1649 2334/2043 2308/2046
f 2335/2047 2336/1649 2308/2046
f 2336/1649 2350/1691 2337/1692
f 2336/1649 2337/1692 2318/1693
f 2318/1693 2319/1652 2336/1649
f 2336/1649 2319/1652 2315/1653
f 2319/1652 2318/1693 2304/1674
f 1949/1655 2338/1697 1932/1656
f 2328/1694 2318/1693 2337/1692
f 2318/1693 2328/1694 2323/1695
f 2318/1693 2323/1695 2304/1674
f 2321/1696 2330/1676 2323/1695
f 2323/1695 2330/1676 2304/1674
f 2339/1699 2340/1698 2322/1657
f 2340/1698 2285/1659 1880/1634
f 2322/1657 2340/1698 1880/1634
f 1903/1679 2309/2042 1939/1700
f 2341/1701 1939/1700 2309/2042
f 2309/2042 2306/1648 2341/1701
f 2334/2043 2333/1681 2342/1702
f 2334/2043 2342/1702 2306/1648
f 2332/1682 2314/1685 2343/1703
f 1880/1634 2344/1662 2346/1635
f 2286/1636 2344/1662 1880/1634
f 2346/1635 1945/1635 1880/1634
f 2312/1684 2311/1650 2351/1704
f 2352/1705 2315/1653 2353/1706
f 2311/1650 2315/1653 2352/1705
f 2354/1707 2311/1650 2352/1705
f 2355/1708 2311/1650 2354/1707
f 2351/1704 2311/1650 2355/1708
f 2353/1706 2315/1653 2358/1709
f 2358/1709 2315/1653 2359/1687
f 2362/1711 2361/1710 2360/1712
f 2357/1714 2363/1713 2356/1715
f 2360/1712 2312/1684 2351/1704
f 2320/1651 2327/1717 2331/1718
f 2365/1719 2364/1716 2294/1666
f 2366/1720 2365/1719 2294/1666
f 2367/1721 2366/1720 2294/1666
f 2295/1668 2367/1721 2294/1666
f 2368/1722 2367/1721 2295/1668
f 2369/1723 2368/1722 2295/1668
f 2320/1651 2319/1652 2327/1717
f 2370/1726 2371/1725 2304/1674
f 2372/1727 2304/1674 2371/1725
f 2373/1728 2304/1674 2372/1727
f 2319/1652 2304/1674 2373/1728
f 2374/1729 2319/1652 2373/1728
f 2375/1730 2319/1652 2374/1729
f 2376/1731 2319/1652 2375/1730
f 2327/1717 2319/1652 2376/1731
f 2305/1677 2378/1732 2370/1726
f 2304/1674 2305/1677 2370/1726
f 2300/1671 2331/1718 2379/1733
f 2377/1669 2369/1723 2295/1668
f 2364/1716 2378/1732 2301/1724
f 2300/1671 2379/1733 2377/1669
f 2331/1718 2327/1717 2379/1733
f 2302/1673 2697/2048 2380/1734
f 2380/1734 2381/1735 2302/1673
f 2381/1735 2382/1736 2383/1737
f 2302/1673 2381/1735 2383/1737
f 2383/1737 2382/1736 2384/1738
f 2302/1673 2383/1737 2385/1739
f 2497/1741 2489/1740 2482/1742
f 2484/1743 2482/1742 2489/1740
f 2330/1676 2321/1696 2387/1744
f 2387/1744 2388/1745 2330/1676
f 2389/1747 2390/1746 2317/1688
f 2389/1747 2317/1688 2392/1748
f 2392/1748 2317/1688 2391/1749
f 2397/1751 2396/1750 2393/1752
f 2400/1754 2399/1753 2401/1755
f 2402/1757 2403/1756 2404/1758
f 2404/1758 2403/1756 2405/1759
f 2406/1761 2407/1760 2408/1762
f 2409/1764 2544/1763 2410/1765
f 2412/1767 2414/1766 2413/1768
f 2415/1770 2416/1769 2331/1718
f 2411/1771 2331/1718 2417/1772
f 2417/1772 2331/1718 2416/1769
f 2411/1771 2417/1772 2418/1773
f 2419/1774 2418/1773 2417/1772
f 2549/1776 2547/1775 2574/1777
f 2425/1779 2424/1778 2423/1780
f 2426/1781 2299/1645 2423/1780
f 2585/1783 2432/1782 2427/1784
f 2361/1710 2580/1785 2360/1712
f 2428/1787 2626/1786 2313/1683
f 2313/1683 2312/1684 2435/1788
f 2313/1683 2435/1788 2436/1789
f 2435/1788 2312/1684 2437/1790
f 2434/1791 2435/1788 2437/1790
f 2298/1644 2299/1645 2529/1792
f 2405/1759 2298/1644 2441/1793
f 2529/1792 2438/1794 2298/1644
f 2442/1795 2405/1759 2441/1793
f 2297/1670 2445/1796 2446/1797
f 2446/1797 2445/1796 2447/1798
f 2297/1670 2446/1797 2300/1671
f 2415/1770 2331/1718 2300/1671
f 2454/1799 2298/1644 2405/1759
f 2445/1796 2297/1670 2455/1800
f 2297/1670 2298/1644 2455/1800
f 2454/1799 2455/1800 2298/1644
f 2680/1802 2679/1801 2677/1803
f 2415/1770 2300/1671 2457/1804
f 2456/1805 2457/1804 2300/1671
f 2459/1806 2697/2048 2301/1724
f 2460/1807 2697/2048 2459/1806
f 2697/2048 2460/1807 2461/1808
f 2461/1808 2460/1807 2462/1809
f 2380/1734 2697/2048 2463/1810
f 2461/1808 2463/1810 2697/2048
f 2464/1811 2380/1734 2463/1810
f 2380/1734 2464/1811 2465/1812
f 2466/1813 2301/1724 2378/1732
f 2467/1814 2301/1724 2466/1813
f 2470/1815 2467/1814 2468/1816
f 2468/1816 2522/1817 2470/1815
f 2469/1818 2301/1724 2467/1814
f 2469/1818 2467/1814 2470/1815
f 2469/1818 2471/1819 2301/1724
f 2472/1821 2458/1820 2471/1819
f 2459/1806 2301/1724 2473/1822
f 2384/1738 2382/1736 2501/1823
f 2302/1673 2385/1739 2474/1824
f 2475/1826 2476/1825 2385/1739
f 2385/1739 2476/1825 2474/1824
f 2474/1824 2477/1827 2302/1673
f 2476/1825 2475/1826 2505/1828
f 2302/1673 2477/1827 2478/1829
f 2481/1831 2479/1830 2477/1827
f 2477/1827 2479/1830 2478/1829
f 2478/1829 2480/1832 2302/1673
f 2479/1830 2481/1831 2386/1833
f 2504/1834 2386/1833 2481/1831
f 2302/1673 2480/1832 2484/1743
f 2482/1742 2484/1743 2480/1832
f 2303/1672 2302/1673 2483/1835
f 2483/1835 2302/1673 2484/1743
f 2483/1835 2485/1836 2303/1672
f 2486/1837 2303/1672 2485/1836
f 2387/1744 2321/1696 2487/1838
f 2488/1839 2487/1838 2321/1696
f 2489/1740 2387/1744 2487/1838
f 2488/1839 2321/1696 2490/1840
f 2491/1841 2490/1840 2321/1696
f 2492/1842 2488/1839 2490/1840
f 2348/1844 2493/1843 2323/1695
f 2491/1841 2321/1696 2494/1845
f 2494/1845 2321/1696 2323/1695
f 2495/1846 2491/1841 2494/1845
f 2495/1846 2496/1847 2491/1841
f 2387/1744 2489/1740 2497/1741
f 2488/1839 2492/1842 2498/1848
f 2493/1843 2348/1844 2349/1849
f 2329/1675 2500/1850 2499/1851
f 2465/1812 2329/1675 2499/1851
f 2475/1826 2506/1852 2505/1828
f 2501/1823 2382/1736 2503/1853
f 2501/1823 2503/1853 2502/1854
f 2508/1855 2386/1833 2504/1834
f 2508/1855 2509/1856 2507/1857
f 2509/1856 2508/1855 2388/1745
f 2508/1855 2507/1857 2386/1833
f 2510/1859 2511/1858 2330/1676
f 2388/1745 2512/1860 2330/1676
f 2512/1860 2388/1745 2508/1855
f 2510/1859 2330/1676 2513/1861
f 2512/1860 2513/1861 2330/1676
f 2513/1861 2506/1852 2510/1859
f 2505/1828 2506/1852 2513/1861
f 2458/1820 2472/1821 2527/1862
f 2329/1675 2465/1812 2514/1863
f 2464/1811 2514/1863 2465/1812
f 2515/1864 2329/1675 2514/1863
f 2528/1865 2329/1675 2515/1864
f 2460/1807 2517/1866 2516/1867
f 2517/1866 2528/1865 2516/1867
f 2460/1807 2516/1867 2462/1809
f 2305/1677 2519/1868 2518/1869
f 2305/1677 2650/1870 2378/1732
f 2305/1677 2518/1869 2650/1870
f 2472/1821 2526/1871 2527/1862
f 2520/1873 2521/1872 2305/1677
f 2522/1817 2523/1874 2519/1868
f 2524/1876 2525/1875 2305/1677
f 2525/1875 2520/1873 2305/1677
f 2527/1862 2526/1871 2520/1873
f 2527/1862 2520/1873 2525/1875
f 2305/1677 2329/1675 2528/1865
f 2528/1865 2517/1866 2524/1876
f 2528/1865 2524/1876 2305/1677
f 2408/1762 2445/1796 2406/1761
f 2447/1798 2445/1796 2408/1762
f 2448/1878 2449/1877 2410/1765
f 2409/1764 2410/1765 2449/1877
f 2450/1880 2451/1879 2413/1768
f 2412/1767 2413/1768 2451/1879
f 2418/1773 2419/1774 2453/1881
f 2453/1881 2419/1774 2452/1882
f 2299/1645 2426/1781 2529/1792
f 2530/1884 2531/1883 2426/1781
f 2529/1792 2426/1781 2531/1883
f 2533/1886 2439/1885 2438/1794
f 2531/1883 2530/1884 2389/1747
f 2533/1886 2532/1887 2439/1885
f 2534/1889 2535/1888 2440/1890
f 2405/1759 2442/1795 2404/1758
f 2443/1891 2400/1754 2444/1892
f 2531/1883 2389/1747 2392/1748
f 2396/1750 2535/1888 2534/1889
f 2532/1887 2394/1893 2395/1894
f 2532/1887 2533/1886 2394/1893
f 2535/1888 2396/1750 2397/1751
f 2400/1754 2443/1891 2399/1753
f 2671/1895 2320/1651 2398/1896
f 2401/1755 2398/1896 2320/1651
f 2402/1757 2536/1897 2320/1651
f 2400/1754 2401/1755 2537/1898
f 2401/1755 2320/1651 2537/1898
f 2537/1898 2320/1651 2536/1897
f 2402/1757 2320/1651 2538/1899
f 2538/1899 2403/1756 2402/1757
f 2407/1760 2406/1761 2539/1900
f 2320/1651 2407/1760 2539/1900
f 2538/1899 2320/1651 2540/1901
f 2540/1901 2320/1651 2539/1900
f 2320/1651 2544/1763 2541/1902
f 2409/1764 2541/1902 2544/1763
f 2542/1903 2320/1651 2541/1902
f 2542/1903 2407/1760 2320/1651
f 2320/1651 2414/1766 2543/1904
f 2412/1767 2543/1904 2414/1766
f 2544/1763 2320/1651 2543/1904
f 2331/1718 2411/1771 2545/1905
f 2320/1651 2331/1718 2545/1905
f 2414/1766 2320/1651 2545/1905
f 2549/1776 2546/1906 2547/1775
f 2548/1907 2356/1715 2546/1906
f 2548/1907 2546/1906 2549/1776
f 2550/1908 2356/1715 2548/1907
f 2552/1909 2356/1715 2550/1908
f 2552/1909 2550/1908 2553/1910
f 2552/1909 2554/1911 2356/1715
f 2568/1913 2566/1912 2555/1914
f 2551/1915 2553/1910 2550/1908
f 2556/1916 2356/1715 2554/1911
f 2555/1914 2557/1917 2554/1911
f 2554/1911 2557/1917 2556/1916
f 2555/1914 2566/1912 2557/1917
f 2556/1916 2558/1918 2356/1715
f 2299/1645 2356/1715 2559/1919
f 2559/1919 2356/1715 2558/1918
f 2421/1921 2420/1920 2558/1918
f 2558/1918 2420/1920 2559/1919
f 2422/1922 2299/1645 2560/1923
f 2559/1919 2560/1923 2299/1645
f 2437/1790 2312/1684 2561/1924
f 2312/1684 2360/1712 2561/1924
f 2360/1712 2562/1925 2561/1924
f 2568/1913 2567/1926 2566/1912
f 2572/1928 2573/1927 2569/1929
f 2573/1927 2572/1928 2424/1778
f 2576/1930 2553/1910 2551/1915
f 2574/1777 2564/1931 2565/1932
f 2574/1777 2547/1775 2575/1933
f 2574/1777 2575/1933 2564/1931
f 2553/1910 2576/1930 2577/1934
f 2571/1935 2420/1920 2421/1921
f 2573/1927 2424/1778 2425/1779
f 2420/1920 2571/1935 2570/1936
f 2361/1710 2427/1784 2578/1937
f 2578/1937 2579/1938 2361/1710
f 2580/1785 2361/1710 2579/1938
f 2427/1784 2581/1939 2582/1940
f 2582/1940 2581/1939 2583/1941
f 2582/1940 2584/1942 2427/1784
f 2584/1942 2585/1783 2427/1784
f 2586/1943 2427/1784 2587/1944
f 2578/1937 2427/1784 2588/1945
f 2588/1945 2427/1784 2586/1943
f 2432/1782 2587/1944 2427/1784
f 2578/1937 2588/1945 2590/1946
f 2590/1946 2588/1945 2589/1947
f 2434/1791 2590/1946 2589/1947
f 2596/1948 2626/1786 2428/1787
f 2431/1949 2432/1782 2585/1783
f 2592/1951 2429/1950 2430/1952
f 2589/1947 2433/1953 2434/1791
f 2582/1940 2583/1941 2591/1954
f 2582/1940 2591/1954 2592/1951
f 2626/1786 2596/1948 2593/1955
f 2596/1948 2583/1941 2593/1955
f 2656/1956 2583/1941 2657/1957
f 2591/1954 2583/1941 2595/1958
f 2595/1958 2583/1941 2596/1948
f 2429/1950 2592/1951 2597/1959
f 2597/1959 2592/1951 2591/1954
f 2599/1961 2598/1960 2314/1685
f 2313/1683 2430/1952 2607/1962
f 2429/1950 2607/1962 2430/1952
f 2608/1963 2313/1683 2607/1962
f 2608/1963 2428/1787 2313/1683
f 2313/1683 2432/1782 2609/1964
f 2431/1949 2609/1964 2432/1782
f 2610/1965 2313/1683 2609/1964
f 2313/1683 2610/1965 2430/1952
f 2435/1788 2434/1791 2433/1953
f 2432/1782 2313/1683 2436/1789
f 2598/1960 2611/1966 2314/1685
f 2314/1685 2611/1966 2343/1703
f 2314/1685 2601/1967 2612/1968
f 2600/1969 2612/1968 2601/1967
f 2613/1970 2314/1685 2612/1968
f 2613/1970 2599/1961 2314/1685
f 2603/1972 2602/1971 2614/1973
f 2601/1967 2314/1685 2615/1974
f 2616/1975 2314/1685 2313/1683
f 2626/1786 2604/1976 2313/1683
f 2616/1975 2313/1683 2617/1977
f 2604/1976 2618/1978 2313/1683
f 2606/1980 2605/1979 2619/1981
f 2619/1981 2313/1683 2618/1978
f 2630/1983 2594/1982 2620/1984
f 2627/1986 2625/1985 2623/1987
f 2611/1966 2628/1988 2343/1703
f 2343/1703 2628/1988 2620/1984
f 2629/1989 2620/1984 2628/1988
f 2635/1990 2594/1982 2630/1983
f 2631/1992 2632/1991 2599/1961
f 2598/1960 2599/1961 2632/1991
f 2600/1969 2634/1993 2633/1994
f 2634/1993 2600/1969 2601/1967
f 2625/1985 2605/1979 2606/1980
f 2637/1996 2622/1995 2621/1997
f 2637/1996 2636/1998 2622/1995
f 2605/1979 2625/1985 2627/1986
f 2636/1998 2637/1996 2603/1972
f 2602/1971 2603/1972 2637/1996
f 2620/1984 2629/1989 2630/1983
f 2303/1672 2486/1837 2638/1999
f 2638/1999 2486/1837 2639/2000
f 2638/1999 2640/2001 2303/1672
f 2639/2000 2486/1837 2498/1848
f 2303/1672 2640/2001 2641/2002
f 2642/2004 2643/2003 2640/2001
f 2640/2001 2643/2003 2641/2002
f 2349/1849 2303/1672 2644/2005
f 2641/2002 2644/2005 2303/1672
f 2645/2006 2349/1849 2644/2005
f 2639/2000 2498/1848 2492/1842
f 2493/1843 2349/1849 2645/2006
f 2643/2003 2496/1847 2495/1846
f 2643/2003 2642/2004 2496/1847
f 2494/1845 2323/1695 2646/2007
f 2323/1695 2493/1843 2646/2007
f 2648/2008 2363/1713 2359/1687
f 2580/1785 2562/1925 2360/1712
f 2546/1906 2356/1715 2647/2009
f 2356/1715 2363/1713 2647/2009
f 2647/2009 2363/1713 2648/2008
f 2359/1687 2563/2010 2649/2011
f 2359/1687 2649/2011 2648/2008
f 2522/1817 2468/1816 2523/1874
f 2466/1813 2378/1732 2651/2012
f 2651/2012 2378/1732 2650/1870
f 2635/1990 2652/2013 2594/1982
f 2632/1991 2631/1992 2652/2013
f 2631/1992 2653/2014 2652/2013
f 2633/1994 2634/1993 2654/2015
f 2634/1993 2655/2016 2654/2015
f 2583/1941 2656/1956 2623/1987
f 2657/1957 2583/1941 2594/1982
f 2655/2016 2656/1956 2654/2015
f 2654/2015 2656/1956 2657/1957
f 2654/2015 2657/1957 2653/2014
f 2653/2014 2657/1957 2652/2013
f 2652/2013 2657/1957 2594/1982
f 2621/1997 2656/1956 2655/2016
f 2625/1985 2624/2017 2623/1987
f 2622/1995 2623/1987 2656/1956
f 2622/1995 2656/1956 2621/1997
f 2583/1941 2624/2017 2593/1955
f 2624/2017 2583/1941 2623/1987
f 2616/1975 2603/1972 2614/1973
f 2616/1975 2614/1973 2314/1685
f 2614/1973 2615/1974 2314/1685
f 2661/2019 2662/2018 2316/1686
f 2316/1686 2663/2020 2564/1931
f 2662/2018 2663/2020 2316/1686
f 2316/1686 2563/2010 2359/1687
f 2316/1686 2564/1931 2563/2010
f 2663/2020 2565/1932 2564/1931
f 2659/2021 2663/2020 2662/2018
f 2659/2021 2662/2018 2660/2022
f 2659/2021 2660/2022 2576/1930
f 2576/1930 2660/2022 2577/1934
f 2661/2019 2658/2023 2660/2022
f 2661/2019 2660/2022 2662/2018
f 2568/1913 2658/2023 2661/2019
f 2568/1913 2661/2019 2567/1926
f 2661/2019 2664/2024 2567/1926
f 2664/2024 2570/1936 2571/1935
f 2570/1936 2664/2024 2665/2025
f 2666/1689 2661/2019 2316/1686
f 2666/1689 2664/2024 2661/2019
f 2665/2025 2664/2024 2666/1689
f 2317/1688 2569/1929 2666/1689
f 2666/1689 2569/1929 2665/2025
f 2667/2026 2572/1928 2569/1929
f 2317/1688 2667/2026 2569/1929
f 2390/1746 2667/2026 2317/1688
f 2391/1749 2317/1688 2668/2027
f 2668/2027 2395/1894 2394/1893
f 2317/1688 2320/1651 2670/2028
f 2669/2029 2395/1894 2670/2028
f 2670/2028 2320/1651 2671/1895
f 2393/1752 2669/2029 2671/1895
f 2670/2028 2671/1895 2669/2029
f 2670/2028 2395/1894 2668/2027
f 2670/2028 2668/2027 2317/1688
f 2393/1752 2671/1895 2397/1751
f 2397/1751 2671/1895 2398/1896
f 2673/2031 2672/2030 2298/1644
f 2440/1890 2672/2030 2439/1885
f 2439/1885 2672/2030 2673/2031
f 2439/1885 2673/2031 2438/1794
f 2672/2030 2440/1890 2535/1888
f 2535/1888 2675/2032 2672/2030
f 2672/2030 2675/2032 2298/1644
f 2674/2033 2298/1644 2675/2032
f 2676/2034 2441/1793 2298/1644
f 2674/2033 2676/2034 2298/1644
f 2444/1892 2676/2034 2674/2033
f 2444/1892 2674/2033 2443/1891
f 2677/1803 2456/1805 2300/1671
f 2446/1797 2680/1802 2300/1671
f 2446/1797 2684/2035 2680/1802
f 2680/1802 2677/1803 2300/1671
f 2684/2035 2679/1801 2680/1802
f 2681/2036 2456/1805 2677/1803
f 2681/2036 2677/1803 2452/1882
f 2452/1882 2677/1803 2678/2037
f 2678/2037 2677/1803 2682/2038
f 2682/2038 2677/1803 2683/2039
f 2683/2039 2677/1803 2679/1801
f 2452/1882 2678/2037 2453/1881
f 2450/1880 2682/2038 2451/1879
f 2451/1879 2682/2038 2683/2039
f 2448/1878 2679/1801 2449/1877
f 2449/1877 2679/1801 2684/2035
f 2521/1872 2522/1817 2519/1868
f 2521/1872 2519/1868 2305/1677
f 2458/1820 2473/1822 2471/1819
f 2471/1819 2473/1822 2301/1724
f 2500/1850 2330/1676 2502/1854
f 2329/1675 2330/1676 2500/1850
f 2502/1854 2330/1676 2511/1858
f 2511/1858 2501/1823 2502/1854
f 2438/1794 2673/2031 2298/1644
f 2423/1780 2299/1645 2422/1922
f 2423/1780 2422/1922 2425/1779
f 2619/1981 2605/1979 2617/1977
f 2619/1981 2617/1977 2313/1683
f 2697/2048 2302/1673 2686/2049
f 2287/1661 2693/2041 2286/1636
f 2294/1666 2301/1724 2696/2050
f 2303/1672 2347/1663 2691/2051
f 2292/2045 2294/1666 2690/2052
f 2301/1724 2294/1666 2364/1716
f 2303/1672 2691/2051 2692/2053
f 2692/2053 2686/2049 2303/1672
f 2694/2054 2286/1636 2693/2041
f 2687/2055 2345/1637 2685/2056
f 2695/2057 2344/1662 2286/1636
f 2694/2054 2695/2057 2286/1636
f 2347/1663 2345/1637 2688/2058
f 2693/2041 2325/1664 2293/2040
f 2293/2040 2292/2045 2690/2052
f 2689/2059 2293/2040 2690/2052
f 2691/2051 2347/1663 2688/2058
f 2690/2052 2294/1666 2696/2050
f 2302/1673 2303/1672 2686/2049
f 2697/2048 2696/2050 2301/1724
f 2685/2056 2345/1637 2344/1662
f 2344/1662 2695/2057 2685/2056
f 2688/2058 2345/1637 2687/2055
f 2293/2040 2689/2059 2693/2041
f 2703/2060 2702/2061 2740/2062
f 2742/2063 2709/2064 2708/2065
f 2715/2066 2714/2067 2698/2068
f 2717/2069 2716/2070 2699/2071
f 2720/2072 2700/2073 2730/2074
f 2740/2062 2701/2075 2720/2072
f 2701/2075 2740/2062 2702/2061
f 2724/2076 2722/2077 2707/2078
f 2741/2079 2712/2080 2704/2081
f 2706/2082 2741/2079 2704/2081
f 2740/2062 2720/2072 2730/2074
f 2721/2083 2718/2084 2705/2085
f 2707/2078 2721/2083 2705/2085
f 2705/2085 2718/2084 2712/2080
f 2705/2085 2712/2080 2741/2079
f 2709/2064 2741/2079 2711/2086
f 2711/2086 2723/2087 2709/2064
f 2698/2068 2713/2088 2750/2089
f 2707/2078 2705/2085 2743/2090
f 2725/2091 2724/2076 2707/2078
f 2722/2077 2721/2083 2707/2078
f 2729/2092 2727/2093 2728/2094
f 2731/2095 2710/2096 2732/2097
f 2739/2098 2704/2081 2712/2080
f 2734/2099 2731/2095 2732/2097
f 2735/2100 2734/2099 2736/2101
f 2736/2101 2737/2102 2735/2100
f 2736/2101 2734/2099 2732/2097
f 2732/2097 2710/2096 2738/2103
f 2699/2071 2716/2070 2729/2092
f 2710/2096 2699/2071 2729/2092
f 2729/2092 2738/2103 2710/2096
f 2719/2104 2735/2100 2737/2102
f 2737/2102 2733/2105 2719/2104
f 2700/2073 2719/2104 2733/2105
f 2733/2105 2730/2074 2700/2073
f 2809/2106 2739/2098 2726/2107
f 2745/2108 2705/2085 2741/2079
f 2741/2079 2709/2064 2742/2063
f 2745/2108 2743/2090 2705/2085
f 2739/2098 2809/2106 2751/2109
f 2747/2110 2716/2070 2717/2069
f 2749/2111 2748/2112 2717/2069
f 2748/2112 2747/2110 2717/2069
f 2750/2089 2749/2111 2717/2069
f 2751/2109 2704/2081 2739/2098
f 2706/2082 2704/2081 2752/2113
f 2704/2081 2753/2114 2752/2113
f 2704/2081 2751/2109 2753/2114
f 2706/2082 2752/2113 2754/2115
f 2755/2116 2756/2117 2706/2082
f 2706/2082 2754/2115 2755/2116
f 2751/2109 2809/2106 2746/2118
f 2741/2079 2706/2082 2756/2117
f 2756/2117 2711/2086 2741/2079
f 2757/2119 2727/2093 2729/2092
f 2729/2092 2759/2120 2757/2119
f 2717/2069 2698/2068 2750/2089
f 2759/2120 2729/2092 2716/2070
f 2758/2121 2716/2070 2747/2110
f 2758/2121 2759/2120 2716/2070
f 2761/2122 2789/2123 2760/2124
f 2698/2068 2781/2125 2762/2126
f 2760/2124 2698/2068 2762/2126
f 2763/2127 2762/2126 2781/2125
f 2723/2087 2711/2086 2764/2128
f 2723/2087 2764/2128 2765/2129
f 2766/2130 2765/2129 2764/2128
f 2746/2118 2809/2106 2767/2131
f 2746/2118 2767/2131 2757/2119
f 2709/2064 2723/2087 2769/2132
f 2769/2132 2768/2133 2709/2064
f 2723/2087 2770/2134 2769/2132
f 2708/2065 2773/2135 2771/2136
f 2708/2065 2771/2136 2772/2137
f 2774/2138 2822/2139 2775/2140
f 2822/2139 2774/2138 2742/2063
f 2708/2065 2772/2137 2776/2141
f 2708/2065 2776/2141 2742/2063
f 2777/2142 2778/2143 2772/2137
f 2772/2137 2778/2143 2776/2141
f 2714/2067 2715/2066 2779/2144
f 2787/2145 2714/2067 2779/2144
f 2780/2146 2698/2068 2782/2147
f 2698/2068 2780/2146 2781/2125
f 2782/2147 2698/2068 2714/2067
f 2714/2067 2783/2148 2782/2147
f 2783/2148 2714/2067 2784/2149
f 2785/2150 2783/2148 2784/2149
f 2714/2067 2786/2151 2784/2149
f 2714/2067 2787/2145 2786/2151
f 2781/2125 2795/2152 2768/2133
f 2773/2135 2797/2153 2787/2145
f 2783/2148 2785/2150 2796/2154
f 2713/2088 2698/2068 2788/2155
f 2789/2123 2788/2155 2760/2124
f 2781/2125 2768/2133 2763/2127
f 2790/2156 2789/2123 2761/2122
f 2723/2087 2833/2157 2770/2134
f 2790/2156 2791/2158 2770/2134
f 2791/2158 2790/2156 2761/2122
f 2783/2148 2796/2154 2792/2159
f 2793/2160 2792/2159 2796/2154
f 2709/2064 2794/2161 2793/2160
f 2768/2133 2795/2152 2709/2064
f 2795/2152 2794/2161 2709/2064
f 2797/2153 2773/2135 2708/2065
f 2793/2160 2796/2154 2709/2064
f 2798/2162 2797/2153 2708/2065
f 2709/2064 2796/2154 2799/2163
f 2708/2065 2709/2064 2799/2163
f 2708/2065 2799/2163 2798/2162
f 2808/2164 2726/2107 2728/2094
f 2800/2165 2727/2093 2801/2166
f 2800/2165 2801/2166 2802/2167
f 2727/2093 2757/2119 2803/2168
f 2803/2168 2801/2166 2727/2093
f 2757/2119 2804/2169 2803/2168
f 2805/2170 2811/2171 2806/2172
f 2806/2172 2726/2107 2807/2173
f 2726/2107 2808/2164 2807/2173
f 2810/2174 2809/2106 2726/2107
f 2728/2094 2727/2093 2812/2175
f 2728/2094 2812/2175 2813/2176
f 2814/2177 2812/2175 2727/2093
f 2800/2165 2814/2177 2727/2093
f 2813/2176 2808/2164 2728/2094
f 2757/2119 2767/2131 2804/2169
f 2805/2170 2802/2167 2811/2171
f 2800/2165 2802/2167 2805/2170
f 2787/2145 2779/2144 2815/2178
f 2816/2179 2779/2144 2715/2066
f 2787/2145 2815/2178 2773/2135
f 2816/2179 2715/2066 2817/2180
f 2816/2179 2817/2180 2818/2181
f 2774/2138 2821/2182 2744/2183
f 2816/2179 2818/2181 2819/2184
f 2715/2066 2744/2183 2820/2185
f 2820/2185 2817/2180 2715/2066
f 2744/2183 2821/2182 2820/2185
f 2742/2063 2776/2141 2822/2139
f 2819/2184 2778/2143 2777/2142
f 2774/2138 2775/2140 2821/2182
f 2819/2184 2818/2181 2778/2143
f 2823/2186 2827/2187 2711/2086
f 2750/2089 2713/2088 2824/2188
f 2823/2186 2750/2089 2824/2188
f 2766/2130 2764/2128 2825/2189
f 2826/2190 2764/2128 2711/2086
f 2711/2086 2827/2187 2826/2190
f 2823/2186 2824/2188 2828/2191
f 2827/2187 2823/2186 2828/2191
f 2713/2088 2832/2192 2829/2193
f 2829/2193 2824/2188 2713/2088
f 2831/2194 2830/2195 2829/2193
f 2766/2130 2825/2189 2830/2195
f 2766/2130 2830/2195 2831/2194
f 2806/2172 2811/2171 2810/2174
f 2806/2172 2810/2174 2726/2107
f 2831/2194 2829/2193 2832/2192
f 2832/2192 2713/2088 2788/2155
f 2833/2157 2723/2087 2765/2129
f 2790/2156 2770/2134 2833/2157
f 2760/2124 2788/2155 2698/2068
f 2844/2064 2875/2063 2843/2065
f 2849/2067 2850/2066 2834/2068
f 2851/2070 2852/2069 2835/2071
f 2836/2073 2855/2072 2858/2196
f 2703/2060 2740/2062 2838/2061
f 2722/2077 2724/2076 2839/2197
f 2856/2083 2722/2077 2839/2197
f 2847/2080 2841/2082 2840/2081
f 2855/2072 2837/2075 2858/2196
f 2853/2084 2839/2197 2847/2080
f 2841/2082 2847/2080 2874/2079
f 2874/2079 2844/2064 2846/2086
f 2857/2087 2846/2086 2844/2064
f 2848/2088 2834/2068 2883/2089
f 2839/2197 2842/2078 2876/2090
f 2839/2197 2876/2090 2847/2080
f 2839/2197 2725/2091 2842/2078
f 2724/2076 2725/2091 2839/2197
f 2860/2093 2862/2092 2861/2094
f 2836/2073 2858/2196 2863/2074
f 2845/2096 2864/2095 2865/2097
f 2839/2197 2853/2084 2856/2083
f 2840/2081 2872/2098 2847/2080
f 2864/2095 2867/2099 2865/2097
f 2867/2099 2868/2100 2869/2101
f 2870/2102 2869/2101 2868/2100
f 2867/2099 2869/2101 2865/2097
f 2845/2096 2865/2097 2871/2103
f 2851/2070 2835/2071 2862/2092
f 2835/2071 2845/2096 2862/2092
f 2871/2103 2862/2092 2845/2096
f 2868/2100 2854/2104 2870/2102
f 2866/2105 2870/2102 2854/2104
f 2854/2104 2836/2073 2866/2105
f 2863/2074 2866/2105 2836/2073
f 2872/2098 2942/2106 2859/2107
f 2837/2075 2838/2061 2740/2062
f 2837/2075 2740/2062 2873/2062
f 2837/2075 2873/2062 2858/2196
f 2844/2064 2874/2079 2875/2063
f 2847/2080 2876/2090 2878/2108
f 2874/2079 2847/2080 2878/2108
f 2942/2106 2872/2098 2884/2109
f 2851/2070 2880/2110 2852/2069
f 2881/2112 2882/2111 2852/2069
f 2880/2110 2881/2112 2852/2069
f 2882/2111 2883/2089 2852/2069
f 2840/2081 2884/2109 2872/2098
f 2840/2081 2841/2082 2885/2113
f 2886/2114 2840/2081 2885/2113
f 2884/2109 2840/2081 2886/2114
f 2885/2113 2841/2082 2887/2115
f 2889/2117 2888/2116 2841/2082
f 2887/2115 2841/2082 2888/2116
f 2942/2106 2884/2109 2879/2118
f 2841/2082 2874/2079 2889/2117
f 2846/2086 2889/2117 2874/2079
f 2860/2093 2890/2119 2862/2092
f 2892/2120 2862/2092 2890/2119
f 2834/2068 2852/2069 2883/2089
f 2862/2092 2892/2120 2851/2070
f 2851/2070 2891/2121 2880/2110
f 2892/2120 2891/2121 2851/2070
f 2922/2123 2894/2122 2893/2124
f 2914/2125 2834/2068 2895/2126
f 2834/2068 2893/2124 2895/2126
f 2895/2126 2896/2127 2914/2125
f 2846/2086 2857/2087 2897/2128
f 2897/2128 2857/2087 2898/2129
f 2898/2129 2899/2130 2897/2128
f 2942/2106 2879/2118 2900/2131
f 2900/2131 2879/2118 2890/2119
f 2857/2087 2844/2064 2902/2132
f 2901/2133 2902/2132 2844/2064
f 2903/2134 2857/2087 2902/2132
f 2906/2135 2843/2065 2904/2136
f 2904/2136 2843/2065 2905/2137
f 2955/2139 2907/2138 2908/2140
f 2907/2138 2955/2139 2875/2063
f 2905/2137 2843/2065 2909/2141
f 2909/2141 2843/2065 2875/2063
f 2911/2143 2910/2142 2905/2137
f 2911/2143 2905/2137 2909/2141
f 2850/2066 2849/2067 2912/2144
f 2849/2067 2920/2145 2912/2144
f 2834/2068 2913/2146 2915/2147
f 2913/2146 2834/2068 2914/2125
f 2834/2068 2915/2147 2849/2067
f 2916/2148 2849/2067 2915/2147
f 2849/2067 2916/2148 2917/2149
f 2916/2148 2918/2150 2917/2149
f 2919/2151 2849/2067 2917/2149
f 2920/2145 2849/2067 2919/2151
f 2928/2152 2914/2125 2901/2133
f 2930/2153 2906/2135 2920/2145
f 2918/2150 2916/2148 2929/2154
f 2834/2068 2848/2088 2921/2155
f 2921/2155 2922/2123 2893/2124
f 2901/2133 2914/2125 2896/2127
f 2922/2123 2923/2156 2894/2122
f 2966/2157 2857/2087 2903/2134
f 2924/2158 2923/2156 2903/2134
f 2923/2156 2924/2158 2894/2122
f 2929/2154 2916/2148 2925/2159
f 2925/2159 2926/2160 2929/2154
f 2927/2161 2844/2064 2926/2160
f 2928/2152 2901/2133 2844/2064
f 2927/2161 2928/2152 2844/2064
f 2906/2135 2930/2153 2843/2065
f 2929/2154 2926/2160 2844/2064
f 2930/2153 2931/2162 2843/2065
f 2929/2154 2844/2064 2932/2163
f 2844/2064 2843/2065 2932/2163
f 2932/2163 2843/2065 2931/2162
f 2859/2107 2941/2164 2861/2094
f 2860/2093 2933/2165 2934/2166
f 2934/2166 2933/2165 2935/2167
f 2890/2119 2860/2093 2936/2168
f 2934/2166 2936/2168 2860/2093
f 2937/2169 2890/2119 2936/2168
f 2944/2171 2938/2170 2939/2172
f 2859/2107 2939/2172 2940/2173
f 2941/2164 2859/2107 2940/2173
f 2942/2106 2943/2174 2859/2107
f 2860/2093 2861/2094 2945/2175
f 2945/2175 2861/2094 2946/2176
f 2945/2175 2947/2177 2860/2093
f 2947/2177 2933/2165 2860/2093
f 2941/2164 2946/2176 2861/2094
f 2900/2131 2890/2119 2937/2169
f 2935/2167 2938/2170 2944/2171
f 2935/2167 2933/2165 2938/2170
f 2912/2144 2920/2145 2948/2178
f 2912/2144 2949/2179 2850/2066
f 2948/2178 2920/2145 2906/2135
f 2850/2066 2949/2179 2950/2180
f 2950/2180 2949/2179 2951/2181
f 2954/2182 2907/2138 2877/2183
f 2951/2181 2949/2179 2952/2184
f 2877/2183 2850/2066 2953/2185
f 2950/2180 2953/2185 2850/2066
f 2954/2182 2877/2183 2953/2185
f 2909/2141 2875/2063 2955/2139
f 2911/2143 2952/2184 2910/2142
f 2908/2140 2907/2138 2954/2182
f 2951/2181 2952/2184 2911/2143
f 2960/2187 2956/2186 2846/2086
f 2848/2088 2883/2089 2957/2188
f 2883/2089 2956/2186 2957/2188
f 2897/2128 2899/2130 2958/2189
f 2897/2128 2959/2190 2846/2086
f 2960/2187 2846/2086 2959/2190
f 2957/2188 2956/2186 2961/2191
f 2956/2186 2960/2187 2961/2191
f 2965/2192 2848/2088 2962/2193
f 2957/2188 2962/2193 2848/2088
f 2963/2195 2964/2194 2962/2193
f 2958/2189 2899/2130 2963/2195
f 2963/2195 2899/2130 2964/2194
f 2944/2171 2939/2172 2943/2174
f 2943/2174 2939/2172 2859/2107
f 2962/2193 2964/2194 2965/2192
f 2848/2088 2965/2192 2921/2155
f 2857/2087 2966/2157 2898/2129
f 2903/2134 2923/2156 2966/2157
f 2921/2155 2893/2124 2834/2068
f 2968/2198 3054/2199 2967/2200
f 2993/2201 2968/2198 2967/2200
f 2987/2202 2972/2203 2973/2204
f 2982/2205 2987/2202 2973/2204
f 2976/2206 2982/2205 2973/2204
f 2979/2207 2978/2208 2975/2209
f 2993/2201 2967/2200 2980/2210
f 3007/2211 3013/2212 2971/2213
f 2970/2214 2968/2198 2993/2201
f 3013/2212 2997/2215 2971/2213
f 2988/2216 2984/2217 2985/2218
f 2977/2219 2988/2216 2985/2218
f 2977/2219 2985/2218 2974/2220
f 2972/2203 2987/2202 2989/2221
f 2987/2202 2986/2222 2989/2221
f 3008/2223 3001/2224 2986/2222
f 2986/2222 2987/2202 2982/2205
f 2990/2225 2988/2216 2977/2219
f 2991/2226 2990/2225 2977/2219
f 2977/2219 2974/2220 2975/2209
f 2975/2209 2992/2227 2977/2219
f 2992/2227 2975/2209 2978/2208
f 2983/2228 2970/2214 2998/2229
f 2995/2230 2983/2228 2998/2229
f 2981/2231 2974/2220 2985/2218
f 2993/2201 3000/2232 2994/2233
f 2998/2229 2970/2214 2993/2201
f 2986/2222 3001/2224 2999/2234
f 2989/2221 2986/2222 2999/2234
f 2971/2213 2997/2215 2996/2235
f 2971/2213 2996/2235 3169/2235
f 2983/2228 2995/2230 2997/2215
f 2997/2215 3013/2212 2983/2228
f 2976/2206 3002/2236 2982/2205
f 3004/2237 3003/2238 2991/2226
f 2991/2226 3005/2239 3004/2237
f 3006/2240 2983/2228 3013/2212
f 3002/2236 2976/2206 3003/2238
f 3003/2238 3004/2237 3002/2236
f 2991/2226 2977/2219 3009/2241
f 3009/2241 3005/2239 2991/2226
f 2968/2198 2970/2214 3010/2242
f 3006/2240 3010/2242 2970/2214
f 2977/2219 2992/2227 3009/2241
f 3008/2223 2986/2222 2982/2205
f 3010/2242 3012/2243 2968/2198
f 2970/2214 2983/2228 3006/2240
f 3059/2244 3054/2199 3014/2245
f 2980/2210 2967/2200 3019/2246
f 2967/2200 3055/2247 3020/2248
f 3020/2248 3021/2249 2967/2200
f 3009/2241 2969/2250 3022/2251
f 3023/2252 2969/2250 3009/2241
f 3025/2253 3024/2254 2981/2231
f 3028/2255 3029/2256 3030/2257
f 2974/2220 2981/2231 3031/2258
f 2981/2231 3028/2255 3031/2258
f 3033/2259 3032/2260 3034/2259
f 3035/2261 3032/2260 3033/2259
f 3039/2262 3038/2263 3040/2262
f 3041/2264 3038/2263 3039/2262
f 3038/2263 3041/2264 3042/2265
f 3045/2266 3044/2267 3043/2268
f 3047/2269 3046/2270 3048/2271
f 3055/2247 2967/2200 3049/2272
f 3050/2273 3049/2272 2967/2200
f 3052/2274 3051/2275 2967/2200
f 3054/2199 3053/2276 2967/2200
f 3056/2277 3050/2273 3051/2275
f 3050/2273 3056/2277 3057/2278
f 3052/2274 3053/2276 3058/2279
f 3060/2280 3052/2274 3058/2279
f 3054/2199 3061/2281 3014/2245
f 3043/2268 3017/2282 3062/2283
f 3064/2284 3063/2285 2968/2198
f 3063/2285 3064/2284 3016/2286
f 3016/2286 3064/2284 3015/2287
f 3065/2288 3018/2289 3066/2290
f 3067/2291 3018/2289 3065/2288
f 3069/2292 3068/2293 3017/2282
f 3062/2283 3017/2282 3068/2293
f 3012/2243 3068/2293 2968/2198
f 3054/2199 2968/2198 3061/2281
f 2968/2198 3063/2285 3061/2281
f 2968/2198 3065/2288 3066/2290
f 3066/2290 3064/2284 2968/2198
f 3069/2292 3065/2288 2968/2198
f 3055/2247 3036/2294 3071/2295
f 3055/2247 3071/2295 3020/2248
f 3073/2296 3072/2297 3040/2262
f 3070/2298 3074/2299 3075/2300
f 3072/2297 3076/2301 3077/2302
f 3076/2301 3072/2297 3073/2296
f 3070/2298 3034/2259 3032/2260
f 3040/2262 3038/2263 3073/2296
f 3070/2298 3075/2300 3034/2259
f 3016/2286 3015/2287 3078/2303
f 3043/2268 3044/2267 3017/2282
f 3018/2289 3067/2291 3047/2269
f 3047/2269 3067/2291 3046/2270
f 3036/2294 3055/2247 3079/2304
f 3058/2279 3080/2305 3060/2280
f 3057/2278 3081/2306 3082/2307
f 3057/2278 3056/2277 3081/2306
f 3083/2308 3080/2305 3058/2279
f 3059/2244 2978/2208 3084/2309
f 3085/2310 3084/2309 2978/2208
f 3025/2253 2994/2233 3086/2311
f 3025/2253 3086/2311 3087/2312
f 3026/2313 2981/2231 3088/2314
f 3088/2314 3027/2315 3026/2313
f 2981/2231 3089/2316 3088/2314
f 3024/2254 3089/2316 2981/2231
f 3028/2255 2981/2231 3090/2317
f 3090/2317 3029/2256 3028/2255
f 2981/2231 3026/2313 3091/2318
f 2981/2231 3091/2318 3090/2317
f 3030/2257 3029/2256 3095/2319
f 3025/2253 3087/2312 3024/2254
f 3093/2320 3092/2321 3094/2322
f 3093/2320 3094/2322 3026/2313
f 3026/2313 3027/2315 3093/2320
f 3096/2323 3095/2319 3097/2324
f 3096/2323 3097/2324 2980/2210
f 3098/2325 3095/2319 3096/2323
f 3098/2325 3030/2257 3095/2319
f 3022/2251 2969/2250 3011/2326
f 3011/2326 2969/2250 3099/2327
f 3100/2328 3011/2326 3099/2327
f 2993/2201 2980/2210 3000/2232
f 2980/2210 3097/2324 3000/2232
f 3101/2329 3094/2322 3000/2232
f 3000/2232 3094/2322 3092/2321
f 3000/2232 3092/2321 2994/2233
f 2994/2233 3092/2321 3086/2311
f 3097/2324 3101/2329 3000/2232
f 3102/2330 3074/2299 3070/2298
f 3074/2299 3102/2330 2980/2210
f 2980/2210 3102/2330 3096/2323
f 2974/2220 3035/2261 3042/2265
f 2974/2220 3042/2265 3041/2264
f 3035/2261 3103/2331 3032/2260
f 2974/2220 3031/2258 3103/2331
f 2974/2220 3103/2331 3035/2261
f 3037/2332 3036/2294 2975/2209
f 3041/2264 3037/2332 2975/2209
f 3041/2264 2975/2209 2974/2220
f 3019/2246 2967/2200 3104/2333
f 3104/2333 2967/2200 3021/2249
f 3104/2333 3072/2297 3077/2302
f 3077/2302 3074/2299 3019/2246
f 3077/2302 3019/2246 3104/2333
f 3019/2246 3074/2299 2980/2210
f 3021/2249 3072/2297 3104/2333
f 3106/2334 3105/2335 2975/2209
f 3105/2335 3108/2336 2975/2209
f 3109/2337 3107/2338 2975/2209
f 3079/2304 3109/2337 3036/2294
f 3036/2294 3109/2337 2975/2209
f 3082/2307 3081/2306 3107/2338
f 3083/2308 3108/2336 3105/2335
f 3083/2308 3105/2335 3080/2305
f 3107/2338 3106/2334 2975/2209
f 3081/2306 3106/2334 3107/2338
f 3053/2276 3052/2274 2967/2200
f 3051/2275 3050/2273 2967/2200
f 3108/2336 2979/2207 2975/2209
f 3085/2310 2978/2208 2979/2207
f 2978/2208 3110/2339 3111/2340
f 3112/2341 3078/2303 3015/2287
f 3078/2303 3112/2341 3111/2340
f 3112/2341 3113/2342 3111/2340
f 3046/2270 3114/2343 3048/2271
f 3011/2326 3100/2328 3012/2243
f 3012/2243 3100/2328 3068/2293
f 3111/2340 2992/2227 2978/2208
f 3111/2340 3113/2342 2992/2227
f 2992/2227 3113/2342 3048/2271
f 3048/2271 3114/2343 2992/2227
f 3045/2266 2992/2227 3114/2343
f 3045/2266 3115/2344 3009/2241
f 3045/2266 3009/2241 2992/2227
f 3009/2241 3115/2344 3023/2252
f 3043/2268 3115/2344 3045/2266
f 3068/2293 3069/2292 2968/2198
f 3116/2345 3059/2244 3014/2245
f 3116/2345 3110/2339 2978/2208
f 2978/2208 3059/2244 3116/2345
f 2984/2217 2988/2216 3117/2346
f 2984/2217 3117/2346 3118/2347
f 3119/2348 3117/2346 2988/2216
f 2988/2216 3122/2349 3119/2348
f 2988/2216 2990/2225 3123/2350
f 2988/2216 3123/2350 3124/2351
f 3124/2351 3122/2349 2988/2216
f 2985/2218 2984/2217 3125/2352
f 2985/2218 3125/2352 3126/2353
f 3127/2354 3125/2352 2984/2217
f 2984/2217 3128/2355 3127/2354
f 3128/2355 2984/2217 3118/2347
f 2985/2218 3126/2353 2989/2221
f 2973/2204 2972/2203 3129/2356
f 3130/2357 3129/2356 2972/2203
f 2972/2203 2989/2221 3131/2358
f 3131/2358 3130/2357 2972/2203
f 2989/2221 3132/2359 3131/2358
f 2989/2221 3126/2353 3132/2359
f 2973/2204 3129/2356 3133/2360
f 3135/2361 2973/2204 3133/2360
f 2973/2204 3135/2361 2976/2206
f 3134/2362 3133/2360 3129/2356
f 3134/2362 3129/2356 3118/2347
f 3128/2355 3118/2347 3129/2356
f 3140/2363 2976/2206 3136/2364
f 2976/2206 3140/2363 3003/2238
f 2991/2226 3003/2238 3138/2365
f 2990/2225 2991/2226 3138/2365
f 3138/2365 3123/2350 2990/2225
f 3003/2238 3139/2366 3138/2365
f 3140/2363 3139/2366 3003/2238
f 3122/2349 3121/2367 3120/2368
f 3122/2349 3120/2368 3119/2348
f 3136/2364 2976/2206 3137/2369
f 2976/2206 3135/2361 3137/2369
f 3122/2349 3137/2369 3135/2361
f 3122/2349 3135/2361 3121/2367
f 3225/2199 3142/2198 3141/2200
f 3142/2198 3323/2370 3141/2200
f 3145/2214 3142/2198 3183/2243
f 3147/2203 3161/2202 3148/2204
f 3161/2202 3157/2205 3148/2204
f 3157/2205 3151/2206 3148/2204
f 3153/2208 3154/2207 3150/2209
f 3141/2200 3167/2371 3155/2210
f 3167/2371 3141/2200 3323/2370
f 2971/2213 3144/2372 3178/2373
f 3144/2372 3181/2374 3178/2373
f 3313/2375 3181/2374 3144/2372
f 3146/2376 3313/2375 3144/2372
f 2971/2213 3169/2235 3144/2372
f 3158/2217 3162/2216 3159/2218
f 3162/2216 3152/2219 3159/2218
f 3159/2218 3152/2219 3149/2220
f 3161/2202 3147/2203 3163/2221
f 3160/2222 3161/2202 3163/2221
f 3001/2224 3008/2223 3160/2222
f 3161/2202 3160/2222 3157/2205
f 3162/2216 3164/2225 3152/2219
f 3164/2225 3165/2226 3152/2219
f 3149/2220 3152/2219 3150/2209
f 3166/2227 3150/2209 3152/2219
f 3150/2209 3166/2227 3153/2208
f 3324/2377 3168/2201 3167/2371
f 3146/2376 3170/2215 3312/2230
f 3149/2220 3156/2231 3159/2218
f 3323/2370 3324/2377 3167/2371
f 3001/2224 3160/2222 3172/2234
f 3160/2222 3163/2221 3172/2234
f 3146/2376 3144/2372 3169/2235
f 3146/2376 3169/2235 3170/2215
f 3173/2236 3151/2206 3157/2205
f 3174/2238 3175/2237 3165/2226
f 3176/2239 3165/2226 3175/2237
f 2971/2213 3178/2373 3007/2211
f 3151/2206 3173/2236 3174/2238
f 3175/2237 3174/2238 3173/2236
f 3152/2219 3165/2226 3179/2241
f 3176/2239 3179/2241 3165/2226
f 3145/2214 3183/2243 3180/2242
f 3180/2242 3177/2240 3145/2214
f 3314/2378 3177/2240 3184/2212
f 3166/2227 3152/2219 3179/2241
f 3160/2222 3008/2223 3157/2205
f 3313/2375 3184/2212 3181/2374
f 3225/2199 3230/2244 3185/2245
f 3141/2200 3155/2210 3190/2246
f 3226/2247 3141/2200 3191/2248
f 3192/2249 3191/2248 3141/2200
f 3143/2250 3179/2241 3193/2251
f 3143/2250 3194/2252 3179/2241
f 3195/2254 3196/2253 3156/2231
f 3200/2256 3199/2255 3201/2257
f 3156/2231 3149/2220 3202/2258
f 3199/2255 3156/2231 3202/2258
f 3203/2260 3204/2259 3205/2259
f 3203/2260 3206/2261 3204/2259
f 3209/2263 3210/2262 3211/2262
f 3209/2263 3212/2264 3210/2262
f 3212/2264 3209/2263 3213/2265
f 3215/2267 3216/2266 3214/2268
f 3217/2270 3218/2269 3219/2271
f 3141/2200 3226/2247 3220/2272
f 3220/2272 3221/2273 3141/2200
f 3222/2275 3223/2274 3141/2200
f 3224/2276 3225/2199 3141/2200
f 3221/2273 3227/2277 3222/2275
f 3227/2277 3221/2273 3228/2278
f 3224/2276 3223/2274 3229/2279
f 3223/2274 3231/2280 3229/2279
f 3232/2281 3225/2199 3185/2245
f 3188/2282 3214/2268 3233/2283
f 3234/2285 3235/2284 3142/2198
f 3235/2284 3234/2285 3187/2286
f 3235/2284 3187/2286 3186/2287
f 3189/2289 3236/2288 3237/2290
f 3189/2289 3238/2291 3236/2288
f 3239/2293 3240/2292 3188/2282
f 3188/2282 3233/2283 3239/2293
f 3239/2293 3183/2243 3142/2198
f 3142/2198 3225/2199 3232/2281
f 3234/2285 3142/2198 3232/2281
f 3236/2288 3142/2198 3237/2290
f 3235/2284 3237/2290 3142/2198
f 3236/2288 3240/2292 3142/2198
f 3207/2294 3226/2247 3242/2295
f 3242/2295 3226/2247 3191/2248
f 3243/2297 3244/2296 3211/2262
f 3245/2299 3241/2298 3246/2300
f 3247/2301 3243/2297 3248/2302
f 3243/2297 3247/2301 3244/2296
f 3205/2259 3241/2298 3203/2260
f 3209/2263 3211/2262 3244/2296
f 3246/2300 3241/2298 3205/2259
f 3186/2287 3187/2286 3249/2303
f 3215/2267 3214/2268 3188/2282
f 3238/2291 3189/2289 3218/2269
f 3238/2291 3218/2269 3217/2270
f 3226/2247 3207/2294 3250/2304
f 3251/2305 3229/2279 3231/2280
f 3252/2306 3228/2278 3253/2307
f 3227/2277 3228/2278 3252/2306
f 3251/2305 3254/2308 3229/2279
f 3153/2208 3230/2244 3255/2309
f 3255/2309 3256/2310 3153/2208
f 3167/2371 3196/2253 3257/2311
f 3257/2311 3196/2253 3258/2312
f 3156/2231 3197/2313 3259/2314
f 3198/2315 3259/2314 3197/2313
f 3260/2316 3156/2231 3259/2314
f 3260/2316 3195/2254 3156/2231
f 3156/2231 3199/2255 3261/2317
f 3200/2256 3261/2317 3199/2255
f 3197/2313 3156/2231 3262/2318
f 3262/2318 3156/2231 3261/2317
f 3200/2256 3201/2257 3266/2319
f 3258/2312 3196/2253 3195/2254
f 3263/2321 3264/2320 3265/2322
f 3265/2322 3264/2320 3197/2313
f 3198/2315 3197/2313 3264/2320
f 3266/2319 3267/2323 3268/2324
f 3268/2324 3267/2323 3155/2210
f 3266/2319 3269/2325 3267/2323
f 3201/2257 3269/2325 3266/2319
f 3143/2250 3193/2251 3182/2326
f 3143/2250 3182/2326 3270/2327
f 3182/2326 3271/2328 3270/2327
f 3268/2324 3155/2210 3167/2371
f 3265/2322 3272/2329 3167/2371
f 3265/2322 3167/2371 3263/2321
f 3263/2321 3167/2371 3257/2311
f 3272/2329 3268/2324 3167/2371
f 3245/2299 3273/2330 3241/2298
f 3273/2330 3245/2299 3155/2210
f 3273/2330 3155/2210 3267/2323
f 3206/2261 3149/2220 3213/2265
f 3213/2265 3149/2220 3212/2264
f 3149/2220 3206/2261 3203/2260
f 3202/2258 3149/2220 3274/2331
f 3149/2220 3203/2260 3274/2331
f 3207/2294 3208/2332 3150/2209
f 3208/2332 3212/2264 3150/2209
f 3150/2209 3212/2264 3149/2220
f 3141/2200 3190/2246 3275/2333
f 3141/2200 3275/2333 3192/2249
f 3243/2297 3275/2333 3248/2302
f 3245/2299 3248/2302 3190/2246
f 3190/2246 3248/2302 3275/2333
f 3245/2299 3190/2246 3155/2210
f 3243/2297 3192/2249 3275/2333
f 3276/2335 3277/2334 3150/2209
f 3279/2336 3276/2335 3150/2209
f 3278/2338 3280/2337 3150/2209
f 3280/2337 3250/2304 3207/2294
f 3280/2337 3207/2294 3150/2209
f 3252/2306 3253/2307 3278/2338
f 3279/2336 3254/2308 3276/2335
f 3276/2335 3254/2308 3251/2305
f 3277/2334 3278/2338 3150/2209
f 3277/2334 3252/2306 3278/2338
f 3223/2274 3224/2276 3141/2200
f 3221/2273 3222/2275 3141/2200
f 3154/2207 3279/2336 3150/2209
f 3153/2208 3256/2310 3154/2207
f 3281/2339 3153/2208 3282/2340
f 3249/2303 3283/2341 3186/2287
f 3283/2341 3249/2303 3282/2340
f 3284/2342 3283/2341 3282/2340
f 3285/2343 3217/2270 3219/2271
f 3271/2328 3182/2326 3183/2243
f 3271/2328 3183/2243 3239/2293
f 3166/2227 3282/2340 3153/2208
f 3284/2342 3282/2340 3166/2227
f 3284/2342 3166/2227 3219/2271
f 3285/2343 3219/2271 3166/2227
f 3166/2227 3216/2266 3285/2343
f 3286/2344 3216/2266 3179/2241
f 3179/2241 3216/2266 3166/2227
f 3286/2344 3179/2241 3194/2252
f 3286/2344 3214/2268 3216/2266
f 3240/2292 3239/2293 3142/2198
f 3230/2244 3287/2345 3185/2245
f 3281/2339 3287/2345 3153/2208
f 3230/2244 3153/2208 3287/2345
f 3162/2216 3158/2217 3288/2346
f 3288/2346 3158/2217 3289/2347
f 3288/2346 3290/2348 3162/2216
f 3293/2349 3162/2216 3290/2348
f 3164/2225 3162/2216 3294/2350
f 3294/2350 3162/2216 3295/2351
f 3293/2349 3295/2351 3162/2216
f 3158/2217 3159/2218 3296/2352
f 3296/2352 3159/2218 3297/2353
f 3296/2352 3298/2354 3158/2217
f 3299/2355 3158/2217 3298/2354
f 3158/2217 3299/2355 3289/2347
f 3297/2353 3159/2218 3163/2221
f 3147/2203 3148/2204 3300/2356
f 3300/2356 3301/2357 3147/2203
f 3163/2221 3147/2203 3302/2358
f 3301/2357 3302/2358 3147/2203
f 3303/2359 3163/2221 3302/2358
f 3297/2353 3163/2221 3303/2359
f 3300/2356 3148/2204 3304/2360
f 3148/2204 3306/2361 3304/2360
f 3306/2361 3148/2204 3151/2206
f 3304/2360 3305/2362 3300/2356
f 3300/2356 3305/2362 3289/2347
f 3289/2347 3299/2355 3300/2356
f 3151/2206 3311/2363 3307/2364
f 3311/2363 3151/2206 3174/2238
f 3174/2238 3165/2226 3309/2365
f 3165/2226 3164/2225 3309/2365
f 3294/2350 3309/2365 3164/2225
f 3310/2366 3174/2238 3309/2365
f 3310/2366 3311/2363 3174/2238
f 3292/2367 3293/2349 3291/2368
f 3291/2368 3293/2349 3290/2348
f 3151/2206 3307/2364 3308/2369
f 3306/2361 3151/2206 3308/2369
f 3308/2369 3293/2349 3306/2361
f 3306/2361 3293/2349 3292/2367
f 3146/2376 3312/2230 3321/2379
f 3322/2380 3313/2375 3146/2376
f 3146/2376 3317/2381 3322/2380
f 3319/2382 3184/2212 3313/2375
f 3142/2198 3316/2383 3323/2370
f 3142/2198 3145/2214 3316/2383
f 3312/2230 3171/2229 3320/2384
f 3320/2384 3171/2229 3318/2385
f 3321/2379 3312/2230 3320/2384
f 3171/2229 3168/2201 3318/2385
f 3325/2386 3318/2385 3168/2201
f 3168/2201 3324/2377 3325/2386
f 3321/2379 3317/2381 3146/2376
f 3145/2214 3177/2240 3315/2387
f 3315/2387 3316/2383 3145/2214
f 3319/2382 3314/2378 3184/2212
f 3314/2378 3315/2387 3177/2240
f 3369/2388 3327/2389 3328/2390
f 3333/2391 3338/2392 3406/2393
f 3333/2391 3326/2394 3336/2395
f 3346/2396 3359/2397 3358/2398
f 3398/2399 3397/2400 3362/2401
f 3350/2402 3331/2403 3332/2404
f 3333/2391 3337/2405 3338/2392
f 3343/2406 3328/2390 3327/2389
f 3347/2407 3340/2408 3359/2397
f 3347/2407 3359/2397 3346/2396
f 3359/2397 3340/2408 3352/2409
f 3352/2409 3345/2410 3342/2411
f 3335/2412 3332/2404 3341/2413
f 3336/2395 3337/2405 3333/2391
f 3340/2408 3344/2414 3352/2409
f 3352/2409 3344/2414 3345/2410
f 3334/2415 3342/2411 3327/2389
f 3379/2416 3378/2417 3341/2413
f 3406/2393 3338/2392 3413/2392
f 3354/2418 3353/2419 3329/2420
f 3357/2421 3335/2412 3336/2395
f 3332/2404 3335/2412 3357/2421
f 3353/2419 3342/2411 3329/2420
f 3342/2411 3353/2419 3352/2409
f 3354/2418 3329/2420 3330/2422
f 3331/2403 3349/2423 3348/2424
f 3332/2404 3357/2421 3350/2402
f 3351/2425 3333/2391 3356/2426
f 3349/2423 3331/2403 3350/2402
f 3356/2426 3333/2391 3406/2393
f 3336/2395 3326/2394 3357/2421
f 3351/2425 3326/2394 3333/2391
f 3367/2427 3368/2428 3332/2404
f 3368/2428 3360/2429 3332/2404
f 3327/2389 3369/2388 3361/2430
f 3363/2431 3398/2399 3362/2401
f 3363/2431 3331/2403 3348/2424
f 3363/2431 3370/2432 3331/2403
f 3370/2432 3371/2433 3331/2403
f 3371/2433 3332/2404 3331/2403
f 3371/2433 3367/2427 3332/2404
f 3372/2434 3329/2420 3342/2411
f 3342/2411 3334/2415 3364/2435
f 3364/2435 3372/2434 3342/2411
f 3374/2436 3330/2422 3329/2420
f 3329/2420 3373/2437 3374/2436
f 3329/2420 3372/2434 3373/2437
f 3369/2388 3328/2390 3365/2438
f 3334/2415 3327/2389 3361/2430
f 3364/2435 3334/2415 3361/2430
f 3348/2424 3398/2399 3363/2431
f 3397/2400 3366/2439 3362/2401
f 3360/2429 3341/2413 3332/2404
f 3343/2406 3375/2440 3377/2441
f 3328/2390 3343/2406 3377/2441
f 3375/2440 3343/2406 3339/2442
f 3328/2390 3377/2441 3382/2443
f 3378/2417 3339/2442 3341/2413
f 3375/2440 3339/2442 3378/2417
f 3381/2444 3380/2445 3387/2446
f 3381/2444 3387/2446 3384/2447
f 3388/2448 3328/2390 3382/2443
f 3389/2449 3385/2450 3365/2438
f 3365/2438 3328/2390 3389/2449
f 3328/2390 3388/2448 3389/2449
f 3365/2438 3385/2450 3390/2451
f 3390/2451 3360/2429 3365/2438
f 3386/2452 3376/2453 3381/2444
f 3386/2452 3381/2444 3384/2447
f 3392/2454 3374/2436 3366/2439
f 3330/2422 3374/2436 3392/2454
f 3330/2422 3392/2454 3395/2455
f 3393/2456 3398/2399 3348/2424
f 3396/2457 3393/2456 3348/2424
f 3366/2439 3397/2400 3394/2458
f 3348/2424 3355/2459 3391/2460
f 3391/2460 3396/2457 3348/2424
f 3391/2460 3355/2459 3330/2422
f 3330/2422 3395/2455 3391/2460
f 3366/2439 3394/2458 3392/2454
f 3386/2452 3388/2448 3382/2443
f 3386/2452 3382/2443 3376/2453
f 3341/2413 3380/2445 3379/2416
f 3341/2413 3387/2446 3380/2445
f 3360/2429 3387/2446 3341/2413
f 3360/2429 3383/2461 3387/2446
f 3360/2429 3390/2451 3383/2461
f 3400/2389 3442/2388 3401/2390
f 3413/2392 3407/2391 3406/2393
f 3399/2394 3407/2391 3411/2395
f 3432/2397 3346/2396 3358/2398
f 3409/2462 3432/2397 3426/2409
f 3470/2400 3471/2399 3435/2401
f 3404/2403 3424/2402 3405/2404
f 3412/2405 3407/2391 3413/2392
f 3430/2426 3406/2393 3407/2391
f 3401/2390 3418/2406 3400/2389
f 3415/2408 3421/2407 3432/2397
f 3432/2397 3421/2407 3346/2396
f 3420/2463 3432/2397 3409/2462
f 3409/2462 3426/2409 3427/2464
f 3474/2465 3409/2462 3427/2464
f 3405/2404 3410/2412 3416/2413
f 3412/2405 3411/2395 3407/2391
f 3419/2414 3415/2408 3432/2397
f 3419/2414 3432/2397 3420/2463
f 3417/2466 3408/2415 3400/2389
f 3451/2417 3452/2416 3416/2413
f 3410/2412 3431/2421 3411/2395
f 3410/2412 3405/2404 3431/2421
f 3474/2465 3427/2464 3402/2420
f 3402/2420 3427/2464 3428/2418
f 3402/2420 3428/2418 3403/2422
f 3423/2423 3404/2403 3422/2424
f 3431/2421 3405/2404 3424/2402
f 3404/2403 3423/2423 3424/2402
f 3406/2393 3430/2426 3356/2426
f 3407/2391 3425/2425 3430/2426
f 3399/2394 3411/2395 3431/2421
f 3399/2394 3425/2425 3407/2391
f 3441/2428 3440/2427 3405/2404
f 3433/2429 3441/2428 3405/2404
f 3442/2388 3400/2389 3434/2430
f 3471/2399 3436/2431 3435/2401
f 3404/2403 3436/2431 3422/2424
f 3443/2432 3436/2431 3404/2403
f 3444/2433 3443/2432 3404/2403
f 3405/2404 3444/2433 3404/2403
f 3440/2427 3444/2433 3405/2404
f 3402/2420 3445/2434 3474/2465
f 3408/2415 3474/2465 3437/2435
f 3445/2434 3437/2435 3474/2465
f 3403/2422 3447/2436 3402/2420
f 3446/2437 3402/2420 3447/2436
f 3445/2434 3402/2420 3446/2437
f 3401/2390 3442/2388 3438/2438
f 3400/2389 3408/2415 3434/2430
f 3408/2415 3437/2435 3434/2430
f 3471/2399 3422/2424 3436/2431
f 3439/2439 3470/2400 3435/2401
f 3416/2413 3433/2429 3405/2404
f 3448/2440 3418/2406 3450/2441
f 3418/2406 3401/2390 3450/2441
f 3418/2406 3448/2440 3414/2442
f 3450/2441 3401/2390 3455/2443
f 3414/2442 3451/2417 3416/2413
f 3414/2442 3448/2440 3451/2417
f 3453/2445 3454/2444 3460/2446
f 3460/2446 3454/2444 3457/2447
f 3401/2390 3461/2448 3455/2443
f 3458/2450 3462/2449 3438/2438
f 3401/2390 3438/2438 3462/2449
f 3461/2448 3401/2390 3462/2449
f 3458/2450 3438/2438 3463/2451
f 3433/2429 3463/2451 3438/2438
f 3449/2453 3459/2452 3454/2444
f 3454/2444 3459/2452 3457/2447
f 3447/2436 3465/2454 3439/2439
f 3447/2436 3403/2422 3465/2454
f 3465/2454 3403/2422 3468/2455
f 3471/2399 3466/2456 3422/2424
f 3466/2456 3469/2457 3422/2424
f 3470/2400 3439/2439 3467/2458
f 3429/2459 3422/2424 3464/2460
f 3469/2457 3464/2460 3422/2424
f 3429/2459 3464/2460 3403/2422
f 3468/2455 3403/2422 3464/2460
f 3467/2458 3439/2439 3465/2454
f 3461/2448 3459/2452 3455/2443
f 3455/2443 3459/2452 3449/2453
f 3453/2445 3416/2413 3452/2416
f 3460/2446 3416/2413 3453/2445
f 3460/2446 3433/2429 3416/2413
f 3456/2461 3433/2429 3460/2446
f 3463/2451 3433/2429 3456/2461
f 3409/2462 3474/2465 3476/2467
f 3473/2468 3472/2410 3478/2469
f 3479/2470 3473/2468 3477/2471
f 3477/2471 3473/2468 3478/2469
f 3417/2466 3473/2468 3479/2470
f 3479/2470 3408/2415 3417/2466
f 3479/2470 3480/2472 3408/2415
f 3408/2415 3480/2472 3481/2473
f 3481/2473 3474/2465 3408/2415
f 3472/2410 3420/2463 3475/2474
f 3475/2474 3478/2469 3472/2410
f 3420/2463 3482/2475 3475/2474
f 3483/2476 3482/2475 3420/2463
f 3420/2463 3409/2462 3483/2476
f 3409/2462 3476/2467 3483/2476
f 3485/2477 3484/2478 3486/2479
f 3532/2480 3487/2481 3488/2482
f 3493/2483 3486/2479 3484/2478
f 3484/2478 3489/2484 3493/2483
f 3485/2477 3486/2479 3490/2485
f 3490/2485 3491/2486 3485/2477
f 3492/2487 3488/2482 3487/2481
f 3492/2487 3487/2481 3491/2486
f 3491/2486 3490/2485 3492/2487
f 3488/2482 3492/2487 3489/2484
f 3493/2483 3489/2484 3492/2487
f 3499/2488 3498/2489 3500/2490
f 3497/2491 3534/2492 3538/2493
f 3545/2494 3734/2495 3543/2496
f 3502/2497 3529/2498 3501/2499
f 3512/2500 3532/2480 3511/2501
f 3515/2486 3488/2482 3489/2484
f 3516/2502 3497/2491 3495/2503
f 3489/2484 3517/2504 3550/2478
f 3523/2505 3494/2506 3518/2507
f 3538/2493 3496/2508 3497/2491
f 3496/2508 3495/2503 3497/2491
f 3514/2509 3549/2510 3530/2511
f 3497/2491 3498/2489 3499/2488
f 3500/2490 3498/2489 3542/2512
f 3500/2490 3542/2512 3735/2513
f 3735/2513 3543/2496 3734/2495
f 3735/2513 3540/2514 3500/2490
f 3540/2514 3499/2488 3500/2490
f 3499/2488 3540/2514 3534/2492
f 3497/2491 3499/2488 3534/2492
f 3535/2515 3506/2516 3503/2517
f 3504/2518 3535/2515 3520/2519
f 3504/2518 3521/2520 3524/2521
f 3535/2515 3504/2518 3505/2522
f 3505/2522 3506/2516 3535/2515
f 3502/2497 3506/2516 3529/2498
f 3529/2498 3506/2516 3509/2523
f 3502/2497 3501/2499 3525/2524
f 3522/2525 3529/2498 3507/2526
f 3507/2526 3529/2498 3528/2527
f 3522/2525 3507/2526 3523/2505
f 3529/2498 3508/2528 3528/2527
f 3506/2516 3505/2522 3509/2523
f 3509/2523 3530/2511 3529/2498
f 3529/2498 3530/2511 3508/2528
f 3513/2529 3532/2480 3512/2500
f 3511/2501 3533/2530 3512/2500
f 3533/2530 3511/2501 3514/2509
f 3511/2501 3532/2480 3515/2486
f 3514/2509 3511/2501 3515/2486
f 3514/2509 3515/2486 3519/2531
f 3515/2486 3532/2480 3488/2482
f 3508/2528 3530/2511 3546/2532
f 3504/2518 3520/2519 3521/2520
f 3506/2516 3502/2497 3503/2517
f 3539/2533 3503/2517 3502/2497
f 3529/2498 3522/2525 3501/2499
f 3538/2493 3518/2507 3496/2508
f 3502/2497 3525/2524 3539/2533
f 3531/2534 3544/2535 3516/2502
f 3514/2509 3519/2531 3549/2510
f 3516/2502 3544/2535 3553/2536
f 3497/2491 3553/2536 3541/2537
f 3508/2528 3546/2532 3547/2538
f 3508/2528 3547/2538 3510/2539
f 3515/2486 3489/2484 3550/2478
f 3515/2486 3550/2478 3548/2540
f 3515/2486 3548/2540 3519/2531
f 3544/2535 3552/2541 3553/2536
f 3497/2491 3541/2537 3498/2489
f 3498/2489 3541/2537 3542/2512
f 3735/2513 3542/2512 3543/2496
f 3549/2510 3546/2532 3530/2511
f 3516/2502 3553/2536 3497/2491
f 3494/2506 3555/2542 3518/2507
f 3556/2543 3523/2505 3557/2544
f 3558/2545 3507/2526 3559/2546
f 3557/2544 3507/2526 3558/2545
f 3523/2505 3507/2526 3557/2544
f 3527/2547 3561/2548 3562/2549
f 3563/2550 3507/2526 3564/2551
f 3566/2552 3565/2553 3560/2554
f 3565/2553 3563/2550 3560/2554
f 3567/2555 3562/2549 3496/2508
f 3559/2546 3563/2550 3565/2553
f 3559/2546 3507/2526 3563/2550
f 3572/2556 3568/2557 3528/2527
f 3609/2558 3528/2527 3568/2557
f 3570/2559 3569/2560 3571/2561
f 3527/2547 3562/2549 3567/2555
f 3572/2556 3571/2561 3569/2560
f 3573/2562 3569/2560 3570/2559
f 3574/2563 3573/2562 3495/2503
f 3496/2508 3574/2563 3495/2503
f 3575/2564 3574/2563 3496/2508
f 3562/2549 3575/2564 3496/2508
f 3572/2556 3576/2565 3571/2561
f 3572/2556 3528/2527 3576/2565
f 3526/2566 3584/2567 3495/2503
f 3577/2568 3528/2527 3578/2569
f 3576/2565 3528/2527 3577/2568
f 3579/2570 3526/2566 3495/2503
f 3580/2571 3579/2570 3495/2503
f 3495/2503 3570/2559 3580/2571
f 3573/2562 3570/2559 3495/2503
f 3581/2572 3508/2528 3582/2573
f 3584/2567 3508/2528 3581/2572
f 3528/2527 3508/2528 3584/2567
f 3578/2569 3584/2567 3526/2566
f 3528/2527 3584/2567 3578/2569
f 3586/2574 3585/2575 3516/2502
f 3587/2576 3586/2574 3516/2502
f 3495/2503 3587/2576 3516/2502
f 3588/2577 3587/2576 3495/2503
f 3584/2567 3588/2577 3495/2503
f 3508/2528 3510/2539 3590/2578
f 3589/2579 3590/2578 3510/2539
f 3589/2579 3516/2502 3591/2580
f 3592/2581 3591/2580 3516/2502
f 3592/2581 3516/2502 3593/2582
f 3585/2575 3593/2582 3516/2502
f 3594/2583 3593/2582 3585/2575
f 3583/2584 3595/2585 3585/2575
f 3596/2586 3585/2575 3595/2585
f 3516/2502 3589/2579 3531/2534
f 3600/2587 3531/2534 3589/2579
f 3601/2588 3599/2589 3598/2590
f 3603/2591 3553/2536 3552/2541
f 3510/2539 3547/2538 3604/2592
f 3601/2588 3604/2592 3547/2538
f 3597/2593 3605/2594 3603/2591
f 3602/2595 3603/2591 3605/2594
f 3601/2588 3598/2590 3604/2592
f 3598/2590 3599/2589 3606/2596
f 3553/2536 3606/2596 3599/2589
f 3607/2597 3606/2596 3553/2536
f 3608/2598 3607/2597 3553/2536
f 3603/2591 3608/2598 3553/2536
f 3602/2595 3608/2598 3603/2591
f 3556/2543 3494/2506 3523/2505
f 3609/2558 3562/2549 3561/2548
f 3610/2599 3595/2585 3582/2573
f 3582/2573 3595/2585 3583/2584
f 3594/2583 3585/2575 3596/2586
f 3508/2528 3611/2600 3582/2573
f 3508/2528 3590/2578 3611/2600
f 3582/2573 3611/2600 3610/2599
f 3612/2601 3605/2594 3597/2593
f 3510/2539 3604/2592 3613/2602
f 3612/2601 3613/2602 3605/2594
f 3510/2539 3613/2602 3612/2601
f 3614/2603 3565/2553 3566/2552
f 3567/2555 3496/2508 3615/2604
f 3566/2552 3615/2604 3496/2508
f 3566/2552 3496/2508 3518/2507
f 3566/2552 3518/2507 3614/2603
f 3614/2603 3518/2507 3555/2542
f 3507/2526 3528/2527 3609/2558
f 3507/2526 3561/2548 3564/2551
f 3609/2558 3561/2548 3507/2526
f 3510/2539 3612/2601 3616/2605
f 3616/2605 3600/2587 3589/2579
f 3616/2605 3589/2579 3510/2539
f 3622/2489 3621/2488 3623/2490
f 3621/2488 3620/2491 3659/2493
f 3741/2495 3666/2494 3664/2496
f 3630/2606 3625/2497 3624/2499
f 3626/2607 3660/2533 3629/2516
f 3632/2608 3654/2609 3630/2606
f 3635/2539 3632/2608 3633/2528
f 3532/2480 3636/2500 3652/2610
f 3517/2504 3489/2484 3484/2478
f 3617/2506 3643/2505 3640/2507
f 3619/2508 3659/2493 3620/2491
f 3618/2503 3619/2508 3620/2491
f 3618/2503 3620/2491 3639/2502
f 3669/2510 3637/2509 3650/2511
f 3620/2491 3621/2488 3622/2489
f 3622/2489 3623/2490 3663/2512
f 3663/2512 3623/2490 3743/2513
f 3664/2496 3743/2513 3741/2495
f 3661/2514 3743/2513 3623/2490
f 3621/2488 3661/2514 3623/2490
f 3746/2611 3666/2494 3741/2495
f 3629/2516 3656/2515 3626/2607
f 3656/2515 3627/2518 3642/2519
f 3521/2520 3627/2518 3524/2521
f 3627/2518 3656/2515 3628/2522
f 3629/2516 3628/2522 3656/2515
f 3629/2516 3625/2497 3630/2606
f 3624/2499 3625/2497 3645/2524
f 3630/2606 3644/2525 3631/2526
f 3630/2606 3631/2526 3632/2608
f 3631/2526 3644/2525 3643/2505
f 3648/2527 3633/2528 3632/2608
f 3649/2612 3648/2527 3632/2608
f 3630/2606 3634/2523 3629/2516
f 3628/2522 3629/2516 3634/2523
f 3650/2511 3634/2523 3630/2606
f 3650/2511 3630/2606 3654/2609
f 3654/2609 3632/2608 3635/2539
f 3532/2480 3513/2529 3636/2500
f 3653/2530 3652/2610 3636/2500
f 3652/2610 3653/2530 3637/2509
f 3532/2480 3652/2610 3487/2481
f 3491/2486 3487/2481 3652/2610
f 3491/2486 3652/2610 3638/2613
f 3652/2610 3637/2509 3638/2613
f 3638/2613 3637/2509 3641/2531
f 3491/2486 3638/2613 3485/2477
f 3638/2613 3641/2531 3485/2477
f 3642/2519 3627/2518 3521/2520
f 3661/2514 3621/2488 3655/2492
f 3625/2497 3629/2516 3660/2533
f 3644/2525 3630/2606 3624/2499
f 3621/2488 3659/2493 3655/2492
f 3640/2507 3659/2493 3619/2508
f 3645/2524 3625/2497 3660/2533
f 3665/2535 3651/2534 3639/2502
f 3641/2531 3637/2509 3669/2510
f 3665/2535 3639/2502 3672/2536
f 3672/2536 3620/2491 3662/2537
f 3662/2537 3620/2491 3622/2489
f 3654/2609 3635/2539 3667/2614
f 3484/2478 3485/2477 3668/2540
f 3668/2540 3485/2477 3641/2531
f 3671/2541 3665/2535 3672/2536
f 3662/2537 3622/2489 3663/2512
f 3663/2512 3743/2513 3664/2496
f 3654/2609 3669/2510 3650/2511
f 3672/2536 3639/2502 3620/2491
f 3673/2542 3617/2506 3640/2507
f 3643/2505 3674/2543 3675/2544
f 3631/2526 3676/2545 3677/2546
f 3631/2526 3675/2544 3676/2545
f 3631/2526 3643/2505 3675/2544
f 3679/2548 3647/2547 3680/2549
f 3631/2526 3681/2550 3682/2551
f 3683/2553 3684/2552 3678/2554
f 3681/2550 3683/2553 3678/2554
f 3680/2549 3685/2555 3619/2508
f 3681/2550 3677/2546 3683/2553
f 3631/2526 3677/2546 3681/2550
f 3648/2527 3649/2612 3686/2557
f 3686/2557 3690/2556 3648/2527
f 3688/2560 3687/2559 3689/2561
f 3680/2549 3647/2547 3685/2555
f 3689/2561 3690/2556 3688/2560
f 3688/2560 3691/2562 3687/2559
f 3691/2562 3692/2563 3618/2503
f 3692/2563 3619/2508 3618/2503
f 3692/2563 3693/2564 3619/2508
f 3693/2564 3680/2549 3619/2508
f 3694/2565 3690/2556 3689/2561
f 3648/2527 3690/2556 3694/2565
f 3702/2567 3646/2566 3618/2503
f 3648/2527 3695/2568 3696/2569
f 3648/2527 3694/2565 3695/2568
f 3646/2566 3697/2570 3618/2503
f 3697/2570 3698/2571 3618/2503
f 3687/2559 3618/2503 3698/2571
f 3687/2559 3691/2562 3618/2503
f 3633/2528 3699/2572 3700/2573
f 3633/2528 3702/2567 3699/2572
f 3633/2528 3648/2527 3702/2567
f 3702/2567 3696/2569 3646/2566
f 3702/2567 3648/2527 3696/2569
f 3704/2575 3703/2574 3639/2502
f 3703/2574 3705/2576 3639/2502
f 3705/2576 3618/2503 3639/2502
f 3705/2576 3706/2577 3618/2503
f 3706/2577 3702/2567 3618/2503
f 3635/2539 3633/2528 3708/2578
f 3708/2578 3707/2579 3635/2539
f 3639/2502 3707/2579 3709/2580
f 3709/2580 3710/2581 3639/2502
f 3639/2502 3710/2581 3711/2582
f 3711/2582 3704/2575 3639/2502
f 3711/2582 3712/2583 3704/2575
f 3713/2585 3701/2584 3704/2575
f 3704/2575 3714/2586 3713/2585
f 3707/2579 3639/2502 3651/2534
f 3651/2534 3718/2587 3707/2579
f 3717/2589 3667/2614 3716/2590
f 3672/2536 3720/2591 3671/2541
f 3667/2614 3635/2539 3721/2592
f 3722/2594 3715/2593 3720/2591
f 3720/2591 3719/2595 3722/2594
f 3716/2590 3667/2614 3721/2592
f 3717/2589 3716/2590 3723/2596
f 3723/2596 3672/2536 3717/2589
f 3723/2596 3724/2597 3672/2536
f 3724/2597 3725/2598 3672/2536
f 3725/2598 3720/2591 3672/2536
f 3725/2598 3719/2595 3720/2591
f 3617/2506 3674/2543 3643/2505
f 3680/2549 3649/2612 3679/2548
f 3686/2557 3649/2612 3726/2558
f 3726/2558 3649/2612 3680/2549
f 3713/2585 3727/2599 3700/2573
f 3713/2585 3700/2573 3701/2584
f 3704/2575 3712/2583 3714/2586
f 3728/2600 3633/2528 3700/2573
f 3708/2578 3633/2528 3728/2600
f 3728/2600 3700/2573 3727/2599
f 3722/2594 3729/2601 3715/2593
f 3721/2592 3635/2539 3730/2602
f 3730/2602 3729/2601 3722/2594
f 3730/2602 3635/2539 3729/2601
f 3683/2553 3731/2603 3684/2552
f 3619/2508 3685/2555 3732/2604
f 3732/2604 3684/2552 3619/2508
f 3619/2508 3684/2552 3640/2507
f 3640/2507 3684/2552 3731/2603
f 3640/2507 3731/2603 3673/2542
f 3632/2608 3631/2526 3649/2612
f 3679/2548 3631/2526 3682/2551
f 3679/2548 3649/2612 3631/2526
f 3729/2601 3635/2539 3733/2605
f 3718/2587 3733/2605 3707/2579
f 3707/2579 3733/2605 3635/2539
f 3551/2615 3740/2611 3545/2494
f 3554/2616 3736/2617 3551/2615
f 3736/2617 3554/2616 3670/2615
f 3551/2615 3736/2617 3740/2611
f 3737/2618 3537/2619 3536/2620
f 3536/2620 3540/2514 3738/2621
f 3540/2514 3735/2513 3738/2621
f 3536/2620 3738/2621 3737/2618
f 3537/2619 3737/2618 3739/2622
f 3742/2623 3739/2622 3737/2618
f 3734/2495 3545/2494 3740/2611
f 3736/2617 3670/2615 3746/2611
f 3658/2619 3739/2622 3742/2623
f 3746/2611 3670/2615 3666/2494
f 3744/2618 3658/2619 3742/2623
f 3658/2619 3744/2618 3657/2620
f 3661/2514 3657/2620 3745/2624
f 3743/2513 3661/2514 3745/2624
f 3657/2620 3744/2618 3745/2624
f 3748/2625 3747/2626 3749/2625
f 3750/2626 3747/2626 3748/2625
f 3750/2626 3751/2627 3747/2626
f 3752/2627 3751/2627 3750/2626
f 3752/2627 3753/2628 3751/2627
f 3754/2628 3753/2628 3752/2627
f 3750/2626 3748/2625 3735/2513
f 3752/2627 3750/2626 3734/2495
f 3750/2626 3735/2513 3734/2495
f 3748/2625 3749/2625 3737/2618
f 3754/2628 3752/2627 3734/2495
f 3754/2628 3740/2611 3736/2617
f 3735/2513 3748/2625 3738/2621
f 3738/2621 3748/2625 3737/2618
f 3737/2618 3749/2625 3742/2623
f 3740/2611 3754/2628 3734/2495
f 3747/2626 3751/2627 3743/2513
f 3749/2625 3747/2626 3743/2513
f 3754/2628 3736/2617 3746/2611
f 3751/2627 3753/2628 3741/2495
f 3751/2627 3741/2495 3743/2513
f 3753/2628 3754/2628 3746/2611
f 3753/2628 3746/2611 3741/2495
f 3742/2623 3749/2625 3744/2618
f 3749/2625 3743/2513 3745/2624
f 3749/2625 3745/2624 3744/2618
f 3771/2629 3770/2630 3761/2631
f 3760/2632 3774/2633 3762/2634
f 3780/2635 3778/2636 3768/2637
f 3772/2638 3758/2639 3759/2640
f 3822/2641 3761/2631 3770/2630
f 3761/2631 3756/2642 3769/2643
f 3771/2629 3761/2631 3769/2643
f 3756/2642 3761/2631 3758/2639
f 3756/2642 3758/2639 3757/2644
f 3757/2644 3758/2639 3772/2638
f 3757/2644 3772/2638 3773/2645
f 3772/2638 3759/2640 3762/2634
f 3773/2645 3772/2638 3762/2634
f 3760/2632 3762/2634 3759/2640
f 3835/2632 3763/2646 3774/2633
f 3760/2632 3835/2632 3774/2633
f 3764/2647 3765/2648 3793/2649
f 3793/2649 3765/2648 3776/2650
f 3776/2650 3766/2651 3767/2652
f 3767/2652 3777/2653 3776/2650
f 3776/2650 3777/2653 3793/2649
f 3768/2637 3778/2636 3779/2654
f 3811/2655 3812/2656 3822/2641
f 3779/2654 3823/2657 3828/2658
f 3804/2659 3796/2660 3818/2661
f 3780/2635 3796/2660 3803/2662
f 3821/2663 3780/2635 3768/2637
f 3780/2635 3764/2647 3778/2636
f 3778/2636 3784/2664 3779/2654
f 3760/2632 3782/2665 3835/2632
f 3822/2641 3812/2656 3783/2666
f 3758/2639 3788/2667 3789/2668
f 3759/2640 3758/2639 3790/2669
f 3781/2670 3790/2669 3758/2639
f 3759/2640 3790/2669 3782/2665
f 3759/2640 3782/2665 3760/2632
f 3761/2631 3788/2667 3758/2639
f 3812/2656 3813/2671 3783/2666
f 3792/2672 3793/2649 3777/2653
f 3795/2673 3794/2674 3778/2636
f 3778/2636 3794/2674 3784/2664
f 3784/2664 3785/2675 3808/2676
f 3777/2653 3786/2677 3792/2672
f 3767/2652 3787/2678 3777/2653
f 3786/2677 3777/2653 3787/2678
f 3835/2632 3782/2665 3855/2679
f 3781/2670 3758/2639 3789/2668
f 3788/2667 3761/2631 3783/2666
f 3761/2631 3822/2641 3783/2666
f 3764/2647 3793/2649 3778/2636
f 3795/2673 3778/2636 3793/2649
f 3797/2680 3775/2681 3802/2682
f 3764/2647 3802/2682 3775/2681
f 3780/2635 3803/2662 3764/2647
f 3802/2682 3764/2647 3803/2662
f 3771/2629 3804/2659 3818/2661
f 3755/2683 3799/2684 3769/2643
f 3804/2659 3771/2629 3801/2685
f 3800/2686 3801/2685 3771/2629
f 3769/2643 3800/2686 3771/2629
f 3799/2684 3800/2686 3769/2643
f 3755/2683 3798/2687 3799/2684
f 3775/2681 3797/2680 3755/2683
f 3798/2687 3755/2683 3797/2680
f 3823/2657 3779/2654 3806/2688
f 3784/2664 3808/2676 3779/2654
f 3807/2689 3779/2654 3808/2676
f 3806/2688 3779/2654 3807/2689
f 3808/2676 3785/2675 3809/2690
f 3783/2666 3810/2691 3791/2692
f 3813/2671 3810/2691 3783/2666
f 3785/2675 3791/2692 3809/2690
f 3810/2691 3809/2690 3791/2692
f 3805/2693 3811/2655 3823/2657
f 3816/2694 3817/2695 3770/2630
f 3796/2660 3780/2635 3815/2696
f 3821/2663 3768/2637 3814/2697
f 3820/2698 3780/2635 3821/2663
f 3815/2696 3780/2635 3820/2698
f 3819/2699 3816/2694 3770/2630
f 3771/2629 3819/2699 3770/2630
f 3818/2661 3819/2699 3771/2629
f 3815/2696 3818/2661 3796/2660
f 3814/2697 3768/2637 3824/2700
f 3779/2654 3828/2658 3768/2637
f 3827/2701 3768/2637 3828/2658
f 3824/2700 3768/2637 3827/2701
f 3822/2641 3829/2702 3811/2655
f 3829/2702 3823/2657 3811/2655
f 3770/2630 3826/2703 3822/2641
f 3825/2704 3826/2703 3770/2630
f 3770/2630 3817/2695 3825/2704
f 3817/2695 3824/2700 3825/2704
f 3817/2695 3814/2697 3824/2700
f 3823/2657 3806/2688 3805/2693
f 3842/2630 3843/2629 3836/2631
f 3846/2633 3835/2632 3837/2634
f 3850/2636 3852/2635 3840/2637
f 3833/2639 3844/2638 3834/2640
f 3836/2631 3895/2641 3842/2630
f 3831/2642 3836/2631 3841/2643
f 3836/2631 3843/2629 3841/2643
f 3836/2631 3831/2642 3833/2639
f 3833/2639 3831/2642 3832/2644
f 3833/2639 3832/2644 3844/2638
f 3844/2638 3832/2644 3845/2645
f 3834/2640 3844/2638 3837/2634
f 3844/2638 3845/2645 3837/2634
f 3837/2634 3835/2632 3834/2640
f 3763/2646 3835/2632 3846/2633
f 3839/2648 3838/2647 3866/2649
f 3839/2648 3866/2649 3848/2650
f 3766/2651 3848/2650 3767/2652
f 3849/2653 3767/2652 3848/2650
f 3849/2653 3848/2650 3866/2649
f 3850/2636 3840/2637 3851/2654
f 3885/2656 3884/2655 3895/2641
f 3896/2657 3851/2654 3901/2658
f 3869/2660 3877/2659 3891/2661
f 3869/2660 3852/2635 3876/2662
f 3852/2635 3894/2663 3840/2637
f 3838/2647 3852/2635 3850/2636
f 3857/2664 3850/2636 3851/2654
f 3885/2656 3895/2641 3856/2666
f 3861/2667 3833/2639 3862/2668
f 3833/2639 3834/2640 3863/2669
f 3863/2669 3853/2670 3833/2639
f 3863/2669 3834/2640 3854/2665
f 3854/2665 3834/2640 3835/2632
f 3854/2665 3835/2632 3855/2679
f 3861/2667 3836/2631 3833/2639
f 3886/2671 3885/2656 3856/2666
f 3866/2649 3865/2672 3849/2653
f 3867/2674 3868/2673 3850/2636
f 3867/2674 3850/2636 3857/2664
f 3858/2675 3857/2664 3881/2676
f 3859/2677 3849/2653 3865/2672
f 3860/2678 3767/2652 3849/2653
f 3849/2653 3859/2677 3860/2678
f 3833/2639 3853/2670 3862/2668
f 3836/2631 3861/2667 3856/2666
f 3895/2641 3836/2631 3856/2666
f 3866/2649 3838/2647 3850/2636
f 3850/2636 3868/2673 3866/2649
f 3847/2681 3870/2680 3875/2682
f 3875/2682 3838/2647 3847/2681
f 3876/2662 3852/2635 3838/2647
f 3838/2647 3875/2682 3876/2662
f 3877/2659 3843/2629 3891/2661
f 3872/2684 3830/2683 3841/2643
f 3843/2629 3877/2659 3874/2685
f 3874/2685 3873/2686 3843/2629
f 3873/2686 3841/2643 3843/2629
f 3873/2686 3872/2684 3841/2643
f 3871/2687 3830/2683 3872/2684
f 3870/2680 3847/2681 3830/2683
f 3830/2683 3871/2687 3870/2680
f 3851/2654 3896/2657 3879/2688
f 3881/2676 3857/2664 3851/2654
f 3851/2654 3880/2689 3881/2676
f 3851/2654 3879/2688 3880/2689
f 3858/2675 3881/2676 3882/2690
f 3883/2691 3856/2666 3864/2692
f 3883/2691 3886/2671 3856/2666
f 3864/2692 3858/2675 3882/2690
f 3882/2690 3883/2691 3864/2692
f 3884/2655 3878/2693 3896/2657
f 3890/2695 3889/2694 3842/2630
f 3852/2635 3869/2660 3888/2696
f 3840/2637 3894/2663 3887/2697
f 3852/2635 3893/2698 3894/2663
f 3852/2635 3888/2696 3893/2698
f 3889/2694 3892/2699 3842/2630
f 3892/2699 3843/2629 3842/2630
f 3892/2699 3891/2661 3843/2629
f 3891/2661 3888/2696 3869/2660
f 3840/2637 3887/2697 3897/2700
f 3901/2658 3851/2654 3840/2637
f 3840/2637 3900/2701 3901/2658
f 3840/2637 3897/2700 3900/2701
f 3902/2702 3895/2641 3884/2655
f 3896/2657 3902/2702 3884/2655
f 3899/2703 3842/2630 3895/2641
f 3899/2703 3898/2704 3842/2630
f 3890/2695 3842/2630 3898/2704
f 3897/2700 3890/2695 3898/2704
f 3887/2697 3890/2695 3897/2700
f 3879/2688 3896/2657 3878/2693
f 3911/2705 3909/2706 3906/2707
f 3907/2708 3911/2705 3906/2707
f 3908/2709 3907/2708 3906/2707
f 3906/2707 3904/2710 3908/2709
f 3910/2711 3909/2706 3911/2705
f 3912/2712 3913/2713 3914/2714
f 3912/2712 3915/2715 3913/2713
f 3905/2716 3906/2707 3909/2706
f 3912/2712 3917/2717 3916/2718
f 3916/2718 3915/2715 3912/2712
f 3912/2712 3914/2714 3918/2719
f 3919/2720 3912/2712 3918/2719
f 3917/2717 3912/2712 3920/2721
f 3920/2721 3912/2712 3919/2720
f 3903/2722 3921/2723 3917/2717
f 3916/2718 3922/2724 3905/2716
f 3916/2718 3917/2717 3923/2725
f 3916/2718 3923/2725 3922/2724
f 3917/2717 3924/2726 3923/2725
f 3921/2723 3924/2726 3917/2717
f 3903/2722 3906/2707 3925/2727
f 3906/2707 3905/2716 3926/2728
f 3926/2728 3925/2727 3906/2707
f 3905/2716 3927/2729 3926/2728
f 3905/2716 3922/2724 3928/2730
f 3905/2716 3928/2730 3927/2729
f 3903/2722 3925/2727 3921/2723
f 3933/2731 3932/2732 3931/2733
f 3935/2734 3934/2735 3936/2736
f 3936/2736 3937/2737 3935/2734
f 3936/2736 3938/2738 3937/2737
f 3936/2736 3939/2739 3938/2738
f 3936/2736 3940/2740 3939/2739
f 3942/2741 3941/2742 3933/2731
f 3941/2742 3943/2743 3933/2731
f 3943/2743 3932/2732 3933/2731
f 3930/2744 3931/2733 3929/2745
f 3932/2732 3929/2745 3931/2733
f 3944/2746 3933/2731 3931/2733
f 3929/2745 3945/2747 3951/2748
f 3940/2740 3946/2749 3929/2745
f 3930/2744 3948/2750 3936/2736
f 3949/2751 3936/2736 3947/2752
f 3936/2736 3949/2751 3940/2740
f 3936/2736 3948/2750 3947/2752
f 3949/2751 3946/2749 3940/2740
f 3930/2744 3950/2753 3948/2750
f 3929/2745 3951/2748 3930/2744
f 3930/2744 3951/2748 3950/2753
f 3952/2754 3945/2747 3929/2745
f 3929/2745 3946/2749 3952/2754
f 3954/2755 3955/2756 3953/2757
f 3956/2758 3955/2756 3954/2755
f 3957/2759 3956/2758 3954/2755
f 3965/2760 3953/2757 3955/2756
f 3962/2761 3963/2762 3961/2763
f 3962/2761 3958/2764 3963/2762
f 3958/2764 3964/2765 3963/2762
f 3958/2764 3960/2766 3964/2765
f 3958/2764 3962/2761 3959/2767
f 3953/2757 3965/2760 3976/2768
f 3954/2755 3966/2769 3967/2770
f 3967/2770 3968/2771 3954/2755
f 3968/2771 3957/2759 3954/2755
f 3969/2772 3959/2767 3971/2773
f 3958/2764 3959/2767 3969/2772
f 3958/2764 3969/2772 3970/2774
f 3972/2775 3953/2757 3973/2776
f 3972/2775 3973/2776 3959/2767
f 3970/2774 3975/2777 3965/2760
f 3959/2767 3974/2778 3971/2773
f 3959/2767 3973/2776 3974/2778
f 3970/2774 3969/2772 3975/2777
f 3976/2768 3973/2776 3953/2757
f 3965/2760 3977/2779 3976/2768
f 3965/2760 3975/2777 3978/2780
f 3965/2760 3978/2780 3977/2779
f 3982/2781 3981/2782 3980/2783
f 3980/2783 3983/2784 3982/2781
f 3983/2784 3980/2783 3984/2785
f 3985/2786 3983/2784 3984/2785
f 3996/2787 3993/2788 3988/2789
f 3998/2790 3986/2791 3979/2792
f 3990/2793 3986/2791 3998/2790
f 3987/2794 3989/2795 3991/2796
f 3991/2796 3992/2797 3987/2794
f 3988/2789 3987/2794 3992/2797
f 3993/2788 3987/2794 3988/2789
f 3994/2798 3989/2795 3987/2794
f 3987/2794 3995/2799 3994/2798
f 3987/2794 3993/2788 3995/2799
f 3996/2787 4003/2800 4004/2801
f 3996/2787 4004/2801 4002/2802
f 4003/2800 3996/2787 3988/2789
f 3990/2793 4005/2803 3988/2789
f 3990/2793 3998/2790 4006/2804
f 4006/2804 4005/2803 3990/2793
f 4004/2801 4001/2805 4002/2802
f 4003/2800 3988/2789 4005/2803
f 3999/2806 3979/2792 3984/2785
f 3999/2806 3984/2785 4000/2807
f 4000/2807 3984/2785 3980/2783
f 4000/2807 3980/2783 4002/2802
f 4000/2807 4002/2802 4001/2805
f 3997/2808 3979/2792 3999/2806
f 3997/2808 3998/2790 3979/2792
f 4009/2782 4010/2781 4008/2783
f 4011/2784 4008/2783 4010/2781
f 4008/2783 4011/2784 4012/2785
f 4011/2784 4013/2786 4012/2785
f 4021/2788 4024/2787 4016/2789
f 4014/2791 4026/2790 4007/2792
f 4014/2791 4018/2793 4026/2790
f 4017/2795 4015/2794 4019/2796
f 4020/2797 4019/2796 4015/2794
f 4015/2794 4016/2789 4020/2797
f 4015/2794 4021/2788 4016/2789
f 4017/2795 4022/2798 4015/2794
f 4023/2799 4015/2794 4022/2798
f 4021/2788 4015/2794 4023/2799
f 4031/2800 4024/2787 4032/2801
f 4032/2801 4024/2787 4030/2802
f 4024/2787 4031/2800 4016/2789
f 4033/2803 4018/2793 4016/2789
f 4026/2790 4018/2793 4034/2804
f 4033/2803 4034/2804 4018/2793
f 4029/2805 4032/2801 4030/2802
f 4016/2789 4031/2800 4033/2803
f 4007/2792 4027/2806 4012/2785
f 4012/2785 4027/2806 4028/2807
f 4012/2785 4028/2807 4008/2783
f 4008/2783 4028/2807 4030/2802
f 4030/2802 4028/2807 4029/2805
f 4007/2792 4025/2808 4027/2806
f 4026/2790 4025/2808 4007/2792
f 4037/2756 4036/2755 4035/2757
f 4037/2756 4038/2758 4036/2755
f 4038/2758 4039/2759 4036/2755
f 4035/2757 4047/2760 4037/2756
f 4045/2762 4044/2761 4043/2763
f 4040/2764 4044/2761 4045/2762
f 4046/2765 4040/2764 4045/2762
f 4042/2766 4040/2764 4046/2765
f 4044/2761 4040/2764 4041/2767
f 4047/2760 4035/2757 4058/2768
f 4048/2769 4036/2755 4049/2770
f 4050/2771 4049/2770 4036/2755
f 4039/2759 4050/2771 4036/2755
f 4041/2767 4051/2772 4053/2773
f 4041/2767 4040/2764 4051/2772
f 4051/2772 4040/2764 4052/2774
f 4035/2757 4054/2775 4055/2776
f 4055/2776 4054/2775 4041/2767
f 4057/2777 4052/2774 4047/2760
f 4056/2778 4041/2767 4053/2773
f 4055/2776 4041/2767 4056/2778
f 4051/2772 4052/2774 4057/2777
f 4055/2776 4058/2768 4035/2757
f 4059/2779 4047/2760 4058/2768
f 4057/2777 4047/2760 4060/2780
f 4060/2780 4047/2760 4059/2779
f 4064/2732 4065/2731 4063/2733
f 4066/2735 4067/2734 4068/2736
f 4069/2737 4068/2736 4067/2734
f 4070/2738 4068/2736 4069/2737
f 4071/2739 4068/2736 4070/2738
f 4072/2740 4068/2736 4071/2739
f 4073/2742 4074/2741 4065/2731
f 4075/2743 4073/2742 4065/2731
f 4064/2732 4075/2743 4065/2731
f 4063/2733 4062/2744 4061/2745
f 4061/2745 4064/2732 4063/2733
f 4065/2731 4076/2746 4063/2733
f 4077/2747 4061/2745 4083/2748
f 4078/2749 4072/2740 4061/2745
f 4080/2750 4062/2744 4068/2736
f 4068/2736 4081/2751 4079/2752
f 4081/2751 4068/2736 4072/2740
f 4080/2750 4068/2736 4079/2752
f 4078/2749 4081/2751 4072/2740
f 4082/2753 4062/2744 4080/2750
f 4083/2748 4061/2745 4062/2744
f 4083/2748 4062/2744 4082/2753
f 4077/2747 4084/2754 4061/2745
f 4078/2749 4061/2745 4084/2754
f 4091/2706 4093/2705 4088/2707
f 4093/2705 4089/2708 4088/2707
f 4089/2708 4090/2709 4088/2707
f 4086/2710 4088/2707 4090/2709
f 4091/2706 4092/2711 4093/2705
f 4095/2713 4094/2712 4096/2714
f 4097/2715 4094/2712 4095/2713
f 4088/2707 4087/2716 4091/2706
f 4099/2717 4094/2712 4098/2718
f 4097/2715 4098/2718 4094/2712
f 4096/2714 4094/2712 4100/2719
f 4094/2712 4101/2720 4100/2719
f 4094/2712 4099/2717 4102/2721
f 4094/2712 4102/2721 4101/2720
f 4103/2723 4085/2722 4099/2717
f 4104/2724 4098/2718 4087/2716
f 4099/2717 4098/2718 4105/2725
f 4105/2725 4098/2718 4104/2724
f 4106/2726 4099/2717 4105/2725
f 4106/2726 4103/2723 4099/2717
f 4088/2707 4085/2722 4107/2727
f 4087/2716 4088/2707 4108/2728
f 4107/2727 4108/2728 4088/2707
f 4109/2729 4087/2716 4108/2728
f 4104/2724 4087/2716 4110/2730
f 4110/2730 4087/2716 4109/2729
f 4107/2727 4085/2722 4103/2723
f 4128/2809 4121/2810 4111/2811
f 4129/2812 4111/2811 4112/2813
f 4132/2814 4127/2815 4129/2812
f 4131/2816 4132/2814 4129/2812
f 4129/2812 4130/2817 4131/2816
f 4127/2815 4111/2811 4129/2812
f 4128/2809 4111/2811 4126/2818
f 4126/2818 4111/2811 4127/2815
f 4123/2819 4120/2820 4124/2821
f 4129/2812 4112/2813 4116/2822
f 4118/2823 4114/2824 4120/2820
f 4120/2820 4114/2824 4119/2825
f 4112/2813 4111/2811 4121/2810
f 4121/2810 4122/2826 4112/2813
f 4122/2826 4115/2827 4112/2813
f 4118/2823 4120/2820 4123/2819
f 4123/2819 4124/2821 4125/2828
f 4116/2822 4112/2813 4138/2829
f 4116/2822 4138/2829 4133/2830
f 4139/2831 4114/2824 4118/2823
f 4139/2831 4137/2832 4117/2833
f 4117/2833 4114/2824 4139/2831
f 4135/2834 4118/2823 4113/2835
f 4135/2834 4140/2836 4118/2823
f 4140/2836 4139/2831 4118/2823
f 4115/2827 4117/2833 4136/2837
f 4136/2837 4134/2838 4115/2827
f 4113/2835 4116/2822 4133/2830
f 4133/2830 4135/2834 4113/2835
f 4141/2839 4112/2813 4115/2827
f 4141/2839 4138/2829 4112/2813
f 4141/2839 4115/2827 4134/2838
f 4136/2837 4117/2833 4137/2832
f 4152/2810 4159/2809 4142/2811
f 4142/2811 4160/2812 4143/2813
f 4158/2815 4163/2814 4160/2812
f 4163/2814 4162/2816 4160/2812
f 4161/2817 4160/2812 4162/2816
f 4142/2811 4158/2815 4160/2812
f 4142/2811 4159/2809 4157/2818
f 4142/2811 4157/2818 4158/2815
f 4151/2820 4154/2819 4155/2821
f 4143/2813 4160/2812 4147/2822
f 4145/2824 4149/2823 4151/2820
f 4145/2824 4151/2820 4150/2825
f 4142/2811 4143/2813 4152/2810
f 4153/2826 4152/2810 4143/2813
f 4146/2827 4153/2826 4143/2813
f 4151/2820 4149/2823 4154/2819
f 4155/2821 4154/2819 4156/2828
f 4143/2813 4147/2822 4169/2829
f 4169/2829 4147/2822 4164/2830
f 4145/2824 4170/2831 4149/2823
f 4168/2832 4170/2831 4148/2833
f 4145/2824 4148/2833 4170/2831
f 4149/2823 4166/2834 4144/2835
f 4171/2836 4166/2834 4149/2823
f 4170/2831 4171/2836 4149/2823
f 4148/2833 4146/2827 4167/2837
f 4165/2838 4167/2837 4146/2827
f 4147/2822 4144/2835 4164/2830
f 4166/2834 4164/2830 4144/2835
f 4143/2813 4172/2839 4146/2827
f 4169/2829 4172/2839 4143/2813
f 4146/2827 4172/2839 4165/2838
f 4148/2833 4167/2837 4168/2832
f 4173/2840 4175/2841 4176/2842
f 4175/2841 4174/2843 4176/2842
f 4187/2844 4182/2845 4183/2846
f 4182/2845 4187/2844 4177/2847
f 4191/2848 4190/2849 4184/2850
f 4186/2851 4184/2850 4177/2847
f 4187/2844 4186/2851 4177/2847
f 4189/2852 4181/2853 4190/2849
f 4184/2850 4190/2849 4181/2853
f 4180/2854 4184/2850 4181/2853
f 4177/2847 4179/2855 4185/2856
f 4179/2855 4184/2850 4180/2854
f 4188/2857 4183/2846 4182/2845
f 4177/2847 4185/2856 4178/2858
f 4178/2858 4182/2845 4177/2847
f 4177/2847 4184/2850 4179/2855
f 4196/2859 4202/2860 4197/2861
f 4197/2861 4202/2860 4203/2862
f 4195/2863 4194/2864 4199/2865
f 4196/2859 4195/2863 4199/2865
f 4195/2863 4196/2859 4197/2861
f 4197/2861 4203/2862 4193/2866
f 4193/2866 4198/2867 4197/2861
f 4194/2864 4192/2868 4199/2865
f 4199/2865 4192/2868 4201/2869
f 4200/2870 4199/2865 4201/2869
f 4215/2871 4206/2872 4212/2873
f 4213/2874 4212/2873 4206/2872
f 4212/2873 4211/2875 4215/2871
f 4214/2876 4210/2877 4213/2874
f 4213/2874 4204/2878 4214/2876
f 4206/2872 4205/2879 4213/2874
f 4213/2874 4205/2879 4204/2878
f 4206/2872 4215/2871 4209/2880
f 4207/2881 4214/2876 4204/2878
f 4208/2882 4209/2880 4215/2871
f 4223/2883 4219/2884 4222/2885
f 4217/2886 4220/2887 4221/2888
f 4221/2888 4218/2889 4217/2886
f 4217/2886 4218/2889 4223/2883
f 4216/2890 4219/2884 4223/2883
f 4216/2890 4223/2883 4218/2889
o B747taiB_B747whit
v 0.124783 -5.152548 0.020558
v 0.124210 -5.143217 0.020558
v 0.134611 -5.142814 0.020558
v 0.130705 -5.144251 0.020558
v 0.130705 -5.152548 0.020558
v 0.124210 -5.144698 0.025604
v 0.134611 -5.144360 0.025821
v 0.130705 -5.145568 0.025044
v 0.124210 -5.148672 0.029047
v 0.134611 -5.148505 0.029413
v 0.130705 -5.149102 0.028106
v 0.124210 -5.153877 0.029795
v 0.134611 -5.153934 0.030194
v 0.130705 -5.153729 0.028771
v 0.124210 -5.158659 0.027611
v 0.134611 -5.158923 0.027915
v 0.130705 -5.157982 0.026829
v 0.124210 -5.161502 0.023187
v 0.134611 -5.161889 0.023301
v 0.130705 -5.160510 0.022896
v 0.124210 -5.161502 0.017929
v 0.134611 -5.161889 0.017815
v 0.130705 -5.160510 0.018220
v 0.124210 -5.158659 0.013505
v 0.134611 -5.158923 0.013201
v 0.130705 -5.157982 0.014287
v 0.124210 -5.153877 0.011322
v 0.134611 -5.153934 0.010923
v 0.130705 -5.153729 0.012345
v 0.124210 -5.148672 0.012069
v 0.134611 -5.148505 0.011703
v 0.130705 -5.149102 0.013011
v 0.124210 -5.144698 0.015513
v 0.134611 -5.144360 0.015296
v 0.130705 -5.145568 0.016072
v 0.107666 -5.152548 0.020558
v 0.108240 -5.143217 0.020558
v 0.097838 -5.142814 0.020558
v 0.101744 -5.144251 0.020558
v 0.101744 -5.152548 0.020558
v 0.108240 -5.144698 0.025604
v 0.097838 -5.144360 0.025821
v 0.101744 -5.145568 0.025044
v 0.108240 -5.148672 0.029047
v 0.097838 -5.148505 0.029413
v 0.101744 -5.149102 0.028106
v 0.108240 -5.153877 0.029795
v 0.097838 -5.153934 0.030194
v 0.101744 -5.153729 0.028771
v 0.108240 -5.158659 0.027611
v 0.097838 -5.158923 0.027915
v 0.101744 -5.157982 0.026829
v 0.108240 -5.161502 0.023187
v 0.097838 -5.161889 0.023301
v 0.101744 -5.160510 0.022896
v 0.108240 -5.161502 0.017929
v 0.097838 -5.161889 0.017815
v 0.101744 -5.160510 0.018220
v 0.108240 -5.158659 0.013505
v 0.097838 -5.158923 0.013201
v 0.101744 -5.157982 0.014287
v 0.108240 -5.153877 0.011322
v 0.097838 -5.153934 0.010923
v 0.101744 -5.153729 0.012345
v 0.108240 -5.148672 0.012069
v 0.097838 -5.148505 0.011703
v 0.101744 -5.149102 0.013011
v 0.108240 -5.144698 0.015513
v 0.097838 -5.144360 0.015296
v 0.101744 -5.145568 0.016072
v 0.124783 -5.152548 0.058679
v 0.124210 -5.143217 0.058679
v 0.134611 -5.142814 0.058679
v 0.130705 -5.144251 0.058679
v 0.130705 -5.152548 0.058679
v 0.124210 -5.144698 0.063724
v 0.134611 -5.144360 0.063942
v 0.130705 -5.145568 0.063165
v 0.124210 -5.148672 0.067168
v 0.134611 -5.148505 0.067533
v 0.130705 -5.149102 0.066226
v 0.124210 -5.153877 0.067916
v 0.134611 -5.153934 0.068315
v 0.130705 -5.153729 0.066892
v 0.124210 -5.158659 0.065732
v 0.134611 -5.158923 0.066036
v 0.130705 -5.157982 0.064950
v 0.124210 -5.161502 0.061308
v 0.134611 -5.161889 0.061422
v 0.130705 -5.160510 0.061017
v 0.124210 -5.161502 0.056050
v 0.134611 -5.161889 0.055936
v 0.130705 -5.160510 0.056341
v 0.124210 -5.158659 0.051626
v 0.134611 -5.158923 0.051322
v 0.130705 -5.157982 0.052408
v 0.124210 -5.153877 0.049442
v 0.134611 -5.153934 0.049044
v 0.130705 -5.153729 0.050466
v 0.124210 -5.148672 0.050190
v 0.134611 -5.148505 0.049825
v 0.130705 -5.149102 0.051132
v 0.124210 -5.144698 0.053634
v 0.134611 -5.144360 0.053416
v 0.130705 -5.145568 0.054194
v 0.107724 -5.152548 0.058679
v 0.108299 -5.143217 0.058679
v 0.097894 -5.142814 0.058679
v 0.101804 -5.144251 0.058679
v 0.101804 -5.152548 0.058679
v 0.108299 -5.144698 0.063724
v 0.097894 -5.144360 0.063942
v 0.101804 -5.145568 0.063165
v 0.108299 -5.148672 0.067168
v 0.097894 -5.148505 0.067533
v 0.101804 -5.149102 0.066226
v 0.108299 -5.153877 0.067916
v 0.097894 -5.153934 0.068315
v 0.101804 -5.153729 0.066892
v 0.108299 -5.158659 0.065732
v 0.097894 -5.158923 0.066036
v 0.101804 -5.157982 0.064950
v 0.108299 -5.161502 0.061308
v 0.097894 -5.161889 0.061422
v 0.101804 -5.160510 0.061017
v 0.108299 -5.161502 0.056050
v 0.097894 -5.161889 0.055936
v 0.101804 -5.160510 0.056341
v 0.108299 -5.158659 0.051626
v 0.097894 -5.158923 0.051322
v 0.101804 -5.157982 0.052408
v 0.108299 -5.153877 0.049442
v 0.097894 -5.153934 0.049044
v 0.101804 -5.153729 0.050466
v 0.108299 -5.148672 0.050190
v 0.097894 -5.148505 0.049825
v 0.101804 -5.149102 0.051132
v 0.108299 -5.144698 0.053634
v 0.097894 -5.144360 0.053416
v 0.101804 -5.145568 0.054194
v 0.020322 -5.150311 -0.063056
v 0.019746 -5.140979 -0.063056
v 0.030149 -5.140577 -0.063056
v 0.026241 -5.142015 -0.063056
v 0.026241 -5.150311 -0.063056
v 0.019746 -5.142461 -0.058011
v 0.030149 -5.142123 -0.057794
v 0.026241 -5.143332 -0.058571
v 0.019746 -5.146435 -0.054568
v 0.030149 -5.146268 -0.054203
v 0.026241 -5.146865 -0.055509
v 0.019746 -5.151639 -0.053820
v 0.030149 -5.151697 -0.053421
v 0.026241 -5.151492 -0.054844
v 0.019746 -5.156423 -0.056004
v 0.030149 -5.156686 -0.055700
v 0.026241 -5.155746 -0.056786
v 0.019746 -5.159266 -0.060428
v 0.030149 -5.159652 -0.060314
v 0.026241 -5.158273 -0.060719
v 0.019746 -5.159266 -0.065686
v 0.030149 -5.159652 -0.065799
v 0.026241 -5.158273 -0.065394
v 0.019746 -5.156423 -0.070109
v 0.030149 -5.156686 -0.070414
v 0.026241 -5.155746 -0.069327
v 0.019746 -5.151639 -0.072294
v 0.030149 -5.151697 -0.072692
v 0.026241 -5.151492 -0.071270
v 0.019746 -5.146435 -0.071546
v 0.030149 -5.146268 -0.071911
v 0.026241 -5.146865 -0.070604
v 0.019746 -5.142461 -0.068102
v 0.030149 -5.142123 -0.068320
v 0.026241 -5.143332 -0.067542
v 0.003308 -5.150311 -0.063056
v 0.003883 -5.140979 -0.063056
v -0.006521 -5.140577 -0.063056
v -0.002612 -5.142015 -0.063056
v -0.002612 -5.150311 -0.063056
v 0.003883 -5.142461 -0.058011
v -0.006521 -5.142123 -0.057794
v -0.002612 -5.143332 -0.058571
v 0.003883 -5.146435 -0.054568
v -0.006521 -5.146268 -0.054203
v -0.002612 -5.146865 -0.055509
v 0.003883 -5.151639 -0.053820
v -0.006521 -5.151697 -0.053421
v -0.002612 -5.151492 -0.054844
v 0.003883 -5.156423 -0.056004
v -0.006521 -5.156686 -0.055700
v -0.002612 -5.155746 -0.056786
v 0.003883 -5.159266 -0.060428
v -0.006521 -5.159652 -0.060314
v -0.002612 -5.158273 -0.060719
v 0.003883 -5.159266 -0.065686
v -0.006521 -5.159652 -0.065799
v -0.002612 -5.158273 -0.065394
v 0.003883 -5.156423 -0.070109
v -0.006521 -5.156686 -0.070414
v -0.002612 -5.155746 -0.069327
v 0.003883 -5.151639 -0.072294
v -0.006521 -5.151697 -0.072692
v -0.002612 -5.151492 -0.071270
v 0.003883 -5.146435 -0.071546
v -0.006521 -5.146268 -0.071911
v -0.002612 -5.146865 -0.070604
v 0.003883 -5.142461 -0.068102
v -0.006521 -5.142123 -0.068320
v -0.002612 -5.143332 -0.067542
v 0.020322 -5.150311 -0.024935
v 0.019746 -5.140979 -0.024935
v 0.030149 -5.140577 -0.024935
v 0.026241 -5.142015 -0.024935
v 0.026241 -5.150311 -0.024935
v 0.019746 -5.142461 -0.019890
v 0.030149 -5.142123 -0.019673
v 0.026241 -5.143332 -0.020449
v 0.019746 -5.146435 -0.016447
v 0.030149 -5.146268 -0.016081
v 0.026241 -5.146865 -0.017389
v 0.019746 -5.151639 -0.015699
v 0.030149 -5.151697 -0.015300
v 0.026241 -5.151492 -0.016723
v 0.019746 -5.156423 -0.017883
v 0.030149 -5.156686 -0.017579
v 0.026241 -5.155746 -0.018665
v 0.019746 -5.159266 -0.022306
v 0.030149 -5.159652 -0.022193
v 0.026241 -5.158273 -0.022598
v 0.019746 -5.159266 -0.027564
v 0.030149 -5.159652 -0.027678
v 0.026241 -5.158273 -0.027274
v 0.019746 -5.156423 -0.031989
v 0.030149 -5.156686 -0.032292
v 0.026241 -5.155746 -0.031206
v 0.019746 -5.151639 -0.034172
v 0.030149 -5.151697 -0.034571
v 0.026241 -5.151492 -0.033149
v 0.019746 -5.146435 -0.033424
v 0.030149 -5.146268 -0.033790
v 0.026241 -5.146865 -0.032483
v 0.019746 -5.142461 -0.029981
v 0.030149 -5.142123 -0.030199
v 0.026241 -5.143332 -0.029421
v 0.003247 -5.150311 -0.024935
v 0.003824 -5.140979 -0.024935
v -0.006579 -5.140577 -0.024935
v -0.002671 -5.142015 -0.024935
v -0.002671 -5.150311 -0.024935
v 0.003824 -5.142461 -0.019890
v -0.006579 -5.142123 -0.019673
v -0.002671 -5.143332 -0.020449
v 0.003824 -5.146435 -0.016447
v -0.006579 -5.146268 -0.016081
v -0.002671 -5.146865 -0.017389
v 0.003824 -5.151639 -0.015699
v -0.006579 -5.151697 -0.015300
v -0.002671 -5.151492 -0.016723
v 0.003824 -5.156423 -0.017883
v -0.006579 -5.156686 -0.017579
v -0.002671 -5.155746 -0.018665
v 0.003824 -5.159266 -0.022306
v -0.006579 -5.159652 -0.022193
v -0.002671 -5.158273 -0.022598
v 0.003824 -5.159266 -0.027564
v -0.006579 -5.159652 -0.027678
v -0.002671 -5.158273 -0.027274
v 0.003824 -5.156423 -0.031989
v -0.006579 -5.156686 -0.032292
v -0.002671 -5.155746 -0.031206
v 0.003824 -5.151639 -0.034172
v -0.006579 -5.151697 -0.034571
v -0.002671 -5.151492 -0.033149
v 0.003824 -5.146435 -0.033424
v -0.006579 -5.146268 -0.033790
v -0.002671 -5.146865 -0.032483
v 0.003824 -5.142461 -0.029981
v -0.006579 -5.142123 -0.030199
v -0.002671 -5.143332 -0.029421
v -0.067562 -5.150311 -0.063056
v -0.068135 -5.140979 -0.063056
v -0.057734 -5.140577 -0.063056
v -0.061642 -5.142015 -0.063056
v -0.061642 -5.150311 -0.063056
v -0.068135 -5.142461 -0.058011
v -0.057734 -5.142123 -0.057794
v -0.061642 -5.143332 -0.058571
v -0.068135 -5.146435 -0.054568
v -0.057734 -5.146268 -0.054203
v -0.061642 -5.146865 -0.055509
v -0.068135 -5.151639 -0.053820
v -0.057734 -5.151697 -0.053421
v -0.061642 -5.151492 -0.054844
v -0.068135 -5.156423 -0.056004
v -0.057734 -5.156686 -0.055700
v -0.061642 -5.155746 -0.056786
v -0.068135 -5.159266 -0.060428
v -0.057734 -5.159652 -0.060314
v -0.061642 -5.158273 -0.060719
v -0.068135 -5.159266 -0.065686
v -0.057734 -5.159652 -0.065799
v -0.061642 -5.158273 -0.065394
v -0.068135 -5.156423 -0.070109
v -0.057734 -5.156686 -0.070414
v -0.061642 -5.155746 -0.069327
v -0.068135 -5.151639 -0.072294
v -0.057734 -5.151697 -0.072692
v -0.061642 -5.151492 -0.071270
v -0.068135 -5.146435 -0.071546
v -0.057734 -5.146268 -0.071911
v -0.061642 -5.146865 -0.070604
v -0.068135 -5.142461 -0.068102
v -0.057734 -5.142123 -0.068320
v -0.061642 -5.143332 -0.067542
v -0.084575 -5.150311 -0.063056
v -0.084001 -5.140979 -0.063056
v -0.094403 -5.140577 -0.063056
v -0.090493 -5.142015 -0.063056
v -0.090493 -5.150311 -0.063056
v -0.084001 -5.142461 -0.058011
v -0.094403 -5.142123 -0.057794
v -0.090493 -5.143332 -0.058571
v -0.084001 -5.146435 -0.054568
v -0.094403 -5.146268 -0.054203
v -0.090493 -5.146865 -0.055509
v -0.084001 -5.151639 -0.053820
v -0.094403 -5.151697 -0.053421
v -0.090493 -5.151492 -0.054844
v -0.084001 -5.156423 -0.056004
v -0.094403 -5.156686 -0.055700
v -0.090493 -5.155746 -0.056786
v -0.084001 -5.159266 -0.060428
v -0.094403 -5.159652 -0.060314
v -0.090493 -5.158273 -0.060719
v -0.084001 -5.159266 -0.065686
v -0.094403 -5.159652 -0.065799
v -0.090493 -5.158273 -0.065394
v -0.084001 -5.156423 -0.070109
v -0.094403 -5.156686 -0.070414
v -0.090493 -5.155746 -0.069327
v -0.084001 -5.151639 -0.072294
v -0.094403 -5.151697 -0.072692
v -0.090493 -5.151492 -0.071270
v -0.084001 -5.146435 -0.071546
v -0.094403 -5.146268 -0.071911
v -0.090493 -5.146865 -0.070604
v -0.084001 -5.142461 -0.068102
v -0.094403 -5.142123 -0.068320
v -0.090493 -5.143332 -0.067542
v -0.067503 -5.150311 -0.024935
v -0.068078 -5.140979 -0.024935
v -0.057675 -5.140577 -0.024935
v -0.061584 -5.142015 -0.024935
v -0.061584 -5.150311 -0.024935
v -0.068078 -5.142461 -0.019890
v -0.057675 -5.142123 -0.019673
v -0.061584 -5.143332 -0.020449
v -0.068078 -5.146435 -0.016447
v -0.057675 -5.146268 -0.016081
v -0.061584 -5.146865 -0.017389
v -0.068078 -5.151639 -0.015699
v -0.057675 -5.151697 -0.015300
v -0.061584 -5.151492 -0.016723
v -0.068078 -5.156423 -0.017883
v -0.057675 -5.156686 -0.017579
v -0.061584 -5.155746 -0.018665
v -0.068078 -5.159266 -0.022306
v -0.057675 -5.159652 -0.022193
v -0.061584 -5.158273 -0.022598
v -0.068078 -5.159266 -0.027564
v -0.057675 -5.159652 -0.027678
v -0.061584 -5.158273 -0.027274
v -0.068078 -5.156423 -0.031989
v -0.057675 -5.156686 -0.032292
v -0.061584 -5.155746 -0.031206
v -0.068078 -5.151639 -0.034172
v -0.057675 -5.151697 -0.034571
v -0.061584 -5.151492 -0.033149
v -0.068078 -5.146435 -0.033424
v -0.057675 -5.146268 -0.033790
v -0.061584 -5.146865 -0.032483
v -0.068078 -5.142461 -0.029981
v -0.057675 -5.142123 -0.030199
v -0.061584 -5.143332 -0.029421
v -0.084575 -5.150311 -0.024935
v -0.084001 -5.140979 -0.024935
v -0.094403 -5.140577 -0.024935
v -0.090493 -5.142015 -0.024935
v -0.090493 -5.150311 -0.024935
v -0.084001 -5.142461 -0.019890
v -0.094403 -5.142123 -0.019673
v -0.090493 -5.143332 -0.020449
v -0.084001 -5.146435 -0.016447
v -0.094403 -5.146268 -0.016081
v -0.090493 -5.146865 -0.017389
v -0.084001 -5.151639 -0.015699
v -0.094403 -5.151697 -0.015300
v -0.090493 -5.151492 -0.016723
v -0.084001 -5.156423 -0.017883
v -0.094403 -5.156686 -0.017579
v -0.090493 -5.155746 -0.018665
v -0.084001 -5.159266 -0.022306
v -0.094403 -5.159652 -0.022193
v -0.090493 -5.158273 -0.022598
v -0.084001 -5.159266 -0.027564
v -0.094403 -5.159652 -0.027678
v -0.090493 -5.158273 -0.027274
v -0.084001 -5.156423 -0.031989
v -0.094403 -5.156686 -0.032292
v -0.090493 -5.155746 -0.031206
v -0.084001 -5.151639 -0.034172
v -0.094403 -5.151697 -0.034571
v -0.090493 -5.151492 -0.033149
v -0.084001 -5.146435 -0.033424
v -0.094403 -5.146268 -0.033790
v -0.090493 -5.146865 -0.032483
v -0.084001 -5.142461 -0.029981
v -0.094403 -5.142123 -0.030199
v -0.090493 -5.143332 -0.029421
v -0.171918 -5.152548 0.020558
v -0.172495 -5.143217 0.020558
v -0.162092 -5.142814 0.020558
v -0.166000 -5.144251 0.020558
v -0.166000 -5.152548 0.020558
v -0.172495 -5.144698 0.025604
v -0.162092 -5.144360 0.025821
v -0.166000 -5.145568 0.025044
v -0.172495 -5.148672 0.029047
v -0.162092 -5.148505 0.029413
v -0.166000 -5.149102 0.028106
v -0.172495 -5.153877 0.029795
v -0.162092 -5.153934 0.030194
v -0.166000 -5.153729 0.028771
v -0.172495 -5.158659 0.027611
v -0.162092 -5.158923 0.027915
v -0.166000 -5.157982 0.026829
v -0.172495 -5.161502 0.023187
v -0.162092 -5.161889 0.023301
v -0.166000 -5.160510 0.022896
v -0.172495 -5.161502 0.017929
v -0.162092 -5.161889 0.017815
v -0.166000 -5.160510 0.018220
v -0.172495 -5.158659 0.013505
v -0.162092 -5.158923 0.013201
v -0.166000 -5.157982 0.014287
v -0.172495 -5.153877 0.011322
v -0.162092 -5.153934 0.010923
v -0.166000 -5.153729 0.012345
v -0.172495 -5.148672 0.012069
v -0.162092 -5.148505 0.011703
v -0.166000 -5.149102 0.013011
v -0.172495 -5.144698 0.015513
v -0.162092 -5.144360 0.015296
v -0.166000 -5.145568 0.016072
v -0.189039 -5.152548 0.020558
v -0.188465 -5.143217 0.020558
v -0.198867 -5.142814 0.020558
v -0.194957 -5.144251 0.020558
v -0.194957 -5.152548 0.020558
v -0.188465 -5.144698 0.025604
v -0.198867 -5.144360 0.025821
v -0.194959 -5.145568 0.025044
v -0.188465 -5.148672 0.029047
v -0.198867 -5.148505 0.029412
v -0.194959 -5.149102 0.028106
v -0.188465 -5.153877 0.029795
v -0.198867 -5.153934 0.030194
v -0.194959 -5.153729 0.028771
v -0.188465 -5.158660 0.027611
v -0.198867 -5.158923 0.027915
v -0.194959 -5.157982 0.026829
v -0.188465 -5.161502 0.023186
v -0.198867 -5.161889 0.023301
v -0.194957 -5.160510 0.022896
v -0.188465 -5.161502 0.017929
v -0.198867 -5.161889 0.017815
v -0.194957 -5.160510 0.018220
v -0.188465 -5.158660 0.013505
v -0.198867 -5.158923 0.013201
v -0.194957 -5.157982 0.014287
v -0.188465 -5.153877 0.011322
v -0.198867 -5.153934 0.010923
v -0.194957 -5.153729 0.012345
v -0.188465 -5.148672 0.012069
v -0.198867 -5.148505 0.011703
v -0.194957 -5.149102 0.013011
v -0.188465 -5.144698 0.015513
v -0.198867 -5.144360 0.015296
v -0.194957 -5.145568 0.016072
v -0.171978 -5.152548 0.058679
v -0.172554 -5.143217 0.058679
v -0.162151 -5.142814 0.058679
v -0.166059 -5.144251 0.058679
v -0.166059 -5.152548 0.058679
v -0.172554 -5.144698 0.063724
v -0.162151 -5.144360 0.063942
v -0.166059 -5.145568 0.063165
v -0.172554 -5.148672 0.067168
v -0.162151 -5.148505 0.067533
v -0.166059 -5.149102 0.066226
v -0.172554 -5.153877 0.067916
v -0.162151 -5.153934 0.068314
v -0.166059 -5.153729 0.066892
v -0.172554 -5.158660 0.065732
v -0.162151 -5.158923 0.066036
v -0.166059 -5.157982 0.064950
v -0.172554 -5.161502 0.061308
v -0.162151 -5.161889 0.061422
v -0.166059 -5.160510 0.061016
v -0.172554 -5.161502 0.056050
v -0.162151 -5.161889 0.055936
v -0.166059 -5.160510 0.056341
v -0.172554 -5.158660 0.051626
v -0.162151 -5.158923 0.051322
v -0.166059 -5.157982 0.052408
v -0.172554 -5.153877 0.049442
v -0.162151 -5.153934 0.049044
v -0.166059 -5.153729 0.050466
v -0.172554 -5.148672 0.050190
v -0.162151 -5.148505 0.049825
v -0.166059 -5.149102 0.051131
v -0.172554 -5.144698 0.053634
v -0.162151 -5.144360 0.053416
v -0.166059 -5.145568 0.054194
v -0.189039 -5.152548 0.058679
v -0.188465 -5.143217 0.058679
v -0.198867 -5.142814 0.058679
v -0.194959 -5.144251 0.058679
v -0.194959 -5.152548 0.058679
v -0.188465 -5.144698 0.063724
v -0.198867 -5.144360 0.063942
v -0.194959 -5.145568 0.063165
v -0.188465 -5.148672 0.067168
v -0.198867 -5.148505 0.067533
v -0.194959 -5.149102 0.066226
v -0.188465 -5.153877 0.067916
v -0.198867 -5.153934 0.068315
v -0.194959 -5.153729 0.066892
v -0.188465 -5.158660 0.065732
v -0.198867 -5.158923 0.066036
v -0.194959 -5.157982 0.064950
v -0.188465 -5.161502 0.061308
v -0.198867 -5.161889 0.061422
v -0.194959 -5.160510 0.061017
v -0.188465 -5.161502 0.056050
v -0.198867 -5.161889 0.055936
v -0.194959 -5.160510 0.056341
v -0.188465 -5.158660 0.051626
v -0.198867 -5.158923 0.051322
v -0.194959 -5.157982 0.052408
v -0.188465 -5.153877 0.049442
v -0.198867 -5.153934 0.049044
v -0.194959 -5.153729 0.050466
v -0.188465 -5.148672 0.050190
v -0.198867 -5.148505 0.049825
v -0.194959 -5.149102 0.051132
v -0.188465 -5.144698 0.053634
v -0.198867 -5.144360 0.053416
v -0.194959 -5.145568 0.054194
v -0.023585 -5.155808 0.673951
v -0.024160 -5.146476 0.673951
v -0.013757 -5.146073 0.673951
v -0.017665 -5.147511 0.673951
v -0.017665 -5.155808 0.673951
v -0.024160 -5.147957 0.678996
v -0.013757 -5.147619 0.679213
v -0.017665 -5.148828 0.678436
v -0.024160 -5.151931 0.682440
v -0.013757 -5.151764 0.682805
v -0.017665 -5.152361 0.681498
v -0.024160 -5.157136 0.683187
v -0.013757 -5.157193 0.683586
v -0.017665 -5.156988 0.682164
v -0.024160 -5.161919 0.681003
v -0.013757 -5.162182 0.681308
v -0.017665 -5.161242 0.680222
v -0.024160 -5.164762 0.676579
v -0.013757 -5.165148 0.676693
v -0.017665 -5.163769 0.676288
v -0.024160 -5.164762 0.671322
v -0.013757 -5.165148 0.671208
v -0.017665 -5.163769 0.671613
v -0.024160 -5.161919 0.666898
v -0.013757 -5.162182 0.666594
v -0.017665 -5.161242 0.667680
v -0.024160 -5.157136 0.664714
v -0.013757 -5.157193 0.664315
v -0.017665 -5.156988 0.665738
v -0.024160 -5.151931 0.665462
v -0.013757 -5.151764 0.665096
v -0.017665 -5.152361 0.666403
v -0.024160 -5.147957 0.668905
v -0.013757 -5.147619 0.668688
v -0.017665 -5.148828 0.669465
v -0.040876 -5.155981 0.673951
v -0.040301 -5.146649 0.673951
v -0.050706 -5.146246 0.673951
v -0.046796 -5.147684 0.673951
v -0.046796 -5.155981 0.673951
v -0.040301 -5.148131 0.678996
v -0.050706 -5.147792 0.679213
v -0.046796 -5.149001 0.678436
v -0.040301 -5.152104 0.682440
v -0.050706 -5.151937 0.682805
v -0.046796 -5.152534 0.681498
v -0.040301 -5.157309 0.683187
v -0.050706 -5.157366 0.683586
v -0.046796 -5.157162 0.682164
v -0.040301 -5.162092 0.681003
v -0.050706 -5.162356 0.681308
v -0.046796 -5.161415 0.680222
v -0.040301 -5.164935 0.676580
v -0.050706 -5.165321 0.676693
v -0.046796 -5.163942 0.676288
v -0.040301 -5.164935 0.671322
v -0.050706 -5.165321 0.671208
v -0.046796 -5.163942 0.671613
v -0.040301 -5.162092 0.666898
v -0.050706 -5.162356 0.666594
v -0.046796 -5.161415 0.667680
v -0.040301 -5.157309 0.664714
v -0.050706 -5.157366 0.664315
v -0.046796 -5.157162 0.665738
v -0.040301 -5.152104 0.665462
v -0.050706 -5.151937 0.665096
v -0.046796 -5.152534 0.666403
v -0.040301 -5.148130 0.668905
v -0.050706 -5.147792 0.668688
v -0.046796 -5.149001 0.669465
v 0.118010 -5.144025 0.039769
v 0.117471 -5.144025 0.038467
v 0.116169 -5.144025 0.037927
v 0.114868 -5.144025 0.038467
v 0.114327 -5.144025 0.039769
v 0.114868 -5.144025 0.041071
v 0.116169 -5.144025 0.041611
v 0.117471 -5.144025 0.041071
v 0.118410 -5.081920 0.039769
v 0.117752 -5.081920 0.038185
v 0.116169 -5.081920 0.037529
v 0.114585 -5.081920 0.038185
v 0.113929 -5.081920 0.039769
v 0.114585 -5.081920 0.041353
v 0.116169 -5.081920 0.042010
v 0.117752 -5.081920 0.041353
v 0.013565 -5.141700 -0.043877
v 0.013025 -5.141700 -0.045178
v 0.011724 -5.141700 -0.045718
v 0.010419 -5.141700 -0.045178
v 0.009880 -5.141700 -0.043877
v 0.010419 -5.141700 -0.042574
v 0.011724 -5.141700 -0.042035
v 0.013025 -5.141700 -0.042574
v 0.013961 -5.103364 -0.043876
v 0.013307 -5.103364 -0.045460
v 0.011724 -5.103364 -0.046117
v 0.010138 -5.103364 -0.045460
v 0.009483 -5.103364 -0.043876
v 0.010138 -5.103364 -0.042292
v 0.011724 -5.103364 -0.041636
v 0.013307 -5.103364 -0.042292
v -0.074659 -5.141700 -0.043877
v -0.075198 -5.141700 -0.045178
v -0.076500 -5.141700 -0.045718
v -0.077801 -5.141700 -0.045178
v -0.078342 -5.141700 -0.043877
v -0.077801 -5.141700 -0.042574
v -0.076500 -5.141700 -0.042035
v -0.075198 -5.141700 -0.042574
v -0.074260 -5.103364 -0.043876
v -0.074917 -5.103364 -0.045460
v -0.076500 -5.103364 -0.046117
v -0.078084 -5.103364 -0.045460
v -0.078740 -5.103364 -0.043876
v -0.078084 -5.103364 -0.042292
v -0.076500 -5.103364 -0.041636
v -0.074917 -5.103364 -0.042292
v -0.178982 -5.144025 0.039769
v -0.179523 -5.144025 0.038467
v -0.180825 -5.144025 0.037927
v -0.182126 -5.144025 0.038467
v -0.182667 -5.144025 0.039769
v -0.182126 -5.144025 0.041071
v -0.180825 -5.144025 0.041611
v -0.179523 -5.144025 0.041071
v -0.178584 -5.081920 0.039769
v -0.179242 -5.081920 0.038185
v -0.180825 -5.081920 0.037529
v -0.182409 -5.081920 0.038185
v -0.183065 -5.081920 0.039769
v -0.182409 -5.081920 0.041353
v -0.180825 -5.081920 0.042010
v -0.179242 -5.081920 0.041353
v -0.029998 -5.154471 0.673846
v -0.030695 -5.154471 0.672165
v -0.032378 -5.154471 0.671467
v -0.034059 -5.154471 0.672165
v -0.034754 -5.154471 0.673846
v -0.034059 -5.154471 0.675527
v -0.032378 -5.154471 0.676224
v -0.030695 -5.154471 0.675527
v -0.031245 -5.103671 0.673846
v -0.031576 -5.103671 0.673045
v -0.032378 -5.103671 0.672713
v -0.033178 -5.103671 0.673045
v -0.033509 -5.103671 0.673846
v -0.033178 -5.103671 0.674646
v -0.032378 -5.103671 0.674978
v -0.031576 -5.103671 0.674646
v -0.043565 -5.100646 0.019186
v -0.043565 -5.100646 0.084814
v -0.020706 -5.100646 0.084814
v -0.020706 -5.100646 0.019186
v -0.006735 -5.100646 0.019186
v -0.006735 -5.100646 -0.006214
v -0.020706 -5.100646 -0.006214
v -0.020706 -5.100646 -0.066006
v -0.043565 -5.100646 -0.066006
v -0.043565 -5.100646 -0.006214
v -0.057535 -5.100646 -0.006214
v -0.057535 -5.100646 0.019186
v -0.043565 -5.095566 0.019186
v -0.043565 -5.095566 0.084814
v -0.020706 -5.095566 0.084814
v -0.020706 -5.095566 0.019186
v -0.006735 -5.095566 0.019186
v -0.006735 -5.095566 -0.006214
v -0.020706 -5.095566 -0.006214
v -0.020706 -5.095566 -0.066006
v -0.043565 -5.095566 -0.066006
v -0.043565 -5.095566 -0.006214
v -0.057535 -5.095566 -0.006214
v -0.057535 -5.095566 0.019186
v -0.032326 -4.963364 0.747186
v -0.014467 -4.965151 0.746974
v -0.009057 -4.962718 0.738411
v 0.000688 -4.962380 0.722430
v 0.014836 -4.964959 0.692184
v -0.032326 -4.944068 0.723304
v -0.010353 -4.944707 0.714373
v 0.003643 -4.945964 0.693172
v 0.008324 -4.953437 0.692519
v -0.023396 -4.963983 0.747112
v -0.012034 -4.963815 0.743048
v -0.004739 -4.962231 0.731797
v 0.007480 -4.963470 0.708328
v -0.020728 -4.944273 0.720628
v -0.002743 -4.945306 0.704491
v 0.005841 -4.949389 0.692822
v -0.032321 -4.956165 0.739278
v -0.008279 -4.951506 0.719346
v -0.004578 -4.959163 0.723696
v -0.010254 -4.961326 0.736840
v -0.006770 -4.960865 0.731517
v -0.015643 -4.963933 0.745741
v -0.014084 -4.962823 0.742824
v -0.030951 -4.957367 0.740483
v -0.024465 -4.963045 0.746173
v -0.017504 -4.945813 0.719992
v -0.027542 -4.945802 0.723664
v -0.031220 -4.945489 0.724997
v -0.030909 -4.956234 0.739143
v -0.031337 -4.962528 0.746184
v -0.003092 -4.960911 0.725481
v -0.012643 -4.961984 0.740358
v -0.011160 -4.945876 0.715948
v -0.000979 -4.950043 0.707301
v -0.001868 -4.948772 0.706858
v 0.003055 -4.956718 0.708972
v -0.007648 -4.946002 0.711978
v -0.003281 -4.946347 0.706305
v 0.000325 -4.961248 0.721000
v -0.006045 -4.952515 0.718679
v 0.005935 -4.962062 0.709949
v -0.007887 -4.948917 0.716600
v -0.009564 -4.945788 0.714699
v -0.002106 -4.960673 0.723101
v -0.001618 -4.961239 0.723669
v -0.000128 -4.946550 0.700936
v 0.003621 -4.947048 0.694412
v 0.004096 -4.956635 0.706718
v 0.007505 -4.953367 0.694225
v 0.000416 -4.950635 0.705697
v 0.013243 -4.963166 0.693680
v 0.007429 -4.962264 0.706735
v 0.006874 -4.961697 0.707258
v -0.002020 -4.946466 0.704691
v -0.002100 -4.946246 0.704533
v -0.001870 -4.946993 0.705025
v -0.032328 -4.963363 0.747186
v -0.050189 -4.965151 0.746974
v -0.055596 -4.962718 0.738411
v -0.065343 -4.962379 0.722430
v -0.079490 -4.964959 0.692184
v -0.032329 -4.944068 0.723304
v -0.054301 -4.944707 0.714373
v -0.068296 -4.945964 0.693172
v -0.072978 -4.953437 0.692519
v -0.041259 -4.963983 0.747113
v -0.052620 -4.963815 0.743048
v -0.059917 -4.962231 0.731797
v -0.072134 -4.963470 0.708328
v -0.043926 -4.944273 0.720628
v -0.061910 -4.945305 0.704491
v -0.070495 -4.949389 0.692822
v -0.032334 -4.956165 0.739278
v -0.056376 -4.951506 0.719346
v -0.060078 -4.959163 0.723696
v -0.054400 -4.961326 0.736840
v -0.057884 -4.960864 0.731517
v -0.049010 -4.963932 0.745741
v -0.050573 -4.962822 0.742824
v -0.033706 -4.957366 0.740483
v -0.040189 -4.963044 0.746173
v -0.047150 -4.945813 0.719992
v -0.037114 -4.945801 0.723664
v -0.033434 -4.945488 0.724997
v -0.033746 -4.956234 0.739143
v -0.033318 -4.962527 0.746184
v -0.061562 -4.960911 0.725481
v -0.052010 -4.961984 0.740358
v -0.053493 -4.945876 0.715948
v -0.063678 -4.950043 0.707301
v -0.062789 -4.948771 0.706858
v -0.067709 -4.956718 0.708972
v -0.057007 -4.946002 0.711978
v -0.061375 -4.946347 0.706305
v -0.064979 -4.961248 0.721000
v -0.058610 -4.952514 0.718679
v -0.070590 -4.962062 0.709949
v -0.056767 -4.948917 0.716600
v -0.055090 -4.945788 0.714699
v -0.062550 -4.960673 0.723101
v -0.063035 -4.961239 0.723669
v -0.064526 -4.946550 0.700936
v -0.068276 -4.947048 0.694412
v -0.068750 -4.956635 0.706718
v -0.072160 -4.953367 0.694225
v -0.065071 -4.950635 0.705697
v -0.077900 -4.963166 0.693680
v -0.072082 -4.962264 0.706735
v -0.071528 -4.961697 0.707258
v -0.062634 -4.946466 0.704691
v -0.062556 -4.946246 0.704533
v -0.062785 -4.946993 0.705025
vt -0.829681 4.978088
vt 1.433075 -31.761629
vt -0.829680 -0.854211
vt 24.739685 0.905180
vt 40.126556 6.562101
vt 24.739687 -4.280561
vt 40.126556 0.478344
vt 24.739685 -31.761627
vt -0.829679 -16.499399
vt 24.739687 -18.191347
vt 40.126560 -15.841379
vt -0.829678 -36.990231
vt 24.739687 -36.410599
vt 40.126560 -37.215664
vt -0.829679 -55.821030
vt 24.739687 -53.153843
vt 40.126560 -56.858337
vt -0.829681 -67.013130
vt 24.739685 -63.105202
vt 40.126556 -68.532982
vt -0.829682 -67.013130
vt 40.126556 -68.532974
vt -0.829684 -55.821030
vt 24.739683 -53.153839
vt 40.126553 -56.858334
vt -0.829684 -36.990223
vt 24.739683 -36.410587
vt 40.126553 -37.215649
vt -0.829684 -16.499395
vt 24.739683 -18.191339
vt 40.126553 -15.841369
vt -0.829683 -0.854204
vt 24.739683 -4.280553
vt 40.126556 0.478354
vt -65.964386 -31.761656
vt -63.701630 4.978063
vt -63.701630 -0.854235
vt -104.657867 6.562076
vt -89.270996 0.905154
vt -89.270996 -4.280585
vt -104.657867 0.478320
vt -89.270996 -31.761654
vt -63.701633 -16.499422
vt -89.270996 -18.191370
vt -104.657867 -15.841402
vt -63.701633 -36.990253
vt -89.270996 -36.410622
vt -104.657867 -37.215687
vt -63.701633 -55.821053
vt -89.270996 -53.153866
vt -104.657867 -56.858360
vt -63.701630 -67.013153
vt -89.270996 -63.105228
vt -104.657867 -68.533005
vt -63.701630 -67.013161
vt -63.701626 -55.821060
vt -104.657867 -56.858364
vt -63.701626 -36.990253
vt -89.270996 -36.410618
vt -104.657867 -37.215679
vt -63.701626 -16.499424
vt -89.270996 -18.191368
vt -104.657867 -15.841398
vt -63.701630 -0.854232
vt -89.270996 -4.280581
vt -104.657867 0.478326
vt -0.830307 4.978413
vt 1.432449 -31.761305
vt -0.830305 -0.853887
vt 24.739059 0.905505
vt 40.125931 6.562426
vt 24.739061 -4.280236
vt 40.125931 0.478668
vt 24.739059 -31.761303
vt -0.830304 -16.499075
vt 24.739061 -18.191023
vt 40.125935 -15.841055
vt -0.830304 -36.989906
vt 24.739061 -36.410275
vt 40.125935 -37.215340
vt -0.830305 -55.820705
vt 24.739061 -53.153519
vt 40.125935 -56.858013
vt -0.830306 -67.012802
vt 24.739059 -63.104877
vt 40.125931 -68.532654
vt -0.830308 -67.012802
vt 40.125931 -68.532646
vt -0.830309 -55.820705
vt 24.739058 -53.153515
vt 40.125927 -56.858009
vt -0.830310 -36.989899
vt 24.739058 -36.410263
vt 40.125927 -37.215324
vt -0.830310 -16.499071
vt 24.739058 -18.191015
vt 40.125927 -15.841044
vt -0.830309 -0.853880
vt 24.739058 -4.280228
vt 40.125931 0.478679
vt -65.732430 -31.761610
vt -63.469673 4.978108
vt -63.469673 -0.854190
vt -104.425911 6.562121
vt -89.039040 0.905199
vt -89.039040 -4.280540
vt -104.425911 0.478365
vt -89.039040 -31.761608
vt -63.469677 -16.499376
vt -89.039040 -18.191324
vt -104.425919 -15.841356
vt -63.469677 -36.990208
vt -89.039040 -36.410576
vt -104.425919 -37.215641
vt -63.469677 -55.821007
vt -89.039040 -53.153820
vt -104.425919 -56.858315
vt -63.469673 -67.013107
vt -89.039040 -63.105183
vt -104.425911 -68.532959
vt -63.469673 -67.013115
vt -63.469669 -55.821014
vt -89.039040 -53.153824
vt -104.425903 -56.858318
vt -63.469669 -36.990208
vt -89.039040 -36.410572
vt -104.425903 -37.215633
vt -63.469669 -16.499380
vt -89.039040 -18.191322
vt -104.425903 -15.841352
vt -63.469673 -0.854187
vt -89.039040 -4.280535
vt -104.425911 0.478372
vt -412.102264 13.784113
vt -409.839508 -22.955605
vt -412.102264 7.951813
vt -386.532898 9.711205
vt -371.146027 15.368126
vt -386.532898 4.525464
vt -371.146027 9.284369
vt -386.532898 -22.955603
vt -412.102264 -7.693375
vt -386.532898 -9.385323
vt -371.146027 -7.035355
vt -412.102264 -28.184206
vt -386.532898 -27.604574
vt -371.146027 -28.409639
vt -412.102264 -47.015003
vt -386.532898 -44.347816
vt -371.146027 -48.052311
vt -412.102264 -58.207104
vt -386.532898 -54.299175
vt -371.146027 -59.726955
vt -412.102264 -58.207108
vt -386.532898 -54.299179
vt -371.146027 -59.726952
vt -412.102264 -47.015007
vt -412.102264 -28.184198
vt -386.532898 -27.604563
vt -371.146027 -28.409624
vt -412.102264 -7.693371
vt -386.532898 -9.385315
vt -371.146027 -7.035344
vt -412.102264 7.951820
vt -386.532898 4.525472
vt -371.146027 9.284379
vt -476.820099 -22.955605
vt -474.557343 13.784113
vt -474.557343 7.951815
vt -515.513550 15.368126
vt -500.126709 9.711205
vt -500.126709 4.525465
vt -515.513550 9.284370
vt -500.126709 -22.955603
vt -474.557343 -7.693371
vt -500.126709 -9.385320
vt -515.513611 -7.035351
vt -474.557343 -28.184202
vt -500.126709 -27.604570
vt -515.513611 -28.409636
vt -474.557343 -47.015003
vt -500.126709 -44.347816
vt -515.513611 -48.052311
vt -474.557343 -58.207104
vt -500.126709 -54.299175
vt -515.513550 -59.726955
vt -474.557343 -58.207108
vt -500.126709 -54.299179
vt -515.513550 -59.726952
vt -474.557343 -47.015007
vt -515.513550 -48.052311
vt -500.126709 -27.604567
vt -515.513550 -28.409628
vt -474.557343 -7.693374
vt -500.126709 -9.385318
vt -515.513550 -7.035347
vt -474.557343 7.951818
vt -500.126709 4.525470
vt -515.513550 9.284377
vt -412.102295 13.784159
vt -409.839539 -22.955559
vt -412.102295 7.951859
vt -386.532928 9.711250
vt -371.146057 15.368172
vt -386.532928 4.525509
vt -371.146057 9.284414
vt -386.532928 -22.955557
vt -412.102295 -7.693329
vt -386.532928 -9.385277
vt -371.146057 -7.035309
vt -412.102295 -28.184160
vt -386.532928 -27.604528
vt -371.146057 -28.409594
vt -412.102295 -47.014957
vt -386.532928 -44.347771
vt -371.146057 -48.052265
vt -412.102295 -58.207058
vt -386.532928 -54.299129
vt -371.146057 -59.726910
vt -412.102295 -58.207062
vt -386.532928 -54.299133
vt -371.146057 -59.726906
vt -412.102295 -47.014961
vt -412.102295 -28.184153
vt -386.532928 -27.604517
vt -371.146057 -28.409578
vt -412.102295 -7.693325
vt -386.532928 -9.385269
vt -371.146057 -7.035298
vt -412.102295 7.951866
vt -386.532928 4.525517
vt -371.146057 9.284425
vt -477.052032 -22.955559
vt -474.789276 13.784159
vt -474.789276 7.951861
vt -515.745483 15.368172
vt -500.358643 9.711250
vt -500.358643 4.525511
vt -515.745483 9.284416
vt -500.358643 -22.955557
vt -474.789276 -7.693326
vt -500.358643 -9.385274
vt -515.745544 -7.035306
vt -474.789276 -28.184156
vt -500.358643 -27.604525
vt -515.745544 -28.409590
vt -474.789276 -47.014957
vt -500.358643 -44.347771
vt -515.745544 -48.052265
vt -474.789276 -58.207058
vt -500.358643 -54.299129
vt -515.745483 -59.726910
vt -474.789276 -58.207062
vt -500.358643 -54.299133
vt -515.745483 -59.726906
vt -474.789276 -47.014961
vt -515.745483 -48.052265
vt -500.358643 -27.604521
vt -515.745483 -28.409582
vt -474.789276 -7.693328
vt -500.358643 -9.385272
vt -515.745483 -7.035302
vt -474.789276 7.951864
vt -500.358643 4.525516
vt -515.745483 9.284423
vt -758.095947 13.784113
vt -755.833130 -22.955605
vt -758.095886 7.951813
vt -732.526550 9.711205
vt -717.139648 15.368126
vt -732.526550 4.525464
vt -717.139648 9.284369
vt -732.526550 -22.955603
vt -758.095886 -7.693375
vt -732.526550 -9.385323
vt -717.139648 -7.035355
vt -758.095886 -28.184206
vt -732.526550 -27.604574
vt -717.139648 -28.409639
vt -758.095886 -47.015003
vt -732.526550 -44.347816
vt -717.139648 -48.052311
vt -758.095886 -58.207104
vt -732.526550 -54.299175
vt -717.139648 -59.726955
vt -758.095947 -58.207108
vt -732.526550 -54.299179
vt -717.139648 -59.726952
vt -758.095947 -47.015007
vt -717.139709 -48.052311
vt -758.095947 -28.184198
vt -732.526550 -27.604563
vt -717.139709 -28.409624
vt -758.095947 -7.693371
vt -732.526550 -9.385315
vt -717.139709 -7.035344
vt -758.095947 7.951820
vt -732.526550 4.525472
vt -717.139648 9.284379
vt -822.813843 -22.955605
vt -820.551025 13.784113
vt -820.551086 7.951815
vt -861.507324 15.368126
vt -846.120422 9.711205
vt -846.120422 4.525465
vt -861.507324 9.284370
vt -846.120422 -22.955603
vt -820.551086 -7.693371
vt -846.120422 -9.385320
vt -861.507324 -7.035351
vt -820.551086 -28.184202
vt -846.120422 -27.604570
vt -861.507324 -28.409636
vt -820.551086 -47.015003
vt -846.120422 -44.347816
vt -861.507324 -48.052311
vt -820.551086 -58.207104
vt -846.120422 -54.299175
vt -861.507324 -59.726955
vt -820.551025 -58.207108
vt -846.120422 -54.299179
vt -861.507324 -59.726952
vt -820.551025 -47.015007
vt -861.507263 -48.052311
vt -820.551025 -28.184202
vt -846.120422 -27.604567
vt -861.507263 -28.409628
vt -820.551025 -7.693374
vt -846.120422 -9.385318
vt -861.507263 -7.035347
vt -820.551025 7.951818
vt -846.120422 4.525470
vt -861.507324 9.284377
vt -757.864014 13.784159
vt -755.601196 -22.955559
vt -757.863953 7.951859
vt -732.294617 9.711250
vt -716.907715 15.368172
vt -732.294617 4.525509
vt -716.907715 9.284414
vt -732.294617 -22.955557
vt -757.863953 -7.693329
vt -732.294617 -9.385277
vt -716.907715 -7.035309
vt -757.863953 -28.184160
vt -732.294617 -27.604528
vt -716.907715 -28.409594
vt -757.863953 -47.014957
vt -732.294617 -44.347771
vt -716.907715 -48.052265
vt -757.863953 -58.207058
vt -732.294617 -54.299129
vt -716.907715 -59.726910
vt -757.864014 -58.207062
vt -732.294617 -54.299133
vt -716.907715 -59.726906
vt -757.864014 -47.014961
vt -716.907776 -48.052265
vt -757.864014 -28.184153
vt -732.294617 -27.604517
vt -716.907776 -28.409578
vt -757.864014 -7.693325
vt -732.294617 -9.385269
vt -716.907776 -7.035298
vt -757.864014 7.951866
vt -732.294617 4.525517
vt -716.907715 9.284425
vt -822.813843 -22.955559
vt -820.551025 13.784159
vt -820.551086 7.951861
vt -861.507324 15.368172
vt -846.120422 9.711250
vt -846.120422 4.525511
vt -861.507324 9.284416
vt -846.120422 -22.955557
vt -820.551086 -7.693326
vt -846.120422 -9.385274
vt -861.507324 -7.035306
vt -820.551086 -28.184156
vt -846.120422 -27.604525
vt -861.507324 -28.409590
vt -820.551086 -47.014957
vt -846.120422 -44.347771
vt -861.507324 -48.052265
vt -820.551086 -58.207058
vt -846.120422 -54.299129
vt -861.507324 -59.726910
vt -820.551025 -58.207062
vt -846.120422 -54.299133
vt -861.507324 -59.726906
vt -820.551025 -47.014961
vt -861.507263 -48.052265
vt -820.551025 -28.184156
vt -846.120422 -27.604521
vt -861.507263 -28.409582
vt -820.551025 -7.693328
vt -846.120422 -9.385272
vt -861.507263 -7.035302
vt -820.551025 7.951864
vt -846.120422 4.525516
vt -861.507324 9.284423
vt -1168.953857 4.978063
vt -1166.691040 -31.761656
vt -1168.953857 -0.854237
vt -1143.384521 0.905154
vt -1127.997559 6.562076
vt -1143.384399 -4.280587
vt -1127.997559 0.478318
vt -1143.384521 -31.761654
vt -1168.953857 -16.499426
vt -1143.384399 -18.191374
vt -1127.997559 -15.841405
vt -1168.953857 -36.990257
vt -1143.384399 -36.410625
vt -1127.997559 -37.215691
vt -1168.953857 -55.821056
vt -1143.384399 -53.153870
vt -1127.997559 -56.858364
vt -1168.953857 -67.013153
vt -1143.384521 -63.105228
vt -1127.997559 -68.533005
vt -1127.997559 -68.532997
vt -1143.384521 -53.153866
vt -1127.997559 -56.858360
vt -1168.953857 -36.990250
vt -1143.384521 -36.410614
vt -1127.997559 -37.215675
vt -1168.953857 -16.499422
vt -1143.384521 -18.191366
vt -1127.997559 -15.841394
vt -1168.953857 -0.854230
vt -1143.384521 -4.280579
vt -1127.997559 0.478328
vt -1234.088013 -31.761961
vt -1231.825195 4.977757
vt -1231.825195 -0.854540
vt -1272.781494 6.561770
vt -1257.394531 0.904849
vt -1257.394653 -4.280890
vt -1272.781494 0.478014
vt -1257.394531 -31.761959
vt -1231.825195 -16.499727
vt -1257.394653 -18.191675
vt -1272.781494 -15.841707
vt -1231.825195 -36.990559
vt -1257.394653 -36.410927
vt -1272.781494 -37.215992
vt -1231.825195 -55.821358
vt -1257.394653 -53.154171
vt -1272.781494 -56.858665
vt -1231.825195 -67.013458
vt -1257.394531 -63.105534
vt -1272.781494 -68.533310
vt -1231.825195 -67.013466
vt -1231.825195 -55.821365
vt -1257.394531 -53.154171
vt -1272.781494 -56.858669
vt -1257.394531 -36.410923
vt -1272.781494 -37.215984
vt -1231.825195 -16.499729
vt -1257.394531 -18.191673
vt -1272.781494 -15.841703
vt -1231.825195 -0.854537
vt -1257.394531 -4.280886
vt -1272.781494 0.478021
vt -1169.187866 4.977803
vt -1166.925049 -31.761915
vt -1169.187866 -0.854497
vt -1143.618408 0.904894
vt -1128.231567 6.561816
vt -1143.618408 -4.280847
vt -1128.231567 0.478058
vt -1143.618408 -31.761913
vt -1169.187866 -16.499685
vt -1143.618408 -18.191633
vt -1128.231567 -15.841665
vt -1169.187866 -36.990517
vt -1143.618408 -36.410885
vt -1128.231567 -37.215950
vt -1169.187866 -55.821316
vt -1143.618408 -53.154129
vt -1128.231567 -56.858624
vt -1169.187866 -67.013412
vt -1143.618408 -63.105488
vt -1128.231567 -68.533264
vt -1128.231567 -68.533257
vt -1143.618530 -53.154125
vt -1128.231567 -56.858620
vt -1169.187866 -36.990509
vt -1143.618530 -36.410873
vt -1128.231567 -37.215935
vt -1169.187866 -16.499681
vt -1143.618530 -18.191626
vt -1128.231567 -15.841655
vt -1169.187866 -0.854490
vt -1143.618530 -4.280838
vt -1128.231567 0.478069
vt -1234.088135 -31.761915
vt -1231.825317 4.977803
vt -1231.825317 -0.854495
vt -1272.781616 6.561816
vt -1257.394775 0.904894
vt -1257.394775 -4.280845
vt -1272.781616 0.478060
vt -1257.394775 -31.761913
vt -1231.825317 -16.499681
vt -1257.394775 -18.191629
vt -1272.781616 -15.841661
vt -1231.825317 -36.990513
vt -1257.394775 -36.410881
vt -1272.781616 -37.215946
vt -1231.825317 -55.821312
vt -1257.394775 -53.154125
vt -1272.781616 -56.858620
vt -1231.825317 -67.013412
vt -1257.394775 -63.105488
vt -1272.781616 -68.533264
vt -1231.825317 -67.013420
vt -1231.825317 -55.821320
vt -1257.394653 -53.154129
vt -1272.781616 -56.858624
vt -1257.394653 -36.410877
vt -1272.781616 -37.215939
vt -1231.825317 -16.499685
vt -1257.394653 -18.191628
vt -1272.781616 -15.841658
vt -1231.825317 -0.854492
vt -1257.394653 -4.280840
vt -1272.781616 0.478067
vt -584.961304 -7.852393
vt -582.698608 -44.592110
vt -584.961304 -13.684692
vt -559.391968 -11.925302
vt -544.005127 -6.268380
vt -559.391968 -17.111042
vt -544.005127 -12.352138
vt -559.391968 -44.592110
vt -584.961304 -29.329880
vt -559.391968 -31.021828
vt -544.005066 -28.671860
vt -584.961304 -49.820713
vt -559.391968 -49.241081
vt -544.005066 -50.046146
vt -584.961304 -68.651512
vt -559.391968 -65.984322
vt -544.005066 -69.688820
vt -584.961304 -79.843613
vt -559.391968 -75.935684
vt -544.005127 -81.363464
vt -584.961365 -79.843613
vt -544.005127 -81.363457
vt -584.961365 -68.651512
vt -544.005127 -69.688812
vt -584.961365 -49.820705
vt -559.391968 -49.241070
vt -544.005127 -50.046131
vt -584.961365 -29.329878
vt -559.391968 -31.021822
vt -544.005127 -28.671850
vt -584.961365 -13.684686
vt -559.391968 -17.111034
vt -544.005127 -12.352127
vt -650.772095 -45.274055
vt -648.509277 -8.534339
vt -648.509338 -14.366636
vt -689.465576 -6.950326
vt -674.078674 -12.607247
vt -674.078674 -17.792986
vt -689.465576 -13.034081
vt -674.078674 -45.274055
vt -648.509338 -30.011824
vt -674.078674 -31.703772
vt -689.465576 -29.353804
vt -648.509338 -50.502655
vt -674.078674 -49.923023
vt -689.465576 -50.728088
vt -648.509338 -69.333458
vt -674.078674 -66.666267
vt -689.465576 -70.370758
vt -648.509338 -80.525558
vt -674.078674 -76.617630
vt -689.465576 -82.045410
vt -648.509277 -80.525558
vt -689.465576 -82.045403
vt -648.509277 -69.333458
vt -689.465515 -70.370766
vt -648.509277 -50.502655
vt -674.078674 -49.923019
vt -689.465515 -50.728081
vt -648.509277 -30.011826
vt -674.078674 -31.703770
vt -689.465515 -29.353800
vt -648.509277 -14.366633
vt -674.078674 -17.792982
vt -689.465576 -13.034075
vt -25.236362 1.796694
vt -27.361420 1.796692
vt -26.252068 246.302872
vt -23.667086 246.302872
vt -32.487137 1.796692
vt -32.487137 246.302872
vt -37.612854 1.796692
vt -38.722206 246.302872
vt -39.737911 1.796694
vt -41.307190 246.302872
vt -37.612854 1.796695
vt -32.487137 1.796696
vt -27.361420 1.796695
vt -436.440643 10.947212
vt -438.565704 10.947210
vt -437.456329 161.876953
vt -434.871368 161.876953
vt -443.691406 10.947210
vt -443.691406 161.876953
vt -448.817108 10.947210
vt -449.926483 161.876953
vt -450.942169 10.947212
vt -452.511444 161.876953
vt -448.817108 10.947214
vt -443.691406 10.947214
vt -438.565674 10.947214
vt -783.772156 10.947212
vt -785.897217 10.947210
vt -784.787903 161.876953
vt -782.202881 161.876953
vt -791.022949 10.947210
vt -791.022949 161.876953
vt -796.148682 10.947210
vt -797.257996 161.876953
vt -798.273743 10.947212
vt -799.843018 161.876953
vt -796.148682 10.947214
vt -791.022949 10.947214
vt -785.897217 10.947214
vt -1194.496460 1.796694
vt -1196.621460 1.796692
vt -1195.512085 246.302872
vt -1192.927124 246.302872
vt -1201.747192 1.796692
vt -1201.747192 246.302872
vt -1206.872925 1.796692
vt -1207.982300 246.302872
vt -1208.997925 1.796694
vt -1210.567261 246.302872
vt -1206.872925 1.796695
vt -1201.747192 1.796696
vt -1196.621460 1.796695
vt -607.945251 -39.331329
vt -610.689514 -39.331329
vt -614.156799 160.668625
vt -612.849976 160.668625
vt -617.308838 -39.331329
vt -617.308838 160.668625
vt -623.928162 -39.331329
vt -620.460876 160.668625
vt -626.672424 -39.331326
vt -621.767700 160.668625
vt -623.928162 -39.331326
vt -617.308838 -39.331326
vt -610.689514 -39.331326
vt -661.359375 172.579285
vt -661.359375 172.579361
vt -661.359375 192.579361
vt -661.359375 192.579285
vt -571.359375 172.579361
vt -571.359375 192.579361
vt -571.359375 172.579285
vt -571.359375 192.579285
vt -516.359375 172.579285
vt -516.359375 192.579285
vt -516.359375 172.579254
vt -516.359375 192.579254
vt -571.359375 172.579254
vt -571.359375 192.579254
vt -571.359375 172.579193
vt -571.359375 192.579178
vt -661.359375 172.579193
vt -661.359375 192.579178
vt -661.359375 172.579254
vt -661.359375 192.579254
vt -716.359375 172.579254
vt -716.359375 192.579254
vt -716.359375 172.579285
vt -716.359375 192.579285
vt -513.640625 755.775269
vt -520.890625 769.939331
vt -530.601562 786.515503
vt -522.437500 759.744019
vt -500.640625 784.156128
vt -497.195312 770.509644
vt -497.203125 777.511597
vt -497.796875 779.587769
vt -488.203125 763.173706
vt -508.500000 717.521423
vt -516.492188 722.900330
vt -530.210938 721.085876
vt -525.500000 715.603455
vt -545.289062 715.191345
vt -546.796875 706.025330
vt -537.218750 711.285095
vt -551.429688 710.822205
vt -581.953125 710.624939
vt -586.164062 714.318298
vt -613.218750 716.353455
vt -617.109375 713.062439
vt -611.695312 736.671814
vt -617.093750 741.404236
vt -571.445312 788.224487
vt -617.109375 789.027222
vt -598.273438 782.203003
vt -558.757812 782.158081
vt -507.867188 729.599548
vt -498.132812 723.654236
vt -502.015625 722.718689
vt -487.132812 716.935486
vt -612.757812 783.435425
vt -539.617188 718.496033
vt -611.531250 741.130798
vt -496.210938 721.425720
vt -488.562500 721.390564
vt -533.781250 781.911987
vt -493.695312 765.505737
vt -519.953125 781.413940
vt -498.109375 780.454956
vt -490.343750 779.259644
vt -502.757812 780.056519
vt -460.390625 712.642456
vt -466.476562 718.185425
vt -477.812500 739.224487
vt -527.492188 782.257690
vt -475.500000 781.566284
vt -475.585938 777.296753
vt -466.843750 768.078003
vt -460.296875 752.417847
vt -457.070312 752.144409
vt -437.703125 713.841675
vt -431.429688 706.783081
vt -473.718750 739.550659
vt -460.593750 717.390503
vt -462.781250 719.624878
vt -713.335938 769.939331
vt -720.593750 755.777222
vt -703.625000 786.515503
vt -711.796875 759.744019
vt -737.039062 770.511597
vt -733.585938 784.158081
vt -737.031250 777.511597
vt -736.429688 779.587769
vt -746.031250 763.175659
vt -717.734375 722.902283
vt -725.734375 717.523376
vt -704.015625 721.085876
vt -708.726562 715.603455
vt -687.437500 706.025330
vt -688.945312 715.193298
vt -697.007812 711.285095
vt -682.796875 710.824158
vt -648.062500 714.320251
vt -652.281250 710.624939
vt -621.015625 716.355408
vt -617.117188 713.064392
vt -622.539062 736.673767
vt -617.140625 741.404236
vt -617.125000 789.027222
vt -662.781250 788.224487
vt -635.960938 782.204956
vt -675.468750 782.160034
vt -726.367188 729.599548
vt -736.101562 723.654236
vt -732.210938 722.718689
vt -747.101562 716.937439
vt -621.468750 783.437378
vt -694.609375 718.496033
vt -622.703125 741.130798
vt -738.015625 721.425720
vt -745.664062 721.392517
vt -700.445312 781.911987
vt -740.539062 765.507690
vt -714.281250 781.413940
vt -743.882812 779.259644
vt -736.125000 780.454956
vt -731.476562 780.058472
vt -773.835938 712.644409
vt -767.757812 718.185425
vt -756.414062 739.226440
vt -706.734375 782.257690
vt -758.726562 781.566284
vt -767.382812 768.078003
vt -758.648438 777.296753
vt -777.156250 752.144409
vt -773.937500 752.419800
vt -796.531250 713.841675
vt -802.796875 706.783081
vt -760.507812 739.552612
vt -773.632812 717.390503
vt -771.445312 719.624878
usemtl B747whit
s off
f 4225/2891 4224/2892 4229/2893
f 4227/2894 4226/2895 4231/2896
f 4231/2896 4226/2895 4230/2897
f 4228/2898 4227/2894 4231/2896
f 4229/2893 4224/2892 4232/2899
f 4231/2896 4230/2897 4234/2900
f 4234/2900 4230/2897 4233/2901
f 4228/2898 4231/2896 4234/2900
f 4232/2899 4224/2892 4235/2902
f 4234/2900 4233/2901 4237/2903
f 4237/2903 4233/2901 4236/2904
f 4228/2898 4234/2900 4237/2903
f 4235/2902 4224/2892 4238/2905
f 4237/2903 4236/2904 4240/2906
f 4240/2906 4236/2904 4239/2907
f 4228/2898 4237/2903 4240/2906
f 4238/2905 4224/2892 4241/2908
f 4240/2906 4239/2907 4243/2909
f 4243/2909 4239/2907 4242/2910
f 4228/2898 4240/2906 4243/2909
f 4241/2908 4224/2892 4244/2911
f 4243/2909 4242/2910 4246/2909
f 4246/2909 4242/2910 4245/2912
f 4228/2898 4243/2909 4246/2909
f 4244/2911 4224/2892 4247/2913
f 4246/2909 4245/2912 4249/2914
f 4249/2914 4245/2912 4248/2915
f 4228/2898 4246/2909 4249/2914
f 4247/2913 4224/2892 4250/2916
f 4249/2914 4248/2915 4252/2917
f 4252/2917 4248/2915 4251/2918
f 4228/2898 4249/2914 4252/2917
f 4250/2916 4224/2892 4253/2919
f 4252/2917 4251/2918 4255/2920
f 4255/2920 4251/2918 4254/2921
f 4228/2898 4252/2917 4255/2920
f 4253/2919 4224/2892 4256/2922
f 4255/2920 4254/2921 4258/2923
f 4258/2923 4254/2921 4257/2924
f 4228/2898 4255/2920 4258/2923
f 4256/2922 4224/2892 4225/2891
f 4258/2923 4257/2924 4227/2894
f 4227/2894 4257/2924 4226/2895
f 4228/2898 4258/2923 4227/2894
f 4259/2925 4260/2926 4264/2927
f 4261/2928 4262/2929 4266/2930
f 4261/2928 4266/2930 4265/2931
f 4262/2929 4263/2932 4266/2930
f 4259/2925 4264/2927 4267/2933
f 4265/2931 4266/2930 4269/2934
f 4265/2931 4269/2934 4268/2935
f 4266/2930 4263/2932 4269/2934
f 4259/2925 4267/2933 4270/2936
f 4268/2935 4269/2934 4272/2937
f 4268/2935 4272/2937 4271/2938
f 4269/2934 4263/2932 4272/2937
f 4259/2925 4270/2936 4273/2939
f 4271/2938 4272/2937 4275/2940
f 4271/2938 4275/2940 4274/2941
f 4272/2937 4263/2932 4275/2940
f 4259/2925 4273/2939 4276/2942
f 4274/2941 4275/2940 4278/2943
f 4274/2941 4278/2943 4277/2944
f 4275/2940 4263/2932 4278/2943
f 4259/2925 4276/2942 4279/2945
f 4277/2944 4278/2943 4281/2943
f 4277/2944 4281/2943 4280/2944
f 4278/2943 4263/2932 4281/2943
f 4259/2925 4279/2945 4282/2946
f 4280/2944 4281/2943 4284/2940
f 4280/2944 4284/2940 4283/2947
f 4281/2943 4263/2932 4284/2940
f 4259/2925 4282/2946 4285/2948
f 4283/2947 4284/2940 4287/2949
f 4283/2947 4287/2949 4286/2950
f 4284/2940 4263/2932 4287/2949
f 4259/2925 4285/2948 4288/2951
f 4286/2950 4287/2949 4290/2952
f 4286/2950 4290/2952 4289/2953
f 4287/2949 4263/2932 4290/2952
f 4259/2925 4288/2951 4291/2954
f 4289/2953 4290/2952 4293/2955
f 4289/2953 4293/2955 4292/2956
f 4290/2952 4263/2932 4293/2955
f 4259/2925 4291/2954 4260/2926
f 4292/2956 4293/2955 4262/2929
f 4292/2956 4262/2929 4261/2928
f 4293/2955 4263/2932 4262/2929
f 4295/2957 4294/2958 4299/2959
f 4297/2960 4296/2961 4301/2962
f 4301/2962 4296/2961 4300/2963
f 4298/2964 4297/2960 4301/2962
f 4299/2959 4294/2958 4302/2965
f 4301/2962 4300/2963 4304/2966
f 4304/2966 4300/2963 4303/2967
f 4298/2964 4301/2962 4304/2966
f 4302/2965 4294/2958 4305/2968
f 4304/2966 4303/2967 4307/2969
f 4307/2969 4303/2967 4306/2970
f 4298/2964 4304/2966 4307/2969
f 4305/2968 4294/2958 4308/2971
f 4307/2969 4306/2970 4310/2972
f 4310/2972 4306/2970 4309/2973
f 4298/2964 4307/2969 4310/2972
f 4308/2971 4294/2958 4311/2974
f 4310/2972 4309/2973 4313/2975
f 4313/2975 4309/2973 4312/2976
f 4298/2964 4310/2972 4313/2975
f 4311/2974 4294/2958 4314/2977
f 4313/2975 4312/2976 4316/2975
f 4316/2975 4312/2976 4315/2978
f 4298/2964 4313/2975 4316/2975
f 4314/2977 4294/2958 4317/2979
f 4316/2975 4315/2978 4319/2980
f 4319/2980 4315/2978 4318/2981
f 4298/2964 4316/2975 4319/2980
f 4317/2979 4294/2958 4320/2982
f 4319/2980 4318/2981 4322/2983
f 4322/2983 4318/2981 4321/2984
f 4298/2964 4319/2980 4322/2983
f 4320/2982 4294/2958 4323/2985
f 4322/2983 4321/2984 4325/2986
f 4325/2986 4321/2984 4324/2987
f 4298/2964 4322/2983 4325/2986
f 4323/2985 4294/2958 4326/2988
f 4325/2986 4324/2987 4328/2989
f 4328/2989 4324/2987 4327/2990
f 4298/2964 4325/2986 4328/2989
f 4326/2988 4294/2958 4295/2957
f 4328/2989 4327/2990 4297/2960
f 4297/2960 4327/2990 4296/2961
f 4298/2964 4328/2989 4297/2960
f 4329/2991 4330/2992 4334/2993
f 4331/2994 4332/2995 4336/2996
f 4331/2994 4336/2996 4335/2997
f 4332/2995 4333/2998 4336/2996
f 4329/2991 4334/2993 4337/2999
f 4335/2997 4336/2996 4339/3000
f 4335/2997 4339/3000 4338/3001
f 4336/2996 4333/2998 4339/3000
f 4329/2991 4337/2999 4340/3002
f 4338/3001 4339/3000 4342/3003
f 4338/3001 4342/3003 4341/3004
f 4339/3000 4333/2998 4342/3003
f 4329/2991 4340/3002 4343/3005
f 4341/3004 4342/3003 4345/3006
f 4341/3004 4345/3006 4344/3007
f 4342/3003 4333/2998 4345/3006
f 4329/2991 4343/3005 4346/3008
f 4344/3007 4345/3006 4348/3009
f 4344/3007 4348/3009 4347/3010
f 4345/3006 4333/2998 4348/3009
f 4329/2991 4346/3008 4349/3011
f 4347/3010 4348/3009 4351/3009
f 4347/3010 4351/3009 4350/3010
f 4348/3009 4333/2998 4351/3009
f 4329/2991 4349/3011 4352/3012
f 4350/3010 4351/3009 4354/3013
f 4350/3010 4354/3013 4353/3014
f 4351/3009 4333/2998 4354/3013
f 4329/2991 4352/3012 4355/3015
f 4353/3014 4354/3013 4357/3016
f 4353/3014 4357/3016 4356/3017
f 4354/3013 4333/2998 4357/3016
f 4329/2991 4355/3015 4358/3018
f 4356/3017 4357/3016 4360/3019
f 4356/3017 4360/3019 4359/3020
f 4357/3016 4333/2998 4360/3019
f 4329/2991 4358/3018 4361/3021
f 4359/3020 4360/3019 4363/3022
f 4359/3020 4363/3022 4362/3023
f 4360/3019 4333/2998 4363/3022
f 4329/2991 4361/3021 4330/2992
f 4362/3023 4363/3022 4332/2995
f 4362/3023 4332/2995 4331/2994
f 4363/3022 4333/2998 4332/2995
f 4365/3024 4364/3025 4369/3026
f 4367/3027 4366/3028 4371/3029
f 4371/3029 4366/3028 4370/3030
f 4368/3031 4367/3027 4371/3029
f 4369/3026 4364/3025 4372/3032
f 4371/3029 4370/3030 4374/3033
f 4374/3033 4370/3030 4373/3034
f 4368/3031 4371/3029 4374/3033
f 4372/3032 4364/3025 4375/3035
f 4374/3033 4373/3034 4377/3036
f 4377/3036 4373/3034 4376/3037
f 4368/3031 4374/3033 4377/3036
f 4375/3035 4364/3025 4378/3038
f 4377/3036 4376/3037 4380/3039
f 4380/3039 4376/3037 4379/3040
f 4368/3031 4377/3036 4380/3039
f 4378/3038 4364/3025 4381/3041
f 4380/3039 4379/3040 4383/3042
f 4383/3042 4379/3040 4382/3043
f 4368/3031 4380/3039 4383/3042
f 4381/3041 4364/3025 4384/3044
f 4383/3042 4382/3043 4386/3045
f 4386/3045 4382/3043 4385/3046
f 4368/3031 4383/3042 4386/3045
f 4384/3044 4364/3025 4387/3047
f 4386/3045 4385/3046 4389/3039
f 4389/3039 4385/3046 4388/3040
f 4368/3031 4386/3045 4389/3039
f 4387/3047 4364/3025 4390/3048
f 4389/3039 4388/3040 4392/3049
f 4392/3049 4388/3040 4391/3050
f 4368/3031 4389/3039 4392/3049
f 4390/3048 4364/3025 4393/3051
f 4392/3049 4391/3050 4395/3052
f 4395/3052 4391/3050 4394/3053
f 4368/3031 4392/3049 4395/3052
f 4393/3051 4364/3025 4396/3054
f 4395/3052 4394/3053 4398/3055
f 4398/3055 4394/3053 4397/3056
f 4368/3031 4395/3052 4398/3055
f 4396/3054 4364/3025 4365/3024
f 4398/3055 4397/3056 4367/3027
f 4367/3027 4397/3056 4366/3028
f 4368/3031 4398/3055 4367/3027
f 4399/3057 4400/3058 4404/3059
f 4401/3060 4402/3061 4406/3062
f 4401/3060 4406/3062 4405/3063
f 4402/3061 4403/3064 4406/3062
f 4399/3057 4404/3059 4407/3065
f 4405/3063 4406/3062 4409/3066
f 4405/3063 4409/3066 4408/3067
f 4406/3062 4403/3064 4409/3066
f 4399/3057 4407/3065 4410/3068
f 4408/3067 4409/3066 4412/3069
f 4408/3067 4412/3069 4411/3070
f 4409/3066 4403/3064 4412/3069
f 4399/3057 4410/3068 4413/3071
f 4411/3070 4412/3069 4415/3072
f 4411/3070 4415/3072 4414/3073
f 4412/3069 4403/3064 4415/3072
f 4399/3057 4413/3071 4416/3074
f 4414/3073 4415/3072 4418/3075
f 4414/3073 4418/3075 4417/3076
f 4415/3072 4403/3064 4418/3075
f 4399/3057 4416/3074 4419/3077
f 4417/3076 4418/3075 4421/3078
f 4417/3076 4421/3078 4420/3079
f 4418/3075 4403/3064 4421/3078
f 4399/3057 4419/3077 4422/3080
f 4420/3079 4421/3078 4424/3072
f 4420/3079 4424/3072 4423/3081
f 4421/3078 4403/3064 4424/3072
f 4399/3057 4422/3080 4425/3068
f 4423/3081 4424/3072 4427/3082
f 4423/3081 4427/3082 4426/3083
f 4424/3072 4403/3064 4427/3082
f 4399/3057 4425/3068 4428/3084
f 4426/3083 4427/3082 4430/3085
f 4426/3083 4430/3085 4429/3086
f 4427/3082 4403/3064 4430/3085
f 4399/3057 4428/3084 4431/3087
f 4429/3086 4430/3085 4433/3088
f 4429/3086 4433/3088 4432/3089
f 4430/3085 4403/3064 4433/3088
f 4399/3057 4431/3087 4400/3058
f 4432/3089 4433/3088 4402/3061
f 4432/3089 4402/3061 4401/3060
f 4433/3088 4403/3064 4402/3061
f 4435/3090 4434/3091 4439/3092
f 4437/3093 4436/3094 4441/3095
f 4441/3095 4436/3094 4440/3096
f 4438/3097 4437/3093 4441/3095
f 4439/3092 4434/3091 4442/3098
f 4441/3095 4440/3096 4444/3099
f 4444/3099 4440/3096 4443/3100
f 4438/3097 4441/3095 4444/3099
f 4442/3098 4434/3091 4445/3101
f 4444/3099 4443/3100 4447/3102
f 4447/3102 4443/3100 4446/3103
f 4438/3097 4444/3099 4447/3102
f 4445/3101 4434/3091 4448/3104
f 4447/3102 4446/3103 4450/3105
f 4450/3105 4446/3103 4449/3106
f 4438/3097 4447/3102 4450/3105
f 4448/3104 4434/3091 4451/3107
f 4450/3105 4449/3106 4453/3108
f 4453/3108 4449/3106 4452/3109
f 4438/3097 4450/3105 4453/3108
f 4451/3107 4434/3091 4454/3110
f 4453/3108 4452/3109 4456/3111
f 4456/3111 4452/3109 4455/3112
f 4438/3097 4453/3108 4456/3111
f 4454/3110 4434/3091 4457/3113
f 4456/3111 4455/3112 4459/3105
f 4459/3105 4455/3112 4458/3106
f 4438/3097 4456/3111 4459/3105
f 4457/3113 4434/3091 4460/3114
f 4459/3105 4458/3106 4462/3115
f 4462/3115 4458/3106 4461/3116
f 4438/3097 4459/3105 4462/3115
f 4460/3114 4434/3091 4463/3117
f 4462/3115 4461/3116 4465/3118
f 4465/3118 4461/3116 4464/3119
f 4438/3097 4462/3115 4465/3118
f 4463/3117 4434/3091 4466/3120
f 4465/3118 4464/3119 4468/3121
f 4468/3121 4464/3119 4467/3122
f 4438/3097 4465/3118 4468/3121
f 4466/3120 4434/3091 4435/3090
f 4468/3121 4467/3122 4437/3093
f 4437/3093 4467/3122 4436/3094
f 4438/3097 4468/3121 4437/3093
f 4469/3123 4470/3124 4474/3125
f 4471/3126 4472/3127 4476/3128
f 4471/3126 4476/3128 4475/3129
f 4472/3127 4473/3130 4476/3128
f 4469/3123 4474/3125 4477/3131
f 4475/3129 4476/3128 4479/3132
f 4475/3129 4479/3132 4478/3133
f 4476/3128 4473/3130 4479/3132
f 4469/3123 4477/3131 4480/3134
f 4478/3133 4479/3132 4482/3135
f 4478/3133 4482/3135 4481/3136
f 4479/3132 4473/3130 4482/3135
f 4469/3123 4480/3134 4483/3137
f 4481/3136 4482/3135 4485/3138
f 4481/3136 4485/3138 4484/3139
f 4482/3135 4473/3130 4485/3138
f 4469/3123 4483/3137 4486/3140
f 4484/3139 4485/3138 4488/3141
f 4484/3139 4488/3141 4487/3142
f 4485/3138 4473/3130 4488/3141
f 4469/3123 4486/3140 4489/3143
f 4487/3142 4488/3141 4491/3144
f 4487/3142 4491/3144 4490/3145
f 4488/3141 4473/3130 4491/3144
f 4469/3123 4489/3143 4492/3146
f 4490/3145 4491/3144 4494/3138
f 4490/3145 4494/3138 4493/3147
f 4491/3144 4473/3130 4494/3138
f 4469/3123 4492/3146 4495/3134
f 4493/3147 4494/3138 4497/3148
f 4493/3147 4497/3148 4496/3149
f 4494/3138 4473/3130 4497/3148
f 4469/3123 4495/3134 4498/3150
f 4496/3149 4497/3148 4500/3151
f 4496/3149 4500/3151 4499/3152
f 4497/3148 4473/3130 4500/3151
f 4469/3123 4498/3150 4501/3153
f 4499/3152 4500/3151 4503/3154
f 4499/3152 4503/3154 4502/3155
f 4500/3151 4473/3130 4503/3154
f 4469/3123 4501/3153 4470/3124
f 4502/3155 4503/3154 4472/3127
f 4502/3155 4472/3127 4471/3126
f 4503/3154 4473/3130 4472/3127
f 4505/3156 4504/3157 4509/3158
f 4507/3159 4506/3160 4511/3161
f 4511/3161 4506/3160 4510/3162
f 4508/3163 4507/3159 4511/3161
f 4509/3158 4504/3157 4512/3164
f 4511/3161 4510/3162 4514/3165
f 4514/3165 4510/3162 4513/3166
f 4508/3163 4511/3161 4514/3165
f 4512/3164 4504/3157 4515/3167
f 4514/3165 4513/3166 4517/3168
f 4517/3168 4513/3166 4516/3169
f 4508/3163 4514/3165 4517/3168
f 4515/3167 4504/3157 4518/3170
f 4517/3168 4516/3169 4520/3171
f 4520/3171 4516/3169 4519/3172
f 4508/3163 4517/3168 4520/3171
f 4518/3170 4504/3157 4521/3173
f 4520/3171 4519/3172 4523/3174
f 4523/3174 4519/3172 4522/3175
f 4508/3163 4520/3171 4523/3174
f 4521/3173 4504/3157 4524/3176
f 4523/3174 4522/3175 4526/3177
f 4526/3177 4522/3175 4525/3178
f 4508/3163 4523/3174 4526/3177
f 4524/3176 4504/3157 4527/3179
f 4526/3177 4525/3178 4529/3171
f 4529/3171 4525/3178 4528/3180
f 4508/3163 4526/3177 4529/3171
f 4527/3179 4504/3157 4530/3181
f 4529/3171 4528/3180 4532/3182
f 4532/3182 4528/3180 4531/3183
f 4508/3163 4529/3171 4532/3182
f 4530/3181 4504/3157 4533/3184
f 4532/3182 4531/3183 4535/3185
f 4535/3185 4531/3183 4534/3186
f 4508/3163 4532/3182 4535/3185
f 4533/3184 4504/3157 4536/3187
f 4535/3185 4534/3186 4538/3188
f 4538/3188 4534/3186 4537/3189
f 4508/3163 4535/3185 4538/3188
f 4536/3187 4504/3157 4505/3156
f 4538/3188 4537/3189 4507/3159
f 4507/3159 4537/3189 4506/3160
f 4508/3163 4538/3188 4507/3159
f 4539/3190 4540/3191 4544/3192
f 4541/3193 4542/3194 4546/3195
f 4541/3193 4546/3195 4545/3196
f 4542/3194 4543/3197 4546/3195
f 4539/3190 4544/3192 4547/3198
f 4545/3196 4546/3195 4549/3199
f 4545/3196 4549/3199 4548/3200
f 4546/3195 4543/3197 4549/3199
f 4539/3190 4547/3198 4550/3201
f 4548/3200 4549/3199 4552/3202
f 4548/3200 4552/3202 4551/3203
f 4549/3199 4543/3197 4552/3202
f 4539/3190 4550/3201 4553/3204
f 4551/3203 4552/3202 4555/3205
f 4551/3203 4555/3205 4554/3206
f 4552/3202 4543/3197 4555/3205
f 4539/3190 4553/3204 4556/3207
f 4554/3206 4555/3205 4558/3208
f 4554/3206 4558/3208 4557/3209
f 4555/3205 4543/3197 4558/3208
f 4539/3190 4556/3207 4559/3210
f 4557/3209 4558/3208 4561/3211
f 4557/3209 4561/3211 4560/3212
f 4558/3208 4543/3197 4561/3211
f 4539/3190 4559/3210 4562/3213
f 4560/3212 4561/3211 4564/3205
f 4560/3212 4564/3205 4563/3214
f 4561/3211 4543/3197 4564/3205
f 4539/3190 4562/3213 4565/3215
f 4563/3214 4564/3205 4567/3216
f 4563/3214 4567/3216 4566/3217
f 4564/3205 4543/3197 4567/3216
f 4539/3190 4565/3215 4568/3218
f 4566/3217 4567/3216 4570/3219
f 4566/3217 4570/3219 4569/3220
f 4567/3216 4543/3197 4570/3219
f 4539/3190 4568/3218 4571/3221
f 4569/3220 4570/3219 4573/3222
f 4569/3220 4573/3222 4572/3223
f 4570/3219 4543/3197 4573/3222
f 4539/3190 4571/3221 4540/3191
f 4572/3223 4573/3222 4542/3194
f 4572/3223 4542/3194 4541/3193
f 4573/3222 4543/3197 4542/3194
f 4575/3224 4574/3225 4579/3226
f 4577/3227 4576/3228 4581/3229
f 4581/3229 4576/3228 4580/3230
f 4578/3231 4577/3227 4581/3229
f 4579/3226 4574/3225 4582/3232
f 4581/3229 4580/3230 4584/3233
f 4584/3233 4580/3230 4583/3234
f 4578/3231 4581/3229 4584/3233
f 4582/3232 4574/3225 4585/3235
f 4584/3233 4583/3234 4587/3236
f 4587/3236 4583/3234 4586/3237
f 4578/3231 4584/3233 4587/3236
f 4585/3235 4574/3225 4588/3238
f 4587/3236 4586/3237 4590/3239
f 4590/3239 4586/3237 4589/3240
f 4578/3231 4587/3236 4590/3239
f 4588/3238 4574/3225 4591/3241
f 4590/3239 4589/3240 4593/3242
f 4593/3242 4589/3240 4592/3243
f 4578/3231 4590/3239 4593/3242
f 4591/3241 4574/3225 4594/3244
f 4593/3242 4592/3243 4596/3245
f 4596/3245 4592/3243 4595/3246
f 4578/3231 4593/3242 4596/3245
f 4594/3244 4574/3225 4597/3247
f 4596/3245 4595/3246 4599/3239
f 4599/3239 4595/3246 4598/3248
f 4578/3231 4596/3245 4599/3239
f 4597/3247 4574/3225 4600/3249
f 4599/3239 4598/3248 4602/3250
f 4602/3250 4598/3248 4601/3251
f 4578/3231 4599/3239 4602/3250
f 4600/3249 4574/3225 4603/3252
f 4602/3250 4601/3251 4605/3253
f 4605/3253 4601/3251 4604/3254
f 4578/3231 4602/3250 4605/3253
f 4603/3252 4574/3225 4606/3255
f 4605/3253 4604/3254 4608/3256
f 4608/3256 4604/3254 4607/3257
f 4578/3231 4605/3253 4608/3256
f 4606/3255 4574/3225 4575/3224
f 4608/3256 4607/3257 4577/3227
f 4577/3227 4607/3257 4576/3228
f 4578/3231 4608/3256 4577/3227
f 4609/3258 4610/3259 4614/3260
f 4611/3261 4612/3262 4616/3263
f 4611/3261 4616/3263 4615/3264
f 4612/3262 4613/3265 4616/3263
f 4609/3258 4614/3260 4617/3266
f 4615/3264 4616/3263 4619/3267
f 4615/3264 4619/3267 4618/3268
f 4616/3263 4613/3265 4619/3267
f 4609/3258 4617/3266 4620/3269
f 4618/3268 4619/3267 4622/3270
f 4618/3268 4622/3270 4621/3271
f 4619/3267 4613/3265 4622/3270
f 4609/3258 4620/3269 4623/3272
f 4621/3271 4622/3270 4625/3273
f 4621/3271 4625/3273 4624/3274
f 4622/3270 4613/3265 4625/3273
f 4609/3258 4623/3272 4626/3275
f 4624/3274 4625/3273 4628/3276
f 4624/3274 4628/3276 4627/3277
f 4625/3273 4613/3265 4628/3276
f 4609/3258 4626/3275 4629/3278
f 4627/3277 4628/3276 4631/3279
f 4627/3277 4631/3279 4630/3280
f 4628/3276 4613/3265 4631/3279
f 4609/3258 4629/3278 4632/3281
f 4630/3280 4631/3279 4634/3273
f 4630/3280 4634/3273 4633/3282
f 4631/3279 4613/3265 4634/3273
f 4609/3258 4632/3281 4635/3283
f 4633/3282 4634/3273 4637/3284
f 4633/3282 4637/3284 4636/3285
f 4634/3273 4613/3265 4637/3284
f 4609/3258 4635/3283 4638/3286
f 4636/3285 4637/3284 4640/3287
f 4636/3285 4640/3287 4639/3288
f 4637/3284 4613/3265 4640/3287
f 4609/3258 4638/3286 4641/3289
f 4639/3288 4640/3287 4643/3290
f 4639/3288 4643/3290 4642/3291
f 4640/3287 4613/3265 4643/3290
f 4609/3258 4641/3289 4610/3259
f 4642/3291 4643/3290 4612/3262
f 4642/3291 4612/3262 4611/3261
f 4643/3290 4613/3265 4612/3262
f 4645/3292 4644/3293 4649/3294
f 4647/3295 4646/3296 4651/3297
f 4651/3297 4646/3296 4650/3298
f 4648/3299 4647/3295 4651/3297
f 4649/3294 4644/3293 4652/3300
f 4651/3297 4650/3298 4654/3301
f 4654/3301 4650/3298 4653/3302
f 4648/3299 4651/3297 4654/3301
f 4652/3300 4644/3293 4655/3303
f 4654/3301 4653/3302 4657/3304
f 4657/3304 4653/3302 4656/3305
f 4648/3299 4654/3301 4657/3304
f 4655/3303 4644/3293 4658/3306
f 4657/3304 4656/3305 4660/3307
f 4660/3307 4656/3305 4659/3308
f 4648/3299 4657/3304 4660/3307
f 4658/3306 4644/3293 4661/3309
f 4660/3307 4659/3308 4663/3310
f 4663/3310 4659/3308 4662/3311
f 4648/3299 4660/3307 4663/3310
f 4661/3309 4644/3293 4664/3309
f 4663/3310 4662/3311 4666/3310
f 4666/3310 4662/3311 4665/3312
f 4648/3299 4663/3310 4666/3310
f 4664/3309 4644/3293 4667/3306
f 4666/3310 4665/3312 4669/3313
f 4669/3313 4665/3312 4668/3314
f 4648/3299 4666/3310 4669/3313
f 4667/3306 4644/3293 4670/3315
f 4669/3313 4668/3314 4672/3316
f 4672/3316 4668/3314 4671/3317
f 4648/3299 4669/3313 4672/3316
f 4670/3315 4644/3293 4673/3318
f 4672/3316 4671/3317 4675/3319
f 4675/3319 4671/3317 4674/3320
f 4648/3299 4672/3316 4675/3319
f 4673/3318 4644/3293 4676/3321
f 4675/3319 4674/3320 4678/3322
f 4678/3322 4674/3320 4677/3323
f 4648/3299 4675/3319 4678/3322
f 4676/3321 4644/3293 4645/3292
f 4678/3322 4677/3323 4647/3295
f 4647/3295 4677/3323 4646/3296
f 4648/3299 4678/3322 4647/3295
f 4679/3324 4680/3325 4684/3326
f 4681/3327 4682/3328 4686/3329
f 4681/3327 4686/3329 4685/3330
f 4682/3328 4683/3331 4686/3329
f 4679/3324 4684/3326 4687/3332
f 4685/3330 4686/3329 4689/3333
f 4685/3330 4689/3333 4688/3334
f 4686/3329 4683/3331 4689/3333
f 4679/3324 4687/3332 4690/3335
f 4688/3334 4689/3333 4692/3336
f 4688/3334 4692/3336 4691/3337
f 4689/3333 4683/3331 4692/3336
f 4679/3324 4690/3335 4693/3338
f 4691/3337 4692/3336 4695/3339
f 4691/3337 4695/3339 4694/3340
f 4692/3336 4683/3331 4695/3339
f 4679/3324 4693/3338 4696/3341
f 4694/3340 4695/3339 4698/3342
f 4694/3340 4698/3342 4697/3343
f 4695/3339 4683/3331 4698/3342
f 4679/3324 4696/3341 4699/3344
f 4697/3343 4698/3342 4701/3342
f 4697/3343 4701/3342 4700/3343
f 4698/3342 4683/3331 4701/3342
f 4679/3324 4699/3344 4702/3345
f 4700/3343 4701/3342 4704/3346
f 4700/3343 4704/3346 4703/3347
f 4701/3342 4683/3331 4704/3346
f 4679/3324 4702/3345 4705/3335
f 4703/3347 4704/3346 4707/3348
f 4703/3347 4707/3348 4706/3349
f 4704/3346 4683/3331 4707/3348
f 4679/3324 4705/3335 4708/3350
f 4706/3349 4707/3348 4710/3351
f 4706/3349 4710/3351 4709/3352
f 4707/3348 4683/3331 4710/3351
f 4679/3324 4708/3350 4711/3353
f 4709/3352 4710/3351 4713/3354
f 4709/3352 4713/3354 4712/3355
f 4710/3351 4683/3331 4713/3354
f 4679/3324 4711/3353 4680/3325
f 4712/3355 4713/3354 4682/3328
f 4712/3355 4682/3328 4681/3327
f 4713/3354 4683/3331 4682/3328
f 4715/3356 4714/3357 4719/3358
f 4717/3359 4716/3360 4721/3361
f 4721/3361 4716/3360 4720/3362
f 4718/3363 4717/3359 4721/3361
f 4719/3358 4714/3357 4722/3364
f 4721/3361 4720/3362 4724/3365
f 4724/3365 4720/3362 4723/3366
f 4718/3363 4721/3361 4724/3365
f 4722/3364 4714/3357 4725/3367
f 4724/3365 4723/3366 4727/3368
f 4727/3368 4723/3366 4726/3369
f 4718/3363 4724/3365 4727/3368
f 4725/3367 4714/3357 4728/3370
f 4727/3368 4726/3369 4730/3371
f 4730/3371 4726/3369 4729/3372
f 4718/3363 4727/3368 4730/3371
f 4728/3370 4714/3357 4731/3373
f 4730/3371 4729/3372 4733/3374
f 4733/3374 4729/3372 4732/3375
f 4718/3363 4730/3371 4733/3374
f 4731/3373 4714/3357 4734/3373
f 4733/3374 4732/3375 4736/3374
f 4736/3374 4732/3375 4735/3376
f 4718/3363 4733/3374 4736/3374
f 4734/3373 4714/3357 4737/3370
f 4736/3374 4735/3376 4739/3377
f 4739/3377 4735/3376 4738/3378
f 4718/3363 4736/3374 4739/3377
f 4737/3370 4714/3357 4740/3379
f 4739/3377 4738/3378 4742/3380
f 4742/3380 4738/3378 4741/3381
f 4718/3363 4739/3377 4742/3380
f 4740/3379 4714/3357 4743/3382
f 4742/3380 4741/3381 4745/3383
f 4745/3383 4741/3381 4744/3384
f 4718/3363 4742/3380 4745/3383
f 4743/3382 4714/3357 4746/3385
f 4745/3383 4744/3384 4748/3386
f 4748/3386 4744/3384 4747/3387
f 4718/3363 4745/3383 4748/3386
f 4746/3385 4714/3357 4715/3356
f 4748/3386 4747/3387 4717/3359
f 4717/3359 4747/3387 4716/3360
f 4718/3363 4748/3386 4717/3359
f 4749/3388 4750/3389 4754/3390
f 4751/3391 4752/3392 4756/3393
f 4751/3391 4756/3393 4755/3394
f 4752/3392 4753/3395 4756/3393
f 4749/3388 4754/3390 4757/3396
f 4755/3394 4756/3393 4759/3397
f 4755/3394 4759/3397 4758/3398
f 4756/3393 4753/3395 4759/3397
f 4749/3388 4757/3396 4760/3399
f 4758/3398 4759/3397 4762/3400
f 4758/3398 4762/3400 4761/3401
f 4759/3397 4753/3395 4762/3400
f 4749/3388 4760/3399 4763/3402
f 4761/3401 4762/3400 4765/3403
f 4761/3401 4765/3403 4764/3404
f 4762/3400 4753/3395 4765/3403
f 4749/3388 4763/3402 4766/3405
f 4764/3404 4765/3403 4768/3406
f 4764/3404 4768/3406 4767/3407
f 4765/3403 4753/3395 4768/3406
f 4749/3388 4766/3405 4769/3408
f 4767/3407 4768/3406 4771/3406
f 4767/3407 4771/3406 4770/3407
f 4768/3406 4753/3395 4771/3406
f 4749/3388 4769/3408 4772/3409
f 4770/3407 4771/3406 4774/3410
f 4770/3407 4774/3410 4773/3411
f 4771/3406 4753/3395 4774/3410
f 4749/3388 4772/3409 4775/3399
f 4773/3411 4774/3410 4777/3412
f 4773/3411 4777/3412 4776/3413
f 4774/3410 4753/3395 4777/3412
f 4749/3388 4775/3399 4778/3414
f 4776/3413 4777/3412 4780/3415
f 4776/3413 4780/3415 4779/3416
f 4777/3412 4753/3395 4780/3415
f 4749/3388 4778/3414 4781/3417
f 4779/3416 4780/3415 4783/3418
f 4779/3416 4783/3418 4782/3419
f 4780/3415 4753/3395 4783/3418
f 4749/3388 4781/3417 4750/3389
f 4782/3419 4783/3418 4752/3392
f 4782/3419 4752/3392 4751/3391
f 4783/3418 4753/3395 4752/3392
f 4785/3420 4784/3421 4789/3422
f 4787/3423 4786/3424 4791/3425
f 4791/3425 4786/3424 4790/3426
f 4788/3427 4787/3423 4791/3425
f 4789/3422 4784/3421 4792/3428
f 4791/3425 4790/3426 4794/3429
f 4794/3429 4790/3426 4793/3430
f 4788/3427 4791/3425 4794/3429
f 4792/3428 4784/3421 4795/3431
f 4794/3429 4793/3430 4797/3432
f 4797/3432 4793/3430 4796/3433
f 4788/3427 4794/3429 4797/3432
f 4795/3431 4784/3421 4798/3434
f 4797/3432 4796/3433 4800/3435
f 4800/3435 4796/3433 4799/3436
f 4788/3427 4797/3432 4800/3435
f 4798/3434 4784/3421 4801/3437
f 4800/3435 4799/3436 4803/3438
f 4803/3438 4799/3436 4802/3439
f 4788/3427 4800/3435 4803/3438
f 4801/3437 4784/3421 4804/3440
f 4803/3438 4802/3439 4806/3438
f 4806/3438 4802/3439 4805/3441
f 4788/3427 4803/3438 4806/3438
f 4804/3440 4784/3421 4807/3442
f 4806/3438 4805/3441 4809/3435
f 4809/3435 4805/3441 4808/3443
f 4788/3427 4806/3438 4809/3435
f 4807/3442 4784/3421 4810/3444
f 4809/3435 4808/3443 4812/3445
f 4812/3445 4808/3443 4811/3446
f 4788/3427 4809/3435 4812/3445
f 4810/3444 4784/3421 4813/3447
f 4812/3445 4811/3446 4815/3448
f 4815/3448 4811/3446 4814/3449
f 4788/3427 4812/3445 4815/3448
f 4813/3447 4784/3421 4816/3450
f 4815/3448 4814/3449 4818/3451
f 4818/3451 4814/3449 4817/3452
f 4788/3427 4815/3448 4818/3451
f 4816/3450 4784/3421 4785/3420
f 4818/3451 4817/3452 4787/3423
f 4787/3423 4817/3452 4786/3424
f 4788/3427 4818/3451 4787/3423
f 4819/3453 4820/3454 4824/3455
f 4821/3456 4822/3457 4826/3458
f 4821/3456 4826/3458 4825/3459
f 4822/3457 4823/3460 4826/3458
f 4819/3453 4824/3455 4827/3461
f 4825/3459 4826/3458 4829/3462
f 4825/3459 4829/3462 4828/3463
f 4826/3458 4823/3460 4829/3462
f 4819/3453 4827/3461 4830/3464
f 4828/3463 4829/3462 4832/3465
f 4828/3463 4832/3465 4831/3466
f 4829/3462 4823/3460 4832/3465
f 4819/3453 4830/3464 4833/3467
f 4831/3466 4832/3465 4835/3468
f 4831/3466 4835/3468 4834/3469
f 4832/3465 4823/3460 4835/3468
f 4819/3453 4833/3467 4836/3470
f 4834/3469 4835/3468 4838/3471
f 4834/3469 4838/3471 4837/3472
f 4835/3468 4823/3460 4838/3471
f 4819/3453 4836/3470 4839/3473
f 4837/3472 4838/3471 4841/3471
f 4837/3472 4841/3471 4840/3474
f 4838/3471 4823/3460 4841/3471
f 4819/3453 4839/3473 4842/3475
f 4840/3474 4841/3471 4844/3468
f 4840/3474 4844/3468 4843/3476
f 4841/3471 4823/3460 4844/3468
f 4819/3453 4842/3475 4845/3477
f 4843/3476 4844/3468 4847/3478
f 4843/3476 4847/3478 4846/3479
f 4844/3468 4823/3460 4847/3478
f 4819/3453 4845/3477 4848/3480
f 4846/3479 4847/3478 4850/3481
f 4846/3479 4850/3481 4849/3482
f 4847/3478 4823/3460 4850/3481
f 4819/3453 4848/3480 4851/3483
f 4849/3482 4850/3481 4853/3484
f 4849/3482 4853/3484 4852/3485
f 4850/3481 4823/3460 4853/3484
f 4819/3453 4851/3483 4820/3454
f 4852/3485 4853/3484 4822/3457
f 4852/3485 4822/3457 4821/3456
f 4853/3484 4823/3460 4822/3457
f 4854/3486 4855/3487 4863/3488
f 4854/3486 4863/3488 4862/3489
f 4855/3487 4856/3490 4864/3491
f 4855/3487 4864/3491 4863/3488
f 4856/3490 4857/3492 4865/3493
f 4856/3490 4865/3493 4864/3491
f 4857/3492 4858/3494 4866/3495
f 4857/3492 4866/3495 4865/3493
f 4858/3494 4859/3496 4867/3493
f 4858/3494 4867/3493 4866/3495
f 4859/3496 4860/3497 4868/3491
f 4859/3496 4868/3491 4867/3493
f 4860/3497 4861/3498 4869/3488
f 4860/3497 4869/3488 4868/3491
f 4861/3498 4854/3486 4862/3489
f 4861/3498 4862/3489 4869/3488
f 4859/3496 4861/3498 4860/3497
f 4858/3494 4861/3498 4859/3496
f 4857/3492 4861/3498 4858/3494
f 4856/3490 4861/3498 4857/3492
f 4855/3487 4861/3498 4856/3490
f 4855/3487 4854/3486 4861/3498
f 4867/3493 4868/3491 4869/3488
f 4866/3495 4867/3493 4869/3488
f 4865/3493 4866/3495 4869/3488
f 4864/3491 4865/3493 4869/3488
f 4863/3488 4864/3491 4869/3488
f 4863/3488 4869/3488 4862/3489
f 4870/3499 4871/3500 4879/3501
f 4870/3499 4879/3501 4878/3502
f 4871/3500 4872/3503 4880/3504
f 4871/3500 4880/3504 4879/3501
f 4872/3503 4873/3505 4881/3506
f 4872/3503 4881/3506 4880/3504
f 4873/3505 4874/3507 4882/3508
f 4873/3505 4882/3508 4881/3506
f 4874/3507 4875/3509 4883/3506
f 4874/3507 4883/3506 4882/3508
f 4875/3509 4876/3510 4884/3504
f 4875/3509 4884/3504 4883/3506
f 4876/3510 4877/3511 4885/3501
f 4876/3510 4885/3501 4884/3504
f 4877/3511 4870/3499 4878/3502
f 4877/3511 4878/3502 4885/3501
f 4875/3509 4877/3511 4876/3510
f 4874/3507 4877/3511 4875/3509
f 4873/3505 4877/3511 4874/3507
f 4872/3503 4877/3511 4873/3505
f 4871/3500 4877/3511 4872/3503
f 4871/3500 4870/3499 4877/3511
f 4883/3506 4884/3504 4885/3501
f 4882/3508 4883/3506 4885/3501
f 4881/3506 4882/3508 4885/3501
f 4880/3504 4881/3506 4885/3501
f 4879/3501 4880/3504 4885/3501
f 4879/3501 4885/3501 4878/3502
f 4886/3512 4887/3513 4895/3514
f 4886/3512 4895/3514 4894/3515
f 4887/3513 4888/3516 4896/3517
f 4887/3513 4896/3517 4895/3514
f 4888/3516 4889/3518 4897/3519
f 4888/3516 4897/3519 4896/3517
f 4889/3518 4890/3520 4898/3521
f 4889/3518 4898/3521 4897/3519
f 4890/3520 4891/3522 4899/3519
f 4890/3520 4899/3519 4898/3521
f 4891/3522 4892/3523 4900/3517
f 4891/3522 4900/3517 4899/3519
f 4892/3523 4893/3524 4901/3514
f 4892/3523 4901/3514 4900/3517
f 4893/3524 4886/3512 4894/3515
f 4893/3524 4894/3515 4901/3514
f 4891/3522 4893/3524 4892/3523
f 4890/3520 4893/3524 4891/3522
f 4889/3518 4893/3524 4890/3520
f 4888/3516 4893/3524 4889/3518
f 4887/3513 4893/3524 4888/3516
f 4887/3513 4886/3512 4893/3524
f 4899/3519 4900/3517 4901/3514
f 4898/3521 4899/3519 4901/3514
f 4897/3519 4898/3521 4901/3514
f 4896/3517 4897/3519 4901/3514
f 4895/3514 4896/3517 4901/3514
f 4895/3514 4901/3514 4894/3515
f 4902/3525 4903/3526 4911/3527
f 4902/3525 4911/3527 4910/3528
f 4903/3526 4904/3529 4912/3530
f 4903/3526 4912/3530 4911/3527
f 4904/3529 4905/3531 4913/3532
f 4904/3529 4913/3532 4912/3530
f 4905/3531 4906/3533 4914/3534
f 4905/3531 4914/3534 4913/3532
f 4906/3533 4907/3535 4915/3532
f 4906/3533 4915/3532 4914/3534
f 4907/3535 4908/3536 4916/3530
f 4907/3535 4916/3530 4915/3532
f 4908/3536 4909/3537 4917/3527
f 4908/3536 4917/3527 4916/3530
f 4909/3537 4902/3525 4910/3528
f 4909/3537 4910/3528 4917/3527
f 4907/3535 4909/3537 4908/3536
f 4906/3533 4909/3537 4907/3535
f 4905/3531 4909/3537 4906/3533
f 4904/3529 4909/3537 4905/3531
f 4903/3526 4909/3537 4904/3529
f 4903/3526 4902/3525 4909/3537
f 4915/3532 4916/3530 4917/3527
f 4914/3534 4915/3532 4917/3527
f 4913/3532 4914/3534 4917/3527
f 4912/3530 4913/3532 4917/3527
f 4911/3527 4912/3530 4917/3527
f 4911/3527 4917/3527 4910/3528
f 4918/3538 4919/3539 4927/3540
f 4918/3538 4927/3540 4926/3541
f 4919/3539 4920/3542 4928/3543
f 4919/3539 4928/3543 4927/3540
f 4920/3542 4921/3544 4929/3545
f 4920/3542 4929/3545 4928/3543
f 4921/3544 4922/3546 4930/3547
f 4921/3544 4930/3547 4929/3545
f 4922/3546 4923/3548 4931/3545
f 4922/3546 4931/3545 4930/3547
f 4923/3548 4924/3549 4932/3543
f 4923/3548 4932/3543 4931/3545
f 4924/3549 4925/3550 4933/3540
f 4924/3549 4933/3540 4932/3543
f 4925/3550 4918/3538 4926/3541
f 4925/3550 4926/3541 4933/3540
f 4923/3548 4925/3550 4924/3549
f 4922/3546 4925/3550 4923/3548
f 4921/3544 4925/3550 4922/3546
f 4920/3542 4925/3550 4921/3544
f 4919/3539 4925/3550 4920/3542
f 4919/3539 4918/3538 4925/3550
f 4931/3545 4932/3543 4933/3540
f 4930/3547 4931/3545 4933/3540
f 4929/3545 4930/3547 4933/3540
f 4928/3543 4929/3545 4933/3540
f 4927/3540 4928/3543 4933/3540
f 4927/3540 4933/3540 4926/3541
f 4934/3551 4935/3552 4947/3553
f 4934/3551 4947/3553 4946/3554
f 4935/3552 4936/3555 4948/3556
f 4935/3552 4948/3556 4947/3553
f 4936/3555 4937/3557 4949/3558
f 4936/3555 4949/3558 4948/3556
f 4937/3557 4938/3559 4950/3560
f 4937/3557 4950/3560 4949/3558
f 4938/3559 4939/3561 4951/3562
f 4938/3559 4951/3562 4950/3560
f 4939/3561 4940/3563 4952/3564
f 4939/3561 4952/3564 4951/3562
f 4940/3563 4941/3565 4953/3566
f 4940/3563 4953/3566 4952/3564
f 4941/3565 4942/3567 4954/3568
f 4941/3565 4954/3568 4953/3566
f 4942/3567 4943/3569 4955/3570
f 4942/3567 4955/3570 4954/3568
f 4943/3569 4944/3571 4956/3572
f 4943/3569 4956/3572 4955/3570
f 4944/3571 4945/3573 4957/3574
f 4944/3571 4957/3574 4956/3572
f 4945/3573 4934/3551 4946/3554
f 4945/3573 4946/3554 4957/3574
f 4941/3565 4943/3569 4942/3567
f 4940/3563 4943/3569 4941/3565
f 4935/3552 4937/3557 4936/3555
f 4934/3551 4937/3557 4935/3552
f 4944/3571 4934/3551 4945/3573
f 4943/3569 4934/3551 4944/3571
f 4943/3569 4937/3557 4934/3551
f 4940/3563 4937/3557 4943/3569
f 4940/3563 4938/3559 4937/3557
f 4940/3563 4939/3561 4938/3559
f 4953/3566 4954/3568 4955/3570
f 4952/3564 4953/3566 4955/3570
f 4947/3553 4948/3556 4949/3558
f 4946/3554 4947/3553 4949/3558
f 4956/3572 4957/3574 4946/3554
f 4955/3570 4956/3572 4946/3554
f 4955/3570 4946/3554 4949/3558
f 4952/3564 4955/3570 4949/3558
f 4952/3564 4949/3558 4950/3560
f 4952/3564 4950/3560 4951/3562
f 4997/3575 4999/3576 4964/3577
f 4964/3577 4975/3578 4997/3575
f 4972/3579 4992/3580 5013/3581
f 5013/3581 5011/3582 4972/3579
f 4992/3580 5007/3583 5013/3581
f 4969/3584 4978/3585 4977/3586
f 4977/3586 4960/3587 4969/3584
f 4980/3588 4959/3589 4968/3590
f 4980/3588 4979/3591 4959/3589
f 4967/3592 4982/3593 4987/3594
f 4987/3594 4958/3595 4967/3592
f 4987/3594 4981/3596 4974/3597
f 4974/3597 4958/3595 4987/3594
f 4971/3598 4963/3599 4984/3600
f 4971/3598 4984/3600 4983/3601
f 4997/3575 4976/3602 5001/3603
f 4988/3604 4969/3584 4961/3605
f 4988/3604 4978/3585 4969/3584
f 4985/3606 4984/3600 4963/3599
f 4980/3588 4968/3590 4960/3587
f 4960/3587 4977/3586 4989/3607
f 4989/3607 4980/3588 4960/3587
f 4963/3599 4974/3597 4986/3608
f 4986/3608 4985/3606 4963/3599
f 4982/3593 4967/3592 4959/3589
f 4979/3591 4982/3593 4959/3589
f 4986/3608 4974/3597 4981/3596
f 5002/3609 5001/3603 4988/3604
f 5002/3609 4988/3604 4961/3605
f 4964/3577 4971/3598 4983/3601
f 4961/3605 4996/3610 5002/3609
f 4964/3577 4990/3611 4975/3578
f 4964/3577 4983/3601 4990/3611
f 5007/3583 4992/3580 4991/3612
f 4972/3579 4964/3577 4994/3613
f 5012/3614 5003/3615 4972/3579
f 4972/3579 4995/3616 4992/3580
f 4972/3579 4994/3613 4995/3616
f 4997/3575 4975/3578 4976/3602
f 4996/3610 4961/3605 4970/3617
f 4998/3618 4970/3617 4993/3619
f 4998/3618 4996/3610 4970/3617
f 4964/3577 4999/3576 5000/3620
f 5000/3620 4994/3613 4964/3577
f 4972/3579 5011/3582 5012/3614
f 5001/3603 4976/3602 4988/3604
f 4965/3621 4972/3579 5003/3615
f 5004/3622 4973/3623 4965/3621
f 4965/3621 5003/3615 5004/3622
f 5006/3624 4966/3625 4973/3623
f 4973/3623 5004/3622 5006/3624
f 5007/3583 4991/3612 4993/3619
f 5008/3626 4970/3617 4962/3627
f 4966/3625 5006/3624 5008/3626
f 5008/3626 4962/3627 4966/3625
f 5005/3628 4993/3619 4970/3617
f 4970/3617 5008/3626 5009/3629
f 5009/3629 5010/3630 4970/3617
f 5010/3630 5005/3628 4970/3617
f 5007/3583 4993/3619 5005/3628
f 5055/3631 5053/3632 5020/3633
f 5031/3634 5020/3633 5053/3632
f 5048/3635 5028/3636 5069/3637
f 5067/3638 5069/3637 5028/3636
f 5063/3639 5048/3635 5069/3637
f 5034/3640 5025/3641 5033/3642
f 5016/3643 5033/3642 5025/3641
f 5015/3644 5036/3645 5024/3646
f 5035/3647 5036/3645 5015/3644
f 5038/3648 5023/3649 5043/3650
f 5014/3651 5043/3650 5023/3649
f 5037/3652 5043/3650 5030/3653
f 5014/3651 5030/3653 5043/3650
f 5019/3654 5027/3655 5040/3656
f 5040/3656 5027/3655 5039/3657
f 5032/3658 5053/3632 5057/3659
f 5025/3641 5044/3660 5017/3661
f 5034/3640 5044/3660 5025/3641
f 5040/3656 5041/3662 5019/3654
f 5024/3646 5036/3645 5016/3643
f 5033/3642 5016/3643 5045/3663
f 5036/3645 5045/3663 5016/3643
f 5030/3653 5019/3654 5042/3664
f 5041/3662 5042/3664 5019/3654
f 5023/3649 5038/3648 5015/3644
f 5038/3648 5035/3647 5015/3644
f 5030/3653 5042/3664 5037/3652
f 5057/3659 5058/3665 5044/3660
f 5044/3660 5058/3665 5017/3661
f 5027/3655 5020/3633 5039/3657
f 5052/3666 5017/3661 5058/3665
f 5046/3667 5020/3633 5031/3634
f 5039/3657 5020/3633 5046/3667
f 5048/3635 5063/3639 5047/3668
f 5020/3633 5028/3636 5050/3669
f 5059/3670 5068/3671 5028/3636
f 5051/3672 5028/3636 5048/3635
f 5050/3669 5028/3636 5051/3672
f 5031/3634 5053/3632 5032/3658
f 5017/3661 5052/3666 5026/3673
f 5026/3673 5054/3674 5049/3675
f 5052/3666 5054/3674 5026/3673
f 5055/3631 5020/3633 5056/3676
f 5050/3669 5056/3676 5020/3633
f 5067/3638 5028/3636 5068/3671
f 5032/3658 5057/3659 5044/3660
f 5028/3636 5021/3677 5059/3670
f 5029/3678 5060/3679 5021/3677
f 5059/3670 5021/3677 5060/3679
f 5022/3680 5062/3681 5029/3678
f 5060/3679 5029/3678 5062/3681
f 5047/3668 5063/3639 5049/3675
f 5026/3673 5064/3682 5018/3683
f 5062/3681 5022/3680 5064/3682
f 5018/3683 5064/3682 5022/3680
f 5049/3675 5061/3684 5026/3673
f 5064/3682 5026/3673 5065/3685
f 5066/3686 5065/3685 5026/3673
f 5061/3684 5066/3686 5026/3673
f 5049/3675 5063/3639 5061/3684
o B747taiB_B747mark
v 0.124210 -5.143217 0.020558
v 0.124157 -5.137812 0.020558
v 0.134554 -5.137814 0.020558
v 0.134611 -5.142814 0.020558
v 0.124210 -5.144698 0.025604
v 0.124157 -5.140151 0.028526
v 0.134554 -5.140153 0.028524
v 0.134611 -5.144360 0.025821
v 0.124210 -5.148672 0.029047
v 0.124157 -5.146427 0.033964
v 0.134554 -5.146428 0.033961
v 0.134611 -5.148505 0.029413
v 0.124210 -5.153877 0.029795
v 0.124157 -5.154646 0.035145
v 0.134554 -5.154645 0.035143
v 0.134611 -5.153934 0.030194
v 0.124210 -5.158659 0.027611
v 0.124157 -5.162199 0.031696
v 0.134554 -5.162197 0.031694
v 0.134611 -5.158923 0.027915
v 0.124210 -5.161502 0.023187
v 0.124157 -5.166689 0.024710
v 0.134554 -5.166686 0.024709
v 0.134611 -5.161889 0.023301
v 0.124210 -5.161502 0.017929
v 0.124157 -5.166689 0.016406
v 0.134554 -5.166686 0.016407
v 0.134611 -5.161889 0.017815
v 0.124210 -5.158659 0.013505
v 0.124157 -5.162199 0.009420
v 0.134554 -5.162197 0.009422
v 0.134611 -5.158923 0.013201
v 0.124210 -5.153877 0.011322
v 0.124157 -5.154646 0.005971
v 0.134554 -5.154645 0.005973
v 0.134611 -5.153934 0.010923
v 0.124210 -5.148672 0.012069
v 0.124157 -5.146426 0.007153
v 0.134554 -5.146428 0.007155
v 0.134611 -5.148505 0.011703
v 0.124210 -5.144698 0.015513
v 0.124157 -5.140151 0.012591
v 0.134554 -5.140153 0.012592
v 0.134611 -5.144360 0.015296
v 0.124210 -5.143217 0.058679
v 0.124157 -5.137811 0.058679
v 0.134554 -5.137814 0.058679
v 0.134611 -5.142814 0.058679
v 0.124210 -5.144698 0.063724
v 0.124157 -5.140151 0.066647
v 0.134554 -5.140153 0.066645
v 0.134611 -5.144360 0.063942
v 0.124210 -5.148672 0.067168
v 0.124157 -5.146426 0.072084
v 0.134554 -5.146428 0.072083
v 0.134611 -5.148505 0.067533
v 0.124210 -5.153877 0.067916
v 0.124157 -5.154645 0.073266
v 0.134554 -5.154645 0.073264
v 0.134611 -5.153934 0.068315
v 0.124210 -5.158659 0.065732
v 0.124157 -5.162199 0.069817
v 0.134554 -5.162197 0.069815
v 0.134611 -5.158923 0.066036
v 0.124210 -5.161502 0.061308
v 0.124157 -5.166689 0.062831
v 0.134554 -5.166686 0.062830
v 0.134611 -5.161889 0.061422
v 0.124210 -5.161502 0.056050
v 0.124157 -5.166689 0.054527
v 0.134554 -5.166686 0.054528
v 0.134611 -5.161889 0.055936
v 0.124210 -5.158659 0.051626
v 0.124157 -5.162199 0.047542
v 0.134554 -5.162197 0.047544
v 0.134611 -5.158923 0.051322
v 0.124210 -5.153877 0.049442
v 0.124157 -5.154645 0.044092
v 0.134554 -5.154645 0.044095
v 0.134611 -5.153934 0.049044
v 0.124210 -5.148672 0.050190
v 0.124157 -5.146426 0.045274
v 0.134554 -5.146428 0.045276
v 0.134611 -5.148505 0.049825
v 0.124210 -5.144698 0.053634
v 0.124157 -5.140151 0.050711
v 0.134554 -5.140153 0.050713
v 0.134611 -5.144360 0.053416
v 0.108299 -5.143217 0.058679
v 0.108350 -5.137812 0.058679
v 0.097952 -5.137814 0.058679
v 0.097894 -5.142814 0.058679
v 0.108299 -5.144698 0.063724
v 0.108350 -5.140151 0.066647
v 0.097952 -5.140153 0.066645
v 0.097894 -5.144360 0.063942
v 0.108299 -5.148672 0.067168
v 0.108350 -5.146427 0.072084
v 0.097952 -5.146428 0.072083
v 0.097894 -5.148505 0.067533
v 0.108299 -5.153877 0.067916
v 0.108350 -5.154646 0.073266
v 0.097952 -5.154645 0.073264
v 0.097894 -5.153934 0.068315
v 0.108299 -5.158659 0.065732
v 0.108350 -5.162199 0.069817
v 0.097952 -5.162197 0.069815
v 0.097894 -5.158923 0.066036
v 0.108299 -5.161502 0.061308
v 0.108350 -5.166689 0.062831
v 0.097952 -5.166686 0.062830
v 0.097894 -5.161889 0.061422
v 0.108299 -5.161502 0.056050
v 0.108350 -5.166689 0.054527
v 0.097952 -5.166686 0.054528
v 0.097894 -5.161889 0.055936
v 0.108299 -5.158659 0.051626
v 0.108350 -5.162199 0.047542
v 0.097952 -5.162197 0.047544
v 0.097894 -5.158923 0.051322
v 0.108299 -5.153877 0.049442
v 0.108350 -5.154646 0.044092
v 0.097952 -5.154645 0.044095
v 0.097894 -5.153934 0.049044
v 0.108299 -5.148672 0.050190
v 0.108350 -5.146426 0.045274
v 0.097952 -5.146428 0.045276
v 0.097894 -5.148505 0.049825
v 0.108299 -5.144698 0.053634
v 0.108350 -5.140151 0.050711
v 0.097952 -5.140153 0.050713
v 0.097894 -5.144360 0.053416
v 0.108240 -5.143217 0.020558
v 0.108293 -5.137812 0.020558
v 0.097894 -5.137814 0.020558
v 0.097838 -5.142814 0.020558
v 0.108240 -5.144698 0.025604
v 0.108293 -5.140151 0.028526
v 0.097894 -5.140153 0.028524
v 0.097838 -5.144360 0.025821
v 0.108240 -5.148672 0.029047
v 0.108293 -5.146426 0.033964
v 0.097894 -5.146428 0.033961
v 0.097838 -5.148505 0.029413
v 0.108240 -5.153877 0.029795
v 0.108293 -5.154646 0.035145
v 0.097894 -5.154645 0.035143
v 0.097838 -5.153934 0.030194
v 0.108240 -5.158659 0.027611
v 0.108293 -5.162199 0.031696
v 0.097894 -5.162197 0.031694
v 0.097838 -5.158923 0.027915
v 0.108240 -5.161502 0.023187
v 0.108293 -5.166689 0.024710
v 0.097894 -5.166686 0.024709
v 0.097838 -5.161889 0.023301
v 0.108240 -5.161502 0.017929
v 0.108293 -5.166689 0.016406
v 0.097894 -5.166686 0.016407
v 0.097838 -5.161889 0.017815
v 0.108240 -5.158659 0.013505
v 0.108293 -5.162199 0.009420
v 0.097894 -5.162197 0.009422
v 0.097838 -5.158923 0.013201
v 0.108240 -5.153877 0.011322
v 0.108293 -5.154646 0.005971
v 0.097894 -5.154645 0.005973
v 0.097838 -5.153934 0.010923
v 0.108240 -5.148672 0.012069
v 0.108293 -5.146426 0.007153
v 0.097894 -5.146428 0.007155
v 0.097838 -5.148505 0.011703
v 0.108240 -5.144698 0.015513
v 0.108293 -5.140151 0.012591
v 0.097894 -5.140153 0.012592
v 0.097838 -5.144360 0.015296
v 0.019746 -5.140979 -0.063056
v 0.019694 -5.135575 -0.063056
v 0.030091 -5.135577 -0.063056
v 0.030149 -5.140577 -0.063056
v 0.019746 -5.142461 -0.058011
v 0.019694 -5.137914 -0.055089
v 0.030091 -5.137916 -0.055091
v 0.030149 -5.142123 -0.057794
v 0.019746 -5.146435 -0.054568
v 0.019694 -5.144190 -0.049651
v 0.030091 -5.144191 -0.049653
v 0.030149 -5.146268 -0.054203
v 0.019746 -5.151639 -0.053820
v 0.019694 -5.152409 -0.048470
v 0.030091 -5.152409 -0.048472
v 0.030149 -5.151697 -0.053421
v 0.019746 -5.156423 -0.056004
v 0.019694 -5.159963 -0.051919
v 0.030091 -5.159961 -0.051921
v 0.030149 -5.156686 -0.055700
v 0.019746 -5.159266 -0.060428
v 0.019694 -5.164452 -0.058905
v 0.030091 -5.164449 -0.058906
v 0.030149 -5.159652 -0.060314
v 0.019746 -5.159266 -0.065686
v 0.019694 -5.164452 -0.067209
v 0.030091 -5.164449 -0.067208
v 0.030149 -5.159652 -0.065799
v 0.019746 -5.156423 -0.070109
v 0.019694 -5.159963 -0.074194
v 0.030091 -5.159961 -0.074192
v 0.030149 -5.156686 -0.070414
v 0.019746 -5.151639 -0.072294
v 0.019694 -5.152409 -0.077644
v 0.030091 -5.152409 -0.077641
v 0.030149 -5.151697 -0.072692
v 0.019746 -5.146435 -0.071546
v 0.019694 -5.144190 -0.076462
v 0.030091 -5.144191 -0.076460
v 0.030149 -5.146268 -0.071911
v 0.019746 -5.142461 -0.068102
v 0.019694 -5.137914 -0.071024
v 0.030091 -5.137916 -0.071023
v 0.030149 -5.142123 -0.068320
v 0.003883 -5.140979 -0.063056
v 0.003935 -5.135575 -0.063056
v -0.006464 -5.135577 -0.063056
v -0.006521 -5.140577 -0.063056
v 0.003883 -5.142461 -0.058011
v 0.003935 -5.137914 -0.055089
v -0.006464 -5.137916 -0.055091
v -0.006521 -5.142123 -0.057794
v 0.003883 -5.146435 -0.054568
v 0.003935 -5.144190 -0.049651
v -0.006464 -5.144191 -0.049653
v -0.006521 -5.146268 -0.054203
v 0.003883 -5.151639 -0.053820
v 0.003935 -5.152409 -0.048470
v -0.006464 -5.152409 -0.048472
v -0.006521 -5.151697 -0.053421
v 0.003883 -5.156423 -0.056004
v 0.003935 -5.159963 -0.051919
v -0.006464 -5.159961 -0.051921
v -0.006521 -5.156686 -0.055700
v 0.003883 -5.159266 -0.060428
v 0.003935 -5.164452 -0.058905
v -0.006464 -5.164449 -0.058906
v -0.006521 -5.159652 -0.060314
v 0.003883 -5.159266 -0.065686
v 0.003935 -5.164452 -0.067209
v -0.006464 -5.164449 -0.067208
v -0.006521 -5.159652 -0.065799
v 0.003883 -5.156423 -0.070109
v 0.003935 -5.159963 -0.074194
v -0.006464 -5.159961 -0.074192
v -0.006521 -5.156686 -0.070414
v 0.003883 -5.151639 -0.072294
v 0.003935 -5.152409 -0.077644
v -0.006464 -5.152409 -0.077641
v -0.006521 -5.151697 -0.072692
v 0.003883 -5.146435 -0.071546
v 0.003935 -5.144190 -0.076462
v -0.006464 -5.144191 -0.076460
v -0.006521 -5.146268 -0.071911
v 0.003883 -5.142461 -0.068102
v 0.003935 -5.137914 -0.071024
v -0.006464 -5.137916 -0.071023
v -0.006521 -5.142123 -0.068320
v 0.019746 -5.140979 -0.024935
v 0.019694 -5.135575 -0.024935
v 0.030091 -5.135577 -0.024935
v 0.030149 -5.140577 -0.024935
v 0.019746 -5.142461 -0.019890
v 0.019694 -5.137914 -0.016968
v 0.030091 -5.137916 -0.016970
v 0.030149 -5.142123 -0.019673
v 0.019746 -5.146435 -0.016447
v 0.019694 -5.144190 -0.011530
v 0.030091 -5.144191 -0.011533
v 0.030149 -5.146268 -0.016081
v 0.019746 -5.151639 -0.015699
v 0.019694 -5.152409 -0.010349
v 0.030091 -5.152409 -0.010351
v 0.030149 -5.151697 -0.015300
v 0.019746 -5.156423 -0.017883
v 0.019694 -5.159963 -0.013798
v 0.030091 -5.159961 -0.013800
v 0.030149 -5.156686 -0.017579
v 0.019746 -5.159266 -0.022306
v 0.019694 -5.164452 -0.020784
v 0.030091 -5.164449 -0.020785
v 0.030149 -5.159652 -0.022193
v 0.019746 -5.159266 -0.027564
v 0.019694 -5.164452 -0.029088
v 0.030091 -5.164449 -0.029087
v 0.030149 -5.159652 -0.027678
v 0.019746 -5.156423 -0.031989
v 0.019694 -5.159963 -0.036073
v 0.030091 -5.159961 -0.036071
v 0.030149 -5.156686 -0.032292
v 0.019746 -5.151639 -0.034172
v 0.019694 -5.152409 -0.039523
v 0.030091 -5.152409 -0.039521
v 0.030149 -5.151697 -0.034571
v 0.019746 -5.146435 -0.033424
v 0.019694 -5.144190 -0.038341
v 0.030091 -5.144191 -0.038339
v 0.030149 -5.146268 -0.033790
v 0.019746 -5.142461 -0.029981
v 0.019694 -5.137914 -0.032903
v 0.030091 -5.137916 -0.032902
v 0.030149 -5.142123 -0.030199
v 0.003824 -5.140979 -0.024935
v 0.003875 -5.135575 -0.024935
v -0.006521 -5.135577 -0.024935
v -0.006579 -5.140577 -0.024935
v 0.003824 -5.142461 -0.019890
v 0.003875 -5.137914 -0.016968
v -0.006521 -5.137916 -0.016970
v -0.006579 -5.142123 -0.019673
v 0.003824 -5.146435 -0.016447
v 0.003875 -5.144190 -0.011530
v -0.006521 -5.144191 -0.011533
v -0.006579 -5.146268 -0.016081
v 0.003824 -5.151639 -0.015699
v 0.003875 -5.152409 -0.010349
v -0.006521 -5.152409 -0.010351
v -0.006579 -5.151697 -0.015300
v 0.003824 -5.156423 -0.017883
v 0.003875 -5.159963 -0.013798
v -0.006521 -5.159961 -0.013800
v -0.006579 -5.156686 -0.017579
v 0.003824 -5.159266 -0.022306
v 0.003875 -5.164452 -0.020784
v -0.006521 -5.164449 -0.020785
v -0.006579 -5.159652 -0.022193
v 0.003824 -5.159266 -0.027564
v 0.003875 -5.164452 -0.029088
v -0.006521 -5.164449 -0.029087
v -0.006579 -5.159652 -0.027678
v 0.003824 -5.156423 -0.031989
v 0.003875 -5.159963 -0.036073
v -0.006521 -5.159961 -0.036071
v -0.006579 -5.156686 -0.032292
v 0.003824 -5.151639 -0.034172
v 0.003875 -5.152409 -0.039523
v -0.006521 -5.152409 -0.039521
v -0.006579 -5.151697 -0.034571
v 0.003824 -5.146435 -0.033424
v 0.003875 -5.144190 -0.038341
v -0.006521 -5.144191 -0.038339
v -0.006579 -5.146268 -0.033790
v 0.003824 -5.142461 -0.029981
v 0.003875 -5.137914 -0.032903
v -0.006521 -5.137916 -0.032902
v -0.006579 -5.142123 -0.030199
v -0.068135 -5.140979 -0.063056
v -0.068190 -5.135575 -0.063056
v -0.057792 -5.135577 -0.063056
v -0.057734 -5.140577 -0.063056
v -0.068135 -5.142461 -0.058011
v -0.068190 -5.137914 -0.055089
v -0.057792 -5.137916 -0.055091
v -0.057734 -5.142123 -0.057794
v -0.068135 -5.146435 -0.054568
v -0.068190 -5.144190 -0.049651
v -0.057792 -5.144191 -0.049653
v -0.057734 -5.146268 -0.054203
v -0.068135 -5.151639 -0.053820
v -0.068190 -5.152409 -0.048470
v -0.057792 -5.152409 -0.048472
v -0.057734 -5.151697 -0.053421
v -0.068135 -5.156423 -0.056004
v -0.068190 -5.159963 -0.051919
v -0.057792 -5.159961 -0.051921
v -0.057734 -5.156686 -0.055700
v -0.068135 -5.159266 -0.060428
v -0.068190 -5.164452 -0.058905
v -0.057792 -5.164449 -0.058906
v -0.057734 -5.159652 -0.060314
v -0.068135 -5.159266 -0.065686
v -0.068190 -5.164452 -0.067209
v -0.057792 -5.164449 -0.067208
v -0.057734 -5.159652 -0.065799
v -0.068135 -5.156423 -0.070109
v -0.068190 -5.159963 -0.074194
v -0.057792 -5.159961 -0.074192
v -0.057734 -5.156686 -0.070414
v -0.068135 -5.151639 -0.072294
v -0.068190 -5.152409 -0.077644
v -0.057792 -5.152409 -0.077641
v -0.057734 -5.151697 -0.072692
v -0.068135 -5.146435 -0.071546
v -0.068190 -5.144190 -0.076462
v -0.057792 -5.144191 -0.076460
v -0.057734 -5.146268 -0.071911
v -0.068135 -5.142461 -0.068102
v -0.068190 -5.137914 -0.071024
v -0.057792 -5.137916 -0.071023
v -0.057734 -5.142123 -0.068320
v -0.084001 -5.140979 -0.063056
v -0.083948 -5.135575 -0.063056
v -0.094345 -5.135577 -0.063056
v -0.094403 -5.140577 -0.063056
v -0.084001 -5.142461 -0.058011
v -0.083948 -5.137914 -0.055089
v -0.094345 -5.137916 -0.055091
v -0.094403 -5.142123 -0.057794
v -0.084001 -5.146435 -0.054568
v -0.083948 -5.144190 -0.049651
v -0.094345 -5.144191 -0.049653
v -0.094403 -5.146268 -0.054203
v -0.084001 -5.151639 -0.053820
v -0.083948 -5.152409 -0.048470
v -0.094345 -5.152409 -0.048472
v -0.094403 -5.151697 -0.053421
v -0.084001 -5.156423 -0.056004
v -0.083948 -5.159963 -0.051919
v -0.094345 -5.159961 -0.051921
v -0.094403 -5.156686 -0.055700
v -0.084001 -5.159266 -0.060428
v -0.083948 -5.164452 -0.058905
v -0.094345 -5.164449 -0.058906
v -0.094403 -5.159652 -0.060314
v -0.084001 -5.159266 -0.065686
v -0.083948 -5.164452 -0.067209
v -0.094345 -5.164449 -0.067208
v -0.094403 -5.159652 -0.065799
v -0.084001 -5.156423 -0.070109
v -0.083948 -5.159963 -0.074194
v -0.094345 -5.159961 -0.074192
v -0.094403 -5.156686 -0.070414
v -0.084001 -5.151639 -0.072294
v -0.083948 -5.152409 -0.077644
v -0.094345 -5.152409 -0.077641
v -0.094403 -5.151697 -0.072692
v -0.084001 -5.146435 -0.071546
v -0.083948 -5.144190 -0.076462
v -0.094345 -5.144191 -0.076460
v -0.094403 -5.146268 -0.071911
v -0.084001 -5.142461 -0.068102
v -0.083948 -5.137914 -0.071024
v -0.094345 -5.137916 -0.071023
v -0.094403 -5.142123 -0.068320
v -0.084001 -5.140979 -0.024935
v -0.083948 -5.135575 -0.024935
v -0.094345 -5.135577 -0.024935
v -0.094403 -5.140577 -0.024935
v -0.084001 -5.142461 -0.019890
v -0.083948 -5.137914 -0.016968
v -0.094345 -5.137916 -0.016970
v -0.094403 -5.142123 -0.019673
v -0.084001 -5.146435 -0.016447
v -0.083948 -5.144190 -0.011530
v -0.094345 -5.144191 -0.011533
v -0.094403 -5.146268 -0.016081
v -0.084001 -5.151639 -0.015699
v -0.083948 -5.152409 -0.010349
v -0.094345 -5.152409 -0.010351
v -0.094403 -5.151697 -0.015300
v -0.084001 -5.156423 -0.017883
v -0.083948 -5.159963 -0.013798
v -0.094345 -5.159961 -0.013800
v -0.094403 -5.156686 -0.017579
v -0.084001 -5.159266 -0.022306
v -0.083948 -5.164452 -0.020784
v -0.094345 -5.164449 -0.020785
v -0.094403 -5.159652 -0.022193
v -0.084001 -5.159266 -0.027564
v -0.083948 -5.164452 -0.029088
v -0.094345 -5.164449 -0.029087
v -0.094403 -5.159652 -0.027678
v -0.084001 -5.156423 -0.031989
v -0.083948 -5.159963 -0.036073
v -0.094345 -5.159961 -0.036071
v -0.094403 -5.156686 -0.032292
v -0.084001 -5.151639 -0.034172
v -0.083948 -5.152409 -0.039523
v -0.094345 -5.152409 -0.039521
v -0.094403 -5.151697 -0.034571
v -0.084001 -5.146435 -0.033424
v -0.083948 -5.144190 -0.038341
v -0.094345 -5.144191 -0.038339
v -0.094403 -5.146268 -0.033790
v -0.084001 -5.142461 -0.029981
v -0.083948 -5.137914 -0.032903
v -0.094345 -5.137916 -0.032902
v -0.094403 -5.142123 -0.030199
v -0.068078 -5.140979 -0.024935
v -0.068129 -5.135575 -0.024935
v -0.057732 -5.135577 -0.024935
v -0.057675 -5.140577 -0.024935
v -0.068078 -5.142461 -0.019890
v -0.068129 -5.137914 -0.016968
v -0.057732 -5.137916 -0.016970
v -0.057675 -5.142123 -0.019673
v -0.068078 -5.146435 -0.016447
v -0.068129 -5.144190 -0.011530
v -0.057732 -5.144191 -0.011533
v -0.057675 -5.146268 -0.016081
v -0.068078 -5.151639 -0.015699
v -0.068129 -5.152409 -0.010349
v -0.057732 -5.152409 -0.010351
v -0.057675 -5.151697 -0.015300
v -0.068078 -5.156423 -0.017883
v -0.068129 -5.159963 -0.013798
v -0.057732 -5.159961 -0.013800
v -0.057675 -5.156686 -0.017579
v -0.068078 -5.159266 -0.022306
v -0.068129 -5.164452 -0.020784
v -0.057732 -5.164449 -0.020785
v -0.057675 -5.159652 -0.022193
v -0.068078 -5.159266 -0.027564
v -0.068129 -5.164452 -0.029088
v -0.057732 -5.164449 -0.029087
v -0.057675 -5.159652 -0.027678
v -0.068078 -5.156423 -0.031989
v -0.068129 -5.159963 -0.036073
v -0.057732 -5.159961 -0.036071
v -0.057675 -5.156686 -0.032292
v -0.068078 -5.151639 -0.034172
v -0.068129 -5.152409 -0.039523
v -0.057732 -5.152409 -0.039521
v -0.057675 -5.151697 -0.034571
v -0.068078 -5.146435 -0.033424
v -0.068129 -5.144190 -0.038341
v -0.057732 -5.144191 -0.038339
v -0.057675 -5.146268 -0.033790
v -0.068078 -5.142461 -0.029981
v -0.068129 -5.137914 -0.032903
v -0.057732 -5.137916 -0.032902
v -0.057675 -5.142123 -0.030199
v -0.172495 -5.143217 0.020558
v -0.172546 -5.137812 0.020558
v -0.162150 -5.137814 0.020558
v -0.162092 -5.142814 0.020558
v -0.172495 -5.144698 0.025604
v -0.172546 -5.140151 0.028526
v -0.162150 -5.140153 0.028524
v -0.162092 -5.144360 0.025821
v -0.172495 -5.148672 0.029047
v -0.172546 -5.146427 0.033964
v -0.162150 -5.146428 0.033961
v -0.162092 -5.148505 0.029413
v -0.172495 -5.153877 0.029795
v -0.172546 -5.154646 0.035145
v -0.162150 -5.154645 0.035143
v -0.162092 -5.153934 0.030194
v -0.172495 -5.158659 0.027611
v -0.172546 -5.162199 0.031696
v -0.162150 -5.162197 0.031694
v -0.162092 -5.158923 0.027915
v -0.172495 -5.161502 0.023187
v -0.172546 -5.166689 0.024710
v -0.162150 -5.166686 0.024709
v -0.162092 -5.161889 0.023301
v -0.172495 -5.161502 0.017929
v -0.172546 -5.166689 0.016406
v -0.162150 -5.166686 0.016407
v -0.162092 -5.161889 0.017815
v -0.172495 -5.158659 0.013505
v -0.172546 -5.162199 0.009420
v -0.162150 -5.162197 0.009422
v -0.162092 -5.158923 0.013201
v -0.172495 -5.153877 0.011322
v -0.172546 -5.154646 0.005971
v -0.162150 -5.154645 0.005973
v -0.162092 -5.153934 0.010923
v -0.172495 -5.148672 0.012069
v -0.172546 -5.146426 0.007153
v -0.162150 -5.146428 0.007155
v -0.162092 -5.148505 0.011703
v -0.172495 -5.144698 0.015513
v -0.172546 -5.140151 0.012591
v -0.162150 -5.140153 0.012592
v -0.162092 -5.144360 0.015296
v -0.188465 -5.143217 0.020558
v -0.188410 -5.137812 0.020558
v -0.198809 -5.137814 0.020558
v -0.198867 -5.142814 0.020558
v -0.188465 -5.144698 0.025604
v -0.188410 -5.140151 0.028526
v -0.198809 -5.140153 0.028524
v -0.198867 -5.144360 0.025821
v -0.188465 -5.148672 0.029047
v -0.188410 -5.146427 0.033964
v -0.198809 -5.146428 0.033961
v -0.198867 -5.148505 0.029412
v -0.188465 -5.153877 0.029795
v -0.188410 -5.154646 0.035145
v -0.198809 -5.154645 0.035143
v -0.198867 -5.153934 0.030194
v -0.188465 -5.158660 0.027611
v -0.188410 -5.162199 0.031695
v -0.198809 -5.162197 0.031694
v -0.198867 -5.158923 0.027915
v -0.188465 -5.161502 0.023186
v -0.188410 -5.166689 0.024710
v -0.198809 -5.166686 0.024709
v -0.198867 -5.161889 0.023301
v -0.188465 -5.161502 0.017929
v -0.188410 -5.166689 0.016406
v -0.198809 -5.166686 0.016407
v -0.198867 -5.161889 0.017815
v -0.188465 -5.158660 0.013505
v -0.188410 -5.162199 0.009420
v -0.198809 -5.162197 0.009422
v -0.198867 -5.158923 0.013201
v -0.188465 -5.153877 0.011322
v -0.188410 -5.154646 0.005971
v -0.198809 -5.154645 0.005973
v -0.198867 -5.153934 0.010923
v -0.188465 -5.148672 0.012069
v -0.188410 -5.146427 0.007153
v -0.198809 -5.146428 0.007155
v -0.198867 -5.148505 0.011703
v -0.188465 -5.144698 0.015513
v -0.188410 -5.140151 0.012590
v -0.198809 -5.140153 0.012592
v -0.198867 -5.144360 0.015296
v -0.172554 -5.143217 0.058679
v -0.172606 -5.137812 0.058679
v -0.162209 -5.137814 0.058679
v -0.162151 -5.142814 0.058679
v -0.172554 -5.144698 0.063724
v -0.172606 -5.140151 0.066647
v -0.162209 -5.140153 0.066645
v -0.162151 -5.144360 0.063942
v -0.172554 -5.148672 0.067168
v -0.172606 -5.146427 0.072084
v -0.162209 -5.146428 0.072082
v -0.162151 -5.148505 0.067533
v -0.172554 -5.153877 0.067916
v -0.172606 -5.154646 0.073266
v -0.162209 -5.154645 0.073264
v -0.162151 -5.153934 0.068314
v -0.172554 -5.158660 0.065732
v -0.172606 -5.162199 0.069817
v -0.162209 -5.162197 0.069815
v -0.162151 -5.158923 0.066036
v -0.172554 -5.161502 0.061308
v -0.172606 -5.166689 0.062831
v -0.162209 -5.166686 0.062830
v -0.162151 -5.161889 0.061422
v -0.172554 -5.161502 0.056050
v -0.172606 -5.166689 0.054527
v -0.162209 -5.166686 0.054528
v -0.162151 -5.161889 0.055936
v -0.172554 -5.158660 0.051626
v -0.172606 -5.162199 0.047542
v -0.162209 -5.162197 0.047544
v -0.162151 -5.158923 0.051322
v -0.172554 -5.153877 0.049442
v -0.172606 -5.154646 0.044092
v -0.162209 -5.154645 0.044095
v -0.162151 -5.153934 0.049044
v -0.172554 -5.148672 0.050190
v -0.172606 -5.146427 0.045274
v -0.162209 -5.146428 0.045276
v -0.162151 -5.148505 0.049825
v -0.172554 -5.144698 0.053634
v -0.172606 -5.140151 0.050711
v -0.162209 -5.140153 0.050713
v -0.162151 -5.144360 0.053416
v -0.188465 -5.143217 0.058679
v -0.188410 -5.137812 0.058679
v -0.198809 -5.137814 0.058679
v -0.198867 -5.142814 0.058679
v -0.188465 -5.144698 0.063724
v -0.188410 -5.140151 0.066647
v -0.198809 -5.140153 0.066645
v -0.198867 -5.144360 0.063942
v -0.188465 -5.148672 0.067168
v -0.188410 -5.146427 0.072084
v -0.198809 -5.146428 0.072083
v -0.198867 -5.148505 0.067533
v -0.188465 -5.153877 0.067916
v -0.188410 -5.154646 0.073266
v -0.198809 -5.154645 0.073264
v -0.198867 -5.153934 0.068315
v -0.188465 -5.158660 0.065732
v -0.188410 -5.162199 0.069817
v -0.198809 -5.162197 0.069815
v -0.198867 -5.158923 0.066036
v -0.188465 -5.161502 0.061308
v -0.188410 -5.166689 0.062831
v -0.198809 -5.166686 0.062830
v -0.198867 -5.161889 0.061422
v -0.188465 -5.161502 0.056050
v -0.188410 -5.166689 0.054527
v -0.198809 -5.166686 0.054528
v -0.198867 -5.161889 0.055936
v -0.188465 -5.158660 0.051626
v -0.188410 -5.162199 0.047542
v -0.198809 -5.162197 0.047544
v -0.198867 -5.158923 0.051322
v -0.188465 -5.153877 0.049442
v -0.188410 -5.154646 0.044092
v -0.198809 -5.154645 0.044095
v -0.198867 -5.153934 0.049044
v -0.188465 -5.148672 0.050190
v -0.188410 -5.146427 0.045274
v -0.198809 -5.146428 0.045276
v -0.198867 -5.148505 0.049825
v -0.188465 -5.144698 0.053634
v -0.188410 -5.140151 0.050711
v -0.198809 -5.140153 0.050713
v -0.198867 -5.144360 0.053416
v -0.024160 -5.146476 0.673951
v -0.024212 -5.141071 0.673951
v -0.013815 -5.141074 0.673951
v -0.013757 -5.146073 0.673951
v -0.024160 -5.147957 0.678996
v -0.024212 -5.143410 0.681918
v -0.013815 -5.143413 0.681916
v -0.013757 -5.147619 0.679213
v -0.024160 -5.151931 0.682440
v -0.024212 -5.149686 0.687356
v -0.013815 -5.149687 0.687354
v -0.013757 -5.151764 0.682805
v -0.024160 -5.157136 0.683187
v -0.024212 -5.157905 0.688538
v -0.013815 -5.157905 0.688536
v -0.013757 -5.157193 0.683586
v -0.024160 -5.161919 0.681003
v -0.024212 -5.165459 0.685088
v -0.013815 -5.165457 0.685086
v -0.013757 -5.162182 0.681308
v -0.024160 -5.164762 0.676579
v -0.024212 -5.169948 0.678103
v -0.013815 -5.169945 0.678102
v -0.013757 -5.165148 0.676693
v -0.024160 -5.164762 0.671322
v -0.024212 -5.169948 0.669799
v -0.013815 -5.169945 0.669800
v -0.013757 -5.165148 0.671208
v -0.024160 -5.161919 0.666898
v -0.024212 -5.165458 0.662813
v -0.013815 -5.165457 0.662815
v -0.013757 -5.162182 0.666594
v -0.024160 -5.157136 0.664714
v -0.024212 -5.157905 0.659364
v -0.013815 -5.157905 0.659366
v -0.013757 -5.157193 0.664315
v -0.024160 -5.151931 0.665462
v -0.024212 -5.149686 0.660545
v -0.013815 -5.149687 0.660547
v -0.013757 -5.151764 0.665096
v -0.024160 -5.147957 0.668905
v -0.024212 -5.143410 0.665983
v -0.013815 -5.143413 0.665984
v -0.013757 -5.147619 0.668688
v -0.040301 -5.146649 0.673951
v -0.040250 -5.141244 0.673951
v -0.050648 -5.141246 0.673951
v -0.050706 -5.146246 0.673951
v -0.040301 -5.148131 0.678996
v -0.040250 -5.143584 0.681918
v -0.050648 -5.143586 0.681917
v -0.050706 -5.147792 0.679213
v -0.040301 -5.152104 0.682440
v -0.040250 -5.149859 0.687356
v -0.050648 -5.149860 0.687354
v -0.050706 -5.151937 0.682805
v -0.040301 -5.157309 0.683187
v -0.040250 -5.158079 0.688538
v -0.050648 -5.158078 0.688536
v -0.050706 -5.157366 0.683586
v -0.040301 -5.162092 0.681003
v -0.040250 -5.165632 0.685088
v -0.050648 -5.165630 0.685086
v -0.050706 -5.162356 0.681308
v -0.040301 -5.164935 0.676580
v -0.040250 -5.170121 0.678103
v -0.050648 -5.170118 0.678102
v -0.050706 -5.165321 0.676693
v -0.040301 -5.164935 0.671322
v -0.040250 -5.170121 0.669799
v -0.050648 -5.170118 0.669800
v -0.050706 -5.165321 0.671208
v -0.040301 -5.162092 0.666898
v -0.040250 -5.165632 0.662813
v -0.050648 -5.165630 0.662815
v -0.050706 -5.162356 0.666594
v -0.040301 -5.157309 0.664714
v -0.040250 -5.158079 0.659364
v -0.050648 -5.158078 0.659366
v -0.050706 -5.157366 0.664315
v -0.040301 -5.152104 0.665462
v -0.040250 -5.149859 0.660545
v -0.050648 -5.149860 0.660547
v -0.050706 -5.151937 0.665096
v -0.040301 -5.148131 0.668905
v -0.040250 -5.143584 0.665983
v -0.050648 -5.143586 0.665984
v -0.050706 -5.147792 0.668688
vt -1.035398 26.258543
vt -0.829681 4.978088
vt -1.035395 17.048046
vt -0.829680 -0.854211
vt 39.900269 26.248259
vt 39.900272 17.039392
vt 40.126556 6.562101
vt 40.126556 0.478344
vt -1.035393 -7.659180
vt -0.829679 -16.499399
vt 39.900272 -7.663455
vt 40.126560 -15.841379
vt -1.035393 -40.018757
vt -0.829678 -36.990231
vt 39.900272 -40.017296
vt 40.126560 -37.215664
vt -1.035394 -69.756767
vt -0.829679 -55.821030
vt 39.900272 -69.750031
vt 40.126560 -56.858337
vt -1.035396 -87.431580
vt -0.829681 -67.013130
vt 39.900269 -87.421707
vt 40.126556 -68.532982
vt -1.035399 -87.431572
vt -0.829682 -67.013130
vt 40.126556 -68.532974
vt -1.035401 -69.756760
vt -0.829684 -55.821030
vt 39.900265 -69.750023
vt 40.126553 -56.858334
vt -1.035403 -40.018742
vt -0.829684 -36.990223
vt 39.900265 -40.017273
vt 40.126553 -37.215649
vt -1.035402 -7.659173
vt -0.829684 -16.499395
vt 39.900265 -7.663442
vt 40.126553 -15.841369
vt -1.035400 17.048058
vt -0.829683 -0.854204
vt 39.900265 17.039408
vt 40.126556 0.478354
vt -1.036023 26.258915
vt -0.830307 4.978460
vt -1.036021 17.048418
vt -0.830305 -0.853840
vt 39.899643 26.248631
vt 39.899647 17.039764
vt 40.125931 6.562473
vt 40.125931 0.478715
vt -1.036019 -7.658808
vt -0.830304 -16.499027
vt 39.899647 -7.663084
vt 40.125935 -15.841007
vt -1.036018 -40.018387
vt -0.830304 -36.989861
vt 39.899647 -40.016926
vt 40.125935 -37.215294
vt -1.036020 -69.756393
vt -0.830305 -55.820660
vt 39.899647 -69.749657
vt 40.125935 -56.857967
vt -1.036022 -87.431206
vt -0.830306 -67.012756
vt 39.899643 -87.421333
vt 40.125931 -68.532608
vt -1.036025 -87.431198
vt -0.830308 -67.012756
vt 40.125931 -68.532600
vt -1.036027 -69.756386
vt -0.830309 -55.820660
vt 39.899639 -69.749649
vt 40.125927 -56.857964
vt -1.036028 -40.018372
vt -0.830310 -36.989853
vt 39.899639 -40.016903
vt 40.125927 -37.215279
vt -1.036028 -7.658801
vt -0.830310 -16.499023
vt 39.899639 -7.663070
vt 40.125927 -15.840997
vt -1.036026 17.048429
vt -0.830309 -0.853833
vt 39.899639 17.039780
vt 40.125931 0.478726
vt -63.469673 4.978155
vt -63.263958 26.258610
vt -63.263958 17.048119
vt -63.469673 -0.854141
vt -104.199623 26.248325
vt -104.199631 17.039465
vt -104.425911 6.562168
vt -104.425911 0.478414
vt -63.263962 -7.659104
vt -63.469677 -16.499327
vt -104.199631 -7.663380
vt -104.425919 -15.841307
vt -63.263962 -40.018681
vt -63.469677 -36.990158
vt -104.199631 -40.017220
vt -104.425919 -37.215591
vt -63.263962 -69.756691
vt -63.469677 -55.820957
vt -104.199631 -69.749954
vt -104.425919 -56.858265
vt -63.263958 -87.431511
vt -63.469673 -67.013062
vt -104.199623 -87.421638
vt -104.425911 -68.532913
vt -63.263954 -87.431511
vt -63.469673 -67.013069
vt -104.199623 -87.421646
vt -63.263954 -69.756699
vt -63.469669 -55.820969
vt -104.199615 -69.749962
vt -104.425903 -56.858273
vt -63.263950 -40.018684
vt -63.469669 -36.990162
vt -104.199615 -40.017216
vt -104.425903 -37.215588
vt -63.263954 -7.659115
vt -63.469669 -16.499334
vt -104.199615 -7.663384
vt -104.425903 -15.841308
vt -63.263954 17.048119
vt -104.199615 17.039469
vt -104.425911 0.478417
vt -63.701630 4.978117
vt -63.495914 26.258572
vt -63.495914 17.048080
vt -63.701630 -0.854179
vt -104.431580 26.248287
vt -104.431580 17.039427
vt -104.657867 6.562130
vt -104.657867 0.478376
vt -63.495918 -7.659142
vt -63.701633 -16.499365
vt -104.431580 -7.663418
vt -104.657867 -15.841345
vt -63.495918 -40.018719
vt -63.701633 -36.990196
vt -104.431580 -40.017258
vt -104.657867 -37.215630
vt -63.495918 -69.756729
vt -63.701633 -55.820995
vt -104.431580 -69.749992
vt -104.657867 -56.858303
vt -63.495914 -87.431549
vt -63.701630 -67.013100
vt -104.431580 -87.421677
vt -104.657867 -68.532951
vt -63.495911 -87.431549
vt -63.701630 -67.013107
vt -104.431580 -87.421684
vt -63.495911 -69.756737
vt -63.701626 -55.821007
vt -104.431580 -69.750000
vt -104.657867 -56.858311
vt -63.495907 -40.018723
vt -63.701626 -36.990200
vt -104.431580 -40.017254
vt -104.657867 -37.215626
vt -63.495911 -7.659153
vt -63.701626 -16.499372
vt -104.431580 -7.663422
vt -104.657867 -15.841346
vt -63.495911 17.048080
vt -104.431580 17.039431
vt -104.657867 0.478379
vt -412.307983 35.064636
vt -412.102264 13.784184
vt -412.307983 25.854141
vt -412.102264 7.951884
vt -371.372314 35.054352
vt -371.372314 25.845488
vt -371.146027 15.368196
vt -371.146027 9.284439
vt -412.307983 1.146915
vt -412.102264 -7.693304
vt -371.372314 1.142640
vt -371.146027 -7.035284
vt -412.307983 -31.212662
vt -412.102264 -28.184135
vt -371.372314 -31.211201
vt -371.146027 -28.409569
vt -412.307983 -60.950672
vt -412.102264 -47.014935
vt -371.372314 -60.943935
vt -371.146027 -48.052242
vt -412.307983 -78.625481
vt -412.102264 -58.207035
vt -371.372314 -78.615608
vt -371.146027 -59.726887
vt -371.372314 -78.615616
vt -371.146027 -59.726879
vt -412.307983 -60.950665
vt -371.372314 -60.943928
vt -371.146027 -48.052238
vt -412.307983 -31.212646
vt -412.102264 -28.184128
vt -371.372314 -31.211178
vt -371.146027 -28.409554
vt -412.307983 1.146923
vt -412.102264 -7.693300
vt -371.372314 1.142653
vt -371.146027 -7.035274
vt -412.307983 25.854153
vt -412.102264 7.951891
vt -371.372314 25.845503
vt -371.146027 9.284450
vt -474.557343 13.784184
vt -474.351624 35.064636
vt -474.351624 25.854147
vt -474.557343 7.951887
vt -515.287292 35.054352
vt -515.287292 25.845493
vt -515.513550 15.368196
vt -515.513550 9.284442
vt -474.351624 1.146924
vt -474.557343 -7.693298
vt -515.287292 1.142649
vt -515.513611 -7.035278
vt -474.351624 -31.212652
vt -474.557343 -28.184130
vt -515.287292 -31.211191
vt -515.513611 -28.409563
vt -474.351624 -60.950665
vt -474.557343 -47.014931
vt -515.287292 -60.943928
vt -515.513611 -48.052238
vt -474.351624 -78.625481
vt -474.557343 -58.207035
vt -515.287292 -78.615608
vt -515.513550 -59.726887
vt -515.287292 -78.615616
vt -515.513550 -59.726879
vt -474.351624 -60.950672
vt -474.557343 -47.014938
vt -515.287292 -60.943935
vt -515.513550 -48.052242
vt -474.351624 -31.212656
vt -474.557343 -28.184134
vt -515.287292 -31.211187
vt -515.513550 -28.409559
vt -474.351624 1.146914
vt -474.557343 -7.693306
vt -515.287292 1.142645
vt -515.513550 -7.035279
vt -474.557343 7.951888
vt -515.287292 25.845497
vt -515.513550 9.284446
vt -412.308014 35.064674
vt -412.102295 13.784222
vt -412.308014 25.854179
vt -412.102295 7.951922
vt -371.372345 35.054390
vt -371.372345 25.845526
vt -371.146057 15.368235
vt -371.146057 9.284477
vt -412.308014 1.146954
vt -412.102295 -7.693266
vt -371.372345 1.142678
vt -371.146057 -7.035246
vt -412.308014 -31.212624
vt -412.102295 -28.184097
vt -371.372345 -31.211163
vt -371.146057 -28.409531
vt -412.308014 -60.950634
vt -412.102295 -47.014896
vt -371.372345 -60.943897
vt -371.146057 -48.052204
vt -412.308014 -78.625443
vt -412.102295 -58.206997
vt -371.372345 -78.615570
vt -371.146057 -59.726849
vt -371.372345 -78.615578
vt -371.146057 -59.726841
vt -412.308014 -60.950626
vt -371.372345 -60.943890
vt -371.146057 -48.052200
vt -412.308014 -31.212608
vt -412.102295 -28.184090
vt -371.372345 -31.211140
vt -371.146057 -28.409515
vt -412.308014 1.146961
vt -412.102295 -7.693262
vt -371.372345 1.142692
vt -371.146057 -7.035235
vt -412.308014 25.854191
vt -412.102295 7.951929
vt -371.372345 25.845541
vt -371.146057 9.284488
vt -474.789276 13.784222
vt -474.583557 35.064674
vt -474.583557 25.854185
vt -474.789276 7.951925
vt -515.519226 35.054390
vt -515.519226 25.845531
vt -515.745483 15.368235
vt -515.745483 9.284480
vt -474.583557 1.146963
vt -474.789276 -7.693260
vt -515.519226 1.142687
vt -515.745544 -7.035240
vt -474.583557 -31.212614
vt -474.789276 -28.184092
vt -515.519226 -31.211153
vt -515.745544 -28.409525
vt -474.583557 -60.950626
vt -474.789276 -47.014893
vt -515.519226 -60.943890
vt -515.745544 -48.052200
vt -474.583557 -78.625443
vt -474.789276 -58.206997
vt -515.519226 -78.615570
vt -515.745483 -59.726849
vt -515.519226 -78.615578
vt -515.745483 -59.726841
vt -474.583557 -60.950634
vt -474.789276 -47.014900
vt -515.519226 -60.943897
vt -515.745483 -48.052204
vt -474.583557 -31.212618
vt -474.789276 -28.184095
vt -515.519226 -31.211149
vt -515.745483 -28.409521
vt -474.583557 1.146952
vt -474.789276 -7.693268
vt -515.519226 1.142683
vt -515.745483 -7.035241
vt -474.789276 7.951926
vt -515.519226 25.845535
vt -515.745483 9.284484
vt -758.301636 35.064636
vt -758.095947 13.784184
vt -758.301636 25.854141
vt -758.095886 7.951884
vt -717.365967 35.054352
vt -717.365967 25.845488
vt -717.139648 15.368196
vt -717.139648 9.284439
vt -758.301636 1.146915
vt -758.095886 -7.693304
vt -717.365967 1.142640
vt -717.139648 -7.035284
vt -758.301636 -31.212662
vt -758.095886 -28.184135
vt -717.365967 -31.211201
vt -717.139648 -28.409569
vt -758.301636 -60.950672
vt -758.095886 -47.014935
vt -717.365967 -60.943935
vt -717.139648 -48.052242
vt -758.301636 -78.625481
vt -758.095886 -58.207035
vt -717.365967 -78.615608
vt -717.139648 -59.726887
vt -758.095947 -58.207035
vt -717.365967 -78.615616
vt -717.139648 -59.726879
vt -758.301636 -60.950665
vt -758.095947 -47.014935
vt -717.365967 -60.943928
vt -717.139709 -48.052238
vt -758.301636 -31.212646
vt -758.095947 -28.184128
vt -717.365967 -31.211178
vt -717.139709 -28.409554
vt -758.301636 1.146923
vt -758.095947 -7.693300
vt -717.365967 1.142653
vt -717.139709 -7.035274
vt -758.301636 25.854153
vt -758.095947 7.951891
vt -717.365967 25.845503
vt -717.139648 9.284450
vt -820.551025 13.784184
vt -820.345337 35.064636
vt -820.345337 25.854147
vt -820.551086 7.951887
vt -861.281006 35.054352
vt -861.281006 25.845493
vt -861.507324 15.368196
vt -861.507324 9.284442
vt -820.345337 1.146924
vt -820.551086 -7.693298
vt -861.281006 1.142649
vt -861.507324 -7.035278
vt -820.345337 -31.212652
vt -820.551086 -28.184130
vt -861.281006 -31.211191
vt -861.507324 -28.409563
vt -820.345337 -60.950665
vt -820.551086 -47.014931
vt -861.281006 -60.943928
vt -861.507324 -48.052238
vt -820.345337 -78.625481
vt -820.551086 -58.207035
vt -861.281006 -78.615608
vt -861.507324 -59.726887
vt -820.551025 -58.207035
vt -861.281006 -78.615616
vt -861.507324 -59.726879
vt -820.345337 -60.950672
vt -820.551025 -47.014938
vt -861.281006 -60.943935
vt -861.507263 -48.052242
vt -820.345337 -31.212656
vt -820.551025 -28.184134
vt -861.281006 -31.211187
vt -861.507263 -28.409559
vt -820.345337 1.146914
vt -820.551025 -7.693306
vt -861.281006 1.142645
vt -861.507263 -7.035279
vt -820.551025 7.951888
vt -861.281006 25.845497
vt -861.507324 9.284446
vt -820.551025 13.784222
vt -820.345337 35.064674
vt -820.345337 25.854185
vt -820.551086 7.951925
vt -861.281006 35.054390
vt -861.281006 25.845531
vt -861.507324 15.368235
vt -861.507324 9.284480
vt -820.345337 1.146963
vt -820.551086 -7.693260
vt -861.281006 1.142687
vt -861.507324 -7.035240
vt -820.345337 -31.212614
vt -820.551086 -28.184092
vt -861.281006 -31.211153
vt -861.507324 -28.409525
vt -820.345337 -60.950626
vt -820.551086 -47.014893
vt -861.281006 -60.943890
vt -861.507324 -48.052200
vt -820.345337 -78.625443
vt -820.551086 -58.206997
vt -861.281006 -78.615570
vt -861.507324 -59.726849
vt -820.551025 -58.206997
vt -861.281006 -78.615578
vt -861.507324 -59.726841
vt -820.345337 -60.950634
vt -820.551025 -47.014900
vt -861.281006 -60.943897
vt -861.507263 -48.052204
vt -820.345337 -31.212618
vt -820.551025 -28.184095
vt -861.281006 -31.211149
vt -861.507263 -28.409521
vt -820.345337 1.146952
vt -820.551025 -7.693268
vt -861.281006 1.142683
vt -861.507263 -7.035241
vt -820.551025 7.951926
vt -861.281006 25.845535
vt -861.507324 9.284484
vt -758.069702 35.064674
vt -757.864014 13.784222
vt -758.069702 25.854179
vt -757.863953 7.951922
vt -717.134033 35.054390
vt -717.134033 25.845526
vt -716.907715 15.368235
vt -716.907715 9.284477
vt -758.069702 1.146954
vt -757.863953 -7.693266
vt -717.134033 1.142678
vt -716.907715 -7.035246
vt -758.069702 -31.212624
vt -757.863953 -28.184097
vt -717.134033 -31.211163
vt -716.907715 -28.409531
vt -758.069702 -60.950634
vt -757.863953 -47.014896
vt -717.134033 -60.943897
vt -716.907715 -48.052204
vt -758.069702 -78.625443
vt -757.863953 -58.206997
vt -717.134033 -78.615570
vt -716.907715 -59.726849
vt -757.864014 -58.206997
vt -717.134033 -78.615578
vt -716.907715 -59.726841
vt -758.069702 -60.950626
vt -757.864014 -47.014896
vt -717.134033 -60.943890
vt -716.907776 -48.052200
vt -758.069702 -31.212608
vt -757.864014 -28.184090
vt -717.134033 -31.211140
vt -716.907776 -28.409515
vt -758.069702 1.146961
vt -757.864014 -7.693262
vt -717.134033 1.142692
vt -716.907776 -7.035235
vt -758.069702 25.854191
vt -757.864014 7.951929
vt -717.134033 25.845541
vt -716.907715 9.284488
vt -1169.159546 26.258572
vt -1168.953857 4.978117
vt -1169.159546 17.048075
vt -1168.953857 -0.854183
vt -1128.223877 26.248287
vt -1128.223877 17.039421
vt -1127.997559 6.562130
vt -1127.997559 0.478372
vt -1169.159546 -7.659151
vt -1168.953857 -16.499371
vt -1128.223877 -7.663426
vt -1127.997559 -15.841351
vt -1169.159546 -40.018730
vt -1168.953857 -36.990204
vt -1128.223877 -40.017269
vt -1127.997559 -37.215637
vt -1169.159546 -69.756737
vt -1168.953857 -55.821003
vt -1128.223877 -69.750000
vt -1127.997559 -56.858311
vt -1169.159546 -87.431549
vt -1168.953857 -67.013100
vt -1128.223877 -87.421677
vt -1127.997559 -68.532951
vt -1169.159546 -87.431541
vt -1127.997559 -68.532944
vt -1169.159546 -69.756729
vt -1128.223877 -69.749992
vt -1127.997559 -56.858307
vt -1169.159546 -40.018715
vt -1168.953857 -36.990196
vt -1128.223877 -40.017246
vt -1127.997559 -37.215622
vt -1169.159546 -7.659144
vt -1168.953857 -16.499367
vt -1128.223877 -7.663413
vt -1127.997559 -15.841340
vt -1169.159546 17.048086
vt -1168.953857 -0.854176
vt -1128.223877 17.039436
vt -1127.997559 0.478383
vt -1231.825195 4.977812
vt -1231.619507 26.258270
vt -1231.619507 17.047777
vt -1231.825195 -0.854485
vt -1272.555176 26.247986
vt -1272.555176 17.039124
vt -1272.781494 6.561825
vt -1272.781494 0.478070
vt -1231.619507 -7.659448
vt -1231.825195 -16.499672
vt -1272.555176 -7.663723
vt -1272.781494 -15.841652
vt -1231.619507 -40.019028
vt -1231.825195 -36.990505
vt -1272.555176 -40.017567
vt -1272.781494 -37.215939
vt -1231.619507 -69.757042
vt -1231.825195 -55.821308
vt -1272.555176 -69.750305
vt -1272.781494 -56.858616
vt -1231.619507 -87.431862
vt -1231.825195 -67.013412
vt -1272.555176 -87.421989
vt -1272.781494 -68.533264
vt -1231.825195 -67.013420
vt -1272.555176 -87.421997
vt -1231.619507 -69.757050
vt -1231.825195 -55.821320
vt -1272.555176 -69.750313
vt -1272.781494 -56.858624
vt -1231.619507 -40.019032
vt -1231.825195 -36.990509
vt -1272.555176 -40.017563
vt -1272.781494 -37.215935
vt -1231.619507 -7.659459
vt -1231.825195 -16.499680
vt -1272.555176 -7.663728
vt -1272.781494 -15.841653
vt -1272.555176 17.039127
vt -1272.781494 0.478074
vt -1169.393555 26.258305
vt -1169.187866 4.977849
vt -1169.393555 17.047808
vt -1169.187866 -0.854450
vt -1128.457886 26.248020
vt -1128.457886 17.039154
vt -1128.231567 6.561862
vt -1128.231567 0.478105
vt -1169.393555 -7.659419
vt -1169.187866 -16.499638
vt -1128.457886 -7.663694
vt -1128.231567 -15.841618
vt -1169.393555 -40.018997
vt -1169.187866 -36.990471
vt -1128.457886 -40.017536
vt -1128.231567 -37.215904
vt -1169.393555 -69.757004
vt -1169.187866 -55.821270
vt -1128.457886 -69.750267
vt -1128.231567 -56.858578
vt -1169.393555 -87.431816
vt -1169.187866 -67.013367
vt -1128.457886 -87.421944
vt -1128.231567 -68.533218
vt -1169.393555 -87.431808
vt -1128.231567 -68.533211
vt -1169.393555 -69.756996
vt -1128.457886 -69.750259
vt -1128.231567 -56.858574
vt -1169.393555 -40.018982
vt -1169.187866 -36.990463
vt -1128.457886 -40.017513
vt -1128.231567 -37.215889
vt -1169.393555 -7.659411
vt -1169.187866 -16.499634
vt -1128.457886 -7.663681
vt -1128.231567 -15.841607
vt -1169.393555 17.047819
vt -1169.187866 -0.854443
vt -1128.457886 17.039169
vt -1128.231567 0.478116
vt -1231.825317 4.977849
vt -1231.619629 26.258305
vt -1231.619629 17.047813
vt -1231.825317 -0.854447
vt -1272.555298 26.248020
vt -1272.555298 17.039160
vt -1272.781616 6.561862
vt -1272.781616 0.478108
vt -1231.619629 -7.659410
vt -1231.825317 -16.499632
vt -1272.555298 -7.663685
vt -1272.781616 -15.841612
vt -1231.619629 -40.018986
vt -1231.825317 -36.990463
vt -1272.555298 -40.017525
vt -1272.781616 -37.215897
vt -1231.619629 -69.756996
vt -1231.825317 -55.821262
vt -1272.555298 -69.750259
vt -1272.781616 -56.858570
vt -1231.619629 -87.431816
vt -1231.825317 -67.013367
vt -1272.555298 -87.421944
vt -1272.781616 -68.533218
vt -1231.825317 -67.013374
vt -1272.555298 -87.421951
vt -1231.619629 -69.757004
vt -1231.825317 -55.821274
vt -1272.555298 -69.750267
vt -1272.781616 -56.858578
vt -1231.619629 -40.018990
vt -1231.825317 -36.990467
vt -1272.555298 -40.017521
vt -1272.781616 -37.215893
vt -1231.619629 -7.659420
vt -1231.825317 -16.499640
vt -1272.555298 -7.663689
vt -1272.781616 -15.841613
vt -1231.825317 -0.854446
vt -1272.555298 17.039164
vt -1272.781616 0.478112
vt -585.167053 13.427989
vt -584.961304 -7.852466
vt -585.167053 4.217492
vt -584.961304 -13.684765
vt -544.231384 13.417705
vt -544.231384 4.208838
vt -544.005127 -6.268453
vt -544.005127 -12.352210
vt -585.167053 -20.489733
vt -584.961304 -29.329952
vt -544.231384 -20.494009
vt -544.005066 -28.671932
vt -585.167053 -52.849312
vt -584.961304 -49.820786
vt -544.231384 -52.847851
vt -544.005066 -50.046219
vt -585.167053 -82.587318
vt -584.961304 -68.651581
vt -544.231384 -82.580582
vt -544.005066 -69.688889
vt -585.167053 -100.262131
vt -584.961304 -79.843681
vt -544.231384 -100.252258
vt -544.005127 -81.363533
vt -585.167053 -100.262123
vt -584.961365 -79.843681
vt -544.005127 -81.363525
vt -585.167053 -82.587311
vt -584.961365 -68.651581
vt -544.231384 -82.580574
vt -544.005127 -69.688889
vt -585.167053 -52.849297
vt -584.961365 -49.820778
vt -544.231384 -52.847828
vt -544.005127 -50.046204
vt -585.167053 -20.489727
vt -584.961365 -29.329950
vt -544.231384 -20.493996
vt -544.005127 -28.671923
vt -585.167053 4.217504
vt -584.961365 -13.684758
vt -544.231384 4.208854
vt -544.005127 -12.352200
vt -648.509277 -8.534411
vt -648.303589 12.746043
vt -648.303589 3.535552
vt -648.509338 -14.366708
vt -689.239258 12.735759
vt -689.239258 3.526898
vt -689.465576 -6.950398
vt -689.465576 -13.034153
vt -648.303589 -21.171671
vt -648.509338 -30.011894
vt -689.239258 -21.175945
vt -689.465576 -29.353872
vt -648.303589 -53.531246
vt -648.509338 -50.502724
vt -689.239258 -53.529785
vt -689.465576 -50.728157
vt -648.303589 -83.269257
vt -648.509338 -69.333527
vt -689.239258 -83.262520
vt -689.465576 -70.370834
vt -648.303589 -100.944077
vt -648.509338 -80.525627
vt -689.239258 -100.934204
vt -689.465576 -82.045479
vt -648.509277 -80.525635
vt -689.239258 -100.934212
vt -648.303589 -83.269264
vt -648.509277 -69.333534
vt -689.239258 -83.262527
vt -689.465515 -70.370842
vt -648.303589 -53.531250
vt -648.509277 -50.502728
vt -689.239258 -53.529781
vt -689.465515 -50.728153
vt -648.303589 -21.171680
vt -648.509277 -30.011900
vt -689.239258 -21.175951
vt -689.465515 -29.353874
vt -648.303589 3.535553
vt -648.509277 -14.366708
vt -689.239258 3.526903
vt -689.465576 -13.034149
usemtl B747mark
s off
f 5071/3687 5070/3688 5075/3689
f 5075/3689 5070/3688 5074/3690
f 5072/3691 5071/3687 5076/3692
f 5076/3692 5071/3687 5075/3689
f 5073/3693 5072/3691 5077/3694
f 5077/3694 5072/3691 5076/3692
f 5075/3689 5074/3690 5079/3695
f 5079/3695 5074/3690 5078/3696
f 5076/3692 5075/3689 5080/3697
f 5080/3697 5075/3689 5079/3695
f 5077/3694 5076/3692 5081/3698
f 5081/3698 5076/3692 5080/3697
f 5079/3695 5078/3696 5083/3699
f 5083/3699 5078/3696 5082/3700
f 5080/3697 5079/3695 5084/3701
f 5084/3701 5079/3695 5083/3699
f 5081/3698 5080/3697 5085/3702
f 5085/3702 5080/3697 5084/3701
f 5083/3699 5082/3700 5087/3703
f 5087/3703 5082/3700 5086/3704
f 5084/3701 5083/3699 5088/3705
f 5088/3705 5083/3699 5087/3703
f 5085/3702 5084/3701 5089/3706
f 5089/3706 5084/3701 5088/3705
f 5087/3703 5086/3704 5091/3707
f 5091/3707 5086/3704 5090/3708
f 5088/3705 5087/3703 5092/3709
f 5092/3709 5087/3703 5091/3707
f 5089/3706 5088/3705 5093/3710
f 5093/3710 5088/3705 5092/3709
f 5091/3707 5090/3708 5095/3711
f 5095/3711 5090/3708 5094/3712
f 5092/3709 5091/3707 5096/3709
f 5096/3709 5091/3707 5095/3711
f 5093/3710 5092/3709 5097/3713
f 5097/3713 5092/3709 5096/3709
f 5095/3711 5094/3712 5099/3714
f 5099/3714 5094/3712 5098/3715
f 5096/3709 5095/3711 5100/3716
f 5100/3716 5095/3711 5099/3714
f 5097/3713 5096/3709 5101/3717
f 5101/3717 5096/3709 5100/3716
f 5099/3714 5098/3715 5103/3718
f 5103/3718 5098/3715 5102/3719
f 5100/3716 5099/3714 5104/3720
f 5104/3720 5099/3714 5103/3718
f 5101/3717 5100/3716 5105/3721
f 5105/3721 5100/3716 5104/3720
f 5103/3718 5102/3719 5107/3722
f 5107/3722 5102/3719 5106/3723
f 5104/3720 5103/3718 5108/3724
f 5108/3724 5103/3718 5107/3722
f 5105/3721 5104/3720 5109/3725
f 5109/3725 5104/3720 5108/3724
f 5107/3722 5106/3723 5111/3726
f 5111/3726 5106/3723 5110/3727
f 5108/3724 5107/3722 5112/3728
f 5112/3728 5107/3722 5111/3726
f 5109/3725 5108/3724 5113/3729
f 5113/3729 5108/3724 5112/3728
f 5111/3726 5110/3727 5071/3687
f 5110/3727 5070/3688 5071/3687
f 5112/3728 5111/3726 5072/3691
f 5072/3691 5111/3726 5071/3687
f 5113/3729 5112/3728 5073/3693
f 5073/3693 5112/3728 5072/3691
f 5115/3730 5114/3731 5119/3732
f 5119/3732 5114/3731 5118/3733
f 5116/3734 5115/3730 5120/3735
f 5120/3735 5115/3730 5119/3732
f 5117/3736 5116/3734 5121/3737
f 5121/3737 5116/3734 5120/3735
f 5119/3732 5118/3733 5123/3738
f 5123/3738 5118/3733 5122/3739
f 5120/3735 5119/3732 5124/3740
f 5124/3740 5119/3732 5123/3738
f 5121/3737 5120/3735 5125/3741
f 5125/3741 5120/3735 5124/3740
f 5123/3738 5122/3739 5127/3742
f 5127/3742 5122/3739 5126/3743
f 5124/3740 5123/3738 5128/3744
f 5128/3744 5123/3738 5127/3742
f 5125/3741 5124/3740 5129/3745
f 5129/3745 5124/3740 5128/3744
f 5127/3742 5126/3743 5131/3746
f 5131/3746 5126/3743 5130/3747
f 5128/3744 5127/3742 5132/3748
f 5132/3748 5127/3742 5131/3746
f 5129/3745 5128/3744 5133/3749
f 5133/3749 5128/3744 5132/3748
f 5131/3746 5130/3747 5135/3750
f 5135/3750 5130/3747 5134/3751
f 5132/3748 5131/3746 5136/3752
f 5136/3752 5131/3746 5135/3750
f 5133/3749 5132/3748 5137/3753
f 5137/3753 5132/3748 5136/3752
f 5135/3750 5134/3751 5139/3754
f 5139/3754 5134/3751 5138/3755
f 5136/3752 5135/3750 5140/3752
f 5140/3752 5135/3750 5139/3754
f 5137/3753 5136/3752 5141/3756
f 5141/3756 5136/3752 5140/3752
f 5139/3754 5138/3755 5143/3757
f 5143/3757 5138/3755 5142/3758
f 5140/3752 5139/3754 5144/3759
f 5144/3759 5139/3754 5143/3757
f 5141/3756 5140/3752 5145/3760
f 5145/3760 5140/3752 5144/3759
f 5143/3757 5142/3758 5147/3761
f 5147/3761 5142/3758 5146/3762
f 5144/3759 5143/3757 5148/3763
f 5148/3763 5143/3757 5147/3761
f 5145/3760 5144/3759 5149/3764
f 5149/3764 5144/3759 5148/3763
f 5147/3761 5146/3762 5151/3765
f 5151/3765 5146/3762 5150/3766
f 5148/3763 5147/3761 5152/3767
f 5152/3767 5147/3761 5151/3765
f 5149/3764 5148/3763 5153/3768
f 5153/3768 5148/3763 5152/3767
f 5151/3765 5150/3766 5155/3769
f 5155/3769 5150/3766 5154/3770
f 5152/3767 5151/3765 5156/3771
f 5156/3771 5151/3765 5155/3769
f 5153/3768 5152/3767 5157/3772
f 5157/3772 5152/3767 5156/3771
f 5155/3769 5154/3770 5115/3730
f 5115/3730 5154/3770 5114/3731
f 5156/3771 5155/3769 5116/3734
f 5116/3734 5155/3769 5115/3730
f 5157/3772 5156/3771 5117/3736
f 5117/3736 5156/3771 5116/3734
f 5158/3773 5159/3774 5163/3775
f 5158/3773 5163/3775 5162/3776
f 5159/3774 5160/3777 5164/3778
f 5159/3774 5164/3778 5163/3775
f 5160/3777 5161/3779 5165/3780
f 5160/3777 5165/3780 5164/3778
f 5162/3776 5163/3775 5167/3781
f 5162/3776 5167/3781 5166/3782
f 5163/3775 5164/3778 5168/3783
f 5163/3775 5168/3783 5167/3781
f 5164/3778 5165/3780 5169/3784
f 5164/3778 5169/3784 5168/3783
f 5166/3782 5167/3781 5171/3785
f 5166/3782 5171/3785 5170/3786
f 5167/3781 5168/3783 5172/3787
f 5167/3781 5172/3787 5171/3785
f 5168/3783 5169/3784 5173/3788
f 5168/3783 5173/3788 5172/3787
f 5170/3786 5171/3785 5175/3789
f 5170/3786 5175/3789 5174/3790
f 5171/3785 5172/3787 5176/3791
f 5171/3785 5176/3791 5175/3789
f 5172/3787 5173/3788 5177/3792
f 5172/3787 5177/3792 5176/3791
f 5174/3790 5175/3789 5179/3793
f 5174/3790 5179/3793 5178/3794
f 5175/3789 5176/3791 5180/3795
f 5175/3789 5180/3795 5179/3793
f 5176/3791 5177/3792 5181/3796
f 5176/3791 5181/3796 5180/3795
f 5178/3794 5179/3793 5183/3797
f 5178/3794 5183/3797 5182/3798
f 5179/3793 5180/3795 5184/3799
f 5179/3793 5184/3799 5183/3797
f 5180/3795 5181/3796 5185/3796
f 5180/3795 5185/3796 5184/3799
f 5182/3798 5183/3797 5187/3800
f 5182/3798 5187/3800 5186/3801
f 5183/3797 5184/3799 5188/3802
f 5183/3797 5188/3802 5187/3800
f 5184/3799 5185/3796 5189/3803
f 5184/3799 5189/3803 5188/3802
f 5186/3801 5187/3800 5191/3804
f 5186/3801 5191/3804 5190/3805
f 5187/3800 5188/3802 5192/3806
f 5187/3800 5192/3806 5191/3804
f 5188/3802 5189/3803 5193/3807
f 5188/3802 5193/3807 5192/3806
f 5190/3805 5191/3804 5195/3808
f 5190/3805 5195/3808 5194/3809
f 5191/3804 5192/3806 5196/3810
f 5191/3804 5196/3810 5195/3808
f 5192/3806 5193/3807 5197/3811
f 5192/3806 5197/3811 5196/3810
f 5194/3809 5195/3808 5199/3812
f 5194/3809 5199/3812 5198/3776
f 5195/3808 5196/3810 5200/3813
f 5195/3808 5200/3813 5199/3812
f 5196/3810 5197/3811 5201/3814
f 5196/3810 5201/3814 5200/3813
f 5198/3776 5199/3812 5159/3774
f 5198/3776 5159/3774 5158/3773
f 5199/3812 5200/3813 5160/3777
f 5199/3812 5160/3777 5159/3774
f 5200/3813 5201/3814 5161/3779
f 5200/3813 5161/3779 5160/3777
f 5202/3815 5203/3816 5207/3817
f 5202/3815 5207/3817 5206/3818
f 5203/3816 5204/3819 5208/3820
f 5203/3816 5208/3820 5207/3817
f 5204/3819 5205/3821 5209/3822
f 5204/3819 5209/3822 5208/3820
f 5206/3818 5207/3817 5211/3823
f 5206/3818 5211/3823 5210/3824
f 5207/3817 5208/3820 5212/3825
f 5207/3817 5212/3825 5211/3823
f 5208/3820 5209/3822 5213/3826
f 5208/3820 5213/3826 5212/3825
f 5210/3824 5211/3823 5215/3827
f 5210/3824 5215/3827 5214/3828
f 5211/3823 5212/3825 5216/3829
f 5211/3823 5216/3829 5215/3827
f 5212/3825 5213/3826 5217/3830
f 5212/3825 5217/3830 5216/3829
f 5214/3828 5215/3827 5219/3831
f 5214/3828 5219/3831 5218/3832
f 5215/3827 5216/3829 5220/3833
f 5215/3827 5220/3833 5219/3831
f 5216/3829 5217/3830 5221/3834
f 5216/3829 5221/3834 5220/3833
f 5218/3832 5219/3831 5223/3835
f 5218/3832 5223/3835 5222/3836
f 5219/3831 5220/3833 5224/3837
f 5219/3831 5224/3837 5223/3835
f 5220/3833 5221/3834 5225/3838
f 5220/3833 5225/3838 5224/3837
f 5222/3836 5223/3835 5227/3839
f 5222/3836 5227/3839 5226/3840
f 5223/3835 5224/3837 5228/3841
f 5223/3835 5228/3841 5227/3839
f 5224/3837 5225/3838 5229/3838
f 5224/3837 5229/3838 5228/3841
f 5226/3840 5227/3839 5231/3842
f 5226/3840 5231/3842 5230/3843
f 5227/3839 5228/3841 5232/3844
f 5227/3839 5232/3844 5231/3842
f 5228/3841 5229/3838 5233/3845
f 5228/3841 5233/3845 5232/3844
f 5230/3843 5231/3842 5235/3846
f 5230/3843 5235/3846 5234/3847
f 5231/3842 5232/3844 5236/3848
f 5231/3842 5236/3848 5235/3846
f 5232/3844 5233/3845 5237/3849
f 5232/3844 5237/3849 5236/3848
f 5234/3847 5235/3846 5239/3850
f 5234/3847 5239/3850 5238/3851
f 5235/3846 5236/3848 5240/3852
f 5235/3846 5240/3852 5239/3850
f 5236/3848 5237/3849 5241/3853
f 5236/3848 5241/3853 5240/3852
f 5238/3851 5239/3850 5243/3854
f 5238/3851 5243/3854 5242/3818
f 5239/3850 5240/3852 5244/3855
f 5239/3850 5244/3855 5243/3854
f 5240/3852 5241/3853 5245/3856
f 5240/3852 5245/3856 5244/3855
f 5242/3818 5243/3854 5203/3816
f 5242/3818 5203/3816 5202/3815
f 5243/3854 5244/3855 5204/3819
f 5243/3854 5204/3819 5203/3816
f 5244/3855 5245/3856 5205/3821
f 5244/3855 5205/3821 5204/3819
f 5247/3857 5246/3858 5251/3859
f 5251/3859 5246/3858 5250/3860
f 5248/3861 5247/3857 5252/3862
f 5252/3862 5247/3857 5251/3859
f 5249/3863 5248/3861 5253/3864
f 5253/3864 5248/3861 5252/3862
f 5251/3859 5250/3860 5255/3865
f 5255/3865 5250/3860 5254/3866
f 5252/3862 5251/3859 5256/3867
f 5256/3867 5251/3859 5255/3865
f 5253/3864 5252/3862 5257/3868
f 5257/3868 5252/3862 5256/3867
f 5255/3865 5254/3866 5259/3869
f 5259/3869 5254/3866 5258/3870
f 5256/3867 5255/3865 5260/3871
f 5260/3871 5255/3865 5259/3869
f 5257/3868 5256/3867 5261/3872
f 5261/3872 5256/3867 5260/3871
f 5259/3869 5258/3870 5263/3873
f 5263/3873 5258/3870 5262/3874
f 5260/3871 5259/3869 5264/3875
f 5264/3875 5259/3869 5263/3873
f 5261/3872 5260/3871 5265/3876
f 5265/3876 5260/3871 5264/3875
f 5263/3873 5262/3874 5267/3877
f 5267/3877 5262/3874 5266/3878
f 5264/3875 5263/3873 5268/3879
f 5268/3879 5263/3873 5267/3877
f 5265/3876 5264/3875 5269/3880
f 5269/3880 5264/3875 5268/3879
f 5267/3877 5266/3878 5271/3877
f 5271/3877 5266/3878 5270/3878
f 5268/3879 5267/3877 5272/3881
f 5272/3881 5267/3877 5271/3877
f 5269/3880 5268/3879 5273/3882
f 5273/3882 5268/3879 5272/3881
f 5271/3877 5270/3878 5275/3883
f 5275/3883 5270/3878 5274/3874
f 5272/3881 5271/3877 5276/3884
f 5276/3884 5271/3877 5275/3883
f 5273/3882 5272/3881 5277/3885
f 5277/3885 5272/3881 5276/3884
f 5275/3883 5274/3874 5279/3886
f 5279/3886 5274/3874 5278/3887
f 5276/3884 5275/3883 5280/3888
f 5280/3888 5275/3883 5279/3886
f 5277/3885 5276/3884 5281/3889
f 5281/3889 5276/3884 5280/3888
f 5279/3886 5278/3887 5283/3890
f 5283/3890 5278/3887 5282/3891
f 5280/3888 5279/3886 5284/3892
f 5284/3892 5279/3886 5283/3890
f 5281/3889 5280/3888 5285/3893
f 5285/3893 5280/3888 5284/3892
f 5283/3890 5282/3891 5287/3894
f 5287/3894 5282/3891 5286/3895
f 5284/3892 5283/3890 5288/3896
f 5288/3896 5283/3890 5287/3894
f 5285/3893 5284/3892 5289/3897
f 5289/3897 5284/3892 5288/3896
f 5287/3894 5286/3895 5247/3857
f 5247/3857 5286/3895 5246/3858
f 5288/3896 5287/3894 5248/3861
f 5248/3861 5287/3894 5247/3857
f 5289/3897 5288/3896 5249/3863
f 5249/3863 5288/3896 5248/3861
f 5290/3898 5291/3899 5295/3900
f 5290/3898 5295/3900 5294/3901
f 5291/3899 5292/3902 5296/3903
f 5291/3899 5296/3903 5295/3900
f 5292/3902 5293/3904 5297/3905
f 5292/3902 5297/3905 5296/3903
f 5294/3901 5295/3900 5299/3906
f 5294/3901 5299/3906 5298/3907
f 5295/3900 5296/3903 5300/3908
f 5295/3900 5300/3908 5299/3906
f 5296/3903 5297/3905 5301/3909
f 5296/3903 5301/3909 5300/3908
f 5298/3907 5299/3906 5303/3910
f 5298/3907 5303/3910 5302/3911
f 5299/3906 5300/3908 5304/3912
f 5299/3906 5304/3912 5303/3910
f 5300/3908 5301/3909 5305/3913
f 5300/3908 5305/3913 5304/3912
f 5302/3911 5303/3910 5307/3914
f 5302/3911 5307/3914 5306/3915
f 5303/3910 5304/3912 5308/3916
f 5303/3910 5308/3916 5307/3914
f 5304/3912 5305/3913 5309/3917
f 5304/3912 5309/3917 5308/3916
f 5306/3915 5307/3914 5311/3918
f 5306/3915 5311/3918 5310/3919
f 5307/3914 5308/3916 5312/3920
f 5307/3914 5312/3920 5311/3918
f 5308/3916 5309/3917 5313/3921
f 5308/3916 5313/3921 5312/3920
f 5310/3919 5311/3918 5315/3918
f 5310/3919 5315/3918 5314/3919
f 5311/3918 5312/3920 5316/3922
f 5311/3918 5316/3922 5315/3918
f 5312/3920 5313/3921 5317/3923
f 5312/3920 5317/3923 5316/3922
f 5314/3919 5315/3918 5319/3924
f 5314/3919 5319/3924 5318/3925
f 5315/3918 5316/3922 5320/3926
f 5315/3918 5320/3926 5319/3924
f 5316/3922 5317/3923 5321/3927
f 5316/3922 5321/3927 5320/3926
f 5318/3925 5319/3924 5323/3928
f 5318/3925 5323/3928 5322/3929
f 5319/3924 5320/3926 5324/3930
f 5319/3924 5324/3930 5323/3928
f 5320/3926 5321/3927 5325/3931
f 5320/3926 5325/3931 5324/3930
f 5322/3929 5323/3928 5327/3932
f 5322/3929 5327/3932 5326/3933
f 5323/3928 5324/3930 5328/3934
f 5323/3928 5328/3934 5327/3932
f 5324/3930 5325/3931 5329/3935
f 5324/3930 5329/3935 5328/3934
f 5326/3933 5327/3932 5331/3900
f 5326/3933 5331/3900 5330/3936
f 5327/3932 5328/3934 5332/3937
f 5327/3932 5332/3937 5331/3900
f 5328/3934 5329/3935 5333/3938
f 5328/3934 5333/3938 5332/3937
f 5330/3936 5331/3900 5291/3899
f 5330/3936 5291/3899 5290/3898
f 5331/3900 5332/3937 5292/3902
f 5331/3900 5292/3902 5291/3899
f 5332/3937 5333/3938 5293/3904
f 5332/3937 5293/3904 5292/3902
f 5335/3939 5334/3940 5339/3941
f 5339/3941 5334/3940 5338/3942
f 5336/3943 5335/3939 5340/3944
f 5340/3944 5335/3939 5339/3941
f 5337/3945 5336/3943 5341/3946
f 5341/3946 5336/3943 5340/3944
f 5339/3941 5338/3942 5343/3947
f 5343/3947 5338/3942 5342/3948
f 5340/3944 5339/3941 5344/3949
f 5344/3949 5339/3941 5343/3947
f 5341/3946 5340/3944 5345/3950
f 5345/3950 5340/3944 5344/3949
f 5343/3947 5342/3948 5347/3951
f 5347/3951 5342/3948 5346/3952
f 5344/3949 5343/3947 5348/3953
f 5348/3953 5343/3947 5347/3951
f 5345/3950 5344/3949 5349/3954
f 5349/3954 5344/3949 5348/3953
f 5347/3951 5346/3952 5351/3955
f 5351/3955 5346/3952 5350/3956
f 5348/3953 5347/3951 5352/3957
f 5352/3957 5347/3951 5351/3955
f 5349/3954 5348/3953 5353/3958
f 5353/3958 5348/3953 5352/3957
f 5351/3955 5350/3956 5355/3959
f 5355/3959 5350/3956 5354/3960
f 5352/3957 5351/3955 5356/3961
f 5356/3961 5351/3955 5355/3959
f 5353/3958 5352/3957 5357/3962
f 5357/3962 5352/3957 5356/3961
f 5355/3959 5354/3960 5359/3959
f 5359/3959 5354/3960 5358/3960
f 5356/3961 5355/3959 5360/3963
f 5360/3963 5355/3959 5359/3959
f 5357/3962 5356/3961 5361/3964
f 5361/3964 5356/3961 5360/3963
f 5359/3959 5358/3960 5363/3965
f 5363/3965 5358/3960 5362/3956
f 5360/3963 5359/3959 5364/3966
f 5364/3966 5359/3959 5363/3965
f 5361/3964 5360/3963 5365/3967
f 5365/3967 5360/3963 5364/3966
f 5363/3965 5362/3956 5367/3968
f 5367/3968 5362/3956 5366/3969
f 5364/3966 5363/3965 5368/3970
f 5368/3970 5363/3965 5367/3968
f 5365/3967 5364/3966 5369/3971
f 5369/3971 5364/3966 5368/3970
f 5367/3968 5366/3969 5371/3972
f 5371/3972 5366/3969 5370/3973
f 5368/3970 5367/3968 5372/3974
f 5372/3974 5367/3968 5371/3972
f 5369/3971 5368/3970 5373/3975
f 5373/3975 5368/3970 5372/3974
f 5371/3972 5370/3973 5375/3976
f 5375/3976 5370/3973 5374/3977
f 5372/3974 5371/3972 5376/3978
f 5376/3978 5371/3972 5375/3976
f 5373/3975 5372/3974 5377/3979
f 5377/3979 5372/3974 5376/3978
f 5375/3976 5374/3977 5335/3939
f 5335/3939 5374/3977 5334/3940
f 5376/3978 5375/3976 5336/3943
f 5336/3943 5375/3976 5335/3939
f 5377/3979 5376/3978 5337/3945
f 5337/3945 5376/3978 5336/3943
f 5378/3980 5379/3981 5383/3982
f 5378/3980 5383/3982 5382/3983
f 5379/3981 5380/3984 5384/3985
f 5379/3981 5384/3985 5383/3982
f 5380/3984 5381/3986 5385/3987
f 5380/3984 5385/3987 5384/3985
f 5382/3983 5383/3982 5387/3988
f 5382/3983 5387/3988 5386/3989
f 5383/3982 5384/3985 5388/3990
f 5383/3982 5388/3990 5387/3988
f 5384/3985 5385/3987 5389/3991
f 5384/3985 5389/3991 5388/3990
f 5386/3989 5387/3988 5391/3992
f 5386/3989 5391/3992 5390/3993
f 5387/3988 5388/3990 5392/3994
f 5387/3988 5392/3994 5391/3992
f 5388/3990 5389/3991 5393/3995
f 5388/3990 5393/3995 5392/3994
f 5390/3993 5391/3992 5395/3996
f 5390/3993 5395/3996 5394/3997
f 5391/3992 5392/3994 5396/3998
f 5391/3992 5396/3998 5395/3996
f 5392/3994 5393/3995 5397/3999
f 5392/3994 5397/3999 5396/3998
f 5394/3997 5395/3996 5399/4000
f 5394/3997 5399/4000 5398/4001
f 5395/3996 5396/3998 5400/4002
f 5395/3996 5400/4002 5399/4000
f 5396/3998 5397/3999 5401/4003
f 5396/3998 5401/4003 5400/4002
f 5398/4001 5399/4000 5403/4000
f 5398/4001 5403/4000 5402/4001
f 5399/4000 5400/4002 5404/4004
f 5399/4000 5404/4004 5403/4000
f 5400/4002 5401/4003 5405/4005
f 5400/4002 5405/4005 5404/4004
f 5402/4001 5403/4000 5407/4006
f 5402/4001 5407/4006 5406/4007
f 5403/4000 5404/4004 5408/4008
f 5403/4000 5408/4008 5407/4006
f 5404/4004 5405/4005 5409/4009
f 5404/4004 5409/4009 5408/4008
f 5406/4007 5407/4006 5411/4010
f 5406/4007 5411/4010 5410/4011
f 5407/4006 5408/4008 5412/4012
f 5407/4006 5412/4012 5411/4010
f 5408/4008 5409/4009 5413/4013
f 5408/4008 5413/4013 5412/4012
f 5410/4011 5411/4010 5415/4014
f 5410/4011 5415/4014 5414/4015
f 5411/4010 5412/4012 5416/4016
f 5411/4010 5416/4016 5415/4014
f 5412/4012 5413/4013 5417/4017
f 5412/4012 5417/4017 5416/4016
f 5414/4015 5415/4014 5419/3982
f 5414/4015 5419/3982 5418/4018
f 5415/4014 5416/4016 5420/4019
f 5415/4014 5420/4019 5419/3982
f 5416/4016 5417/4017 5421/4020
f 5416/4016 5421/4020 5420/4019
f 5418/4018 5419/3982 5379/3981
f 5418/4018 5379/3981 5378/3980
f 5419/3982 5420/4019 5380/3984
f 5419/3982 5380/3984 5379/3981
f 5420/4019 5421/4020 5381/3986
f 5420/4019 5381/3986 5380/3984
f 5423/4021 5422/4022 5427/4023
f 5427/4023 5422/4022 5426/4024
f 5424/4025 5423/4021 5428/4026
f 5428/4026 5423/4021 5427/4023
f 5425/4027 5424/4025 5429/4028
f 5429/4028 5424/4025 5428/4026
f 5427/4023 5426/4024 5431/4029
f 5431/4029 5426/4024 5430/4030
f 5428/4026 5427/4023 5432/4031
f 5432/4031 5427/4023 5431/4029
f 5429/4028 5428/4026 5433/4032
f 5433/4032 5428/4026 5432/4031
f 5431/4029 5430/4030 5435/4033
f 5435/4033 5430/4030 5434/4034
f 5432/4031 5431/4029 5436/4035
f 5436/4035 5431/4029 5435/4033
f 5433/4032 5432/4031 5437/4036
f 5437/4036 5432/4031 5436/4035
f 5435/4033 5434/4034 5439/4037
f 5439/4037 5434/4034 5438/4038
f 5436/4035 5435/4033 5440/4039
f 5440/4039 5435/4033 5439/4037
f 5437/4036 5436/4035 5441/4040
f 5441/4040 5436/4035 5440/4039
f 5439/4037 5438/4038 5443/4041
f 5443/4041 5438/4038 5442/4042
f 5440/4039 5439/4037 5444/4043
f 5444/4043 5439/4037 5443/4041
f 5441/4040 5440/4039 5445/4044
f 5445/4044 5440/4039 5444/4043
f 5443/4041 5442/4042 5447/4041
f 5447/4041 5442/4042 5446/4045
f 5444/4043 5443/4041 5448/4046
f 5448/4046 5443/4041 5447/4041
f 5445/4044 5444/4043 5449/4047
f 5449/4047 5444/4043 5448/4046
f 5447/4041 5446/4045 5451/4048
f 5451/4048 5446/4045 5450/4049
f 5448/4046 5447/4041 5452/4050
f 5452/4050 5447/4041 5451/4048
f 5449/4047 5448/4046 5453/4051
f 5453/4051 5448/4046 5452/4050
f 5451/4048 5450/4049 5455/4052
f 5455/4052 5450/4049 5454/4053
f 5452/4050 5451/4048 5456/4054
f 5456/4054 5451/4048 5455/4052
f 5453/4051 5452/4050 5457/4055
f 5457/4055 5452/4050 5456/4054
f 5455/4052 5454/4053 5459/4056
f 5459/4056 5454/4053 5458/4057
f 5456/4054 5455/4052 5460/4058
f 5460/4058 5455/4052 5459/4056
f 5457/4055 5456/4054 5461/4059
f 5461/4059 5456/4054 5460/4058
f 5459/4056 5458/4057 5463/4060
f 5463/4060 5458/4057 5462/4061
f 5460/4058 5459/4056 5464/4062
f 5464/4062 5459/4056 5463/4060
f 5461/4059 5460/4058 5465/4063
f 5465/4063 5460/4058 5464/4062
f 5463/4060 5462/4061 5423/4021
f 5423/4021 5462/4061 5422/4022
f 5464/4062 5463/4060 5424/4025
f 5424/4025 5463/4060 5423/4021
f 5465/4063 5464/4062 5425/4027
f 5425/4027 5464/4062 5424/4025
f 5466/4064 5467/4065 5471/4066
f 5466/4064 5471/4066 5470/4067
f 5467/4065 5468/4068 5472/4069
f 5467/4065 5472/4069 5471/4066
f 5468/4068 5469/4070 5473/4071
f 5468/4068 5473/4071 5472/4069
f 5470/4067 5471/4066 5475/4072
f 5470/4067 5475/4072 5474/4073
f 5471/4066 5472/4069 5476/4074
f 5471/4066 5476/4074 5475/4072
f 5472/4069 5473/4071 5477/4075
f 5472/4069 5477/4075 5476/4074
f 5474/4073 5475/4072 5479/4076
f 5474/4073 5479/4076 5478/4077
f 5475/4072 5476/4074 5480/4078
f 5475/4072 5480/4078 5479/4076
f 5476/4074 5477/4075 5481/4079
f 5476/4074 5481/4079 5480/4078
f 5478/4077 5479/4076 5483/4080
f 5478/4077 5483/4080 5482/4081
f 5479/4076 5480/4078 5484/4082
f 5479/4076 5484/4082 5483/4080
f 5480/4078 5481/4079 5485/4083
f 5480/4078 5485/4083 5484/4082
f 5482/4081 5483/4080 5487/4084
f 5482/4081 5487/4084 5486/4085
f 5483/4080 5484/4082 5488/4086
f 5483/4080 5488/4086 5487/4084
f 5484/4082 5485/4083 5489/4087
f 5484/4082 5489/4087 5488/4086
f 5486/4085 5487/4084 5491/4084
f 5486/4085 5491/4084 5490/4088
f 5487/4084 5488/4086 5492/4089
f 5487/4084 5492/4089 5491/4084
f 5488/4086 5489/4087 5493/4090
f 5488/4086 5493/4090 5492/4089
f 5490/4088 5491/4084 5495/4091
f 5490/4088 5495/4091 5494/4092
f 5491/4084 5492/4089 5496/4093
f 5491/4084 5496/4093 5495/4091
f 5492/4089 5493/4090 5497/4094
f 5492/4089 5497/4094 5496/4093
f 5494/4092 5495/4091 5499/4095
f 5494/4092 5499/4095 5498/4096
f 5495/4091 5496/4093 5500/4097
f 5495/4091 5500/4097 5499/4095
f 5496/4093 5497/4094 5501/4098
f 5496/4093 5501/4098 5500/4097
f 5498/4096 5499/4095 5503/4099
f 5498/4096 5503/4099 5502/4100
f 5499/4095 5500/4097 5504/4101
f 5499/4095 5504/4101 5503/4099
f 5500/4097 5501/4098 5505/4102
f 5500/4097 5505/4102 5504/4101
f 5502/4100 5503/4099 5507/4066
f 5502/4100 5507/4066 5506/4103
f 5503/4099 5504/4101 5508/4104
f 5503/4099 5508/4104 5507/4066
f 5504/4101 5505/4102 5509/4105
f 5504/4101 5509/4105 5508/4104
f 5506/4103 5507/4066 5467/4065
f 5506/4103 5467/4065 5466/4064
f 5507/4066 5508/4104 5468/4068
f 5507/4066 5468/4068 5467/4065
f 5508/4104 5509/4105 5469/4070
f 5508/4104 5469/4070 5468/4068
f 5510/4106 5511/4107 5515/4108
f 5510/4106 5515/4108 5514/4109
f 5511/4107 5512/4110 5516/4111
f 5511/4107 5516/4111 5515/4108
f 5512/4110 5513/4112 5517/4113
f 5512/4110 5517/4113 5516/4111
f 5514/4109 5515/4108 5519/4114
f 5514/4109 5519/4114 5518/4115
f 5515/4108 5516/4111 5520/4116
f 5515/4108 5520/4116 5519/4114
f 5516/4111 5517/4113 5521/4117
f 5516/4111 5521/4117 5520/4116
f 5518/4115 5519/4114 5523/4118
f 5518/4115 5523/4118 5522/4119
f 5519/4114 5520/4116 5524/4120
f 5519/4114 5524/4120 5523/4118
f 5520/4116 5521/4117 5525/4121
f 5520/4116 5525/4121 5524/4120
f 5522/4119 5523/4118 5527/4122
f 5522/4119 5527/4122 5526/4123
f 5523/4118 5524/4120 5528/4124
f 5523/4118 5528/4124 5527/4122
f 5524/4120 5525/4121 5529/4125
f 5524/4120 5529/4125 5528/4124
f 5526/4123 5527/4122 5531/4126
f 5526/4123 5531/4126 5530/4127
f 5527/4122 5528/4124 5532/4128
f 5527/4122 5532/4128 5531/4126
f 5528/4124 5529/4125 5533/4129
f 5528/4124 5533/4129 5532/4128
f 5530/4127 5531/4126 5535/4126
f 5530/4127 5535/4126 5534/4130
f 5531/4126 5532/4128 5536/4131
f 5531/4126 5536/4131 5535/4126
f 5532/4128 5533/4129 5537/4132
f 5532/4128 5537/4132 5536/4131
f 5534/4130 5535/4126 5539/4133
f 5534/4130 5539/4133 5538/4134
f 5535/4126 5536/4131 5540/4135
f 5535/4126 5540/4135 5539/4133
f 5536/4131 5537/4132 5541/4136
f 5536/4131 5541/4136 5540/4135
f 5538/4134 5539/4133 5543/4137
f 5538/4134 5543/4137 5542/4138
f 5539/4133 5540/4135 5544/4139
f 5539/4133 5544/4139 5543/4137
f 5540/4135 5541/4136 5545/4140
f 5540/4135 5545/4140 5544/4139
f 5542/4138 5543/4137 5547/4141
f 5542/4138 5547/4141 5546/4142
f 5543/4137 5544/4139 5548/4143
f 5543/4137 5548/4143 5547/4141
f 5544/4139 5545/4140 5549/4144
f 5544/4139 5549/4144 5548/4143
f 5546/4142 5547/4141 5551/4108
f 5546/4142 5551/4108 5550/4145
f 5547/4141 5548/4143 5552/4146
f 5547/4141 5552/4146 5551/4108
f 5548/4143 5549/4144 5553/4147
f 5548/4143 5553/4147 5552/4146
f 5550/4145 5551/4108 5511/4107
f 5550/4145 5511/4107 5510/4106
f 5551/4108 5552/4146 5512/4110
f 5551/4108 5512/4110 5511/4107
f 5552/4146 5553/4147 5513/4112
f 5552/4146 5513/4112 5512/4110
f 5555/4148 5554/4149 5559/4150
f 5559/4150 5554/4149 5558/4151
f 5556/4152 5555/4148 5560/4153
f 5560/4153 5555/4148 5559/4150
f 5557/4154 5556/4152 5561/4155
f 5561/4155 5556/4152 5560/4153
f 5559/4150 5558/4151 5563/4156
f 5563/4156 5558/4151 5562/4157
f 5560/4153 5559/4150 5564/4158
f 5564/4158 5559/4150 5563/4156
f 5561/4155 5560/4153 5565/4159
f 5565/4159 5560/4153 5564/4158
f 5563/4156 5562/4157 5567/4160
f 5567/4160 5562/4157 5566/4161
f 5564/4158 5563/4156 5568/4162
f 5568/4162 5563/4156 5567/4160
f 5565/4159 5564/4158 5569/4163
f 5569/4163 5564/4158 5568/4162
f 5567/4160 5566/4161 5571/4164
f 5571/4164 5566/4161 5570/4165
f 5568/4162 5567/4160 5572/4166
f 5572/4166 5567/4160 5571/4164
f 5569/4163 5568/4162 5573/4167
f 5573/4167 5568/4162 5572/4166
f 5571/4164 5570/4165 5575/4168
f 5575/4168 5570/4165 5574/4169
f 5572/4166 5571/4164 5576/4170
f 5576/4170 5571/4164 5575/4168
f 5573/4167 5572/4166 5577/4171
f 5577/4171 5572/4166 5576/4170
f 5575/4168 5574/4169 5579/4168
f 5579/4168 5574/4169 5578/4172
f 5576/4170 5575/4168 5580/4173
f 5580/4173 5575/4168 5579/4168
f 5577/4171 5576/4170 5581/4174
f 5581/4174 5576/4170 5580/4173
f 5579/4168 5578/4172 5583/4175
f 5583/4175 5578/4172 5582/4176
f 5580/4173 5579/4168 5584/4177
f 5584/4177 5579/4168 5583/4175
f 5581/4174 5580/4173 5585/4178
f 5585/4178 5580/4173 5584/4177
f 5583/4175 5582/4176 5587/4179
f 5587/4179 5582/4176 5586/4180
f 5584/4177 5583/4175 5588/4181
f 5588/4181 5583/4175 5587/4179
f 5585/4178 5584/4177 5589/4182
f 5589/4182 5584/4177 5588/4181
f 5587/4179 5586/4180 5591/4183
f 5591/4183 5586/4180 5590/4184
f 5588/4181 5587/4179 5592/4185
f 5592/4185 5587/4179 5591/4183
f 5589/4182 5588/4181 5593/4186
f 5593/4186 5588/4181 5592/4185
f 5591/4183 5590/4184 5595/4187
f 5595/4187 5590/4184 5594/4188
f 5592/4185 5591/4183 5596/4189
f 5596/4189 5591/4183 5595/4187
f 5593/4186 5592/4185 5597/4190
f 5597/4190 5592/4185 5596/4189
f 5595/4187 5594/4188 5555/4148
f 5555/4148 5594/4188 5554/4149
f 5596/4189 5595/4187 5556/4152
f 5556/4152 5595/4187 5555/4148
f 5597/4190 5596/4189 5557/4154
f 5557/4154 5596/4189 5556/4152
f 5599/4191 5598/4192 5603/4193
f 5603/4193 5598/4192 5602/4194
f 5600/4195 5599/4191 5604/4196
f 5604/4196 5599/4191 5603/4193
f 5601/4197 5600/4195 5605/4198
f 5605/4198 5600/4195 5604/4196
f 5603/4193 5602/4194 5607/4199
f 5607/4199 5602/4194 5606/4200
f 5604/4196 5603/4193 5608/4201
f 5608/4201 5603/4193 5607/4199
f 5605/4198 5604/4196 5609/4202
f 5609/4202 5604/4196 5608/4201
f 5607/4199 5606/4200 5611/4203
f 5611/4203 5606/4200 5610/4204
f 5608/4201 5607/4199 5612/4205
f 5612/4205 5607/4199 5611/4203
f 5609/4202 5608/4201 5613/4206
f 5613/4206 5608/4201 5612/4205
f 5611/4203 5610/4204 5615/4207
f 5615/4207 5610/4204 5614/4208
f 5612/4205 5611/4203 5616/4209
f 5616/4209 5611/4203 5615/4207
f 5613/4206 5612/4205 5617/4210
f 5617/4210 5612/4205 5616/4209
f 5615/4207 5614/4208 5619/4211
f 5619/4211 5614/4208 5618/4212
f 5616/4209 5615/4207 5620/4213
f 5620/4213 5615/4207 5619/4211
f 5617/4210 5616/4209 5621/4214
f 5621/4214 5616/4209 5620/4213
f 5619/4211 5618/4212 5623/4215
f 5623/4215 5618/4212 5622/4212
f 5620/4213 5619/4211 5624/4213
f 5624/4213 5619/4211 5623/4215
f 5621/4214 5620/4213 5625/4216
f 5625/4216 5620/4213 5624/4213
f 5623/4215 5622/4212 5627/4217
f 5627/4217 5622/4212 5626/4208
f 5624/4213 5623/4215 5628/4218
f 5628/4218 5623/4215 5627/4217
f 5625/4216 5624/4213 5629/4219
f 5629/4219 5624/4213 5628/4218
f 5627/4217 5626/4208 5631/4220
f 5631/4220 5626/4208 5630/4221
f 5628/4218 5627/4217 5632/4222
f 5632/4222 5627/4217 5631/4220
f 5629/4219 5628/4218 5633/4223
f 5633/4223 5628/4218 5632/4222
f 5631/4220 5630/4221 5635/4224
f 5635/4224 5630/4221 5634/4225
f 5632/4222 5631/4220 5636/4226
f 5636/4226 5631/4220 5635/4224
f 5633/4223 5632/4222 5637/4227
f 5637/4227 5632/4222 5636/4226
f 5635/4224 5634/4225 5639/4228
f 5639/4228 5634/4225 5638/4229
f 5636/4226 5635/4224 5640/4230
f 5640/4230 5635/4224 5639/4228
f 5637/4227 5636/4226 5641/4231
f 5641/4231 5636/4226 5640/4230
f 5639/4228 5638/4229 5599/4191
f 5599/4191 5638/4229 5598/4192
f 5640/4230 5639/4228 5600/4195
f 5600/4195 5639/4228 5599/4191
f 5641/4231 5640/4230 5601/4197
f 5601/4197 5640/4230 5600/4195
f 5642/4232 5643/4233 5647/4234
f 5642/4232 5647/4234 5646/4235
f 5643/4233 5644/4236 5648/4237
f 5643/4233 5648/4237 5647/4234
f 5644/4236 5645/4238 5649/4239
f 5644/4236 5649/4239 5648/4237
f 5646/4235 5647/4234 5651/4240
f 5646/4235 5651/4240 5650/4241
f 5647/4234 5648/4237 5652/4242
f 5647/4234 5652/4242 5651/4240
f 5648/4237 5649/4239 5653/4243
f 5648/4237 5653/4243 5652/4242
f 5650/4241 5651/4240 5655/4244
f 5650/4241 5655/4244 5654/4245
f 5651/4240 5652/4242 5656/4246
f 5651/4240 5656/4246 5655/4244
f 5652/4242 5653/4243 5657/4247
f 5652/4242 5657/4247 5656/4246
f 5654/4245 5655/4244 5659/4248
f 5654/4245 5659/4248 5658/4249
f 5655/4244 5656/4246 5660/4250
f 5655/4244 5660/4250 5659/4248
f 5656/4246 5657/4247 5661/4251
f 5656/4246 5661/4251 5660/4250
f 5658/4249 5659/4248 5663/4252
f 5658/4249 5663/4252 5662/4253
f 5659/4248 5660/4250 5664/4254
f 5659/4248 5664/4254 5663/4252
f 5660/4250 5661/4251 5665/4255
f 5660/4250 5665/4255 5664/4254
f 5662/4253 5663/4252 5667/4252
f 5662/4253 5667/4252 5666/4256
f 5663/4252 5664/4254 5668/4257
f 5663/4252 5668/4257 5667/4252
f 5664/4254 5665/4255 5669/4255
f 5664/4254 5669/4255 5668/4257
f 5666/4256 5667/4252 5671/4258
f 5666/4256 5671/4258 5670/4259
f 5667/4252 5668/4257 5672/4260
f 5667/4252 5672/4260 5671/4258
f 5668/4257 5669/4255 5673/4261
f 5668/4257 5673/4261 5672/4260
f 5670/4259 5671/4258 5675/4262
f 5670/4259 5675/4262 5674/4263
f 5671/4258 5672/4260 5676/4264
f 5671/4258 5676/4264 5675/4262
f 5672/4260 5673/4261 5677/4265
f 5672/4260 5677/4265 5676/4264
f 5674/4263 5675/4262 5679/4266
f 5674/4263 5679/4266 5678/4267
f 5675/4262 5676/4264 5680/4268
f 5675/4262 5680/4268 5679/4266
f 5676/4264 5677/4265 5681/4269
f 5676/4264 5681/4269 5680/4268
f 5678/4267 5679/4266 5683/4234
f 5678/4267 5683/4234 5682/4235
f 5679/4266 5680/4268 5684/4270
f 5679/4266 5684/4270 5683/4234
f 5680/4268 5681/4269 5685/4271
f 5680/4268 5685/4271 5684/4270
f 5682/4235 5683/4234 5643/4233
f 5682/4235 5643/4233 5642/4232
f 5683/4234 5684/4270 5644/4236
f 5683/4234 5644/4236 5643/4233
f 5684/4270 5685/4271 5645/4238
f 5684/4270 5645/4238 5644/4236
f 5687/4272 5686/4273 5691/4274
f 5691/4274 5686/4273 5690/4275
f 5688/4276 5687/4272 5692/4277
f 5692/4277 5687/4272 5691/4274
f 5689/4278 5688/4276 5693/4279
f 5693/4279 5688/4276 5692/4277
f 5691/4274 5690/4275 5695/4280
f 5695/4280 5690/4275 5694/4281
f 5692/4277 5691/4274 5696/4282
f 5696/4282 5691/4274 5695/4280
f 5693/4279 5692/4277 5697/4283
f 5697/4283 5692/4277 5696/4282
f 5695/4280 5694/4281 5699/4284
f 5699/4284 5694/4281 5698/4285
f 5696/4282 5695/4280 5700/4286
f 5700/4286 5695/4280 5699/4284
f 5697/4283 5696/4282 5701/4287
f 5701/4287 5696/4282 5700/4286
f 5699/4284 5698/4285 5703/4288
f 5703/4288 5698/4285 5702/4289
f 5700/4286 5699/4284 5704/4290
f 5704/4290 5699/4284 5703/4288
f 5701/4287 5700/4286 5705/4291
f 5705/4291 5700/4286 5704/4290
f 5703/4288 5702/4289 5707/4292
f 5707/4292 5702/4289 5706/4293
f 5704/4290 5703/4288 5708/4294
f 5708/4294 5703/4288 5707/4292
f 5705/4291 5704/4290 5709/4295
f 5709/4295 5704/4290 5708/4294
f 5707/4292 5706/4293 5711/4296
f 5711/4296 5706/4293 5710/4293
f 5708/4294 5707/4292 5712/4294
f 5712/4294 5707/4292 5711/4296
f 5709/4295 5708/4294 5713/4297
f 5713/4297 5708/4294 5712/4294
f 5711/4296 5710/4293 5715/4298
f 5715/4298 5710/4293 5714/4289
f 5712/4294 5711/4296 5716/4299
f 5716/4299 5711/4296 5715/4298
f 5713/4297 5712/4294 5717/4300
f 5717/4300 5712/4294 5716/4299
f 5715/4298 5714/4289 5719/4301
f 5719/4301 5714/4289 5718/4302
f 5716/4299 5715/4298 5720/4303
f 5720/4303 5715/4298 5719/4301
f 5717/4300 5716/4299 5721/4304
f 5721/4304 5716/4299 5720/4303
f 5719/4301 5718/4302 5723/4305
f 5723/4305 5718/4302 5722/4306
f 5720/4303 5719/4301 5724/4307
f 5724/4307 5719/4301 5723/4305
f 5721/4304 5720/4303 5725/4308
f 5725/4308 5720/4303 5724/4307
f 5723/4305 5722/4306 5727/4309
f 5727/4309 5722/4306 5726/4310
f 5724/4307 5723/4305 5728/4311
f 5728/4311 5723/4305 5727/4309
f 5725/4308 5724/4307 5729/4312
f 5729/4312 5724/4307 5728/4311
f 5727/4309 5726/4310 5687/4272
f 5687/4272 5726/4310 5686/4273
f 5728/4311 5727/4309 5688/4276
f 5688/4276 5727/4309 5687/4272
f 5729/4312 5728/4311 5689/4278
f 5689/4278 5728/4311 5688/4276
f 5730/4313 5731/4314 5735/4315
f 5730/4313 5735/4315 5734/4316
f 5731/4314 5732/4317 5736/4318
f 5731/4314 5736/4318 5735/4315
f 5732/4317 5733/4319 5737/4320
f 5732/4317 5737/4320 5736/4318
f 5734/4316 5735/4315 5739/4321
f 5734/4316 5739/4321 5738/4322
f 5735/4315 5736/4318 5740/4323
f 5735/4315 5740/4323 5739/4321
f 5736/4318 5737/4320 5741/4324
f 5736/4318 5741/4324 5740/4323
f 5738/4322 5739/4321 5743/4325
f 5738/4322 5743/4325 5742/4326
f 5739/4321 5740/4323 5744/4327
f 5739/4321 5744/4327 5743/4325
f 5740/4323 5741/4324 5745/4328
f 5740/4323 5745/4328 5744/4327
f 5742/4326 5743/4325 5747/4329
f 5742/4326 5747/4329 5746/4330
f 5743/4325 5744/4327 5748/4331
f 5743/4325 5748/4331 5747/4329
f 5744/4327 5745/4328 5749/4332
f 5744/4327 5749/4332 5748/4331
f 5746/4330 5747/4329 5751/4333
f 5746/4330 5751/4333 5750/4334
f 5747/4329 5748/4331 5752/4335
f 5747/4329 5752/4335 5751/4333
f 5748/4331 5749/4332 5753/4336
f 5748/4331 5753/4336 5752/4335
f 5750/4334 5751/4333 5755/4333
f 5750/4334 5755/4333 5754/4337
f 5751/4333 5752/4335 5756/4338
f 5751/4333 5756/4338 5755/4333
f 5752/4335 5753/4336 5757/4336
f 5752/4335 5757/4336 5756/4338
f 5754/4337 5755/4333 5759/4339
f 5754/4337 5759/4339 5758/4340
f 5755/4333 5756/4338 5760/4341
f 5755/4333 5760/4341 5759/4339
f 5756/4338 5757/4336 5761/4342
f 5756/4338 5761/4342 5760/4341
f 5758/4340 5759/4339 5763/4343
f 5758/4340 5763/4343 5762/4344
f 5759/4339 5760/4341 5764/4345
f 5759/4339 5764/4345 5763/4343
f 5760/4341 5761/4342 5765/4346
f 5760/4341 5765/4346 5764/4345
f 5762/4344 5763/4343 5767/4347
f 5762/4344 5767/4347 5766/4348
f 5763/4343 5764/4345 5768/4349
f 5763/4343 5768/4349 5767/4347
f 5764/4345 5765/4346 5769/4350
f 5764/4345 5769/4350 5768/4349
f 5766/4348 5767/4347 5771/4315
f 5766/4348 5771/4315 5770/4351
f 5767/4347 5768/4349 5772/4352
f 5767/4347 5772/4352 5771/4315
f 5768/4349 5769/4350 5773/4353
f 5768/4349 5773/4353 5772/4352
f 5770/4351 5771/4315 5731/4314
f 5770/4351 5731/4314 5730/4313
f 5771/4315 5772/4352 5732/4317
f 5771/4315 5732/4317 5731/4314
f 5772/4352 5773/4353 5733/4319
f 5772/4352 5733/4319 5732/4317
f 5775/4354 5774/4355 5779/4356
f 5779/4356 5774/4355 5778/4357
f 5776/4358 5775/4354 5780/4359
f 5780/4359 5775/4354 5779/4356
f 5777/4360 5776/4358 5781/4361
f 5781/4361 5776/4358 5780/4359
f 5779/4356 5778/4357 5783/4362
f 5783/4362 5778/4357 5782/4363
f 5780/4359 5779/4356 5784/4364
f 5784/4364 5779/4356 5783/4362
f 5781/4361 5780/4359 5785/4365
f 5785/4365 5780/4359 5784/4364
f 5783/4362 5782/4363 5787/4366
f 5787/4366 5782/4363 5786/4367
f 5784/4364 5783/4362 5788/4368
f 5788/4368 5783/4362 5787/4366
f 5785/4365 5784/4364 5789/4369
f 5789/4369 5784/4364 5788/4368
f 5787/4366 5786/4367 5791/4370
f 5791/4370 5786/4367 5790/4371
f 5788/4368 5787/4366 5792/4372
f 5792/4372 5787/4366 5791/4370
f 5789/4369 5788/4368 5793/4373
f 5793/4373 5788/4368 5792/4372
f 5791/4370 5790/4371 5795/4374
f 5795/4374 5790/4371 5794/4375
f 5792/4372 5791/4370 5796/4376
f 5796/4376 5791/4370 5795/4374
f 5793/4373 5792/4372 5797/4377
f 5797/4377 5792/4372 5796/4376
f 5795/4374 5794/4375 5799/4378
f 5799/4378 5794/4375 5798/4379
f 5796/4376 5795/4374 5800/4376
f 5800/4376 5795/4374 5799/4378
f 5797/4377 5796/4376 5801/4380
f 5801/4380 5796/4376 5800/4376
f 5799/4378 5798/4379 5803/4381
f 5803/4381 5798/4379 5802/4382
f 5800/4376 5799/4378 5804/4383
f 5804/4383 5799/4378 5803/4381
f 5801/4380 5800/4376 5805/4384
f 5805/4384 5800/4376 5804/4383
f 5803/4381 5802/4382 5807/4385
f 5807/4385 5802/4382 5806/4386
f 5804/4383 5803/4381 5808/4387
f 5808/4387 5803/4381 5807/4385
f 5805/4384 5804/4383 5809/4388
f 5809/4388 5804/4383 5808/4387
f 5807/4385 5806/4386 5811/4389
f 5811/4389 5806/4386 5810/4390
f 5808/4387 5807/4385 5812/4391
f 5812/4391 5807/4385 5811/4389
f 5809/4388 5808/4387 5813/4392
f 5813/4392 5808/4387 5812/4391
f 5811/4389 5810/4390 5815/4393
f 5815/4393 5810/4390 5814/4394
f 5812/4391 5811/4389 5816/4395
f 5816/4395 5811/4389 5815/4393
f 5813/4392 5812/4391 5817/4396
f 5817/4396 5812/4391 5816/4395
f 5815/4393 5814/4394 5775/4354
f 5775/4354 5814/4394 5774/4355
f 5816/4395 5815/4393 5776/4358
f 5776/4358 5815/4393 5775/4354
f 5817/4396 5816/4395 5777/4360
f 5777/4360 5816/4395 5776/4358
f 5818/4397 5819/4398 5823/4399
f 5818/4397 5823/4399 5822/4400
f 5819/4398 5820/4401 5824/4402
f 5819/4398 5824/4402 5823/4399
f 5820/4401 5821/4403 5825/4404
f 5820/4401 5825/4404 5824/4402
f 5822/4400 5823/4399 5827/4405
f 5822/4400 5827/4405 5826/4406
f 5823/4399 5824/4402 5828/4407
f 5823/4399 5828/4407 5827/4405
f 5824/4402 5825/4404 5829/4408
f 5824/4402 5829/4408 5828/4407
f 5826/4406 5827/4405 5831/4409
f 5826/4406 5831/4409 5830/4410
f 5827/4405 5828/4407 5832/4411
f 5827/4405 5832/4411 5831/4409
f 5828/4407 5829/4408 5833/4412
f 5828/4407 5833/4412 5832/4411
f 5830/4410 5831/4409 5835/4413
f 5830/4410 5835/4413 5834/4414
f 5831/4409 5832/4411 5836/4415
f 5831/4409 5836/4415 5835/4413
f 5832/4411 5833/4412 5837/4416
f 5832/4411 5837/4416 5836/4415
f 5834/4414 5835/4413 5839/4417
f 5834/4414 5839/4417 5838/4418
f 5835/4413 5836/4415 5840/4419
f 5835/4413 5840/4419 5839/4417
f 5836/4415 5837/4416 5841/4420
f 5836/4415 5841/4420 5840/4419
f 5838/4418 5839/4417 5843/4417
f 5838/4418 5843/4417 5842/4421
f 5839/4417 5840/4419 5844/4422
f 5839/4417 5844/4422 5843/4417
f 5840/4419 5841/4420 5845/4420
f 5840/4419 5845/4420 5844/4422
f 5842/4421 5843/4417 5847/4423
f 5842/4421 5847/4423 5846/4424
f 5843/4417 5844/4422 5848/4425
f 5843/4417 5848/4425 5847/4423
f 5844/4422 5845/4420 5849/4426
f 5844/4422 5849/4426 5848/4425
f 5846/4424 5847/4423 5851/4427
f 5846/4424 5851/4427 5850/4428
f 5847/4423 5848/4425 5852/4429
f 5847/4423 5852/4429 5851/4427
f 5848/4425 5849/4426 5853/4430
f 5848/4425 5853/4430 5852/4429
f 5850/4428 5851/4427 5855/4431
f 5850/4428 5855/4431 5854/4432
f 5851/4427 5852/4429 5856/4433
f 5851/4427 5856/4433 5855/4431
f 5852/4429 5853/4430 5857/4434
f 5852/4429 5857/4434 5856/4433
f 5854/4432 5855/4431 5859/4435
f 5854/4432 5859/4435 5858/4436
f 5855/4431 5856/4433 5860/4437
f 5855/4431 5860/4437 5859/4435
f 5856/4433 5857/4434 5861/4438
f 5856/4433 5861/4438 5860/4437
f 5858/4436 5859/4435 5819/4398
f 5858/4436 5819/4398 5818/4397
f 5859/4435 5860/4437 5820/4401
f 5859/4435 5820/4401 5819/4398
f 5860/4437 5861/4438 5821/4403
f 5860/4437 5821/4403 5820/4401
o B747taiB_B747silv
v 0.062122 -5.076163 0.324278
v 0.064150 -5.084643 -0.051572
v 0.064936 -5.097169 0.096905
v 0.061393 -5.067966 0.319527
v 0.060152 -5.052569 0.271825
v 0.060380 -5.053003 0.219676
v 0.061221 -5.058817 0.136091
v 0.062891 -5.084400 0.319378
v 0.064013 -5.095813 0.296203
v 0.053752 -5.081475 -0.051895
v 0.053879 -5.084696 -0.052096
v 0.055354 -5.061038 0.098425
v 0.055316 -5.054927 0.167554
v 0.051894 -5.090409 0.321840
v 0.052793 -5.084818 0.327859
v 0.053638 -5.077407 0.329890
v 0.054163 -5.069861 0.328411
v 0.054858 -5.063171 0.322542
v 0.064707 -5.102173 0.224959
v 0.062433 -5.082273 0.321258
v 0.061488 -5.071621 0.322279
v 0.064627 -5.083683 -0.049181
v 0.053816 -5.083115 -0.053067
v 0.055204 -5.051166 0.244319
v 0.053399 -5.103018 0.164426
v 0.052515 -5.102787 0.273000
v 0.051672 -5.093112 0.316352
v 0.052311 -5.087741 0.325401
v 0.053249 -5.081249 0.329249
v 0.053899 -5.073574 0.329568
v 0.054538 -5.066407 0.326008
v 0.054927 -5.060222 0.317431
v 0.054844 -5.054899 0.300329
v 0.063179 -5.090065 0.310794
v 0.060452 -5.057625 0.299148
v 0.062468 -5.067145 0.062706
v 0.478674 -5.053031 -0.204830
v 0.061754 -5.063261 0.095134
v 0.741663 -5.037424 -0.347518
v 0.741525 -5.041340 -0.375728
v 0.323860 -5.067079 -0.133451
v 0.064150 -5.084643 -0.051572
v 0.403840 -5.049331 -0.119491
v 0.741650 -5.036174 -0.334402
v 0.741607 -5.039280 -0.361519
v 0.532691 -5.054210 -0.254589
v 0.193318 -5.074962 -0.091532
v 0.064627 -5.083683 -0.049181
v 0.403165 -5.048087 -0.106306
v 0.593296 -5.041368 -0.234467
v 0.061377 -5.060121 0.124083
v 0.226765 -5.054234 0.012601
v 0.409047 -5.049805 -0.127321
v 0.063636 -5.076667 -0.005810
v 0.063616 -5.076547 -0.004997
v 0.484946 -5.049521 -0.194573
v 0.513469 -5.055394 -0.243439
v 0.512800 -5.054870 -0.241238
v 0.512724 -5.055440 -0.243006
v 0.432054 -5.057552 -0.187040
v 0.276216 -5.069956 -0.118153
v 0.322430 -5.067165 -0.132992
v 0.321663 -5.067191 -0.132621
v 0.276985 -5.069909 -0.118399
v 0.153999 -5.065517 0.000440
v 0.064063 -5.080040 -0.027328
v 0.064047 -5.079912 -0.026517
v 0.321282 -5.053827 -0.075235
v 0.258511 -5.055994 -0.033263
v 0.341377 -5.052086 -0.081708
v 0.491910 -5.046799 -0.183178
v 0.251591 -5.064619 -0.069352
v 0.275433 -5.061964 -0.078321
v 0.275852 -5.066932 -0.099775
v 0.320540 -5.054038 -0.075974
v 0.514099 -5.051674 -0.228710
v 0.275354 -5.061096 -0.074174
v 0.328141 -5.057953 -0.103360
v 0.321757 -5.058174 -0.099056
v 0.276121 -5.061123 -0.074953
v 0.322141 -5.062804 -0.118403
v 0.275418 -5.061788 -0.077510
v 0.512957 -5.054032 -0.237562
v 0.275833 -5.066796 -0.098946
v 0.147450 -5.071281 -0.033699
v 0.205311 -5.061440 -0.016880
v 0.198719 -5.067899 -0.051251
v 0.148180 -5.071233 -0.033948
v 0.154594 -5.065576 -0.000499
v 0.257636 -5.056189 -0.033781
v 0.250863 -5.064664 -0.069103
v 0.206043 -5.061362 -0.017116
v 0.199447 -5.067851 -0.051500
v 0.412825 -5.058191 -0.174132
v 0.373491 -5.056661 -0.134848
v 0.513319 -5.051929 -0.229103
v 0.321774 -5.058362 -0.099987
v 0.322124 -5.062525 -0.117492
v 0.512994 -5.053833 -0.236687
v 0.328793 -5.057921 -0.103756
v 0.378769 -5.050964 -0.107831
v 0.365930 -5.056705 -0.128832
v 0.341613 -5.052216 -0.082785
v 0.379363 -5.050958 -0.108321
v 0.416230 -5.049685 -0.133082
v 0.403391 -5.055484 -0.154085
v 0.366563 -5.056684 -0.129259
v 0.442010 -5.054226 -0.180114
v 0.404024 -5.055463 -0.154510
v 0.416863 -5.049663 -0.133509
v 0.454847 -5.048285 -0.159113
v 0.477647 -5.053064 -0.204138
v 0.478119 -5.053009 -0.204276
v 0.477094 -5.053082 -0.203767
v 0.483243 -5.049940 -0.195896
v 0.442644 -5.054204 -0.180537
v 0.490880 -5.046978 -0.183402
v 0.455479 -5.048262 -0.159539
v 0.698999 -5.043961 -0.351060
v 0.698372 -5.043301 -0.347834
v 0.698254 -5.044007 -0.350628
v 0.698465 -5.042774 -0.345748
v 0.531441 -5.048336 -0.229461
v 0.698480 -5.042712 -0.345338
v 0.531527 -5.048036 -0.227461
v 0.530425 -5.054317 -0.253171
v 0.529677 -5.054395 -0.252841
v 0.531564 -5.047902 -0.226567
v 0.698916 -5.041189 -0.335176
v 0.699696 -5.041027 -0.334774
v 0.530860 -5.047799 -0.225201
v 0.384291 -5.049780 0.032322
v 0.656550 -5.037742 -0.206196
v 0.618958 -5.042594 -0.169876
v 0.061393 -5.067966 0.319527
v 0.061018 -5.065937 0.316538
v 0.384482 -5.046203 0.017765
v 0.379446 -5.044240 0.011276
v 0.630836 -5.036612 -0.203767
v 0.446055 -5.044758 -0.027531
v 0.060749 -5.060336 0.306551
v 0.379066 -5.043825 0.003525
v 0.060213 -5.053719 0.284581
v 0.641974 -5.036111 -0.219335
v 0.643744 -5.036302 -0.227300
v 0.652565 -5.036183 -0.214873
v 0.680904 -5.035476 -0.232403
v 0.740405 -5.034083 -0.303306
v 0.743610 -5.035289 -0.281327
v 0.746025 -5.035206 -0.285696
v 0.747266 -5.035292 -0.293517
v 0.743438 -5.034223 -0.305107
v 0.745371 -5.034155 -0.301932
v 0.746660 -5.034728 -0.301054
v 0.747466 -5.035529 -0.302770
v 0.323805 -5.060124 0.090145
v 0.060452 -5.057625 0.299149
v 0.060500 -5.055798 0.293373
v 0.060152 -5.052569 0.271825
v 0.714240 -5.034410 -0.287289
v 0.709102 -5.033890 -0.268859
v 0.717405 -5.036756 -0.256394
v 0.728638 -5.034524 -0.302128
v 0.745779 -5.034397 -0.288431
v 0.061488 -5.071621 0.322279
v 0.061694 -5.074038 0.323451
v 0.060836 -5.063652 0.312700
v 0.060143 -5.052503 0.268350
v 0.740872 -5.034647 -0.312628
v 0.728691 -5.034528 -0.302232
v 0.741630 -5.035564 -0.327776
v 0.741525 -5.041340 -0.375727
v 0.744865 -5.035750 -0.342828
v 0.744860 -5.037979 -0.381708
v 0.743285 -5.040955 -0.381110
v 0.746555 -5.039384 -0.382102
v 0.740405 -5.034084 -0.303306
v 0.743438 -5.034223 -0.305107
v 0.745371 -5.034155 -0.301932
v 0.746660 -5.034728 -0.301053
v 0.747466 -5.035529 -0.302769
v 0.747452 -5.037368 -0.332294
v 0.742644 -5.040944 -0.378419
v 0.744138 -5.041707 -0.381386
v 0.746202 -5.040680 -0.381939
v 0.745122 -5.039786 -0.381689
v 0.534860 -5.047234 -0.085567
v 0.517461 -5.054037 -0.085179
v 0.534860 -5.052206 -0.099273
v 0.534860 -5.047590 -0.095786
v 0.465169 -5.064214 -0.116289
v 0.470933 -5.074720 -0.216932
v 0.473771 -5.066700 -0.250079
v 0.474450 -5.061588 -0.249379
v 0.470933 -5.063220 -0.254069
v 0.467415 -5.061588 -0.249379
v 0.477254 -5.058718 -0.206556
v 0.473382 -5.063886 -0.133655
v 0.468508 -5.066331 -0.124831
v 0.466193 -5.064304 -0.117960
v 0.470933 -5.069005 -0.251136
v 0.464613 -5.058718 -0.206556
v 0.465466 -5.063035 -0.153221
v 0.373372 -5.072495 -0.062767
v 0.379138 -5.080364 -0.163650
v 0.381975 -5.071480 -0.196578
v 0.382655 -5.066388 -0.195743
v 0.379138 -5.067896 -0.200474
v 0.375619 -5.066388 -0.195743
v 0.385458 -5.064639 -0.152859
v 0.381585 -5.071713 -0.080117
v 0.376713 -5.074388 -0.071361
v 0.374397 -5.072542 -0.064439
v 0.379138 -5.073756 -0.197693
v 0.372816 -5.064639 -0.152859
v 0.373671 -5.070349 -0.099655
v 0.211510 -5.088387 0.061084
v 0.209865 -5.086977 0.069704
v 0.221952 -5.075984 -0.063790
v 0.221097 -5.083546 0.014990
v 0.213868 -5.086531 0.059473
v 0.215632 -5.086811 -0.123579
v 0.209310 -5.075984 -0.063790
v 0.210165 -5.083546 0.014990
v 0.212219 -5.088819 0.041054
v 0.209938 -5.086931 0.066822
v 0.213774 -5.090835 -0.003378
v 0.153718 -5.077527 -0.083853
v 0.146629 -5.086458 -0.111642
v 0.146629 -5.082409 -0.113235
v 0.142615 -5.092498 -0.022970
v 0.143535 -5.094434 0.021374
v 0.141194 -5.089624 0.052769
v 0.139540 -5.077527 -0.083853
v 0.143791 -5.086127 -0.107628
v 0.152094 -5.088377 0.036485
v 0.146629 -5.096418 -0.010478
v 0.146629 -5.091641 -0.102085
v 0.144018 -5.094596 0.037295
v 0.144772 -5.095666 0.018117
v 0.144685 -5.095531 -0.004360
v 0.051894 -5.090409 0.321840
v 0.052793 -5.084818 0.327859
v 0.053635 -5.077407 0.329890
v 0.054163 -5.069861 0.328409
v 0.054858 -5.063171 0.322542
v -0.032328 -5.117710 0.341175
v 0.034436 -5.089499 0.418622
v 0.039890 -5.082766 0.417950
v 0.049224 -5.078873 0.381175
v 0.051672 -5.093112 0.316352
v 0.052311 -5.087741 0.325401
v 0.053249 -5.081249 0.329249
v 0.053899 -5.073574 0.329568
v 0.054538 -5.066407 0.326008
v 0.054925 -5.060222 0.317431
v -0.022229 -5.117210 0.346001
v 0.010058 -5.108647 0.390643
v 0.021094 -5.101443 0.406970
v 0.030571 -5.093309 0.416410
v 0.039535 -5.105885 0.345246
v 0.037390 -5.086032 0.418922
v 0.042213 -5.079496 0.415223
v 0.052088 -5.057178 0.371021
v 0.037919 -5.114163 0.262971
v 0.019213 -5.118722 0.262971
v 0.056366 -5.032792 0.262971
v 0.052613 -5.103621 0.262971
v 0.055233 -5.051165 0.262971
v -0.116551 -5.090409 0.321840
v -0.117448 -5.084818 0.327859
v -0.118292 -5.077407 0.329890
v -0.118818 -5.069861 0.328409
v -0.119514 -5.063171 0.322542
v -0.099092 -5.089499 0.418622
v -0.104545 -5.082766 0.417950
v -0.113879 -5.078873 0.381175
v -0.116329 -5.093112 0.316352
v -0.116967 -5.087741 0.325401
v -0.117904 -5.081249 0.329249
v -0.118554 -5.073574 0.329568
v -0.119193 -5.066407 0.326008
v -0.119581 -5.060222 0.317431
v -0.042426 -5.117210 0.346001
v -0.074714 -5.108647 0.390643
v -0.085750 -5.101443 0.406970
v -0.095226 -5.093309 0.416410
v -0.104190 -5.105885 0.345246
v -0.102045 -5.086032 0.418922
v -0.106868 -5.079496 0.415223
v -0.116743 -5.057178 0.371021
v -0.102575 -5.114163 0.262971
v -0.083868 -5.118722 0.262971
v -0.121021 -5.032792 0.262971
v -0.117268 -5.103621 0.262971
v -0.119889 -5.051165 0.262971
v -0.118404 -5.081475 -0.051895
v -0.115448 -5.087935 -0.067589
v -0.118470 -5.083115 -0.053067
v -0.118535 -5.084696 -0.052096
v -0.120626 -5.048169 0.086816
v -0.094696 -5.084301 -0.191969
v -0.090867 -5.087940 -0.191922
v -0.087534 -5.090564 -0.190825
v -0.083592 -5.093245 -0.187756
v -0.101176 -5.089728 -0.160629
v -0.045829 -5.107700 -0.147491
v -0.051820 -5.107117 -0.151040
v -0.106603 -5.111446 0.091001
v -0.105373 -5.112542 0.168779
v -0.102426 -5.076499 -0.188097
v -0.098707 -5.080284 -0.190989
v -0.105631 -5.073060 -0.183617
v -0.108715 -5.096892 -0.097976
v -0.121456 -5.027324 -0.042354
v -0.120632 -5.046769 0.034440
v -0.119076 -5.098323 0.089616
v -0.064165 -5.103895 -0.163635
v -0.039223 -5.107955 -0.145442
v -0.032328 -5.108041 -0.144593
v -0.032328 -5.114133 -0.068469
v -0.121023 -5.032747 0.262209
v -0.102515 -5.114209 0.262209
v -0.083921 -5.118726 0.262209
v -0.119904 -5.051056 0.262143
v -0.117273 -5.103684 0.262209
v -0.121504 -5.030443 0.084621
v -0.121526 -5.029355 0.058334
v -0.120729 -5.045306 0.058500
v -0.120684 -5.046271 0.059305
v -0.120659 -5.046868 0.060476
v -0.120682 -5.046868 0.082480
v -0.120712 -5.046272 0.083650
v -0.120759 -5.045306 0.084455
v 0.053749 -5.081475 -0.051895
v 0.050791 -5.087935 -0.067589
v 0.053815 -5.083115 -0.053067
v 0.053879 -5.084696 -0.052096
v 0.050163 -5.098232 -0.002614
v 0.055971 -5.048169 0.086816
v 0.040119 -5.112418 0.143628
v 0.030041 -5.084301 -0.191969
v 0.026211 -5.087940 -0.191922
v 0.022877 -5.090564 -0.190825
v 0.018936 -5.093245 -0.187756
v 0.036521 -5.089728 -0.160629
v -0.018826 -5.107700 -0.147491
v -0.012835 -5.107117 -0.151040
v 0.037771 -5.076499 -0.188097
v 0.034052 -5.080284 -0.190989
v 0.040975 -5.073060 -0.183617
v 0.044058 -5.096892 -0.097976
v 0.056800 -5.027324 -0.042354
v 0.055977 -5.046769 0.034440
v 0.054421 -5.098323 0.089616
v -0.000490 -5.103895 -0.163635
v -0.025432 -5.107955 -0.145442
v 0.056368 -5.032747 0.262209
v 0.037860 -5.114209 0.262209
v 0.019266 -5.118726 0.262209
v 0.055249 -5.051056 0.262143
v 0.052618 -5.103684 0.262209
v 0.056847 -5.030443 0.084621
v 0.056869 -5.029355 0.058334
v 0.056074 -5.045306 0.058500
v 0.056029 -5.046271 0.059305
v 0.056002 -5.046868 0.060476
v 0.056027 -5.046868 0.082480
v 0.056057 -5.046272 0.083650
v 0.056104 -5.045306 0.084455
v -0.104440 -5.112319 0.084840
v -0.111393 -5.105019 0.016965
v -0.114254 -5.101077 0.019190
v -0.111087 -5.107279 0.079051
v -0.114931 -5.102963 0.075704
v -0.091329 -5.111117 -0.066087
v -0.069735 -5.113809 -0.066087
v -0.095304 -5.109257 -0.066087
v -0.104779 -5.107117 -0.039692
v -0.098615 -5.111455 -0.042333
v -0.105117 -5.109859 0.012084
v -0.101553 -5.113830 0.084840
v -0.095304 -5.112771 -0.043753
v 0.050375 -5.102135 0.050227
v 0.050679 -5.102487 0.075704
v 0.041144 -5.109416 0.012301
v 0.040190 -5.112087 0.084840
v 0.046730 -5.105005 0.016645
v 0.050004 -5.100459 0.019190
v 0.046425 -5.107292 0.079407
v 0.026674 -5.111117 -0.066087
v 0.008635 -5.113324 -0.066087
v 0.019808 -5.116986 0.084840
v 0.031054 -5.109096 -0.066087
v 0.040529 -5.106750 -0.039692
v 0.033950 -5.111449 -0.042511
v 0.036897 -5.113830 0.084840
v 0.031054 -5.112599 -0.043753
v -0.126778 -5.076163 0.324277
v -0.128806 -5.084643 -0.051572
v -0.129592 -5.097169 0.096905
v -0.126048 -5.067966 0.319527
v -0.124807 -5.052569 0.271825
v -0.125035 -5.053003 0.219676
v -0.125878 -5.058817 0.136091
v -0.127545 -5.084400 0.319378
v -0.128670 -5.095813 0.296203
v -0.118407 -5.081475 -0.051895
v -0.118535 -5.084696 -0.052096
v -0.120009 -5.061038 0.098425
v -0.119971 -5.054927 0.167554
v -0.116551 -5.090409 0.321840
v -0.117448 -5.084818 0.327859
v -0.118292 -5.077407 0.329890
v -0.118818 -5.069860 0.328409
v -0.119514 -5.063171 0.322542
v -0.129362 -5.102173 0.224958
v -0.127090 -5.082273 0.321258
v -0.126143 -5.071621 0.322279
v -0.129282 -5.083683 -0.049181
v -0.118470 -5.083115 -0.053067
v -0.119859 -5.051166 0.244319
v -0.118054 -5.103017 0.164426
v -0.117170 -5.102787 0.272999
v -0.116329 -5.093112 0.316352
v -0.116967 -5.087741 0.325401
v -0.117904 -5.081249 0.329249
v -0.118554 -5.073573 0.329568
v -0.119193 -5.066407 0.326008
v -0.119582 -5.060222 0.317431
v -0.119500 -5.054899 0.300329
v -0.127834 -5.090065 0.310794
v -0.125106 -5.057625 0.299148
v -0.127123 -5.067144 0.062706
v -0.543331 -5.053031 -0.204830
v -0.126409 -5.063261 0.095134
v -0.806320 -5.037424 -0.347518
v -0.806181 -5.041340 -0.375728
v -0.388515 -5.067079 -0.133451
v -0.128803 -5.084643 -0.051572
v -0.468493 -5.049331 -0.119491
v -0.806306 -5.036174 -0.334402
v -0.806262 -5.039280 -0.361519
v -0.597346 -5.054210 -0.254589
v -0.257973 -5.074962 -0.091532
v -0.129282 -5.083683 -0.049181
v -0.467821 -5.048087 -0.106306
v -0.657951 -5.041368 -0.234467
v -0.126032 -5.060121 0.124084
v -0.291420 -5.054234 0.012601
v -0.473703 -5.049805 -0.127321
v -0.128292 -5.076667 -0.005810
v -0.128270 -5.076547 -0.004997
v -0.549601 -5.049521 -0.194573
v -0.578123 -5.055394 -0.243439
v -0.577456 -5.054870 -0.241238
v -0.577378 -5.055440 -0.243006
v -0.496709 -5.057552 -0.187040
v -0.340870 -5.069956 -0.118153
v -0.387087 -5.067165 -0.132992
v -0.386318 -5.067191 -0.132621
v -0.341640 -5.069909 -0.118399
v -0.218654 -5.065517 0.000440
v -0.128718 -5.080040 -0.027328
v -0.128703 -5.079912 -0.026517
v -0.385935 -5.053827 -0.075235
v -0.323168 -5.055994 -0.033262
v -0.406034 -5.052086 -0.081708
v -0.556567 -5.046799 -0.183178
v -0.316245 -5.064619 -0.069352
v -0.340087 -5.061964 -0.078321
v -0.340507 -5.066932 -0.099775
v -0.385195 -5.054038 -0.075974
v -0.578756 -5.051674 -0.228710
v -0.340007 -5.061096 -0.074174
v -0.392798 -5.057953 -0.103360
v -0.386410 -5.058174 -0.099056
v -0.340778 -5.061123 -0.074953
v -0.386796 -5.062804 -0.118403
v -0.340073 -5.061788 -0.077510
v -0.577612 -5.054032 -0.237562
v -0.340490 -5.066796 -0.098946
v -0.212106 -5.071281 -0.033699
v -0.269967 -5.061440 -0.016879
v -0.263375 -5.067899 -0.051251
v -0.212834 -5.071233 -0.033948
v -0.219250 -5.065576 -0.000499
v -0.322293 -5.056189 -0.033781
v -0.315518 -5.064664 -0.069103
v -0.270696 -5.061362 -0.017116
v -0.264103 -5.067851 -0.051500
v -0.477481 -5.058191 -0.174132
v -0.438145 -5.056661 -0.134848
v -0.577973 -5.051929 -0.229103
v -0.386429 -5.058362 -0.099987
v -0.386779 -5.062525 -0.117492
v -0.577648 -5.053833 -0.236687
v -0.393446 -5.057921 -0.103756
v -0.443423 -5.050964 -0.107831
v -0.430584 -5.056705 -0.128832
v -0.406270 -5.052216 -0.082785
v -0.444018 -5.050958 -0.108321
v -0.480885 -5.049685 -0.133082
v -0.468046 -5.055484 -0.154085
v -0.431217 -5.056684 -0.129259
v -0.506664 -5.054226 -0.180114
v -0.468681 -5.055463 -0.154510
v -0.481518 -5.049663 -0.133509
v -0.519501 -5.048285 -0.159113
v -0.542303 -5.053064 -0.204138
v -0.542774 -5.053009 -0.204276
v -0.541751 -5.053082 -0.203767
v -0.547898 -5.049940 -0.195896
v -0.507298 -5.054204 -0.180537
v -0.555535 -5.046978 -0.183402
v -0.520135 -5.048262 -0.159539
v -0.763656 -5.043961 -0.351060
v -0.763028 -5.043301 -0.347834
v -0.762909 -5.044007 -0.350628
v -0.763120 -5.042774 -0.345748
v -0.596096 -5.048336 -0.229461
v -0.763135 -5.042712 -0.345338
v -0.596181 -5.048036 -0.227461
v -0.595079 -5.054317 -0.253171
v -0.594332 -5.054395 -0.252841
v -0.596220 -5.047902 -0.226567
v -0.763570 -5.041189 -0.335176
v -0.764353 -5.041027 -0.334774
v -0.595515 -5.047799 -0.225201
v -0.448948 -5.049780 0.032323
v -0.721204 -5.037742 -0.206196
v -0.683614 -5.042594 -0.169876
v -0.126048 -5.067966 0.319527
v -0.125671 -5.065937 0.316538
v -0.449135 -5.046203 0.017765
v -0.444100 -5.044240 0.011276
v -0.695492 -5.036612 -0.203768
v -0.510710 -5.044758 -0.027531
v -0.125404 -5.060336 0.306551
v -0.443723 -5.043825 0.003525
v -0.124867 -5.053719 0.284582
v -0.706628 -5.036111 -0.219335
v -0.708398 -5.036302 -0.227300
v -0.717221 -5.036183 -0.214873
v -0.745560 -5.035476 -0.232403
v -0.805062 -5.034083 -0.303306
v -0.808267 -5.035289 -0.281327
v -0.810681 -5.035206 -0.285696
v -0.811921 -5.035292 -0.293517
v -0.808093 -5.034223 -0.305107
v -0.810024 -5.034155 -0.301932
v -0.811317 -5.034728 -0.301054
v -0.812121 -5.035529 -0.302770
v -0.388462 -5.060124 0.090146
v -0.125106 -5.057625 0.299149
v -0.125154 -5.055798 0.293373
v -0.124807 -5.052569 0.271825
v -0.778895 -5.034410 -0.287289
v -0.773757 -5.033890 -0.268859
v -0.782059 -5.036756 -0.256394
v -0.793293 -5.034524 -0.302128
v -0.810432 -5.034397 -0.288431
v -0.126143 -5.071621 0.322279
v -0.126350 -5.074038 0.323451
v -0.125492 -5.063652 0.312700
v -0.124793 -5.052503 0.268350
v -0.805528 -5.034647 -0.312628
v -0.793346 -5.034528 -0.302232
v -0.599514 -5.047234 -0.085567
v -0.582117 -5.054037 -0.085179
v -0.599514 -5.052206 -0.099273
v -0.599514 -5.047590 -0.095786
v -0.806284 -5.035564 -0.327776
v -0.806181 -5.041340 -0.375727
v -0.809520 -5.035750 -0.342828
v -0.809517 -5.037979 -0.381708
v -0.807940 -5.040955 -0.381110
v -0.811209 -5.039384 -0.382102
v -0.805062 -5.034084 -0.303306
v -0.808093 -5.034223 -0.305107
v -0.810024 -5.034155 -0.301932
v -0.811314 -5.034728 -0.301053
v -0.812121 -5.035529 -0.302769
v -0.812107 -5.037368 -0.332294
v -0.807298 -5.040944 -0.378419
v -0.808792 -5.041707 -0.381386
v -0.810856 -5.040680 -0.381939
v -0.809776 -5.039786 -0.381689
v -0.218373 -5.077527 -0.083853
v -0.211285 -5.086458 -0.111642
v -0.211285 -5.082409 -0.113235
v -0.207270 -5.092498 -0.022970
v -0.208192 -5.094434 0.021374
v -0.205850 -5.089624 0.052769
v -0.204195 -5.077527 -0.083853
v -0.208446 -5.086127 -0.107628
v -0.216750 -5.088377 0.036485
v -0.211285 -5.096418 -0.010478
v -0.211285 -5.091641 -0.102085
v -0.208673 -5.094596 0.037295
v -0.209428 -5.095666 0.018117
v -0.209340 -5.095531 -0.004360
v -0.276165 -5.088387 0.061084
v -0.274521 -5.086977 0.069704
v -0.286607 -5.075984 -0.063790
v -0.285753 -5.083546 0.014990
v -0.278523 -5.086531 0.059473
v -0.280287 -5.086811 -0.123579
v -0.273965 -5.075984 -0.063790
v -0.274820 -5.083546 0.014990
v -0.276875 -5.088819 0.041054
v -0.274595 -5.086931 0.066822
v -0.278431 -5.090835 -0.003378
v -0.438028 -5.072495 -0.062767
v -0.443793 -5.080364 -0.163650
v -0.446632 -5.071480 -0.196578
v -0.447310 -5.066388 -0.195743
v -0.443793 -5.067896 -0.200474
v -0.440276 -5.066388 -0.195743
v -0.450112 -5.064639 -0.152859
v -0.446240 -5.071713 -0.080117
v -0.441368 -5.074388 -0.071361
v -0.439053 -5.072542 -0.064439
v -0.443793 -5.073756 -0.197693
v -0.437471 -5.064639 -0.152859
v -0.438325 -5.070349 -0.099655
v -0.529823 -5.064214 -0.116289
v -0.535587 -5.074720 -0.216932
v -0.538424 -5.066700 -0.250079
v -0.539107 -5.061588 -0.249379
v -0.535592 -5.063220 -0.254069
v -0.532073 -5.061588 -0.249379
v -0.541909 -5.058718 -0.206556
v -0.538039 -5.063886 -0.133655
v -0.533164 -5.066331 -0.124831
v -0.530848 -5.064304 -0.117960
v -0.535592 -5.069005 -0.251136
v -0.529267 -5.058718 -0.206556
v -0.530123 -5.063035 -0.153221
v -0.062489 -4.955017 -0.782213
v -0.052084 -4.957011 -0.847338
v -0.064571 -4.954789 -0.783279
v -0.138996 -4.947626 -0.872246
v -0.140204 -4.946962 -0.838434
v -0.144629 -4.946465 -0.829110
v -0.145171 -4.946333 -0.827965
v -0.063826 -4.969151 -0.782949
v -0.052598 -4.962446 -0.847622
v -0.065904 -4.968874 -0.784014
v -0.139484 -4.952795 -0.872517
v -0.141123 -4.956697 -0.838941
v -0.145654 -4.957314 -0.829676
v -0.146223 -4.957459 -0.828545
v -0.051787 -4.957344 -0.849323
v -0.051107 -4.958017 -0.853182
v -0.050479 -4.959466 -0.855926
v -0.100371 -4.951766 -0.861971
v -0.051971 -4.957138 -0.848099
v -0.138771 -4.948303 -0.878492
v -0.138809 -4.948150 -0.877472
v -0.138681 -4.949799 -0.881299
v -0.138968 -4.947691 -0.873032
v -0.138821 -4.948102 -0.877148
v -0.052223 -4.961974 -0.849565
v -0.051392 -4.961045 -0.853340
v -0.100870 -4.957032 -0.862246
v -0.052457 -4.962265 -0.848367
v -0.139079 -4.951533 -0.878660
v -0.139153 -4.951780 -0.877663
v -0.139437 -4.952656 -0.873291
v -0.139176 -4.951859 -0.877343
v -0.168751 -4.944987 -0.887158
v -0.155029 -4.948008 -0.886272
v -0.209312 -4.940328 -0.893192
v -0.169739 -4.944441 -0.881850
v -0.268785 -4.935535 -0.918823
v -0.268917 -4.934486 -0.914760
v -0.269084 -4.934063 -0.910323
v -0.268900 -4.934530 -0.915284
v -0.139632 -4.948207 -0.878740
v -0.139518 -4.949696 -0.881770
v -0.139834 -4.947600 -0.873279
v -0.169060 -4.948273 -0.887330
v -0.155028 -4.947978 -0.886272
v -0.209717 -4.944616 -0.893416
v -0.170184 -4.949167 -0.882097
v -0.269151 -4.936954 -0.914889
v -0.269435 -4.937793 -0.910517
v -0.269121 -4.936861 -0.915406
v -0.139940 -4.951439 -0.878909
v -0.140304 -4.952558 -0.873538
v -0.269114 -4.933989 -0.909537
v -0.269579 -4.933099 -0.896939
v -0.145912 -4.946256 -0.828374
v -0.139860 -4.947535 -0.872495
v -0.141092 -4.946869 -0.838631
v -0.269487 -4.937942 -0.909743
v -0.270234 -4.940020 -0.897299
v -0.146957 -4.957355 -0.828953
v -0.140350 -4.952697 -0.872764
v -0.142012 -4.956601 -0.839139
v 0.104093 -4.944987 -0.887158
v 0.090374 -4.948008 -0.886272
v 0.144652 -4.940328 -0.893192
v 0.105080 -4.944441 -0.881850
v 0.204130 -4.935535 -0.918823
v 0.204261 -4.934486 -0.914760
v 0.204425 -4.934063 -0.910323
v 0.204241 -4.934530 -0.915284
v 0.074977 -4.948207 -0.878740
v 0.074861 -4.949696 -0.881770
v 0.075175 -4.947600 -0.873279
v 0.104405 -4.948273 -0.887330
v 0.090372 -4.947978 -0.886271
v 0.145061 -4.944616 -0.893416
v 0.105529 -4.949167 -0.882096
v 0.204496 -4.936954 -0.914889
v 0.204779 -4.937793 -0.910517
v 0.204461 -4.936861 -0.915406
v 0.075283 -4.951439 -0.878909
v 0.075644 -4.952558 -0.873538
v -0.012871 -4.957344 -0.849323
v -0.013550 -4.958017 -0.853182
v -0.014179 -4.959466 -0.855926
v 0.035716 -4.951766 -0.861971
v -0.012684 -4.957138 -0.848099
v 0.074116 -4.948303 -0.878492
v 0.074152 -4.948150 -0.877472
v 0.074025 -4.949800 -0.881299
v 0.074310 -4.947691 -0.873032
v 0.074163 -4.948102 -0.877148
v -0.012432 -4.961974 -0.849564
v -0.013264 -4.961046 -0.853340
v 0.036215 -4.957032 -0.862246
v -0.012201 -4.962266 -0.848367
v 0.074422 -4.951533 -0.878660
v 0.074497 -4.951780 -0.877663
v 0.074780 -4.952656 -0.873290
v 0.074519 -4.951859 -0.877343
v -0.002171 -4.955017 -0.782213
v -0.012571 -4.957011 -0.847338
v -0.000084 -4.954789 -0.783279
v 0.074340 -4.947626 -0.872246
v 0.075549 -4.946962 -0.838434
v 0.079969 -4.946465 -0.829110
v 0.080516 -4.946333 -0.827965
v -0.000829 -4.969151 -0.782949
v -0.012057 -4.962447 -0.847622
v 0.001247 -4.968874 -0.784014
v 0.074829 -4.952796 -0.872517
v 0.076468 -4.956697 -0.838941
v 0.080997 -4.957315 -0.829676
v 0.081568 -4.957459 -0.828545
v 0.204455 -4.933989 -0.909537
v 0.204924 -4.933099 -0.896939
v 0.081252 -4.946256 -0.828374
v 0.075205 -4.947535 -0.872495
v 0.076436 -4.946869 -0.838631
v 0.204830 -4.937942 -0.909743
v 0.205579 -4.940020 -0.897299
v 0.082304 -4.957355 -0.828953
v 0.075694 -4.952697 -0.872764
v 0.077357 -4.956601 -0.839139
v 0.656738 -5.043101 -0.206040
v 0.383685 -5.063499 0.033159
v 0.618958 -5.042595 -0.169875
v 0.063179 -5.090065 0.310795
v 0.063624 -5.091957 0.306513
v 0.379843 -5.070583 0.011787
v 0.384790 -5.067565 0.018235
v 0.631496 -5.048048 -0.203558
v 0.446343 -5.061337 -0.027174
v 0.064322 -5.098775 0.284492
v 0.653199 -5.045577 -0.214705
v 0.681452 -5.042629 -0.232274
v 0.741525 -5.041340 -0.375727
v 0.743610 -5.035289 -0.281325
v 0.746025 -5.035206 -0.285696
v 0.747268 -5.035292 -0.293516
v 0.744138 -5.041707 -0.381385
v 0.745355 -5.041681 -0.381667
v 0.747383 -5.038465 -0.349325
v 0.064150 -5.084643 -0.051572
v 0.745122 -5.039786 -0.381687
v 0.323805 -5.060124 0.090146
v 0.062122 -5.076163 0.324278
v 0.061694 -5.074038 0.323451
v 0.062433 -5.082273 0.321259
v 0.062891 -5.084400 0.319378
v 0.064013 -5.095813 0.296204
v 0.709821 -5.041350 -0.268734
v 0.717405 -5.036756 -0.256394
v 0.323860 -5.067079 -0.133451
v 0.746019 -5.036167 -0.288410
v 0.743285 -5.040955 -0.381110
v 0.742644 -5.040944 -0.378418
v 0.746555 -5.039384 -0.382102
v 0.746202 -5.040680 -0.381939
v 0.746454 -5.040795 -0.371129
v 0.062216 -5.079885 0.322588
v 0.062961 -5.087881 0.314654
v -0.720987 -5.043101 -0.206040
v -0.447934 -5.063499 0.033159
v -0.683209 -5.042595 -0.169875
v -0.127428 -5.090065 0.310795
v -0.127876 -5.091957 0.306513
v -0.444093 -5.070583 0.011787
v -0.449040 -5.067565 0.018235
v -0.695745 -5.048048 -0.203558
v -0.510592 -5.061337 -0.027174
v -0.128571 -5.098775 0.284492
v -0.717448 -5.045577 -0.214705
v -0.745703 -5.042629 -0.232274
v -0.805771 -5.041340 -0.375727
v -0.807859 -5.035289 -0.281325
v -0.810276 -5.035206 -0.285696
v -0.811518 -5.035292 -0.293516
v -0.808387 -5.041707 -0.381385
v -0.809606 -5.041681 -0.381667
v -0.811632 -5.038465 -0.349325
v -0.128400 -5.084643 -0.051572
v -0.809371 -5.039786 -0.381687
v -0.388057 -5.060124 0.090146
v -0.126376 -5.076163 0.324278
v -0.125945 -5.074038 0.323451
v -0.126685 -5.082273 0.321259
v -0.127139 -5.084400 0.319378
v -0.128265 -5.095813 0.296204
v -0.774070 -5.041350 -0.268734
v -0.781656 -5.036756 -0.256394
v -0.388109 -5.067079 -0.133451
v -0.810270 -5.036167 -0.288410
v -0.807535 -5.040955 -0.381109
v -0.806895 -5.040944 -0.378418
v -0.810806 -5.039384 -0.382102
v -0.810451 -5.040680 -0.381939
v -0.810704 -5.040795 -0.371129
v -0.126467 -5.079885 0.322588
v -0.127212 -5.087881 0.314654
v 0.519233 -5.083958 -0.065467
v 0.505682 -5.094804 -0.067271
v 0.502424 -5.102664 -0.067271
v 0.502424 -5.111171 -0.067271
v 0.505682 -5.119032 -0.067271
v 0.511696 -5.125048 -0.067271
v 0.519557 -5.128304 -0.067271
v 0.528066 -5.128304 -0.067271
v 0.535925 -5.125048 -0.067271
v 0.541941 -5.119032 -0.067271
v 0.545197 -5.111171 -0.067271
v 0.545197 -5.102664 -0.067271
v 0.541941 -5.094804 -0.067271
v 0.535925 -5.088788 -0.067271
v 0.518302 -5.079454 -0.012902
v 0.518629 -5.081108 -0.057767
v 0.518960 -5.082689 -0.065467
v 0.519300 -5.084373 -0.067272
v 0.508122 -5.083909 -0.013168
v 0.509991 -5.086438 -0.065467
v 0.510968 -5.087824 -0.067272
v 0.505029 -5.088696 -0.057782
v 0.506224 -5.089557 -0.065467
v 0.500330 -5.092044 -0.013652
v 0.504593 -5.094201 -0.067272
v 0.500830 -5.097679 -0.065467
v 0.496113 -5.102512 -0.014275
v 0.497760 -5.102672 -0.057808
v 0.501141 -5.102533 -0.067272
v 0.498936 -5.107235 -0.065468
v 0.496113 -5.113684 -0.014940
v 0.499415 -5.112100 -0.065469
v 0.501141 -5.111552 -0.067272
v 0.500330 -5.123903 -0.015548
v 0.501725 -5.122807 -0.057847
v 0.503130 -5.121078 -0.065470
v 0.504593 -5.119884 -0.067272
v 0.508122 -5.131687 -0.016012
v 0.508415 -5.132124 -0.038320
v 0.509504 -5.129008 -0.062526
v 0.509991 -5.127944 -0.065470
v 0.510968 -5.126261 -0.067272
v 0.514293 -5.130243 -0.065470
v 0.518302 -5.135893 -0.016262
v 0.519300 -5.129712 -0.067272
v 0.523811 -5.136793 -0.038406
v 0.523811 -5.132136 -0.065470
v 0.529319 -5.135893 -0.016262
v 0.528319 -5.129712 -0.067272
v 0.533330 -5.130243 -0.065470
v 0.539499 -5.131687 -0.016012
v 0.539208 -5.132124 -0.038320
v 0.536652 -5.126261 -0.067272
v 0.541399 -5.124850 -0.065470
v 0.547293 -5.123903 -0.015548
v 0.544493 -5.121078 -0.065470
v 0.543030 -5.119884 -0.067272
v 0.548350 -5.118195 -0.057839
v 0.551507 -5.113684 -0.014940
v 0.549066 -5.112583 -0.062518
v 0.548207 -5.112100 -0.065469
v 0.546480 -5.111552 -0.067272
v 0.548685 -5.107235 -0.065468
v 0.551507 -5.102512 -0.014275
v 0.546480 -5.102533 -0.067272
v 0.546790 -5.097679 -0.065467
v 0.547293 -5.092044 -0.013652
v 0.544493 -5.093353 -0.065467
v 0.543030 -5.094201 -0.067272
v 0.539499 -5.083909 -0.013168
v 0.536652 -5.087824 -0.067272
v 0.529319 -5.079454 -0.012902
v 0.528319 -5.084373 -0.067272
v 0.291068 -5.101100 0.191083
v 0.290790 -5.099678 0.183272
v 0.281400 -5.105179 0.190766
v 0.280610 -5.104132 0.183006
v 0.274002 -5.112680 0.190184
v 0.272819 -5.112267 0.182522
v 0.271524 -5.117362 0.189822
v 0.270210 -5.117308 0.182222
v 0.269997 -5.122427 0.189429
v 0.268602 -5.122735 0.181898
v 0.269482 -5.127680 0.189022
v 0.268061 -5.128339 0.181565
v 0.269997 -5.132922 0.188615
v 0.268602 -5.133906 0.181233
v 0.271524 -5.137952 0.188226
v 0.270210 -5.139235 0.180916
v 0.277336 -5.146637 0.187551
v 0.276332 -5.148404 0.180370
v 0.286038 -5.152433 0.187103
v 0.285494 -5.154514 0.180006
v 0.296299 -5.154467 0.186945
v 0.296299 -5.156658 0.179879
v 0.306561 -5.152433 0.187103
v 0.307107 -5.154514 0.180006
v 0.315263 -5.146637 0.187551
v 0.316269 -5.148404 0.180370
v 0.321077 -5.137952 0.188226
v 0.322391 -5.139235 0.180916
v 0.323119 -5.127680 0.189022
v 0.324540 -5.128339 0.181565
v 0.321077 -5.117362 0.189822
v 0.322391 -5.117308 0.182222
v 0.315263 -5.108565 0.190504
v 0.316269 -5.107814 0.182786
v 0.306561 -5.102656 0.190961
v 0.307107 -5.101380 0.183169
v 0.301532 -5.101100 0.191083
v 0.301810 -5.099678 0.183272
v 0.302866 -5.109357 0.140001
v 0.296299 -5.115900 0.063691
v 0.306871 -5.122498 0.064258
v 0.312057 -5.118919 0.145304
v 0.304027 -5.111866 0.145111
v 0.296299 -5.108170 0.140034
v 0.296299 -5.109712 0.144779
v 0.315719 -5.130513 0.144706
v 0.310419 -5.144120 0.144105
v 0.296299 -5.150516 0.143634
v 0.306885 -5.141119 0.064397
v 0.296299 -5.146315 0.064154
v 0.310721 -5.130902 0.064830
v 0.289730 -5.109357 0.140001
v 0.285725 -5.122498 0.064258
v 0.280543 -5.118919 0.145304
v 0.288571 -5.111866 0.145111
v 0.276877 -5.130513 0.144706
v 0.282177 -5.144120 0.144104
v 0.285715 -5.141119 0.064397
v 0.281875 -5.130902 0.064830
v 0.314688 -5.124247 0.145054
v 0.314218 -5.137554 0.144401
v 0.303966 -5.148620 0.143798
v 0.302054 -5.144736 0.064218
v 0.309686 -5.136108 0.064678
v 0.315900 -5.129982 0.136793
v 0.313650 -5.124842 0.105878
v 0.309677 -5.126402 0.064618
v 0.277911 -5.124247 0.145054
v 0.278380 -5.137554 0.144401
v 0.288633 -5.148620 0.143798
v 0.290544 -5.144736 0.064218
v 0.282911 -5.136108 0.064677
v 0.278949 -5.124843 0.105891
v 0.282919 -5.126402 0.064618
v 0.301858 -5.114604 0.080846
v 0.301793 -5.114659 0.080211
v 0.302922 -5.146531 0.080846
v 0.302883 -5.146489 0.080211
v 0.297305 -5.148328 0.080211
v 0.311636 -5.136587 0.080846
v 0.311580 -5.136580 0.080211
v 0.311610 -5.125855 0.080846
v 0.290738 -5.114604 0.080846
v 0.290805 -5.114659 0.080211
v 0.289674 -5.146526 0.080846
v 0.289715 -5.146484 0.080211
v 0.295294 -5.148327 0.080211
v 0.280963 -5.136588 0.080846
v 0.281019 -5.136580 0.080211
v 0.281052 -5.125881 0.080211
v 0.309546 -5.121548 0.080846
v 0.309486 -5.121583 0.080211
v 0.308771 -5.142287 0.080846
v 0.308713 -5.142259 0.080211
v 0.296299 -5.148705 0.080846
v 0.296299 -5.148639 0.080211
v 0.312602 -5.130689 0.080846
v 0.312544 -5.130698 0.080211
v 0.283054 -5.121549 0.080846
v 0.283110 -5.121583 0.080211
v 0.283829 -5.142286 0.080846
v 0.283886 -5.142258 0.080211
v 0.279997 -5.130690 0.080846
v 0.280055 -5.130699 0.080211
v 0.312057 -5.118919 0.145304
v 0.304025 -5.111866 0.145111
v 0.296299 -5.109712 0.144779
v 0.296299 -5.111803 0.150923
v 0.302877 -5.113404 0.150998
v 0.309782 -5.119492 0.151365
v 0.313080 -5.130023 0.151826
v 0.315719 -5.130513 0.144706
v 0.308104 -5.141690 0.152533
v 0.310419 -5.144120 0.144104
v 0.296299 -5.146958 0.152893
v 0.296299 -5.150516 0.143634
v 0.280543 -5.118919 0.145304
v 0.288571 -5.111866 0.145110
v 0.289722 -5.113404 0.150998
v 0.282816 -5.119492 0.151365
v 0.279516 -5.130023 0.151826
v 0.276877 -5.130513 0.144706
v 0.284496 -5.141690 0.152533
v 0.282177 -5.144120 0.144104
v 0.312161 -5.124360 0.151573
v 0.314688 -5.124247 0.145054
v 0.311572 -5.136132 0.152176
v 0.314218 -5.137554 0.144401
v 0.302641 -5.145411 0.152785
v 0.303966 -5.148620 0.143798
v 0.284386 -5.114840 0.145284
v 0.286150 -5.115896 0.151161
v 0.280435 -5.124360 0.151573
v 0.277911 -5.124247 0.145054
v 0.281027 -5.136132 0.152176
v 0.278380 -5.137554 0.144400
v 0.289957 -5.145411 0.152785
v 0.288633 -5.148620 0.143798
v 0.302997 -5.105449 0.140109
v 0.304377 -5.110730 0.126419
v 0.296299 -5.107654 0.050955
v 0.300843 -5.100055 0.043613
v 0.296299 -5.115900 0.063691
v 0.299100 -5.089772 0.002650
v 0.289600 -5.105449 0.140109
v 0.288221 -5.110731 0.126419
v 0.295149 -5.098880 0.182903
v 0.291165 -5.090723 0.022636
v 0.291491 -5.106713 0.060826
v 0.293833 -5.082658 -0.022570
v 0.302866 -5.109357 0.140001
v 0.300263 -5.115318 0.072373
v 0.296313 -5.082094 -0.039895
v 0.296299 -5.108170 0.140034
v 0.289730 -5.109357 0.140001
v 0.292333 -5.115319 0.072373
v 0.297125 -5.079229 -0.046753
v 0.292124 -5.073789 0.106570
v 0.300525 -5.072036 0.101894
v 0.303033 -5.077446 0.078172
v 0.297779 -5.079640 -0.039581
v 0.296318 -5.078944 -0.051702
v 0.301466 -5.080678 0.008547
v 0.289516 -5.079681 0.080461
v 0.296079 -5.079111 -0.049875
v 0.292852 -5.080999 -0.017101
v 0.530508 -5.085225 -0.055340
v 0.531888 -5.090507 -0.069030
v 0.523811 -5.087430 -0.144494
v 0.528355 -5.079831 -0.151836
v 0.523811 -5.095676 -0.131757
v 0.526613 -5.069549 -0.192799
v 0.517115 -5.085225 -0.055340
v 0.515733 -5.090507 -0.069030
v 0.522660 -5.078657 -0.012545
v 0.518677 -5.070500 -0.172813
v 0.519004 -5.086489 -0.134623
v 0.519890 -5.065509 -0.195637
v 0.519188 -5.061470 -0.194793
v 0.521010 -5.069547 -0.192802
v 0.530379 -5.089134 -0.055449
v 0.527775 -5.095096 -0.123075
v 0.523813 -5.068493 -0.202778
v 0.523811 -5.087946 -0.055416
v 0.517243 -5.089134 -0.055449
v 0.519846 -5.095096 -0.123075
v 0.518030 -5.065105 -0.170423
v 0.519647 -5.054072 -0.087526
v 0.528029 -5.052119 -0.092738
v 0.529371 -5.054730 -0.099607
v 0.523832 -5.058625 -0.226100
v 0.528371 -5.060894 -0.195846
v 0.517088 -5.060750 -0.132540
v 0.519197 -5.061382 -0.194953
v 0.519182 -5.061392 -0.194775
v 0.530379 -5.089134 -0.055449
v 0.523811 -5.095676 -0.131757
v 0.534382 -5.102275 -0.131192
v 0.539568 -5.098696 -0.050145
v 0.531538 -5.091643 -0.050339
v 0.523811 -5.087946 -0.055416
v 0.523811 -5.089488 -0.050671
v 0.543232 -5.110291 -0.050743
v 0.537932 -5.123897 -0.051344
v 0.523811 -5.130293 -0.051815
v 0.534397 -5.120895 -0.131053
v 0.523811 -5.126091 -0.131294
v 0.538232 -5.110679 -0.130619
v 0.517243 -5.089134 -0.055449
v 0.513238 -5.102275 -0.131192
v 0.508054 -5.098696 -0.050145
v 0.516082 -5.091643 -0.050339
v 0.504388 -5.110291 -0.050743
v 0.509690 -5.123897 -0.051344
v 0.513224 -5.120896 -0.131053
v 0.509388 -5.110679 -0.130619
v 0.542199 -5.104023 -0.050395
v 0.541730 -5.117331 -0.051049
v 0.531477 -5.128397 -0.051651
v 0.529566 -5.124512 -0.131231
v 0.537199 -5.115885 -0.130772
v 0.543411 -5.109759 -0.058656
v 0.541163 -5.104619 -0.089571
v 0.537189 -5.106179 -0.130832
v 0.505424 -5.104023 -0.050395
v 0.505893 -5.117332 -0.051049
v 0.516146 -5.128397 -0.051651
v 0.518055 -5.124513 -0.131231
v 0.510422 -5.115885 -0.130772
v 0.506460 -5.104619 -0.089558
v 0.510430 -5.106179 -0.130832
v 0.529371 -5.094380 -0.114603
v 0.529304 -5.094436 -0.115239
v 0.530433 -5.126308 -0.114603
v 0.530393 -5.126266 -0.115239
v 0.524818 -5.128105 -0.115239
v 0.539146 -5.116364 -0.114603
v 0.539091 -5.116357 -0.115239
v 0.539121 -5.105632 -0.114603
v 0.518249 -5.094381 -0.114603
v 0.518316 -5.094436 -0.115239
v 0.517188 -5.126303 -0.114603
v 0.517227 -5.126261 -0.115239
v 0.522807 -5.128104 -0.115239
v 0.508474 -5.116364 -0.114603
v 0.508530 -5.116357 -0.115239
v 0.508565 -5.105657 -0.115239
v 0.537057 -5.101325 -0.114603
v 0.536999 -5.101361 -0.115239
v 0.536280 -5.122064 -0.114603
v 0.536224 -5.122036 -0.115239
v 0.523811 -5.128481 -0.114603
v 0.523811 -5.128415 -0.115239
v 0.540113 -5.110466 -0.114603
v 0.540057 -5.110475 -0.115239
v 0.510566 -5.101326 -0.114603
v 0.510622 -5.101361 -0.115239
v 0.511340 -5.122063 -0.114603
v 0.511399 -5.122035 -0.115239
v 0.507507 -5.110466 -0.114603
v 0.507565 -5.110475 -0.115239
v 0.518580 -5.080877 -0.004367
v 0.518302 -5.079454 -0.012178
v 0.508913 -5.084955 -0.004683
v 0.508122 -5.083909 -0.012443
v 0.501513 -5.092457 -0.005265
v 0.500330 -5.092044 -0.012928
v 0.499035 -5.097139 -0.005628
v 0.497721 -5.097085 -0.013228
v 0.497508 -5.102204 -0.006021
v 0.496113 -5.102512 -0.013551
v 0.496993 -5.107458 -0.006428
v 0.495571 -5.108115 -0.013885
v 0.497508 -5.112698 -0.006834
v 0.496113 -5.113684 -0.014216
v 0.499035 -5.117729 -0.007224
v 0.497721 -5.119011 -0.014533
v 0.504849 -5.126414 -0.007897
v 0.503843 -5.128181 -0.015079
v 0.513547 -5.132209 -0.008346
v 0.513004 -5.134291 -0.015443
v 0.523811 -5.134244 -0.008505
v 0.523811 -5.136435 -0.015571
v 0.534074 -5.132209 -0.008346
v 0.534618 -5.134291 -0.015443
v 0.542775 -5.126414 -0.007897
v 0.543780 -5.128181 -0.015079
v 0.548588 -5.117729 -0.007224
v 0.549902 -5.119011 -0.014533
v 0.550630 -5.107458 -0.006428
v 0.552050 -5.108115 -0.013885
v 0.548588 -5.097139 -0.005628
v 0.549902 -5.097085 -0.013228
v 0.542775 -5.088342 -0.004946
v 0.543780 -5.087590 -0.012663
v 0.534074 -5.082433 -0.004487
v 0.534618 -5.081157 -0.012280
v 0.529044 -5.080877 -0.004367
v 0.529319 -5.079454 -0.012178
v 0.539568 -5.098696 -0.050145
v 0.531538 -5.091643 -0.050339
v 0.523811 -5.089488 -0.050671
v 0.523811 -5.091579 -0.044527
v 0.530388 -5.093180 -0.044450
v 0.537293 -5.099268 -0.044085
v 0.540593 -5.109800 -0.043623
v 0.543232 -5.110291 -0.050743
v 0.535614 -5.121466 -0.042916
v 0.537930 -5.123897 -0.051344
v 0.523811 -5.126735 -0.042556
v 0.523811 -5.130293 -0.051815
v 0.508054 -5.098696 -0.050145
v 0.516082 -5.091643 -0.050339
v 0.517233 -5.093181 -0.044450
v 0.510327 -5.099268 -0.044085
v 0.507027 -5.109800 -0.043623
v 0.504390 -5.110291 -0.050743
v 0.512008 -5.121466 -0.042916
v 0.509690 -5.123897 -0.051344
v 0.539674 -5.104136 -0.043877
v 0.542199 -5.104023 -0.050395
v 0.539085 -5.115909 -0.043272
v 0.541730 -5.117331 -0.051049
v 0.530150 -5.125188 -0.042664
v 0.531477 -5.128397 -0.051651
v 0.511897 -5.094616 -0.050164
v 0.513661 -5.095672 -0.044289
v 0.507947 -5.104136 -0.043877
v 0.505424 -5.104023 -0.050395
v 0.508538 -5.115909 -0.043273
v 0.505893 -5.117332 -0.051049
v 0.517469 -5.125188 -0.042664
v 0.516146 -5.128397 -0.051651
v -0.583887 -5.083958 -0.065467
v -0.570337 -5.094804 -0.067271
v -0.567079 -5.102664 -0.067271
v -0.567079 -5.111171 -0.067271
v -0.570337 -5.119032 -0.067271
v -0.576353 -5.125048 -0.067271
v -0.584212 -5.128304 -0.067271
v -0.592721 -5.128304 -0.067271
v -0.600581 -5.125048 -0.067271
v -0.606596 -5.119032 -0.067271
v -0.609853 -5.111171 -0.067271
v -0.609853 -5.102664 -0.067271
v -0.606596 -5.094804 -0.067271
v -0.600581 -5.088788 -0.067271
v -0.582959 -5.079454 -0.012902
v -0.583284 -5.081108 -0.057767
v -0.583615 -5.082689 -0.065467
v -0.583956 -5.084373 -0.067272
v -0.572778 -5.083909 -0.013168
v -0.574648 -5.086438 -0.065467
v -0.575625 -5.087824 -0.067272
v -0.569684 -5.088696 -0.057782
v -0.570878 -5.089557 -0.065467
v -0.564985 -5.092044 -0.013652
v -0.569248 -5.094201 -0.067272
v -0.565487 -5.097679 -0.065467
v -0.560768 -5.102512 -0.014275
v -0.562415 -5.102672 -0.057808
v -0.565798 -5.102533 -0.067272
v -0.563593 -5.107235 -0.065468
v -0.560768 -5.113684 -0.014940
v -0.564071 -5.112100 -0.065469
v -0.565798 -5.111552 -0.067272
v -0.564985 -5.123903 -0.015548
v -0.566382 -5.122807 -0.057847
v -0.567784 -5.121078 -0.065470
v -0.569248 -5.119884 -0.067272
v -0.572778 -5.131687 -0.016012
v -0.573070 -5.132124 -0.038320
v -0.574159 -5.129008 -0.062526
v -0.574648 -5.127944 -0.065470
v -0.575625 -5.126261 -0.067272
v -0.578950 -5.130243 -0.065470
v -0.582959 -5.135893 -0.016262
v -0.583956 -5.129712 -0.067272
v -0.588467 -5.136793 -0.038406
v -0.588467 -5.132136 -0.065470
v -0.593976 -5.135893 -0.016262
v -0.592975 -5.129712 -0.067272
v -0.597985 -5.130243 -0.065470
v -0.604156 -5.131687 -0.016012
v -0.603862 -5.132124 -0.038320
v -0.601307 -5.126261 -0.067272
v -0.606056 -5.124850 -0.065470
v -0.611946 -5.123903 -0.015548
v -0.609148 -5.121078 -0.065470
v -0.607685 -5.119884 -0.067272
v -0.613006 -5.118195 -0.057839
v -0.616162 -5.113684 -0.014940
v -0.613721 -5.112583 -0.062518
v -0.612862 -5.112100 -0.065469
v -0.611137 -5.111552 -0.067272
v -0.613340 -5.107235 -0.065468
v -0.616162 -5.102512 -0.014275
v -0.611137 -5.102533 -0.067272
v -0.611446 -5.097679 -0.065467
v -0.611946 -5.092044 -0.013652
v -0.609148 -5.093353 -0.065467
v -0.607685 -5.094201 -0.067272
v -0.604156 -5.083909 -0.013168
v -0.601307 -5.087824 -0.067272
v -0.593976 -5.079454 -0.012902
v -0.592975 -5.084373 -0.067272
v -0.583235 -5.080877 -0.004367
v -0.582959 -5.079454 -0.012178
v -0.573567 -5.084955 -0.004683
v -0.572778 -5.083909 -0.012443
v -0.566167 -5.092457 -0.005265
v -0.564985 -5.092044 -0.012928
v -0.563690 -5.097139 -0.005628
v -0.562376 -5.097085 -0.013228
v -0.562164 -5.102204 -0.006021
v -0.560768 -5.102512 -0.013551
v -0.561648 -5.107458 -0.006428
v -0.560225 -5.108115 -0.013885
v -0.562164 -5.112698 -0.006834
v -0.560768 -5.113684 -0.014216
v -0.563690 -5.117729 -0.007224
v -0.562376 -5.119011 -0.014533
v -0.569504 -5.126414 -0.007897
v -0.568498 -5.128181 -0.015079
v -0.578204 -5.132209 -0.008346
v -0.577660 -5.134291 -0.015443
v -0.588467 -5.134244 -0.008505
v -0.588467 -5.136435 -0.015571
v -0.598731 -5.132209 -0.008346
v -0.599273 -5.134291 -0.015443
v -0.607429 -5.126414 -0.007897
v -0.608434 -5.128181 -0.015079
v -0.613243 -5.117729 -0.007224
v -0.614556 -5.119011 -0.014533
v -0.615285 -5.107458 -0.006428
v -0.616706 -5.108115 -0.013885
v -0.613243 -5.097139 -0.005628
v -0.614556 -5.097085 -0.013228
v -0.607429 -5.088342 -0.004946
v -0.608434 -5.087590 -0.012663
v -0.598731 -5.082433 -0.004488
v -0.599273 -5.081157 -0.012280
v -0.593698 -5.080877 -0.004367
v -0.593976 -5.079454 -0.012178
v -0.604223 -5.098696 -0.050145
v -0.596193 -5.091643 -0.050339
v -0.588467 -5.089489 -0.050671
v -0.588467 -5.091579 -0.044527
v -0.595043 -5.093181 -0.044450
v -0.601951 -5.099268 -0.044085
v -0.605248 -5.109800 -0.043623
v -0.607889 -5.110291 -0.050743
v -0.600268 -5.121466 -0.042916
v -0.602587 -5.123897 -0.051344
v -0.588467 -5.126735 -0.042556
v -0.588467 -5.130293 -0.051815
v -0.572707 -5.098697 -0.050145
v -0.580740 -5.091643 -0.050339
v -0.581889 -5.093181 -0.044450
v -0.574982 -5.099268 -0.044085
v -0.571682 -5.109800 -0.043624
v -0.569043 -5.110291 -0.050743
v -0.576662 -5.121466 -0.042917
v -0.574346 -5.123898 -0.051344
v -0.604329 -5.104136 -0.043877
v -0.606854 -5.104023 -0.050395
v -0.603739 -5.115909 -0.043273
v -0.606385 -5.117332 -0.051049
v -0.594809 -5.125188 -0.042664
v -0.596131 -5.128397 -0.051651
v -0.576553 -5.094616 -0.050164
v -0.578318 -5.095672 -0.044289
v -0.572604 -5.104136 -0.043877
v -0.570079 -5.104023 -0.050396
v -0.573195 -5.115909 -0.043273
v -0.570548 -5.117332 -0.051049
v -0.582125 -5.125188 -0.042664
v -0.580800 -5.128397 -0.051651
v -0.595035 -5.089135 -0.055449
v -0.588467 -5.095676 -0.131757
v -0.599037 -5.102275 -0.131192
v -0.604223 -5.098697 -0.050145
v -0.596193 -5.091643 -0.050339
v -0.588467 -5.087946 -0.055416
v -0.588467 -5.089489 -0.050671
v -0.607889 -5.110291 -0.050743
v -0.602587 -5.123898 -0.051344
v -0.588467 -5.130293 -0.051815
v -0.599053 -5.120896 -0.131053
v -0.588467 -5.126092 -0.131294
v -0.602887 -5.110679 -0.130619
v -0.581898 -5.089135 -0.055449
v -0.577893 -5.102275 -0.131192
v -0.572707 -5.098697 -0.050145
v -0.580737 -5.091643 -0.050339
v -0.569043 -5.110291 -0.050743
v -0.574346 -5.123898 -0.051344
v -0.577881 -5.120896 -0.131053
v -0.574042 -5.110679 -0.130619
v -0.606854 -5.104023 -0.050395
v -0.606385 -5.117332 -0.051049
v -0.596131 -5.128397 -0.051651
v -0.594221 -5.124513 -0.131231
v -0.601853 -5.115885 -0.130772
v -0.608067 -5.109759 -0.058656
v -0.605818 -5.104619 -0.089571
v -0.601845 -5.106179 -0.130832
v -0.570079 -5.104023 -0.050395
v -0.570548 -5.117332 -0.051049
v -0.580800 -5.128397 -0.051651
v -0.582709 -5.124513 -0.131231
v -0.575076 -5.115886 -0.130772
v -0.571115 -5.104620 -0.089558
v -0.575085 -5.106179 -0.130832
v -0.594028 -5.094381 -0.114603
v -0.593959 -5.094436 -0.115239
v -0.595089 -5.126309 -0.114603
v -0.595050 -5.126266 -0.115239
v -0.589473 -5.128106 -0.115239
v -0.603803 -5.116364 -0.114603
v -0.603746 -5.116357 -0.115239
v -0.603776 -5.105632 -0.114603
v -0.582904 -5.094381 -0.114603
v -0.582971 -5.094436 -0.115239
v -0.581842 -5.126304 -0.114603
v -0.581882 -5.126261 -0.115239
v -0.587462 -5.128104 -0.115239
v -0.573129 -5.116364 -0.114603
v -0.573184 -5.116357 -0.115239
v -0.573218 -5.105658 -0.115239
v -0.601712 -5.101326 -0.114603
v -0.601654 -5.101361 -0.115239
v -0.600937 -5.122064 -0.114603
v -0.600879 -5.122036 -0.115239
v -0.588467 -5.128482 -0.114603
v -0.588467 -5.128416 -0.115239
v -0.604768 -5.110466 -0.114603
v -0.604710 -5.110475 -0.115239
v -0.575221 -5.101326 -0.114603
v -0.575279 -5.101361 -0.115239
v -0.575995 -5.122063 -0.114603
v -0.576054 -5.122035 -0.115239
v -0.572164 -5.110466 -0.114603
v -0.572218 -5.110475 -0.115239
v -0.595164 -5.085225 -0.055340
v -0.596545 -5.090508 -0.069030
v -0.588467 -5.087430 -0.144494
v -0.593010 -5.079832 -0.151836
v -0.588467 -5.095676 -0.131757
v -0.591268 -5.069550 -0.192799
v -0.581770 -5.085226 -0.055340
v -0.580387 -5.090508 -0.069030
v -0.587315 -5.078658 -0.012545
v -0.583331 -5.070500 -0.172813
v -0.583659 -5.086489 -0.134623
v -0.584546 -5.065510 -0.195638
v -0.583845 -5.061470 -0.194793
v -0.585665 -5.069547 -0.192803
v -0.595035 -5.089134 -0.055449
v -0.592429 -5.095096 -0.123075
v -0.588468 -5.068493 -0.202779
v -0.588467 -5.087946 -0.055416
v -0.581898 -5.089135 -0.055449
v -0.584503 -5.095096 -0.123075
v -0.582687 -5.065105 -0.170423
v -0.584304 -5.054073 -0.087526
v -0.592684 -5.052119 -0.092739
v -0.594028 -5.054730 -0.099607
v -0.588487 -5.058625 -0.226100
v -0.593028 -5.060895 -0.195846
v -0.581743 -5.060750 -0.132540
v -0.583856 -5.061383 -0.194953
v -0.583837 -5.061392 -0.194775
v -0.367654 -5.105449 0.140109
v -0.369034 -5.110730 0.126419
v -0.360954 -5.107654 0.050956
v -0.365498 -5.100054 0.043613
v -0.360954 -5.115900 0.063691
v -0.363759 -5.089772 0.002650
v -0.354259 -5.105449 0.140109
v -0.352876 -5.110730 0.126419
v -0.359807 -5.098880 0.182904
v -0.355821 -5.090723 0.022636
v -0.356148 -5.106713 0.060826
v -0.358490 -5.082658 -0.022570
v -0.367523 -5.109357 0.140001
v -0.364918 -5.115318 0.072373
v -0.360970 -5.082094 -0.039894
v -0.360954 -5.108170 0.140034
v -0.354385 -5.109357 0.140001
v -0.356992 -5.115319 0.072373
v -0.361782 -5.079229 -0.046753
v -0.356779 -5.073789 0.106570
v -0.365181 -5.072036 0.101894
v -0.367689 -5.077446 0.078172
v -0.362437 -5.079640 -0.039581
v -0.360975 -5.078944 -0.051702
v -0.366121 -5.080678 0.008547
v -0.354173 -5.079681 0.080461
v -0.360734 -5.079111 -0.049874
v -0.357507 -5.080998 -0.017101
v -0.367523 -5.109357 0.140001
v -0.360954 -5.115900 0.063691
v -0.371528 -5.122498 0.064258
v -0.376710 -5.118919 0.145304
v -0.368685 -5.111866 0.145111
v -0.360954 -5.108170 0.140034
v -0.360954 -5.109712 0.144779
v -0.380378 -5.130513 0.144706
v -0.375078 -5.144120 0.144105
v -0.360954 -5.150516 0.143634
v -0.371543 -5.141119 0.064397
v -0.360954 -5.146315 0.064154
v -0.375376 -5.130902 0.064830
v -0.354385 -5.109357 0.140001
v -0.350384 -5.122498 0.064258
v -0.345198 -5.118919 0.145304
v -0.353228 -5.111866 0.145111
v -0.341534 -5.130513 0.144706
v -0.346834 -5.144120 0.144104
v -0.350370 -5.141119 0.064397
v -0.346534 -5.130902 0.064830
v -0.379343 -5.124247 0.145054
v -0.378873 -5.137554 0.144401
v -0.368620 -5.148620 0.143798
v -0.366709 -5.144736 0.064218
v -0.374345 -5.136108 0.064678
v -0.380556 -5.129982 0.136793
v -0.378306 -5.124842 0.105878
v -0.374335 -5.126402 0.064618
v -0.342567 -5.124247 0.145054
v -0.343035 -5.137554 0.144401
v -0.353290 -5.148620 0.143798
v -0.355200 -5.144736 0.064218
v -0.347565 -5.136108 0.064677
v -0.343604 -5.124843 0.105891
v -0.347576 -5.126402 0.064618
v -0.366517 -5.114604 0.080846
v -0.366450 -5.114659 0.080211
v -0.367578 -5.146531 0.080846
v -0.367539 -5.146489 0.080211
v -0.361962 -5.148328 0.080211
v -0.376292 -5.136587 0.080846
v -0.376234 -5.136580 0.080211
v -0.376265 -5.125855 0.080846
v -0.355393 -5.114604 0.080846
v -0.355462 -5.114659 0.080211
v -0.354332 -5.146526 0.080846
v -0.354371 -5.146484 0.080211
v -0.359950 -5.148327 0.080211
v -0.345618 -5.136588 0.080846
v -0.345675 -5.136580 0.080211
v -0.345710 -5.125881 0.080211
v -0.374203 -5.121548 0.080846
v -0.374145 -5.121583 0.080211
v -0.373428 -5.142287 0.080846
v -0.373368 -5.142259 0.080211
v -0.360954 -5.148705 0.080846
v -0.360954 -5.148639 0.080211
v -0.377257 -5.130689 0.080846
v -0.377203 -5.130698 0.080211
v -0.347710 -5.121549 0.080846
v -0.347767 -5.121583 0.080211
v -0.348484 -5.142286 0.080846
v -0.348543 -5.142258 0.080211
v -0.344654 -5.130690 0.080846
v -0.344709 -5.130699 0.080211
v -0.376710 -5.118919 0.145304
v -0.368681 -5.111866 0.145111
v -0.360954 -5.109712 0.144779
v -0.360954 -5.111803 0.150923
v -0.367531 -5.113403 0.150998
v -0.374440 -5.119492 0.151365
v -0.377739 -5.130023 0.151826
v -0.380378 -5.130513 0.144706
v -0.372757 -5.141690 0.152533
v -0.375078 -5.144120 0.144105
v -0.360954 -5.146958 0.152893
v -0.360954 -5.150516 0.143634
v -0.345196 -5.118919 0.145304
v -0.353229 -5.111866 0.145111
v -0.354378 -5.113404 0.150998
v -0.347473 -5.119492 0.151365
v -0.344173 -5.130023 0.151826
v -0.341534 -5.130513 0.144706
v -0.349153 -5.141690 0.152533
v -0.346834 -5.144120 0.144104
v -0.376817 -5.124360 0.151573
v -0.379343 -5.124247 0.145054
v -0.376228 -5.136132 0.152176
v -0.378873 -5.137554 0.144401
v -0.367298 -5.145411 0.152786
v -0.368621 -5.148620 0.143798
v -0.349042 -5.114840 0.145286
v -0.350809 -5.115896 0.151161
v -0.345093 -5.124360 0.151573
v -0.342567 -5.124247 0.145054
v -0.345682 -5.136132 0.152176
v -0.343035 -5.137554 0.144401
v -0.354612 -5.145411 0.152785
v -0.353289 -5.148620 0.143798
v -0.356376 -5.104181 0.129983
v -0.342825 -5.115027 0.128178
v -0.339568 -5.122887 0.128178
v -0.339568 -5.131394 0.128178
v -0.342825 -5.139255 0.128178
v -0.348842 -5.145271 0.128178
v -0.356701 -5.148527 0.128178
v -0.365209 -5.148527 0.128178
v -0.373071 -5.145271 0.128178
v -0.379085 -5.139255 0.128178
v -0.382342 -5.131394 0.128178
v -0.382342 -5.122887 0.128178
v -0.379085 -5.115027 0.128178
v -0.373071 -5.109011 0.128178
v -0.355446 -5.099678 0.182547
v -0.355773 -5.101331 0.137683
v -0.356104 -5.102912 0.129982
v -0.356446 -5.104597 0.128178
v -0.345265 -5.104132 0.182282
v -0.347137 -5.106662 0.129982
v -0.348114 -5.108048 0.128178
v -0.342175 -5.108918 0.137668
v -0.343367 -5.109780 0.129982
v -0.337475 -5.112267 0.181797
v -0.341737 -5.114425 0.128178
v -0.337975 -5.117902 0.129982
v -0.333259 -5.122735 0.181174
v -0.334906 -5.122895 0.137640
v -0.338287 -5.122757 0.128178
v -0.336082 -5.127459 0.129981
v -0.333259 -5.133906 0.180509
v -0.336560 -5.132323 0.129980
v -0.338287 -5.131775 0.128178
v -0.337475 -5.144126 0.179901
v -0.338871 -5.143029 0.137602
v -0.340273 -5.141302 0.129979
v -0.341737 -5.140107 0.128178
v -0.345265 -5.151911 0.179437
v -0.345559 -5.152348 0.157129
v -0.346646 -5.149230 0.132922
v -0.347137 -5.148167 0.129979
v -0.348114 -5.146484 0.128178
v -0.351437 -5.150465 0.129979
v -0.355446 -5.156116 0.179187
v -0.356446 -5.149935 0.128178
v -0.360954 -5.157016 0.157044
v -0.360954 -5.152359 0.129979
v -0.366465 -5.156116 0.179187
v -0.365465 -5.149935 0.128178
v -0.370475 -5.150465 0.129979
v -0.376645 -5.151911 0.179437
v -0.376351 -5.152348 0.157129
v -0.373796 -5.146484 0.128178
v -0.378543 -5.145073 0.129979
v -0.384435 -5.144126 0.179901
v -0.381637 -5.141302 0.129979
v -0.380175 -5.140107 0.128178
v -0.385495 -5.138419 0.137611
v -0.388653 -5.133906 0.180509
v -0.386212 -5.132806 0.132931
v -0.385350 -5.132323 0.129980
v -0.383625 -5.131775 0.128178
v -0.385831 -5.127459 0.129981
v -0.388653 -5.122735 0.181174
v -0.383625 -5.122757 0.128178
v -0.383934 -5.117902 0.129982
v -0.384435 -5.112267 0.181797
v -0.381637 -5.113576 0.129982
v -0.380175 -5.114425 0.128178
v -0.376645 -5.104132 0.182282
v -0.373796 -5.108048 0.128178
v -0.366465 -5.099678 0.182547
v -0.365465 -5.104597 0.128178
v -0.355723 -5.101100 0.191083
v -0.355446 -5.099678 0.183272
v -0.346056 -5.105179 0.190766
v -0.345265 -5.104132 0.183006
v -0.338656 -5.112680 0.190184
v -0.337475 -5.112267 0.182522
v -0.336178 -5.117362 0.189822
v -0.334865 -5.117308 0.182222
v -0.334653 -5.122427 0.189429
v -0.333259 -5.122735 0.181898
v -0.334137 -5.127680 0.189022
v -0.332715 -5.128339 0.181565
v -0.334653 -5.132922 0.188615
v -0.333259 -5.133906 0.181233
v -0.336178 -5.137952 0.188226
v -0.334865 -5.139235 0.180916
v -0.341992 -5.146637 0.187551
v -0.340987 -5.148404 0.180370
v -0.350693 -5.152433 0.187103
v -0.350148 -5.154514 0.180006
v -0.360954 -5.154467 0.186945
v -0.360954 -5.156658 0.179879
v -0.371220 -5.152433 0.187103
v -0.371764 -5.154514 0.180006
v -0.379918 -5.146637 0.187551
v -0.380923 -5.148404 0.180370
v -0.385734 -5.137952 0.188226
v -0.387045 -5.139235 0.180916
v -0.387775 -5.127680 0.189022
v -0.389196 -5.128339 0.181565
v -0.385734 -5.117362 0.189822
v -0.387045 -5.117308 0.182222
v -0.379918 -5.108565 0.190504
v -0.380923 -5.107814 0.182786
v -0.371220 -5.102656 0.190961
v -0.371764 -5.101380 0.183169
v -0.366187 -5.101100 0.191083
v -0.366465 -5.099678 0.183272
v 0.291724 -5.104181 0.129983
v 0.278174 -5.115027 0.128179
v 0.274915 -5.122888 0.128179
v 0.274915 -5.131395 0.128179
v 0.278174 -5.139256 0.128179
v 0.284188 -5.145272 0.128179
v 0.292047 -5.148528 0.128179
v 0.300557 -5.148528 0.128179
v 0.308418 -5.145272 0.128179
v 0.314432 -5.139256 0.128179
v 0.317688 -5.131395 0.128179
v 0.317688 -5.122888 0.128179
v 0.314432 -5.115027 0.128179
v 0.308418 -5.109012 0.128179
v 0.290794 -5.099678 0.182547
v 0.291119 -5.101332 0.137683
v 0.291450 -5.102913 0.129983
v 0.291793 -5.104597 0.128178
v 0.280615 -5.104133 0.182282
v 0.282483 -5.106662 0.129983
v 0.283460 -5.108048 0.128178
v 0.277521 -5.108919 0.137668
v 0.278715 -5.109781 0.129983
v 0.272821 -5.112267 0.181797
v 0.277083 -5.114425 0.128178
v 0.273321 -5.117902 0.129982
v 0.268605 -5.122736 0.181174
v 0.270252 -5.122895 0.137641
v 0.273633 -5.122757 0.128178
v 0.271429 -5.127459 0.129982
v 0.268605 -5.133907 0.180510
v 0.271907 -5.132324 0.129980
v 0.273633 -5.131775 0.128178
v 0.272821 -5.144126 0.179901
v 0.274216 -5.143030 0.137602
v 0.275621 -5.141302 0.129980
v 0.277083 -5.140108 0.128178
v 0.280615 -5.151911 0.179437
v 0.280905 -5.152348 0.157129
v 0.281996 -5.149232 0.132923
v 0.282483 -5.148168 0.129979
v 0.283460 -5.146484 0.128178
v 0.286783 -5.150466 0.129979
v 0.290794 -5.156117 0.179187
v 0.291793 -5.149936 0.128178
v 0.296302 -5.157017 0.157044
v 0.296302 -5.152360 0.129979
v 0.301811 -5.156117 0.179187
v 0.300811 -5.149936 0.128178
v 0.305821 -5.150466 0.129979
v 0.311991 -5.151911 0.179437
v 0.311699 -5.152348 0.157129
v 0.309143 -5.146484 0.128178
v 0.313890 -5.145073 0.129980
v 0.319783 -5.144126 0.179901
v 0.316983 -5.141302 0.129980
v 0.315521 -5.140108 0.128178
v 0.320841 -5.138419 0.137611
v 0.323999 -5.133907 0.180510
v 0.321558 -5.132807 0.132931
v 0.320699 -5.132324 0.129980
v 0.318972 -5.131775 0.128178
v 0.321177 -5.127459 0.129982
v 0.323999 -5.122736 0.181174
v 0.318972 -5.122757 0.128178
v 0.319282 -5.117902 0.129982
v 0.319783 -5.112267 0.181797
v 0.316983 -5.113577 0.129982
v 0.315521 -5.114425 0.128178
v 0.311991 -5.104133 0.182282
v 0.309143 -5.108048 0.128178
v 0.301811 -5.099678 0.182547
v 0.300811 -5.104597 0.128178
v -0.057232 -5.092408 0.721796
v -0.056978 -5.087561 0.736277
v -0.056428 -5.097646 0.705851
v -0.061385 -5.113304 0.747910
v -0.062614 -5.108314 0.763692
v -0.056129 -5.098738 0.702576
v -0.057920 -5.092464 0.721569
v -0.057665 -5.087617 0.736050
v -0.057865 -5.105662 0.704186
v -0.057787 -5.082503 0.751492
v -0.057117 -5.097703 0.705623
v -0.061820 -5.086646 0.766437
v -0.062071 -5.113360 0.747682
v -0.062887 -5.110678 0.756155
v -0.059537 -5.121181 0.722992
v -0.061007 -5.116964 0.736299
v -0.056815 -5.098794 0.702348
v -0.047715 -5.103085 0.702776
v -0.047812 -5.109838 0.664826
v -0.048076 -5.105114 0.674371
v -0.047593 -5.106536 0.703738
v -0.048259 -5.101857 0.689707
v -0.048217 -5.103817 0.680476
v -0.047587 -5.121480 0.683490
v -0.047501 -5.122654 0.677965
v -0.047590 -5.099201 0.702188
v -0.047623 -5.107248 0.664315
v -0.047498 -5.116716 0.705908
v -0.046990 -5.103053 0.702907
v -0.047087 -5.109806 0.664957
v -0.046870 -5.106504 0.703869
v -0.046943 -5.106914 0.665875
v -0.047534 -5.101825 0.689837
v -0.047490 -5.103786 0.680606
v -0.046239 -5.120259 0.667329
v -0.046864 -5.121449 0.683622
v -0.047034 -5.118061 0.699568
v -0.046776 -5.122622 0.678097
v -0.046865 -5.099169 0.702318
v -0.046900 -5.107216 0.664446
v -0.046595 -5.124722 0.668204
v -0.016942 -5.103085 0.702776
v -0.016843 -5.109838 0.664826
v -0.016582 -5.105114 0.674371
v -0.017064 -5.106536 0.703738
v -0.016398 -5.101857 0.689707
v -0.016442 -5.103817 0.680476
v -0.017068 -5.121480 0.683490
v -0.017156 -5.122654 0.677965
v -0.017067 -5.099201 0.702188
v -0.017032 -5.107248 0.664315
v -0.017157 -5.116716 0.705908
v -0.017665 -5.103053 0.702907
v -0.017568 -5.109806 0.664957
v -0.017789 -5.106504 0.703869
v -0.017715 -5.106914 0.665874
v -0.017121 -5.101825 0.689837
v -0.017165 -5.103786 0.680606
v -0.018420 -5.120259 0.667329
v -0.017792 -5.121449 0.683622
v -0.017623 -5.118061 0.699568
v -0.017882 -5.122622 0.678097
v -0.017790 -5.099169 0.702318
v -0.017757 -5.107216 0.664446
v -0.018060 -5.124722 0.668204
v 0.040718 -5.134814 0.010697
v 0.041646 -5.110008 0.011262
v 0.043118 -5.107389 0.009514
v 0.043622 -5.107851 0.009337
v 0.042497 -5.109949 0.010740
v 0.045350 -5.117420 0.011608
v 0.043411 -5.131922 0.010848
v 0.042366 -5.133574 0.010761
v 0.041032 -5.135206 0.010676
v 0.040718 -5.131629 -0.050103
v 0.041646 -5.107113 -0.044013
v 0.043118 -5.104774 -0.040402
v 0.043622 -5.105251 -0.040310
v 0.042497 -5.107125 -0.043170
v 0.045350 -5.114415 -0.045762
v 0.043411 -5.128767 -0.049381
v 0.042366 -5.130403 -0.049793
v 0.041032 -5.132017 -0.050200
v 0.017150 -5.133725 -0.017938
v 0.016802 -5.135191 0.010054
v 0.041035 -5.135191 0.010054
v 0.041035 -5.132067 -0.049579
v 0.017150 -5.134429 -0.017975
v 0.016802 -5.135896 0.010017
v 0.041035 -5.135896 0.010017
v 0.041035 -5.132772 -0.049616
v -0.082451 -5.133065 -0.016978
v -0.082482 -5.134435 0.009168
v -0.104256 -5.134435 0.009168
v -0.104145 -5.131493 -0.047000
v -0.082451 -5.133770 -0.017014
v -0.082482 -5.135139 0.009130
v -0.104256 -5.135139 0.009130
v -0.104145 -5.132197 -0.047037
v -0.081400 -5.133725 -0.017938
v -0.081053 -5.135191 0.010054
v -0.105285 -5.135191 0.010054
v -0.105285 -5.132067 -0.049579
v -0.081400 -5.134429 -0.017975
v -0.081053 -5.135896 0.010017
v -0.105285 -5.135896 0.010017
v -0.105285 -5.132772 -0.049616
v -0.104965 -5.134814 0.010697
v -0.107662 -5.131922 0.010848
v -0.106617 -5.133574 0.010761
v -0.105284 -5.135206 0.010676
v -0.104965 -5.131629 -0.050103
v -0.107662 -5.128767 -0.049381
v -0.106617 -5.130403 -0.049793
v -0.105284 -5.132017 -0.050200
v -0.019215 -5.143084 0.083854
v -0.019215 -5.143084 0.022204
v -0.019215 -5.101983 0.022204
v -0.019215 -5.101983 0.083854
v -0.020739 -5.143084 0.083854
v -0.020739 -5.143084 0.022204
v -0.020739 -5.101983 0.022204
v -0.020739 -5.101983 0.083854
v -0.020746 -5.144123 0.084780
v -0.020746 -5.144123 0.021280
v -0.020746 -5.100944 0.021280
v -0.020746 -5.100944 0.084780
v -0.022271 -5.144123 0.084780
v -0.022271 -5.144123 0.021280
v -0.022271 -5.100944 0.021280
v -0.022271 -5.100944 0.084780
v 0.003619 -5.119101 0.029899
v 0.007674 -5.118087 0.031733
v -0.002460 -5.135314 0.022550
v 0.003619 -5.119101 0.073871
v 0.007674 -5.118087 0.070919
v 0.007818 -5.119101 0.071315
v 0.004633 -5.119969 0.073740
v 0.001013 -5.130537 0.083509
v -0.068275 -5.119101 0.029899
v -0.072329 -5.118087 0.031733
v -0.062195 -5.135314 0.022550
v -0.068275 -5.119101 0.073871
v -0.072329 -5.118087 0.070919
v -0.072471 -5.119101 0.071315
v -0.069287 -5.119969 0.073740
v -0.065670 -5.130537 0.083509
v -0.045440 -5.143084 0.083854
v -0.045440 -5.143084 0.022204
v -0.045440 -5.101983 0.022204
v -0.045440 -5.101983 0.083854
v -0.043917 -5.143084 0.083854
v -0.043917 -5.143084 0.022204
v -0.043917 -5.101983 0.022204
v -0.043917 -5.101983 0.083854
v -0.043909 -5.144123 0.084780
v -0.043909 -5.144123 0.021280
v -0.043909 -5.100944 0.021280
v -0.043909 -5.100944 0.084780
v -0.042384 -5.144123 0.084780
v -0.042384 -5.144123 0.021280
v -0.042384 -5.100944 0.021280
v -0.042384 -5.100944 0.084780
v -0.285710 -4.939773 -0.847835
v -0.285525 -4.937795 -0.844992
v -0.189778 -4.953365 -0.760938
v -0.178353 -4.953031 -0.747098
v -0.083801 -4.970174 -0.668877
v -0.084075 -4.968194 -0.664633
v -0.084082 -4.967823 -0.664051
v -0.084021 -4.966404 -0.661652
v -0.298879 -4.937459 -0.859881
v -0.299109 -4.939223 -0.864100
v -0.298712 -4.939107 -0.877583
v -0.298640 -4.935873 -0.858075
v -0.076284 -4.972037 -0.712927
v -0.285307 -4.935534 -0.847613
v -0.189379 -4.949143 -0.760717
v -0.083029 -4.962019 -0.668451
v -0.083712 -4.964338 -0.664431
v -0.083793 -4.964760 -0.663891
v -0.298559 -4.934093 -0.859705
v -0.298418 -4.931891 -0.863720
v -0.297917 -4.930692 -0.877144
v -0.074867 -4.957072 -0.712147
v -0.032328 -4.927563 -0.483488
v -0.032328 -4.924864 -0.509153
v -0.032328 -4.908283 -0.559696
v -0.032328 -4.882419 -0.590520
v -0.032328 -4.722847 -0.774254
v -0.032328 -4.675937 -0.834021
v -0.032328 -4.672683 -0.865288
v -0.032328 -4.670882 -0.917228
v -0.032328 -4.671914 -0.925938
v -0.026406 -4.926937 -0.495892
v -0.026265 -4.923481 -0.520096
v -0.025896 -4.920685 -0.533800
v -0.032328 -4.914056 -0.548928
v -0.025257 -4.916972 -0.546598
v -0.025229 -4.911501 -0.558053
v -0.027335 -4.877761 -0.597836
v -0.026690 -4.793550 -0.695060
v -0.032328 -4.814788 -0.668668
v -0.028357 -4.707699 -0.792845
v -0.028806 -4.681386 -0.824840
v -0.032328 -4.685226 -0.818585
v -0.028051 -4.677105 -0.834937
v -0.029717 -4.674454 -0.860156
v -0.032328 -4.671638 -0.895510
v -0.031428 -4.673260 -0.888814
v -0.032028 -4.672130 -0.915493
v -0.032064 -4.672949 -0.923780
v -0.038250 -4.926937 -0.495892
v -0.038390 -4.923481 -0.520096
v -0.039398 -4.916972 -0.546598
v -0.039426 -4.911501 -0.558053
v -0.037320 -4.877761 -0.597836
v -0.037965 -4.793550 -0.695060
v -0.036298 -4.707699 -0.792845
v -0.035850 -4.681386 -0.824840
v -0.036604 -4.677105 -0.834937
v -0.034939 -4.674454 -0.860156
v -0.033229 -4.673260 -0.888814
v -0.032628 -4.672130 -0.915493
v -0.032592 -4.672949 -0.923780
v -0.002840 -5.086646 0.766437
v -0.003651 -5.116964 0.736299
v -0.005121 -5.121181 0.722992
v -0.007428 -5.092408 0.721796
v -0.006795 -5.105662 0.704186
v -0.007682 -5.087561 0.736277
v -0.008232 -5.097646 0.705851
v -0.008531 -5.098738 0.702576
v -0.002046 -5.108314 0.763692
v -0.003275 -5.113304 0.747910
v -0.006873 -5.082503 0.751492
v -0.006739 -5.092464 0.721569
v -0.002589 -5.113360 0.747682
v -0.001773 -5.110678 0.756155
v -0.006995 -5.087617 0.736050
v -0.007543 -5.097703 0.705623
v -0.007845 -5.098794 0.702348
vt 0.324028 0.194364
vt 0.499842 1.000000
usemtl B747silv
s off
f 5895/4439 5889/4439 5875/4439
f 5876/4439 5889/4439 5881/4439
f 5890/4439 5862/4439 5877/4439
f 5878/4439 5891/4439 5882/4439
f 5892/4439 5865/4439 5879/4439
f 5867/4439 5868/4439 5874/4439
f 5863/4439 5884/4439 5883/4439
f 5864/4439 5872/4439 5863/4439
f 5886/4439 5872/4439 5864/4439
f 5880/4439 5886/4439 5864/4439
f 5887/4439 5886/4439 5880/4439
f 5887/4439 5880/4439 5870/4439
f 5888/4439 5887/4439 5870/4439
f 5870/4439 5895/4439 5888/4439
f 5875/4439 5888/4439 5895/4439
f 5869/4439 5881/4439 5889/4439
f 5869/4439 5889/4439 5895/4439
f 5881/4439 5862/4439 5876/4439
f 5862/4439 5890/4439 5876/4439
f 5862/4439 5882/4439 5877/4439
f 5882/4439 5891/4439 5877/4439
f 5878/4439 5882/4439 5865/4439
f 5878/4439 5865/4439 5892/4439
f 5893/4439 5879/4439 5865/4439
f 5894/4439 5893/4439 5865/4439
f 5894/4439 5866/4439 5885/4439
f 5896/4439 5894/4439 5865/4439
f 5866/4439 5867/4439 5885/4439
f 5874/4439 5885/4439 5867/4439
f 5873/4439 5874/4439 5868/4439
f 5873/4439 5868/4439 5897/4439
f 5871/4439 5873/4439 5897/4439
f 5897/4439 5883/4439 5871/4439
f 5872/4439 5884/4439 5863/4439
f 5871/4439 5883/4439 5884/4439
f 5896/4439 5866/4439 5894/4439
f 5900/4439 5906/4439 5904/4439
f 5909/4439 5908/4439 5903/4439
f 5910/4439 5904/4439 5913/4439
f 5911/4439 5900/4439 5904/4439
f 5904/4439 5910/4439 5911/4439
f 5913/4439 5904/4439 5899/4439
f 5899/4439 5912/4439 5913/4439
f 5911/4439 5905/4439 5900/4439
f 5904/4439 5914/4439 5931/4439
f 5931/4439 5899/4439 5904/4439
f 5929/4439 5930/4439 5931/4439
f 5930/4439 5899/4439 5931/4439
f 5906/4439 5917/4439 5932/4439
f 5932/4439 5904/4439 5906/4439
f 5932/4439 5914/4439 5904/4439
f 5922/4439 5908/4439 5935/4439
f 5915/4439 5945/4439 5928/4439
f 5930/4439 5929/4439 5938/4439
f 5931/4439 5939/4439 5940/4439
f 5940/4439 5929/4439 5931/4439
f 5958/4439 5956/4439 5959/4439
f 5920/4439 5902/4439 5921/4439
f 5902/4439 5942/4439 5921/4439
f 5919/4439 5921/4439 5944/4439
f 5955/4439 5959/4439 5956/4439
f 5925/4439 5941/4439 5924/4439
f 5946/4439 5899/4439 5926/4439
f 5948/4439 5949/4439 5950/4439
f 5948/4439 5950/4439 5947/4439
f 5926/4439 5899/4439 5930/4439
f 5935/4439 5908/4439 5909/4439
f 5909/4439 5927/4439 5935/4439
f 5937/4439 5898/4439 5917/4439
f 5916/4439 5899/4439 5946/4439
f 5924/4439 5941/4439 5936/4439
f 5921/4439 5919/4439 5920/4439
f 5945/4439 5915/4439 5934/4439
f 5938/4439 5943/4439 5933/4439
f 5933/4439 5930/4439 5938/4439
f 5942/4439 5902/4439 5923/4439
f 5952/4439 5954/4439 5953/4439
f 5951/4439 5952/4439 5953/4439
f 5960/4439 5955/4439 5957/4439
f 5956/4439 5957/4439 5955/4439
f 5963/4439 5964/4439 5962/4439
f 5963/4439 5961/4439 5964/4439
f 5968/4439 5965/4439 5967/4439
f 5965/4439 5966/4439 5967/4439
f 5970/4439 5971/4439 5972/4439
f 5972/4439 5969/4439 5970/4439
f 5973/4439 5975/4439 5974/4439
f 5975/4439 5977/4439 5976/4439
f 5976/4439 5974/4439 5975/4439
f 5976/4439 5977/4439 5979/4439
f 5979/4439 5978/4439 5976/4439
f 5988/4439 5918/4439 5937/4439
f 5985/4439 5986/4439 5989/4439
f 5989/4439 5990/4439 5985/4439
f 5981/4439 5982/4439 5907/4439
f 5907/4439 5984/4439 5981/4439
f 5907/4439 5987/4439 5984/4439
f 5937/4439 5917/4439 5992/4439
f 5992/4439 5988/4439 5937/4439
f 5984/4439 5983/4439 5981/4439
f 5991/4439 5906/4439 5901/4439
f 5991/4439 5992/4439 5906/4439
f 5992/4439 5917/4439 5906/4439
f 5991/4439 5901/4439 5980/4439
f 5986/4439 5985/4439 5983/4439
f 5983/4439 5984/4439 5986/4439
f 5994/4439 5993/4439 5995/4439
f 5996/4439 5993/4439 5997/4439
f 5999/4439 5998/4439 6000/4439
f 6001/4439 5998/4439 6002/4439
f 5999/4439 6003/4439 6004/4439
f 6005/4439 6022/4439 6006/4439
f 6022/4439 6007/4439 6008/4439
f 5994/4439 6023/4439 6008/4439
f 6014/4439 6013/4439 6025/4439
f 6016/4439 6015/4439 6012/4439
f 6001/4439 6002/4439 5993/4439
f 6008/4439 6001/4439 5994/4439
f 6001/4439 5993/4439 5994/4439
f 6017/4439 5995/4439 5993/4439
f 6017/4439 5993/4439 5996/4439
f 6018/4439 6002/4439 5998/4439
f 6004/4439 6019/4439 5999/4439
f 6019/4439 5998/4439 5999/4439
f 6007/4439 6000/4439 5998/4439
f 6008/4439 6007/4439 6001/4439
f 6007/4439 5998/4439 6001/4439
f 6020/4439 6004/4439 6003/4439
f 6005/4439 6006/4439 6003/4439
f 6000/4439 6005/4439 5999/4439
f 6005/4439 6003/4439 5999/4439
f 6021/4439 6006/4439 6022/4439
f 6024/4439 6021/4439 6025/4439
f 6021/4439 6022/4439 6025/4439
f 6000/4439 6022/4439 6005/4439
f 6022/4439 6000/4439 6007/4439
f 6022/4439 6008/4439 6023/4439
f 6025/4439 6022/4439 6023/4439
f 5995/4439 6023/4439 5994/4439
f 6024/4439 6025/4439 6009/4439
f 6025/4439 6023/4439 6010/4439
f 6011/4439 6025/4439 6010/4439
f 6025/4439 6011/4439 6012/4439
f 6025/4439 6013/4439 6009/4439
f 6025/4439 6012/4439 6015/4439
f 6025/4439 6015/4439 6014/4439
f 6026/4439 6017/4439 5996/4439
f 6027/4439 6017/4439 6026/4439
f 6028/4439 5993/4439 6002/4439
f 5997/4439 5993/4439 6028/4439
f 6019/4439 6018/4439 5998/4439
f 6006/4439 6029/4439 6003/4439
f 6003/4439 6029/4439 6020/4439
f 6029/4439 6021/4439 6024/4439
f 6021/4439 6029/4439 6006/4439
f 6009/4439 6030/4439 6024/4439
f 6031/4439 6024/4439 6030/4439
f 6024/4439 6031/4439 6029/4439
f 6029/4439 6031/4439 6030/4439
f 6038/4439 6039/4439 6032/4439
f 6046/4439 6035/4439 6037/4439
f 6042/4439 6040/4439 6041/4439
f 6033/4439 6032/4439 6034/4439
f 6043/4439 6034/4439 6032/4439
f 6040/4439 6043/4439 6039/4439
f 6043/4439 6032/4439 6039/4439
f 6040/4439 6042/4439 6043/4439
f 6037/4439 6034/4439 6043/4439
f 6035/4439 6033/4439 6034/4439
f 6044/4439 6033/4439 6035/4439
f 6036/4439 6044/4439 6035/4439
f 6035/4439 6034/4439 6037/4439
f 6036/4439 6035/4439 6045/4439
f 6035/4439 6047/4439 6045/4439
f 6047/4439 6035/4439 6046/4439
f 6049/4439 6050/4439 6048/4439
f 6048/4439 6051/4439 6049/4439
f 6048/4439 6050/4439 6051/4439
f 6049/4439 6051/4439 6050/4439
f 6059/4439 6053/4439 6058/4439
f 6059/4439 6060/4439 6053/4439
f 6059/4439 6061/4439 6060/4439
f 6061/4439 6052/4439 6060/4439
f 6054/4439 6058/4439 6053/4439
f 6055/4439 6058/4439 6054/4439
f 6054/4439 6053/4439 6062/4439
f 6054/4439 6062/4439 6056/4439
f 6056/4439 6055/4439 6054/4439
f 6063/4439 6053/4439 6064/4439
f 6053/4439 6060/4439 6064/4439
f 6052/4439 6064/4439 6060/4439
f 6063/4439 6057/4439 6053/4439
f 6053/4439 6057/4439 6062/4439
f 6057/4439 6056/4439 6062/4439
f 6056/4439 6057/4439 6055/4439
f 6057/4439 6058/4439 6055/4439
f 6058/4439 6057/4439 6063/4439
f 6072/4439 6066/4439 6071/4439
f 6072/4439 6073/4439 6066/4439
f 6072/4439 6074/4439 6073/4439
f 6074/4439 6065/4439 6073/4439
f 6067/4439 6071/4439 6066/4439
f 6068/4439 6071/4439 6067/4439
f 6067/4439 6066/4439 6075/4439
f 6067/4439 6075/4439 6069/4439
f 6069/4439 6068/4439 6067/4439
f 6076/4439 6066/4439 6077/4439
f 6066/4439 6073/4439 6077/4439
f 6065/4439 6077/4439 6073/4439
f 6076/4439 6070/4439 6066/4439
f 6066/4439 6070/4439 6075/4439
f 6070/4439 6069/4439 6075/4439
f 6070/4439 6068/4439 6069/4439
f 6070/4439 6071/4439 6068/4439
f 6070/4439 6076/4439 6071/4439
f 6081/4439 6083/4439 6080/4439
f 6086/4439 6088/4439 6081/4439
f 6082/4439 6086/4439 6081/4439
f 6082/4439 6079/4439 6078/4439
f 6086/4439 6082/4439 6078/4439
f 6083/4439 6081/4439 6088/4439
f 6083/4439 6085/4439 6084/4439
f 6088/4439 6086/4439 6085/4439
f 6087/4439 6085/4439 6086/4439
f 6079/4439 6087/4439 6078/4439
f 6078/4439 6087/4439 6086/4439
f 6088/4439 6085/4439 6083/4439
f 6083/4439 6084/4439 6080/4439
f 6102/4439 6092/4439 6098/4439
f 6092/4439 6095/4439 6096/4439
f 6094/4439 6100/4439 6097/4439
f 6101/4439 6097/4439 6100/4439
f 6098/4439 6097/4439 6101/4439
f 6089/4439 6097/4439 6099/4439
f 6099/4439 6097/4439 6098/4439
f 6099/4439 6090/4439 6089/4439
f 6091/4439 6089/4439 6090/4439
f 6094/4439 6095/4439 6092/4439
f 6092/4439 6093/4439 6094/4439
f 6093/4439 6100/4439 6094/4439
f 6093/4439 6101/4439 6100/4439
f 6098/4439 6101/4439 6102/4439
f 6093/4439 6092/4439 6102/4439
f 6101/4439 6093/4439 6102/4439
f 6099/4439 6098/4439 6092/4439
f 6092/4439 6096/4439 6099/4439
f 6099/4439 6096/4439 6090/4439
f 6090/4439 6096/4439 6091/4439
f 6096/4439 6095/4439 6091/4439
f 6089/4439 6091/4439 6095/4439
f 6097/4439 6089/4439 6095/4439
f 6097/4439 6095/4439 6094/4439
f 6113/4439 6122/4439 6103/4439
f 6123/4439 6111/4439 6110/4439
f 6129/4439 6112/4439 6126/4439
f 6112/4439 6103/4439 6122/4439
f 6126/4439 6112/4439 6122/4439
f 6104/4439 6122/4439 6113/4439
f 6114/4439 6105/4439 6111/4439
f 6114/4439 6111/4439 6104/4439
f 6125/4439 6111/4439 6106/4439
f 6105/4439 6115/4439 6111/4439
f 6115/4439 6106/4439 6111/4439
f 6116/4439 6107/4439 6125/4439
f 6116/4439 6125/4439 6106/4439
f 6128/4439 6125/4439 6117/4439
f 6107/4439 6117/4439 6125/4439
f 6108/4439 6127/4439 6122/4439
f 6118/4439 6108/4439 6122/4439
f 6119/4439 6118/4439 6122/4439
f 6119/4439 6122/4439 6120/4439
f 6121/4439 6120/4439 6122/4439
f 6109/4439 6121/4439 6122/4439
f 6109/4439 6122/4439 6123/4439
f 6122/4439 6111/4439 6123/4439
f 6110/4439 6111/4439 6124/4439
f 6122/4439 6104/4439 6111/4439
f 6111/4439 6125/4439 6124/4439
f 6130/4439 6128/4439 6117/4439
f 6126/4439 6122/4439 6127/4439
f 6149/4439 6140/4439 6131/4439
f 6154/4439 6149/4439 6153/4439
f 6138/4439 6150/4439 6137/4439
f 6139/4439 6156/4439 6153/4439
f 6131/4439 6139/4439 6149/4439
f 6139/4439 6153/4439 6149/4439
f 6149/4439 6132/4439 6140/4439
f 6133/4439 6141/4439 6138/4439
f 6138/4439 6141/4439 6132/4439
f 6142/4439 6133/4439 6138/4439
f 6134/4439 6142/4439 6138/4439
f 6135/4439 6143/4439 6152/4439
f 6152/4439 6143/4439 6134/4439
f 6144/4439 6135/4439 6152/4439
f 6155/4439 6144/4439 6152/4439
f 6127/4439 6108/4439 6145/4439
f 6145/4439 6146/4439 6149/4439
f 6149/4439 6146/4439 6147/4439
f 6154/4439 6145/4439 6149/4439
f 6147/4439 6148/4439 6149/4439
f 6148/4439 6136/4439 6149/4439
f 6149/4439 6136/4439 6150/4439
f 6138/4439 6149/4439 6150/4439
f 6138/4439 6137/4439 6151/4439
f 6132/4439 6149/4439 6138/4439
f 6152/4439 6138/4439 6151/4439
f 6152/4439 6134/4439 6138/4439
f 6154/4439 6127/4439 6145/4439
f 6155/4439 6157/4439 6144/4439
f 6159/4439 6160/4439 6158/4439
f 6167/4439 6165/4439 6166/4439
f 6167/4439 6172/4439 6173/4439
f 6159/4439 6158/4439 6176/4439
f 6159/4439 6161/4439 6160/4439
f 6233/4439 6161/4439 6159/4439
f 6158/4439 6186/4439 6162/4439
f 6177/4439 6176/4439 6158/4439
f 6162/4439 6177/4439 6158/4439
f 6188/4439 6162/4439 6186/4439
f 6178/4439 6161/4439 6234/4439
f 6170/4439 6171/4439 6178/4439
f 6187/4439 6178/4439 6171/4439
f 6167/4439 6173/4439 6163/4439
f 6164/4439 6167/4439 6163/4439
f 6167/4439 6164/4439 6165/4439
f 6166/4439 6175/4439 6167/4439
f 6166/4439 6179/4439 6175/4439
f 6168/4439 6180/4439 6182/4439
f 6180/4439 6181/4439 6182/4439
f 6182/4439 6175/4439 6168/4439
f 6175/4439 6179/4439 6169/4439
f 6168/4439 6175/4439 6169/4439
f 6175/4439 6182/4439 6238/4439
f 6239/4439 6159/4439 6175/4439
f 6159/4439 6239/4439 6240/4439
f 6240/4439 6239/4439 6241/4439
f 6243/4439 6171/4439 6170/4439
f 6243/4439 6185/4439 6171/4439
f 6167/4439 6174/4439 6172/4439
f 6174/4439 6167/4439 6175/4439
f 6174/4439 6175/4439 6159/4439
f 6174/4439 6159/4439 6176/4439
f 6188/4439 6186/4439 6183/4439
f 6171/4439 6185/4439 6184/4439
f 6184/4439 6187/4439 6171/4439
f 6177/4439 6189/4439 6176/4439
f 6189/4439 6177/4439 6190/4439
f 6191/4439 6190/4439 6177/4439
f 6192/4439 6191/4439 6177/4439
f 6162/4439 6192/4439 6177/4439
f 6193/4439 6192/4439 6162/4439
f 6194/4439 6193/4439 6162/4439
f 6195/4439 6194/4439 6162/4439
f 6162/4439 6188/4439 6195/4439
f 6198/4439 6197/4439 6196/4439
f 6245/4439 6200/4439 6199/4439
f 6201/4439 6222/4439 6196/4439
f 6205/4439 6207/4439 6206/4439
f 6210/4439 6207/4439 6211/4439
f 6214/4439 6196/4439 6197/4439
f 6199/4439 6197/4439 6198/4439
f 6199/4439 6200/4439 6197/4439
f 6214/4439 6215/4439 6196/4439
f 6215/4439 6201/4439 6196/4439
f 6201/4439 6224/4439 6222/4439
f 6199/4439 6216/4439 6245/4439
f 6220/4439 6202/4439 6216/4439
f 6211/4439 6207/4439 6203/4439
f 6207/4439 6204/4439 6203/4439
f 6204/4439 6207/4439 6205/4439
f 6213/4439 6206/4439 6207/4439
f 6217/4439 6206/4439 6213/4439
f 6218/4439 6208/4439 6182/4439
f 6181/4439 6218/4439 6182/4439
f 6217/4439 6213/4439 6209/4439
f 6213/4439 6208/4439 6209/4439
f 6253/4439 6182/4439 6213/4439
f 6213/4439 6182/4439 6208/4439
f 6197/4439 6255/4439 6213/4439
f 6202/4439 6254/4439 6258/4439
f 6221/4439 6243/4439 6202/4439
f 6212/4439 6207/4439 6210/4439
f 6207/4439 6212/4439 6213/4439
f 6213/4439 6212/4439 6214/4439
f 6213/4439 6214/4439 6197/4439
f 6222/4439 6224/4439 6219/4439
f 6221/4439 6202/4439 6220/4439
f 6223/4439 6220/4439 6216/4439
f 6243/4439 6221/4439 6185/4439
f 6225/4439 6215/4439 6214/4439
f 6215/4439 6225/4439 6226/4439
f 6226/4439 6227/4439 6215/4439
f 6227/4439 6228/4439 6215/4439
f 6228/4439 6201/4439 6215/4439
f 6228/4439 6229/4439 6201/4439
f 6229/4439 6230/4439 6201/4439
f 6230/4439 6231/4439 6201/4439
f 6224/4439 6201/4439 6231/4439
f 6240/4439 6233/4439 6159/4439
f 6170/4439 6232/4439 6243/4439
f 6161/4439 6233/4439 6234/4439
f 6178/4439 6235/4439 6170/4439
f 6235/4439 6178/4439 6236/4439
f 6178/4439 6234/4439 6236/4439
f 6237/4439 6175/4439 6238/4439
f 6239/4439 6175/4439 6237/4439
f 6239/4439 6244/4439 6241/4439
f 6242/4439 6233/4439 6240/4439
f 6170/4439 6235/4439 6232/4439
f 6202/4439 6243/4439 6254/4439
f 6200/4439 6256/4439 6197/4439
f 6256/4439 6255/4439 6197/4439
f 6248/4439 6202/4439 6258/4439
f 6200/4439 6245/4439 6250/4439
f 6249/4439 6200/4439 6250/4439
f 6202/4439 6251/4439 6216/4439
f 6216/4439 6251/4439 6246/4439
f 6246/4439 6245/4439 6216/4439
f 6213/4439 6252/4439 6253/4439
f 6252/4439 6213/4439 6255/4439
f 6255/4439 6257/4439 6259/4439
f 6257/4439 6255/4439 6256/4439
f 6256/4439 6200/4439 6247/4439
f 6251/4439 6202/4439 6248/4439
f 6238/4439 6182/4439 6253/4439
f 6200/4439 6249/4439 6247/4439
f 6287/4439 6293/4439 6273/4439
f 6287/4439 6274/4439 6279/4439
f 6288/4439 6275/4439 6260/4439
f 6289/4439 6276/4439 6280/4439
f 6263/4439 6290/4439 6277/4439
f 6266/4439 6265/4439 6272/4439
f 6282/4439 6261/4439 6281/4439
f 6270/4439 6262/4439 6261/4439
f 6270/4439 6284/4439 6262/4439
f 6284/4439 6278/4439 6262/4439
f 6284/4439 6285/4439 6278/4439
f 6278/4439 6285/4439 6268/4439
f 6285/4439 6286/4439 6268/4439
f 6293/4439 6268/4439 6286/4439
f 6286/4439 6273/4439 6293/4439
f 6279/4439 6267/4439 6287/4439
f 6287/4439 6267/4439 6293/4439
f 6260/4439 6279/4439 6274/4439
f 6288/4439 6260/4439 6274/4439
f 6280/4439 6260/4439 6275/4439
f 6289/4439 6280/4439 6275/4439
f 6280/4439 6276/4439 6263/4439
f 6263/4439 6276/4439 6290/4439
f 6277/4439 6291/4439 6263/4439
f 6291/4439 6292/4439 6263/4439
f 6264/4439 6292/4439 6283/4439
f 6292/4439 6294/4439 6263/4439
f 6265/4439 6264/4439 6283/4439
f 6283/4439 6272/4439 6265/4439
f 6272/4439 6271/4439 6266/4439
f 6266/4439 6271/4439 6295/4439
f 6271/4439 6269/4439 6295/4439
f 6281/4439 6295/4439 6269/4439
f 6282/4439 6270/4439 6261/4439
f 6281/4439 6269/4439 6282/4439
f 6264/4439 6294/4439 6292/4439
f 6304/4439 6298/4439 6302/4439
f 6306/4439 6307/4439 6301/4439
f 6302/4439 6308/4439 6311/4439
f 6298/4439 6309/4439 6302/4439
f 6308/4439 6302/4439 6309/4439
f 6302/4439 6311/4439 6297/4439
f 6310/4439 6297/4439 6311/4439
f 6303/4439 6309/4439 6298/4439
f 6312/4439 6302/4439 6329/4439
f 6297/4439 6329/4439 6302/4439
f 6328/4439 6327/4439 6329/4439
f 6297/4439 6328/4439 6329/4439
f 6315/4439 6304/4439 6330/4439
f 6302/4439 6330/4439 6304/4439
f 6312/4439 6330/4439 6302/4439
f 6306/4439 6320/4439 6333/4439
f 6343/4439 6313/4439 6326/4439
f 6327/4439 6328/4439 6336/4439
f 6337/4439 6329/4439 6338/4439
f 6327/4439 6338/4439 6329/4439
f 6354/4439 6356/4439 6357/4439
f 6300/4439 6318/4439 6319/4439
f 6340/4439 6300/4439 6319/4439
f 6319/4439 6317/4439 6342/4439
f 6357/4439 6353/4439 6354/4439
f 6339/4439 6323/4439 6322/4439
f 6297/4439 6344/4439 6324/4439
f 6347/4439 6346/4439 6348/4439
f 6348/4439 6346/4439 6345/4439
f 6297/4439 6324/4439 6328/4439
f 6306/4439 6333/4439 6307/4439
f 6325/4439 6307/4439 6333/4439
f 6296/4439 6335/4439 6315/4439
f 6297/4439 6314/4439 6344/4439
f 6339/4439 6322/4439 6334/4439
f 6317/4439 6319/4439 6318/4439
f 6313/4439 6343/4439 6332/4439
f 6341/4439 6336/4439 6331/4439
f 6328/4439 6331/4439 6336/4439
f 6300/4439 6340/4439 6321/4439
f 6352/4439 6350/4439 6351/4439
f 6350/4439 6349/4439 6351/4439
f 6353/4439 6358/4439 6355/4439
f 6355/4439 6354/4439 6353/4439
f 6362/4439 6361/4439 6360/4439
f 6359/4439 6361/4439 6362/4439
f 6363/4439 6366/4439 6365/4439
f 6364/4439 6363/4439 6365/4439
f 6369/4439 6368/4439 6370/4439
f 6367/4439 6370/4439 6368/4439
f 6373/4439 6371/4439 6372/4439
f 6375/4439 6373/4439 6374/4439
f 6372/4439 6374/4439 6373/4439
f 6375/4439 6374/4439 6377/4439
f 6376/4439 6377/4439 6374/4439
f 6316/4439 6386/4439 6335/4439
f 6384/4439 6383/4439 6387/4439
f 6388/4439 6387/4439 6383/4439
f 6380/4439 6379/4439 6305/4439
f 6382/4439 6305/4439 6379/4439
f 6385/4439 6305/4439 6382/4439
f 6315/4439 6335/4439 6390/4439
f 6386/4439 6390/4439 6335/4439
f 6381/4439 6382/4439 6379/4439
f 6304/4439 6389/4439 6299/4439
f 6390/4439 6389/4439 6304/4439
f 6315/4439 6390/4439 6304/4439
f 6299/4439 6389/4439 6378/4439
f 6383/4439 6384/4439 6381/4439
f 6382/4439 6381/4439 6384/4439
f 6391/4439 6392/4439 6393/4439
f 6391/4439 6394/4439 6395/4439
f 6396/4439 6397/4439 6398/4439
f 6396/4439 6399/4439 6400/4439
f 6401/4439 6397/4439 6402/4439
f 6420/4439 6403/4439 6404/4439
f 6405/4439 6420/4439 6406/4439
f 6421/4439 6392/4439 6406/4439
f 6411/4439 6412/4439 6423/4439
f 6413/4439 6414/4439 6410/4439
f 6400/4439 6399/4439 6391/4439
f 6399/4439 6406/4439 6392/4439
f 6391/4439 6399/4439 6392/4439
f 6393/4439 6415/4439 6391/4439
f 6391/4439 6415/4439 6394/4439
f 6400/4439 6416/4439 6396/4439
f 6417/4439 6402/4439 6397/4439
f 6396/4439 6417/4439 6397/4439
f 6398/4439 6405/4439 6396/4439
f 6405/4439 6406/4439 6399/4439
f 6396/4439 6405/4439 6399/4439
f 6402/4439 6418/4439 6401/4439
f 6404/4439 6403/4439 6401/4439
f 6403/4439 6398/4439 6397/4439
f 6401/4439 6403/4439 6397/4439
f 6404/4439 6419/4439 6420/4439
f 6419/4439 6422/4439 6423/4439
f 6420/4439 6419/4439 6423/4439
f 6420/4439 6398/4439 6403/4439
f 6398/4439 6420/4439 6405/4439
f 6406/4439 6420/4439 6421/4439
f 6420/4439 6423/4439 6421/4439
f 6421/4439 6393/4439 6392/4439
f 6423/4439 6422/4439 6407/4439
f 6421/4439 6423/4439 6408/4439
f 6423/4439 6409/4439 6408/4439
f 6409/4439 6423/4439 6410/4439
f 6411/4439 6423/4439 6407/4439
f 6410/4439 6423/4439 6413/4439
f 6413/4439 6423/4439 6412/4439
f 6415/4439 6424/4439 6394/4439
f 6415/4439 6425/4439 6424/4439
f 6391/4439 6426/4439 6400/4439
f 6391/4439 6395/4439 6426/4439
f 6416/4439 6417/4439 6396/4439
f 6427/4439 6404/4439 6401/4439
f 6427/4439 6401/4439 6418/4439
f 6419/4439 6427/4439 6422/4439
f 6427/4439 6419/4439 6404/4439
f 6428/4439 6407/4439 6422/4439
f 6422/4439 6429/4439 6428/4439
f 6429/4439 6422/4439 6427/4439
f 6429/4439 6427/4439 6428/4439
f 6432/4439 6431/4439 6430/4439
f 6433/4439 6430/4439 6431/4439
f 6432/4439 6430/4439 6433/4439
f 6433/4439 6431/4439 6432/4439
f 6441/4439 6440/4439 6434/4439
f 6437/4439 6448/4439 6439/4439
f 6442/4439 6444/4439 6443/4439
f 6434/4439 6435/4439 6436/4439
f 6436/4439 6445/4439 6434/4439
f 6445/4439 6442/4439 6441/4439
f 6434/4439 6445/4439 6441/4439
f 6444/4439 6442/4439 6445/4439
f 6436/4439 6439/4439 6445/4439
f 6435/4439 6437/4439 6436/4439
f 6435/4439 6446/4439 6437/4439
f 6446/4439 6438/4439 6437/4439
f 6436/4439 6437/4439 6439/4439
f 6437/4439 6438/4439 6447/4439
f 6449/4439 6437/4439 6447/4439
f 6437/4439 6449/4439 6448/4439
f 6453/4439 6463/4439 6459/4439
f 6456/4439 6453/4439 6457/4439
f 6461/4439 6455/4439 6458/4439
f 6458/4439 6462/4439 6461/4439
f 6458/4439 6459/4439 6462/4439
f 6458/4439 6450/4439 6460/4439
f 6458/4439 6460/4439 6459/4439
f 6451/4439 6460/4439 6450/4439
f 6450/4439 6452/4439 6451/4439
f 6456/4439 6455/4439 6453/4439
f 6454/4439 6453/4439 6455/4439
f 6461/4439 6454/4439 6455/4439
f 6462/4439 6454/4439 6461/4439
f 6462/4439 6459/4439 6463/4439
f 6453/4439 6454/4439 6463/4439
f 6454/4439 6462/4439 6463/4439
f 6459/4439 6460/4439 6453/4439
f 6457/4439 6453/4439 6460/4439
f 6457/4439 6460/4439 6451/4439
f 6457/4439 6451/4439 6452/4439
f 6456/4439 6457/4439 6452/4439
f 6452/4439 6450/4439 6456/4439
f 6450/4439 6458/4439 6456/4439
f 6456/4439 6458/4439 6455/4439
f 6469/4439 6467/4439 6466/4439
f 6474/4439 6472/4439 6467/4439
f 6472/4439 6468/4439 6467/4439
f 6465/4439 6468/4439 6464/4439
f 6468/4439 6472/4439 6464/4439
f 6467/4439 6469/4439 6474/4439
f 6471/4439 6469/4439 6470/4439
f 6472/4439 6474/4439 6471/4439
f 6471/4439 6473/4439 6472/4439
f 6473/4439 6465/4439 6464/4439
f 6473/4439 6464/4439 6472/4439
f 6471/4439 6474/4439 6469/4439
f 6470/4439 6469/4439 6466/4439
f 6476/4439 6482/4439 6481/4439
f 6483/4439 6482/4439 6476/4439
f 6484/4439 6482/4439 6483/4439
f 6475/4439 6484/4439 6483/4439
f 6481/4439 6477/4439 6476/4439
f 6481/4439 6478/4439 6477/4439
f 6476/4439 6477/4439 6485/4439
f 6485/4439 6477/4439 6479/4439
f 6478/4439 6479/4439 6477/4439
f 6476/4439 6486/4439 6487/4439
f 6483/4439 6476/4439 6487/4439
f 6487/4439 6475/4439 6483/4439
f 6480/4439 6486/4439 6476/4439
f 6480/4439 6476/4439 6485/4439
f 6479/4439 6480/4439 6485/4439
f 6478/4439 6480/4439 6479/4439
f 6481/4439 6480/4439 6478/4439
f 6486/4439 6480/4439 6481/4439
f 6489/4439 6495/4439 6494/4439
f 6496/4439 6495/4439 6489/4439
f 6497/4439 6495/4439 6496/4439
f 6488/4439 6497/4439 6496/4439
f 6494/4439 6490/4439 6489/4439
f 6494/4439 6491/4439 6490/4439
f 6489/4439 6490/4439 6498/4439
f 6498/4439 6490/4439 6492/4439
f 6491/4439 6492/4439 6490/4439
f 6489/4439 6499/4439 6500/4439
f 6496/4439 6489/4439 6500/4439
f 6500/4439 6488/4439 6496/4439
f 6493/4439 6499/4439 6489/4439
f 6493/4439 6489/4439 6498/4439
f 6492/4439 6493/4439 6498/4439
f 6493/4439 6492/4439 6491/4439
f 6494/4439 6493/4439 6491/4439
f 6493/4439 6494/4439 6499/4439
f 6503/4439 6506/4439 6507/4439
f 6501/4439 6506/4439 6503/4439
f 6501/4439 6502/4439 6505/4439
f 6504/4439 6505/4439 6502/4439
f 6506/4439 6501/4439 6505/4439
f 6513/4439 6510/4439 6514/4439
f 6513/4439 6508/4439 6510/4439
f 6509/4439 6508/4439 6512/4439
f 6512/4439 6511/4439 6509/4439
f 6508/4439 6513/4439 6512/4439
f 6516/4439 6520/4439 6515/4439
f 6521/4439 6515/4439 6520/4439
f 6517/4439 6522/4439 6516/4439
f 6519/4439 6524/4439 6518/4439
f 6523/4439 6518/4439 6524/4439
f 6515/4439 6521/4439 6519/4439
f 6524/4439 6519/4439 6521/4439
f 6516/4439 6522/4439 6520/4439
f 6529/4439 6526/4439 6525/4439
f 6525/4439 6530/4439 6529/4439
f 6522/4439 6517/4439 6526/4439
f 6532/4439 6528/4439 6527/4439
f 6527/4439 6531/4439 6532/4439
f 6530/4439 6525/4439 6528/4439
f 6528/4439 6532/4439 6530/4439
f 6522/4439 6526/4439 6529/4439
f 6536/4439 6543/4439 6533/4439
f 6536/4439 6538/4439 6535/4439
f 6534/4439 6537/4439 6533/4439
f 6535/4439 6538/4439 6539/4439
f 6533/4439 6537/4439 6540/4439
f 6533/4439 6540/4439 6536/4439
f 6538/4439 6536/4439 6540/4439
f 6533/4439 6541/4439 6534/4439
f 6533/4439 6543/4439 6541/4439
f 6534/4439 6541/4439 6542/4439
f 6552/4439 6547/4439 6544/4439
f 6548/4439 6547/4439 6546/4439
f 6537/4439 6545/4439 6544/4439
f 6548/4439 6546/4439 6549/4439
f 6537/4439 6544/4439 6550/4439
f 6550/4439 6544/4439 6547/4439
f 6547/4439 6548/4439 6550/4439
f 6551/4439 6544/4439 6545/4439
f 6552/4439 6544/4439 6551/4439
f 6551/4439 6545/4439 6542/4439
f 6554/4439 6556/4439 6553/4439
f 6556/4439 6554/4439 6557/4439
f 6554/4439 6555/4439 6557/4439
f 6561/4439 6559/4439 6558/4439
f 6559/4439 6561/4439 6562/4439
f 6560/4439 6559/4439 6562/4439
f 6573/4439 6566/4439 6563/4439
f 6568/4439 6566/4439 6565/4439
f 6567/4439 6564/4439 6563/4439
f 6568/4439 6565/4439 6569/4439
f 6567/4439 6563/4439 6570/4439
f 6570/4439 6563/4439 6566/4439
f 6566/4439 6568/4439 6570/4439
f 6571/4439 6563/4439 6564/4439
f 6573/4439 6563/4439 6571/4439
f 6571/4439 6564/4439 6572/4439
f 6577/4439 6582/4439 6574/4439
f 6577/4439 6578/4439 6576/4439
f 6575/4439 6567/4439 6574/4439
f 6576/4439 6578/4439 6579/4439
f 6574/4439 6567/4439 6580/4439
f 6574/4439 6580/4439 6577/4439
f 6578/4439 6577/4439 6580/4439
f 6574/4439 6581/4439 6575/4439
f 6574/4439 6582/4439 6581/4439
f 6575/4439 6581/4439 6572/4439
f 6588/4439 6584/4439 6583/4439
f 6583/4439 6589/4439 6588/4439
f 6590/4439 6585/4439 6584/4439
f 6592/4439 6587/4439 6586/4439
f 6586/4439 6591/4439 6592/4439
f 6589/4439 6583/4439 6587/4439
f 6587/4439 6592/4439 6589/4439
f 6590/4439 6584/4439 6588/4439
f 6594/4439 6597/4439 6593/4439
f 6598/4439 6593/4439 6597/4439
f 6585/4439 6590/4439 6594/4439
f 6596/4439 6600/4439 6595/4439
f 6599/4439 6595/4439 6600/4439
f 6593/4439 6598/4439 6596/4439
f 6600/4439 6596/4439 6598/4439
f 6594/4439 6590/4439 6597/4439
f 6606/4439 6603/4439 6607/4439
f 6606/4439 6601/4439 6603/4439
f 6602/4439 6601/4439 6605/4439
f 6605/4439 6604/4439 6602/4439
f 6601/4439 6606/4439 6605/4439
f 6610/4439 6613/4439 6614/4439
f 6608/4439 6613/4439 6610/4439
f 6608/4439 6609/4439 6612/4439
f 6611/4439 6612/4439 6609/4439
f 6613/4439 6608/4439 6612/4439
f 6618/4439 6616/4439 6615/4439
f 6616/4439 6618/4439 6619/4439
f 6617/4439 6616/4439 6619/4439
f 6621/4439 6623/4439 6620/4439
f 6623/4439 6621/4439 6624/4439
f 6621/4439 6622/4439 6624/4439
f 6626/4439 6625/4439 6627/4439
f 6626/4439 6628/4439 6629/4439
f 6631/4439 6630/4439 6632/4439
f 6631/4439 6633/4439 6629/4439
f 6635/4439 6652/4439 6636/4439
f 6653/4439 6625/4439 6636/4439
f 6643/4439 6652/4439 6632/4439
f 6657/4439 6641/4439 6642/4439
f 6660/4439 6658/4439 6643/4439
f 6637/4439 6643/4439 6632/4439
f 6641/4439 6645/4439 6642/4439
f 6647/4439 6646/4439 6648/4439
f 6633/4439 6636/4439 6625/4439
f 6629/4439 6633/4439 6626/4439
f 6633/4439 6625/4439 6626/4439
f 6646/4439 6649/4439 6650/4439
f 6627/4439 6646/4439 6626/4439
f 6646/4439 6650/4439 6626/4439
f 6651/4439 6634/4439 6630/4439
f 6629/4439 6651/4439 6631/4439
f 6651/4439 6630/4439 6631/4439
f 6635/4439 6636/4439 6633/4439
f 6632/4439 6635/4439 6631/4439
f 6635/4439 6633/4439 6631/4439
f 6632/4439 6652/4439 6635/4439
f 6636/4439 6652/4439 6653/4439
f 6653/4439 6627/4439 6625/4439
f 6637/4439 6632/4439 6654/4439
f 6632/4439 6630/4439 6654/4439
f 6652/4439 6655/4439 6653/4439
f 6653/4439 6655/4439 6638/4439
f 6655/4439 6639/4439 6638/4439
f 6655/4439 6640/4439 6639/4439
f 6640/4439 6655/4439 6652/4439
f 6652/4439 6643/4439 6640/4439
f 6657/4439 6642/4439 6660/4439
f 6657/4439 6660/4439 6637/4439
f 6657/4439 6656/4439 6641/4439
f 6642/4439 6659/4439 6660/4439
f 6659/4439 6658/4439 6660/4439
f 6660/4439 6643/4439 6637/4439
f 6654/4439 6630/4439 6644/4439
f 6642/4439 6645/4439 6659/4439
f 6646/4439 6647/4439 6661/4439
f 6646/4439 6661/4439 6649/4439
f 6626/4439 6650/4439 6662/4439
f 6626/4439 6662/4439 6628/4439
f 6630/4439 6634/4439 6644/4439
f 6663/4439 6664/4439 6665/4439
f 6666/4439 6664/4439 6667/4439
f 6668/4439 6669/4439 6670/4439
f 6671/4439 6669/4439 6667/4439
f 6690/4439 6673/4439 6674/4439
f 6663/4439 6691/4439 6674/4439
f 6690/4439 6681/4439 6670/4439
f 6679/4439 6695/4439 6680/4439
f 6696/4439 6698/4439 6681/4439
f 6681/4439 6675/4439 6670/4439
f 6683/4439 6679/4439 6680/4439
f 6684/4439 6685/4439 6686/4439
f 6674/4439 6671/4439 6663/4439
f 6671/4439 6667/4439 6664/4439
f 6663/4439 6671/4439 6664/4439
f 6687/4439 6684/4439 6688/4439
f 6684/4439 6665/4439 6664/4439
f 6688/4439 6684/4439 6664/4439
f 6672/4439 6689/4439 6668/4439
f 6689/4439 6667/4439 6669/4439
f 6668/4439 6689/4439 6669/4439
f 6674/4439 6673/4439 6671/4439
f 6673/4439 6670/4439 6669/4439
f 6671/4439 6673/4439 6669/4439
f 6690/4439 6670/4439 6673/4439
f 6690/4439 6674/4439 6691/4439
f 6665/4439 6691/4439 6663/4439
f 6670/4439 6675/4439 6692/4439
f 6668/4439 6670/4439 6692/4439
f 6693/4439 6690/4439 6691/4439
f 6693/4439 6691/4439 6676/4439
f 6677/4439 6693/4439 6676/4439
f 6678/4439 6693/4439 6677/4439
f 6693/4439 6678/4439 6690/4439
f 6681/4439 6690/4439 6678/4439
f 6680/4439 6695/4439 6698/4439
f 6698/4439 6695/4439 6675/4439
f 6694/4439 6695/4439 6679/4439
f 6697/4439 6680/4439 6698/4439
f 6696/4439 6697/4439 6698/4439
f 6681/4439 6698/4439 6675/4439
f 6668/4439 6692/4439 6682/4439
f 6683/4439 6680/4439 6697/4439
f 6685/4439 6684/4439 6699/4439
f 6699/4439 6684/4439 6687/4439
f 6688/4439 6664/4439 6700/4439
f 6700/4439 6664/4439 6666/4439
f 6672/4439 6668/4439 6682/4439
f 6773/4440 6701/4440 6721/4440
f 6717/4440 6773/4440 6718/4440
f 6715/4440 6716/4440 6719/4440
f 6716/4440 6722/4440 6719/4440
f 6716/4440 6717/4440 6720/4440
f 6716/4440 6720/4440 6722/4440
f 6717/4440 6718/4440 6721/4440
f 6717/4440 6721/4440 6720/4440
f 6722/4440 6720/4440 6723/4440
f 6720/4440 6721/4440 6723/4440
f 6719/4440 6722/4440 6724/4440
f 6722/4440 6723/4440 6726/4440
f 6723/4440 6721/4440 6725/4440
f 6723/4440 6725/4440 6726/4440
f 6724/4440 6722/4440 6728/4440
f 6722/4440 6726/4440 6728/4440
f 6724/4440 6728/4440 6727/4440
f 6728/4440 6726/4440 6730/4440
f 6726/4440 6725/4440 6729/4440
f 6726/4440 6729/4440 6730/4440
f 6727/4440 6728/4440 6735/4440
f 6727/4440 6735/4440 6731/4440
f 6728/4440 6732/4440 6735/4440
f 6728/4440 6730/4440 6732/4440
f 6730/4440 6729/4440 6733/4440
f 6730/4440 6733/4440 6732/4440
f 6732/4440 6736/4440 6735/4440
f 6732/4440 6733/4440 6736/4440
f 6731/4440 6735/4440 6734/4440
f 6736/4440 6733/4440 6737/4440
f 6734/4440 6735/4440 6739/4440
f 6735/4440 6740/4440 6739/4440
f 6735/4440 6736/4440 6740/4440
f 6734/4440 6739/4440 6738/4440
f 6740/4440 6736/4440 6741/4440
f 6736/4440 6737/4440 6742/4440
f 6736/4440 6742/4440 6741/4440
f 6739/4440 6740/4440 6743/4440
f 6740/4440 6741/4440 6743/4440
f 6741/4440 6742/4440 6743/4440
f 6738/4440 6739/4440 6746/4440
f 6738/4440 6746/4440 6744/4440
f 6739/4440 6743/4440 6746/4440
f 6743/4440 6742/4440 6745/4440
f 6746/4440 6743/4440 6747/4440
f 6743/4440 6745/4440 6747/4440
f 6744/4440 6746/4440 6748/4440
f 6747/4440 6745/4440 6749/4440
f 6748/4440 6746/4440 6752/4440
f 6746/4440 6747/4440 6750/4440
f 6746/4440 6750/4440 6752/4440
f 6747/4440 6749/4440 6750/4440
f 6748/4440 6752/4440 6751/4440
f 6750/4440 6749/4440 6753/4440
f 6752/4440 6750/4440 6754/4440
f 6750/4440 6753/4440 6754/4440
f 6751/4440 6752/4440 6758/4440
f 6751/4440 6758/4440 6755/4440
f 6752/4440 6754/4440 6756/4440
f 6752/4440 6756/4440 6758/4440
f 6754/4440 6753/4440 6757/4440
f 6754/4440 6757/4440 6756/4440
f 6756/4440 6761/4440 6758/4440
f 6756/4440 6757/4440 6761/4440
f 6755/4440 6758/4440 6759/4440
f 6758/4440 6760/4440 6759/4440
f 6758/4440 6761/4440 6760/4440
f 6761/4440 6757/4440 6762/4440
f 6759/4440 6760/4440 6763/4440
f 6760/4440 6761/4440 6763/4440
f 6761/4440 6762/4440 6763/4440
f 6759/4440 6763/4440 6764/4440
f 6763/4440 6762/4440 6765/4440
f 6764/4440 6763/4440 6766/4440
f 6763/4440 6765/4440 6766/4440
f 6764/4440 6766/4440 6768/4440
f 6764/4440 6768/4440 6767/4440
f 6766/4440 6765/4440 6769/4440
f 6766/4440 6769/4440 6768/4440
f 6767/4440 6768/4440 6771/4440
f 6767/4440 6771/4440 6770/4440
f 6768/4440 6769/4440 6771/4440
f 6770/4440 6771/4440 6772/4440
f 6771/4440 6773/4440 6772/4440
f 6772/4440 6716/4440 6715/4440
f 6772/4440 6773/4440 6716/4440
f 6773/4440 6717/4440 6716/4440
f 6773/4440 6721/4440 6718/4440
f 6773/4440 6771/4440 6714/4440
f 6714/4440 6771/4440 6769/4440
f 6714/4440 6769/4440 6713/4440
f 6713/4440 6769/4440 6765/4440
f 6713/4440 6765/4440 6712/4440
f 6712/4440 6765/4440 6762/4440
f 6712/4440 6762/4440 6711/4440
f 6711/4440 6762/4440 6757/4440
f 6711/4440 6757/4440 6710/4440
f 6710/4440 6757/4440 6753/4440
f 6710/4440 6753/4440 6709/4440
f 6709/4440 6753/4440 6749/4440
f 6709/4440 6749/4440 6708/4440
f 6708/4440 6749/4440 6745/4440
f 6745/4440 6707/4440 6708/4440
f 6707/4440 6745/4440 6742/4440
f 6742/4440 6706/4440 6707/4440
f 6706/4440 6742/4440 6737/4440
f 6737/4440 6705/4440 6706/4440
f 6705/4440 6737/4440 6733/4440
f 6733/4440 6704/4440 6705/4440
f 6704/4440 6733/4440 6729/4440
f 6729/4440 6703/4440 6704/4440
f 6703/4440 6729/4440 6725/4440
f 6725/4440 6702/4440 6703/4440
f 6702/4440 6725/4440 6721/4440
f 6774/4440 6775/4440 6776/4440
f 6776/4440 6775/4440 6777/4440
f 6776/4440 6777/4440 6778/4440
f 6778/4440 6777/4440 6779/4440
f 6778/4440 6779/4440 6781/4440
f 6778/4440 6781/4440 6780/4440
f 6780/4440 6781/4440 6783/4440
f 6780/4440 6783/4440 6782/4440
f 6782/4440 6783/4440 6785/4440
f 6782/4440 6785/4440 6784/4440
f 6784/4440 6785/4440 6787/4440
f 6784/4440 6787/4440 6786/4440
f 6786/4440 6787/4440 6789/4440
f 6786/4440 6789/4440 6788/4440
f 6788/4440 6789/4440 6791/4440
f 6788/4440 6791/4440 6790/4440
f 6790/4440 6791/4440 6793/4440
f 6790/4440 6793/4440 6792/4440
f 6792/4440 6793/4440 6795/4440
f 6792/4440 6795/4440 6794/4440
f 6794/4440 6795/4440 6796/4440
f 6796/4440 6795/4440 6797/4440
f 6796/4440 6797/4440 6798/4440
f 6798/4440 6797/4440 6799/4440
f 6798/4440 6799/4440 6800/4440
f 6800/4440 6799/4440 6801/4440
f 6800/4440 6801/4440 6802/4440
f 6802/4440 6801/4440 6803/4440
f 6802/4440 6803/4440 6804/4440
f 6804/4440 6803/4440 6805/4440
f 6804/4440 6805/4440 6806/4440
f 6806/4440 6805/4440 6807/4440
f 6806/4440 6807/4440 6809/4440
f 6806/4440 6809/4440 6808/4440
f 6808/4440 6809/4440 6811/4440
f 6808/4440 6811/4440 6810/4440
f 6810/4440 6811/4440 6775/4440
f 6810/4440 6775/4440 6774/4440
f 6818/4440 6816/4440 6812/4440
f 6835/4440 6866/4440 6820/4440
f 6834/4440 6853/4440 6838/4440
f 6865/4440 6840/4440 6814/4440
f 6874/4440 6843/4440 6830/4440
f 6861/4440 6842/4440 6829/4440
f 6849/4440 6814/4440 6813/4440
f 6839/4440 6864/4440 6812/4440
f 6815/4440 6839/4440 6812/4440
f 6812/4440 6816/4440 6815/4440
f 6812/4440 6817/4440 6818/4440
f 6838/4440 6819/4440 6834/4440
f 6820/4440 6866/4440 6834/4440
f 6834/4440 6866/4440 6853/4440
f 6815/4440 6833/4440 6839/4440
f 6833/4440 6819/4440 6838/4440
f 6839/4440 6833/4440 6838/4440
f 6865/4440 6824/4440 6840/4440
f 6813/4440 6826/4440 6857/4440
f 6872/4440 6846/4440 6825/4440
f 6825/4440 6846/4440 6827/4440
f 6828/4440 6825/4440 6827/4440
f 6817/4440 6825/4440 6828/4440
f 6818/4440 6817/4440 6828/4440
f 6858/4440 6821/4440 6843/4440
f 6874/4440 6858/4440 6843/4440
f 6875/4440 6831/4440 6844/4440
f 6860/4440 6852/4440 6869/4440
f 6860/4440 6844/4440 6823/4440
f 6877/4440 6832/4440 6845/4440
f 6831/4440 6875/4440 6845/4440
f 6829/4440 6876/4440 6861/4440
f 6874/4440 6830/4440 6842/4440
f 6861/4440 6874/4440 6842/4440
f 6841/4440 6827/4440 6846/4440
f 6829/4440 6841/4440 6846/4440
f 6876/4440 6829/4440 6846/4440
f 6873/4440 6826/4440 6847/4440
f 6832/4440 6877/4440 6847/4440
f 6850/4440 6835/4440 6821/4440
f 6839/4440 6838/4440 6855/4440
f 6859/4440 6844/4440 6860/4440
f 6862/4440 6845/4440 6875/4440
f 6863/4440 6847/4440 6877/4440
f 6866/4440 6835/4440 6850/4440
f 6823/4440 6852/4440 6860/4440
f 6823/4440 6836/4440 6852/4440
f 6838/4440 6853/4440 6870/4440
f 6822/4440 6837/4440 6867/4440
f 6864/4440 6839/4440 6855/4440
f 6865/4440 6871/4440 6824/4440
f 6844/4440 6859/4440 6875/4440
f 6845/4440 6862/4440 6877/4440
f 6873/4440 6847/4440 6863/4440
f 6852/4440 6836/4440 6851/4440
f 6867/4440 6837/4440 6854/4440
f 6857/4440 6826/4440 6873/4440
f 6858/4440 6868/4440 6821/4440
f 6872/4440 6876/4440 6846/4440
f 6812/4440 6864/4440 6848/4440
f 6849/4440 6865/4440 6814/4440
f 6836/4440 6822/4440 6867/4440
f 6867/4440 6851/4440 6836/4440
f 6850/4440 6821/4440 6868/4440
f 6837/4440 6824/4440 6871/4440
f 6871/4440 6854/4440 6837/4440
f 6855/4440 6838/4440 6870/4440
f 6856/4440 6872/4440 6825/4440
f 6898/4440 6899/4440 6878/4440
f 6900/4440 6901/4440 6885/4440
f 6902/4440 6903/4440 6887/4440
f 6904/4440 6905/4440 6891/4440
f 6907/4440 6906/4440 6890/4440
f 6909/4440 6908/4440 6895/4440
f 6911/4440 6910/4440 6897/4440
f 6882/4440 6879/4440 6880/4440
f 6881/4440 6882/4440 6880/4440
f 6883/4440 6878/4440 6879/4440
f 6882/4440 6883/4440 6879/4440
f 6878/4440 6883/4440 6898/4440
f 6884/4440 6885/4440 6899/4440
f 6898/4440 6884/4440 6899/4440
f 6885/4440 6884/4440 6900/4440
f 6886/4440 6887/4440 6901/4440
f 6900/4440 6886/4440 6901/4440
f 6887/4440 6886/4440 6902/4440
f 6888/4440 6889/4440 6903/4440
f 6902/4440 6888/4440 6903/4440
f 6891/4440 6892/4440 6881/4440
f 6880/4440 6891/4440 6881/4440
f 6892/4440 6891/4440 6905/4440
f 6890/4440 6893/4440 6905/4440
f 6904/4440 6890/4440 6905/4440
f 6893/4440 6890/4440 6906/4440
f 6895/4440 6894/4440 6906/4440
f 6907/4440 6895/4440 6906/4440
f 6894/4440 6895/4440 6908/4440
f 6897/4440 6896/4440 6908/4440
f 6909/4440 6897/4440 6908/4440
f 6896/4440 6897/4440 6910/4440
f 6889/4440 6888/4440 6911/4440
f 6911/4440 6888/4440 6910/4440
f 6916/4440 6914/4440 6925/4440
f 6914/4440 6916/4440 6922/4440
f 6912/4440 6924/4440 6913/4440
f 6913/4440 6933/4440 6912/4440
f 6913/4440 6925/4440 6915/4440
f 6915/4440 6925/4440 6914/4440
f 6933/4440 6913/4440 6915/4440
f 6917/4440 6914/4440 6926/4440
f 6915/4440 6914/4440 6917/4440
f 6912/4440 6927/4440 6924/4440
f 6928/4440 6918/4440 6919/4440
f 6937/4440 6919/4440 6918/4440
f 6929/4440 6919/4440 6922/4440
f 6922/4440 6921/4440 6914/4440
f 6929/4440 6922/4440 6916/4440
f 6921/4440 6922/4440 6937/4440
f 6922/4440 6919/4440 6937/4440
f 6926/4440 6914/4440 6923/4440
f 6914/4440 6921/4440 6923/4440
f 6928/4440 6927/4440 6918/4440
f 6920/4440 6918/4440 6912/4440
f 6918/4440 6927/4440 6912/4440
f 6933/4440 6932/4440 6912/4440
f 6934/4440 6917/4440 6926/4440
f 6936/4440 6917/4440 6934/4440
f 6936/4440 6915/4440 6917/4440
f 6921/4440 6937/4440 6939/4440
f 6938/4440 6923/4440 6939/4440
f 6926/4440 6923/4440 6938/4440
f 6921/4440 6939/4440 6923/4440
f 6932/4440 6920/4440 6912/4440
f 6936/4440 6933/4440 6915/4440
f 6934/4440 6926/4440 6930/4440
f 6935/4440 6930/4440 6926/4440
f 6920/4440 6931/4440 6918/4440
f 6931/4440 6937/4440 6918/4440
f 6935/4440 6926/4440 6938/4440
f 6932/4440 6931/4440 6920/4440
f 6936/4440 6934/4440 6939/4440
f 6933/4440 6937/4440 6932/4440
f 6934/4440 6938/4440 6939/4440
f 6938/4440 6930/4440 6935/4440
f 6932/4440 6937/4440 6931/4440
f 6934/4440 6930/4440 6938/4440
f 6936/4440 6939/4440 6937/4440
f 6937/4440 6933/4440 6936/4440
f 6944/4440 6942/4440 6955/4440
f 6945/4440 6965/4440 6943/4440
f 6942/4440 6944/4440 6950/4440
f 6952/4440 6951/4440 6949/4440
f 6953/4440 6951/4440 6964/4440
f 6940/4440 6954/4440 6941/4440
f 6941/4440 6963/4440 6940/4440
f 6955/4440 6963/4440 6941/4440
f 6943/4440 6955/4440 6942/4440
f 6955/4440 6943/4440 6963/4440
f 6942/4440 6956/4440 6945/4440
f 6956/4440 6964/4440 6945/4440
f 6943/4440 6942/4440 6945/4440
f 6940/4440 6957/4440 6954/4440
f 6958/4440 6946/4440 6947/4440
f 6966/4440 6947/4440 6946/4440
f 6959/4440 6947/4440 6966/4440
f 6950/4440 6959/4440 6966/4440
f 6950/4440 6949/4440 6942/4440
f 6950/4440 6966/4440 6949/4440
f 6959/4440 6950/4440 6944/4440
f 6949/4440 6966/4440 6960/4440
f 6956/4440 6942/4440 6953/4440
f 6964/4440 6956/4440 6953/4440
f 6942/4440 6949/4440 6953/4440
f 6953/4440 6949/4440 6951/4440
f 6952/4440 6949/4440 6960/4440
f 6958/4440 6957/4440 6946/4440
f 6948/4440 6946/4440 6940/4440
f 6946/4440 6957/4440 6940/4440
f 6963/4440 6943/4440 6965/4440
f 6965/4440 6945/4440 6964/4440
f 6967/4440 6964/4440 6951/4440
f 6948/4440 6961/4440 6946/4440
f 6962/4440 6948/4440 6940/4440
f 6963/4440 6962/4440 6940/4440
f 6961/4440 6966/4440 6946/4440
f 6952/4440 6967/4440 6951/4440
f 6952/4440 6968/4440 6967/4440
f 6952/4440 6960/4440 6968/4440
f 6968/4440 6960/4440 6966/4440
f 6948/4440 6962/4440 6961/4440
f 6965/4440 6964/4440 6967/4440
f 6966/4440 6963/4440 6965/4440
f 6961/4440 6962/4440 6963/4440
f 6963/4440 6966/4440 6961/4440
f 6965/4440 6967/4440 6968/4440
f 6966/4440 6965/4440 6968/4440
f 6975/4440 6973/4440 6969/4440
f 6992/4440 7023/4440 6977/4440
f 6991/4440 7010/4440 6995/4440
f 7022/4440 6997/4440 6971/4440
f 7031/4440 7000/4440 6987/4440
f 7018/4440 6999/4440 6986/4440
f 7006/4440 6971/4440 6970/4440
f 6996/4440 7021/4440 6969/4440
f 6972/4440 6996/4440 6969/4440
f 6969/4440 6973/4440 6972/4440
f 6969/4440 6974/4440 6975/4440
f 6995/4440 6976/4440 6991/4440
f 6977/4440 7023/4440 6991/4440
f 6991/4440 7023/4440 7010/4440
f 6972/4440 6990/4440 6996/4440
f 6990/4440 6976/4440 6995/4440
f 6996/4440 6990/4440 6995/4440
f 7022/4440 6981/4440 6997/4440
f 6970/4440 6983/4440 7014/4440
f 7029/4440 7003/4440 6982/4440
f 6982/4440 7003/4440 6984/4440
f 6985/4440 6982/4440 6984/4440
f 6974/4440 6982/4440 6985/4440
f 6975/4440 6974/4440 6985/4440
f 7015/4440 6978/4440 7000/4440
f 7031/4440 7015/4440 7000/4440
f 7032/4440 6988/4440 7001/4440
f 7017/4440 7009/4440 7026/4440
f 7017/4440 7001/4440 6980/4440
f 7034/4440 6989/4440 7002/4440
f 6988/4440 7032/4440 7002/4440
f 6986/4440 7033/4440 7018/4440
f 7031/4440 6987/4440 6999/4440
f 7018/4440 7031/4440 6999/4440
f 6998/4440 6984/4440 7003/4440
f 6986/4440 6998/4440 7003/4440
f 7033/4440 6986/4440 7003/4440
f 7030/4440 6983/4440 7004/4440
f 6989/4440 7034/4440 7004/4440
f 7007/4440 6992/4440 6978/4440
f 6996/4440 6995/4440 7012/4440
f 7016/4440 7001/4440 7017/4440
f 7019/4440 7002/4440 7032/4440
f 7020/4440 7004/4440 7034/4440
f 7023/4440 6992/4440 7007/4440
f 6980/4440 7009/4440 7017/4440
f 6980/4440 6993/4440 7009/4440
f 6995/4440 7010/4440 7027/4440
f 6979/4440 6994/4440 7024/4440
f 7021/4440 6996/4440 7012/4440
f 7022/4440 7028/4440 6981/4440
f 7001/4440 7016/4440 7032/4440
f 7002/4440 7019/4440 7034/4440
f 7030/4440 7004/4440 7020/4440
f 7009/4440 6993/4440 7008/4440
f 7024/4440 6994/4440 7011/4440
f 7014/4440 6983/4440 7030/4440
f 7015/4440 7025/4440 6978/4440
f 7029/4440 7033/4440 7003/4440
f 6969/4440 7021/4440 7005/4440
f 7006/4440 7022/4440 6971/4440
f 6993/4440 6979/4440 7024/4440
f 7024/4440 7008/4440 6993/4440
f 7007/4440 6978/4440 7025/4440
f 6994/4440 6981/4440 7028/4440
f 7028/4440 7011/4440 6994/4440
f 7012/4440 6995/4440 7027/4440
f 7013/4440 7029/4440 6982/4440
f 7035/4440 7036/4440 7037/4440
f 7037/4440 7036/4440 7038/4440
f 7037/4440 7038/4440 7039/4440
f 7039/4440 7038/4440 7040/4440
f 7039/4440 7040/4440 7042/4440
f 7039/4440 7042/4440 7041/4440
f 7041/4440 7042/4440 7044/4440
f 7041/4440 7044/4440 7043/4440
f 7043/4440 7044/4440 7046/4440
f 7043/4440 7046/4440 7045/4440
f 7045/4440 7046/4440 7048/4440
f 7045/4440 7048/4440 7047/4440
f 7047/4440 7048/4440 7050/4440
f 7047/4440 7050/4440 7049/4440
f 7049/4440 7050/4440 7052/4440
f 7049/4440 7052/4440 7051/4440
f 7051/4440 7052/4440 7054/4440
f 7051/4440 7054/4440 7053/4440
f 7053/4440 7054/4440 7056/4440
f 7053/4440 7056/4440 7055/4440
f 7055/4440 7056/4440 7057/4440
f 7057/4440 7056/4440 7058/4440
f 7057/4440 7058/4440 7059/4440
f 7059/4440 7058/4440 7060/4440
f 7059/4440 7060/4440 7061/4440
f 7061/4440 7060/4440 7062/4440
f 7061/4440 7062/4440 7063/4440
f 7063/4440 7062/4440 7064/4440
f 7063/4440 7064/4440 7065/4440
f 7065/4440 7064/4440 7066/4440
f 7065/4440 7066/4440 7067/4440
f 7067/4440 7066/4440 7068/4440
f 7067/4440 7068/4440 7070/4440
f 7067/4440 7070/4440 7069/4440
f 7069/4440 7070/4440 7072/4440
f 7069/4440 7072/4440 7071/4440
f 7071/4440 7072/4440 7036/4440
f 7071/4440 7036/4440 7035/4440
f 7093/4440 7094/4440 7073/4440
f 7095/4440 7096/4440 7080/4440
f 7097/4440 7098/4440 7082/4440
f 7099/4440 7100/4440 7086/4440
f 7102/4440 7101/4440 7085/4440
f 7104/4440 7103/4440 7090/4440
f 7106/4440 7105/4440 7092/4440
f 7077/4440 7074/4440 7075/4440
f 7076/4440 7077/4440 7075/4440
f 7078/4440 7073/4440 7074/4440
f 7077/4440 7078/4440 7074/4440
f 7073/4440 7078/4440 7093/4440
f 7079/4440 7080/4440 7094/4440
f 7093/4440 7079/4440 7094/4440
f 7080/4440 7079/4440 7095/4440
f 7081/4440 7082/4440 7096/4440
f 7095/4440 7081/4440 7096/4440
f 7082/4440 7081/4440 7097/4440
f 7083/4440 7084/4440 7098/4440
f 7097/4440 7083/4440 7098/4440
f 7086/4440 7087/4440 7076/4440
f 7075/4440 7086/4440 7076/4440
f 7087/4440 7086/4440 7100/4440
f 7085/4440 7088/4440 7100/4440
f 7099/4440 7085/4440 7100/4440
f 7088/4440 7085/4440 7101/4440
f 7090/4440 7089/4440 7101/4440
f 7102/4440 7090/4440 7101/4440
f 7089/4440 7090/4440 7103/4440
f 7092/4440 7091/4440 7103/4440
f 7104/4440 7092/4440 7103/4440
f 7091/4440 7092/4440 7105/4440
f 7084/4440 7083/4440 7106/4440
f 7106/4440 7083/4440 7105/4440
f 7107/4440 7179/4440 7127/4440
f 7179/4440 7123/4440 7124/4440
f 7122/4440 7121/4440 7125/4440
f 7128/4440 7122/4440 7125/4440
f 7123/4440 7122/4440 7126/4440
f 7126/4440 7122/4440 7128/4440
f 7124/4440 7123/4440 7127/4440
f 7127/4440 7123/4440 7126/4440
f 7126/4440 7128/4440 7129/4440
f 7127/4440 7126/4440 7129/4440
f 7128/4440 7125/4440 7130/4440
f 7129/4440 7128/4440 7132/4440
f 7127/4440 7129/4440 7131/4440
f 7131/4440 7129/4440 7132/4440
f 7128/4440 7130/4440 7134/4440
f 7132/4440 7128/4440 7134/4440
f 7134/4440 7130/4440 7133/4440
f 7132/4440 7134/4440 7136/4440
f 7131/4440 7132/4440 7135/4440
f 7135/4440 7132/4440 7136/4440
f 7134/4440 7133/4440 7141/4440
f 7141/4440 7133/4440 7137/4440
f 7138/4440 7134/4440 7141/4440
f 7136/4440 7134/4440 7138/4440
f 7135/4440 7136/4440 7139/4440
f 7139/4440 7136/4440 7138/4440
f 7142/4440 7138/4440 7141/4440
f 7139/4440 7138/4440 7142/4440
f 7141/4440 7137/4440 7140/4440
f 7139/4440 7142/4440 7143/4440
f 7141/4440 7140/4440 7145/4440
f 7146/4440 7141/4440 7145/4440
f 7142/4440 7141/4440 7146/4440
f 7145/4440 7140/4440 7144/4440
f 7142/4440 7146/4440 7147/4440
f 7143/4440 7142/4440 7148/4440
f 7148/4440 7142/4440 7147/4440
f 7146/4440 7145/4440 7149/4440
f 7147/4440 7146/4440 7149/4440
f 7148/4440 7147/4440 7149/4440
f 7145/4440 7144/4440 7152/4440
f 7152/4440 7144/4440 7150/4440
f 7149/4440 7145/4440 7152/4440
f 7148/4440 7149/4440 7151/4440
f 7149/4440 7152/4440 7153/4440
f 7151/4440 7149/4440 7153/4440
f 7152/4440 7150/4440 7154/4440
f 7151/4440 7153/4440 7155/4440
f 7152/4440 7154/4440 7158/4440
f 7153/4440 7152/4440 7156/4440
f 7156/4440 7152/4440 7158/4440
f 7155/4440 7153/4440 7156/4440
f 7158/4440 7154/4440 7157/4440
f 7155/4440 7156/4440 7159/4440
f 7156/4440 7158/4440 7160/4440
f 7159/4440 7156/4440 7160/4440
f 7158/4440 7157/4440 7164/4440
f 7164/4440 7157/4440 7161/4440
f 7160/4440 7158/4440 7162/4440
f 7162/4440 7158/4440 7164/4440
f 7159/4440 7160/4440 7163/4440
f 7163/4440 7160/4440 7162/4440
f 7167/4440 7162/4440 7164/4440
f 7163/4440 7162/4440 7167/4440
f 7164/4440 7161/4440 7165/4440
f 7166/4440 7164/4440 7165/4440
f 7167/4440 7164/4440 7166/4440
f 7163/4440 7167/4440 7168/4440
f 7166/4440 7165/4440 7169/4440
f 7167/4440 7166/4440 7169/4440
f 7168/4440 7167/4440 7169/4440
f 7169/4440 7165/4440 7170/4440
f 7168/4440 7169/4440 7171/4440
f 7169/4440 7170/4440 7172/4440
f 7171/4440 7169/4440 7172/4440
f 7172/4440 7170/4440 7174/4440
f 7174/4440 7170/4440 7173/4440
f 7171/4440 7172/4440 7175/4440
f 7175/4440 7172/4440 7174/4440
f 7174/4440 7173/4440 7177/4440
f 7177/4440 7173/4440 7176/4440
f 7175/4440 7174/4440 7177/4440
f 7177/4440 7176/4440 7178/4440
f 7179/4440 7177/4440 7178/4440
f 7122/4440 7178/4440 7121/4440
f 7179/4440 7178/4440 7122/4440
f 7123/4440 7179/4440 7122/4440
f 7127/4440 7179/4440 7124/4440
f 7177/4440 7179/4440 7120/4440
f 7177/4440 7120/4440 7175/4440
f 7175/4440 7120/4440 7119/4440
f 7175/4440 7119/4440 7171/4440
f 7171/4440 7119/4440 7118/4440
f 7171/4440 7118/4440 7168/4440
f 7168/4440 7118/4440 7117/4440
f 7168/4440 7117/4440 7163/4440
f 7163/4440 7117/4440 7116/4440
f 7163/4440 7116/4440 7159/4440
f 7159/4440 7116/4440 7115/4440
f 7159/4440 7115/4440 7155/4440
f 7155/4440 7115/4440 7114/4440
f 7155/4440 7114/4440 7151/4440
f 7113/4440 7151/4440 7114/4440
f 7151/4440 7113/4440 7148/4440
f 7112/4440 7148/4440 7113/4440
f 7148/4440 7112/4440 7143/4440
f 7111/4440 7143/4440 7112/4440
f 7143/4440 7111/4440 7139/4440
f 7110/4440 7139/4440 7111/4440
f 7139/4440 7110/4440 7135/4440
f 7109/4440 7135/4440 7110/4440
f 7135/4440 7109/4440 7131/4440
f 7108/4440 7131/4440 7109/4440
f 7131/4440 7108/4440 7127/4440
f 7181/4440 7180/4440 7182/4440
f 7181/4440 7182/4440 7183/4440
f 7183/4440 7182/4440 7184/4440
f 7183/4440 7184/4440 7185/4440
f 7185/4440 7184/4440 7187/4440
f 7187/4440 7184/4440 7186/4440
f 7187/4440 7186/4440 7189/4440
f 7189/4440 7186/4440 7188/4440
f 7189/4440 7188/4440 7191/4440
f 7191/4440 7188/4440 7190/4440
f 7191/4440 7190/4440 7193/4440
f 7193/4440 7190/4440 7192/4440
f 7193/4440 7192/4440 7195/4440
f 7195/4440 7192/4440 7194/4440
f 7195/4440 7194/4440 7197/4440
f 7197/4440 7194/4440 7196/4440
f 7197/4440 7196/4440 7199/4440
f 7199/4440 7196/4440 7198/4440
f 7199/4440 7198/4440 7201/4440
f 7201/4440 7198/4440 7200/4440
f 7201/4440 7200/4440 7202/4440
f 7201/4440 7202/4440 7203/4440
f 7203/4440 7202/4440 7204/4440
f 7203/4440 7204/4440 7205/4440
f 7205/4440 7204/4440 7206/4440
f 7205/4440 7206/4440 7207/4440
f 7207/4440 7206/4440 7208/4440
f 7207/4440 7208/4440 7209/4440
f 7209/4440 7208/4440 7210/4440
f 7209/4440 7210/4440 7211/4440
f 7211/4440 7210/4440 7212/4440
f 7211/4440 7212/4440 7213/4440
f 7213/4440 7212/4440 7215/4440
f 7215/4440 7212/4440 7214/4440
f 7215/4440 7214/4440 7217/4440
f 7217/4440 7214/4440 7216/4440
f 7217/4440 7216/4440 7181/4440
f 7181/4440 7216/4440 7180/4440
f 7239/4440 7238/4440 7218/4440
f 7241/4440 7240/4440 7225/4440
f 7243/4440 7242/4440 7227/4440
f 7245/4440 7244/4440 7231/4440
f 7246/4440 7247/4440 7230/4440
f 7248/4440 7249/4440 7235/4440
f 7250/4440 7251/4440 7237/4440
f 7219/4440 7222/4440 7220/4440
f 7222/4440 7221/4440 7220/4440
f 7218/4440 7223/4440 7219/4440
f 7223/4440 7222/4440 7219/4440
f 7223/4440 7218/4440 7238/4440
f 7225/4440 7224/4440 7239/4440
f 7224/4440 7238/4440 7239/4440
f 7224/4440 7225/4440 7240/4440
f 7227/4440 7226/4440 7241/4440
f 7226/4440 7240/4440 7241/4440
f 7226/4440 7227/4440 7242/4440
f 7229/4440 7228/4440 7243/4440
f 7228/4440 7242/4440 7243/4440
f 7232/4440 7231/4440 7221/4440
f 7231/4440 7220/4440 7221/4440
f 7231/4440 7232/4440 7245/4440
f 7233/4440 7230/4440 7245/4440
f 7230/4440 7244/4440 7245/4440
f 7230/4440 7233/4440 7246/4440
f 7234/4440 7235/4440 7246/4440
f 7235/4440 7247/4440 7246/4440
f 7235/4440 7234/4440 7248/4440
f 7236/4440 7237/4440 7248/4440
f 7237/4440 7249/4440 7248/4440
f 7237/4440 7236/4440 7250/4440
f 7228/4440 7229/4440 7251/4440
f 7228/4440 7251/4440 7250/4440
f 7256/4440 7258/4440 7252/4440
f 7306/4440 7275/4440 7260/4440
f 7293/4440 7274/4440 7278/4440
f 7280/4440 7305/4440 7254/4440
f 7258/4440 7268/4440 7265/4440
f 7283/4440 7314/4440 7270/4440
f 7282/4440 7301/4440 7269/4440
f 7254/4440 7289/4440 7253/4440
f 7304/4440 7279/4440 7252/4440
f 7279/4440 7255/4440 7252/4440
f 7256/4440 7252/4440 7255/4440
f 7257/4440 7252/4440 7258/4440
f 7259/4440 7278/4440 7274/4440
f 7306/4440 7260/4440 7274/4440
f 7306/4440 7274/4440 7293/4440
f 7273/4440 7255/4440 7279/4440
f 7259/4440 7273/4440 7278/4440
f 7273/4440 7279/4440 7278/4440
f 7264/4440 7305/4440 7280/4440
f 7266/4440 7253/4440 7297/4440
f 7286/4440 7312/4440 7265/4440
f 7286/4440 7265/4440 7267/4440
f 7265/4440 7268/4440 7267/4440
f 7265/4440 7257/4440 7258/4440
f 7261/4440 7298/4440 7283/4440
f 7298/4440 7314/4440 7283/4440
f 7271/4440 7315/4440 7284/4440
f 7292/4440 7300/4440 7309/4440
f 7284/4440 7300/4440 7263/4440
f 7272/4440 7317/4440 7285/4440
f 7315/4440 7271/4440 7285/4440
f 7316/4440 7269/4440 7301/4440
f 7270/4440 7314/4440 7282/4440
f 7314/4440 7301/4440 7282/4440
f 7267/4440 7281/4440 7286/4440
f 7281/4440 7269/4440 7286/4440
f 7269/4440 7316/4440 7286/4440
f 7266/4440 7313/4440 7287/4440
f 7317/4440 7272/4440 7287/4440
f 7275/4440 7290/4440 7261/4440
f 7278/4440 7279/4440 7295/4440
f 7284/4440 7299/4440 7300/4440
f 7285/4440 7302/4440 7315/4440
f 7287/4440 7303/4440 7317/4440
f 7275/4440 7306/4440 7290/4440
f 7292/4440 7263/4440 7300/4440
f 7276/4440 7263/4440 7292/4440
f 7293/4440 7278/4440 7310/4440
f 7277/4440 7262/4440 7307/4440
f 7279/4440 7304/4440 7295/4440
f 7311/4440 7305/4440 7264/4440
f 7299/4440 7284/4440 7315/4440
f 7302/4440 7285/4440 7317/4440
f 7287/4440 7313/4440 7303/4440
f 7276/4440 7292/4440 7291/4440
f 7277/4440 7307/4440 7294/4440
f 7266/4440 7297/4440 7313/4440
f 7308/4440 7298/4440 7261/4440
f 7316/4440 7312/4440 7286/4440
f 7304/4440 7252/4440 7288/4440
f 7305/4440 7289/4440 7254/4440
f 7262/4440 7276/4440 7307/4440
f 7291/4440 7307/4440 7276/4440
f 7261/4440 7290/4440 7308/4440
f 7264/4440 7277/4440 7311/4440
f 7294/4440 7311/4440 7277/4440
f 7278/4440 7295/4440 7310/4440
f 7312/4440 7296/4440 7265/4440
f 7320/4440 7322/4440 7333/4440
f 7343/4440 7323/4440 7321/4440
f 7322/4440 7320/4440 7328/4440
f 7329/4440 7330/4440 7327/4440
f 7329/4440 7331/4440 7342/4440
f 7332/4440 7318/4440 7319/4440
f 7341/4440 7319/4440 7318/4440
f 7341/4440 7333/4440 7319/4440
f 7333/4440 7321/4440 7320/4440
f 7321/4440 7333/4440 7341/4440
f 7334/4440 7320/4440 7323/4440
f 7342/4440 7334/4440 7323/4440
f 7320/4440 7321/4440 7323/4440
f 7335/4440 7318/4440 7332/4440
f 7324/4440 7336/4440 7325/4440
f 7325/4440 7344/4440 7324/4440
f 7325/4440 7337/4440 7344/4440
f 7337/4440 7328/4440 7344/4440
f 7327/4440 7328/4440 7320/4440
f 7344/4440 7328/4440 7327/4440
f 7328/4440 7337/4440 7322/4440
f 7344/4440 7327/4440 7338/4440
f 7320/4440 7334/4440 7331/4440
f 7334/4440 7342/4440 7331/4440
f 7327/4440 7320/4440 7331/4440
f 7327/4440 7331/4440 7329/4440
f 7327/4440 7330/4440 7338/4440
f 7335/4440 7336/4440 7324/4440
f 7324/4440 7326/4440 7318/4440
f 7335/4440 7324/4440 7318/4440
f 7321/4440 7341/4440 7343/4440
f 7323/4440 7343/4440 7342/4440
f 7324/4440 7344/4440 7339/4440
f 7342/4440 7345/4440 7329/4440
f 7339/4440 7326/4440 7324/4440
f 7326/4440 7340/4440 7318/4440
f 7340/4440 7341/4440 7318/4440
f 7345/4440 7330/4440 7329/4440
f 7346/4440 7330/4440 7345/4440
f 7338/4440 7330/4440 7346/4440
f 7338/4440 7346/4440 7344/4440
f 7340/4440 7326/4440 7339/4440
f 7342/4440 7343/4440 7345/4440
f 7341/4440 7344/4440 7343/4440
f 7340/4440 7339/4440 7341/4440
f 7344/4440 7341/4440 7339/4440
f 7345/4440 7343/4440 7346/4440
f 7343/4440 7344/4440 7346/4440
f 7349/4440 7351/4440 7360/4440
f 7351/4440 7349/4440 7357/4440
f 7359/4440 7347/4440 7348/4440
f 7368/4440 7348/4440 7347/4440
f 7368/4440 7350/4440 7348/4440
f 7360/4440 7348/4440 7350/4440
f 7360/4440 7350/4440 7349/4440
f 7349/4440 7352/4440 7361/4440
f 7349/4440 7350/4440 7352/4440
f 7362/4440 7347/4440 7359/4440
f 7353/4440 7363/4440 7354/4440
f 7354/4440 7372/4440 7353/4440
f 7354/4440 7364/4440 7357/4440
f 7356/4440 7357/4440 7349/4440
f 7357/4440 7364/4440 7351/4440
f 7357/4440 7356/4440 7372/4440
f 7354/4440 7357/4440 7372/4440
f 7349/4440 7361/4440 7358/4440
f 7356/4440 7349/4440 7358/4440
f 7362/4440 7363/4440 7353/4440
f 7353/4440 7355/4440 7347/4440
f 7362/4440 7353/4440 7347/4440
f 7367/4440 7368/4440 7347/4440
f 7352/4440 7369/4440 7361/4440
f 7352/4440 7371/4440 7369/4440
f 7350/4440 7371/4440 7352/4440
f 7372/4440 7356/4440 7374/4440
f 7358/4440 7373/4440 7374/4440
f 7358/4440 7361/4440 7373/4440
f 7374/4440 7356/4440 7358/4440
f 7355/4440 7367/4440 7347/4440
f 7368/4440 7371/4440 7350/4440
f 7361/4440 7369/4440 7365/4440
f 7365/4440 7370/4440 7361/4440
f 7366/4440 7355/4440 7353/4440
f 7372/4440 7366/4440 7353/4440
f 7361/4440 7370/4440 7373/4440
f 7366/4440 7367/4440 7355/4440
f 7369/4440 7371/4440 7374/4440
f 7372/4440 7368/4440 7367/4440
f 7373/4440 7369/4440 7374/4440
f 7365/4440 7373/4440 7370/4440
f 7372/4440 7367/4440 7366/4440
f 7373/4440 7365/4440 7369/4440
f 7374/4440 7371/4440 7372/4440
f 7368/4440 7372/4440 7371/4440
f 7379/4440 7381/4440 7375/4440
f 7429/4440 7398/4440 7383/4440
f 7416/4440 7397/4440 7401/4440
f 7403/4440 7428/4440 7377/4440
f 7406/4440 7437/4440 7393/4440
f 7405/4440 7424/4440 7392/4440
f 7377/4440 7412/4440 7376/4440
f 7427/4440 7402/4440 7375/4440
f 7402/4440 7378/4440 7375/4440
f 7379/4440 7375/4440 7378/4440
f 7380/4440 7375/4440 7381/4440
f 7382/4440 7401/4440 7397/4440
f 7429/4440 7383/4440 7397/4440
f 7429/4440 7397/4440 7416/4440
f 7396/4440 7378/4440 7402/4440
f 7382/4440 7396/4440 7401/4440
f 7396/4440 7402/4440 7401/4440
f 7387/4440 7428/4440 7403/4440
f 7389/4440 7376/4440 7420/4440
f 7409/4440 7435/4440 7388/4440
f 7409/4440 7388/4440 7390/4440
f 7388/4440 7391/4440 7390/4440
f 7388/4440 7380/4440 7391/4440
f 7380/4440 7381/4440 7391/4440
f 7384/4440 7421/4440 7406/4440
f 7421/4440 7437/4440 7406/4440
f 7394/4440 7438/4440 7407/4440
f 7415/4440 7423/4440 7432/4440
f 7407/4440 7423/4440 7386/4440
f 7395/4440 7440/4440 7408/4440
f 7438/4440 7394/4440 7408/4440
f 7439/4440 7392/4440 7424/4440
f 7393/4440 7437/4440 7405/4440
f 7437/4440 7424/4440 7405/4440
f 7390/4440 7404/4440 7409/4440
f 7404/4440 7392/4440 7409/4440
f 7392/4440 7439/4440 7409/4440
f 7389/4440 7436/4440 7410/4440
f 7440/4440 7395/4440 7410/4440
f 7398/4440 7413/4440 7384/4440
f 7401/4440 7402/4440 7418/4440
f 7407/4440 7422/4440 7423/4440
f 7408/4440 7425/4440 7438/4440
f 7410/4440 7426/4440 7440/4440
f 7398/4440 7429/4440 7413/4440
f 7415/4440 7386/4440 7423/4440
f 7399/4440 7386/4440 7415/4440
f 7416/4440 7401/4440 7433/4440
f 7400/4440 7385/4440 7430/4440
f 7402/4440 7427/4440 7418/4440
f 7434/4440 7428/4440 7387/4440
f 7422/4440 7407/4440 7438/4440
f 7425/4440 7408/4440 7440/4440
f 7410/4440 7436/4440 7426/4440
f 7399/4440 7415/4440 7414/4440
f 7400/4440 7430/4440 7417/4440
f 7389/4440 7420/4440 7436/4440
f 7431/4440 7421/4440 7384/4440
f 7439/4440 7435/4440 7409/4440
f 7427/4440 7375/4440 7411/4440
f 7428/4440 7412/4440 7377/4440
f 7385/4440 7399/4440 7430/4440
f 7414/4440 7430/4440 7399/4440
f 7384/4440 7413/4440 7431/4440
f 7387/4440 7400/4440 7434/4440
f 7417/4440 7434/4440 7400/4440
f 7401/4440 7418/4440 7433/4440
f 7435/4440 7419/4440 7388/4440
f 7462/4440 7461/4440 7441/4440
f 7464/4440 7463/4440 7448/4440
f 7466/4440 7465/4440 7450/4440
f 7468/4440 7467/4440 7454/4440
f 7469/4440 7470/4440 7453/4440
f 7471/4440 7472/4440 7458/4440
f 7473/4440 7474/4440 7460/4440
f 7442/4440 7445/4440 7443/4440
f 7445/4440 7444/4440 7443/4440
f 7441/4440 7446/4440 7442/4440
f 7446/4440 7445/4440 7442/4440
f 7446/4440 7441/4440 7461/4440
f 7448/4440 7447/4440 7462/4440
f 7447/4440 7461/4440 7462/4440
f 7447/4440 7448/4440 7463/4440
f 7450/4440 7449/4440 7464/4440
f 7449/4440 7463/4440 7464/4440
f 7449/4440 7450/4440 7465/4440
f 7452/4440 7451/4440 7466/4440
f 7451/4440 7465/4440 7466/4440
f 7455/4440 7454/4440 7444/4440
f 7454/4440 7443/4440 7444/4440
f 7454/4440 7455/4440 7468/4440
f 7456/4440 7453/4440 7468/4440
f 7453/4440 7467/4440 7468/4440
f 7453/4440 7456/4440 7469/4440
f 7457/4440 7458/4440 7469/4440
f 7458/4440 7470/4440 7469/4440
f 7458/4440 7457/4440 7471/4440
f 7459/4440 7460/4440 7471/4440
f 7460/4440 7472/4440 7471/4440
f 7460/4440 7459/4440 7473/4440
f 7451/4440 7452/4440 7474/4440
f 7451/4440 7474/4440 7473/4440
f 7475/4440 7547/4440 7495/4440
f 7547/4440 7491/4440 7492/4440
f 7490/4440 7489/4440 7493/4440
f 7496/4440 7490/4440 7493/4440
f 7491/4440 7490/4440 7494/4440
f 7494/4440 7490/4440 7496/4440
f 7492/4440 7491/4440 7495/4440
f 7495/4440 7491/4440 7494/4440
f 7494/4440 7496/4440 7497/4440
f 7495/4440 7494/4440 7497/4440
f 7496/4440 7493/4440 7498/4440
f 7497/4440 7496/4440 7500/4440
f 7495/4440 7497/4440 7499/4440
f 7499/4440 7497/4440 7500/4440
f 7496/4440 7498/4440 7502/4440
f 7500/4440 7496/4440 7502/4440
f 7502/4440 7498/4440 7501/4440
f 7500/4440 7502/4440 7504/4440
f 7499/4440 7500/4440 7503/4440
f 7503/4440 7500/4440 7504/4440
f 7502/4440 7501/4440 7509/4440
f 7509/4440 7501/4440 7505/4440
f 7506/4440 7502/4440 7509/4440
f 7504/4440 7502/4440 7506/4440
f 7503/4440 7504/4440 7507/4440
f 7507/4440 7504/4440 7506/4440
f 7510/4440 7506/4440 7509/4440
f 7507/4440 7506/4440 7510/4440
f 7509/4440 7505/4440 7508/4440
f 7507/4440 7510/4440 7511/4440
f 7509/4440 7508/4440 7513/4440
f 7514/4440 7509/4440 7513/4440
f 7510/4440 7509/4440 7514/4440
f 7513/4440 7508/4440 7512/4440
f 7510/4440 7514/4440 7515/4440
f 7511/4440 7510/4440 7516/4440
f 7516/4440 7510/4440 7515/4440
f 7514/4440 7513/4440 7517/4440
f 7515/4440 7514/4440 7517/4440
f 7516/4440 7515/4440 7517/4440
f 7513/4440 7512/4440 7520/4440
f 7520/4440 7512/4440 7518/4440
f 7517/4440 7513/4440 7520/4440
f 7516/4440 7517/4440 7519/4440
f 7517/4440 7520/4440 7521/4440
f 7519/4440 7517/4440 7521/4440
f 7520/4440 7518/4440 7522/4440
f 7519/4440 7521/4440 7523/4440
f 7520/4440 7522/4440 7526/4440
f 7521/4440 7520/4440 7524/4440
f 7524/4440 7520/4440 7526/4440
f 7523/4440 7521/4440 7524/4440
f 7526/4440 7522/4440 7525/4440
f 7523/4440 7524/4440 7527/4440
f 7524/4440 7526/4440 7528/4440
f 7527/4440 7524/4440 7528/4440
f 7526/4440 7525/4440 7532/4440
f 7532/4440 7525/4440 7529/4440
f 7528/4440 7526/4440 7530/4440
f 7530/4440 7526/4440 7532/4440
f 7527/4440 7528/4440 7531/4440
f 7531/4440 7528/4440 7530/4440
f 7535/4440 7530/4440 7532/4440
f 7531/4440 7530/4440 7535/4440
f 7532/4440 7529/4440 7533/4440
f 7534/4440 7532/4440 7533/4440
f 7535/4440 7532/4440 7534/4440
f 7531/4440 7535/4440 7536/4440
f 7534/4440 7533/4440 7537/4440
f 7535/4440 7534/4440 7537/4440
f 7536/4440 7535/4440 7537/4440
f 7537/4440 7533/4440 7538/4440
f 7536/4440 7537/4440 7539/4440
f 7537/4440 7538/4440 7540/4440
f 7539/4440 7537/4440 7540/4440
f 7540/4440 7538/4440 7542/4440
f 7542/4440 7538/4440 7541/4440
f 7539/4440 7540/4440 7543/4440
f 7543/4440 7540/4440 7542/4440
f 7542/4440 7541/4440 7545/4440
f 7545/4440 7541/4440 7544/4440
f 7543/4440 7542/4440 7545/4440
f 7545/4440 7544/4440 7546/4440
f 7547/4440 7545/4440 7546/4440
f 7490/4440 7546/4440 7489/4440
f 7547/4440 7546/4440 7490/4440
f 7491/4440 7547/4440 7490/4440
f 7495/4440 7547/4440 7492/4440
f 7545/4440 7547/4440 7488/4440
f 7545/4440 7488/4440 7543/4440
f 7543/4440 7488/4440 7487/4440
f 7543/4440 7487/4440 7539/4440
f 7539/4440 7487/4440 7486/4440
f 7539/4440 7486/4440 7536/4440
f 7536/4440 7486/4440 7485/4440
f 7536/4440 7485/4440 7531/4440
f 7531/4440 7485/4440 7484/4440
f 7531/4440 7484/4440 7527/4440
f 7527/4440 7484/4440 7483/4440
f 7527/4440 7483/4440 7523/4440
f 7523/4440 7483/4440 7482/4440
f 7523/4440 7482/4440 7519/4440
f 7481/4440 7519/4440 7482/4440
f 7519/4440 7481/4440 7516/4440
f 7480/4440 7516/4440 7481/4440
f 7516/4440 7480/4440 7511/4440
f 7479/4440 7511/4440 7480/4440
f 7511/4440 7479/4440 7507/4440
f 7478/4440 7507/4440 7479/4440
f 7507/4440 7478/4440 7503/4440
f 7477/4440 7503/4440 7478/4440
f 7503/4440 7477/4440 7499/4440
f 7476/4440 7499/4440 7477/4440
f 7499/4440 7476/4440 7495/4440
f 7549/4440 7548/4440 7550/4440
f 7549/4440 7550/4440 7551/4440
f 7551/4440 7550/4440 7552/4440
f 7551/4440 7552/4440 7553/4440
f 7553/4440 7552/4440 7555/4440
f 7555/4440 7552/4440 7554/4440
f 7555/4440 7554/4440 7557/4440
f 7557/4440 7554/4440 7556/4440
f 7557/4440 7556/4440 7559/4440
f 7559/4440 7556/4440 7558/4440
f 7559/4440 7558/4440 7561/4440
f 7561/4440 7558/4440 7560/4440
f 7561/4440 7560/4440 7563/4440
f 7563/4440 7560/4440 7562/4440
f 7563/4440 7562/4440 7565/4440
f 7565/4440 7562/4440 7564/4440
f 7565/4440 7564/4440 7567/4440
f 7567/4440 7564/4440 7566/4440
f 7567/4440 7566/4440 7569/4440
f 7569/4440 7566/4440 7568/4440
f 7569/4440 7568/4440 7570/4440
f 7569/4440 7570/4440 7571/4440
f 7571/4440 7570/4440 7572/4440
f 7571/4440 7572/4440 7573/4440
f 7573/4440 7572/4440 7574/4440
f 7573/4440 7574/4440 7575/4440
f 7575/4440 7574/4440 7576/4440
f 7575/4440 7576/4440 7577/4440
f 7577/4440 7576/4440 7578/4440
f 7577/4440 7578/4440 7579/4440
f 7579/4440 7578/4440 7580/4440
f 7579/4440 7580/4440 7581/4440
f 7581/4440 7580/4440 7583/4440
f 7583/4440 7580/4440 7582/4440
f 7583/4440 7582/4440 7585/4440
f 7585/4440 7582/4440 7584/4440
f 7585/4440 7584/4440 7549/4440
f 7549/4440 7584/4440 7548/4440
f 7658/4440 7586/4440 7606/4440
f 7602/4440 7658/4440 7603/4440
f 7600/4440 7601/4440 7604/4440
f 7601/4440 7607/4440 7604/4440
f 7601/4440 7602/4440 7605/4440
f 7601/4440 7605/4440 7607/4440
f 7602/4440 7603/4440 7606/4440
f 7602/4440 7606/4440 7605/4440
f 7607/4440 7605/4440 7608/4440
f 7605/4440 7606/4440 7608/4440
f 7604/4440 7607/4440 7609/4440
f 7607/4440 7608/4440 7611/4440
f 7608/4440 7606/4440 7610/4440
f 7608/4440 7610/4440 7611/4440
f 7609/4440 7607/4440 7613/4440
f 7607/4440 7611/4440 7613/4440
f 7609/4440 7613/4440 7612/4440
f 7613/4440 7611/4440 7615/4440
f 7611/4440 7610/4440 7614/4440
f 7611/4440 7614/4440 7615/4440
f 7612/4440 7613/4440 7620/4440
f 7612/4440 7620/4440 7616/4440
f 7613/4440 7617/4440 7620/4440
f 7613/4440 7615/4440 7617/4440
f 7615/4440 7614/4440 7618/4440
f 7615/4440 7618/4440 7617/4440
f 7617/4440 7621/4440 7620/4440
f 7617/4440 7618/4440 7621/4440
f 7616/4440 7620/4440 7619/4440
f 7621/4440 7618/4440 7622/4440
f 7619/4440 7620/4440 7624/4440
f 7620/4440 7625/4440 7624/4440
f 7620/4440 7621/4440 7625/4440
f 7619/4440 7624/4440 7623/4440
f 7625/4440 7621/4440 7626/4440
f 7621/4440 7622/4440 7627/4440
f 7621/4440 7627/4440 7626/4440
f 7624/4440 7625/4440 7628/4440
f 7625/4440 7626/4440 7628/4440
f 7626/4440 7627/4440 7628/4440
f 7623/4440 7624/4440 7631/4440
f 7623/4440 7631/4440 7629/4440
f 7624/4440 7628/4440 7631/4440
f 7628/4440 7627/4440 7630/4440
f 7631/4440 7628/4440 7632/4440
f 7628/4440 7630/4440 7632/4440
f 7629/4440 7631/4440 7633/4440
f 7632/4440 7630/4440 7634/4440
f 7633/4440 7631/4440 7637/4440
f 7631/4440 7632/4440 7635/4440
f 7631/4440 7635/4440 7637/4440
f 7632/4440 7634/4440 7635/4440
f 7633/4440 7637/4440 7636/4440
f 7635/4440 7634/4440 7638/4440
f 7637/4440 7635/4440 7639/4440
f 7635/4440 7638/4440 7639/4440
f 7636/4440 7637/4440 7643/4440
f 7636/4440 7643/4440 7640/4440
f 7637/4440 7639/4440 7641/4440
f 7637/4440 7641/4440 7643/4440
f 7639/4440 7638/4440 7642/4440
f 7639/4440 7642/4440 7641/4440
f 7641/4440 7646/4440 7643/4440
f 7641/4440 7642/4440 7646/4440
f 7640/4440 7643/4440 7644/4440
f 7643/4440 7645/4440 7644/4440
f 7643/4440 7646/4440 7645/4440
f 7646/4440 7642/4440 7647/4440
f 7644/4440 7645/4440 7648/4440
f 7645/4440 7646/4440 7648/4440
f 7646/4440 7647/4440 7648/4440
f 7644/4440 7648/4440 7649/4440
f 7648/4440 7647/4440 7650/4440
f 7649/4440 7648/4440 7651/4440
f 7648/4440 7650/4440 7651/4440
f 7649/4440 7651/4440 7653/4440
f 7649/4440 7653/4440 7652/4440
f 7651/4440 7650/4440 7654/4440
f 7651/4440 7654/4440 7653/4440
f 7652/4440 7653/4440 7656/4440
f 7652/4440 7656/4440 7655/4440
f 7653/4440 7654/4440 7656/4440
f 7655/4440 7656/4440 7657/4440
f 7656/4440 7658/4440 7657/4440
f 7657/4440 7601/4440 7600/4440
f 7657/4440 7658/4440 7601/4440
f 7658/4440 7602/4440 7601/4440
f 7658/4440 7606/4440 7603/4440
f 7658/4440 7656/4440 7599/4440
f 7599/4440 7656/4440 7654/4440
f 7599/4440 7654/4440 7598/4440
f 7598/4440 7654/4440 7650/4440
f 7598/4440 7650/4440 7597/4440
f 7597/4440 7650/4440 7647/4440
f 7597/4440 7647/4440 7596/4440
f 7596/4440 7647/4440 7642/4440
f 7596/4440 7642/4440 7595/4440
f 7595/4440 7642/4440 7638/4440
f 7595/4440 7638/4440 7594/4440
f 7594/4440 7638/4440 7634/4440
f 7594/4440 7634/4440 7593/4440
f 7593/4440 7634/4440 7630/4440
f 7630/4440 7592/4440 7593/4440
f 7592/4440 7630/4440 7627/4440
f 7627/4440 7591/4440 7592/4440
f 7591/4440 7627/4440 7622/4440
f 7622/4440 7590/4440 7591/4440
f 7590/4440 7622/4440 7618/4440
f 7618/4440 7589/4440 7590/4440
f 7589/4440 7618/4440 7614/4440
f 7614/4440 7588/4440 7589/4440
f 7588/4440 7614/4440 7610/4440
f 7610/4440 7587/4440 7588/4440
f 7587/4440 7610/4440 7606/4440
f 7670/4440 7674/4440 7673/4440
f 7659/4440 7670/4440 7667/4440
f 7660/4440 7670/4440 7659/4440
f 7661/4440 7667/4440 7664/4440
f 7670/4440 7663/4440 7662/4440
f 7670/4440 7662/4440 7674/4440
f 7670/4440 7660/4440 7668/4440
f 7667/4440 7661/4440 7659/4440
f 7670/4440 7665/4440 7667/4440
f 7670/4440 7671/4440 7672/4440
f 7670/4440 7666/4440 7665/4440
f 7667/4440 7669/4440 7675/4440
f 7663/4440 7670/4440 7672/4440
f 7671/4440 7670/4440 7674/4440
f 7666/4440 7670/4440 7668/4440
f 7670/4440 7667/4440 7673/4440
f 7669/4440 7667/4440 7665/4440
f 7667/4440 7675/4440 7664/4440
f 7664/4440 7675/4440 7669/4440
f 7669/4440 7661/4440 7664/4440
f 7661/4440 7669/4440 7665/4440
f 7665/4440 7659/4440 7661/4440
f 7659/4440 7665/4440 7666/4440
f 7660/4440 7659/4440 7666/4440
f 7660/4440 7666/4440 7668/4440
f 7672/4440 7662/4440 7663/4440
f 7662/4440 7672/4440 7671/4440
f 7662/4440 7671/4440 7674/4440
f 7682/4440 7695/4440 7679/4440
f 7693/4440 7683/4440 7682/4440
f 7683/4440 7693/4440 7699/4440
f 7679/4440 7680/4440 7681/4440
f 7679/4440 7695/4440 7686/4440
f 7681/4440 7678/4440 7677/4440
f 7679/4440 7681/4440 7682/4440
f 7681/4440 7677/4440 7693/4440
f 7679/4440 7676/4440 7680/4440
f 7678/4440 7685/4440 7677/4440
f 7682/4440 7681/4440 7693/4440
f 7676/4440 7684/4440 7680/4440
f 7695/4440 7694/4440 7689/4440
f 7696/4440 7693/4440 7694/4440
f 7693/4440 7696/4440 7699/4440
f 7691/4440 7689/4440 7692/4440
f 7690/4440 7688/4440 7698/4440
f 7695/4440 7689/4440 7686/4440
f 7692/4440 7689/4440 7694/4440
f 7688/4440 7692/4440 7693/4440
f 7687/4440 7689/4440 7691/4440
f 7690/4440 7692/4440 7688/4440
f 7692/4440 7694/4440 7693/4440
f 7697/4440 7687/4440 7691/4440
f 7693/4440 7677/4440 7688/4440
f 7688/4440 7677/4440 7685/4440
f 7685/4440 7698/4440 7688/4440
f 7685/4440 7690/4440 7698/4440
f 7690/4440 7685/4440 7678/4440
f 7678/4440 7692/4440 7690/4440
f 7692/4440 7678/4440 7681/4440
f 7692/4440 7681/4440 7680/4440
f 7680/4440 7691/4440 7692/4440
f 7691/4440 7680/4440 7684/4440
f 7684/4440 7697/4440 7691/4440
f 7697/4440 7684/4440 7676/4440
f 7676/4440 7687/4440 7697/4440
f 7687/4440 7676/4440 7679/4440
f 7679/4440 7689/4440 7687/4440
f 7679/4440 7686/4440 7689/4440
f 7682/4440 7694/4440 7695/4440
f 7694/4440 7682/4440 7683/4440
f 7696/4440 7694/4440 7683/4440
f 7696/4440 7683/4440 7699/4440
f 7719/4440 7706/4440 7703/4440
f 7707/4440 7717/4440 7706/4440
f 7717/4440 7707/4440 7723/4440
f 7704/4440 7703/4440 7705/4440
f 7719/4440 7703/4440 7710/4440
f 7702/4440 7705/4440 7701/4440
f 7705/4440 7703/4440 7706/4440
f 7701/4440 7705/4440 7717/4440
f 7700/4440 7703/4440 7704/4440
f 7709/4440 7702/4440 7701/4440
f 7705/4440 7706/4440 7717/4440
f 7708/4440 7700/4440 7704/4440
f 7718/4440 7719/4440 7713/4440
f 7717/4440 7720/4440 7718/4440
f 7720/4440 7717/4440 7723/4440
f 7713/4440 7715/4440 7716/4440
f 7712/4440 7714/4440 7722/4440
f 7713/4440 7719/4440 7710/4440
f 7713/4440 7716/4440 7718/4440
f 7716/4440 7712/4440 7717/4440
f 7713/4440 7711/4440 7715/4440
f 7716/4440 7714/4440 7712/4440
f 7718/4440 7716/4440 7717/4440
f 7711/4440 7721/4440 7715/4440
f 7701/4440 7717/4440 7712/4440
f 7701/4440 7712/4440 7709/4440
f 7722/4440 7709/4440 7712/4440
f 7714/4440 7709/4440 7722/4440
f 7709/4440 7714/4440 7702/4440
f 7716/4440 7702/4440 7714/4440
f 7702/4440 7716/4440 7705/4440
f 7705/4440 7716/4440 7704/4440
f 7715/4440 7704/4440 7716/4440
f 7704/4440 7715/4440 7708/4440
f 7721/4440 7708/4440 7715/4440
f 7708/4440 7721/4440 7700/4440
f 7711/4440 7700/4440 7721/4440
f 7700/4440 7711/4440 7703/4440
f 7713/4440 7703/4440 7711/4440
f 7710/4440 7703/4440 7713/4440
f 7718/4440 7706/4440 7719/4440
f 7706/4440 7718/4440 7707/4440
f 7718/4440 7720/4440 7707/4440
f 7707/4440 7720/4440 7723/4440
f 7724/4440 7730/4440 7739/4440
f 7724/4440 7739/4440 7733/4440
f 7729/4440 7725/4440 7734/4440
f 7729/4440 7734/4440 7738/4440
f 7725/4440 7726/4440 7735/4440
f 7725/4440 7735/4440 7734/4440
f 7726/4440 7727/4440 7736/4440
f 7726/4440 7736/4440 7735/4440
f 7727/4440 7728/4440 7737/4440
f 7727/4440 7737/4440 7736/4440
f 7728/4440 7729/4440 7738/4440
f 7728/4440 7738/4440 7737/4440
f 7729/4440 7739/4440 7738/4440
f 7729/4440 7730/4440 7739/4440
f 7730/4440 7731/4440 7740/4440
f 7730/4440 7740/4440 7739/4440
f 7731/4440 7732/4440 7741/4440
f 7731/4440 7741/4440 7740/4440
f 7732/4440 7724/4440 7733/4440
f 7732/4440 7733/4440 7741/4440
f 7725/4440 7727/4440 7726/4440
f 7725/4440 7728/4440 7727/4440
f 7729/4440 7728/4440 7725/4440
f 7724/4440 7731/4440 7730/4440
f 7724/4440 7732/4440 7731/4440
f 7734/4440 7735/4440 7736/4440
f 7734/4440 7736/4440 7737/4440
f 7738/4440 7734/4440 7737/4440
f 7733/4440 7739/4440 7740/4440
f 7733/4440 7740/4440 7741/4440
f 7743/4440 7742/4440 7747/4440
f 7747/4440 7742/4440 7746/4440
f 7744/4440 7743/4440 7748/4440
f 7748/4440 7743/4440 7747/4440
f 7745/4440 7744/4440 7749/4440
f 7749/4440 7744/4440 7748/4440
f 7742/4440 7745/4440 7746/4440
f 7746/4440 7745/4440 7749/4440
f 7742/4440 7744/4440 7745/4440
f 7743/4440 7744/4440 7742/4440
f 7749/4440 7748/4440 7746/4440
f 7746/4440 7748/4440 7747/4440
f 7750/4440 7751/4440 7755/4440
f 7750/4440 7755/4440 7754/4440
f 7751/4440 7752/4440 7756/4440
f 7751/4440 7756/4440 7755/4440
f 7752/4440 7753/4440 7757/4440
f 7752/4440 7757/4440 7756/4440
f 7753/4440 7750/4440 7754/4440
f 7753/4440 7754/4440 7757/4440
f 7752/4440 7750/4440 7753/4440
f 7752/4440 7751/4440 7750/4440
f 7756/4440 7757/4440 7754/4440
f 7756/4440 7754/4440 7755/4440
f 7758/4440 7759/4440 7763/4440
f 7758/4440 7763/4440 7762/4440
f 7759/4440 7760/4440 7764/4440
f 7759/4440 7764/4440 7763/4440
f 7760/4440 7761/4440 7765/4440
f 7760/4440 7765/4440 7764/4440
f 7761/4440 7758/4440 7762/4440
f 7761/4440 7762/4440 7765/4440
f 7760/4440 7758/4440 7761/4440
f 7760/4440 7759/4440 7758/4440
f 7764/4440 7765/4440 7762/4440
f 7764/4440 7762/4440 7763/4440
f 7767/4440 7766/4440 7771/4440
f 7771/4440 7766/4440 7770/4440
f 7768/4440 7767/4440 7772/4440
f 7772/4440 7767/4440 7771/4440
f 7769/4440 7768/4440 7773/4440
f 7773/4440 7768/4440 7772/4440
f 7766/4440 7769/4440 7770/4440
f 7770/4440 7769/4440 7773/4440
f 7768/4440 7766/4440 7767/4440
f 7769/4440 7766/4440 7768/4440
f 7771/4440 7770/4440 7772/4440
f 7772/4440 7770/4440 7773/4440
f 7775/4440 7774/4440 7779/4440
f 7779/4440 7774/4440 7778/4440
f 7776/4440 7775/4440 7780/4440
f 7780/4440 7775/4440 7779/4440
f 7777/4440 7776/4440 7781/4440
f 7781/4440 7776/4440 7780/4440
f 7774/4440 7777/4440 7778/4440
f 7778/4440 7777/4440 7781/4440
f 7774/4440 7776/4440 7777/4440
f 7775/4440 7776/4440 7774/4440
f 7781/4440 7780/4440 7778/4440
f 7778/4440 7780/4440 7779/4440
f 7783/4440 7782/4440 7787/4440
f 7787/4440 7782/4440 7786/4440
f 7784/4440 7783/4440 7788/4440
f 7788/4440 7783/4440 7787/4440
f 7785/4440 7784/4440 7789/4440
f 7789/4440 7784/4440 7788/4440
f 7782/4440 7785/4440 7786/4440
f 7786/4440 7785/4440 7789/4440
f 7782/4440 7784/4440 7785/4440
f 7783/4440 7784/4440 7782/4440
f 7789/4440 7788/4440 7786/4440
f 7786/4440 7788/4440 7787/4440
f 7790/4440 7792/4440 7793/4440
f 7793/4440 7792/4440 7797/4440
f 7791/4440 7790/4440 7794/4440
f 7794/4440 7790/4440 7793/4440
f 7795/4440 7791/4440 7794/4440
f 7796/4440 7791/4440 7795/4440
f 7792/4440 7791/4440 7797/4440
f 7797/4440 7791/4440 7796/4440
f 7791/4440 7792/4440 7790/4440
f 7794/4440 7793/4440 7795/4440
f 7795/4440 7793/4440 7796/4440
f 7793/4440 7797/4440 7796/4440
f 7800/4440 7798/4440 7801/4440
f 7800/4440 7801/4440 7805/4440
f 7798/4440 7799/4440 7802/4440
f 7798/4440 7802/4440 7801/4440
f 7799/4440 7803/4440 7802/4440
f 7799/4440 7804/4440 7803/4440
f 7799/4440 7800/4440 7805/4440
f 7799/4440 7805/4440 7804/4440
f 7800/4440 7799/4440 7798/4440
f 7801/4440 7802/4440 7803/4440
f 7801/4440 7803/4440 7804/4440
f 7805/4440 7801/4440 7804/4440
f 7806/4440 7807/4440 7811/4440
f 7806/4440 7811/4440 7810/4440
f 7807/4440 7808/4440 7812/4440
f 7807/4440 7812/4440 7811/4440
f 7808/4440 7809/4440 7813/4440
f 7808/4440 7813/4440 7812/4440
f 7809/4440 7806/4440 7810/4440
f 7809/4440 7810/4440 7813/4440
f 7808/4440 7806/4440 7809/4440
f 7808/4440 7807/4440 7806/4440
f 7812/4440 7813/4440 7810/4440
f 7812/4440 7810/4440 7811/4440
f 7814/4440 7815/4440 7819/4440
f 7814/4440 7819/4440 7818/4440
f 7815/4440 7816/4440 7820/4440
f 7815/4440 7820/4440 7819/4440
f 7816/4440 7817/4440 7821/4440
f 7816/4440 7821/4440 7820/4440
f 7817/4440 7814/4440 7818/4440
f 7817/4440 7818/4440 7821/4440
f 7816/4440 7814/4440 7817/4440
f 7816/4440 7815/4440 7814/4440
f 7820/4440 7821/4440 7818/4440
f 7820/4440 7818/4440 7819/4440
f 7824/4440 7825/4440 7823/4440
f 7830/4440 7823/4440 7833/4440
f 7823/4440 7822/4440 7824/4440
f 7827/4440 7824/4440 7826/4440
f 7824/4440 7827/4440 7825/4440
f 7825/4440 7827/4440 7828/4440
f 7825/4440 7828/4440 7829/4440
f 7830/4440 7822/4440 7823/4440
f 7831/4440 7822/4440 7830/4440
f 7832/4440 7822/4440 7831/4440
f 7834/4440 7822/4440 7832/4440
f 7824/4440 7822/4440 7834/4440
f 7826/4440 7824/4440 7834/4440
f 7825/4440 7836/4440 7823/4440
f 7823/4440 7840/4440 7833/4440
f 7835/4440 7823/4440 7836/4440
f 7836/4440 7838/4440 7837/4440
f 7838/4440 7836/4440 7825/4440
f 7838/4440 7825/4440 7839/4440
f 7839/4440 7825/4440 7829/4440
f 7835/4440 7840/4440 7823/4440
f 7835/4440 7841/4440 7840/4440
f 7835/4440 7842/4440 7841/4440
f 7835/4440 7843/4440 7842/4440
f 7835/4440 7836/4440 7843/4440
f 7836/4440 7837/4440 7843/4440
f 7861/4440 7860/4440 7848/4440
f 7864/4440 7863/4440 7849/4440
f 7866/4440 7868/4440 7850/4440
f 7845/4440 7844/4440 7854/4440
f 7844/4440 7853/4440 7854/4440
f 7845/4440 7854/4440 7855/4440
f 7856/4440 7855/4440 7857/4440
f 7846/4440 7856/4440 7858/4440
f 7856/4440 7857/4440 7858/4440
f 7847/4440 7846/4440 7858/4440
f 7847/4440 7858/4440 7859/4440
f 7847/4440 7859/4440 7861/4440
f 7859/4440 7860/4440 7861/4440
f 7862/4440 7848/4440 7860/4440
f 7848/4440 7862/4440 7864/4440
f 7862/4440 7863/4440 7864/4440
f 7865/4440 7849/4440 7863/4440
f 7850/4440 7849/4440 7865/4440
f 7850/4440 7865/4440 7866/4440
f 7867/4440 7850/4440 7868/4440
f 7851/4440 7867/4440 7869/4440
f 7867/4440 7868/4440 7869/4440
f 7851/4440 7869/4440 7852/4440
f 7869/4440 7870/4440 7852/4440
f 7876/4440 7861/4440 7848/4440
f 7878/4440 7864/4440 7849/4440
f 7881/4440 7880/4440 7850/4440
f 7844/4440 7845/4440 7872/4440
f 7871/4440 7844/4440 7872/4440
f 7845/4440 7855/4440 7873/4440
f 7872/4440 7845/4440 7873/4440
f 7855/4440 7856/4440 7873/4440
f 7856/4440 7846/4440 7874/4440
f 7873/4440 7856/4440 7874/4440
f 7846/4440 7847/4440 7874/4440
f 7874/4440 7847/4440 7875/4440
f 7875/4440 7847/4440 7861/4440
f 7876/4440 7875/4440 7861/4440
f 7848/4440 7877/4440 7876/4440
f 7877/4440 7848/4440 7864/4440
f 7878/4440 7877/4440 7864/4440
f 7849/4440 7879/4440 7878/4440
f 7849/4440 7850/4440 7879/4440
f 7879/4440 7850/4440 7880/4440
f 7850/4440 7867/4440 7881/4440
f 7867/4440 7851/4440 7882/4440
f 7881/4440 7867/4440 7882/4440
f 7882/4440 7851/4440 7852/4440
f 7883/4440 7882/4440 7852/4440
f 7884/4440 7887/4440 7888/4440
f 7888/4440 7886/4440 7884/4440
f 7884/4440 7889/4440 7887/4440
f 7888/4440 7890/4440 7891/4440
f 7892/4440 7884/4440 7893/4440
f 7893/4440 7884/4440 7885/4440
f 7889/4440 7884/4440 7894/4440
f 7890/4440 7888/4440 7887/4440
f 7884/4440 7885/4440 7886/4440
f 7895/4440 7884/4440 7888/4440
f 7896/4440 7884/4440 7897/4440
f 7898/4440 7884/4440 7895/4440
f 7899/4440 7888/4440 7900/4440
f 7884/4440 7892/4440 7897/4440
f 7884/4440 7896/4440 7885/4440
f 7884/4440 7898/4440 7894/4440
f 7888/4440 7899/4440 7895/4440
f 7900/4440 7888/4440 7891/4440
f 7900/4440 7891/4440 7899/4440
f 7890/4440 7899/4440 7891/4440
f 7899/4440 7890/4440 7895/4440
f 7887/4440 7895/4440 7890/4440
f 7895/4440 7887/4440 7898/4440
f 7887/4440 7889/4440 7898/4440
f 7898/4440 7889/4440 7894/4440
f 7893/4440 7897/4440 7892/4440
f 7897/4440 7893/4440 7896/4440
f 7896/4440 7893/4440 7885/4440
o B747taiB_B747grey
v -0.459415 -5.044075 -0.032158
v -0.446118 -5.043803 -0.008856
v -0.124893 -5.052287 0.246710
v -0.466462 -5.044938 -0.066792
v -0.806285 -5.035563 -0.327777
v -0.466934 -5.046446 -0.088918
v -0.125264 -5.054508 0.187645
v -0.722118 -5.036504 -0.244782
v -0.124770 -5.052351 0.260286
v -0.467771 -5.047997 -0.105353
v -0.647493 -5.041646 -0.226499
v -0.780015 -5.036970 -0.315828
v -0.794696 -5.036474 -0.325724
v -0.278637 -5.054588 0.022137
v -0.806296 -5.036069 -0.333576
v -0.126020 -5.060019 0.125011
v -0.124792 -5.052485 0.267351
v -0.794240 -5.034600 -0.303997
v -0.805579 -5.034710 -0.313674
v 0.394761 -5.044075 -0.032158
v 0.381461 -5.043803 -0.008856
v 0.060238 -5.052287 0.246709
v 0.401805 -5.044938 -0.066792
v 0.741630 -5.035563 -0.327777
v 0.402279 -5.046446 -0.088918
v 0.060608 -5.054508 0.187645
v 0.657463 -5.036504 -0.244782
v 0.060115 -5.052351 0.260285
v 0.403118 -5.047997 -0.105353
v 0.582839 -5.041646 -0.226499
v 0.715358 -5.036970 -0.315828
v 0.730041 -5.036474 -0.325724
v 0.213983 -5.054588 0.022137
v 0.741639 -5.036069 -0.333576
v 0.061366 -5.060019 0.125011
v 0.060136 -5.052485 0.267351
v 0.729585 -5.034600 -0.303997
v 0.740925 -5.034710 -0.313674
v -0.271101 -4.940056 -0.896757
v -0.064009 -4.969227 -0.782077
v -0.270315 -4.937846 -0.909981
v -0.296925 -4.935197 -0.917619
v -0.074110 -4.971846 -0.726410
v -0.298526 -4.938850 -0.883545
v -0.270432 -4.932956 -0.896386
v -0.062664 -4.954997 -0.781336
v -0.269945 -4.933901 -0.909776
v -0.296501 -4.930727 -0.917387
v -0.072639 -4.956277 -0.725598
v -0.297726 -4.930363 -0.883103
v -0.306715 -4.929992 -0.915476
v -0.303843 -4.935110 -0.863264
v -0.308709 -4.931094 -0.920885
v -0.303868 -4.929690 -0.919497
v -0.309098 -4.931612 -0.920899
v -0.299293 -4.933896 -0.860531
v -0.299179 -4.932037 -0.863750
v -0.299378 -4.935765 -0.858810
v -0.297256 -4.930620 -0.917603
v -0.308812 -4.932194 -0.920943
v -0.304332 -4.934614 -0.919754
v -0.299629 -4.937428 -0.860716
v -0.299831 -4.938934 -0.864110
v -0.297684 -4.935138 -0.917838
v -0.303731 -4.929805 -0.920317
v -0.309087 -4.931567 -0.921813
v -0.297228 -4.930707 -0.918408
v -0.296964 -4.932472 -0.926438
v -0.304170 -4.934443 -0.920559
v -0.297631 -4.934974 -0.918630
v -0.269628 -4.935444 -0.919045
v -0.269915 -4.933977 -0.910561
v -0.296207 -4.932553 -0.926280
v -0.296475 -4.930811 -0.918187
v -0.270267 -4.937697 -0.910755
v -0.296873 -4.935037 -0.918408
v -0.180817 -4.944020 -0.794915
v -0.280643 -4.932421 -0.867545
v -0.074357 -4.956765 -0.715056
v -0.073623 -4.956537 -0.719839
v -0.180092 -4.943826 -0.799858
v -0.269343 -4.933583 -0.862314
v -0.156312 -4.946563 -0.783217
v -0.072781 -4.956315 -0.724767
v -0.297757 -4.930412 -0.882196
v -0.280703 -4.932618 -0.865300
v -0.211242 -4.940762 -0.813937
v -0.181632 -4.944272 -0.792042
v -0.096067 -4.954424 -0.728769
v -0.074721 -4.956984 -0.712986
v -0.297887 -4.930642 -0.878007
v -0.181992 -4.956453 -0.795563
v -0.281514 -4.941637 -0.868027
v -0.075812 -4.972133 -0.715856
v -0.075085 -4.972001 -0.720644
v -0.181267 -4.956269 -0.800506
v -0.270248 -4.943153 -0.862812
v -0.157556 -4.959755 -0.783905
v -0.074250 -4.971869 -0.725578
v -0.298559 -4.938890 -0.882638
v -0.281556 -4.941665 -0.865771
v -0.212303 -4.951987 -0.814521
v -0.182773 -4.956350 -0.792672
v -0.097437 -4.968948 -0.729526
v -0.076150 -4.972064 -0.713772
v -0.298682 -4.939072 -0.878446
v 0.117336 -4.956453 -0.795562
v 0.216858 -4.941637 -0.868026
v 0.011155 -4.972133 -0.715856
v 0.010430 -4.972001 -0.720644
v 0.116611 -4.956269 -0.800506
v 0.205593 -4.943154 -0.862812
v 0.092900 -4.959755 -0.783905
v 0.009594 -4.971869 -0.725578
v 0.233904 -4.938890 -0.882637
v 0.216900 -4.941665 -0.865771
v 0.147647 -4.951987 -0.814521
v 0.118118 -4.956350 -0.792672
v 0.032782 -4.968948 -0.729526
v 0.011493 -4.972065 -0.713772
v 0.234027 -4.939073 -0.878446
v 0.116161 -4.944020 -0.794915
v 0.215985 -4.932421 -0.867545
v 0.009700 -4.956765 -0.715056
v 0.008968 -4.956537 -0.719839
v 0.115435 -4.943826 -0.799858
v 0.204688 -4.933583 -0.862314
v 0.091654 -4.946563 -0.783217
v 0.008124 -4.956315 -0.724767
v 0.233102 -4.930412 -0.882196
v 0.216044 -4.932618 -0.865300
v 0.146583 -4.940762 -0.813937
v 0.116977 -4.944272 -0.792042
v 0.031408 -4.954424 -0.728769
v 0.010066 -4.956984 -0.712986
v 0.233229 -4.930643 -0.878007
v 0.242060 -4.929992 -0.915476
v 0.239186 -4.935110 -0.863264
v 0.244054 -4.931094 -0.920885
v 0.239208 -4.929690 -0.919497
v 0.244443 -4.931613 -0.920899
v 0.234638 -4.933896 -0.860531
v 0.234522 -4.932038 -0.863750
v 0.234721 -4.935765 -0.858810
v 0.232597 -4.930620 -0.917603
v 0.244157 -4.932194 -0.920943
v 0.239677 -4.934614 -0.919754
v 0.234974 -4.937428 -0.860716
v 0.235175 -4.938934 -0.864110
v 0.233029 -4.935138 -0.917838
v 0.239072 -4.929805 -0.920317
v 0.244430 -4.931567 -0.921813
v 0.232572 -4.930707 -0.918408
v 0.232308 -4.932473 -0.926438
v 0.239511 -4.934443 -0.920559
v 0.232975 -4.934975 -0.918630
v 0.204969 -4.935445 -0.919045
v 0.205260 -4.933977 -0.910561
v 0.231552 -4.932553 -0.926280
v 0.231818 -4.930811 -0.918187
v 0.205610 -4.937697 -0.910755
v 0.232218 -4.935037 -0.918407
v 0.205775 -4.932956 -0.896386
v -0.001993 -4.954997 -0.781336
v 0.205290 -4.933901 -0.909776
v 0.231844 -4.930727 -0.917387
v 0.007983 -4.956277 -0.725598
v 0.233071 -4.930363 -0.883103
v 0.206446 -4.940056 -0.896757
v -0.000648 -4.969227 -0.782077
v 0.205660 -4.937846 -0.909981
v 0.232269 -4.935197 -0.917619
v 0.009455 -4.971846 -0.726410
v 0.233871 -4.938850 -0.883545
v -0.125264 -5.054508 0.187645
v -0.459415 -5.044075 -0.032158
v -0.124893 -5.052287 0.246710
v -0.446118 -5.043803 -0.008856
v -0.466934 -5.046446 -0.088918
v -0.466934 -5.046446 -0.088918
v -0.647493 -5.041646 -0.226499
v -0.466462 -5.044938 -0.066792
v -0.466934 -5.046446 -0.088918
v -0.780015 -5.036970 -0.315828
v -0.794696 -5.036474 -0.325724
v -0.466934 -5.046446 -0.088918
v -0.125264 -5.054508 0.187645
v -0.466934 -5.046446 -0.088918
v -0.467771 -5.047997 -0.105353
v -0.278637 -5.054588 0.022137
v -0.466462 -5.044938 -0.066792
v -0.806285 -5.035563 -0.327777
v -0.806296 -5.036069 -0.333576
v -0.466462 -5.044938 -0.066792
v -0.278637 -5.054588 0.022137
v -0.125264 -5.054508 0.187645
v -0.446118 -5.043803 -0.008856
v -0.722118 -5.036504 -0.244782
v -0.124792 -5.052485 0.267351
v -0.124770 -5.052351 0.260286
v -0.446118 -5.043803 -0.008856
v -0.806285 -5.035563 -0.327777
v -0.722118 -5.036504 -0.244782
v -0.806285 -5.035563 -0.327777
v -0.794240 -5.034600 -0.303997
v -0.124792 -5.052485 0.267351
v -0.722118 -5.036504 -0.244782
v -0.794240 -5.034600 -0.303997
v 0.394761 -5.044075 -0.032158
v 0.401805 -5.044938 -0.066792
v 0.741630 -5.035563 -0.327777
v 0.394761 -5.044075 -0.032158
v 0.657463 -5.036504 -0.244782
v 0.394761 -5.044075 -0.032158
v 0.381461 -5.043803 -0.008856
v 0.060608 -5.054508 0.187645
v 0.060238 -5.052287 0.246709
v 0.394761 -5.044075 -0.032158
v 0.060608 -5.054508 0.187645
v 0.394761 -5.044075 -0.032158
v 0.401805 -5.044938 -0.066792
v 0.060238 -5.052287 0.246709
v 0.381461 -5.043803 -0.008856
v 0.402279 -5.046446 -0.088918
v 0.582839 -5.041646 -0.226499
v 0.402279 -5.046446 -0.088918
v 0.402279 -5.046446 -0.088918
v 0.401805 -5.044938 -0.066792
v 0.730041 -5.036474 -0.325724
v 0.715358 -5.036970 -0.315828
v 0.402279 -5.046446 -0.088918
v 0.060608 -5.054508 0.187645
v 0.402279 -5.046446 -0.088918
v 0.402279 -5.046446 -0.088918
v 0.403118 -5.047997 -0.105353
v 0.213983 -5.054588 0.022137
v 0.401805 -5.044938 -0.066792
v 0.741630 -5.035563 -0.327777
v 0.401805 -5.044938 -0.066792
v 0.741639 -5.036069 -0.333576
v 0.730041 -5.036474 -0.325724
v 0.213983 -5.054588 0.022137
v 0.060608 -5.054508 0.187645
v 0.381461 -5.043803 -0.008856
v 0.657463 -5.036504 -0.244782
v 0.060115 -5.052351 0.260285
v 0.060136 -5.052485 0.267351
v 0.381461 -5.043803 -0.008856
v 0.741630 -5.035563 -0.327777
v 0.657463 -5.036504 -0.244782
v 0.741630 -5.035563 -0.327777
v 0.729585 -5.034600 -0.303997
v 0.657463 -5.036504 -0.244782
v 0.060136 -5.052485 0.267351
v 0.729585 -5.034600 -0.303997
v -0.298526 -4.938850 -0.883545
v -0.271101 -4.940056 -0.896757
v -0.298526 -4.938850 -0.883545
v -0.270315 -4.937846 -0.909981
v -0.298526 -4.938850 -0.883545
v -0.297726 -4.930363 -0.883103
v -0.270432 -4.932956 -0.896386
v -0.297726 -4.930363 -0.883103
v -0.062664 -4.954997 -0.781336
v -0.269945 -4.933901 -0.909776
v -0.297726 -4.930363 -0.883103
v -0.303868 -4.929690 -0.919497
v -0.306715 -4.929992 -0.915476
v -0.308709 -4.931094 -0.920885
v -0.297256 -4.930620 -0.917603
v -0.306715 -4.929992 -0.915476
v -0.303843 -4.935110 -0.863264
v -0.297256 -4.930620 -0.917603
v -0.303843 -4.935110 -0.863264
v -0.303843 -4.935110 -0.863264
v -0.299293 -4.933896 -0.860531
v -0.299179 -4.932037 -0.863750
v -0.306715 -4.929992 -0.915476
v -0.304332 -4.934614 -0.919754
v -0.306715 -4.929992 -0.915476
v -0.309098 -4.931612 -0.920899
v -0.308812 -4.932194 -0.920943
v -0.306715 -4.929992 -0.915476
v -0.303843 -4.935110 -0.863264
v -0.306715 -4.929992 -0.915476
v -0.303843 -4.935110 -0.863264
v -0.297684 -4.935138 -0.917838
v -0.303843 -4.935110 -0.863264
v -0.299378 -4.935765 -0.858810
v -0.299629 -4.937428 -0.860716
v -0.303843 -4.935110 -0.863264
v -0.299831 -4.938934 -0.864110
v -0.303731 -4.929805 -0.920317
v -0.296964 -4.932472 -0.926438
v -0.296964 -4.932472 -0.926438
v -0.304170 -4.934443 -0.920559
v -0.296964 -4.932472 -0.926438
v -0.269628 -4.935444 -0.919045
v -0.269628 -4.935444 -0.919045
v -0.296207 -4.932553 -0.926280
v -0.269628 -4.935444 -0.919045
v -0.296873 -4.935037 -0.918408
v -0.280643 -4.932421 -0.867545
v -0.180817 -4.944020 -0.794915
v -0.269343 -4.933583 -0.862314
v -0.180817 -4.944020 -0.794915
v -0.180817 -4.944020 -0.794915
v -0.180092 -4.943826 -0.799858
v -0.280643 -4.932421 -0.867545
v -0.269343 -4.933583 -0.862314
v -0.297757 -4.930412 -0.882196
v -0.180817 -4.944020 -0.794915
v -0.073623 -4.956537 -0.719839
v -0.156312 -4.946563 -0.783217
v -0.156312 -4.946563 -0.783217
v -0.073623 -4.956537 -0.719839
v -0.180817 -4.944020 -0.794915
v -0.280643 -4.932421 -0.867545
v -0.211242 -4.940762 -0.813937
v -0.280643 -4.932421 -0.867545
v -0.180817 -4.944020 -0.794915
v -0.211242 -4.940762 -0.813937
v -0.074357 -4.956765 -0.715056
v -0.280643 -4.932421 -0.867545
v -0.297887 -4.930642 -0.878007
v -0.280703 -4.932618 -0.865300
v -0.074357 -4.956765 -0.715056
v -0.180817 -4.944020 -0.794915
v -0.096067 -4.954424 -0.728769
v -0.181632 -4.944272 -0.792042
v -0.096067 -4.954424 -0.728769
v -0.180817 -4.944020 -0.794915
v -0.181992 -4.956453 -0.795563
v -0.181992 -4.956453 -0.795563
v -0.181992 -4.956453 -0.795563
v -0.181267 -4.956269 -0.800506
v -0.270248 -4.943153 -0.862812
v -0.281514 -4.941637 -0.868027
v -0.298559 -4.938890 -0.882638
v -0.075085 -4.972001 -0.720644
v -0.181992 -4.956453 -0.795563
v -0.157556 -4.959755 -0.783905
v -0.157556 -4.959755 -0.783905
v -0.075085 -4.972001 -0.720644
v -0.281514 -4.941637 -0.868027
v -0.181992 -4.956453 -0.795563
v -0.212303 -4.951987 -0.814521
v -0.281514 -4.941637 -0.868027
v -0.212303 -4.951987 -0.814521
v -0.181992 -4.956453 -0.795563
v -0.075812 -4.972133 -0.715856
v -0.298682 -4.939072 -0.878446
v -0.281514 -4.941637 -0.868027
v -0.181992 -4.956453 -0.795563
v -0.075812 -4.972133 -0.715856
v -0.097437 -4.968948 -0.729526
v -0.097437 -4.968948 -0.729526
v -0.182773 -4.956350 -0.792672
v -0.181992 -4.956453 -0.795563
v 0.216858 -4.941637 -0.868026
v 0.117336 -4.956453 -0.795562
v 0.205593 -4.943154 -0.862812
v 0.117336 -4.956453 -0.795562
v 0.117336 -4.956453 -0.795562
v 0.116611 -4.956269 -0.800506
v 0.216858 -4.941637 -0.868026
v 0.205593 -4.943154 -0.862812
v 0.233904 -4.938890 -0.882637
v 0.117336 -4.956453 -0.795562
v 0.010430 -4.972001 -0.720644
v 0.010430 -4.972001 -0.720644
v 0.117336 -4.956453 -0.795562
v 0.216858 -4.941637 -0.868026
v 0.216858 -4.941637 -0.868026
v 0.117336 -4.956453 -0.795562
v 0.011155 -4.972133 -0.715856
v 0.216858 -4.941637 -0.868026
v 0.234027 -4.939073 -0.878446
v 0.216900 -4.941665 -0.865771
v 0.011155 -4.972133 -0.715856
v 0.118118 -4.956350 -0.792672
v 0.116161 -4.944020 -0.794915
v 0.215985 -4.932421 -0.867545
v 0.204688 -4.933583 -0.862314
v 0.116161 -4.944020 -0.794915
v 0.116161 -4.944020 -0.794915
v 0.204688 -4.933583 -0.862314
v 0.215985 -4.932421 -0.867545
v 0.233102 -4.930412 -0.882196
v 0.008968 -4.956537 -0.719839
v 0.116161 -4.944020 -0.794915
v 0.091654 -4.946563 -0.783217
v 0.091654 -4.946563 -0.783217
v 0.008968 -4.956537 -0.719839
v 0.215985 -4.932421 -0.867545
v 0.116161 -4.944020 -0.794915
v 0.146583 -4.940762 -0.813937
v 0.215985 -4.932421 -0.867545
v 0.146583 -4.940762 -0.813937
v 0.116161 -4.944020 -0.794915
v 0.009700 -4.956765 -0.715056
v 0.233229 -4.930643 -0.878007
v 0.215985 -4.932421 -0.867545
v 0.216044 -4.932618 -0.865300
v 0.116161 -4.944020 -0.794915
v 0.009700 -4.956765 -0.715056
v 0.031408 -4.954424 -0.728769
v 0.031408 -4.954424 -0.728769
v 0.116977 -4.944272 -0.792042
v 0.116161 -4.944020 -0.794915
v 0.239208 -4.929690 -0.919497
v 0.242060 -4.929992 -0.915476
v 0.244054 -4.931094 -0.920885
v 0.242060 -4.929992 -0.915476
v 0.232597 -4.930620 -0.917603
v 0.242060 -4.929992 -0.915476
v 0.239186 -4.935110 -0.863264
v 0.232597 -4.930620 -0.917603
v 0.239186 -4.935110 -0.863264
v 0.234638 -4.933896 -0.860531
v 0.239186 -4.935110 -0.863264
v 0.234522 -4.932038 -0.863750
v 0.242060 -4.929992 -0.915476
v 0.239677 -4.934614 -0.919754
v 0.242060 -4.929992 -0.915476
v 0.244157 -4.932194 -0.920943
v 0.244443 -4.931613 -0.920899
v 0.242060 -4.929992 -0.915476
v 0.239186 -4.935110 -0.863264
v 0.233029 -4.935138 -0.917838
v 0.242060 -4.929992 -0.915476
v 0.239186 -4.935110 -0.863264
v 0.233029 -4.935138 -0.917838
v 0.239186 -4.935110 -0.863264
v 0.234721 -4.935765 -0.858810
v 0.239186 -4.935110 -0.863264
v 0.234974 -4.937428 -0.860716
v 0.235175 -4.938934 -0.864110
v 0.232308 -4.932473 -0.926438
v 0.244430 -4.931567 -0.921813
v 0.232308 -4.932473 -0.926438
v 0.239511 -4.934443 -0.920559
v 0.204969 -4.935445 -0.919045
v 0.231818 -4.930811 -0.918187
v 0.204969 -4.935445 -0.919045
v 0.204969 -4.935445 -0.919045
v 0.231552 -4.932553 -0.926280
v 0.232218 -4.935037 -0.918407
v 0.233071 -4.930363 -0.883103
v 0.205775 -4.932956 -0.896386
v 0.233071 -4.930363 -0.883103
v -0.001993 -4.954997 -0.781336
v 0.205290 -4.933901 -0.909776
v 0.233071 -4.930363 -0.883103
v 0.233871 -4.938850 -0.883545
v 0.206446 -4.940056 -0.896757
v 0.233871 -4.938850 -0.883545
v -0.000648 -4.969227 -0.782077
v 0.205660 -4.937846 -0.909981
v 0.233871 -4.938850 -0.883545
vt 0.775908 0.749777
vt 0.767318 0.769245
vt 0.559800 0.982755
vt 0.780460 0.720843
vt 0.999994 0.502806
vt 0.780765 0.702358
vt 0.560039 0.933411
vt 0.945620 0.572143
vt 0.559892 0.960171
vt 0.560277 0.914216
vt 0.559720 0.994097
vt 0.560435 0.890340
vt 0.781306 0.688627
vt 0.897411 0.587417
vt 0.983022 0.512788
vt 0.992507 0.504521
vt 0.659121 0.795138
vt 1.000000 0.497961
vt 0.560528 0.881083
vt 0.559734 1.000000
vt 0.992213 0.522672
vt 0.999538 0.514588
vt 0.232683 0.769245
vt 0.224092 0.749777
vt 0.440201 0.982755
vt 0.219541 0.720843
vt 0.000007 0.502806
vt 0.219236 0.702358
vt 0.439962 0.933410
vt 0.054381 0.572143
vt 0.440109 0.960170
vt 0.439725 0.914216
vt 0.440281 0.994097
vt 0.439566 0.890340
vt 0.218693 0.688627
vt 0.102588 0.587417
vt 0.016979 0.512788
vt 0.007493 0.504521
vt 0.340879 0.795138
vt 0.000000 0.497961
vt 0.439472 0.881083
vt 0.440267 1.000000
vt 0.007788 0.522672
vt 0.000462 0.514588
vt 0.658784 0.014542
vt 0.653746 0.016408
vt 0.653782 0.017132
vt 0.658877 0.015246
vt 0.670325 0.010254
vt 0.665122 0.012187
vt 0.659415 0.023090
vt 0.602051 0.072931
vt 0.662891 0.027314
vt 0.671803 0.038645
vt 0.671970 0.038494
vt 0.671806 0.032305
vt 0.659585 0.040102
vt 0.594345 0.091352
vt 0.671462 0.021548
vt 0.671357 0.032580
vt 0.521641 0.130390
vt 0.522282 0.134454
vt 0.524823 0.152866
vt 0.660506 0.013904
vt 0.654220 0.026670
vt 0.653866 0.019328
vt 0.654254 0.027455
vt 0.595338 0.069648
vt 0.528434 0.117559
vt 0.520467 0.123265
vt 0.671225 0.015665
vt 0.671776 0.031277
vt 0.670936 0.010027
vt 0.671166 0.014524
vt 0.671373 0.018904
vt 0.651172 0.057331
vt 0.660647 0.048750
vt 0.578208 0.123399
vt 0.525205 0.156101
vt 0.526993 0.169771
vt 0.596139 0.107162
vt 0.664273 0.045466
vt 0.580859 0.120999
vt 0.653506 0.016579
vt 0.658548 0.014711
vt 0.653527 0.017315
vt 0.658625 0.015426
vt 0.664867 0.012368
vt 0.670056 0.010446
vt 0.659007 0.023381
vt 0.662361 0.027692
vt 0.601339 0.073439
vt 0.671453 0.038863
vt 0.671286 0.039016
vt 0.671282 0.032678
vt 0.659022 0.040504
vt 0.593584 0.091894
vt 0.670956 0.021909
vt 0.670829 0.032955
vt 0.520715 0.131051
vt 0.521350 0.135119
vt 0.523857 0.153554
vt 0.660270 0.014073
vt 0.653800 0.026971
vt 0.653589 0.019526
vt 0.653822 0.027765
vt 0.594722 0.070087
vt 0.527587 0.118164
vt 0.519598 0.123883
vt 0.670820 0.015954
vt 0.671255 0.031650
vt 0.670662 0.010221
vt 0.670788 0.014794
vt 0.670911 0.019234
vt 0.650578 0.057753
vt 0.660084 0.049151
vt 0.524236 0.156793
vt 0.577396 0.123978
vt 0.526042 0.170449
vt 0.595379 0.107704
vt 0.663722 0.045860
vt 0.580053 0.121573
vt 0.675390 0.012684
vt 0.677261 0.011817
vt 0.675321 0.019112
vt 0.679030 0.030582
vt 0.677472 0.029348
vt 0.679016 0.018162
vt 0.675411 0.030139
vt 0.675493 0.040987
vt 0.677622 0.041235
vt 0.676922 0.046665
vt 0.676431 0.050950
vt 0.677827 0.050638
vt 0.674793 0.008690
vt 0.671293 0.015197
vt 0.671150 0.010040
vt 0.673705 0.055913
vt 0.674831 0.050552
vt 0.677353 0.017888
vt 0.678900 0.011689
vt 0.679070 0.041370
vt 0.678495 0.046063
vt 0.675340 0.046367
vt 0.672460 0.057441
vt 0.672392 0.055031
vt 0.675406 0.055437
usemtl B747grey
s off
f 7901/4441 7902/4442 7903/4443
f 7901/4441 7904/4444 7905/4445
f 7906/4446 7904/4444 7907/4447
f 7908/4448 7901/4441 7905/4445
f 7901/4441 7908/4448 7902/4442
f 8075/4449 7901/4441 7903/4443
f 8076/4449 7907/4447 7904/4444
f 7909/4441 8077/4449 8078/4444
f 8079/4447 7910/4450 7911/4446
f 8080/4451 8081/4443 7912/4442
f 8082/4450 8083/4452 7913/4446
f 8084/4446 8085/4453 8086/4454
f 8087/4446 7914/4454 8088/4455
f 8089/4444 7906/4446 8090/4456
f 8091/4455 7915/4456 8092/4446
f 8093/4452 8094/4457 7913/4446
f 7916/4453 8095/4446 8096/4457
f 7917/4444 8097/4458 8098/4445
f 8099/4458 8100/4444 8101/4456
f 8102/4459 7918/4457 8103/4452
f 8104/4460 7919/4442 8105/4448
f 8106/4460 8107/4451 8108/4442
f 7921/4445 7920/4461 7922/4448
f 7923/4445 8109/4462 7924/4461
f 8110/4460 7925/4448 7926/4461
f 7927/4463 8111/4464 8112/4465
f 8113/4466 8114/4464 8115/4467
f 8116/4466 8117/4468 8118/4469
f 8119/4470 8120/4467 8121/4464
f 8122/4470 7928/4464 8123/4463
f 7929/4471 8124/4465 7930/4464
f 8125/4469 8126/4471 7931/4466
f 8127/4471 8128/4464 7932/4466
f 8129/4472 8130/4469 8131/4468
f 7933/4465 8132/4473 8133/4463
f 8134/4474 8135/4472 8136/4468
f 7934/4475 8137/4468 8138/4476
f 8139/4476 8140/4468 8141/4477
f 8142/4468 7935/4466 8143/4478
f 8144/4478 7936/4477 8145/4468
f 8146/4479 8147/4474 8148/4468
f 7937/4468 8149/4475 8150/4479
f 7938/4480 8151/4466 8152/4467
f 8153/4466 8154/4480 8155/4478
f 7939/4479 7944/4481 7941/4474
f 7940/4463 8156/4482 8157/4470
f 7943/4473 8158/4482 7940/4463
f 7942/4483 8159/4467 8160/4470
f 7950/4484 7945/4467 7947/4483
f 8161/4470 7946/4482 8162/4483
f 8163/4485 7949/4486 8164/4487
f 8165/4487 7948/4488 8166/4485
f 7954/4489 7953/4490 7951/4491
f 7959/4488 8167/4491 8168/4490
f 8169/4492 7955/4493 7951/4491
f 7952/4494 8170/4495 8171/4496
f 8172/4497 7957/4493 8173/4492
f 7956/4498 8174/4497 7958/4492
f 8175/4499 8176/4493 8177/4497
f 7960/4500 7961/4499 8178/4497
f 8179/4501 7964/4498 8180/4492
f 8181/4498 8182/4501 8183/4502
f 7964/4498 8184/4502 8185/4503
f 7963/4496 8186/4500 8187/4494
f 8188/4488 7962/4504 8189/4485
f 8190/4488 8191/4490 8192/4504
f 7966/4505 7965/4491 7968/4488
f 8193/4488 7967/4506 8194/4505
f 7969/4491 7966/4505 8195/4507
f 7970/4507 8196/4492 8197/4491
f 7971/4507 7974/4508 7972/4492
f 8198/4509 7973/4492 7974/4508
f 7976/4506 8199/4488 7975/4487
f 8200/4501 8201/4492 8202/4509
f 7978/4509 7985/4510 7991/4501
f 7977/4511 7979/4491 7980/4493
f 8203/4499 8204/4500 7982/4512
f 7981/4513 8205/4489 8206/4514
f 8207/4489 7983/4491 8208/4511
f 8209/4511 8210/4514 8211/4489
f 8212/4512 8213/4500 8214/4496
f 7984/4511 8215/4493 8216/4499
f 8217/4499 8218/4515 7987/4511
f 7986/4497 8219/4498 8220/4516
f 8221/4516 8222/4517 7988/4497
f 8223/4518 7989/4519 7990/4520
f 8224/4516 8225/4498 8226/4521
f 8227/4500 8228/4497 8229/4517
f 8230/4517 8231/4522 8232/4500
f 8000/4498 7993/4503 8006/4523
f 7994/4523 7992/4521 7995/4498
f 8233/4523 7993/4503 7997/4519
f 7997/4519 7996/4518 8234/4523
f 7998/4494 8235/4500 8236/4522
f 8237/4524 8238/4525 8239/4526
f 8240/4527 8241/4526 8242/4525
f 8243/4528 7999/4529 8244/4530
f 8245/4530 8246/4527 8002/4528
f 8247/4531 8001/4532 8248/4530
f 8249/4533 8250/4534 8003/4535
f 8004/4531 8251/4536 8005/4532
f 8252/4536 8253/4537 8001/4532
f 8254/4531 8255/4538 8256/4536
f 8257/4538 8258/4539 8259/4536
f 8008/4537 8015/4540 8021/4532
f 8007/4540 8009/4537 8010/4541
f 8260/4541 8261/4537 8012/4542
f 8011/4539 8262/4535 8263/4534
f 8264/4543 8013/4527 8265/4525
f 8266/4528 8267/4527 8268/4543
f 8269/4530 8270/4544 8013/4527
f 8014/4545 8013/4527 8271/4544
f 8272/4544 8273/4530 8017/4546
f 8016/4532 8017/4546 8274/4530
f 8275/4547 8017/4546 8018/4532
f 8276/4532 8019/4548 8020/4547
f 8277/4527 8278/4545 8279/4526
f 8280/4532 8007/4540 8019/4548
f 8281/4549 8019/4548 8007/4540
f 8030/4530 8023/4550 8036/4531
f 8024/4539 8022/4538 8025/4551
f 8282/4529 8283/4552 8027/4553
f 8284/4530 8026/4529 8285/4550
f 8028/4553 8286/4550 8026/4529
f 8287/4539 8288/4551 8289/4535
f 8290/4531 8291/4550 8292/4538
f 8293/4554 8029/4538 8294/4550
f 8295/4537 8296/4536 8032/4555
f 8297/4556 8031/4555 8298/4536
f 8299/4557 8300/4558 8033/4559
f 8034/4537 8301/4555 8035/4560
f 8302/4536 8303/4539 8304/4556
f 8305/4561 8306/4556 8307/4539
f 8308/4542 8309/4537 8310/4562
f 8039/4560 8040/4562 8037/4537
f 8311/4542 8045/4562 8312/4557
f 8041/4558 8313/4557 8314/4562
f 8315/4539 8038/4534 8316/4561
f 8043/4563 8317/4564 8318/4565
f 8319/4566 8042/4567 8044/4568
f 8320/4569 8321/4567 8322/4570
f 8047/4571 8046/4572 8323/4570
f 8050/4573 8324/4572 8325/4574
f 8326/4575 8327/4576 8328/4577
f 8329/4573 8330/4578 8331/4579
f 8332/4580 8049/4565 8333/4564
f 8048/4568 8334/4580 8335/4581
f 8336/4580 8337/4564 8338/4581
f 8051/4571 8052/4570 8054/4567
f 8053/4582 8051/4571 8339/4566
f 8340/4571 8055/4567 8341/4566
f 8342/4580 8056/4568 8054/4567
f 8060/4565 8057/4580 8058/4569
f 8059/4580 8343/4567 8344/4569
f 8345/4583 8062/4574 8061/4572
f 8346/4582 8347/4583 8348/4571
f 8063/4583 8068/4572 8065/4571
f 8064/4584 8349/4570 8350/4572
f 8067/4579 8351/4584 8352/4573
f 8066/4584 8353/4572 8354/4573
f 8074/4578 8069/4585 8071/4586
f 8355/4574 8070/4587 8356/4573
f 8357/4587 8073/4578 8358/4573
f 8359/4578 8072/4586 8360/4579
o B747taiB_B747taiB
v -0.032328 -4.928629 -0.459583
v -0.022576 -4.928735 -0.467799
v -0.032328 -4.927563 -0.483488
v -0.013037 -4.928904 -0.567310
v -0.021492 -4.870653 -0.610091
v -0.032328 -4.919919 -0.841410
v -0.016703 -4.924168 -0.704563
v -0.025748 -4.695390 -0.809109
v -0.032328 -4.671914 -0.925938
v -0.025487 -4.710209 -0.870492
v -0.032328 -4.699538 -0.918408
v -0.032328 -4.821092 -0.876702
v -0.026989 -4.928662 -0.462358
v -0.020268 -4.928839 -0.474452
v -0.026406 -4.926937 -0.495892
v -0.025896 -4.920685 -0.533800
v -0.025257 -4.916972 -0.546598
v -0.025229 -4.911501 -0.558053
v -0.015798 -4.920853 -0.560183
v -0.013535 -4.928990 -0.550700
v -0.027335 -4.877761 -0.597836
v -0.016946 -4.902400 -0.715671
v -0.026690 -4.793550 -0.695060
v -0.028357 -4.707699 -0.792845
v -0.023710 -4.771466 -0.722406
v -0.021603 -4.795766 -0.698742
v -0.024278 -4.709519 -0.795517
v -0.028806 -4.681386 -0.824840
v -0.028051 -4.677105 -0.834937
v -0.032028 -4.672130 -0.915493
v -0.024817 -4.684541 -0.825846
v -0.032064 -4.672949 -0.923780
v -0.021878 -4.767880 -0.831147
v -0.032328 -4.684332 -0.923292
v -0.032328 -4.753208 -0.900185
v -0.030710 -4.919888 -0.839249
v -0.027131 -4.694908 -0.884465
v -0.028234 -4.847073 -0.856397
v -0.022168 -4.849205 -0.823574
v -0.030806 -4.697302 -0.910414
v -0.018893 -4.828456 -0.792739
v -0.016770 -4.923371 -0.705943
v -0.016760 -4.924139 -0.705406
v -0.016876 -4.924080 -0.707079
v -0.018128 -4.923439 -0.725494
v -0.018268 -4.923367 -0.727553
v -0.018398 -4.858677 -0.752846
v -0.018267 -4.867844 -0.744810
v -0.028770 -4.920036 -0.831286
v -0.021535 -4.922038 -0.769347
v -0.021785 -4.921965 -0.772168
v -0.022478 -4.760021 -0.837735
v -0.021951 -4.767832 -0.832370
v -0.025567 -4.710979 -0.871418
v -0.024648 -4.725555 -0.861408
v -0.029220 -4.919991 -0.833308
v -0.028623 -4.883287 -0.846283
v -0.018934 -4.824333 -0.793563
v -0.020809 -4.787161 -0.819094
v -0.020876 -4.785815 -0.820017
v -0.029932 -4.774551 -0.884718
v -0.022140 -4.850680 -0.823037
v -0.031071 -4.695740 -0.912577
v -0.018876 -4.829805 -0.791813
v -0.026956 -4.694759 -0.882558
v -0.025639 -4.693651 -0.868321
v -0.028228 -4.848742 -0.855823
v -0.018531 -4.903223 -0.741388
v -0.018546 -4.901875 -0.742314
v -0.025681 -4.692122 -0.867810
v -0.014145 -4.927496 -0.560783
v -0.013796 -4.927941 -0.562847
v -0.013706 -4.927104 -0.631864
v -0.013800 -4.926996 -0.634253
v -0.022551 -4.749965 -0.754949
v -0.023617 -4.718431 -0.789438
v -0.015106 -4.915175 -0.576821
v -0.020232 -4.810522 -0.688717
v -0.018848 -4.845406 -0.650566
v -0.021059 -4.762751 -0.782421
v -0.024329 -4.686434 -0.827916
v -0.024284 -4.698534 -0.811198
v -0.031600 -4.683900 -0.919849
v -0.032328 -4.683736 -0.923519
v -0.032328 -4.682021 -0.924170
v -0.025007 -4.687074 -0.848402
v -0.024353 -4.688096 -0.825411
v -0.025162 -4.686968 -0.850785
v -0.024682 -4.686602 -0.824249
v -0.032592 -4.672949 -0.923780
v -0.032776 -4.675951 -0.923401
v -0.033048 -4.679504 -0.921217
v -0.032915 -4.709279 -0.912692
v -0.033056 -4.683900 -0.919849
v -0.033054 -4.682195 -0.920378
vt 0.101271 0.022541
vt 0.118670 0.027355
vt 0.088461 0.022932
vt 0.262250 0.087934
vt 0.240191 0.067301
vt 0.266349 0.052664
vt 0.248091 0.021972
vt 0.215549 0.053294
vt 0.578718 0.616101
vt 0.526063 0.532805
vt 0.362450 0.242000
vt 0.958902 0.946370
vt 0.858700 0.915361
vt 0.944900 0.901711
vt 0.777896 0.943953
vt 0.775959 0.955850
vt 0.745668 0.903034
vt 0.719496 0.849743
vt 0.965534 0.944739
vt 0.956128 0.887388
vt 0.825918 0.934796
vt 0.077984 0.023209
vt 0.072640 0.023332
vt 0.142555 0.029717
vt 0.338853 0.215189
vt 0.714352 0.856606
vt 0.533153 0.524449
vt 0.621857 0.252592
vt 0.694279 0.648970
vt 0.565748 0.122259
vt 0.795402 0.971997
vt 0.966472 0.987673
vt 0.950515 0.990764
vt 0.967223 0.953458
vt 0.890770 0.904853
vt 0.773521 0.322893
vt 0.940735 0.895823
vt 0.715734 0.416705
vt 0.764895 0.556903
vt 0.788104 0.629623
vt 0.970629 0.991578
vt 0.891257 0.604464
vt 0.921040 0.684961
vt 0.875820 0.428929
vt 0.817248 0.194349
vt 0.807864 0.056181
vt 0.803703 0.056301
vt 0.800787 0.659265
vt 0.846372 0.789262
vt 0.863864 0.847139
vt 0.836724 0.330935
vt 0.714148 0.401150
vt 0.547017 0.043164
vt 0.544360 0.040159
vt 0.545984 0.040267
vt 0.674538 0.048468
vt 0.788371 0.055741
vt 0.617051 0.124240
vt 0.859684 0.909590
vt 0.637331 0.287167
vt 0.790457 0.629805
vt 0.865647 0.844235
vt 0.792264 0.055913
vt 0.835618 0.324641
vt 0.772487 0.317331
vt 0.766673 0.561981
vt 0.887098 0.905412
vt 0.712366 0.396063
vt 0.549205 0.040488
vt 0.584664 0.042909
vt 0.615268 0.119155
vt 0.588628 0.043179
vt 0.669104 0.048191
vt 0.641381 0.697194
vt 0.513849 0.468793
vt 0.440387 0.337224
vt 0.749691 0.891173
vt 0.707790 0.816129
vt 0.965969 0.946988
vt 0.267505 0.027606
vt 0.298389 0.074078
vt 0.271479 0.025927
vt 0.280073 0.022297
vt 0.408974 0.029492
vt 0.404376 0.029086
vt 0.777059 0.930543
vt 0.821329 0.934397
vt 0.781881 0.936811
vt 0.774820 0.936179
vt 0.961537 0.962948
vt 0.959923 0.952801
vt 0.965742 0.976347
vt 0.945122 0.850649
usemtl B747taiB
s off
f 8374/4588 8363/4589 8362/4590
f 8378/4591 8377/4592 8379/4593
f 8380/4594 8379/4593 8376/4595
f 8385/4596 8383/4597 8365/4598
f 8443/4599 8430/4600 8423/4601
f 8391/4602 8388/4603 8368/4604
f 8387/4605 8391/4602 8368/4604
f 8394/4606 8423/4601 8371/4607
f 8443/4599 8448/4608 8430/4600
f 8373/4609 8362/4590 8363/4589
f 8361/4610 8373/4609 8363/4589
f 8375/4611 8363/4589 8374/4588
f 8375/4611 8374/4588 8380/4594
f 8376/4595 8375/4611 8380/4594
f 8379/4593 8377/4592 8376/4595
f 8379/4593 8365/4598 8378/4591
f 8365/4598 8381/4612 8378/4591
f 8381/4612 8365/4598 8383/4597
f 8368/4604 8384/4613 8385/4596
f 8384/4613 8383/4597 8385/4596
f 8385/4596 8365/4598 8386/4614
f 8368/4604 8385/4596 8387/4605
f 8385/4596 8386/4614 8387/4605
f 8408/4615 8440/4616 8382/4617
f 8384/4613 8368/4604 8388/4603
f 8389/4618 8388/4603 8391/4602
f 8392/4619 8390/4620 8445/4621
f 8397/4622 8399/4623 8400/4624
f 8418/4625 8419/4626 8393/4627
f 8445/4621 8369/4628 8392/4619
f 8421/4629 8371/4607 8423/4601
f 8371/4607 8421/4629 8395/4630
f 8421/4629 8372/4631 8395/4630
f 8372/4631 8417/4632 8366/4633
f 8396/4634 8366/4633 8417/4632
f 8412/4635 8415/4636 8370/4637
f 8370/4637 8393/4627 8412/4635
f 8398/4638 8400/4624 8399/4623
f 8397/4622 8401/4639 8399/4623
f 8402/4640 8367/4641 8403/4642
f 8411/4643 8409/4644 8429/4645
f 8393/4627 8370/4637 8426/4646
f 8426/4646 8407/4647 8393/4627
f 8412/4635 8393/4627 8413/4648
f 8414/4649 8370/4637 8415/4636
f 8416/4650 8396/4634 8417/4632
f 8429/4645 8427/4651 8422/4652
f 8420/4653 8393/4627 8419/4626
f 8425/4654 8370/4637 8414/4649
f 8425/4654 8426/4646 8370/4637
f 8422/4652 8424/4655 8429/4645
f 8417/4632 8372/4631 8421/4629
f 8413/4648 8393/4627 8420/4653
f 8407/4647 8404/4656 8405/4657
f 8418/4625 8393/4627 8407/4647
f 8382/4617 8367/4641 8402/4640
f 8408/4615 8382/4617 8402/4640
f 8409/4644 8427/4651 8429/4645
f 8428/4658 8406/4659 8410/4660
f 8440/4616 8408/4615 8430/4600
f 8418/4625 8407/4647 8405/4657
f 8435/4661 8386/4614 8438/4662
f 8386/4614 8365/4598 8439/4663
f 8439/4663 8438/4662 8386/4614
f 8442/4664 8387/4605 8436/4665
f 8443/4599 8423/4601 8394/4606
f 8394/4606 8444/4666 8443/4599
f 8365/4598 8379/4593 8431/4667
f 8431/4667 8439/4663 8365/4598
f 8437/4668 8432/4669 8364/4670
f 8387/4605 8386/4614 8435/4661
f 8435/4661 8436/4665 8387/4605
f 8440/4616 8434/4671 8382/4617
f 8367/4641 8382/4617 8434/4671
f 8380/4594 8364/4670 8432/4669
f 8437/4668 8364/4670 8433/4672
f 8447/4673 8437/4668 8433/4672
f 8440/4616 8430/4600 8448/4608
f 8447/4673 8433/4672 8446/4674
f 8441/4675 8389/4618 8391/4602
f 8391/4602 8387/4605 8442/4664
f 8449/4676 8441/4675 8391/4602
f 8391/4602 8442/4664 8449/4676
f 8441/4675 8445/4621 8389/4618
f 8445/4621 8390/4620 8389/4618
f 8432/4669 8431/4667 8380/4594
f 8431/4667 8379/4593 8380/4594
f 8452/4677 8445/4621 8455/4678
f 8369/4628 8445/4621 8451/4679
f 8450/4619 8369/4628 8451/4679
f 8451/4679 8445/4621 8452/4677
f 8453/4680 8371/4607 8395/4630
f 8444/4666 8394/4606 8454/4599
o B747taiB_B747line
v -0.114589 -5.102551 0.046997
v -0.083803 -5.111855 -0.066087
v -0.060498 -5.117697 0.084840
v -0.104428 -5.107431 -0.039843
v -0.109690 -5.106454 0.015641
v -0.106087 -5.109249 0.012838
v -0.109579 -5.108475 0.080364
v -0.106476 -5.111047 0.083068
v -0.104440 -5.112319 0.084840
v -0.103756 -5.112712 0.084840
v -0.095350 -5.115618 0.084840
v -0.095304 -5.112107 -0.051787
v -0.095304 -5.112479 -0.048525
v -0.111393 -5.105019 0.016965
v -0.114245 -5.101091 0.019182
v -0.114254 -5.101077 0.019190
v -0.114746 -5.103180 0.075863
v -0.111087 -5.107279 0.079051
v -0.114931 -5.102963 0.075704
v -0.091329 -5.111117 -0.066087
v -0.069735 -5.113809 -0.066087
v -0.032328 -5.118004 0.084840
v -0.084464 -5.116986 0.084840
v -0.094357 -5.109632 -0.066087
v -0.095304 -5.109403 -0.064946
v -0.095304 -5.110206 -0.061037
v -0.095304 -5.109257 -0.066087
v -0.095304 -5.111240 -0.057842
v -0.104779 -5.107117 -0.039692
v -0.098615 -5.111455 -0.042333
v -0.105117 -5.109859 0.012084
v -0.101553 -5.113830 0.084840
v -0.095304 -5.112771 -0.043753
v -0.095304 -5.111764 -0.055443
v -0.095304 -5.111406 -0.056510
v 0.050375 -5.102135 0.050227
v 0.050679 -5.102487 0.075704
v 0.050629 -5.102557 0.075748
v 0.019147 -5.111855 -0.066087
v 0.015113 -5.112781 -0.066087
v -0.004157 -5.117697 0.084840
v 0.039766 -5.107423 -0.040018
v 0.044961 -5.106497 0.015269
v 0.041144 -5.109416 0.012301
v 0.045311 -5.108177 0.080379
v 0.041825 -5.111064 0.083415
v 0.040190 -5.112087 0.084840
v 0.039100 -5.112712 0.084840
v 0.030694 -5.115618 0.084840
v 0.031054 -5.111989 -0.051338
v 0.031054 -5.112309 -0.048524
v 0.046730 -5.105005 0.016645
v 0.049535 -5.101140 0.018826
v 0.050004 -5.100459 0.019190
v 0.046425 -5.107292 0.079407
v 0.050141 -5.103132 0.076172
v 0.026674 -5.111117 -0.066087
v 0.008635 -5.113324 -0.066087
v 0.019808 -5.116986 0.084840
v 0.031054 -5.110055 -0.060806
v 0.031054 -5.109305 -0.064457
v 0.029702 -5.109632 -0.066087
v 0.031054 -5.109096 -0.066087
v 0.031054 -5.111217 -0.057215
v 0.040529 -5.106750 -0.039692
v 0.033950 -5.111449 -0.042511
v 0.036897 -5.113830 0.084840
v 0.031054 -5.112599 -0.043753
v 0.031054 -5.111602 -0.055456
v 0.031054 -5.111339 -0.056238
v -0.095304 -5.052097 -0.043753
v 0.031054 -5.052097 -0.066087
v -0.095304 -5.052097 -0.066087
v 0.031054 -5.052097 -0.043753
v -0.105117 -5.052097 0.012084
v -0.104779 -5.052097 -0.039692
v 0.040866 -5.052097 0.012084
v 0.040529 -5.052097 -0.039692
v -0.114931 -5.052097 0.075704
v -0.114254 -5.052097 0.019190
v -0.104440 -5.052097 0.084840
v 0.040190 -5.052097 0.084840
v 0.050679 -5.052097 0.075704
v 0.050004 -5.052097 0.019190
v 0.107704 -5.093828 0.069746
v 0.103741 -5.093916 0.069746
v 0.131996 -5.091930 0.054320
v 0.131996 -5.091547 0.049972
v 0.120560 -5.093255 0.069746
v 0.131996 -5.092404 0.063282
v 0.095457 -5.093792 0.069746
v 0.131996 -5.089749 0.037232
v 0.066972 -5.091964 0.034186
v 0.066972 -5.094993 0.069746
v 0.131996 -5.089523 0.034186
v 0.066972 -5.075547 0.034186
v 0.131996 -5.075547 0.063282
v 0.131996 -5.075547 0.034186
v 0.120560 -5.075547 0.069746
v 0.066972 -5.075547 0.069746
v -0.171959 -5.093828 0.069747
v -0.167993 -5.093916 0.069747
v -0.196250 -5.091930 0.054321
v -0.196250 -5.091547 0.049972
v -0.184815 -5.093255 0.069747
v -0.196250 -5.092404 0.063282
v -0.159710 -5.093792 0.069747
v -0.196250 -5.089749 0.037233
v -0.131228 -5.091964 0.034187
v -0.131228 -5.094993 0.069747
v -0.196250 -5.089523 0.034187
v -0.131228 -5.075547 0.034187
v -0.196250 -5.075547 0.063282
v -0.196250 -5.075547 0.034187
v -0.184815 -5.075547 0.069747
v -0.131228 -5.075547 0.069747
v 0.040836 -5.052196 0.008464
v -0.032004 -5.100551 0.008464
v -0.032004 -5.052196 0.010549
v -0.032004 -5.100551 0.010549
v 0.040836 -5.093811 0.010549
v 0.040836 -5.093811 0.008464
v 0.019355 -5.100551 0.008464
v 0.019355 -5.100551 0.010549
v -0.034089 -5.052196 0.008465
v -0.105089 -5.052196 0.010549
v -0.034089 -5.100551 0.010549
v -0.034089 -5.100551 0.008465
v -0.105085 -5.093840 0.008465
v -0.105089 -5.093837 0.010549
v -0.083695 -5.100551 0.008465
v -0.083695 -5.100551 0.010549
v -0.114254 -5.052097 0.019190
v -0.114931 -5.052097 0.075704
v 0.031054 -5.052097 -0.066087
v -0.095304 -5.052097 -0.066087
v -0.095304 -5.052097 -0.066087
v -0.104440 -5.052097 0.084840
v 0.040190 -5.052097 0.084840
v -0.104440 -5.052097 0.084840
v -0.095304 -5.052097 -0.043753
v -0.104779 -5.052097 -0.039692
v -0.104779 -5.052097 -0.039692
v -0.105117 -5.052097 0.012084
v -0.105117 -5.052097 0.012084
v -0.114254 -5.052097 0.019190
v -0.105117 -5.052097 0.012084
v -0.114931 -5.052097 0.075704
v -0.104440 -5.052097 0.084840
v -0.104440 -5.052097 0.084840
v -0.104440 -5.052097 0.084840
v -0.104440 -5.112319 0.084840
v -0.104440 -5.052097 0.084840
v -0.104440 -5.112319 0.084840
v -0.095304 -5.052097 -0.066087
v -0.095304 -5.052097 -0.043753
v -0.095304 -5.052097 -0.043753
v -0.114254 -5.052097 0.019190
v -0.114254 -5.052097 0.019190
v -0.114254 -5.052097 0.019190
v -0.114254 -5.052097 0.019190
v -0.114931 -5.052097 0.075704
v -0.114931 -5.052097 0.075704
v -0.114931 -5.052097 0.075704
v -0.095304 -5.052097 -0.066087
v -0.095304 -5.052097 -0.066087
v -0.095304 -5.052097 -0.066087
v -0.095304 -5.052097 -0.066087
v -0.095304 -5.109257 -0.066087
v -0.095304 -5.052097 -0.066087
v -0.095304 -5.052097 -0.066087
v -0.104779 -5.052097 -0.039692
v -0.104779 -5.107117 -0.039692
v -0.095304 -5.052097 -0.043753
v -0.105117 -5.052097 0.012084
v -0.105117 -5.052097 0.012084
v -0.114931 -5.052097 0.075704
v -0.095304 -5.052097 -0.043753
v -0.095304 -5.112771 -0.043753
v -0.095304 -5.052097 -0.043753
v -0.095304 -5.052097 -0.066087
v -0.095304 -5.052097 -0.066087
v -0.095304 -5.052097 -0.066087
v 0.050679 -5.052097 0.075704
v 0.050004 -5.052097 0.019190
v 0.040190 -5.052097 0.084840
v 0.050679 -5.052097 0.075704
v 0.050679 -5.052097 0.075704
v 0.031054 -5.052097 -0.066087
v 0.040190 -5.052097 0.084840
v 0.040866 -5.052097 0.012084
v 0.040529 -5.052097 -0.039692
v 0.040866 -5.052097 0.012084
v 0.050004 -5.052097 0.019190
v 0.040866 -5.052097 0.012084
v 0.040866 -5.052097 0.012084
v 0.040190 -5.052097 0.084840
v 0.040190 -5.052097 0.084840
v 0.040190 -5.052097 0.084840
v 0.040190 -5.112087 0.084840
v 0.040190 -5.112087 0.084840
v 0.031054 -5.052097 -0.043753
v 0.050004 -5.052097 0.019190
v 0.050004 -5.052097 0.019190
v 0.050004 -5.052097 0.019190
v 0.050004 -5.052097 0.019190
v 0.050679 -5.052097 0.075704
v 0.031054 -5.052097 -0.066087
v 0.031054 -5.052097 -0.066087
v 0.031054 -5.052097 -0.066087
v 0.031054 -5.052097 -0.043753
v 0.031054 -5.052097 -0.066087
v 0.031054 -5.052097 -0.066087
v 0.031054 -5.052097 -0.066087
v 0.031054 -5.052097 -0.066087
v 0.031054 -5.109096 -0.066087
v 0.031054 -5.052097 -0.066087
v 0.031054 -5.052097 -0.043753
v 0.040529 -5.106750 -0.039692
v 0.040529 -5.052097 -0.039692
v 0.040529 -5.052097 -0.039692
v 0.031054 -5.052097 -0.043753
v 0.040529 -5.052097 -0.039692
v 0.040190 -5.052097 0.084840
v 0.031054 -5.052097 -0.043753
v 0.031054 -5.112599 -0.043753
v 0.031054 -5.052097 -0.043753
v 0.031054 -5.052097 -0.043753
v 0.031054 -5.052097 -0.043753
v 0.031054 -5.052097 -0.043753
v 0.120560 -5.075547 0.069746
v 0.131996 -5.075547 0.063282
v 0.131996 -5.075547 0.034186
v 0.131996 -5.075547 0.034186
v 0.120560 -5.075547 0.069746
v 0.120560 -5.093255 0.069746
v 0.120560 -5.075547 0.069746
v 0.131996 -5.075547 0.063282
v 0.131996 -5.075547 0.063282
v 0.120560 -5.093255 0.069746
v 0.131996 -5.075547 0.063282
v 0.120560 -5.075547 0.069746
v 0.131996 -5.075547 0.034186
v 0.066972 -5.075547 0.034186
v 0.066972 -5.075547 0.069746
v 0.066972 -5.075547 0.069746
v 0.120560 -5.075547 0.069746
v 0.066972 -5.075547 0.069746
v 0.066972 -5.094993 0.069746
v 0.131996 -5.075547 0.034186
v 0.066972 -5.075547 0.034186
v 0.066972 -5.075547 0.034186
v 0.066972 -5.091964 0.034186
v 0.120560 -5.075547 0.069746
v 0.131996 -5.075547 0.034186
v 0.131996 -5.089523 0.034186
v -0.184815 -5.075547 0.069747
v -0.196250 -5.075547 0.034187
v -0.196250 -5.075547 0.063282
v -0.196250 -5.075547 0.034187
v -0.184815 -5.075547 0.069747
v -0.184815 -5.075547 0.069747
v -0.184815 -5.093255 0.069747
v -0.196250 -5.075547 0.063282
v -0.196250 -5.075547 0.063282
v -0.184815 -5.093255 0.069747
v -0.196250 -5.075547 0.063282
v -0.184815 -5.075547 0.069747
v -0.196250 -5.075547 0.034187
v -0.131228 -5.075547 0.034187
v -0.131228 -5.075547 0.069747
v -0.184815 -5.075547 0.069747
v -0.131228 -5.075547 0.069747
v -0.131228 -5.094993 0.069747
v -0.131228 -5.075547 0.069747
v -0.131228 -5.075547 0.034187
v -0.196250 -5.075547 0.034187
v -0.131228 -5.075547 0.034187
v -0.131228 -5.091964 0.034187
v -0.184815 -5.075547 0.069747
v -0.196250 -5.089523 0.034187
v -0.196250 -5.075547 0.034187
v -0.032004 -5.100551 0.008464
v -0.032004 -5.052196 0.010549
v 0.040836 -5.052196 0.008464
v 0.040836 -5.093811 0.010549
v 0.040836 -5.093811 0.008464
v 0.040836 -5.093811 0.008464
v -0.032004 -5.100551 0.008464
v 0.019355 -5.100551 0.008464
v -0.032004 -5.100551 0.010549
v -0.032004 -5.100551 0.010549
v -0.032004 -5.100551 0.010549
v 0.019355 -5.100551 0.010549
v -0.032004 -5.100551 0.010549
v 0.019355 -5.100551 0.008464
v 0.040836 -5.093811 0.008464
v 0.040836 -5.093811 0.010549
v 0.019355 -5.100551 0.010549
v 0.019355 -5.100551 0.010549
v 0.019355 -5.100551 0.008464
v 0.040836 -5.093811 0.008464
v -0.034089 -5.052196 0.008465
v -0.105089 -5.052196 0.010549
v -0.105085 -5.093840 0.008465
v -0.105089 -5.093837 0.010549
v -0.034089 -5.052196 0.008465
v -0.034089 -5.052196 0.008465
v -0.034089 -5.100551 0.008465
v -0.034089 -5.100551 0.008465
v -0.083695 -5.100551 0.008465
v -0.034089 -5.100551 0.008465
v -0.034089 -5.100551 0.010549
v -0.034089 -5.052196 0.008465
v -0.105089 -5.093837 0.010549
v -0.034089 -5.100551 0.010549
v -0.034089 -5.100551 0.010549
v -0.083695 -5.100551 0.008465
v -0.105089 -5.093837 0.010549
v -0.083695 -5.100551 0.010549
v -0.034089 -5.100551 0.010549
v -0.105085 -5.093840 0.008465
v -0.083695 -5.100551 0.008465
v -0.105085 -5.093840 0.008465
v -0.105089 -5.093837 0.010549
vt -0.183982 -1.276831
vt 1.184000 -0.750947
vt 1.184000 -1.276831
vt -0.183982 -0.750947
vt 1.290236 0.563755
vt 1.286583 -0.655340
vt -0.290217 0.563755
vt -0.286565 -0.655340
vt 1.396498 2.061699
vt 1.389167 0.731067
vt 1.282905 2.276845
vt -0.282886 2.276845
vt -0.396452 2.061700
vt -0.389148 0.731068
vt 2.061699 1.388406
vt 1.385776 0.028155
vt 0.731067 1.388406
vt -0.183982 1.388406
vt 1.184000 1.388406
vt 0.907187 -0.275332
vt 1.059477 -0.222653
vt 1.282905 1.388406
vt -0.282886 1.388406
vt 0.502198 -0.388432
vt 0.807182 -0.380173
vt 1.286583 1.388406
vt 1.282770 -0.103393
vt -0.655340 1.388406
vt 0.563755 1.388406
vt -0.655340 -0.094942
vt 0.647506 -0.077062
vt 0.581509 -0.152411
vt 2.276845 1.388406
vt 2.171440 -0.131538
vt 2.235101 -0.200886
vt 2.276845 -0.235175
vt 1.282905 -0.235175
vt 1.275493 -0.245775
vt 1.184484 -0.324116
vt -1.276831 1.388406
vt -0.750947 1.388406
vt -0.940132 -0.229466
vt -0.863331 -0.239480
vt 0.678679 -0.038367
vt 0.730878 0.067518
vt 0.731067 0.067911
vt 2.065466 0.011219
vt 2.140515 -0.099297
vt 2.061699 0.017062
vt 1.140953 -0.202767
vt 1.066621 -0.360989
vt 1.173742 -0.162743
vt -1.249951 -0.156557
vt -1.157921 -0.178207
vt 1.184000 -0.152620
vt -1.276831 -0.152620
vt -1.082682 -0.206077
vt 1.286583 -0.094942
vt 1.219851 -0.211895
vt 0.563755 -0.168854
vt 1.251646 -0.275892
vt -0.750947 -0.247346
vt 1.184000 -0.247346
vt -1.026220 -0.220229
vt -1.051334 -0.210557
vt 2.061700 1.388406
vt 0.731068 1.388406
vt 1.461862 0.039381
vt 2.062766 0.028004
vt 2.061700 0.029894
vt -0.055081 -0.222653
vt -0.011416 -0.247630
vt 0.197214 -0.380173
vt -0.655340 -0.085020
vt 0.568851 -0.156908
vt 0.638746 -0.078207
vt 2.171806 -0.123497
vt 2.276845 -0.228922
vt 2.243278 -0.201354
vt -0.282886 -0.228922
vt -0.271097 -0.245775
vt -0.180088 -0.324116
vt -0.863287 -0.234891
vt -0.929546 -0.226256
vt 0.671145 -0.037983
vt 0.722512 0.066214
vt 0.731068 0.084579
vt 2.148911 -0.099631
vt 2.072753 0.012515
vt -0.136557 -0.202767
vt 0.058727 -0.262250
vt -0.062225 -0.360989
vt -1.152503 -0.174137
vt -1.238459 -0.153916
vt -0.169346 -0.162743
vt -1.276831 -0.148290
vt -0.183982 -0.148290
vt -1.067935 -0.205467
vt -0.286565 -0.085020
vt -0.286565 1.388406
vt -0.278321 -0.103192
vt -0.215348 -0.211728
vt -0.247250 -0.275892
vt -0.183982 -0.242723
vt -0.750947 -0.242723
vt -1.026497 -0.215857
vt -1.044923 -0.208752
vt -1.276815 1.769228
vt -0.572858 1.084164
vt -1.276815 1.084164
vt -1.153017 1.921443
vt -0.572858 1.921443
vt -0.970918 0.260974
vt -1.153017 0.756187
vt -1.013831 0.263348
vt 1.769228 0.756187
vt 1.084164 0.756187
vt 1.558229 0.314514
vt 1.455832 0.324838
vt -1.153017 0.278779
vt 1.921443 0.278779
vt 1.921443 0.756187
vt 1.769228 0.301725
vt -0.881225 0.264301
vt 1.155869 0.373296
vt 1.084164 0.313595
vt -0.572858 0.756187
vt -0.572858 0.231934
vt 1.921443 0.231934
vt -1.276815 0.756187
vt -1.276815 0.379415
vt -0.572858 0.313595
vt 1.084164 0.379415
vt 1.572904 1.084177
vt 2.276861 1.769241
vt 2.276861 1.084177
vt 2.153063 1.921456
vt 1.572904 1.921457
vt 2.153063 0.756195
vt 1.970964 0.260974
vt 2.013877 0.263348
vt 1.084177 0.756195
vt 1.769241 0.756195
vt 1.558242 0.314514
vt 1.455845 0.324838
vt 2.153063 0.278779
vt 1.921456 0.756195
vt 1.921456 0.278779
vt 1.769241 0.301725
vt 1.881271 0.264301
vt 1.155883 0.373296
vt 1.084177 0.313595
vt 1.921457 0.756195
vt 1.572904 0.756195
vt 1.572904 0.231943
vt 1.921457 0.231943
vt 2.276861 0.756195
vt 2.276861 0.379415
vt 1.572904 0.313595
vt 1.084177 0.379415
vt 0.498707 1.385740
vt -0.289895 1.385740
vt 0.498707 0.082097
vt 0.478514 0.082097
vt 0.527617 0.082097
vt 0.527617 1.385740
vt -0.289895 0.263799
vt 0.478515 0.263799
vt 0.478515 1.385740
vt 0.527603 0.263799
vt -0.057337 0.082097
vt 0.498707 0.478514
vt -0.057337 0.478514
vt 0.498707 0.527617
vt -0.057337 0.527603
vt -0.289895 0.478515
vt -0.289895 0.527603
vt 0.478529 0.082097
vt 0.478529 1.385748
vt 1.289887 0.263030
vt 1.289940 1.385748
vt 0.521264 1.385748
vt 0.527617 0.263089
vt 0.527617 1.385748
vt 0.478529 0.263030
vt 1.289940 0.263089
vt 0.521264 0.082097
vt 1.058322 0.082097
vt 1.058322 0.478529
vt 0.521264 0.478529
vt 0.521264 0.527617
vt 1.058322 0.527617
vt 1.289887 0.478529
vt 1.289940 0.527617
usemtl B747line
s off
f 8527/4681 8526/4682 8528/4683
f 8529/4684 8526/4682 8527/4681
f 8526/4682 8530/4685 8531/4686
f 8529/4684 8530/4685 8526/4682
f 8532/4687 8529/4684 8533/4688
f 8532/4687 8530/4685 8529/4684
f 8530/4685 8534/4689 8535/4690
f 8532/4687 8534/4689 8530/4685
f 8532/4687 8536/4691 8534/4689
f 8532/4687 8537/4692 8536/4691
f 8532/4687 8538/4693 8537/4692
f 8532/4687 8539/4694 8538/4693
f 8589/4695 8456/4696 8588/4697
f 8590/4698 8591/4699 8476/4700
f 8476/4700 8592/4699 8457/4701
f 8593/4702 8594/4703 8477/4704
f 8595/4702 8477/4704 8458/4705
f 8596/4699 8597/4706 8459/4707
f 8598/4708 8599/4709 8484/4710
f 8600/4709 8601/4697 8460/4711
f 8602/4709 8460/4711 8461/4712
f 8603/4695 8604/4713 8462/4714
f 8462/4714 8605/4713 8463/4715
f 8606/4713 8464/4716 8463/4715
f 8607/4717 8608/4702 8458/4705
f 8609/4717 8458/4705 8465/4718
f 8465/4718 8458/4705 8466/4719
f 8610/4720 8611/4721 8467/4722
f 8467/4722 8612/4721 8468/4723
f 8460/4711 8613/4697 8469/4724
f 8469/4724 8614/4697 8470/4725
f 8615/4697 8471/4726 8470/4725
f 8616/4697 8456/4696 8471/4726
f 8472/4727 8617/4695 8473/4728
f 8474/4729 8456/4696 8618/4695
f 8474/4729 8619/4695 8472/4727
f 8457/4701 8620/4699 8475/4730
f 8466/4719 8458/4705 8478/4731
f 8475/4730 8621/4699 8479/4732
f 8480/4733 8622/4720 8481/4734
f 8623/4699 8482/4735 8479/4732
f 8624/4736 8625/4720 8480/4733
f 8481/4734 8626/4720 8483/4737
f 8627/4706 8628/4738 8459/4707
f 8629/4699 8459/4707 8485/4739
f 8484/4710 8630/4709 8486/4740
f 8486/4740 8631/4709 8461/4712
f 8632/4695 8462/4714 8473/4728
f 8465/4718 8466/4719 8487/4741
f 8633/4721 8488/4742 8468/4723
f 8634/4743 8635/4699 8485/4739
f 8636/4720 8467/4722 8489/4744
f 8637/4720 8489/4744 8490/4745
f 8483/4737 8638/4720 8490/4745
f 8639/4746 8640/4747 8491/4748
f 8641/4713 8642/4746 8493/4749
f 8643/4746 8492/4750 8493/4749
f 8494/4751 8644/4698 8495/4752
f 8477/4704 8645/4703 8496/4753
f 8646/4709 8647/4708 8520/4754
f 8648/4709 8520/4754 8499/4755
f 8649/4747 8650/4709 8498/4756
f 8498/4756 8651/4709 8499/4755
f 8652/4713 8493/4749 8500/4757
f 8502/4758 8653/4713 8501/4759
f 8654/4703 8655/4760 8496/4753
f 8496/4753 8656/4760 8503/4761
f 8496/4753 8503/4761 8504/4762
f 8506/4763 8657/4721 8505/4764
f 8658/4747 8498/4756 8507/4765
f 8507/4765 8508/4766 8659/4747
f 8660/4747 8509/4767 8491/4748
f 8509/4767 8661/4747 8508/4766
f 8500/4757 8493/4749 8510/4768
f 8510/4768 8493/4749 8511/4769
f 8662/4746 8491/4748 8492/4750
f 8663/4698 8494/4751 8512/4770
f 8495/4752 8664/4698 8513/4771
f 8513/4771 8665/4698 8476/4700
f 8496/4753 8504/4762 8514/4772
f 8666/4721 8667/4720 8515/4773
f 8515/4773 8668/4720 8516/4774
f 8512/4770 8517/4775 8669/4698
f 8670/4720 8518/4776 8516/4774
f 8671/4777 8672/4698 8517/4775
f 8673/4721 8515/4773 8519/4778
f 8674/4779 8675/4780 8497/4781
f 8676/4780 8677/4698 8521/4782
f 8678/4780 8521/4782 8497/4781
f 8679/4713 8500/4757 8501/4759
f 8504/4762 8503/4761 8522/4783
f 8680/4698 8523/4784 8521/4782
f 8681/4785 8682/4721 8506/4763
f 8505/4764 8683/4721 8524/4786
f 8684/4721 8519/4778 8525/4787
f 8524/4786 8685/4721 8525/4787
f 8552/4788 8551/4789 8553/4790
f 8554/4791 8551/4789 8552/4788
f 8555/4792 8551/4789 8554/4791
f 8541/4793 8686/4794 8540/4795
f 8687/4796 8688/4797 8542/4798
f 8542/4798 8689/4797 8543/4799
f 8690/4794 8544/4800 8540/4795
f 8691/4801 8692/4802 8693/4796
f 8542/4798 8545/4803 8694/4796
f 8545/4803 8695/4801 8696/4796
f 8697/4794 8541/4793 8546/4804
f 8543/4799 8698/4797 8547/4805
f 8548/4806 8699/4797 8700/4802
f 8701/4807 8702/4794 8549/4808
f 8703/4802 8704/4809 8548/4806
f 8705/4810 8706/4807 8550/4811
f 8550/4811 8707/4807 8708/4812
f 8549/4808 8709/4794 8546/4804
f 8710/4797 8711/4813 8547/4805
f 8567/4814 8568/4815 8569/4816
f 8567/4814 8570/4817 8568/4815
f 8567/4814 8571/4818 8570/4817
f 8712/4819 8557/4820 8556/4821
f 8713/4822 8714/4823 8558/4824
f 8715/4822 8558/4824 8559/4825
f 8560/4826 8716/4819 8556/4821
f 8717/4827 8718/4828 8719/4823
f 8561/4829 8558/4824 8720/4823
f 8721/4828 8561/4829 8722/4823
f 8557/4820 8723/4819 8562/4830
f 8724/4822 8559/4825 8563/4831
f 8725/4822 8564/4832 8726/4833
f 8727/4819 8728/4834 8565/4835
f 8729/4836 8730/4833 8564/4832
f 8731/4834 8732/4837 8566/4838
f 8733/4834 8566/4838 8734/4839
f 8735/4819 8565/4835 8562/4830
f 8736/4840 8737/4822 8563/4831
f 8574/4841 8572/4842 8573/4843
f 8738/4844 8575/4845 8739/4846
f 8576/4847 8572/4842 8574/4841
f 8577/4848 8740/4849 8741/4850
f 8572/4842 8742/4847 8573/4843
f 8578/4851 8573/4843 8743/4847
f 8744/4852 8745/4853 8746/4854
f 8576/4847 8574/4841 8747/4843
f 8579/4851 8576/4847 8748/4843
f 8749/4855 8750/4854 8751/4853
f 8752/4856 8753/4857 8754/4855
f 8755/4855 8756/4853 8757/4856
f 8582/4845 8583/4858 8580/4859
f 8584/4860 8581/4861 8758/4862
f 8585/4863 8759/4864 8760/4865
f 8581/4861 8761/4866 8762/4862
f 8584/4860 8763/4862 8764/4867
f 8765/4867 8586/4868 8584/4860
f 8766/4869 8767/4870 8768/4871
f 8769/4862 8770/4866 8771/4867
f 8772/4871 8587/4872 8773/4869
f 8774/4866 8775/4868 8776/4867
f 8777/4873 8778/4869 8587/4872
f 8779/4873 8587/4872 8780/4874
o B747taiB_B747blck
v -0.037500 -4.948174 -0.892545
v -0.037825 -4.949828 -0.892266
v -0.039360 -4.947105 -0.892461
v -0.039851 -4.949747 -0.892019
v -0.035370 -4.944977 -0.882112
v -0.037268 -4.943460 -0.885922
v -0.032343 -4.942736 -0.882907
v -0.029287 -4.944977 -0.882112
v -0.027389 -4.943460 -0.885922
v -0.028439 -4.949775 -0.880658
v -0.026006 -4.951254 -0.884468
v -0.027089 -4.953386 -0.884356
v -0.037568 -4.953386 -0.884356
v -0.036220 -4.949775 -0.880658
v -0.038653 -4.951254 -0.884468
v -0.040259 -4.948977 -0.888655
v -0.035562 -4.939807 -0.890253
v -0.032356 -4.938299 -0.890528
v -0.029093 -4.939807 -0.890253
v -0.026042 -4.954582 -0.888166
v -0.035796 -4.955984 -0.888506
v -0.038617 -4.954582 -0.888166
v -0.039917 -4.952024 -0.888278
v -0.038257 -4.942670 -0.893542
v -0.026401 -4.942670 -0.893542
v -0.024742 -4.952024 -0.892088
v -0.026042 -4.954582 -0.891976
v -0.032356 -4.956514 -0.892594
v -0.038617 -4.954582 -0.891976
v -0.037529 -4.943252 -0.897352
v -0.032351 -4.939417 -0.898147
v -0.027129 -4.943252 -0.897352
v -0.025373 -4.948783 -0.896275
v -0.035370 -4.954931 -0.896127
v -0.037845 -4.953701 -0.895786
v -0.038985 -4.951458 -0.895899
v -0.029487 -4.954436 -0.896163
v -0.027153 -4.953314 -0.895922
v -0.036404 -4.943831 -0.893309
v -0.032204 -4.940732 -0.894290
v -0.028056 -4.943981 -0.894350
v -0.026698 -4.948577 -0.893862
v -0.027843 -4.952553 -0.893144
v -0.029770 -4.953453 -0.892769
v -0.036698 -4.952394 -0.892039
v -0.037632 -4.950569 -0.892184
v 0.523810 -5.112216 -0.173920
v 0.527111 -5.098934 -0.124949
v 0.525655 -5.108729 -0.167952
v 0.532960 -5.101977 -0.124949
v 0.536711 -5.107365 -0.124949
v 0.524746 -5.111864 -0.173574
v 0.537507 -5.113864 -0.124949
v 0.533183 -5.113344 -0.153860
v 0.535166 -5.119987 -0.124949
v 0.524633 -5.112779 -0.173574
v 0.530069 -5.119222 -0.153860
v 0.526444 -5.115163 -0.167952
v 0.530222 -5.124328 -0.124949
v 0.523810 -5.125896 -0.124949
v 0.523810 -5.121576 -0.153860
v 0.523810 -5.113208 -0.173574
v 0.522858 -5.116038 -0.167952
v 0.517397 -5.124328 -0.124949
v 0.517549 -5.119222 -0.153860
v 0.512455 -5.119987 -0.124949
v 0.522985 -5.112779 -0.173574
v 0.510111 -5.113864 -0.124949
v 0.514436 -5.113344 -0.153860
v 0.510908 -5.107365 -0.124949
v 0.522874 -5.111864 -0.173574
v 0.516039 -5.106898 -0.153860
v 0.520541 -5.109979 -0.167952
v 0.514660 -5.101977 -0.124949
v 0.520507 -5.098934 -0.124949
v 0.521550 -5.103128 -0.153860
v 0.523571 -5.111252 -0.173574
v 0.528907 -5.082308 -0.022284
v 0.519111 -5.082241 -0.020099
v 0.523811 -5.107633 -0.021446
v 0.537261 -5.085578 -0.022284
v 0.528080 -5.082165 -0.020099
v 0.543993 -5.091509 -0.022284
v 0.536533 -5.085161 -0.020099
v 0.548291 -5.099384 -0.022284
v 0.543452 -5.090868 -0.020099
v 0.549636 -5.108254 -0.022284
v 0.548000 -5.098596 -0.020099
v 0.547866 -5.117049 -0.022284
v 0.549632 -5.107415 -0.020099
v 0.543194 -5.124708 -0.022284
v 0.548149 -5.116260 -0.020099
v 0.536183 -5.130308 -0.022284
v 0.543730 -5.124064 -0.020099
v 0.527683 -5.133173 -0.022284
v 0.536910 -5.129886 -0.020099
v 0.518715 -5.132957 -0.022284
v 0.528508 -5.133024 -0.020099
v 0.510361 -5.129686 -0.022284
v 0.519541 -5.133100 -0.020099
v 0.503629 -5.123756 -0.022284
v 0.511088 -5.130104 -0.020099
v 0.499330 -5.115881 -0.022284
v 0.504169 -5.124397 -0.020099
v 0.497986 -5.107011 -0.022284
v 0.499619 -5.116668 -0.020099
v 0.499757 -5.098216 -0.022284
v 0.497988 -5.107850 -0.020099
v 0.504427 -5.090557 -0.022284
v 0.499471 -5.099005 -0.020099
v 0.511436 -5.084957 -0.022284
v 0.503890 -5.091201 -0.020099
v 0.519938 -5.082092 -0.022284
v 0.510713 -5.085379 -0.020099
v 0.514127 -5.083735 -0.004589
v 0.510649 -5.087301 -0.000929
v 0.505919 -5.089304 -0.005021
v 0.504115 -5.093812 -0.001498
v 0.500435 -5.097600 -0.005664
v 0.500575 -5.102318 -0.002243
v 0.498508 -5.107333 -0.006418
v 0.500575 -5.111526 -0.003048
v 0.500435 -5.117025 -0.007169
v 0.510649 -5.126544 -0.004362
v 0.509754 -5.128357 -0.008048
v 0.523810 -5.132607 -0.008378
v 0.528430 -5.130067 -0.004671
v 0.537866 -5.128357 -0.008048
v 0.543507 -5.120032 -0.003792
v 0.547185 -5.117025 -0.007169
v 0.547044 -5.111526 -0.003048
v 0.549110 -5.107333 -0.006418
v 0.547044 -5.102318 -0.002243
v 0.547185 -5.097600 -0.005664
v 0.543507 -5.093812 -0.001498
v 0.541700 -5.089304 -0.005021
v 0.528746 -5.082269 -0.004474
v 0.513547 -5.082434 -0.004489
v 0.509858 -5.086247 -0.000837
v 0.504846 -5.088343 -0.004946
v 0.502932 -5.093149 -0.001441
v 0.499032 -5.097139 -0.005628
v 0.499183 -5.102166 -0.002229
v 0.496993 -5.107458 -0.006428
v 0.499183 -5.111926 -0.003083
v 0.499032 -5.117730 -0.007224
v 0.502932 -5.120944 -0.003873
v 0.504846 -5.126415 -0.007897
v 0.509858 -5.127845 -0.004476
v 0.513547 -5.132211 -0.008347
v 0.518911 -5.131580 -0.004803
v 0.523810 -5.134245 -0.008505
v 0.528708 -5.131580 -0.004803
v 0.534072 -5.132211 -0.008347
v 0.537761 -5.127845 -0.004476
v 0.542774 -5.126415 -0.007897
v 0.544688 -5.120944 -0.003873
v 0.548588 -5.117730 -0.007224
v 0.548438 -5.111926 -0.003083
v 0.550629 -5.107458 -0.006428
v 0.548438 -5.102166 -0.002229
v 0.548588 -5.097139 -0.005628
v 0.544688 -5.093149 -0.001441
v 0.542774 -5.088343 -0.004946
v 0.528708 -5.082512 -0.000510
v 0.529041 -5.080878 -0.004367
v 0.296299 -5.132439 0.021529
v 0.299600 -5.119157 0.070499
v 0.298144 -5.128953 0.027497
v 0.305449 -5.122200 0.070499
v 0.309199 -5.127588 0.070499
v 0.297233 -5.132087 0.021874
v 0.309997 -5.134088 0.070499
v 0.305671 -5.133567 0.041590
v 0.307654 -5.140210 0.070499
v 0.297122 -5.133003 0.021874
v 0.302560 -5.139445 0.041590
v 0.298932 -5.135386 0.027497
v 0.302710 -5.144551 0.070499
v 0.296299 -5.146119 0.070499
v 0.296299 -5.141799 0.041590
v 0.296299 -5.133431 0.021874
v 0.295347 -5.136262 0.027497
v 0.289885 -5.144551 0.070499
v 0.290038 -5.139445 0.041590
v 0.284943 -5.140210 0.070499
v 0.295475 -5.133003 0.021874
v 0.282600 -5.134088 0.070499
v 0.286924 -5.133567 0.041590
v 0.283396 -5.127588 0.070499
v 0.295361 -5.132087 0.021874
v 0.288527 -5.127121 0.041590
v 0.293030 -5.130202 0.027497
v 0.287149 -5.122200 0.070499
v 0.292996 -5.119157 0.070499
v 0.294038 -5.123351 0.041590
v 0.296058 -5.131475 0.021874
v 0.301394 -5.102531 0.173165
v 0.291599 -5.102464 0.175350
v 0.296299 -5.127856 0.174002
v 0.309749 -5.105802 0.173165
v 0.300569 -5.102388 0.175350
v 0.316482 -5.111732 0.173165
v 0.309021 -5.105385 0.175350
v 0.320780 -5.119607 0.173165
v 0.315940 -5.111091 0.175350
v 0.322124 -5.128478 0.173165
v 0.320490 -5.118820 0.175350
v 0.320354 -5.137273 0.173165
v 0.322121 -5.127639 0.175350
v 0.315682 -5.144932 0.173165
v 0.320640 -5.136483 0.175350
v 0.308672 -5.150531 0.173165
v 0.316219 -5.144288 0.175350
v 0.300171 -5.153396 0.173165
v 0.309397 -5.150110 0.175350
v 0.291202 -5.153181 0.173165
v 0.300997 -5.153248 0.175350
v 0.282849 -5.149910 0.173165
v 0.292030 -5.153324 0.175350
v 0.276116 -5.143980 0.173165
v 0.283577 -5.150327 0.175350
v 0.271819 -5.136105 0.173165
v 0.276657 -5.144620 0.175350
v 0.270474 -5.127234 0.173165
v 0.272108 -5.136892 0.175350
v 0.272244 -5.118439 0.173165
v 0.270479 -5.128073 0.175350
v 0.276915 -5.110780 0.173165
v 0.271960 -5.119229 0.175350
v 0.283924 -5.105180 0.173165
v 0.276377 -5.111424 0.175350
v 0.292427 -5.102316 0.173165
v 0.283199 -5.105602 0.175350
v 0.286616 -5.103958 0.190861
v 0.283138 -5.107524 0.194520
v 0.278407 -5.109527 0.190429
v 0.276602 -5.114035 0.193951
v 0.272922 -5.117822 0.189786
v 0.273063 -5.122542 0.193206
v 0.270997 -5.127556 0.189031
v 0.273063 -5.131749 0.192401
v 0.272922 -5.137249 0.188279
v 0.283138 -5.146767 0.191086
v 0.282241 -5.148581 0.187401
v 0.296299 -5.152832 0.187072
v 0.300921 -5.150290 0.190779
v 0.310354 -5.148581 0.187401
v 0.315994 -5.140256 0.191656
v 0.319672 -5.137249 0.188279
v 0.319532 -5.131749 0.192401
v 0.321599 -5.127556 0.189031
v 0.319532 -5.122542 0.193206
v 0.319672 -5.117822 0.189786
v 0.315994 -5.114035 0.193951
v 0.314188 -5.109527 0.190429
v 0.301233 -5.102492 0.190974
v 0.286035 -5.102657 0.190961
v 0.282349 -5.106471 0.194612
v 0.277333 -5.108566 0.190503
v 0.275419 -5.113372 0.194008
v 0.271522 -5.117363 0.189821
v 0.271671 -5.122390 0.193219
v 0.269480 -5.127682 0.189021
v 0.271671 -5.132150 0.192365
v 0.271522 -5.137954 0.188225
v 0.275419 -5.141167 0.191576
v 0.277333 -5.146638 0.187551
v 0.282349 -5.148069 0.190972
v 0.286035 -5.152434 0.187102
v 0.291399 -5.151804 0.190646
v 0.296299 -5.154469 0.186944
v 0.301196 -5.151804 0.190647
v 0.306561 -5.152434 0.187102
v 0.310249 -5.148069 0.190972
v 0.315261 -5.146638 0.187551
v 0.317175 -5.141167 0.191576
v 0.321075 -5.137954 0.188225
v 0.320924 -5.132150 0.192365
v 0.323118 -5.127682 0.189021
v 0.320924 -5.122390 0.193219
v 0.321075 -5.117363 0.189821
v 0.317175 -5.113372 0.194008
v 0.315261 -5.108566 0.190503
v 0.301196 -5.102736 0.194939
v 0.301529 -5.101102 0.191082
v -0.360956 -5.132439 0.021529
v -0.364259 -5.119157 0.070499
v -0.362801 -5.128953 0.027497
v -0.370106 -5.122200 0.070499
v -0.373859 -5.127588 0.070499
v -0.361893 -5.132087 0.021874
v -0.374654 -5.134088 0.070499
v -0.370328 -5.133567 0.041590
v -0.372312 -5.140210 0.070499
v -0.361779 -5.133003 0.021874
v -0.367217 -5.139445 0.041590
v -0.363590 -5.135386 0.027497
v -0.367370 -5.144551 0.070499
v -0.360956 -5.146119 0.070499
v -0.360956 -5.141799 0.041590
v -0.360956 -5.133431 0.021874
v -0.360006 -5.136262 0.027497
v -0.354545 -5.144551 0.070499
v -0.354695 -5.139445 0.041590
v -0.349600 -5.140210 0.070499
v -0.360132 -5.133003 0.021874
v -0.347259 -5.134088 0.070499
v -0.351584 -5.133567 0.041590
v -0.348054 -5.127588 0.070499
v -0.360020 -5.132087 0.021874
v -0.353185 -5.127121 0.041590
v -0.357689 -5.130202 0.027497
v -0.351806 -5.122200 0.070499
v -0.357654 -5.119157 0.070499
v -0.358696 -5.123351 0.041590
v -0.360717 -5.131475 0.021874
v -0.366053 -5.102531 0.173165
v -0.356257 -5.102464 0.175350
v -0.360956 -5.127856 0.174002
v -0.374406 -5.105802 0.173165
v -0.365226 -5.102388 0.175350
v -0.381139 -5.111732 0.173165
v -0.373678 -5.105385 0.175350
v -0.385437 -5.119607 0.173165
v -0.380598 -5.111091 0.175350
v -0.386781 -5.128478 0.173165
v -0.385148 -5.118820 0.175350
v -0.385010 -5.137273 0.173165
v -0.386779 -5.127639 0.175350
v -0.380340 -5.144932 0.173165
v -0.385296 -5.136483 0.175350
v -0.373331 -5.150531 0.173165
v -0.380878 -5.144288 0.175350
v -0.364828 -5.153396 0.173165
v -0.374056 -5.150110 0.175350
v -0.355860 -5.153181 0.173165
v -0.365656 -5.153248 0.175350
v -0.347506 -5.149910 0.173165
v -0.356689 -5.153324 0.175350
v -0.340773 -5.143980 0.173165
v -0.348234 -5.150327 0.175350
v -0.336478 -5.136105 0.173165
v -0.341315 -5.144620 0.175350
v -0.335132 -5.127234 0.173165
v -0.336767 -5.136892 0.175350
v -0.336901 -5.118439 0.173165
v -0.335134 -5.128073 0.175350
v -0.341573 -5.110780 0.173165
v -0.336618 -5.119229 0.175350
v -0.348582 -5.105180 0.173165
v -0.341035 -5.111424 0.175350
v -0.357085 -5.102316 0.173165
v -0.347857 -5.105602 0.175350
v -0.351275 -5.103958 0.190861
v -0.347796 -5.107524 0.194520
v -0.343065 -5.109527 0.190429
v -0.341259 -5.114035 0.193951
v -0.337582 -5.117822 0.189786
v -0.337723 -5.122542 0.193206
v -0.335656 -5.127556 0.189031
v -0.337723 -5.131749 0.192401
v -0.337582 -5.137249 0.188279
v -0.347796 -5.146767 0.191086
v -0.346901 -5.148581 0.187401
v -0.360956 -5.152832 0.187072
v -0.365578 -5.150290 0.190779
v -0.375012 -5.148581 0.187401
v -0.380653 -5.140256 0.191656
v -0.384331 -5.137249 0.188279
v -0.384189 -5.131749 0.192401
v -0.386257 -5.127556 0.189031
v -0.384189 -5.122542 0.193206
v -0.384331 -5.117822 0.189786
v -0.380653 -5.114035 0.193951
v -0.378845 -5.109527 0.190429
v -0.365892 -5.102492 0.190974
v -0.350693 -5.102657 0.190961
v -0.347006 -5.106471 0.194612
v -0.341993 -5.108566 0.190503
v -0.340079 -5.113372 0.194008
v -0.336179 -5.117363 0.189821
v -0.336328 -5.122390 0.193219
v -0.334137 -5.127682 0.189021
v -0.336328 -5.132150 0.192365
v -0.336179 -5.137954 0.188225
v -0.340079 -5.141167 0.191576
v -0.341993 -5.146638 0.187551
v -0.347006 -5.148069 0.190972
v -0.350693 -5.152434 0.187102
v -0.356057 -5.151804 0.190646
v -0.360956 -5.154469 0.186944
v -0.365856 -5.151804 0.190647
v -0.371220 -5.152434 0.187102
v -0.374906 -5.148069 0.190972
v -0.379921 -5.146638 0.187551
v -0.381834 -5.141167 0.191576
v -0.385734 -5.137954 0.188225
v -0.385584 -5.132150 0.192365
v -0.387775 -5.127682 0.189021
v -0.385584 -5.122390 0.193219
v -0.385734 -5.117363 0.189821
v -0.381834 -5.113372 0.194008
v -0.379921 -5.108566 0.190503
v -0.365856 -5.102736 0.194939
v -0.366189 -5.101102 0.191082
v -0.588467 -5.112216 -0.173920
v -0.591768 -5.098934 -0.124949
v -0.590312 -5.108729 -0.167952
v -0.597617 -5.101977 -0.124949
v -0.601370 -5.107365 -0.124949
v -0.589403 -5.111864 -0.173574
v -0.602165 -5.113864 -0.124949
v -0.597842 -5.113344 -0.153860
v -0.599823 -5.119987 -0.124949
v -0.589290 -5.112779 -0.173574
v -0.594728 -5.119222 -0.153860
v -0.591103 -5.115163 -0.167952
v -0.594881 -5.124328 -0.124949
v -0.588467 -5.125896 -0.124949
v -0.588467 -5.121576 -0.153860
v -0.588467 -5.113208 -0.173574
v -0.587517 -5.116038 -0.167952
v -0.582056 -5.124328 -0.124949
v -0.582206 -5.119222 -0.153860
v -0.577112 -5.119987 -0.124949
v -0.587643 -5.112779 -0.173574
v -0.574768 -5.113864 -0.124949
v -0.579095 -5.113344 -0.153860
v -0.575567 -5.107365 -0.124949
v -0.587532 -5.111864 -0.173574
v -0.580698 -5.106898 -0.153860
v -0.585198 -5.109979 -0.167952
v -0.579317 -5.101977 -0.124949
v -0.585165 -5.098934 -0.124949
v -0.586209 -5.103128 -0.153860
v -0.588229 -5.111252 -0.173574
v -0.593565 -5.082308 -0.022285
v -0.583770 -5.082241 -0.020099
v -0.588468 -5.107633 -0.021446
v -0.601918 -5.085578 -0.022285
v -0.592737 -5.082165 -0.020099
v -0.608649 -5.091509 -0.022285
v -0.601190 -5.085161 -0.020099
v -0.612948 -5.099384 -0.022285
v -0.608110 -5.090868 -0.020099
v -0.614293 -5.108254 -0.022285
v -0.612659 -5.098596 -0.020099
v -0.612523 -5.117050 -0.022285
v -0.614290 -5.107415 -0.020099
v -0.607853 -5.124709 -0.022285
v -0.612807 -5.116260 -0.020099
v -0.600842 -5.130308 -0.022285
v -0.608389 -5.124064 -0.020099
v -0.592340 -5.133173 -0.022285
v -0.601568 -5.129886 -0.020099
v -0.583371 -5.132957 -0.022285
v -0.593165 -5.133024 -0.020099
v -0.575018 -5.129686 -0.022285
v -0.584198 -5.133100 -0.020099
v -0.568285 -5.123756 -0.022285
v -0.575745 -5.130104 -0.020099
v -0.563987 -5.115881 -0.022285
v -0.568828 -5.124397 -0.020099
v -0.562645 -5.107011 -0.022285
v -0.564278 -5.116668 -0.020099
v -0.564414 -5.098216 -0.022285
v -0.562646 -5.107850 -0.020099
v -0.569085 -5.090557 -0.022285
v -0.564128 -5.099005 -0.020099
v -0.576095 -5.084957 -0.022285
v -0.568548 -5.091201 -0.020099
v -0.584595 -5.082092 -0.022285
v -0.575370 -5.085379 -0.020099
v -0.578785 -5.083735 -0.004589
v -0.575306 -5.087301 -0.000929
v -0.570578 -5.089304 -0.005021
v -0.568771 -5.093812 -0.001499
v -0.565093 -5.097600 -0.005664
v -0.565234 -5.102318 -0.002243
v -0.563168 -5.107333 -0.006418
v -0.565234 -5.111526 -0.003049
v -0.565093 -5.117025 -0.007170
v -0.575306 -5.126544 -0.004362
v -0.574412 -5.128357 -0.008048
v -0.588468 -5.132608 -0.008378
v -0.593090 -5.130067 -0.004671
v -0.602525 -5.128357 -0.008048
v -0.608164 -5.120032 -0.003792
v -0.611843 -5.117025 -0.007170
v -0.611703 -5.111526 -0.003049
v -0.613768 -5.107333 -0.006418
v -0.611703 -5.102318 -0.002243
v -0.611843 -5.097600 -0.005664
v -0.608164 -5.093812 -0.001499
v -0.606357 -5.089304 -0.005021
v -0.593404 -5.082269 -0.004475
v -0.578206 -5.082434 -0.004489
v -0.574518 -5.086247 -0.000837
v -0.569504 -5.088343 -0.004946
v -0.567589 -5.093149 -0.001441
v -0.563692 -5.097139 -0.005628
v -0.563840 -5.102166 -0.002230
v -0.561650 -5.107458 -0.006428
v -0.563840 -5.111926 -0.003084
v -0.563692 -5.117730 -0.007224
v -0.567589 -5.120944 -0.003873
v -0.569504 -5.126415 -0.007898
v -0.574518 -5.127845 -0.004476
v -0.578206 -5.132211 -0.008347
v -0.583570 -5.131580 -0.004803
v -0.588468 -5.134245 -0.008505
v -0.593367 -5.131580 -0.004803
v -0.598732 -5.132211 -0.008347
v -0.602418 -5.127845 -0.004476
v -0.607431 -5.126415 -0.007898
v -0.609346 -5.120944 -0.003873
v -0.613246 -5.117730 -0.007224
v -0.613095 -5.111926 -0.003084
v -0.615287 -5.107458 -0.006428
v -0.613095 -5.102166 -0.002230
v -0.613246 -5.097139 -0.005628
v -0.609346 -5.093149 -0.001441
v -0.607431 -5.088343 -0.004946
v -0.593367 -5.082513 -0.000510
v -0.593700 -5.080878 -0.004367
v -0.032328 -5.034607 0.850235
v -0.049248 -5.053004 0.822701
v -0.043189 -5.007421 0.824001
v -0.032328 -5.003888 0.824103
v -0.056854 -5.031703 0.823723
v -0.037259 -5.034730 0.848506
v -0.035673 -5.062010 0.821816
v -0.032328 -5.041559 0.847871
v -0.055140 -5.021650 0.823936
v -0.015407 -5.053004 0.822701
v -0.021467 -5.007421 0.824001
v -0.007801 -5.031703 0.823723
v -0.028982 -5.062010 0.821816
v -0.009515 -5.021650 0.823936
vt 0.017359 0.209292
usemtl B747blck
s off
f 8782/4875 8781/4875 8783/4875
f 8782/4875 8783/4875 8784/4875
f 8781/4875 8785/4875 8786/4875
f 8781/4875 8786/4875 8783/4875
f 8785/4875 8787/4875 8798/4875
f 8785/4875 8798/4875 8786/4875
f 8787/4875 8789/4875 8798/4875
f 8787/4875 8788/4875 8789/4875
f 8788/4875 8791/4875 8789/4875
f 8788/4875 8790/4875 8791/4875
f 8790/4875 8792/4875 8791/4875
f 8790/4875 8794/4875 8792/4875
f 8794/4875 8793/4875 8792/4875
f 8794/4875 8795/4875 8793/4875
f 8794/4875 8782/4875 8784/4875
f 8794/4875 8784/4875 8795/4875
f 8784/4875 8783/4875 8796/4875
f 8783/4875 8786/4875 8804/4875
f 8783/4875 8804/4875 8796/4875
f 8786/4875 8797/4875 8804/4875
f 8786/4875 8798/4875 8797/4875
f 8798/4875 8789/4875 8799/4875
f 8789/4875 8791/4875 8806/4875
f 8791/4875 8800/4875 8806/4875
f 8791/4875 8792/4875 8800/4875
f 8792/4875 8801/4875 8800/4875
f 8792/4875 8793/4875 8801/4875
f 8793/4875 8802/4875 8801/4875
f 8793/4875 8795/4875 8803/4875
f 8793/4875 8803/4875 8802/4875
f 8795/4875 8784/4875 8796/4875
f 8795/4875 8796/4875 8803/4875
f 8797/4875 8798/4875 8811/4875
f 8798/4875 8799/4875 8811/4875
f 8799/4875 8789/4875 8805/4875
f 8789/4875 8806/4875 8805/4875
f 8806/4875 8813/4875 8805/4875
f 8800/4875 8807/4875 8806/4875
f 8800/4875 8808/4875 8807/4875
f 8800/4875 8801/4875 8808/4875
f 8801/4875 8809/4875 8808/4875
f 8801/4875 8802/4875 8809/4875
f 8802/4875 8803/4875 8809/4875
f 8796/4875 8804/4875 8810/4875
f 8796/4875 8810/4875 8816/4875
f 8804/4875 8797/4875 8810/4875
f 8797/4875 8811/4875 8810/4875
f 8799/4875 8805/4875 8812/4875
f 8799/4875 8812/4875 8811/4875
f 8805/4875 8813/4875 8812/4875
f 8806/4875 8807/4875 8818/4875
f 8806/4875 8818/4875 8813/4875
f 8807/4875 8808/4875 8817/4875
f 8807/4875 8817/4875 8818/4875
f 8808/4875 8814/4875 8817/4875
f 8808/4875 8809/4875 8814/4875
f 8809/4875 8815/4875 8814/4875
f 8809/4875 8803/4875 8816/4875
f 8809/4875 8816/4875 8815/4875
f 8803/4875 8796/4875 8816/4875
f 8785/4875 8788/4875 8787/4875
f 8781/4875 8788/4875 8785/4875
f 8788/4875 8781/4875 8782/4875
f 8782/4875 8790/4875 8788/4875
f 8794/4875 8790/4875 8782/4875
f 8814/4875 8815/4875 8817/4875
f 8820/4875 8826/4875 8819/4875
f 8822/4875 8820/4875 8821/4875
f 8823/4875 8820/4875 8822/4875
f 8824/4875 8820/4875 8823/4875
f 8826/4875 8824/4875 8825/4875
f 8820/4875 8824/4875 8826/4875
f 8811/4875 8820/4875 8819/4875
f 8819/4875 8810/4875 8811/4875
f 8821/4875 8820/4875 8812/4875
f 8811/4875 8812/4875 8820/4875
f 8819/4875 8826/4875 8810/4875
f 8822/4875 8821/4875 8812/4875
f 8810/4875 8826/4875 8816/4875
f 8812/4875 8813/4875 8822/4875
f 8826/4875 8825/4875 8816/4875
f 8818/4875 8822/4875 8813/4875
f 8816/4875 8825/4875 8815/4875
f 8815/4875 8825/4875 8824/4875
f 8824/4875 8817/4875 8815/4875
f 8817/4875 8824/4875 8823/4875
f 8817/4875 8823/4875 8818/4875
f 8818/4875 8823/4875 8822/4875
f 8856/4875 8828/4875 8834/4875
f 8834/4875 8828/4875 8830/4875
f 8829/4875 8856/4875 8834/4875
f 8857/4875 8829/4875 8832/4875
f 8827/4875 8857/4875 8832/4875
f 8829/4875 8834/4875 8832/4875
f 8834/4875 8830/4875 8831/4875
f 8834/4875 8831/4875 8833/4875
f 8827/4875 8832/4875 8836/4875
f 8832/4875 8834/4875 8838/4875
f 8836/4875 8832/4875 8838/4875
f 8834/4875 8833/4875 8837/4875
f 8837/4875 8833/4875 8835/4875
f 8838/4875 8834/4875 8837/4875
f 8837/4875 8835/4875 8839/4875
f 8836/4875 8838/4875 8842/4875
f 8827/4875 8836/4875 8842/4875
f 8837/4875 8839/4875 8841/4875
f 8838/4875 8837/4875 8843/4875
f 8843/4875 8837/4875 8841/4875
f 8842/4875 8838/4875 8843/4875
f 8841/4875 8839/4875 8840/4875
f 8841/4875 8840/4875 8845/4875
f 8845/4875 8840/4875 8844/4875
f 8843/4875 8841/4875 8845/4875
f 8842/4875 8843/4875 8847/4875
f 8827/4875 8842/4875 8847/4875
f 8843/4875 8845/4875 8847/4875
f 8845/4875 8844/4875 8846/4875
f 8845/4875 8846/4875 8849/4875
f 8847/4875 8845/4875 8849/4875
f 8849/4875 8846/4875 8848/4875
f 8827/4875 8847/4875 8851/4875
f 8847/4875 8849/4875 8853/4875
f 8851/4875 8847/4875 8853/4875
f 8849/4875 8848/4875 8852/4875
f 8852/4875 8848/4875 8850/4875
f 8853/4875 8849/4875 8852/4875
f 8852/4875 8850/4875 8854/4875
f 8851/4875 8853/4875 8857/4875
f 8827/4875 8851/4875 8857/4875
f 8852/4875 8854/4875 8856/4875
f 8853/4875 8852/4875 8856/4875
f 8856/4875 8854/4875 8855/4875
f 8856/4875 8855/4875 8828/4875
f 8853/4875 8856/4875 8829/4875
f 8857/4875 8853/4875 8829/4875
f 8860/4875 8858/4875 8859/4875
f 8860/4875 8861/4875 8862/4875
f 8860/4875 8863/4875 8864/4875
f 8860/4875 8865/4875 8866/4875
f 8860/4875 8867/4875 8868/4875
f 8860/4875 8869/4875 8870/4875
f 8860/4875 8871/4875 8872/4875
f 8860/4875 8873/4875 8874/4875
f 8860/4875 8875/4875 8876/4875
f 8860/4875 8877/4875 8878/4875
f 8860/4875 8879/4875 8880/4875
f 8860/4875 8881/4875 8882/4875
f 8860/4875 8883/4875 8884/4875
f 8860/4875 8885/4875 8886/4875
f 8860/4875 8887/4875 8888/4875
f 8860/4875 8889/4875 8890/4875
f 8860/4875 8891/4875 8892/4875
f 8860/4875 8893/4875 8894/4875
f 8895/4875 8945/4875 8896/4875
f 8897/4875 8896/4875 8898/4875
f 8895/4875 8896/4875 8897/4875
f 8899/4875 8898/4875 8900/4875
f 8897/4875 8898/4875 8899/4875
f 8901/4875 8900/4875 8902/4875
f 8899/4875 8900/4875 8901/4875
f 8901/4875 8902/4875 8903/4875
f 8903/4875 8902/4875 8904/4875
f 8903/4875 8904/4875 8905/4875
f 8906/4875 8905/4875 8904/4875
f 8906/4875 8904/4875 8907/4875
f 8908/4875 8907/4875 8909/4875
f 8906/4875 8907/4875 8908/4875
f 8910/4875 8909/4875 8911/4875
f 8908/4875 8909/4875 8910/4875
f 8912/4875 8911/4875 8913/4875
f 8910/4875 8911/4875 8912/4875
f 8914/4875 8913/4875 8915/4875
f 8912/4875 8913/4875 8914/4875
f 8916/4875 8915/4875 8945/4875
f 8914/4875 8915/4875 8916/4875
f 8916/4875 8945/4875 8917/4875
f 8917/4875 8945/4875 8895/4875
f 8945/4875 8918/4875 8919/4875
f 8919/4875 8920/4875 8921/4875
f 8919/4875 8918/4875 8920/4875
f 8921/4875 8922/4875 8923/4875
f 8921/4875 8920/4875 8922/4875
f 8923/4875 8924/4875 8925/4875
f 8923/4875 8922/4875 8924/4875
f 8925/4875 8924/4875 8926/4875
f 8925/4875 8926/4875 8927/4875
f 8927/4875 8928/4875 8929/4875
f 8927/4875 8926/4875 8928/4875
f 8929/4875 8930/4875 8931/4875
f 8929/4875 8928/4875 8930/4875
f 8931/4875 8932/4875 8933/4875
f 8931/4875 8930/4875 8932/4875
f 8933/4875 8934/4875 8935/4875
f 8933/4875 8932/4875 8934/4875
f 8935/4875 8936/4875 8937/4875
f 8935/4875 8934/4875 8936/4875
f 8937/4875 8938/4875 8939/4875
f 8937/4875 8936/4875 8938/4875
f 8939/4875 8940/4875 8941/4875
f 8939/4875 8938/4875 8940/4875
f 8941/4875 8942/4875 8943/4875
f 8941/4875 8940/4875 8942/4875
f 8943/4875 8944/4875 8945/4875
f 8943/4875 8942/4875 8944/4875
f 8945/4875 8944/4875 8946/4875
f 8946/4875 8918/4875 8945/4875
f 8945/4875 8915/4875 8943/4875
f 8943/4875 8915/4875 8913/4875
f 8943/4875 8913/4875 8941/4875
f 8941/4875 8913/4875 8911/4875
f 8941/4875 8911/4875 8939/4875
f 8939/4875 8911/4875 8909/4875
f 8939/4875 8909/4875 8937/4875
f 8937/4875 8909/4875 8935/4875
f 8935/4875 8909/4875 8907/4875
f 8935/4875 8907/4875 8933/4875
f 8933/4875 8907/4875 8904/4875
f 8933/4875 8904/4875 8931/4875
f 8904/4875 8929/4875 8931/4875
f 8904/4875 8927/4875 8929/4875
f 8904/4875 8902/4875 8925/4875
f 8925/4875 8927/4875 8904/4875
f 8925/4875 8902/4875 8900/4875
f 8900/4875 8923/4875 8925/4875
f 8900/4875 8898/4875 8921/4875
f 8921/4875 8923/4875 8900/4875
f 8921/4875 8898/4875 8896/4875
f 8896/4875 8919/4875 8921/4875
f 8919/4875 8896/4875 8945/4875
f 8976/4875 8948/4875 8954/4875
f 8954/4875 8948/4875 8950/4875
f 8949/4875 8976/4875 8954/4875
f 8977/4875 8949/4875 8952/4875
f 8947/4875 8977/4875 8952/4875
f 8949/4875 8954/4875 8952/4875
f 8954/4875 8950/4875 8951/4875
f 8954/4875 8951/4875 8953/4875
f 8947/4875 8952/4875 8956/4875
f 8952/4875 8954/4875 8958/4875
f 8956/4875 8952/4875 8958/4875
f 8954/4875 8953/4875 8957/4875
f 8957/4875 8953/4875 8955/4875
f 8958/4875 8954/4875 8957/4875
f 8957/4875 8955/4875 8959/4875
f 8956/4875 8958/4875 8962/4875
f 8947/4875 8956/4875 8962/4875
f 8957/4875 8959/4875 8961/4875
f 8958/4875 8957/4875 8963/4875
f 8963/4875 8957/4875 8961/4875
f 8962/4875 8958/4875 8963/4875
f 8961/4875 8959/4875 8960/4875
f 8961/4875 8960/4875 8965/4875
f 8965/4875 8960/4875 8964/4875
f 8963/4875 8961/4875 8965/4875
f 8962/4875 8963/4875 8967/4875
f 8947/4875 8962/4875 8967/4875
f 8963/4875 8965/4875 8967/4875
f 8965/4875 8964/4875 8966/4875
f 8965/4875 8966/4875 8969/4875
f 8967/4875 8965/4875 8969/4875
f 8969/4875 8966/4875 8968/4875
f 8947/4875 8967/4875 8971/4875
f 8967/4875 8969/4875 8973/4875
f 8971/4875 8967/4875 8973/4875
f 8969/4875 8968/4875 8972/4875
f 8972/4875 8968/4875 8970/4875
f 8973/4875 8969/4875 8972/4875
f 8972/4875 8970/4875 8974/4875
f 8971/4875 8973/4875 8977/4875
f 8947/4875 8971/4875 8977/4875
f 8972/4875 8974/4875 8976/4875
f 8973/4875 8972/4875 8976/4875
f 8976/4875 8974/4875 8975/4875
f 8976/4875 8975/4875 8948/4875
f 8973/4875 8976/4875 8949/4875
f 8977/4875 8973/4875 8949/4875
f 8980/4875 8978/4875 8979/4875
f 8980/4875 8981/4875 8982/4875
f 8980/4875 8983/4875 8984/4875
f 8980/4875 8985/4875 8986/4875
f 8980/4875 8987/4875 8988/4875
f 8980/4875 8989/4875 8990/4875
f 8980/4875 8991/4875 8992/4875
f 8980/4875 8993/4875 8994/4875
f 8980/4875 8995/4875 8996/4875
f 8980/4875 8997/4875 8998/4875
f 8980/4875 8999/4875 9000/4875
f 8980/4875 9001/4875 9002/4875
f 8980/4875 9003/4875 9004/4875
f 8980/4875 9005/4875 9006/4875
f 8980/4875 9007/4875 9008/4875
f 8980/4875 9009/4875 9010/4875
f 8980/4875 9011/4875 9012/4875
f 8980/4875 9013/4875 9014/4875
f 9015/4875 9065/4875 9016/4875
f 9017/4875 9016/4875 9018/4875
f 9015/4875 9016/4875 9017/4875
f 9019/4875 9018/4875 9020/4875
f 9017/4875 9018/4875 9019/4875
f 9021/4875 9020/4875 9022/4875
f 9019/4875 9020/4875 9021/4875
f 9021/4875 9022/4875 9023/4875
f 9023/4875 9022/4875 9024/4875
f 9023/4875 9024/4875 9025/4875
f 9026/4875 9025/4875 9024/4875
f 9026/4875 9024/4875 9027/4875
f 9028/4875 9027/4875 9029/4875
f 9026/4875 9027/4875 9028/4875
f 9030/4875 9029/4875 9031/4875
f 9028/4875 9029/4875 9030/4875
f 9032/4875 9031/4875 9033/4875
f 9030/4875 9031/4875 9032/4875
f 9034/4875 9033/4875 9035/4875
f 9032/4875 9033/4875 9034/4875
f 9036/4875 9035/4875 9065/4875
f 9034/4875 9035/4875 9036/4875
f 9036/4875 9065/4875 9037/4875
f 9037/4875 9065/4875 9015/4875
f 9065/4875 9038/4875 9039/4875
f 9039/4875 9040/4875 9041/4875
f 9039/4875 9038/4875 9040/4875
f 9041/4875 9042/4875 9043/4875
f 9041/4875 9040/4875 9042/4875
f 9043/4875 9044/4875 9045/4875
f 9043/4875 9042/4875 9044/4875
f 9045/4875 9044/4875 9046/4875
f 9045/4875 9046/4875 9047/4875
f 9047/4875 9048/4875 9049/4875
f 9047/4875 9046/4875 9048/4875
f 9049/4875 9050/4875 9051/4875
f 9049/4875 9048/4875 9050/4875
f 9051/4875 9052/4875 9053/4875
f 9051/4875 9050/4875 9052/4875
f 9053/4875 9054/4875 9055/4875
f 9053/4875 9052/4875 9054/4875
f 9055/4875 9056/4875 9057/4875
f 9055/4875 9054/4875 9056/4875
f 9057/4875 9058/4875 9059/4875
f 9057/4875 9056/4875 9058/4875
f 9059/4875 9060/4875 9061/4875
f 9059/4875 9058/4875 9060/4875
f 9061/4875 9062/4875 9063/4875
f 9061/4875 9060/4875 9062/4875
f 9063/4875 9064/4875 9065/4875
f 9063/4875 9062/4875 9064/4875
f 9065/4875 9064/4875 9066/4875
f 9066/4875 9038/4875 9065/4875
f 9065/4875 9035/4875 9063/4875
f 9063/4875 9035/4875 9033/4875
f 9063/4875 9033/4875 9061/4875
f 9061/4875 9033/4875 9031/4875
f 9061/4875 9031/4875 9059/4875
f 9059/4875 9031/4875 9029/4875
f 9059/4875 9029/4875 9057/4875
f 9057/4875 9029/4875 9055/4875
f 9055/4875 9029/4875 9027/4875
f 9055/4875 9027/4875 9053/4875
f 9053/4875 9027/4875 9024/4875
f 9053/4875 9024/4875 9051/4875
f 9024/4875 9049/4875 9051/4875
f 9024/4875 9047/4875 9049/4875
f 9024/4875 9022/4875 9045/4875
f 9045/4875 9047/4875 9024/4875
f 9045/4875 9022/4875 9020/4875
f 9020/4875 9043/4875 9045/4875
f 9020/4875 9018/4875 9041/4875
f 9041/4875 9043/4875 9020/4875
f 9041/4875 9018/4875 9016/4875
f 9016/4875 9039/4875 9041/4875
f 9039/4875 9016/4875 9065/4875
f 9068/4875 9096/4875 9074/4875
f 9068/4875 9074/4875 9070/4875
f 9096/4875 9069/4875 9074/4875
f 9069/4875 9097/4875 9072/4875
f 9097/4875 9067/4875 9072/4875
f 9074/4875 9069/4875 9072/4875
f 9070/4875 9074/4875 9071/4875
f 9071/4875 9074/4875 9073/4875
f 9072/4875 9067/4875 9076/4875
f 9074/4875 9072/4875 9078/4875
f 9072/4875 9076/4875 9078/4875
f 9073/4875 9074/4875 9077/4875
f 9073/4875 9077/4875 9075/4875
f 9074/4875 9078/4875 9077/4875
f 9075/4875 9077/4875 9079/4875
f 9078/4875 9076/4875 9082/4875
f 9076/4875 9067/4875 9082/4875
f 9079/4875 9077/4875 9081/4875
f 9077/4875 9078/4875 9083/4875
f 9077/4875 9083/4875 9081/4875
f 9078/4875 9082/4875 9083/4875
f 9079/4875 9081/4875 9080/4875
f 9080/4875 9081/4875 9085/4875
f 9080/4875 9085/4875 9084/4875
f 9081/4875 9083/4875 9085/4875
f 9083/4875 9082/4875 9087/4875
f 9082/4875 9067/4875 9087/4875
f 9085/4875 9083/4875 9087/4875
f 9084/4875 9085/4875 9086/4875
f 9086/4875 9085/4875 9089/4875
f 9085/4875 9087/4875 9089/4875
f 9086/4875 9089/4875 9088/4875
f 9087/4875 9067/4875 9091/4875
f 9089/4875 9087/4875 9093/4875
f 9087/4875 9091/4875 9093/4875
f 9088/4875 9089/4875 9092/4875
f 9088/4875 9092/4875 9090/4875
f 9089/4875 9093/4875 9092/4875
f 9090/4875 9092/4875 9094/4875
f 9093/4875 9091/4875 9097/4875
f 9091/4875 9067/4875 9097/4875
f 9094/4875 9092/4875 9096/4875
f 9092/4875 9093/4875 9096/4875
f 9094/4875 9096/4875 9095/4875
f 9095/4875 9096/4875 9068/4875
f 9096/4875 9093/4875 9069/4875
f 9093/4875 9097/4875 9069/4875
f 9098/4875 9100/4875 9099/4875
f 9101/4875 9100/4875 9102/4875
f 9103/4875 9100/4875 9104/4875
f 9105/4875 9100/4875 9106/4875
f 9107/4875 9100/4875 9108/4875
f 9109/4875 9100/4875 9110/4875
f 9111/4875 9100/4875 9112/4875
f 9113/4875 9100/4875 9114/4875
f 9115/4875 9100/4875 9116/4875
f 9117/4875 9100/4875 9118/4875
f 9119/4875 9100/4875 9120/4875
f 9121/4875 9100/4875 9122/4875
f 9123/4875 9100/4875 9124/4875
f 9125/4875 9100/4875 9126/4875
f 9127/4875 9100/4875 9128/4875
f 9129/4875 9100/4875 9130/4875
f 9131/4875 9100/4875 9132/4875
f 9133/4875 9100/4875 9134/4875
f 9185/4875 9135/4875 9136/4875
f 9136/4875 9137/4875 9138/4875
f 9136/4875 9135/4875 9137/4875
f 9138/4875 9139/4875 9140/4875
f 9138/4875 9137/4875 9139/4875
f 9140/4875 9141/4875 9142/4875
f 9140/4875 9139/4875 9141/4875
f 9142/4875 9141/4875 9143/4875
f 9142/4875 9143/4875 9144/4875
f 9144/4875 9143/4875 9145/4875
f 9145/4875 9146/4875 9144/4875
f 9144/4875 9146/4875 9147/4875
f 9147/4875 9148/4875 9149/4875
f 9147/4875 9146/4875 9148/4875
f 9149/4875 9150/4875 9151/4875
f 9149/4875 9148/4875 9150/4875
f 9151/4875 9152/4875 9153/4875
f 9151/4875 9150/4875 9152/4875
f 9153/4875 9154/4875 9155/4875
f 9153/4875 9152/4875 9154/4875
f 9155/4875 9156/4875 9185/4875
f 9155/4875 9154/4875 9156/4875
f 9185/4875 9156/4875 9157/4875
f 9185/4875 9157/4875 9135/4875
f 9158/4875 9185/4875 9159/4875
f 9160/4875 9159/4875 9161/4875
f 9158/4875 9159/4875 9160/4875
f 9162/4875 9161/4875 9163/4875
f 9160/4875 9161/4875 9162/4875
f 9164/4875 9163/4875 9165/4875
f 9162/4875 9163/4875 9164/4875
f 9164/4875 9165/4875 9166/4875
f 9166/4875 9165/4875 9167/4875
f 9168/4875 9167/4875 9169/4875
f 9166/4875 9167/4875 9168/4875
f 9170/4875 9169/4875 9171/4875
f 9168/4875 9169/4875 9170/4875
f 9172/4875 9171/4875 9173/4875
f 9170/4875 9171/4875 9172/4875
f 9174/4875 9173/4875 9175/4875
f 9172/4875 9173/4875 9174/4875
f 9176/4875 9175/4875 9177/4875
f 9174/4875 9175/4875 9176/4875
f 9178/4875 9177/4875 9179/4875
f 9176/4875 9177/4875 9178/4875
f 9180/4875 9179/4875 9181/4875
f 9178/4875 9179/4875 9180/4875
f 9182/4875 9181/4875 9183/4875
f 9180/4875 9181/4875 9182/4875
f 9184/4875 9183/4875 9185/4875
f 9182/4875 9183/4875 9184/4875
f 9184/4875 9185/4875 9186/4875
f 9158/4875 9186/4875 9185/4875
f 9155/4875 9185/4875 9183/4875
f 9155/4875 9183/4875 9153/4875
f 9153/4875 9183/4875 9181/4875
f 9153/4875 9181/4875 9151/4875
f 9151/4875 9181/4875 9179/4875
f 9151/4875 9179/4875 9149/4875
f 9149/4875 9179/4875 9177/4875
f 9149/4875 9177/4875 9175/4875
f 9149/4875 9175/4875 9147/4875
f 9147/4875 9175/4875 9173/4875
f 9147/4875 9173/4875 9144/4875
f 9144/4875 9173/4875 9171/4875
f 9169/4875 9144/4875 9171/4875
f 9167/4875 9144/4875 9169/4875
f 9142/4875 9144/4875 9165/4875
f 9167/4875 9165/4875 9144/4875
f 9142/4875 9165/4875 9140/4875
f 9163/4875 9140/4875 9165/4875
f 9138/4875 9140/4875 9161/4875
f 9163/4875 9161/4875 9140/4875
f 9138/4875 9161/4875 9136/4875
f 9159/4875 9136/4875 9161/4875
f 9136/4875 9159/4875 9185/4875
f 9188/4875 9216/4875 9194/4875
f 9188/4875 9194/4875 9190/4875
f 9216/4875 9189/4875 9194/4875
f 9189/4875 9217/4875 9192/4875
f 9217/4875 9187/4875 9192/4875
f 9194/4875 9189/4875 9192/4875
f 9190/4875 9194/4875 9191/4875
f 9191/4875 9194/4875 9193/4875
f 9192/4875 9187/4875 9196/4875
f 9194/4875 9192/4875 9198/4875
f 9192/4875 9196/4875 9198/4875
f 9193/4875 9194/4875 9197/4875
f 9193/4875 9197/4875 9195/4875
f 9194/4875 9198/4875 9197/4875
f 9195/4875 9197/4875 9199/4875
f 9198/4875 9196/4875 9202/4875
f 9196/4875 9187/4875 9202/4875
f 9199/4875 9197/4875 9201/4875
f 9197/4875 9198/4875 9203/4875
f 9197/4875 9203/4875 9201/4875
f 9198/4875 9202/4875 9203/4875
f 9199/4875 9201/4875 9200/4875
f 9200/4875 9201/4875 9205/4875
f 9200/4875 9205/4875 9204/4875
f 9201/4875 9203/4875 9205/4875
f 9203/4875 9202/4875 9207/4875
f 9202/4875 9187/4875 9207/4875
f 9205/4875 9203/4875 9207/4875
f 9204/4875 9205/4875 9206/4875
f 9206/4875 9205/4875 9209/4875
f 9205/4875 9207/4875 9209/4875
f 9206/4875 9209/4875 9208/4875
f 9207/4875 9187/4875 9211/4875
f 9209/4875 9207/4875 9213/4875
f 9207/4875 9211/4875 9213/4875
f 9208/4875 9209/4875 9212/4875
f 9208/4875 9212/4875 9210/4875
f 9209/4875 9213/4875 9212/4875
f 9210/4875 9212/4875 9214/4875
f 9213/4875 9211/4875 9217/4875
f 9211/4875 9187/4875 9217/4875
f 9214/4875 9212/4875 9216/4875
f 9212/4875 9213/4875 9216/4875
f 9214/4875 9216/4875 9215/4875
f 9215/4875 9216/4875 9188/4875
f 9216/4875 9213/4875 9189/4875
f 9213/4875 9217/4875 9189/4875
f 9218/4875 9220/4875 9219/4875
f 9221/4875 9220/4875 9222/4875
f 9223/4875 9220/4875 9224/4875
f 9225/4875 9220/4875 9226/4875
f 9227/4875 9220/4875 9228/4875
f 9229/4875 9220/4875 9230/4875
f 9231/4875 9220/4875 9232/4875
f 9233/4875 9220/4875 9234/4875
f 9235/4875 9220/4875 9236/4875
f 9237/4875 9220/4875 9238/4875
f 9239/4875 9220/4875 9240/4875
f 9241/4875 9220/4875 9242/4875
f 9243/4875 9220/4875 9244/4875
f 9245/4875 9220/4875 9246/4875
f 9247/4875 9220/4875 9248/4875
f 9249/4875 9220/4875 9250/4875
f 9251/4875 9220/4875 9252/4875
f 9253/4875 9220/4875 9254/4875
f 9305/4875 9255/4875 9256/4875
f 9256/4875 9257/4875 9258/4875
f 9256/4875 9255/4875 9257/4875
f 9258/4875 9259/4875 9260/4875
f 9258/4875 9257/4875 9259/4875
f 9260/4875 9261/4875 9262/4875
f 9260/4875 9259/4875 9261/4875
f 9262/4875 9261/4875 9263/4875
f 9262/4875 9263/4875 9264/4875
f 9264/4875 9263/4875 9265/4875
f 9265/4875 9266/4875 9264/4875
f 9264/4875 9266/4875 9267/4875
f 9267/4875 9268/4875 9269/4875
f 9267/4875 9266/4875 9268/4875
f 9269/4875 9270/4875 9271/4875
f 9269/4875 9268/4875 9270/4875
f 9271/4875 9272/4875 9273/4875
f 9271/4875 9270/4875 9272/4875
f 9273/4875 9274/4875 9275/4875
f 9273/4875 9272/4875 9274/4875
f 9275/4875 9276/4875 9305/4875
f 9275/4875 9274/4875 9276/4875
f 9305/4875 9276/4875 9277/4875
f 9305/4875 9277/4875 9255/4875
f 9278/4875 9305/4875 9279/4875
f 9280/4875 9279/4875 9281/4875
f 9278/4875 9279/4875 9280/4875
f 9282/4875 9281/4875 9283/4875
f 9280/4875 9281/4875 9282/4875
f 9284/4875 9283/4875 9285/4875
f 9282/4875 9283/4875 9284/4875
f 9284/4875 9285/4875 9286/4875
f 9286/4875 9285/4875 9287/4875
f 9288/4875 9287/4875 9289/4875
f 9286/4875 9287/4875 9288/4875
f 9290/4875 9289/4875 9291/4875
f 9288/4875 9289/4875 9290/4875
f 9292/4875 9291/4875 9293/4875
f 9290/4875 9291/4875 9292/4875
f 9294/4875 9293/4875 9295/4875
f 9292/4875 9293/4875 9294/4875
f 9296/4875 9295/4875 9297/4875
f 9294/4875 9295/4875 9296/4875
f 9298/4875 9297/4875 9299/4875
f 9296/4875 9297/4875 9298/4875
f 9300/4875 9299/4875 9301/4875
f 9298/4875 9299/4875 9300/4875
f 9302/4875 9301/4875 9303/4875
f 9300/4875 9301/4875 9302/4875
f 9304/4875 9303/4875 9305/4875
f 9302/4875 9303/4875 9304/4875
f 9304/4875 9305/4875 9306/4875
f 9278/4875 9306/4875 9305/4875
f 9275/4875 9305/4875 9303/4875
f 9275/4875 9303/4875 9273/4875
f 9273/4875 9303/4875 9301/4875
f 9273/4875 9301/4875 9271/4875
f 9271/4875 9301/4875 9299/4875
f 9271/4875 9299/4875 9269/4875
f 9269/4875 9299/4875 9297/4875
f 9269/4875 9297/4875 9295/4875
f 9269/4875 9295/4875 9267/4875
f 9267/4875 9295/4875 9293/4875
f 9267/4875 9293/4875 9264/4875
f 9264/4875 9293/4875 9291/4875
f 9289/4875 9264/4875 9291/4875
f 9287/4875 9264/4875 9289/4875
f 9262/4875 9264/4875 9285/4875
f 9287/4875 9285/4875 9264/4875
f 9262/4875 9285/4875 9260/4875
f 9283/4875 9260/4875 9285/4875
f 9258/4875 9260/4875 9281/4875
f 9283/4875 9281/4875 9260/4875
f 9258/4875 9281/4875 9256/4875
f 9279/4875 9256/4875 9281/4875
f 9256/4875 9279/4875 9305/4875
f 9314/4875 9312/4875 9311/4875
f 9311/4875 9308/4875 9314/4875
f 9314/4875 9308/4875 9313/4875
f 9307/4875 9312/4875 9314/4875
f 9312/4875 9307/4875 9309/4875
f 9311/4875 9312/4875 9315/4875
f 9315/4875 9312/4875 9309/4875
f 9310/4875 9309/4875 9307/4875
f 9307/4875 9314/4875 9318/4875
f 9316/4875 9318/4875 9314/4875
f 9313/4875 9319/4875 9314/4875
f 9316/4875 9314/4875 9319/4875
f 9307/4875 9318/4875 9320/4875
f 9317/4875 9307/4875 9320/4875
f 9317/4875 9310/4875 9307/4875
o B747taiB_B747luft
v -0.115475 -5.004878 0.389471
v -0.112626 -4.996546 0.391056
v -0.114871 -5.004933 0.420323
v -0.111987 -4.996384 0.420323
v -0.109017 -4.988220 0.391811
v -0.105026 -4.979858 0.392153
v -0.108517 -4.988129 0.420323
v -0.104571 -4.979576 0.420323
v -0.100125 -4.970639 0.392144
v -0.094731 -4.960572 0.392068
v -0.099809 -4.969576 0.420323
v -0.094535 -4.959368 0.420323
v -0.109356 -4.987684 0.360792
v -0.115104 -5.003534 0.385016
v -0.114668 -5.002236 0.384930
v -0.114176 -5.000676 0.382954
v -0.114314 -5.000676 0.375541
v -0.113023 -4.995998 0.360037
v -0.114354 -5.001271 0.384124
v -0.103637 -4.982130 0.572575
v -0.111626 -4.998902 0.505905
v -0.112681 -5.007750 0.540952
v -0.110876 -5.006506 0.572549
v -0.108976 -4.998325 0.572549
v -0.106254 -4.989914 0.572549
v -0.096996 -4.963145 0.542179
v -0.100025 -4.973272 0.572549
v -0.095525 -4.963223 0.572549
v -0.097196 -4.961961 0.506499
v -0.113835 -5.006964 0.504875
v -0.096265 -4.960884 0.466404
v -0.095185 -4.960103 0.426504
v -0.114376 -5.006146 0.464729
v -0.114987 -5.005514 0.424366
v -0.104626 -4.979692 0.421085
v -0.099875 -4.969683 0.421085
v -0.108557 -4.988240 0.421085
v -0.112018 -4.996490 0.421085
v -0.094615 -4.959459 0.421085
v -0.114896 -5.005042 0.421085
v -0.103626 -4.992478 0.615954
v -0.108896 -4.998767 0.577504
v -0.095768 -4.964129 0.577839
v -0.096751 -4.974188 0.616076
v -0.101382 -4.983651 0.607297
v -0.100046 -4.973403 0.573311
v -0.103534 -4.982175 0.573311
v -0.108965 -4.998394 0.573311
v -0.106246 -4.989983 0.573311
v -0.095560 -4.963353 0.573311
v -0.110740 -5.006941 0.577332
v -0.110851 -5.006576 0.573311
v -0.106417 -5.000676 0.611487
v -0.105901 -5.000676 0.617277
v -0.107598 -5.000676 0.597691
v -0.108625 -5.004479 0.595566
v -0.108117 -5.002236 0.595715
v -0.107831 -5.001271 0.596521
v 0.050816 -5.004878 0.389471
v 0.047966 -4.996546 0.391056
v 0.050213 -5.004933 0.420323
v 0.047327 -4.996384 0.420323
v 0.044357 -4.988220 0.391811
v 0.040366 -4.979858 0.392153
v 0.043857 -4.988129 0.420323
v 0.039911 -4.979576 0.420323
v 0.035465 -4.970639 0.392144
v 0.030071 -4.960572 0.392068
v 0.035149 -4.969576 0.420323
v 0.029877 -4.959368 0.420323
v 0.044696 -4.987684 0.360792
v 0.050444 -5.003534 0.385016
v 0.050008 -5.002236 0.384930
v 0.049516 -5.000676 0.382954
v 0.049655 -5.000676 0.375541
v 0.048363 -4.995998 0.360037
v 0.049694 -5.001271 0.384124
v 0.038977 -4.982130 0.572575
v 0.046966 -4.998902 0.505905
v 0.048021 -5.007750 0.540952
v 0.046216 -5.006506 0.572549
v 0.044316 -4.998325 0.572549
v 0.041594 -4.989914 0.572549
v 0.032336 -4.963145 0.542179
v 0.035365 -4.973272 0.572549
v 0.030865 -4.963223 0.572549
v 0.032538 -4.961961 0.506499
v 0.049177 -5.006964 0.504875
v 0.031605 -4.960884 0.466404
v 0.030525 -4.960103 0.426504
v 0.049716 -5.006146 0.464729
v 0.050327 -5.005514 0.424366
v 0.039966 -4.979692 0.421085
v 0.035215 -4.969683 0.421085
v 0.043897 -4.988240 0.421085
v 0.047358 -4.996490 0.421085
v 0.029955 -4.959459 0.421085
v 0.050236 -5.005042 0.421085
v 0.038966 -4.992478 0.615954
v 0.044238 -4.998767 0.577504
v 0.031108 -4.964129 0.577839
v 0.032091 -4.974188 0.616076
v 0.036722 -4.983651 0.607297
v 0.035386 -4.973403 0.573311
v 0.038874 -4.982175 0.573311
v 0.044305 -4.998394 0.573311
v 0.041586 -4.989983 0.573311
v 0.030900 -4.963353 0.573311
v 0.046080 -5.006941 0.577332
v 0.046191 -5.006576 0.573311
v 0.041757 -5.000676 0.611487
v 0.041241 -5.000676 0.617277
v 0.042938 -5.000676 0.597691
v 0.043966 -5.004479 0.595566
v 0.043457 -5.002236 0.595715
v 0.043172 -5.001271 0.596521
vt 0.099576 0.332137
vt 0.217423 0.331663
vt 0.105632 0.403152
vt 0.217423 0.404539
vt 0.108512 0.474125
vt 0.217423 0.474903
vt 0.109822 0.545407
vt 0.217423 0.547813
vt 0.109789 0.623996
vt 0.217423 0.633054
vt 0.109496 0.709808
vt 0.217423 0.720067
vt -0.009968 0.478692
vt 0.082232 0.354647
vt 0.082561 0.343589
vt 0.074686 0.367955
vt -0.012850 0.407825
vt 0.046370 0.367955
vt 0.079154 0.362881
vt 0.678190 0.307652
vt 0.798880 0.318249
vt 0.544321 0.383069
vt 0.798880 0.387988
vt 0.798880 0.459692
vt 0.798976 0.526047
vt 0.798880 0.601549
vt 0.682874 0.687873
vt 0.798880 0.687218
vt 0.546589 0.697967
vt 0.540385 0.314350
vt 0.393435 0.707152
vt 0.241032 0.713804
vt 0.387040 0.321320
vt 0.220332 0.546819
vt 0.220332 0.632141
vt 0.220332 0.473960
vt 0.220332 0.403630
vt 0.220332 0.719298
vt 0.232867 0.326707
vt 0.220332 0.330729
vt 0.965140 0.593739
vt 0.819083 0.679487
vt 0.931604 0.513077
vt 0.817808 0.384220
vt 0.964672 0.437829
vt 0.801788 0.600429
vt 0.801788 0.525654
vt 0.801788 0.387408
vt 0.801788 0.459100
vt 0.801788 0.686105
vt 0.817147 0.314545
vt 0.801788 0.317662
vt 0.947612 0.367955
vt 0.969728 0.367955
vt 0.894914 0.367955
vt 0.886798 0.335533
vt 0.887367 0.354647
vt 0.890444 0.362877
vt 0.894368 0.403152
vt 0.782577 0.331663
vt 0.900424 0.332137
vt 0.782577 0.404539
vt 0.890178 0.545407
vt 0.782577 0.474903
vt 0.891488 0.474125
vt 0.782577 0.547813
vt 0.890211 0.623996
vt 0.890504 0.709808
vt 0.782577 0.633054
vt 0.782577 0.720067
vt 1.009968 0.478692
vt 0.917439 0.343589
vt 0.917768 0.354647
vt 0.953630 0.367955
vt 1.012850 0.407825
vt 0.925314 0.367955
vt 0.920846 0.362881
vt 0.455679 0.383069
vt 0.201121 0.318249
vt 0.321810 0.307652
vt 0.201121 0.387988
vt 0.201121 0.459692
vt 0.317126 0.687873
vt 0.201121 0.601549
vt 0.201024 0.526047
vt 0.201121 0.687218
vt 0.453411 0.697967
vt 0.459615 0.314350
vt 0.606565 0.707152
vt 0.758968 0.713804
vt 0.612960 0.321320
vt 0.779668 0.632141
vt 0.779668 0.546819
vt 0.779668 0.473960
vt 0.779668 0.403630
vt 0.779668 0.719298
vt 0.767133 0.326707
vt 0.779668 0.330729
vt 0.068396 0.513077
vt 0.180917 0.679487
vt 0.034860 0.593739
vt 0.035328 0.437829
vt 0.182192 0.384220
vt 0.198212 0.525654
vt 0.198212 0.600429
vt 0.198212 0.459100
vt 0.198212 0.387408
vt 0.198212 0.686105
vt 0.182853 0.314545
vt 0.198212 0.317662
vt 0.052388 0.367955
vt 0.030272 0.367955
vt 0.105086 0.367955
vt 0.113202 0.335533
vt 0.112633 0.354647
vt 0.109556 0.362877
usemtl B747luft
s off
f 9321/4876 9323/4877 9322/4878
f 9323/4877 9324/4879 9322/4878
f 9325/4880 9327/4881 9326/4882
f 9327/4881 9328/4883 9326/4882
f 9326/4882 9328/4883 9329/4884
f 9329/4884 9331/4885 9330/4886
f 9331/4885 9332/4887 9330/4886
f 9333/4888 9322/4878 9325/4880
f 9328/4883 9331/4885 9329/4884
f 9324/4879 9327/4881 9325/4880
f 9322/4878 9324/4879 9325/4880
f 9321/4876 9335/4889 9334/4890
f 9335/4889 9321/4876 9322/4878
f 9336/4891 9338/4892 9337/4893
f 9338/4892 9336/4891 9322/4878
f 9322/4878 9336/4891 9339/4894
f 9322/4878 9339/4894 9335/4889
f 9342/4895 9343/4896 9341/4897
f 9343/4896 9344/4898 9341/4897
f 9341/4897 9344/4898 9345/4899
f 9340/4900 9347/4901 9346/4902
f 9347/4901 9348/4903 9346/4902
f 9349/4904 9340/4900 9346/4902
f 9341/4897 9340/4900 9349/4904
f 9341/4897 9345/4899 9340/4900
f 9341/4897 9350/4905 9342/4895
f 9351/4906 9341/4897 9349/4904
f 9352/4907 9341/4897 9351/4906
f 9341/4897 9353/4908 9350/4905
f 9355/4909 9341/4897 9356/4910
f 9357/4911 9353/4908 9341/4897
f 9353/4908 9357/4911 9358/4912
f 9352/4907 9356/4910 9341/4897
f 9356/4910 9352/4907 9359/4913
f 9341/4897 9355/4909 9357/4911
f 9358/4912 9354/4914 9353/4908
f 9354/4914 9358/4912 9360/4915
f 9364/4916 9363/4917 9365/4918
f 9365/4918 9362/4919 9361/4920
f 9366/4921 9367/4922 9363/4917
f 9368/4923 9362/4919 9369/4924
f 9367/4922 9362/4919 9365/4918
f 9363/4917 9370/4925 9366/4921
f 9367/4922 9369/4924 9362/4919
f 9368/4923 9371/4926 9362/4919
f 9371/4926 9368/4923 9372/4927
f 9363/4917 9367/4922 9365/4918
f 9373/4928 9361/4920 9362/4919
f 9361/4920 9373/4928 9374/4929
f 9362/4919 9375/4930 9373/4928
f 9376/4931 9362/4919 9371/4926
f 9362/4919 9376/4931 9377/4932
f 9362/4919 9377/4932 9378/4933
f 9362/4919 9378/4933 9375/4930
f 9380/4934 9381/4935 9379/4936
f 9380/4934 9382/4937 9381/4935
f 9384/4938 9385/4939 9383/4940
f 9384/4938 9386/4941 9385/4939
f 9387/4942 9386/4941 9384/4938
f 9388/4943 9389/4944 9387/4942
f 9388/4943 9390/4945 9389/4944
f 9383/4940 9380/4934 9391/4946
f 9387/4942 9389/4944 9386/4941
f 9383/4940 9385/4939 9382/4937
f 9383/4940 9382/4937 9380/4934
f 9392/4947 9393/4948 9379/4936
f 9380/4934 9379/4936 9393/4948
f 9395/4949 9396/4950 9394/4951
f 9380/4934 9394/4951 9396/4950
f 9397/4952 9394/4951 9380/4934
f 9393/4948 9397/4952 9380/4934
f 9399/4953 9401/4954 9400/4955
f 9399/4953 9402/4956 9401/4954
f 9403/4957 9402/4956 9399/4953
f 9404/4958 9405/4959 9398/4960
f 9404/4958 9406/4961 9405/4959
f 9404/4958 9398/4960 9407/4962
f 9407/4962 9398/4960 9399/4953
f 9398/4960 9403/4957 9399/4953
f 9400/4955 9408/4963 9399/4953
f 9407/4962 9399/4953 9409/4964
f 9409/4964 9399/4953 9410/4965
f 9408/4963 9411/4966 9399/4953
f 9414/4967 9399/4953 9413/4968
f 9399/4953 9411/4966 9415/4969
f 9416/4970 9415/4969 9411/4966
f 9399/4953 9414/4967 9410/4965
f 9417/4971 9410/4965 9414/4967
f 9415/4969 9413/4968 9399/4953
f 9411/4966 9412/4972 9416/4970
f 9418/4973 9416/4970 9412/4972
f 9423/4974 9421/4975 9422/4976
f 9419/4977 9420/4978 9423/4974
f 9421/4975 9425/4979 9424/4980
f 9427/4981 9420/4978 9426/4982
f 9423/4974 9420/4978 9425/4979
f 9424/4980 9428/4983 9421/4975
f 9420/4978 9427/4981 9425/4979
f 9420/4978 9429/4984 9426/4982
f 9430/4985 9426/4982 9429/4984
f 9423/4974 9425/4979 9421/4975
f 9420/4978 9419/4977 9431/4986
f 9432/4987 9431/4986 9419/4977
f 9431/4986 9433/4988 9420/4978
f 9429/4984 9420/4978 9434/4989
f 9435/4990 9434/4989 9420/4978
f 9436/4991 9435/4990 9420/4978
f 9433/4988 9436/4991 9420/4978
o B747taiB_B747tail
v -0.032328 -4.928629 -0.459583
v -0.032328 -4.927563 -0.483488
v -0.032328 -4.919919 -0.841410
v -0.032328 -4.699538 -0.918408
v -0.032328 -4.684332 -0.923292
v -0.032328 -4.753208 -0.900185
v -0.032328 -4.871218 -0.859023
v -0.042079 -4.928735 -0.467799
v -0.051618 -4.928904 -0.567310
v -0.043165 -4.870653 -0.610091
v -0.047953 -4.924168 -0.704563
v -0.038907 -4.695390 -0.809109
v -0.039168 -4.710209 -0.870492
v -0.037668 -4.928662 -0.462358
v -0.044387 -4.928839 -0.474452
v -0.038250 -4.926937 -0.495892
v -0.038759 -4.920685 -0.533800
v -0.039398 -4.916972 -0.546598
v -0.039426 -4.911501 -0.558053
v -0.048857 -4.920853 -0.560183
v -0.051120 -4.928990 -0.550700
v -0.037320 -4.877761 -0.597836
v -0.047709 -4.902400 -0.715671
v -0.037965 -4.793550 -0.695060
v -0.036298 -4.707699 -0.792845
v -0.040946 -4.771466 -0.722406
v -0.043053 -4.795766 -0.698742
v -0.040379 -4.709519 -0.795517
v -0.035850 -4.681386 -0.824840
v -0.036604 -4.677105 -0.834937
v -0.032628 -4.672130 -0.915493
v -0.039839 -4.684541 -0.825846
v -0.032592 -4.672949 -0.923780
v -0.042778 -4.767880 -0.831147
v -0.032776 -4.675951 -0.923401
v -0.033048 -4.679504 -0.921217
v -0.032915 -4.709279 -0.912692
v -0.033945 -4.919888 -0.839249
v -0.037525 -4.694908 -0.884465
v -0.036421 -4.847073 -0.856397
v -0.042489 -4.849205 -0.823574
v -0.033850 -4.697302 -0.910414
v -0.045762 -4.828456 -0.792739
v -0.047885 -4.923371 -0.705943
v -0.047895 -4.924139 -0.705406
v -0.047781 -4.924080 -0.707079
v -0.046528 -4.923439 -0.725494
v -0.046387 -4.923367 -0.727553
v -0.046259 -4.858677 -0.752846
v -0.046389 -4.867844 -0.744810
v -0.035885 -4.920036 -0.831286
v -0.043121 -4.922038 -0.769347
v -0.042871 -4.921965 -0.772168
v -0.042178 -4.760021 -0.837735
v -0.042704 -4.767832 -0.832370
v -0.039089 -4.710979 -0.871418
v -0.040007 -4.725555 -0.861408
v -0.035435 -4.919991 -0.833308
v -0.036032 -4.883287 -0.846283
v -0.045723 -4.824333 -0.793563
v -0.043846 -4.787161 -0.819094
v -0.043779 -4.785815 -0.820017
v -0.034723 -4.774551 -0.884718
v -0.042515 -4.850680 -0.823037
v -0.033584 -4.695740 -0.912577
v -0.045779 -4.829805 -0.791813
v -0.037700 -4.694759 -0.882558
v -0.039017 -4.693651 -0.868321
v -0.036428 -4.848742 -0.855823
v -0.046125 -4.903223 -0.741388
v -0.046109 -4.901875 -0.742314
v -0.038976 -4.692122 -0.867810
v -0.050510 -4.927496 -0.560783
v -0.050860 -4.927941 -0.562847
v -0.050950 -4.927104 -0.631864
v -0.050856 -4.926996 -0.634253
v -0.042104 -4.749965 -0.754949
v -0.041039 -4.718431 -0.789438
v -0.049550 -4.915175 -0.576821
v -0.044423 -4.810522 -0.688717
v -0.045807 -4.845406 -0.650566
v -0.043596 -4.762751 -0.782421
v -0.040328 -4.686434 -0.827916
v -0.040373 -4.698534 -0.811198
v -0.033056 -4.683900 -0.919849
v -0.033054 -4.682195 -0.920378
v -0.039648 -4.687074 -0.848402
v -0.040303 -4.688096 -0.825411
v -0.039493 -4.686968 -0.850785
v -0.039973 -4.686602 -0.824249
vt 0.881330 0.027355
vt 0.898729 0.022541
vt 0.911539 0.022932
vt 0.784451 0.053294
vt 0.751909 0.021972
vt 0.857445 0.029717
vt 0.759809 0.067301
vt 0.737750 0.087934
vt 0.733651 0.052664
vt 0.473937 0.532805
vt 0.421282 0.616101
vt 0.637550 0.242000
vt 0.141300 0.915361
vt 0.041098 0.946370
vt 0.055100 0.901711
vt 0.224041 0.955850
vt 0.222104 0.943953
vt 0.254332 0.903034
vt 0.280504 0.849743
vt 0.033528 0.987673
vt 0.034258 0.976347
vt 0.049485 0.990764
vt 0.034466 0.944739
vt 0.043872 0.887388
vt 0.174082 0.934796
vt 0.108743 0.604464
vt 0.078960 0.684961
vt 0.158221 0.239867
vt 0.182752 0.194349
vt 0.192136 0.056181
vt 0.922016 0.023209
vt 0.927360 0.023332
vt 0.661147 0.215189
vt 0.285648 0.856606
vt 0.466847 0.524449
vt 0.305721 0.648970
vt 0.378143 0.252592
vt 0.434252 0.122259
vt 0.204598 0.971997
vt 0.038463 0.962948
vt 0.040077 0.952801
vt 0.226479 0.322893
vt 0.109230 0.904853
vt 0.059265 0.895823
vt 0.235105 0.556903
vt 0.284266 0.416705
vt 0.211896 0.629623
vt 0.054878 0.850649
vt 0.196297 0.056301
vt 0.153628 0.789262
vt 0.199213 0.659265
vt 0.136136 0.847139
vt 0.163276 0.330935
vt 0.285852 0.401150
vt 0.455640 0.040159
vt 0.452983 0.043164
vt 0.454016 0.040267
vt 0.211629 0.055741
vt 0.325462 0.048468
vt 0.382949 0.124240
vt 0.140316 0.909590
vt 0.362669 0.287167
vt 0.209543 0.629805
vt 0.134353 0.844235
vt 0.207736 0.055913
vt 0.164382 0.324641
vt 0.227513 0.317331
vt 0.233327 0.561981
vt 0.112902 0.905412
vt 0.287634 0.396063
vt 0.450795 0.040488
vt 0.415336 0.042909
vt 0.411372 0.043179
vt 0.384732 0.119155
vt 0.330896 0.048191
vt 0.358619 0.697194
vt 0.486151 0.468793
vt 0.559613 0.337224
vt 0.250309 0.891173
vt 0.292210 0.816129
vt 0.732495 0.027606
vt 0.728521 0.025927
vt 0.701611 0.074078
vt 0.719927 0.022298
vt 0.591026 0.029492
vt 0.595624 0.029086
vt 0.222941 0.930543
vt 0.178671 0.934397
vt 0.218119 0.936811
vt 0.225180 0.936179
usemtl B747tail
s off
f 9438/4992 9451/4993 9444/4994
f 9453/4995 9457/4996 9452/4997
f 9454/4998 9455/4999 9456/5000
f 9456/5000 9457/4996 9453/4995
f 9460/5001 9462/5002 9446/5003
f 9508/5004 9521/5005 9501/5006
f 9465/5007 9468/5008 9448/5009
f 9468/5008 9464/5010 9448/5009
f 9469/5011 9471/5012 9467/5013
f 9501/5006 9441/5014 9440/5015
f 9525/5016 9521/5005 9508/5004
f 9499/5017 9442/5018 9443/5019
f 9495/5020 9443/5019 9439/5021
f 9444/4994 9450/5022 9438/4992
f 9450/5022 9437/5023 9438/4992
f 9438/4992 9452/4997 9451/4993
f 9451/4993 9452/4997 9457/4996
f 9454/4998 9456/5000 9453/4995
f 9446/5003 9456/5000 9455/4999
f 9458/5024 9446/5003 9455/4999
f 9446/5003 9458/5024 9460/5001
f 9461/5025 9448/5009 9462/5002
f 9460/5001 9461/5025 9462/5002
f 9446/5003 9462/5002 9463/5026
f 9462/5002 9448/5009 9464/5010
f 9463/5026 9462/5002 9464/5010
f 9518/5027 9486/5028 9459/5029
f 9448/5009 9461/5025 9465/5007
f 9465/5007 9466/5030 9468/5008
f 9467/5013 9472/5031 9522/5032
f 9477/5033 9475/5034 9478/5035
f 9497/5036 9496/5037 9470/5038
f 9467/5013 9471/5012 9472/5031
f 9440/5015 9473/5039 9501/5006
f 9499/5017 9473/5039 9442/5018
f 9439/5021 9474/5040 9495/5020
f 9493/5041 9490/5042 9449/5043
f 9470/5038 9449/5043 9490/5042
f 9478/5035 9476/5044 9477/5033
f 9479/5045 9475/5034 9477/5033
f 9447/5046 9480/5047 9481/5048
f 9473/5039 9499/5017 9501/5006
f 9487/5049 9489/5050 9507/5051
f 9449/5043 9470/5038 9504/5052
f 9485/5053 9504/5052 9470/5038
f 9470/5038 9490/5042 9491/5054
f 9449/5043 9492/5055 9493/5041
f 9474/5040 9494/5056 9495/5020
f 9505/5057 9507/5051 9500/5058
f 9470/5038 9498/5059 9497/5036
f 9449/5043 9503/5060 9492/5055
f 9504/5052 9503/5060 9449/5043
f 9502/5061 9500/5058 9507/5051
f 9443/5019 9495/5020 9499/5017
f 9470/5038 9491/5054 9498/5059
f 9482/5062 9485/5053 9483/5063
f 9470/5038 9496/5037 9485/5053
f 9447/5046 9459/5029 9480/5047
f 9459/5029 9486/5028 9480/5047
f 9505/5057 9487/5049 9507/5051
f 9484/5064 9506/5065 9488/5066
f 9486/5028 9518/5027 9508/5004
f 9485/5053 9496/5037 9483/5063
f 9463/5026 9513/5067 9516/5068
f 9446/5003 9463/5026 9517/5069
f 9516/5068 9517/5069 9463/5026
f 9464/5010 9520/5070 9514/5071
f 9501/5006 9521/5005 9441/5014
f 9456/5000 9446/5003 9509/5072
f 9517/5069 9509/5072 9446/5003
f 9510/5073 9515/5074 9445/5075
f 9463/5026 9464/5010 9513/5067
f 9514/5071 9513/5067 9464/5010
f 9512/5076 9518/5027 9459/5029
f 9459/5029 9447/5046 9512/5076
f 9445/5075 9457/4996 9510/5073
f 9445/5075 9515/5074 9511/5077
f 9515/5074 9524/5078 9511/5077
f 9508/5004 9518/5027 9525/5016
f 9511/5077 9524/5078 9523/5079
f 9466/5030 9519/5080 9468/5008
f 9464/5010 9468/5008 9520/5070
f 9519/5080 9526/5081 9468/5008
f 9520/5070 9468/5008 9526/5081
f 9522/5032 9519/5080 9466/5030
f 9467/5013 9522/5032 9466/5030
f 9509/5072 9510/5073 9457/4996
f 9456/5000 9509/5072 9457/4996
o B747taiB_B747cpit
v 0.007502 -4.953367 0.694225
v 0.013241 -4.963166 0.693680
v 0.006869 -4.961697 0.707258
v 0.007427 -4.962264 0.706734
v -0.001871 -4.946994 0.705025
v 0.003619 -4.947049 0.694412
v -0.002103 -4.946247 0.704532
v 0.000322 -4.961248 0.720999
v -0.002107 -4.960674 0.723101
v 0.005933 -4.962063 0.709949
v -0.001620 -4.961239 0.723669
v -0.009565 -4.945788 0.714698
v -0.003282 -4.946347 0.706305
v -0.004581 -4.959163 0.723695
v -0.017507 -4.945813 0.719991
v -0.011162 -4.945876 0.715948
v -0.015645 -4.963933 0.745740
v -0.031337 -4.962528 0.746184
v -0.003093 -4.960911 0.725480
v -0.031223 -4.945489 0.724997
v -0.012645 -4.961984 0.740358
v -0.060079 -4.959163 0.723695
v -0.047153 -4.945813 0.719991
v -0.053495 -4.945876 0.715948
v -0.049012 -4.963933 0.745740
v -0.033320 -4.962528 0.746184
v -0.061564 -4.960911 0.725480
v -0.033435 -4.945489 0.724997
v -0.052015 -4.961984 0.740358
v -0.064981 -4.961248 0.721000
v -0.062553 -4.960674 0.723101
v -0.070593 -4.962063 0.709949
v -0.063040 -4.961239 0.723669
v -0.055093 -4.945788 0.714698
v -0.061378 -4.946347 0.706305
v -0.072162 -4.953367 0.694225
v -0.077901 -4.963166 0.693680
v -0.071529 -4.961697 0.707258
v -0.072085 -4.962264 0.706734
v -0.062789 -4.946994 0.705025
v -0.068279 -4.947049 0.694412
v -0.062557 -4.946247 0.704532
vt 156.820312 -2231.170898
vt 156.523438 -2280.420166
vt 179.414062 -2229.026123
vt 154.332031 -2282.480469
vt 119.914062 -2273.689209
vt 141.531250 -2231.909180
vt 119.007812 -2271.750732
vt 128.554688 -2336.583008
vt 89.621094 -2311.775391
vt 118.988281 -2344.856201
vt 120.906250 -2347.092773
vt 150.640625 -2293.076416
vt 114.359375 -2278.730957
vt 58.359375 -2332.613037
vt 65.687500 -2433.988281
vt 77.500000 -2412.795898
vt 4.355469 -2352.323242
vt 109.253906 -2347.195312
vt 83.335938 -2316.694824
vt 3.902344 -2435.735352
vt 115.101562 -2354.224121
vt -65.679688 -2433.988525
vt -58.355469 -2332.613281
vt -77.496094 -2412.795898
vt -4.351562 -2352.323486
vt -83.332031 -2316.695068
vt -109.250000 -2347.195312
vt -3.898438 -2435.735352
vt -115.097656 -2354.224121
vt -89.617188 -2311.775635
vt -128.550781 -2336.583496
vt -118.984375 -2344.856445
vt -120.902344 -2347.093018
vt -150.640625 -2293.076660
vt -114.359375 -2278.730957
vt -156.519531 -2280.420654
vt -156.820312 -2231.171387
vt -179.414062 -2229.026611
vt -154.332031 -2282.480957
vt -119.914062 -2273.689697
vt -141.531250 -2231.909668
vt -119.007812 -2271.750977
usemtl B747cpit
s off
f 9527/5082 9530/5083 9528/5084
f 9527/5082 9529/5085 9530/5083
f 9527/5082 9531/5086 9529/5085
f 9531/5086 9527/5082 9532/5087
f 9532/5087 9533/5088 9531/5086
f 9534/5089 9538/5090 9535/5091
f 9534/5089 9535/5091 9537/5092
f 9536/5093 9538/5090 9534/5089
f 9538/5090 9536/5093 9539/5094
f 9541/5095 9543/5096 9547/5097
f 9546/5098 9543/5096 9541/5095
f 9540/5099 9542/5100 9541/5095
f 9543/5096 9546/5098 9544/5101
f 9540/5099 9541/5095 9547/5097
f 9547/5097 9545/5102 9540/5099
f 9551/5103 9549/5104 9555/5105
f 9551/5103 9554/5106 9549/5104
f 9550/5107 9548/5108 9549/5104
f 9554/5106 9551/5103 9552/5109
f 9549/5104 9548/5108 9555/5105
f 9553/5110 9555/5105 9548/5108
f 9560/5111 9556/5112 9557/5113
f 9557/5113 9556/5112 9559/5114
f 9560/5111 9558/5115 9556/5112
f 9558/5115 9560/5111 9561/5116
f 9565/5117 9562/5118 9563/5119
f 9564/5120 9562/5118 9565/5117
f 9566/5121 9562/5118 9564/5120
f 9566/5121 9567/5122 9562/5118
f 9568/5123 9567/5122 9566/5121
