# XSI Wavefront OBJ Export v3.0
# File Created: Sun May 24 19:00:12 2009
# XSI Version: 7.5.191.0
mtllib boeing_1587triangles.mtl

o boeing
# Hierarchy (from self to top father)
g boeing

#begin 1651 vertices
v -16.485881 -15.046134 -132.175419
v -17.364219 -12.816764 -130.748235
v -17.186046 -12.812125 -132.175480
v -16.665516 -15.046134 -130.748111
v -22.327016 -18.035277 -36.854298
v -23.080352 -15.805907 -35.427114
v -23.056007 -15.801268 -36.854360
v -22.352876 -18.035277 -35.426992
v -22.283969 -18.196914 -53.483414
v -22.726316 -15.967543 -52.056228
v -22.701971 -15.962905 -53.483475
v -22.309829 -18.196913 -52.056106
v -22.276303 -18.039889 -56.734555
v -22.718652 -15.810519 -55.307368
v -22.694305 -15.805880 -56.734614
v -22.302163 -18.039889 -55.307247
v -21.948349 -17.910982 -59.992608
v -22.701684 -15.681613 -58.565424
v -22.677339 -15.676974 -59.992671
v -21.974210 -17.910982 -58.565303
v -21.883725 -17.781827 -63.252724
v -22.668323 -15.552457 -61.825539
v -22.613045 -15.547819 -63.252786
v -21.940520 -17.781827 -61.825418
v -21.796244 -17.652677 -66.510781
v -22.580842 -15.423307 -65.083596
v -22.525564 -15.418668 -66.510841
v -21.853039 -17.652677 -65.083474
v -21.708762 -17.523527 -69.768837
v -22.493361 -15.294157 -68.341651
v -22.438083 -15.289518 -69.768899
v -21.765558 -17.523527 -68.341530
v -21.621282 -17.394376 -73.026894
v -22.405880 -15.165006 -71.599709
v -22.350602 -15.160368 -73.026956
v -21.678077 -17.394376 -71.599587
v -21.533800 -17.265226 -76.284949
v -22.318399 -15.035856 -74.857765
v -22.263120 -15.031217 -76.285010
v -21.590596 -17.265226 -74.857644
v -21.446320 -17.136076 -79.543008
v -22.230919 -14.906706 -78.115824
v -22.175640 -14.902067 -79.543069
v -21.503115 -17.136075 -78.115701
v -21.394059 -17.005846 -82.800440
v -22.143537 -14.777304 -81.373343
v -22.088281 -14.772538 -82.801127
v -21.422998 -17.006871 -81.370097
v -21.369656 -16.875180 -86.057200
v -22.058650 -14.645972 -84.630059
v -22.031914 -14.641241 -86.057280
v -21.397337 -16.875180 -84.629892
v -21.099856 -16.747067 -89.817926
v -21.930924 -14.517697 -88.390740
v -21.762014 -14.513058 -89.817988
v -21.270149 -16.747067 -88.390619
v -20.749403 -16.618161 -93.075497
v -21.580471 -14.388790 -91.648309
v -21.411561 -14.384152 -93.075556
v -20.919695 -16.618161 -91.648187
v -20.412061 -16.444821 -96.333550
v -21.243129 -14.215450 -94.906364
v -21.074219 -14.210812 -96.333614
v -20.582354 -16.444820 -94.906245
v -20.054682 -16.338986 -99.591852
v -20.885750 -14.109616 -98.164667
v -20.716840 -14.104977 -99.591913
v -20.224975 -16.338986 -98.164545
v -19.697303 -16.233151 -102.850153
v -20.528371 -14.003781 -101.422970
v -20.359461 -13.999142 -102.850215
v -19.867596 -16.233151 -101.422846
v -19.339924 -16.127316 -106.108454
v -20.170992 -13.897946 -104.681271
v -20.002081 -13.893307 -106.108514
v -19.510216 -16.127316 -104.681147
v -18.982545 -16.021481 -109.366755
v -19.813613 -13.792111 -107.939569
v -19.644703 -13.787473 -109.366816
v -19.152837 -16.021481 -107.939448
v -18.625166 -15.915646 -112.625056
v -19.456234 -13.686276 -111.197870
v -19.287323 -13.681637 -112.625116
v -18.795458 -15.915646 -111.197749
v -18.267787 -15.809811 -115.883356
v -19.098855 -13.580441 -114.456172
v -18.929944 -13.575802 -115.883418
v -18.438079 -15.809811 -114.456049
v -17.923803 -15.640011 -119.188288
v -18.754871 -13.410641 -117.761102
v -18.585961 -13.406003 -119.188349
v -18.094096 -15.640012 -117.760980
v -17.600782 -15.414903 -122.398415
v -18.438663 -13.185243 -120.971358
v -18.269762 -13.180594 -122.398552
v -17.777074 -15.414525 -120.971679
v -17.217600 -15.329121 -125.656720
v -18.075475 -13.099044 -124.229553
v -17.906590 -13.094400 -125.656602
v -17.397202 -15.328724 -124.230614
v -16.847775 -15.200553 -128.915409
v -17.724482 -12.970548 -127.488065
v -17.548031 -12.966273 -128.915403
v -17.027409 -15.200553 -127.488103
v -7.608893 -18.792180 210.514178
v -6.220370 -16.579749 211.920969
v -6.892157 -16.573895 210.496757
v -7.027540 -18.836097 211.872926
v -10.698344 -1.258360 183.356448
v -8.632245 1.825548 179.657111
v -11.989643 -1.307930 180.038831
v -7.186438 2.019832 182.231357
v 7.523073 -1.328482 187.856835
v 0.474571 -1.091161 193.607362
v -8.943777 -18.795288 207.129738
v -8.436875 -18.779055 208.501159
v -8.382873 -18.175890 208.690838
v -8.905232 -17.913601 207.172900
v 0.372486 2.658659 187.781575
v 3.660563 2.180391 186.211666
v -10.245468 -18.845243 203.751841
v -9.509932 -16.589165 205.173694
v -10.178922 -16.582107 203.749862
v -7.859977 -16.531100 208.563475
v -8.528627 -16.524945 207.140561
v -9.693782 -18.837415 205.145571
v -11.537820 -18.909444 200.415089
v -11.000957 -16.650271 201.851921
v -11.622930 -16.642308 200.404426
v -10.905105 -18.907854 201.838429
v -12.401656 -18.871960 197.277678
v -12.191170 -16.630823 198.707684
v -12.596300 -16.632841 197.278799
v -12.023137 -18.872158 198.705228
v 4.580480 -2.099025 192.154978
v -0.313071 -1.058747 193.634989
v -0.224997 2.708664 187.818632
v -4.497115 -1.961370 192.240041
v -13.353231 -18.871693 193.631914
v -13.176120 -16.642560 195.059355
v -13.547693 -16.638310 193.632026
v 23.155456 -18.186901 19.530859
v 23.219472 -15.921104 19.541019
v 23.210142 -15.928766 20.978356
v 23.148508 -18.183947 20.966025
v -12.981703 -18.871891 195.059563
v -7.467468 -1.156546 187.935042
v -5.101389 2.206448 185.102540
v -3.590077 2.328927 186.322697
v -7.878533 -1.212470 187.515200
v 23.073107 -15.971002 34.510506
v 23.071363 -15.975641 35.937752
v 23.002798 -18.205011 34.510566
v -14.252962 -18.869224 189.944985
v -14.058908 -16.638995 191.371121
v -14.357490 -16.633797 189.943326
v -13.909999 -18.870367 191.372799
v -10.238176 -1.078407 184.241689
v -6.871265 2.043284 182.673896
v -5.356012 2.210304 184.874827
v 5.213383 2.142735 185.030558
v -14.992147 -18.867806 186.433803
v -14.792402 -16.638436 187.860986
v -15.090838 -16.633797 186.433740
v -14.693903 -18.867806 187.861108
v 10.324125 -1.136353 184.207072
v 6.987278 2.012733 182.645358
v 5.444134 2.151532 184.828737
v 7.950339 -1.361532 187.459577
v 10.698344 -1.258360 183.356448
v 11.989643 -1.307930 180.038831
v -15.760761 -18.867838 182.788948
v -15.554077 -16.638182 184.216117
v -15.859399 -16.633643 182.788864
v -15.455665 -18.867821 184.215957
v -15.802713 -1.036672 142.872498
v -14.659093 1.197337 141.445129
v -14.652784 1.192698 142.872376
v -15.810886 -1.036672 141.445191
v -16.542284 -18.867327 179.143198
v -16.332415 -16.638820 180.568810
v -16.603284 -16.632313 179.141436
v -16.236206 -18.867798 180.570978
v -15.860063 -1.036672 132.856752
v -14.716444 1.197337 131.429383
v -17.251081 -18.864195 175.514813
v -17.005897 -16.634825 176.941998
v -17.267184 -16.630186 175.514752
v -16.989816 -18.864195 176.942120
v -14.710134 1.192698 132.856630
v -15.868237 -1.036672 131.429444
v -15.917379 -1.036672 122.847105
v -14.773760 1.197337 121.419740
v -17.872287 -18.861265 172.121235
v -17.627104 -16.631895 173.548418
v -17.888391 -16.627256 172.121172
v -14.767450 1.192698 122.846985
v -15.925552 -1.036672 121.419801
v 22.420708 -18.008336 -32.168398
v 13.547693 -16.638310 193.632026
v -17.611023 -18.861265 173.548539
v 22.937639 -16.201725 54.528815
v 22.927278 -16.206364 55.956061
v 22.905310 -18.435734 54.528876
v -18.353515 -18.861157 168.543334
v -18.211388 -16.631787 169.970520
v -18.369773 -16.627149 168.543275
v -18.195158 -18.861157 169.970642
v 22.880787 -18.474430 57.851386
v 22.902754 -16.245060 59.278571
v 22.870493 -18.474430 59.278694
v 21.153576 -11.708129 100.923836
v 21.262239 -11.724342 95.203764
v 22.289460 -23.684258 95.169818
v 15.860063 -1.036672 132.856752
v -18.725983 -18.863965 165.186034
v -18.583855 -16.634595 166.613216
v -18.742240 -16.629956 165.185975
v 12.023137 -18.872158 198.705228
v 12.401656 -18.871960 197.277678
v -18.567625 -18.863965 166.613339
v 12.191170 -16.630823 198.707684
v 12.596300 -16.632841 197.278799
v -20.278011 -18.858370 150.147545
v -20.106205 -16.628999 151.574728
v -20.248110 -16.624361 150.147484
v -20.136038 -18.858370 151.574850
v 10.905105 -18.907854 201.838429
v 11.537820 -18.909444 200.415089
v -20.466780 -18.858489 146.571004
v -20.396224 -16.629118 147.998186
v -20.436924 -16.624479 146.570941
v -20.426016 -18.858488 147.998310
v -20.560752 -18.858610 143.280716
v -20.490196 -16.629240 144.707902
v -20.530897 -16.624602 143.280659
v 19.698492 -12.084277 155.157823
v 19.944090 -16.637566 156.050360
v 19.995866 -18.860129 156.048773
v 14.767450 1.192698 122.846985
v -20.519988 -18.858610 144.708026
v 19.301437 -23.637414 161.068027
v 19.857360 -18.904884 157.437728
v 19.806045 -16.687588 157.523531
v 15.917379 -1.036672 122.847105
v 11.000957 -16.650271 201.851921
v 11.622930 -16.642308 200.404426
v 23.169284 -14.704612 24.741851
v 23.203809 -14.706310 18.634278
v 21.695570 -11.010309 18.871467
v 21.638982 -10.981045 24.561488
v -20.654723 -18.858733 139.990435
v -20.584168 -16.629362 141.417620
v -20.624868 -16.624723 139.990372
v 23.018815 -18.205011 31.214281
v 23.060767 -15.901346 32.641085
v 23.007323 -18.205011 32.641588
v -20.613961 -18.858733 141.417745
v 14.710134 1.192698 132.856630
v -20.748696 -18.858885 136.700185
v -20.678725 -16.629565 138.127582
v -20.722656 -16.625352 136.700280
v 22.956456 -22.786719 24.570625
v 14.716444 1.197337 131.429383
v 22.956925 -22.788118 18.886623
v -20.707932 -18.858854 138.127457
v 23.058684 -15.883210 31.214028
v -20.842672 -18.859370 133.409846
v -20.782992 -16.630551 134.837361
v -20.829202 -16.626061 133.410191
v -20.801898 -18.859389 134.837540
v -20.939199 -18.860190 130.119836
v -20.889538 -16.630886 131.547187
v -20.935751 -16.626282 130.119907
v -20.895854 -18.860160 131.547821
v -21.045192 -18.860291 126.839183
v -20.995781 -16.630921 128.266369
v -21.041992 -16.626283 126.839123
v -20.998972 -18.860291 128.266490
v -21.151434 -18.860291 123.558399
v -21.102022 -16.630921 124.985584
v -21.148234 -16.626282 123.558337
v -21.105213 -18.860291 124.985706
v -21.259183 -18.860291 120.231079
v -21.209770 -16.630921 121.658264
v -21.255983 -16.626282 120.231018
v -21.212962 -18.860291 121.658385
v -21.352615 -18.860291 117.345849
v -21.303202 -16.630921 118.773035
v -21.349414 -16.626282 117.345788
v -21.306394 -18.860291 118.773157
v -21.455841 -18.860291 114.158136
v -21.406430 -16.630921 115.585324
v -21.452642 -16.626282 114.158075
v -21.409622 -18.860291 115.585446
v -21.550027 -18.860291 111.249640
v -21.500616 -16.630921 112.676825
v -21.546827 -16.626282 111.249579
v -21.503808 -18.860291 112.676948
v -21.674418 -18.860291 108.090156
v -21.610351 -16.630921 109.517340
v -21.671205 -16.626282 108.090094
v -21.613554 -18.860290 109.517462
v -21.801251 -18.860279 105.115777
v -21.737188 -16.630969 106.542887
v -21.796839 -16.626196 105.115656
v -21.740387 -18.860291 106.543097
v -22.352646 -18.883161 91.158255
v -22.291707 -16.654514 92.586072
v -22.339649 -16.650603 91.158684
v -22.304708 -18.883626 92.586606
v -22.391575 -18.838937 87.836102
v -22.361786 -16.609554 89.263317
v -22.378865 -16.604992 87.836056
v -22.374746 -18.838937 89.263411
v -22.432828 -18.795474 84.516062
v -22.425723 -16.566628 85.943889
v -22.461659 -16.562254 84.516858
v -22.413626 -18.795216 85.943754
v -22.513402 -18.751558 81.196401
v -22.509831 -16.522188 82.623586
v -22.545775 -16.517549 81.196339
v -22.477524 -18.751558 82.623708
v -22.597519 -18.706854 77.875883
v -22.593947 -16.477483 79.303068
v -22.629891 -16.472844 77.875820
v -22.561640 -18.706854 79.303190
v -22.681635 -18.662149 74.555365
v -22.678063 -16.432779 75.982550
v -22.714007 -16.428140 74.555302
v -22.645756 -18.662149 75.982672
v -22.766800 -18.603956 71.200899
v -22.763228 -16.374586 72.628085
v -22.799172 -16.369948 71.200839
v -22.730921 -18.603956 72.628206
v -22.807915 -18.542476 67.818549
v -22.829882 -16.313107 69.245735
v -22.840243 -16.308467 67.818487
v -22.797621 -18.542477 69.245858
v -22.831644 -18.558591 64.496162
v -22.853611 -16.329220 65.923345
v -22.863973 -16.324582 64.496103
v -22.821350 -18.558591 65.923469
v -22.857058 -18.458317 61.173773
v -22.879025 -16.228947 62.600960
v -22.889385 -16.224308 61.173711
v -22.846763 -18.458317 62.601080
v -22.880787 -18.474430 57.851386
v -22.902754 -16.245060 59.278571
v -22.913115 -16.240421 57.851323
v -22.870493 -18.474430 59.278694
v -22.905310 -18.435734 54.528876
v -22.927278 -16.206364 55.956061
v -22.937639 -16.201725 54.528815
v -22.895016 -18.435734 55.956184
v -22.953581 -18.358341 47.991400
v -22.975549 -16.128971 49.418586
v -22.985910 -16.124333 47.991339
v -22.943287 -18.358341 49.418708
v -22.992843 -18.281388 41.251327
v -23.025282 -16.051576 42.678305
v -23.035643 -16.046930 41.251227
v -22.990088 -18.280870 42.677098
v -22.394848 -18.008336 -33.595706
v -23.148183 -15.778966 -32.168518
v -23.123838 -15.774327 -33.595766
v -22.420708 -18.008336 -32.168398
v -22.450468 -18.021806 -30.283249
v -23.203803 -15.792437 -28.856065
v -23.179457 -15.787798 -30.283311
v -22.476328 -18.021806 -28.855942
v -22.543302 -18.003501 -27.016504
v -23.267879 -15.777642 -25.584671
v -23.243138 -15.774327 -27.011253
v -22.638098 -18.004205 -25.581255
v -22.770033 -18.010453 -23.702653
v -23.324129 -15.788677 -22.272848
v -23.299348 -15.785858 -23.698797
v -22.870803 -18.009296 -22.276536
v -23.041391 -17.992920 -20.421735
v -23.357571 -15.752703 -18.990440
v -23.365142 -15.749823 -20.417047
v -23.141672 -17.990913 -18.992174
v -23.145093 -17.967410 -17.097254
v -23.330967 -15.718112 -15.669259
v -23.338735 -15.712802 -17.096905
v -23.145713 -17.967410 -15.669947
v -23.151542 -17.921023 -13.837367
v -23.299161 -15.660487 -12.409401
v -23.306793 -15.653332 -13.836987
v -23.152163 -17.921022 -12.410059
v -23.157013 -17.883669 -10.543839
v -23.249178 -15.620234 -9.116705
v -23.265833 -15.611324 -10.543539
v -23.157693 -17.882835 -9.119317
v -23.150575 -17.911386 -7.258626
v -23.277977 -15.651796 -5.833481
v -23.249817 -15.640433 -7.260713
v -23.134121 -17.911954 -5.830711
v -23.114093 -17.898483 -3.959029
v -23.307997 -15.658663 -2.534201
v -23.302220 -15.646309 -3.960030
v -23.097701 -17.898483 -2.531722
v -23.083379 -17.831130 -0.646574
v -23.309470 -15.602062 0.779913
v -23.319916 -15.595610 -0.646923
v -23.066989 -17.831130 0.780732
v -23.047578 -17.817659 2.598554
v -23.273701 -15.588289 4.025739
v -23.290595 -15.583650 2.598494
v -23.031188 -17.817659 4.025861
v -23.025111 -17.814025 5.893266
v -23.237226 -15.586517 7.323020
v -23.252735 -15.583427 5.897377
v -23.111592 -17.811419 7.317034
v -23.168584 -17.811447 9.195546
v -23.267190 -15.581269 10.623061
v -23.274126 -15.577293 9.195738
v -23.168380 -17.811315 10.622495
v -23.018815 -18.205011 31.214281
v -23.060767 -15.901346 32.641085
v -23.058684 -15.883210 31.214028
v -23.007323 -18.205011 32.641588
v -23.002798 -18.205011 34.510566
v -23.071363 -15.975641 35.937752
v -23.073107 -15.971002 34.510506
v -23.001201 -18.205011 35.937875
v 9.693782 -18.837415 205.145571
v 7.859977 -16.531100 208.563475
v 22.895016 -18.435734 55.956184
v 22.377507 -18.348048 -46.258071
v 15.810886 -1.036672 141.445191
v 23.116705 -14.833087 -47.293679
v 22.920583 -16.128649 -46.261904
v 23.179457 -15.787798 -30.283311
v 23.203803 -15.792437 -28.856065
v 22.450468 -18.021806 -30.283249
v 8.528627 -16.524945 207.140561
v 10.245468 -18.845243 203.751841
v 23.168584 -17.811447 9.195546
v 23.267190 -15.581269 10.623061
v 23.168380 -17.811315 10.622495
v 22.035787 -11.398762 -47.006679
v 22.028600 -11.401773 -41.323585
v 23.141881 -14.846370 -41.085395
v 22.942035 -16.133578 -44.834624
v 22.400178 -18.347724 -44.831070
v 23.274126 -15.577293 9.195738
v 23.025111 -17.814025 5.893266
v 23.237226 -15.586517 7.323020
v 23.111592 -17.811419 7.317034
v 23.252735 -15.583427 5.897377
v 23.365142 -15.749823 -20.417047
v 23.357571 -15.752703 -18.990440
v 23.041391 -17.992920 -20.421735
v 17.872287 -18.861265 172.121235
v 17.627104 -16.631895 173.548418
v 17.611023 -18.861265 173.548539
v 23.047578 -17.817659 2.598554
v 23.273701 -15.588289 4.025739
v 23.031188 -17.817659 4.025861
v 17.888391 -16.627256 172.121172
v 22.476328 -18.021806 -28.855942
v 22.992843 -18.281388 41.251327
v 23.025282 -16.051576 42.678305
v 22.990088 -18.280870 42.677098
v 17.251081 -18.864195 175.514813
v 17.005897 -16.634825 176.941998
v 16.989816 -18.864195 176.942120
v 17.267184 -16.630186 175.514752
v 22.629891 -16.472844 77.875820
v 22.593947 -16.477483 79.303068
v 22.597519 -18.706854 77.875883
v 22.714007 -16.428140 74.555302
v 22.678063 -16.432779 75.982550
v 22.681635 -18.662149 74.555365
v 7.186438 2.019832 182.231357
v 14.946131 -19.657840 -135.078321
v 8.632245 1.825548 179.657111
v 13.970623 -19.515982 -140.525846
v 23.035643 -16.046930 41.251227
v 21.112809 -23.107972 -41.362371
v 17.660972 -7.981870 -140.657206
v 16.732263 -12.564114 -139.900516
v 16.058439 -14.751097 -139.898508
v 22.561640 -18.706854 79.303190
v 16.542284 -18.867327 179.143198
v 16.332415 -16.638820 180.568810
v 16.236206 -18.867798 180.570978
v 16.603284 -16.632313 179.141436
v 14.659093 1.197337 141.445129
v 16.285066 -14.728966 -138.455099
v 16.953651 -12.543688 -138.461318
v 15.760761 -18.867838 182.788948
v 15.554077 -16.638182 184.216117
v 15.455665 -18.867821 184.215957
v 15.859399 -16.633643 182.788864
v 14.652784 1.192698 142.872376
v 18.281966 -7.976886 -135.122585
v 22.863973 -16.324582 64.496103
v 22.853611 -16.329220 65.923345
v 22.831644 -18.558591 64.496162
v 14.992147 -18.867806 186.433803
v 14.792402 -16.638436 187.860986
v 14.693903 -18.867806 187.861108
v 15.090838 -16.633797 186.433740
v 15.925552 -1.036672 121.419801
v 19.066574 -12.077173 161.034268
v 14.252962 -18.869224 189.944985
v 14.058908 -16.638995 191.371121
v 13.909999 -18.870367 191.372799
v 14.357490 -16.633797 189.943326
v 23.001201 -18.205011 35.937875
v 23.123838 -15.774327 -33.595766
v 23.148183 -15.778966 -32.168518
v 22.394848 -18.008336 -33.595706
v 13.353231 -18.871693 193.631914
v 13.176120 -16.642560 195.059355
v 12.981703 -18.871891 195.059563
v 21.019163 -23.074762 -46.979289
v 15.802713 -1.036672 142.872498
v 18.742240 -16.629956 165.185975
v 18.583855 -16.634595 166.613216
v 18.725983 -18.863965 165.186034
v 18.353515 -18.861157 168.543334
v 18.211388 -16.631787 169.970520
v 18.195158 -18.861157 169.970642
v 21.151434 -18.860291 123.558399
v 21.102022 -16.630921 124.985584
v 21.105213 -18.860291 124.985706
v 18.369773 -16.627149 168.543275
v 21.041992 -16.626283 126.839123
v 20.995781 -16.630921 128.266369
v 21.045192 -18.860291 126.839183
v 20.939199 -18.860190 130.119836
v 20.889538 -16.630886 131.547187
v 20.895854 -18.860160 131.547821
v 20.935751 -16.626282 130.119907
v 20.842672 -18.859370 133.409846
v 20.782992 -16.630551 134.837361
v 20.801898 -18.859389 134.837540
v 20.829202 -16.626061 133.410191
v 23.141672 -17.990913 -18.992174
v 20.748696 -18.858885 136.700185
v 20.678725 -16.629565 138.127582
v 20.707932 -18.858854 138.127457
v 23.338735 -15.712802 -17.096905
v 23.330967 -15.718112 -15.669259
v 23.145093 -17.967410 -17.097254
v 20.722656 -16.625352 136.700280
v 23.145713 -17.967410 -15.669947
v 23.306793 -15.653332 -13.836987
v 23.299161 -15.660487 -12.409401
v 23.151542 -17.921023 -13.837367
v 23.152163 -17.921022 -12.410059
v 20.654723 -18.858733 139.990435
v 20.584168 -16.629362 141.417620
v 20.613961 -18.858733 141.417745
v 23.265833 -15.611324 -10.543539
v 23.249178 -15.620234 -9.116705
v 23.157013 -17.883669 -10.543839
v 20.624868 -16.624723 139.990372
v 23.157693 -17.882835 -9.119317
v 21.546827 -16.626282 111.249579
v 21.500616 -16.630921 112.676825
v 21.550027 -18.860291 111.249640
v 21.671205 -16.626282 108.090094
v 21.610351 -16.630921 109.517340
v 21.674418 -18.860291 108.090156
v 21.503808 -18.860291 112.676948
v 22.339649 -16.650603 91.158684
v 22.291707 -16.654514 92.586072
v 22.352646 -18.883161 91.158255
v 21.801251 -18.860279 105.115777
v 21.737188 -16.630969 106.542887
v 21.740387 -18.860291 106.543097
v 21.796839 -16.626196 105.115656
v 21.613554 -18.860290 109.517462
v 21.455841 -18.860291 114.158136
v 21.406430 -16.630921 115.585324
v 21.409622 -18.860291 115.585446
v 21.452642 -16.626282 114.158075
v 21.352615 -18.860291 117.345849
v 21.303202 -16.630921 118.773035
v 21.306394 -18.860291 118.773157
v 21.349414 -16.626282 117.345788
v 21.259183 -18.860291 120.231079
v 21.209770 -16.630921 121.658264
v 21.212962 -18.860291 121.658385
v 22.461659 -16.562254 84.516858
v 22.425723 -16.566628 85.943889
v 22.432828 -18.795474 84.516062
v 22.391575 -18.838937 87.836102
v 22.361786 -16.609554 89.263317
v 22.374746 -18.838937 89.263411
v 22.378865 -16.604992 87.836056
v 22.304708 -18.883626 92.586606
v 22.821350 -18.558591 65.923469
v 22.840243 -16.308467 67.818487
v 22.829882 -16.313107 69.245735
v 22.807915 -18.542476 67.818549
v 22.797621 -18.542477 69.245858
v 22.766800 -18.603956 71.200899
v 22.763228 -16.374586 72.628085
v 22.730921 -18.603956 72.628206
v 22.889385 -16.224308 61.173711
v 22.879025 -16.228947 62.600960
v 22.857058 -18.458317 61.173773
v 22.799172 -16.369948 71.200839
v 22.645756 -18.662149 75.982672
v 22.413626 -18.795216 85.943754
v 22.513402 -18.751558 81.196401
v 22.509831 -16.522188 82.623586
v 22.477524 -18.751558 82.623708
v 22.545775 -16.517549 81.196339
v 22.913115 -16.240421 57.851323
v 22.846763 -18.458317 62.601080
v 9.509932 -16.589165 205.173694
v 10.178922 -16.582107 203.749862
v 22.953581 -18.358341 47.991400
v 22.975549 -16.128971 49.418586
v 22.943287 -18.358341 49.418708
v 22.985910 -16.124333 47.991339
v 15.868237 -1.036672 131.429444
v 8.943777 -18.795288 207.129738
v 22.770033 -18.010453 -23.702653
v 23.324129 -15.788677 -22.272848
v 22.870803 -18.009296 -22.276536
v 22.543302 -18.003501 -27.016504
v 23.267879 -15.777642 -25.584671
v 22.638098 -18.004205 -25.581255
v 23.299348 -15.785858 -23.698797
v 21.148234 -16.626282 123.558337
v 23.249817 -15.640433 -7.260713
v 23.277977 -15.651796 -5.833481
v 23.150575 -17.911386 -7.258626
v 23.134121 -17.911954 -5.830711
v 20.560752 -18.858610 143.280716
v 20.490196 -16.629240 144.707902
v 20.519988 -18.858610 144.708026
v 23.302220 -15.646309 -3.960030
v 23.307997 -15.658663 -2.534201
v 23.114093 -17.898483 -3.959029
v 20.530897 -16.624602 143.280659
v 23.097701 -17.898483 -2.531722
v 23.319916 -15.595610 -0.646923
v 23.309470 -15.602062 0.779913
v 23.083379 -17.831130 -0.646574
v 20.466780 -18.858489 146.571004
v 20.396224 -16.629118 147.998186
v 20.426016 -18.858488 147.998310
v 20.436924 -16.624479 146.570941
v 23.066989 -17.831130 0.780732
v 14.773760 1.197337 121.419740
v 19.927148 -23.629413 155.368386
v 23.243138 -15.774327 -27.011253
v 21.255983 -16.626282 120.231018
v 23.290595 -15.583650 2.598494
v 20.278011 -18.858370 150.147545
v 20.106205 -16.628999 151.574728
v 20.136038 -18.858370 151.574850
v 20.248110 -16.624361 150.147484
v 18.567625 -18.863965 166.613339
v 22.328760 -16.593212 95.937837
v 22.282216 -16.589574 97.370742
v 22.336913 -18.811660 97.364862
v 22.381788 -18.805701 95.936185
v 20.998972 -18.860291 128.266490
v 17.186046 -12.812125 -132.175480
v 17.364219 -12.816764 -130.748235
v 16.485881 -15.046134 -132.175419
v 16.665516 -15.046134 -130.748111
v 23.056007 -15.801268 -36.854360
v 23.080352 -15.805907 -35.427114
v 22.327016 -18.035277 -36.854298
v 22.352876 -18.035277 -35.426992
v 22.701971 -15.962905 -53.483475
v 22.726316 -15.967543 -52.056228
v 22.283969 -18.196914 -53.483414
v 22.309829 -18.196913 -52.056106
v 22.694305 -15.805880 -56.734614
v 22.718652 -15.810519 -55.307368
v 22.276303 -18.039889 -56.734555
v 22.302163 -18.039889 -55.307247
v 22.677339 -15.676974 -59.992671
v 22.701684 -15.681613 -58.565424
v 21.948349 -17.910982 -59.992608
v 21.974210 -17.910982 -58.565303
v 22.613045 -15.547819 -63.252786
v 22.668323 -15.552457 -61.825539
v 21.883725 -17.781827 -63.252724
v 21.940520 -17.781827 -61.825418
v 22.525564 -15.418668 -66.510841
v 22.580842 -15.423307 -65.083596
v 21.796244 -17.652677 -66.510781
v 21.853039 -17.652677 -65.083474
v 22.438083 -15.289518 -69.768899
v 22.493361 -15.294157 -68.341651
v 21.708762 -17.523527 -69.768837
v 21.765558 -17.523527 -68.341530
v 22.350602 -15.160368 -73.026956
v 22.405880 -15.165006 -71.599709
v 21.621282 -17.394376 -73.026894
v 21.678077 -17.394376 -71.599587
v 22.263120 -15.031217 -76.285010
v 22.318399 -15.035856 -74.857765
v 21.533800 -17.265226 -76.284949
v 21.590596 -17.265226 -74.857644
v 22.175640 -14.902067 -79.543069
v 22.230919 -14.906706 -78.115824
v 21.446320 -17.136076 -79.543008
v 21.503115 -17.136075 -78.115701
v 22.088281 -14.772538 -82.801127
v 22.143537 -14.777304 -81.373343
v 21.394059 -17.005846 -82.800440
v 21.422998 -17.006871 -81.370097
v 22.031914 -14.641241 -86.057280
v 22.058650 -14.645972 -84.630059
v 21.369656 -16.875180 -86.057200
v 21.397337 -16.875180 -84.629892
v 21.762014 -14.513058 -89.817988
v 21.930924 -14.517697 -88.390740
v 21.099856 -16.747067 -89.817926
v 21.270149 -16.747067 -88.390619
v 21.411561 -14.384152 -93.075556
v 21.580471 -14.388790 -91.648309
v 20.749403 -16.618161 -93.075497
v 20.919695 -16.618161 -91.648187
v 21.074219 -14.210812 -96.333614
v 21.243129 -14.215450 -94.906364
v 20.412061 -16.444821 -96.333550
v 20.582354 -16.444820 -94.906245
v 20.716840 -14.104977 -99.591913
v 20.885750 -14.109616 -98.164667
v 20.054682 -16.338986 -99.591852
v 20.224975 -16.338986 -98.164545
v 20.359461 -13.999142 -102.850215
v 20.528371 -14.003781 -101.422970
v 19.697303 -16.233151 -102.850153
v 19.867596 -16.233151 -101.422846
v 20.002081 -13.893307 -106.108514
v 20.170992 -13.897946 -104.681271
v 19.339924 -16.127316 -106.108454
v 19.510216 -16.127316 -104.681147
v 19.644703 -13.787473 -109.366816
v 19.813613 -13.792111 -107.939569
v 18.982545 -16.021481 -109.366755
v 19.152837 -16.021481 -107.939448
v 19.287323 -13.681637 -112.625116
v 19.456234 -13.686276 -111.197870
v 18.625166 -15.915646 -112.625056
v 18.795458 -15.915646 -111.197749
v 18.929944 -13.575802 -115.883418
v 19.098855 -13.580441 -114.456172
v 18.267787 -15.809811 -115.883356
v 18.438079 -15.809811 -114.456049
v 18.585961 -13.406003 -119.188349
v 18.754871 -13.410641 -117.761102
v 17.923803 -15.640011 -119.188288
v 18.094096 -15.640012 -117.760980
v 18.269762 -13.180594 -122.398552
v 18.438663 -13.185243 -120.971358
v 17.600782 -15.414903 -122.398415
v 17.777074 -15.414525 -120.971679
v 17.906590 -13.094400 -125.656602
v 18.075475 -13.099044 -124.229553
v 17.217600 -15.329121 -125.656720
v 17.397202 -15.328724 -124.230614
v 17.548031 -12.966273 -128.915403
v 17.724482 -12.970548 -127.488065
v 16.847775 -15.200553 -128.915409
v 17.027409 -15.200553 -127.488103
v 6.892157 -16.573895 210.496757
v 6.220370 -16.579749 211.920969
v 7.608893 -18.792180 210.514178
v 7.027540 -18.836097 211.872926
v 21.995129 -13.990500 101.177288
v 22.107385 -23.685073 100.890331
v 22.223734 -14.267813 94.940494
v 8.905232 -17.913601 207.172900
v 8.382873 -18.175890 208.690838
v 8.436875 -18.779055 208.501159
v -146.341700 -33.435297 -1.845589
v -137.081378 -42.866446 -13.523982
v -145.946399 -33.988420 3.405780
v 141.307538 -32.073292 3.561883
v 136.668677 -33.988420 3.405780
v 141.289612 -31.345118 -1.752601
v 136.237565 -33.435350 -1.846216
v 141.307538 -32.663593 -13.523982
v 137.081378 -34.414126 -13.523982
v -141.307538 -32.663593 -13.523982
v -137.081378 -34.414126 -13.523982
v 141.307538 -33.656073 -13.523982
v 137.783167 -35.115915 -13.523982
v -141.307538 -32.073292 3.561883
v -136.668677 -33.988420 3.405780
v 141.307538 -39.820272 -40.702647
v -136.237520 -43.527916 -2.297624
v 145.946399 -33.988420 3.405780
v 146.341657 -33.435350 -1.846216
v 145.533698 -34.414126 -13.523982
v -145.533698 -34.414126 -13.523982
v 144.831909 -35.115915 -13.523982
v -147.867878 -38.611947 3.028914
v -136.668677 -43.235475 2.652048
v 147.867878 -38.611947 3.028914
v 148.434283 -38.481615 -2.072221
v 147.284231 -38.640286 -13.523982
v -141.307538 -39.820272 -40.702647
v 146.291751 -38.640286 -13.523982
v 141.307538 -43.109525 -29.764087
v 138.981685 -42.146125 -29.764087
v -144.596791 -39.820272 -29.764087
v -143.633391 -42.146125 -29.764087
v 143.633391 -42.146125 -29.764087
v -141.307538 -43.109525 -29.764087
v 144.596791 -39.820272 -29.764087
v -141.289611 -31.345047 -1.751970
v 143.633391 -37.494419 -29.764087
v 141.307538 -36.531019 -29.764087
v 138.981685 -37.494419 -29.764087
v 138.018285 -39.820272 -29.764087
v -134.144876 -38.481606 -2.071607
v 141.307538 -43.413252 -29.764087
v 138.430410 -42.221507 -29.764087
v 144.184666 -42.221507 -29.764087
v 145.376411 -39.344379 -29.764087
v 144.184666 -36.467251 -29.764087
v 141.307538 -35.275505 -29.764087
v 138.430410 -36.467251 -29.764087
v 137.238665 -39.344379 -29.764087
v -136.237520 -33.435297 -1.845589
v -136.323325 -38.640286 -13.523982
v -137.783167 -35.115915 -13.523982
v -141.307538 -33.656073 -13.523982
v -144.831909 -35.115915 -13.523982
v -146.291751 -38.640286 -13.523982
v -144.831909 -42.164657 -13.523982
v -141.307538 -43.624499 -13.523982
v 141.307538 -43.624499 -13.523982
v 137.783167 -42.164657 -13.523982
v 144.831909 -42.164657 -13.523982
v 136.323325 -38.640286 -13.523982
v 134.144939 -38.481615 -2.072221
v -137.783167 -42.164657 -13.523982
v -141.307538 -44.616979 -13.523982
v 145.946399 -43.235475 2.652048
v 146.341657 -43.527880 -2.298226
v 145.533698 -42.866446 -13.523982
v -137.238665 -39.344379 -29.764087
v 141.309253 -38.611947 -0.301012
v 141.307538 -45.150603 2.495946
v 141.289612 -45.618111 -2.391840
v 141.307538 -44.616979 -13.523982
v -138.430410 -36.467251 -29.764087
v -141.307538 -35.275505 -29.764087
v 136.668677 -43.235475 2.652048
v 136.237565 -43.527880 -2.298226
v 137.081378 -42.866446 -13.523982
v -144.184666 -36.467251 -29.764087
v -141.289611 -45.618165 -2.391243
v 134.747198 -38.611947 3.028914
v 135.330845 -38.640286 -13.523982
v 83.518964 -48.785632 36.064746
v 87.043335 -47.325790 36.064746
v 87.745124 -48.027579 36.064746
v 83.518964 -49.778112 36.064746
v 76.356217 -43.642728 47.517937
v 78.448886 -38.596360 47.743970
v -145.376411 -39.344379 -29.764087
v -144.184666 -42.221507 -29.764087
v 83.501035 -36.506086 47.837596
v -138.430410 -42.221507 -29.764087
v 88.553184 -38.596360 47.743970
v -141.307538 -43.413252 -29.764087
v 90.645853 -43.642728 47.517937
v -83.518964 -41.692151 19.824641
v 79.450090 -44.505511 19.824641
v 80.641836 -41.628383 19.824641
v 81.193110 -42.655551 19.824641
v 80.229710 -44.981405 19.824641
v 80.641836 -47.382639 19.824641
v 81.193110 -47.307258 19.824641
v -81.193110 -42.655551 19.824641
v -86.808217 -44.981405 19.824641
v 86.396092 -47.382639 19.824641
v 87.587837 -44.505511 19.824641
v 78.448886 -48.689095 47.291904
v 83.501035 -50.779369 47.198278
v 83.518964 -50.311735 52.084673
v 78.880103 -48.396608 52.240776
v 79.292804 -48.027579 36.064746
v -85.844817 -42.655551 19.824641
v -83.518964 -48.270658 19.824641
v 79.994593 -47.325790 36.064746
v 83.518964 -41.692151 19.824641
v -85.844817 -47.307258 19.824641
v -79.292804 -48.027579 36.064746
v 85.844817 -42.655551 19.824641
v 86.808217 -44.981405 19.824641
v -78.880103 -48.396608 52.240776
v -148.434345 -38.481606 -2.071607
v -141.307538 -45.150603 2.495946
v -141.309253 -38.611947 -0.301012
v -145.533698 -42.866446 -13.523982
v -83.518964 -49.778112 36.064746
v -83.518964 -50.311735 52.084673
v 83.518964 -40.436638 19.824641
v -134.747198 -38.611947 3.028914
v -87.745124 -48.027579 36.064746
v 83.518964 -48.270658 19.824641
v -88.157825 -48.396608 52.240776
v -135.330845 -38.640286 -13.523982
v 83.518964 -48.574385 19.824641
v 85.844817 -47.307258 19.824641
v 86.396092 -41.628383 19.824641
v 78.534751 -43.801419 36.064746
v 79.994593 -40.277048 36.064746
v -89.495657 -43.801419 36.064746
v 88.503177 -43.801419 36.064746
v 83.518964 -38.817206 36.064746
v 87.043335 -40.277048 36.064746
v -90.079304 -43.773080 52.617641
v 88.553184 -48.689095 47.291904
v -138.981685 -37.494419 -29.764087
v -87.745124 -39.575259 36.064746
v -146.341700 -43.527916 -2.297624
v 78.880103 -39.149553 52.994507
v 76.958623 -43.773080 52.617641
v 79.292804 -39.575259 36.064746
v 77.542271 -43.801419 36.064746
v -88.157825 -39.149553 52.994507
v 83.518964 -44.981405 8.840654
v -145.946399 -43.235475 2.652048
v 83.518964 -37.234425 53.150610
v 83.518964 -37.824726 36.064746
v 83.520679 -43.773080 49.287716
v 88.157825 -39.149553 52.994507
v 88.157825 -48.396608 52.240776
v -147.284231 -38.640286 -13.523982
v -141.307538 -36.531019 -29.764087
v 89.495657 -43.801419 36.064746
v 90.079304 -43.773080 52.617641
v -83.518964 -37.824726 36.064746
v 87.745124 -39.575259 36.064746
v -81.193110 -47.307258 19.824641
v -80.229710 -44.981405 19.824641
v -79.450090 -44.505511 19.824641
v -80.641836 -47.382639 19.824641
v -83.518964 -48.574385 19.824641
v -83.518964 -37.234425 53.150610
v -138.981685 -42.146125 -29.764087
v -86.396092 -47.382639 19.824641
v -83.518964 -44.981405 8.840654
v -87.587837 -44.505511 19.824641
v -79.292804 -39.575259 36.064746
v -86.396092 -41.628383 19.824641
v -77.542271 -43.801419 36.064746
v -83.518964 -40.436638 19.824641
v -78.880103 -39.149553 52.994507
v -80.641836 -41.628383 19.824641
v -76.958623 -43.773080 52.617641
v -138.018285 -39.820272 -29.764087
v -79.994593 -47.325790 36.064746
v -83.518964 -48.785632 36.064746
v -87.043335 -47.325790 36.064746
v -88.503177 -43.801419 36.064746
v -87.043335 -40.277048 36.064746
v -83.518964 -38.817206 36.064746
v -79.994593 -40.277048 36.064746
v -78.534751 -43.801419 36.064746
v -143.633391 -37.494419 -29.764087
v -83.509296 -43.773080 50.894488
v -78.448931 -38.596413 47.743343
v -76.356281 -43.642737 47.517322
v -78.448931 -48.689059 47.291301
v -83.501036 -36.506157 47.836964
v -83.501036 -50.779315 47.197680
v -88.553141 -38.596413 47.743343
v -88.553141 -48.689059 47.291301
v -90.645791 -43.642737 47.517322
v 2.153180 -47.017900 174.730000
v 4.730380 -47.017900 174.730000
v 4.730380 -50.801300 174.730000
v 2.153180 -49.632100 178.328000
v 4.730380 -49.632100 178.328000
v 2.153180 -53.862100 176.954000
v 4.730380 -53.862100 176.954000
v 2.153180 -53.862100 172.506000
v 4.730380 -53.862100 172.506000
v 2.153180 -49.632100 171.132000
v 4.730380 -49.632100 171.132000
v 33.378400 -45.677900 18.500000
v 35.955600 -45.677900 18.500000
v 33.378400 -49.461300 18.500000
v 33.378400 -48.292100 22.098200
v 35.955600 -48.292100 22.098200
v 33.378400 -52.522100 20.723800
v 35.955600 -52.522100 20.723800
v 33.378400 -52.522100 16.276200
v 35.955600 -52.522100 16.276200
v 33.378400 -48.292100 14.901800
v 35.955600 -48.292100 14.901800
v 33.061300 -49.461300 18.500000
v 33.210200 -47.084900 18.500000
v 33.210200 -48.727000 20.760000
v 33.210200 -51.383800 19.896800
v 33.210200 -51.383800 17.103200
v 33.210200 -48.727000 16.240000
v 4.898600 -48.424900 174.730000
v 5.106830 -50.801300 174.730000
v 4.898600 -50.067000 176.990000
v 4.898600 -52.723800 176.127000
v 4.898600 -52.723800 173.333000
v 4.898600 -50.067000 172.470000
v -35.955600 -45.677900 18.500000
v -33.378400 -45.677900 18.500000
v -33.378400 -49.461300 18.500000
v -33.210200 -47.084900 18.500000
v -33.061300 -49.461300 18.500000
v -35.955600 -48.292100 22.098200
v -33.378400 -48.292100 22.098200
v -33.210200 -48.727000 20.760000
v -35.955600 -52.522100 20.723800
v -33.378400 -52.522100 20.723800
v -33.210200 -51.383800 19.896800
v -35.955600 -52.522100 16.276200
v -33.378400 -52.522100 16.276200
v -33.210200 -51.383800 17.103200
v -35.955600 -48.292100 14.901800
v -33.378400 -48.292100 14.901800
v -33.210200 -48.727000 16.240000
v -4.730380 -47.017900 174.730000
v -2.153180 -47.017900 174.730000
v -4.730380 -50.801300 174.730000
v -4.730380 -49.632100 171.132000
v -2.153180 -49.632100 171.132000
v -4.730380 -53.862100 172.506000
v -2.153180 -53.862100 172.506000
v -4.730380 -53.862100 176.954000
v -2.153180 -53.862100 176.954000
v -4.730380 -49.632100 178.328000
v -2.153180 -49.632100 178.328000
v -5.106830 -50.801300 174.730000
v -4.898600 -48.424900 174.730000
v -4.898600 -50.067000 172.470000
v -4.898600 -52.723800 173.333000
v -4.898600 -52.723800 176.127000
v -4.898600 -50.067000 176.990000
v -4.690090 -50.817600 174.748000
v -4.690090 -53.194000 174.748000
v -4.690090 -52.740100 176.145000
v -4.690090 -51.552000 177.008000
v -4.690090 -52.740100 173.351000
v -4.690090 -50.083300 177.008000
v -4.690090 -51.552000 172.488000
v -4.690090 -48.895100 176.145000
v -4.690090 -50.083300 172.488000
v -4.690090 -48.441300 174.748000
v -4.690090 -48.895100 173.351000
v 39.985000 -45.677900 8.800000
v 42.562200 -45.677900 8.800000
v 42.562200 -49.461300 8.800000
v 39.985000 -48.292100 12.398200
v 42.562200 -48.292100 12.398200
v 39.985000 -52.522100 11.023800
v 42.562200 -52.522100 11.023800
v 39.985000 -52.522100 6.576180
v 42.562200 -52.522100 6.576180
v 39.985000 -48.292100 5.201790
v 42.562200 -48.292100 5.201790
v 33.378400 -45.677900 8.800000
v 35.955600 -45.677900 8.800000
v 33.378400 -49.461300 8.800000
v 33.378400 -48.292100 12.398200
v 35.955600 -48.292100 12.398200
v 33.378400 -52.522100 11.023800
v 35.955600 -52.522100 11.023800
v 33.378400 -52.522100 6.576180
v 35.955600 -52.522100 6.576180
v 33.378400 -48.292100 5.201790
v 35.955600 -48.292100 5.201790
v 33.061300 -49.461300 8.800000
v 33.210200 -47.084900 8.800000
v 33.210200 -48.727000 11.060000
v 33.210200 -51.383800 10.196800
v 33.210200 -51.383800 7.403220
v 33.210200 -48.727000 6.539970
v 42.730400 -47.084900 8.800000
v 42.938700 -49.461300 8.800000
v 42.730400 -48.727000 11.060000
v 42.730400 -51.383800 10.196800
v 42.730400 -51.383800 7.403220
v 42.730400 -48.727000 6.539970
v -35.955600 -45.677900 8.800000
v -33.378400 -45.677900 8.800000
v -33.378400 -49.461300 8.800000
v -33.210200 -47.084900 8.800000
v -33.061300 -49.461300 8.800000
v -35.955600 -48.292100 12.398200
v -33.378400 -48.292100 12.398200
v -33.210200 -48.727000 11.060000
v -35.955600 -52.522100 11.023800
v -33.378400 -52.522100 11.023800
v -33.210200 -51.383800 10.196800
v -35.955600 -52.522100 6.576180
v -33.378400 -52.522100 6.576180
v -33.210200 -51.383800 7.403220
v -35.955600 -48.292100 5.201790
v -33.378400 -48.292100 5.201790
v -33.210200 -48.727000 6.539970
v -42.562200 -45.677900 8.800000
v -39.985000 -45.677900 8.800000
v -42.562200 -49.461300 8.800000
v -42.562200 -48.292100 5.201790
v -39.985000 -48.292100 5.201790
v -42.562200 -52.522100 6.576180
v -39.985000 -52.522100 6.576180
v -42.562200 -52.522100 11.023800
v -39.985000 -52.522100 11.023800
v -42.562200 -48.292100 12.398200
v -39.985000 -48.292100 12.398200
v -42.938700 -49.461300 8.800000
v -42.730400 -47.084900 8.800000
v -42.730400 -48.727000 6.539970
v -42.730400 -51.383800 7.403220
v -42.730400 -51.383800 10.196800
v -42.730400 -48.727000 11.060000
v 13.345000 -45.660800 -2.673000
v 15.922200 -45.660800 -2.673000
v 15.922200 -49.444200 -2.673000
v 13.345000 -48.275000 0.925213
v 15.922200 -48.275000 0.925213
v 13.345000 -52.505000 -0.449183
v 15.922200 -52.505000 -0.449183
v 13.345000 -52.505000 -4.896820
v 15.922200 -52.505000 -4.896820
v 13.345000 -48.275000 -6.271210
v 15.922200 -48.275000 -6.271210
v 6.738400 -45.660800 -2.673000
v 9.315610 -45.660800 -2.673000
v 6.738400 -49.444200 -2.673000
v 6.738400 -48.275000 0.925213
v 9.315610 -48.275000 0.925213
v 6.738400 -52.505000 -0.449183
v 9.315610 -52.505000 -0.449183
v 6.738400 -52.505000 -4.896820
v 9.315610 -52.505000 -4.896820
v 6.738400 -48.275000 -6.271210
v 9.315610 -48.275000 -6.271210
v 6.421300 -49.444200 -2.673000
v 6.570180 -47.067800 -2.673000
v 6.570180 -48.709800 -0.412972
v 6.570180 -51.366700 -1.276230
v 6.570180 -51.366700 -4.069780
v 6.570180 -48.709800 -4.933030
v 16.090400 -47.067800 -2.673000
v 16.298600 -49.444200 -2.673000
v 16.090400 -48.709800 -0.412972
v 16.090400 -51.366700 -1.276230
v 16.090400 -51.366700 -4.069780
v 16.090400 -48.709800 -4.933030
v -9.315610 -45.660800 -2.673000
v -6.738400 -45.660800 -2.673000
v -6.738400 -49.444200 -2.673000
v -6.570180 -47.067800 -2.673000
v -6.421300 -49.444200 -2.673000
v -9.315610 -48.275000 0.925213
v -6.738400 -48.275000 0.925213
v -6.570180 -48.709800 -0.412972
v -9.315610 -52.505000 -0.449183
v -6.738400 -52.505000 -0.449183
v -6.570180 -51.366700 -1.276230
v -9.315610 -52.505000 -4.896820
v -6.738400 -52.505000 -4.896820
v -6.570180 -51.366700 -4.069780
v -9.315610 -48.275000 -6.271210
v -6.738400 -48.275000 -6.271210
v -6.570180 -48.709800 -4.933030
v -15.922200 -45.660800 -2.673000
v -13.345000 -45.660800 -2.673000
v -15.922200 -49.444200 -2.673000
v -15.922200 -48.275000 -6.271210
v -13.345000 -48.275000 -6.271210
v -15.922200 -52.505000 -4.896820
v -13.345000 -52.505000 -4.896820
v -15.922200 -52.505000 -0.449183
v -13.345000 -52.505000 -0.449183
v -15.922200 -48.275000 0.925213
v -13.345000 -48.275000 0.925213
v -16.298600 -49.444200 -2.673000
v -16.090400 -47.067800 -2.673000
v -16.090400 -48.709800 -4.933030
v -16.090400 -51.366700 -4.069780
v -16.090400 -51.366700 -1.276230
v -16.090400 -48.709800 -0.412972
v 13.345000 -45.660800 -12.373000
v 15.922200 -45.660800 -12.373000
v 15.922200 -49.444200 -12.373000
v 13.345000 -48.275000 -8.774790
v 15.922200 -48.275000 -8.774790
v 13.345000 -52.505000 -10.149200
v 15.922200 -52.505000 -10.149200
v 13.345000 -52.505000 -14.596800
v 15.922200 -52.505000 -14.596800
v 13.345000 -48.275000 -15.971200
v 15.922200 -48.275000 -15.971200
v 6.738400 -45.660800 -12.373000
v 9.315610 -45.660800 -12.373000
v 6.738400 -49.444200 -12.373000
v 6.738400 -48.275000 -8.774790
v 9.315610 -48.275000 -8.774790
v 6.738400 -52.505000 -10.149200
v 9.315610 -52.505000 -10.149200
v 6.738400 -52.505000 -14.596800
v 9.315610 -52.505000 -14.596800
v 6.738400 -48.275000 -15.971200
v 9.315610 -48.275000 -15.971200
v 6.421300 -49.444200 -12.373000
v 6.570180 -47.067800 -12.373000
v 6.570180 -48.709800 -10.113000
v 6.570180 -51.366700 -10.976200
v 6.570180 -51.366700 -13.769800
v 6.570180 -48.709800 -14.633000
v 16.090400 -47.067800 -12.373000
v 16.298600 -49.444200 -12.373000
v 16.090400 -48.709800 -10.113000
v 16.090400 -51.366700 -10.976200
v 16.090400 -51.366700 -13.769800
v 16.090400 -48.709800 -14.633000
v -9.315610 -45.660800 -12.373000
v -6.738400 -45.660800 -12.373000
v -6.738400 -49.444200 -12.373000
v -6.570180 -47.067800 -12.373000
v -6.421300 -49.444200 -12.373000
v -9.315610 -48.275000 -8.774790
v -6.738400 -48.275000 -8.774790
v -6.570180 -48.709800 -10.113000
v -9.315610 -52.505000 -10.149200
v -6.738400 -52.505000 -10.149200
v -6.570180 -51.366700 -10.976200
v -9.315610 -52.505000 -14.596800
v -6.738400 -52.505000 -14.596800
v -6.570180 -51.366700 -13.769800
v -9.315610 -48.275000 -15.971200
v -6.738400 -48.275000 -15.971200
v -6.570180 -48.709800 -14.633000
v -15.922200 -45.660800 -12.373000
v -13.345000 -45.660800 -12.373000
v -15.922200 -49.444200 -12.373000
v -15.922200 -48.275000 -15.971200
v -13.345000 -48.275000 -15.971200
v -15.922200 -52.505000 -14.596800
v -13.345000 -52.505000 -14.596800
v -15.922200 -52.505000 -10.149200
v -13.345000 -52.505000 -10.149200
v -15.922200 -48.275000 -8.774790
v -13.345000 -48.275000 -8.774790
v -16.298600 -49.444200 -12.373000
v -16.090400 -47.067800 -12.373000
v -16.090400 -48.709800 -14.633000
v -16.090400 -51.366700 -13.769800
v -16.090400 -51.366700 -10.976200
v -16.090400 -48.709800 -10.113000
v 39.985000 -45.677900 18.500000
v 42.562200 -45.677900 18.500000
v 42.562200 -49.461300 18.500000
v 39.985000 -48.292100 22.098200
v 42.562200 -48.292100 22.098200
v 39.985000 -52.522100 20.723800
v 42.562200 -52.522100 20.723800
v 39.985000 -52.522100 16.276200
v 42.562200 -52.522100 16.276200
v 39.985000 -48.292100 14.901800
v 42.562200 -48.292100 14.901800
v 42.730400 -47.084900 18.500000
v 42.938700 -49.461300 18.500000
v 42.730400 -48.727000 20.760000
v 42.730400 -51.383800 19.896800
v 42.730400 -51.383800 17.103200
v 42.730400 -48.727000 16.240000
v -42.562200 -45.677900 18.500000
v -39.985000 -45.677900 18.500000
v -42.562200 -49.461300 18.500000
v -42.562200 -48.292100 14.901800
v -39.985000 -48.292100 14.901800
v -42.562200 -52.522100 16.276200
v -39.985000 -52.522100 16.276200
v -42.562200 -52.522100 20.723800
v -39.985000 -52.522100 20.723800
v -42.562200 -48.292100 22.098200
v -39.985000 -48.292100 22.098200
v -42.938700 -49.461300 18.500000
v -42.730400 -47.084900 18.500000
v -42.730400 -48.727000 16.240000
v -42.730400 -51.383800 17.103200
v -42.730400 -51.383800 19.896800
v -42.730400 -48.727000 20.760000
v -19.480801 -35.875571 -21.312726
v -13.005660 -30.093126 -97.913410
v -7.770351 -38.776694 197.550921
v -15.316421 -28.131593 177.431700
v 11.267910 -37.559950 -8.071637
v -16.764803 -12.888397 177.475530
v -10.891771 0.493918 177.217173
v -20.783330 -12.795814 127.231476
v -6.544277 -32.220908 194.452044
v -90.147428 -28.324373 -29.918155
v 83.550014 -40.629813 20.853289
v -18.870888 -39.171931 6.521625
v -3.695577 -1.508316 -220.546996
v 141.338711 -35.542441 -29.838099
v 11.267910 -47.273950 -8.071637
v -4.363104 -0.969199 -213.832013
v 0.000000 -32.658663 198.104327
v -11.478320 -1.418348 -165.279568
v -5.869502 -30.521910 198.110469
v -22.736047 -15.350964 70.319630
v 139.637539 -32.887900 -10.427821
v 7.507481 -45.634848 9.300799
v -142.651211 -26.572888 -42.301087
v -141.338711 -35.542441 -29.838099
v -84.862636 -31.734021 5.744159
v -82.434493 -31.720800 6.254404
v -81.848965 -39.922737 36.351722
v -103.860439 -29.381699 -14.017255
v -83.550014 -40.629813 20.853289
v -4.727937 -0.378135 -211.843976
v -83.555019 -31.316855 -9.559186
v -68.637497 5.040432 -215.488219
v -139.637539 -32.887900 -10.427821
v -140.223067 -26.559668 -41.932446
v -104.591152 -31.309830 -37.994123
v -11.704713 -2.739036 -163.552517
v -141.345303 -24.623740 -19.540675
v -13.968600 -30.797279 -90.783581
v 105.195290 -22.465720 5.595922
v 0.000000 6.797574 -128.517077
v -83.556729 -29.784873 30.048053
v -85.251308 -39.922737 36.351722
v -83.258144 -36.380576 50.030414
v -62.588711 -34.337241 2.714984
v -61.454922 -30.564780 -12.629499
v -63.022548 -32.921470 14.329303
v 0.000000 -4.553313 -220.721920
v -43.733242 -30.956870 -17.725446
v -45.537930 -33.871177 14.908466
v -45.062344 -35.564170 8.174823
v -47.334316 -30.956870 -17.725446
v -45.534023 -34.541953 -22.356427
v 43.733242 -30.956870 -17.725446
v 45.062344 -35.564170 8.174823
v -21.384543 -36.995645 8.209260
v 45.537930 -33.871177 14.908466
v -2.918260 -25.606793 212.604581
v 45.173671 -32.669089 -24.476422
v 45.534023 -34.541953 -22.356427
v 47.334316 -30.956870 -17.725446
v -6.670169 -18.889457 212.731587
v 61.454922 -30.564780 -12.629499
v -10.767910 -37.559950 -7.571637
v 62.588711 -34.337241 2.714984
v 63.022548 -32.921470 14.329303
v 63.060879 -32.646785 -27.014956
v -10.767910 -47.273950 -7.571637
v 68.637497 5.040432 -215.488219
v -37.308354 -33.001543 13.615444
v -0.578015 -50.530598 174.718234
v -0.078015 -37.636029 174.218234
v -11.767910 -47.273950 -7.571637
v 82.434493 -31.720800 6.254404
v -14.334106 1.906437 127.316110
v -20.309937 -21.178958 -90.707538
v -20.852104 -21.321559 -78.888148
v -17.631942 -27.974088 -90.420475
v -17.164993 -26.774679 -98.470152
v -16.770964 -32.639013 -62.335608
v 6.544277 -32.220908 194.452044
v -13.371772 -32.595845 -78.892295
v 142.651211 -26.572888 -42.301087
v 141.343594 -26.155723 -54.090394
v -68.643051 5.027686 -215.483084
v 140.223067 -26.559668 -41.932446
v -141.046719 -31.219443 0.441686
v -126.301601 -26.082902 -48.866193
v -37.308354 -47.818168 13.615444
v 0.421985 -37.636029 174.718234
v 11.704713 -2.739036 -163.552517
v -0.078015 -50.530598 175.218234
v -11.267910 -37.559950 -7.071637
v -127.907070 -28.398698 -60.254132
v -0.078015 -37.636029 175.218234
v -143.039883 -34.542094 -13.866813
v -8.389805 -44.421348 24.784442
v 4.727937 -0.378135 -211.843976
v 69.244543 5.780209 -231.766253
v 8.389805 -44.421348 24.784442
v -0.578015 -37.636029 174.718234
v -141.343594 -26.155723 -54.090394
v 22.058825 -24.938418 76.210330
v 11.478320 -1.418348 -165.279568
v -11.267910 -47.273950 -7.071637
v 4.363104 -0.969199 -213.832013
v 0.421985 -50.530598 174.718234
v -19.630468 -21.068748 -97.958393
v -20.504879 -26.267871 140.280902
v -129.512539 -26.082902 -48.866193
v -18.480057 -29.175093 -79.287184
v 141.345303 -24.623740 -19.540675
v 4.475856 7.117020 -138.365876
v 81.848965 -39.922737 36.351722
v -197.563217 -21.337001 -93.380566
v 83.258144 -36.380576 50.030414
v 21.054374 -32.551964 -9.703931
v -37.808354 -47.818168 14.115444
v -10.654341 -35.857735 140.008032
v 0.000000 7.679546 -141.383872
v 5.129548 4.716444 176.810264
v 12.651595 3.303476 -141.399892
v 17.371905 -7.292525 -141.469377
v 1.284753 6.859762 174.509090
v 5.165440 5.231991 174.400648
v 13.699336 -19.900069 -141.389975
v 1.264861 6.413046 176.927034
v 5.784270 -22.634073 212.603118
v -104.591152 -29.631486 -46.640851
v 7.568691 -33.273032 198.248187
v -5.784270 -22.634073 212.603118
v 69.239501 5.762149 -231.785615
v -22.058825 -24.938418 76.210330
v -127.176357 -28.148912 -27.630536
v -105.195290 -22.465720 5.595922
v -17.006951 -40.086047 -7.424953
v 68.643051 5.027686 -215.483084
v 15.316422 -28.131593 177.431700
v -127.907070 -26.654842 -60.159487
v -21.054374 -32.551964 -9.703931
v -37.808354 -33.001543 14.115444
v 0.000000 -26.506469 212.707738
v -11.767910 -37.559950 -7.571637
v 85.251308 -39.922737 36.351722
v 141.046719 -31.219443 0.441686
v 63.060879 -33.731527 -23.608997
v 64.665859 -30.564780 -12.629499
v -69.244543 5.780209 -231.766253
v -69.239501 5.762149 -231.785615
v 127.176357 -28.148912 -27.630536
v 143.039883 -34.542094 -13.866813
v 126.301601 -26.082902 -48.866193
v 83.556729 -29.784873 30.048053
v -197.749475 -20.376690 -68.034317
v -11.267910 -47.273950 -8.071637
v 0.000000 8.565421 -220.006461
v 18.870888 -39.171931 6.521625
v 5.869502 -30.521910 198.110469
v 18.870888 -38.408748 -8.050397
v 84.862636 -31.734021 5.744159
v 19.539915 -42.931479 6.425067
v 5.975157 -36.257294 182.041619
v -7.568691 -33.273032 198.248187
v 6.989590 -42.045127 187.213031
v -6.989590 -42.045127 187.213031
v 127.907070 -26.654842 -60.159487
v -4.740577 -14.268721 212.459386
v -38.308354 -33.001543 13.615444
v -127.907070 -30.077043 -51.607404
v 127.907070 -28.398698 -60.254132
v -11.267910 -37.559950 -8.071637
v -22.255248 -33.003210 70.317898
v -16.546721 -1.651307 0.791456
v 83.555019 -31.316855 -9.559186
v 0.000000 71.257268 -207.953441
v 17.814190 -28.424399 -87.466907
v -19.237342 -30.684814 -61.911634
v 17.006951 -40.086047 -7.424953
v 22.845125 -14.726266 0.794346
v -2.863437 -37.036765 24.989764
v -22.896280 -21.363585 -62.309600
v 22.491860 -12.646165 -87.458802
v -10.914163 -36.280897 125.209957
v 0.000000 -11.889860 212.803902
v -10.081211 -41.259238 21.586566
v 4.740577 -14.268721 212.459386
v 6.670169 -18.889457 212.731587
v -2.863437 -37.036765 9.095661
v -2.863437 -47.740317 24.989764
v 2.917798 -25.604025 212.609648
v -2.863437 -47.740317 9.095661
v -10.045801 -41.006942 11.733856
v -21.040650 -26.248441 124.557390
v 0.000000 1.627421 -224.045523
v 127.907070 -30.077043 -51.607404
v -21.418846 -37.674352 23.005752
v 0.000000 5.507251 0.788930
v -16.414943 -2.320354 70.296355
v 37.308354 -47.818168 13.615444
v 0.000000 -20.876382 219.532855
v 37.808354 -33.001543 13.115444
v 197.734175 -20.552323 -73.110354
v 0.000000 6.458862 177.296618
v 10.891772 0.493918 177.217173
v 37.308354 -33.001543 13.615444
v 16.764803 -12.888397 177.475530
v 37.808354 -47.818168 13.115444
v -38.308354 -47.818168 13.615444
v 12.297031 -45.782554 6.117450
v 129.512539 -26.082902 -48.866193
v 102.985683 -27.315690 -35.252912
v 12.385410 -45.409995 -0.992536
v -21.032134 -30.732688 87.373227
v 15.995416 0.451918 -87.425765
v 10.045801 -41.006942 11.733856
v 16.546721 -1.651307 0.791456
v 10.081211 -41.259238 21.586566
v -37.808354 -33.001543 13.115444
v 104.591152 -27.887630 -46.546206
v 3.695577 -1.508316 -220.546996
v 19.539915 -42.149192 -8.510114
v -22.845125 -14.726266 0.794346
v 38.308354 -33.001543 13.615444
v 19.024744 -39.451290 6.560706
v -63.060879 -33.731527 -23.608997
v 0.000000 6.725709 -87.421569
v -13.699336 -19.900069 -141.389975
v -4.475856 7.117020 -138.365876
v 38.308354 -47.818168 13.615444
v -3.386259 -38.784187 172.286868
v 2.863437 -37.036765 24.989764
v -17.371905 -7.292525 -141.469378
v -19.539915 -42.931479 6.425067
v 3.386259 -38.784187 172.286868
v 3.302840 -36.486361 182.033292
v -7.507481 -45.634848 9.300799
v -15.995416 0.451918 -87.425765
v 90.147428 -28.324373 -29.918155
v -37.808354 -47.818168 13.115444
v 21.384543 -36.995645 8.209260
v -64.665859 -30.564780 -12.629499
v 0.000000 -40.405446 -7.665026
v -0.078015 -50.530598 174.218234
v 0.000000 72.674920 -232.176725
v 37.808354 -33.001543 14.115444
v -19.024744 -39.451290 6.560706
v 0.000000 8.845899 -210.158922
v -6.123379 -36.344565 182.027484
v 37.808354 -47.818168 14.115444
v -12.651595 3.303476 -141.399892
v 197.563217 -21.337001 -93.380566
v -3.302840 -36.486361 182.033292
v 0.000000 -35.520720 -87.499301
v -104.591152 -27.887630 -46.546206
v 0.000000 -40.227190 -21.188618
v -102.985683 -27.315690 -35.252912
v 2.863437 -37.036765 9.095661
v -106.196621 -27.315690 -35.252912
v -45.173671 -32.669089 -24.476422
v 107.773961 -26.156752 10.891384
v 19.480801 -35.875571 -21.312726
v 0.000000 -23.469209 -141.624036
v 20.783330 -12.795814 127.231476
v 19.066048 -29.300265 127.301319
v 21.032134 -30.732688 87.373227
v 104.591152 -29.631486 -46.640851
v 104.591152 -31.309830 -37.994123
v 2.863437 -47.740317 24.989764
v 0.000000 -41.404759 127.372457
v 103.860439 -29.381699 -14.017255
v -197.734175 -20.552323 -73.110354
v 106.196621 -27.315690 -35.252912
v -18.870888 -38.408748 -8.050397
v 6.123379 -36.344565 182.027484
v -19.539915 -42.149192 -8.510114
v 4.075693 2.337672 -220.387716
v -107.773961 -26.156752 10.891384
v 21.418846 -37.674352 23.005752
v 0.000000 8.337937 127.451592
v 14.334106 1.906436 127.316110
v -5.975157 -36.257294 182.041619
v 0.000000 -40.788311 25.183237
v -3.520118 5.897782 -219.984012
v -4.075693 2.337672 -220.387716
v 3.520118 5.897782 -219.984012
v -12.297031 -45.782554 6.117450
v 197.749475 -20.376690 -68.034317
v -12.385410 -45.409995 -0.992536
v 0.000000 5.370322 70.278831
v 16.414943 -2.320354 70.296355
v 22.736047 -15.350964 70.319630
v 22.255249 -33.003210 70.317898
v -19.256409 -29.869161 127.360812
v 10.767910 -47.273950 -7.571637
v 10.767910 -37.559950 -7.571637
v 7.770351 -38.776694 197.550921
v 2.863437 -47.740317 9.095661
v -63.060879 -32.646785 -27.014956
v 11.267910 -47.273950 -7.071637
v 11.267910 -37.559950 -7.071637
v 0.000000 -41.971832 70.275342
v -22.491860 -12.646165 -87.458802
v 11.767910 -47.273950 -7.571637
v 11.767910 -37.559950 -7.571637
v -17.814190 -28.424399 -87.466907
v -20.009233 -29.938220 124.594838
v -19.070885 -29.722856 140.305011
v -23.155456 -18.186901 19.530859
v -23.210142 -15.928766 20.978356
v -23.148508 -18.183947 20.966025
v -22.223734 -14.267813 94.940494
v -21.153576 -11.708129 100.923836
v -21.995129 -13.990500 101.177288
v -19.698492 -12.084277 155.157823
v -19.995866 -18.860129 156.048773
v -19.927148 -23.629413 155.368386
v -19.301437 -23.637414 161.068027
v -19.806045 -16.687588 157.523531
v -19.066574 -12.077173 161.034268
v -23.169284 -14.704612 24.741851
v -21.695570 -11.010309 18.871467
v -21.638982 -10.981045 24.561488
v -22.956925 -22.788118 18.886623
v -23.219472 -15.921104 19.541019
v -19.857360 -18.904884 157.437728
v -19.944090 -16.637566 156.050360
v -22.381788 -18.805701 95.936185
v -22.107385 -23.685073 100.890331
v -22.289460 -23.684258 95.169818
v -22.377507 -18.348048 -46.258071
v -23.116705 -14.833087 -47.293679
v -22.920583 -16.128649 -46.261904
v -22.028600 -11.401773 -41.323585
v -23.141881 -14.846370 -41.085395
v -22.328760 -16.593212 95.937837
v -22.942035 -16.133578 -44.834624
v -21.112809 -23.107972 -41.362371
v -21.019163 -23.074762 -46.979289
v -17.660972 -7.981870 -140.657206
v -16.058439 -14.751097 -139.898508
v -13.970623 -19.515982 -140.525846
v -18.281966 -7.976886 -135.122585
v -16.285066 -14.728966 -138.455099
v -16.953651 -12.543688 -138.461318
v -14.946131 -19.657840 -135.078321
v -22.400178 -18.347724 -44.831070
v -22.956456 -22.786719 24.570625
v -22.282216 -16.589574 97.370742
v -22.336913 -18.811660 97.364862
v -16.732263 -12.564114 -139.900516
v -23.203809 -14.706310 18.634278
v -21.262239 -11.724342 95.203764
v -22.035787 -11.398762 -47.006679
#end 1651 vertices

#begin 4927 normals
vn -0.947423 -0.296937 -0.119239
vn -0.947423 -0.296937 -0.119239
vn -0.947423 -0.296937 -0.119239
vn -0.947423 -0.296937 -0.119239
vn -0.947423 -0.296937 -0.119239
vn -0.947423 -0.296937 -0.119239
vn -0.950525 -0.310171 -0.017222
vn -0.950525 -0.310171 -0.017222
vn -0.950525 -0.310171 -0.017222
vn -0.950525 -0.310171 -0.017222
vn -0.950525 -0.310171 -0.017222
vn -0.950525 -0.310171 -0.017222
vn -0.982816 -0.183751 -0.017584
vn -0.982816 -0.183751 -0.017584
vn -0.982794 -0.183889 -0.017361
vn -0.982837 -0.183613 -0.017807
vn -0.982816 -0.183751 -0.017584
vn -0.982816 -0.183751 -0.017584
vn -0.982815 -0.183752 -0.017585
vn -0.982815 -0.183752 -0.017585
vn -0.982794 -0.183889 -0.017363
vn -0.982837 -0.183614 -0.017807
vn -0.982815 -0.183752 -0.017585
vn -0.982815 -0.183752 -0.017585
vn -0.950525 -0.310171 -0.017222
vn -0.950525 -0.310171 -0.017222
vn -0.950525 -0.310171 -0.017222
vn -0.950525 -0.310170 -0.017222
vn -0.950525 -0.310171 -0.017222
vn -0.950525 -0.310171 -0.017222
vn -0.949945 -0.310122 -0.037800
vn -0.949945 -0.310122 -0.037800
vn -0.949945 -0.310122 -0.037800
vn -0.949945 -0.310122 -0.037800
vn -0.949945 -0.310122 -0.037800
vn -0.949945 -0.310122 -0.037800
vn -0.949945 -0.310122 -0.037800
vn -0.949945 -0.310122 -0.037800
vn -0.949945 -0.310122 -0.037800
vn -0.949945 -0.310122 -0.037800
vn -0.949945 -0.310122 -0.037800
vn -0.949945 -0.310122 -0.037800
vn -0.949945 -0.310123 -0.037800
vn -0.949945 -0.310123 -0.037800
vn -0.949945 -0.310123 -0.037800
vn -0.949945 -0.310122 -0.037801
vn -0.949945 -0.310123 -0.037800
vn -0.949945 -0.310123 -0.037800
vn -0.949945 -0.310122 -0.037800
vn -0.949945 -0.310122 -0.037800
vn -0.949945 -0.310122 -0.037800
vn -0.949945 -0.310122 -0.037800
vn -0.949945 -0.310122 -0.037800
vn -0.949945 -0.310122 -0.037800
vn -0.949945 -0.310122 -0.037801
vn -0.949945 -0.310122 -0.037801
vn -0.949945 -0.310122 -0.037801
vn -0.949945 -0.310122 -0.037801
vn -0.949945 -0.310122 -0.037801
vn -0.949945 -0.310122 -0.037801
vn -0.949945 -0.310123 -0.037800
vn -0.949945 -0.310123 -0.037800
vn -0.949945 -0.310122 -0.037801
vn -0.949945 -0.310123 -0.037800
vn -0.949945 -0.310123 -0.037800
vn -0.949945 -0.310123 -0.037800
vn -0.952852 -0.302076 -0.028696
vn -0.952852 -0.302076 -0.028696
vn -0.954238 -0.296636 -0.037920
vn -0.951355 -0.307482 -0.019468
vn -0.952852 -0.302076 -0.028696
vn -0.952852 -0.302076 -0.028696
vn -0.958562 -0.284268 -0.018744
vn -0.958562 -0.284268 -0.018744
vn -0.958586 -0.284176 -0.018899
vn -0.958537 -0.284359 -0.018590
vn -0.958562 -0.284268 -0.018744
vn -0.958562 -0.284268 -0.018744
vn -0.952558 -0.282340 -0.113650
vn -0.952558 -0.282340 -0.113650
vn -0.952558 -0.282340 -0.113650
vn -0.952558 -0.282340 -0.113650
vn -0.952558 -0.282340 -0.113650
vn -0.952558 -0.282340 -0.113650
vn -0.952558 -0.282340 -0.113650
vn -0.952558 -0.282340 -0.113650
vn -0.952558 -0.282340 -0.113650
vn -0.952558 -0.282340 -0.113650
vn -0.952558 -0.282340 -0.113650
vn -0.952558 -0.282340 -0.113650
vn -0.952558 -0.282340 -0.113650
vn -0.952558 -0.282340 -0.113650
vn -0.952558 -0.282341 -0.113649
vn -0.952559 -0.282340 -0.113650
vn -0.952558 -0.282340 -0.113650
vn -0.952558 -0.282340 -0.113650
vn -0.952558 -0.282340 -0.113650
vn -0.952558 -0.282340 -0.113650
vn -0.952558 -0.282340 -0.113650
vn -0.952558 -0.282340 -0.113650
vn -0.952558 -0.282340 -0.113650
vn -0.952558 -0.282340 -0.113650
vn -0.952558 -0.282340 -0.113650
vn -0.952558 -0.282340 -0.113650
vn -0.952558 -0.282340 -0.113650
vn -0.952558 -0.282340 -0.113650
vn -0.952558 -0.282340 -0.113650
vn -0.952558 -0.282340 -0.113650
vn -0.952558 -0.282340 -0.113650
vn -0.952558 -0.282340 -0.113650
vn -0.952558 -0.282340 -0.113651
vn -0.952558 -0.282341 -0.113650
vn -0.952558 -0.282340 -0.113650
vn -0.952558 -0.282340 -0.113650
vn -0.952558 -0.282341 -0.113650
vn -0.952558 -0.282341 -0.113650
vn -0.952558 -0.282341 -0.113650
vn -0.952558 -0.282341 -0.113650
vn -0.952558 -0.282341 -0.113650
vn -0.952558 -0.282341 -0.113650
vn -0.952558 -0.282340 -0.113650
vn -0.952558 -0.282340 -0.113650
vn -0.952558 -0.282340 -0.113651
vn -0.952558 -0.282341 -0.113650
vn -0.952558 -0.282340 -0.113650
vn -0.952558 -0.282340 -0.113650
vn -0.952558 -0.282340 -0.113650
vn -0.952558 -0.282340 -0.113650
vn -0.952558 -0.282340 -0.113651
vn -0.952558 -0.282341 -0.113650
vn -0.952558 -0.282340 -0.113650
vn -0.952558 -0.282340 -0.113650
vn -0.952558 -0.282340 -0.113650
vn -0.952558 -0.282340 -0.113650
vn -0.952558 -0.282341 -0.113650
vn -0.952558 -0.282340 -0.113651
vn -0.952558 -0.282340 -0.113650
vn -0.952558 -0.282340 -0.113650
vn -0.951909 -0.283752 -0.115564
vn -0.951909 -0.283752 -0.115564
vn -0.951781 -0.284982 -0.113567
vn -0.952031 -0.282519 -0.117561
vn -0.951909 -0.283752 -0.115564
vn -0.951909 -0.283752 -0.115564
vn -0.949670 -0.290811 -0.116432
vn -0.949670 -0.290811 -0.116432
vn -0.949459 -0.292723 -0.113317
vn -0.949868 -0.288895 -0.119545
vn -0.949670 -0.290811 -0.116432
vn -0.949670 -0.290811 -0.116432
vn -0.947603 -0.296600 -0.118648
vn -0.947603 -0.296600 -0.118648
vn -0.947561 -0.296979 -0.118029
vn -0.947644 -0.296220 -0.119266
vn -0.947603 -0.296600 -0.118648
vn -0.947603 -0.296600 -0.118648
vn -0.869744 0.293655 0.396624
vn -0.869744 0.293655 0.396624
vn -0.866924 0.283327 0.410084
vn -0.869744 0.293655 0.396624
vn -0.869744 0.293655 0.396624
vn -0.872308 0.303897 0.383048
vn -0.628129 0.731059 0.266471
vn -0.628129 0.731059 0.266471
vn -0.623198 0.747046 0.231402
vn -0.632113 0.713968 0.301137
vn -0.628129 0.731059 0.266471
vn -0.628129 0.731059 0.266471
vn -0.941098 0.000011 0.338133
vn -0.931660 0.103847 0.348173
vn -0.908534 0.195157 0.369431
vn -0.419797 0.759955 0.496225
vn -0.467148 0.742063 0.480744
vn -0.380132 0.777632 0.500787
vn -0.916813 0.049155 0.396279
vn -0.916813 0.049155 0.396279
vn -0.904695 0.026974 0.425206
vn -0.880003 0.277910 0.385177
vn -0.908534 0.195157 0.369431
vn -0.931660 0.103847 0.348173
vn -0.551014 0.745989 0.374011
vn -0.551014 0.745989 0.374011
vn -0.543588 0.725810 0.421559
vn -0.916813 0.049155 0.396279
vn -0.916813 0.049155 0.396279
vn -0.927579 0.071265 0.366767
vn -0.915696 -0.036906 0.400172
vn -0.915696 -0.036906 0.400172
vn -0.918349 -0.032620 0.394425
vn -0.912991 -0.041189 0.405896
vn -0.915696 -0.036906 0.400172
vn -0.915696 -0.036906 0.400172
vn -0.961421 -0.078019 0.263786
vn -0.961421 -0.078019 0.263786
vn -0.958689 -0.083474 0.271934
vn -0.964053 -0.072555 0.255611
vn -0.961421 -0.078019 0.263786
vn -0.961421 -0.078019 0.263786
vn -0.330822 0.790550 0.515352
vn -0.380132 0.777632 0.500787
vn -0.340022 0.791647 0.507622
vn 0.407229 0.767318 0.495366
vn 0.362907 0.783971 0.503675
vn 0.368896 0.784494 0.498483
vn -0.964365 -0.084029 0.250877
vn -0.964365 -0.084029 0.250877
vn -0.964387 -0.083982 0.250807
vn 0.999223 -0.031789 -0.023289
vn 0.999868 -0.012661 0.010212
vn 0.999361 -0.035045 0.007040
vn -0.964343 -0.084076 0.250947
vn -0.964365 -0.084029 0.250877
vn -0.964365 -0.084029 0.250877
vn 0.407229 0.767318 0.495366
vn 0.450688 0.748857 0.485894
vn 0.376361 0.778495 0.502293
vn 0.999505 -0.031456 0.001119
vn 0.999505 -0.031456 0.001119
vn 0.999505 -0.031456 0.001119
vn -0.974235 -0.055084 0.218706
vn -0.974235 -0.055084 0.218706
vn -0.977842 -0.045572 0.204322
vn -0.970325 -0.064579 0.233022
vn -0.974235 -0.055084 0.218706
vn -0.974235 -0.055084 0.218706
vn 0.547566 0.738232 0.393935
vn 0.547566 0.738232 0.393935
vn 0.539067 0.716336 0.443023
vn -0.977945 -0.043197 0.204347
vn -0.977945 -0.043197 0.204347
vn -0.977945 -0.043197 0.204347
vn -0.977945 -0.043197 0.204347
vn -0.977945 -0.043197 0.204347
vn -0.977945 -0.043197 0.204347
vn 0.623198 0.747046 0.231402
vn 0.628129 0.731059 0.266471
vn 0.628129 0.731059 0.266471
vn -0.888725 0.458413 0.005089
vn -0.888767 0.458329 0.005254
vn -0.888767 0.458329 0.005254
vn -0.976991 -0.043132 0.208873
vn -0.976991 -0.043132 0.208873
vn -0.976993 -0.043126 0.208864
vn -0.976989 -0.043137 0.208882
vn -0.976991 -0.043132 0.208873
vn -0.976991 -0.043132 0.208873
vn -0.888767 0.458329 0.005254
vn -0.888767 0.458329 0.005254
vn -0.888809 0.458245 0.005418
vn -0.888725 0.458413 0.005090
vn -0.888767 0.458329 0.005254
vn -0.888767 0.458329 0.005254
vn -0.979631 -0.034314 0.197855
vn -0.979631 -0.034314 0.197855
vn -0.982139 -0.026659 0.186256
vn -0.976926 -0.041963 0.209413
vn -0.979631 -0.034314 0.197855
vn -0.979631 -0.034314 0.197855
vn -0.888767 0.458329 0.005254
vn -0.888767 0.458329 0.005254
vn -0.888809 0.458245 0.005419
vn -0.888725 0.458413 0.005089
vn -0.888767 0.458329 0.005254
vn -0.888767 0.458329 0.005254
vn -0.983632 -0.007085 0.180051
vn -0.983632 -0.007085 0.180051
vn -0.983632 -0.007085 0.180051
vn -0.983632 -0.007085 0.180051
vn -0.983632 -0.007085 0.180051
vn -0.983632 -0.007085 0.180051
vn -0.888767 0.458329 0.005254
vn -0.888767 0.458329 0.005254
vn -0.888809 0.458245 0.005419
vn -0.983632 -0.007085 0.180051
vn -0.983632 -0.007085 0.180051
vn -0.983632 -0.007085 0.180051
vn 0.950525 -0.310171 -0.017222
vn 0.950525 -0.310171 -0.017222
vn 0.950525 -0.310171 -0.017222
vn -0.983632 -0.007085 0.180051
vn -0.983632 -0.007085 0.180051
vn -0.983632 -0.007085 0.180051
vn 0.999869 -0.014469 0.007211
vn 0.999869 -0.014469 0.007211
vn 0.999869 -0.014469 0.007211
vn -0.993876 -0.007230 0.110269
vn -0.993876 -0.007230 0.110269
vn -0.993875 -0.007230 0.110269
vn -0.993876 -0.007229 0.110269
vn -0.993876 -0.007230 0.110269
vn -0.993876 -0.007230 0.110269
vn 0.999869 -0.014469 0.007211
vn 0.999869 -0.014469 0.007211
vn 0.999869 -0.014469 0.007211
vn 0.964387 -0.083982 0.250807
vn 0.964365 -0.084029 0.250877
vn 0.964365 -0.084029 0.250877
vn -0.993875 -0.007229 0.110270
vn -0.993875 -0.007229 0.110270
vn -0.993875 -0.007230 0.110270
vn 0.981011 0.193854 -0.006185
vn 0.936623 0.349886 0.017839
vn 0.991882 0.121096 0.038815
vn -0.993875 -0.007229 0.110269
vn -0.993875 -0.007229 0.110270
vn -0.993875 -0.007229 0.110270
vn 0.888767 0.458329 0.005254
vn 0.888767 0.458329 0.005254
vn 0.888725 0.458413 0.005090
vn -0.995001 0.013320 0.098972
vn -0.995001 0.013320 0.098972
vn -0.995001 0.013320 0.098972
vn -0.995001 0.013320 0.098972
vn -0.995001 0.013320 0.098972
vn -0.995001 0.013320 0.098972
vn 0.961421 -0.078019 0.263786
vn 0.961421 -0.078019 0.263786
vn 0.964053 -0.072555 0.255611
vn 0.958689 -0.083474 0.271934
vn 0.961421 -0.078019 0.263786
vn 0.961421 -0.078019 0.263786
vn -0.999503 0.013358 0.028546
vn -0.999503 0.013358 0.028546
vn -0.999503 0.013358 0.028546
vn -0.999503 0.013358 0.028546
vn -0.999503 0.013358 0.028546
vn -0.999503 0.013358 0.028546
vn 0.915696 -0.036906 0.400172
vn 0.915696 -0.036906 0.400172
vn 0.912991 -0.041189 0.405896
vn 0.918349 -0.032620 0.394425
vn 0.915696 -0.036906 0.400172
vn 0.915696 -0.036906 0.400172
vn -0.999503 0.013358 0.028546
vn -0.999503 0.013358 0.028546
vn -0.999503 0.013358 0.028546
vn 0.995573 0.038062 -0.085943
vn 0.999110 0.008448 -0.041327
vn 0.999880 -0.015456 -0.000224
vn -0.999503 0.013358 0.028546
vn -0.999503 0.013358 0.028546
vn -0.999503 0.013358 0.028546
vn 0.988097 0.001193 0.153828
vn 0.990119 0.035575 0.135640
vn 0.989977 0.060380 0.127673
vn 0.927579 0.071265 0.366767
vn 0.916813 0.049155 0.396279
vn 0.916813 0.049155 0.396279
vn 0.981637 0.190518 0.009577
vn 0.925385 0.378978 0.006185
vn 0.924787 0.380417 0.007241
vn -0.999503 0.013358 0.028545
vn -0.999503 0.013358 0.028545
vn -0.999503 0.013358 0.028546
vn 0.999791 -0.020180 0.003186
vn 0.999791 -0.020180 0.003186
vn 0.999699 -0.023191 0.008049
vn -0.999503 0.013359 0.028544
vn -0.999503 0.013358 0.028545
vn -0.999503 0.013358 0.028545
vn 0.998487 -0.036382 -0.041241
vn 0.999073 -0.017629 -0.039273
vn 0.999223 -0.031789 -0.023289
vn 0.993401 -0.000557 0.114695
vn 0.997776 0.045464 0.048749
vn 0.990119 0.035575 0.135640
vn -0.999483 0.012372 0.029672
vn -0.999483 0.012372 0.029672
vn -0.999458 0.011651 0.030797
vn 0.888809 0.458245 0.005419
vn 0.888767 0.458329 0.005254
vn 0.888767 0.458329 0.005254
vn -0.999507 0.013093 0.028546
vn -0.999483 0.012372 0.029672
vn -0.999483 0.012372 0.029672
vn 0.999851 -0.017169 -0.001678
vn 0.999791 -0.020180 0.003186
vn 0.999791 -0.020180 0.003186
vn -0.999510 0.007252 0.030464
vn -0.999510 0.007252 0.030464
vn -0.999457 0.006023 0.032380
vn -0.999556 0.008481 0.028547
vn -0.999510 0.007252 0.030464
vn -0.999510 0.007252 0.030464
vn -0.999506 0.002191 0.031353
vn -0.999506 0.002191 0.031353
vn -0.999475 0.001542 0.032366
vn -0.999536 0.002841 0.030340
vn -0.999506 0.002191 0.031353
vn -0.999506 0.002191 0.031353
vn -0.999475 0.001432 0.032366
vn -0.999475 0.001432 0.032366
vn -0.999475 0.001433 0.032365
vn -0.999475 0.001432 0.032366
vn -0.999475 0.001432 0.032366
vn -0.999475 0.001432 0.032366
vn -0.999475 0.001432 0.032366
vn -0.999475 0.001432 0.032366
vn -0.999475 0.001433 0.032366
vn -0.999475 0.001432 0.032366
vn -0.999475 0.001432 0.032366
vn -0.999475 0.001432 0.032366
vn -0.999475 0.001433 0.032367
vn -0.999475 0.001433 0.032367
vn -0.999475 0.001433 0.032367
vn -0.999475 0.001433 0.032366
vn -0.999475 0.001433 0.032367
vn -0.999475 0.001433 0.032367
vn -0.999475 0.001433 0.032366
vn -0.999475 0.001433 0.032366
vn -0.999475 0.001433 0.032366
vn -0.999475 0.001433 0.032366
vn -0.999475 0.001433 0.032366
vn -0.999475 0.001433 0.032366
vn -0.999475 0.001432 0.032365
vn -0.999475 0.001432 0.032365
vn -0.999475 0.001432 0.032366
vn -0.999475 0.001433 0.032365
vn -0.999475 0.001432 0.032365
vn -0.999475 0.001432 0.032365
vn -0.999475 0.001433 0.032365
vn -0.999475 0.001433 0.032365
vn -0.999475 0.001433 0.032365
vn -0.999475 0.001433 0.032365
vn -0.999475 0.001433 0.032365
vn -0.999475 0.001433 0.032365
vn -0.999091 0.001438 0.042604
vn -0.999091 0.001438 0.042604
vn -0.999091 0.001438 0.042603
vn -0.999091 0.001438 0.042604
vn -0.999091 0.001438 0.042604
vn -0.999091 0.001438 0.042604
vn -0.999108 0.001707 0.042184
vn -0.999108 0.001707 0.042184
vn -0.999125 0.001975 0.041765
vn -0.999091 0.001438 0.042603
vn -0.999108 0.001707 0.042184
vn -0.999108 0.001707 0.042184
vn -0.999420 0.005824 0.033564
vn -0.999420 0.005824 0.033564
vn -0.999419 0.005812 0.033584
vn -0.999420 0.005837 0.033544
vn -0.999420 0.005824 0.033564
vn -0.999420 0.005824 0.033564
vn -0.999913 0.005751 0.011887
vn -0.999913 0.005751 0.011887
vn -0.999912 0.005689 0.011983
vn -0.999914 0.005813 0.011790
vn -0.999913 0.005751 0.011887
vn -0.999913 0.005751 0.011887
vn -0.999772 -0.009171 0.019291
vn -0.999772 -0.009171 0.019291
vn -0.999601 -0.012914 0.025133
vn -0.999895 -0.005428 0.013449
vn -0.999772 -0.009171 0.019291
vn -0.999772 -0.009171 0.019291
vn -0.999579 -0.014484 0.025126
vn -0.999579 -0.014484 0.025126
vn -0.999579 -0.014484 0.025126
vn -0.999579 -0.014484 0.025126
vn -0.999579 -0.014484 0.025126
vn -0.999579 -0.014484 0.025126
vn -0.999579 -0.014484 0.025127
vn -0.999579 -0.014484 0.025127
vn -0.999579 -0.014484 0.025126
vn -0.999579 -0.014484 0.025127
vn -0.999579 -0.014484 0.025127
vn -0.999579 -0.014484 0.025127
vn -0.999579 -0.014484 0.025127
vn -0.999579 -0.014484 0.025127
vn -0.999579 -0.014484 0.025126
vn -0.999579 -0.014484 0.025127
vn -0.999579 -0.014484 0.025127
vn -0.999579 -0.014484 0.025127
vn -0.999579 -0.014484 0.025127
vn -0.999579 -0.014484 0.025127
vn -0.999579 -0.014484 0.025127
vn -0.999579 -0.014484 0.025127
vn -0.999579 -0.014484 0.025127
vn -0.999579 -0.014484 0.025127
vn -0.999869 -0.014469 0.007211
vn -0.999869 -0.014469 0.007211
vn -0.999869 -0.014469 0.007211
vn -0.999869 -0.014469 0.007211
vn -0.999869 -0.014469 0.007211
vn -0.999869 -0.014469 0.007211
vn -0.999869 -0.014469 0.007212
vn -0.999869 -0.014469 0.007212
vn -0.999869 -0.014469 0.007212
vn -0.999869 -0.014469 0.007211
vn -0.999869 -0.014469 0.007212
vn -0.999869 -0.014469 0.007212
vn -0.999869 -0.014469 0.007211
vn -0.999869 -0.014469 0.007211
vn -0.999869 -0.014468 0.007211
vn -0.999869 -0.014469 0.007212
vn -0.999869 -0.014469 0.007211
vn -0.999869 -0.014469 0.007211
vn -0.999869 -0.014469 0.007211
vn -0.999869 -0.014469 0.007211
vn -0.999869 -0.014469 0.007211
vn -0.999869 -0.014469 0.007211
vn -0.999869 -0.014469 0.007211
vn -0.999869 -0.014469 0.007211
vn -0.999869 -0.014469 0.007211
vn -0.999869 -0.014469 0.007211
vn -0.999869 -0.014469 0.007211
vn -0.999869 -0.014469 0.007211
vn -0.999869 -0.014469 0.007211
vn -0.999869 -0.014469 0.007211
vn -0.999869 -0.014469 0.007211
vn -0.999869 -0.014469 0.007211
vn -0.999869 -0.014469 0.007211
vn -0.999869 -0.014469 0.007211
vn -0.999869 -0.014469 0.007211
vn -0.999869 -0.014469 0.007211
vn -0.999837 -0.017468 0.004567
vn -0.999837 -0.017468 0.004567
vn -0.999791 -0.019150 0.007196
vn -0.999874 -0.015786 0.001938
vn -0.999837 -0.017468 0.004567
vn -0.999837 -0.017468 0.004567
vn -0.950525 -0.310171 -0.017222
vn -0.950525 -0.310171 -0.017222
vn -0.950525 -0.310171 -0.017222
vn -0.950525 -0.310171 -0.017222
vn -0.950525 -0.310171 -0.017222
vn -0.950525 -0.310171 -0.017222
vn -0.950525 -0.310171 -0.017222
vn -0.950525 -0.310171 -0.017222
vn -0.950525 -0.310170 -0.017222
vn -0.950525 -0.310171 -0.017222
vn -0.950525 -0.310171 -0.017222
vn -0.950525 -0.310171 -0.017222
vn -0.957471 -0.285685 -0.040414
vn -0.957471 -0.285685 -0.040414
vn -0.953957 -0.299448 -0.017240
vn -0.960278 -0.271711 -0.063558
vn -0.957471 -0.285685 -0.040414
vn -0.957471 -0.285685 -0.040414
vn -0.975545 -0.215522 -0.043155
vn -0.975545 -0.215522 -0.043155
vn -0.972701 -0.231412 -0.017362
vn -0.977486 -0.199433 -0.068908
vn -0.975545 -0.215522 -0.043155
vn -0.975545 -0.215522 -0.043155
vn -0.992319 -0.119411 -0.032310
vn -0.992319 -0.119411 -0.032310
vn -0.989730 -0.142860 0.004964
vn -0.992977 -0.095729 -0.069521
vn -0.992319 -0.119411 -0.032310
vn -0.992319 -0.119411 -0.032310
vn -0.996478 -0.083828 0.002335
vn -0.996478 -0.083828 0.002335
vn -0.996319 -0.085572 0.005103
vn -0.996625 -0.082083 -0.000433
vn -0.996478 -0.083828 0.002335
vn -0.996478 -0.083828 0.002335
vn -0.997777 -0.066597 0.002279
vn -0.997777 -0.066597 0.002279
vn -0.997652 -0.068302 0.004991
vn -0.997892 -0.064891 -0.000434
vn -0.997777 -0.066597 0.002279
vn -0.997777 -0.066597 0.002279
vn -0.999011 -0.044117 0.005453
vn -0.999011 -0.044117 0.005453
vn -0.998791 -0.047832 0.011360
vn -0.999183 -0.040400 -0.000453
vn -0.999011 -0.044117 0.005453
vn -0.999011 -0.044117 0.005453
vn -0.998554 -0.053595 -0.004292
vn -0.998554 -0.053595 -0.004292
vn -0.998845 -0.043669 -0.020055
vn -0.997916 -0.063502 0.011474
vn -0.998554 -0.053595 -0.004292
vn -0.998554 -0.053595 -0.004292
vn -0.996083 -0.088355 0.003338
vn -0.996083 -0.088355 0.003338
vn -0.996518 -0.083243 -0.004759
vn -0.995557 -0.093460 0.011434
vn -0.996083 -0.088355 0.003338
vn -0.996083 -0.088355 0.003338
vn -0.994252 -0.106675 0.009110
vn -0.994252 -0.106675 0.009110
vn -0.994426 -0.105218 0.006805
vn -0.994071 -0.108132 0.011415
vn -0.994252 -0.106675 0.009110
vn -0.994252 -0.106675 0.009110
vn -0.994071 -0.108135 0.011415
vn -0.994071 -0.108135 0.011415
vn -0.994071 -0.108135 0.011415
vn -0.994071 -0.108135 0.011415
vn -0.994071 -0.108135 0.011415
vn -0.994071 -0.108135 0.011415
vn -0.996571 -0.078893 -0.024937
vn -0.996571 -0.078893 -0.024937
vn -0.994776 -0.101533 0.010602
vn -0.996594 -0.056112 -0.060431
vn -0.996571 -0.078893 -0.024937
vn -0.996571 -0.078893 -0.024937
vn -0.998951 -0.045726 0.002435
vn -0.998951 -0.045726 0.002435
vn -0.998875 -0.047188 0.004723
vn -0.999020 -0.044265 0.000147
vn -0.998951 -0.045726 0.002435
vn -0.998951 -0.045726 0.002435
vn -0.999791 -0.020180 0.003186
vn -0.999791 -0.020180 0.003186
vn -0.999851 -0.017169 -0.001678
vn -0.999699 -0.023191 0.008049
vn -0.999791 -0.020180 0.003186
vn -0.999791 -0.020180 0.003186
vn -0.999505 -0.031456 0.001119
vn -0.999505 -0.031456 0.001119
vn -0.999505 -0.031456 0.001119
vn -0.999505 -0.031456 0.001118
vn -0.999505 -0.031456 0.001119
vn -0.999505 -0.031456 0.001119
vn 0.999081 -0.000279 -0.042855
vn 0.998336 -0.003650 0.057557
vn 0.993960 0.001364 -0.109739
vn 0.999869 -0.014469 0.007211
vn 0.999869 -0.014469 0.007211
vn 0.999869 -0.014469 0.007211
vn 0.966183 -0.251472 -0.057024
vn 0.998243 -0.006451 -0.058897
vn 0.982098 -0.184662 -0.037193
vn 0.913013 0.182377 0.364892
vn 0.881793 0.279134 0.380164
vn 0.861341 0.305274 0.406078
vn 0.950525 -0.310170 -0.017222
vn 0.950525 -0.310171 -0.017222
vn 0.950525 -0.310171 -0.017222
vn 0.904695 0.026974 0.425206
vn 0.916813 0.049155 0.396279
vn 0.916813 0.049155 0.396279
vn 0.998951 -0.045726 0.002435
vn 0.998951 -0.045726 0.002435
vn 0.999020 -0.044265 0.000147
vn 0.998243 -0.006451 -0.058897
vn 0.952759 0.303727 -0.000918
vn 0.998756 -0.049827 0.001944
vn 0.998708 0.033379 -0.038323
vn 0.993960 0.001364 -0.109739
vn 0.981011 0.193854 -0.006185
vn 0.977102 -0.212740 0.003742
vn 0.966183 -0.251472 -0.057024
vn 0.982098 -0.184662 -0.037193
vn 0.998875 -0.047188 0.004723
vn 0.998951 -0.045726 0.002435
vn 0.998951 -0.045726 0.002435
vn 0.996571 -0.078893 -0.024937
vn 0.996571 -0.078893 -0.024937
vn 0.996594 -0.056112 -0.060431
vn 0.994776 -0.101533 0.010602
vn 0.996571 -0.078893 -0.024937
vn 0.996571 -0.078893 -0.024937
vn 0.989730 -0.142860 0.004964
vn 0.992319 -0.119411 -0.032310
vn 0.992319 -0.119411 -0.032310
vn 0.983632 -0.007085 0.180051
vn 0.983632 -0.007085 0.180051
vn 0.983632 -0.007085 0.180051
vn 0.994071 -0.108135 0.011415
vn 0.994071 -0.108135 0.011415
vn 0.994071 -0.108135 0.011415
vn 0.983632 -0.007085 0.180051
vn 0.983632 -0.007085 0.180051
vn 0.983632 -0.007085 0.180051
vn 0.993401 -0.000557 0.114695
vn 0.999880 -0.015456 -0.000224
vn 0.999110 0.008448 -0.041327
vn 0.950525 -0.310171 -0.017222
vn 0.950525 -0.310171 -0.017222
vn 0.950525 -0.310171 -0.017222
vn 0.999837 -0.017468 0.004567
vn 0.999837 -0.017468 0.004567
vn 0.999874 -0.015786 0.001938
vn 0.983632 -0.007085 0.180051
vn 0.983632 -0.007085 0.180051
vn 0.983632 -0.007085 0.180051
vn 0.983632 -0.007085 0.180051
vn 0.983632 -0.007085 0.180051
vn 0.983632 -0.007085 0.180051
vn 0.999579 -0.014484 0.025126
vn 0.999579 -0.014484 0.025127
vn 0.999579 -0.014484 0.025127
vn 0.999579 -0.014484 0.025126
vn 0.999579 -0.014484 0.025127
vn 0.999579 -0.014484 0.025127
vn 0.628129 0.731059 0.266471
vn 0.628129 0.731059 0.266471
vn 0.632113 0.713968 0.301137
vn 0.999791 -0.019150 0.007196
vn 0.999837 -0.017468 0.004567
vn 0.999837 -0.017468 0.004567
vn 0.966183 -0.251472 -0.057024
vn 0.966752 -0.255593 0.007981
vn 0.960697 -0.262147 -0.091322
vn 0.902402 -0.237338 -0.359641
vn 0.892125 -0.310682 -0.328009
vn 0.854905 -0.320926 -0.407607
vn 0.999579 -0.014484 0.025127
vn 0.999579 -0.014484 0.025127
vn 0.999579 -0.014484 0.025127
vn 0.979631 -0.034314 0.197855
vn 0.979631 -0.034314 0.197855
vn 0.976926 -0.041963 0.209413
vn 0.982139 -0.026659 0.186256
vn 0.979631 -0.034314 0.197855
vn 0.979631 -0.034314 0.197855
vn 0.965626 -0.257373 -0.036411
vn 0.950062 -0.300153 -0.085387
vn 0.963091 -0.252111 -0.094322
vn 0.892125 -0.310682 -0.328009
vn 0.935991 -0.333979 -0.111260
vn 0.854905 -0.320926 -0.407607
vn 0.976991 -0.043132 0.208873
vn 0.976991 -0.043132 0.208873
vn 0.976989 -0.043137 0.208882
vn 0.976993 -0.043126 0.208864
vn 0.976991 -0.043132 0.208873
vn 0.976991 -0.043132 0.208873
vn 0.888809 0.458245 0.005418
vn 0.888767 0.458329 0.005254
vn 0.888767 0.458329 0.005254
vn 0.999869 -0.014469 0.007212
vn 0.999869 -0.014469 0.007212
vn 0.999869 -0.014469 0.007212
vn 0.963091 -0.252111 -0.094322
vn 0.902402 -0.237338 -0.359641
vn 0.965626 -0.257373 -0.036411
vn 0.977945 -0.043197 0.204347
vn 0.977945 -0.043197 0.204347
vn 0.977945 -0.043197 0.204347
vn 0.977945 -0.043197 0.204347
vn 0.977945 -0.043197 0.204347
vn 0.977945 -0.043197 0.204347
vn 0.888767 0.458329 0.005254
vn 0.888767 0.458329 0.005254
vn 0.888725 0.458413 0.005089
vn 0.974235 -0.055084 0.218706
vn 0.974235 -0.055084 0.218706
vn 0.970325 -0.064579 0.233022
vn 0.977842 -0.045572 0.204322
vn 0.974235 -0.055084 0.218706
vn 0.974235 -0.055084 0.218706
vn 0.999505 -0.031456 0.001119
vn 0.999505 -0.031456 0.001119
vn 0.999505 -0.031456 0.001118
vn 0.950525 -0.310171 -0.017222
vn 0.950525 -0.310171 -0.017222
vn 0.950525 -0.310171 -0.017222
vn 0.964365 -0.084029 0.250877
vn 0.964365 -0.084029 0.250877
vn 0.964343 -0.084076 0.250947
vn 0.888767 0.458329 0.005254
vn 0.888767 0.458329 0.005254
vn 0.888725 0.458413 0.005089
vn 0.977102 -0.212740 0.003742
vn 0.966752 -0.255593 0.007981
vn 0.968512 -0.248962 0.001245
vn 0.993875 -0.007230 0.110270
vn 0.993875 -0.007229 0.110270
vn 0.993875 -0.007229 0.110270
vn 0.993876 -0.007230 0.110269
vn 0.993876 -0.007230 0.110269
vn 0.993876 -0.007229 0.110269
vn 0.999411 -0.031923 0.012628
vn 0.999868 -0.012661 0.010212
vn 0.981637 0.190518 0.009577
vn 0.999475 0.001432 0.032366
vn 0.999475 0.001432 0.032366
vn 0.999475 0.001432 0.032366
vn 0.993875 -0.007230 0.110269
vn 0.993876 -0.007230 0.110269
vn 0.993876 -0.007230 0.110269
vn 0.999475 0.001433 0.032365
vn 0.999475 0.001432 0.032366
vn 0.999475 0.001432 0.032366
vn 0.999506 0.002191 0.031353
vn 0.999506 0.002191 0.031353
vn 0.999536 0.002841 0.030340
vn 0.999475 0.001542 0.032366
vn 0.999506 0.002191 0.031353
vn 0.999506 0.002191 0.031353
vn 0.999510 0.007252 0.030464
vn 0.999510 0.007252 0.030464
vn 0.999556 0.008481 0.028547
vn 0.999457 0.006023 0.032380
vn 0.999510 0.007252 0.030464
vn 0.999510 0.007252 0.030464
vn 0.992319 -0.119411 -0.032310
vn 0.992319 -0.119411 -0.032310
vn 0.992977 -0.095729 -0.069521
vn 0.999483 0.012372 0.029672
vn 0.999483 0.012372 0.029672
vn 0.999507 0.013093 0.028546
vn 0.996319 -0.085572 0.005103
vn 0.996478 -0.083828 0.002335
vn 0.996478 -0.083828 0.002335
vn 0.999458 0.011651 0.030797
vn 0.999483 0.012372 0.029672
vn 0.999483 0.012372 0.029672
vn 0.996478 -0.083828 0.002335
vn 0.996478 -0.083828 0.002335
vn 0.996625 -0.082083 -0.000433
vn 0.997652 -0.068302 0.004991
vn 0.997777 -0.066597 0.002279
vn 0.997777 -0.066597 0.002279
vn 0.997777 -0.066597 0.002279
vn 0.997777 -0.066597 0.002279
vn 0.997892 -0.064891 -0.000434
vn 0.999503 0.013358 0.028545
vn 0.999503 0.013358 0.028545
vn 0.999503 0.013359 0.028544
vn 0.998791 -0.047832 0.011360
vn 0.999011 -0.044117 0.005453
vn 0.999011 -0.044117 0.005453
vn 0.999503 0.013358 0.028546
vn 0.999503 0.013358 0.028545
vn 0.999503 0.013358 0.028545
vn 0.999011 -0.044117 0.005453
vn 0.999011 -0.044117 0.005453
vn 0.999183 -0.040400 -0.000453
vn 0.999475 0.001433 0.032365
vn 0.999475 0.001433 0.032365
vn 0.999475 0.001433 0.032365
vn 0.999091 0.001438 0.042603
vn 0.999091 0.001438 0.042604
vn 0.999091 0.001438 0.042604
vn 0.999475 0.001433 0.032365
vn 0.999475 0.001433 0.032365
vn 0.999475 0.001433 0.032365
vn 0.999419 0.005812 0.033584
vn 0.999420 0.005824 0.033564
vn 0.999420 0.005824 0.033564
vn 0.999108 0.001707 0.042184
vn 0.999108 0.001707 0.042184
vn 0.999091 0.001438 0.042603
vn 0.999125 0.001975 0.041765
vn 0.999108 0.001707 0.042184
vn 0.999108 0.001707 0.042184
vn 0.999091 0.001438 0.042604
vn 0.999091 0.001438 0.042604
vn 0.999091 0.001438 0.042604
vn 0.999475 0.001432 0.032365
vn 0.999475 0.001432 0.032365
vn 0.999475 0.001433 0.032365
vn 0.999475 0.001432 0.032366
vn 0.999475 0.001432 0.032365
vn 0.999475 0.001432 0.032365
vn 0.999475 0.001433 0.032366
vn 0.999475 0.001433 0.032366
vn 0.999475 0.001433 0.032366
vn 0.999475 0.001433 0.032366
vn 0.999475 0.001433 0.032366
vn 0.999475 0.001433 0.032366
vn 0.999475 0.001433 0.032367
vn 0.999475 0.001433 0.032367
vn 0.999475 0.001433 0.032366
vn 0.999601 -0.012914 0.025133
vn 0.999772 -0.009171 0.019291
vn 0.999772 -0.009171 0.019291
vn 0.999913 0.005751 0.011887
vn 0.999913 0.005751 0.011887
vn 0.999914 0.005813 0.011790
vn 0.999912 0.005689 0.011983
vn 0.999913 0.005751 0.011887
vn 0.999913 0.005751 0.011887
vn 0.999420 0.005824 0.033564
vn 0.999420 0.005824 0.033564
vn 0.999420 0.005837 0.033544
vn 0.999869 -0.014469 0.007212
vn 0.999869 -0.014469 0.007212
vn 0.999869 -0.014469 0.007211
vn 0.999869 -0.014469 0.007211
vn 0.999869 -0.014469 0.007211
vn 0.999869 -0.014469 0.007211
vn 0.999869 -0.014469 0.007211
vn 0.999869 -0.014469 0.007211
vn 0.999869 -0.014469 0.007211
vn 0.999579 -0.014484 0.025127
vn 0.999579 -0.014484 0.025127
vn 0.999579 -0.014484 0.025127
vn 0.999869 -0.014468 0.007211
vn 0.999869 -0.014469 0.007211
vn 0.999869 -0.014469 0.007211
vn 0.999579 -0.014484 0.025127
vn 0.999579 -0.014484 0.025127
vn 0.999579 -0.014484 0.025127
vn 0.999579 -0.014484 0.025127
vn 0.999579 -0.014484 0.025127
vn 0.999579 -0.014484 0.025127
vn 0.999772 -0.009171 0.019291
vn 0.999772 -0.009171 0.019291
vn 0.999895 -0.005428 0.013449
vn 0.999579 -0.014484 0.025126
vn 0.999579 -0.014484 0.025126
vn 0.999579 -0.014484 0.025126
vn 0.999579 -0.014484 0.025126
vn 0.999579 -0.014484 0.025126
vn 0.999579 -0.014484 0.025126
vn 0.935126 0.087230 0.343410
vn 0.942337 0.003636 0.334646
vn 0.937800 0.024043 0.346343
vn 0.999869 -0.014469 0.007211
vn 0.999869 -0.014469 0.007211
vn 0.999869 -0.014469 0.007211
vn 0.999869 -0.014469 0.007211
vn 0.999869 -0.014469 0.007211
vn 0.999869 -0.014469 0.007212
vn 0.998708 0.033379 -0.038323
vn 0.991882 0.121096 0.038815
vn 0.997859 0.030322 0.057943
vn 0.999869 -0.014469 0.007211
vn 0.999869 -0.014469 0.007211
vn 0.999869 -0.014469 0.007211
vn 0.997859 0.030322 0.057943
vn 0.998336 -0.003650 0.057557
vn 0.998756 0.012066 0.048387
vn 0.999869 -0.014469 0.007211
vn 0.999869 -0.014469 0.007211
vn 0.999869 -0.014469 0.007211
vn 0.872308 0.303897 0.383048
vn 0.869744 0.293655 0.396624
vn 0.869744 0.293655 0.396624
vn 0.975545 -0.215522 -0.043155
vn 0.975545 -0.215522 -0.043155
vn 0.977486 -0.199433 -0.068908
vn 0.957471 -0.285685 -0.040414
vn 0.957471 -0.285685 -0.040414
vn 0.960278 -0.271711 -0.063558
vn 0.972701 -0.231412 -0.017362
vn 0.975545 -0.215522 -0.043155
vn 0.975545 -0.215522 -0.043155
vn 0.999475 0.001433 0.032366
vn 0.999475 0.001432 0.032366
vn 0.999475 0.001432 0.032366
vn 0.998845 -0.043669 -0.020055
vn 0.998554 -0.053595 -0.004292
vn 0.998554 -0.053595 -0.004292
vn 0.998554 -0.053595 -0.004292
vn 0.998554 -0.053595 -0.004292
vn 0.997916 -0.063502 0.011474
vn 0.999503 0.013358 0.028546
vn 0.999503 0.013358 0.028546
vn 0.999503 0.013358 0.028546
vn 0.996518 -0.083243 -0.004759
vn 0.996083 -0.088355 0.003338
vn 0.996083 -0.088355 0.003338
vn 0.999503 0.013358 0.028546
vn 0.999503 0.013358 0.028546
vn 0.999503 0.013358 0.028546
vn 0.996083 -0.088355 0.003338
vn 0.996083 -0.088355 0.003338
vn 0.995557 -0.093460 0.011434
vn 0.994426 -0.105218 0.006805
vn 0.994252 -0.106675 0.009110
vn 0.994252 -0.106675 0.009110
vn 0.999503 0.013358 0.028546
vn 0.999503 0.013358 0.028546
vn 0.999503 0.013358 0.028546
vn 0.999503 0.013358 0.028546
vn 0.999503 0.013358 0.028546
vn 0.999503 0.013358 0.028546
vn 0.994252 -0.106675 0.009110
vn 0.994252 -0.106675 0.009110
vn 0.994071 -0.108132 0.011415
vn 0.866924 0.283327 0.410084
vn 0.869744 0.293655 0.396624
vn 0.869744 0.293655 0.396624
vn 0.947603 -0.296600 -0.118648
vn 0.947603 -0.296600 -0.118648
vn 0.947644 -0.296220 -0.119266
vn 0.888809 0.458245 0.005419
vn 0.888767 0.458329 0.005254
vn 0.888767 0.458329 0.005254
vn 0.947561 -0.296979 -0.118029
vn 0.947603 -0.296600 -0.118648
vn 0.947603 -0.296600 -0.118648
vn 0.950062 -0.300153 -0.085387
vn 0.932647 -0.267350 -0.242266
vn 0.963091 -0.252111 -0.094322
vn 0.953957 -0.299448 -0.017240
vn 0.957471 -0.285685 -0.040414
vn 0.957471 -0.285685 -0.040414
vn 0.982098 -0.184662 -0.037193
vn 0.998756 -0.049827 0.001944
vn 0.977102 -0.212740 0.003742
vn 0.999475 0.001433 0.032367
vn 0.999475 0.001433 0.032367
vn 0.999475 0.001433 0.032367
vn 0.994071 -0.108135 0.011415
vn 0.994071 -0.108135 0.011415
vn 0.994071 -0.108135 0.011415
vn 0.995001 0.013320 0.098972
vn 0.995001 0.013320 0.098972
vn 0.995001 0.013320 0.098972
vn 0.995001 0.013320 0.098972
vn 0.995001 0.013320 0.098972
vn 0.995001 0.013320 0.098972
vn 0.999868 -0.012661 0.010212
vn 0.995307 0.096146 -0.010969
vn 0.981637 0.190518 0.009577
vn 0.993875 -0.007229 0.110270
vn 0.993875 -0.007229 0.110270
vn 0.993875 -0.007229 0.110269
vn 0.998708 0.033379 -0.038323
vn 0.998756 0.012066 0.048387
vn 0.999081 -0.000279 -0.042855
vn 0.999361 -0.035045 0.007040
vn 0.998487 -0.036382 -0.041241
vn 0.999223 -0.031789 -0.023289
vn 0.997776 0.045464 0.048749
vn 0.989977 0.060380 0.127673
vn 0.990119 0.035575 0.135640
vn 0.999475 0.001432 0.032366
vn 0.999475 0.001432 0.032366
vn 0.999475 0.001432 0.032366
vn 0.947423 -0.296937 -0.119239
vn 0.947423 -0.296937 -0.119239
vn 0.947423 -0.296937 -0.119239
vn 0.947423 -0.296937 -0.119239
vn 0.947423 -0.296937 -0.119239
vn 0.947423 -0.296937 -0.119239
vn 0.950525 -0.310171 -0.017222
vn 0.950525 -0.310171 -0.017222
vn 0.950525 -0.310171 -0.017222
vn 0.950525 -0.310171 -0.017222
vn 0.950525 -0.310171 -0.017222
vn 0.950525 -0.310171 -0.017222
vn 0.982794 -0.183889 -0.017361
vn 0.982816 -0.183751 -0.017584
vn 0.982816 -0.183751 -0.017584
vn 0.982816 -0.183751 -0.017584
vn 0.982816 -0.183751 -0.017584
vn 0.982837 -0.183613 -0.017807
vn 0.982794 -0.183889 -0.017363
vn 0.982815 -0.183752 -0.017585
vn 0.982815 -0.183752 -0.017585
vn 0.982815 -0.183752 -0.017585
vn 0.982815 -0.183752 -0.017585
vn 0.982837 -0.183614 -0.017807
vn 0.950525 -0.310171 -0.017222
vn 0.950525 -0.310171 -0.017222
vn 0.950525 -0.310171 -0.017222
vn 0.950525 -0.310171 -0.017222
vn 0.950525 -0.310171 -0.017222
vn 0.950525 -0.310170 -0.017222
vn 0.949945 -0.310122 -0.037800
vn 0.949945 -0.310122 -0.037800
vn 0.949945 -0.310122 -0.037800
vn 0.949945 -0.310122 -0.037800
vn 0.949945 -0.310122 -0.037800
vn 0.949945 -0.310122 -0.037800
vn 0.949945 -0.310122 -0.037800
vn 0.949945 -0.310122 -0.037800
vn 0.949945 -0.310122 -0.037800
vn 0.949945 -0.310122 -0.037800
vn 0.949945 -0.310122 -0.037800
vn 0.949945 -0.310122 -0.037800
vn 0.949945 -0.310123 -0.037800
vn 0.949945 -0.310123 -0.037800
vn 0.949945 -0.310123 -0.037800
vn 0.949945 -0.310123 -0.037800
vn 0.949945 -0.310123 -0.037800
vn 0.949945 -0.310122 -0.037801
vn 0.949945 -0.310122 -0.037800
vn 0.949945 -0.310122 -0.037800
vn 0.949945 -0.310122 -0.037800
vn 0.949945 -0.310122 -0.037800
vn 0.949945 -0.310122 -0.037800
vn 0.949945 -0.310122 -0.037800
vn 0.949945 -0.310122 -0.037801
vn 0.949945 -0.310122 -0.037801
vn 0.949945 -0.310122 -0.037801
vn 0.949945 -0.310122 -0.037801
vn 0.949945 -0.310122 -0.037801
vn 0.949945 -0.310122 -0.037801
vn 0.949945 -0.310122 -0.037801
vn 0.949945 -0.310123 -0.037800
vn 0.949945 -0.310123 -0.037800
vn 0.949945 -0.310123 -0.037800
vn 0.949945 -0.310123 -0.037800
vn 0.949945 -0.310123 -0.037800
vn 0.954238 -0.296636 -0.037920
vn 0.952852 -0.302076 -0.028696
vn 0.952852 -0.302076 -0.028696
vn 0.952852 -0.302076 -0.028696
vn 0.952852 -0.302076 -0.028696
vn 0.951355 -0.307482 -0.019468
vn 0.958586 -0.284176 -0.018899
vn 0.958562 -0.284268 -0.018744
vn 0.958562 -0.284268 -0.018744
vn 0.958562 -0.284268 -0.018744
vn 0.958562 -0.284268 -0.018744
vn 0.958537 -0.284359 -0.018590
vn 0.952558 -0.282340 -0.113650
vn 0.952558 -0.282340 -0.113650
vn 0.952558 -0.282340 -0.113650
vn 0.952558 -0.282340 -0.113650
vn 0.952558 -0.282340 -0.113650
vn 0.952558 -0.282340 -0.113650
vn 0.952558 -0.282340 -0.113650
vn 0.952558 -0.282340 -0.113650
vn 0.952558 -0.282340 -0.113650
vn 0.952558 -0.282340 -0.113650
vn 0.952558 -0.282340 -0.113650
vn 0.952558 -0.282340 -0.113650
vn 0.952558 -0.282341 -0.113649
vn 0.952558 -0.282340 -0.113650
vn 0.952558 -0.282340 -0.113650
vn 0.952558 -0.282340 -0.113650
vn 0.952558 -0.282340 -0.113650
vn 0.952559 -0.282340 -0.113650
vn 0.952558 -0.282340 -0.113650
vn 0.952558 -0.282340 -0.113650
vn 0.952558 -0.282340 -0.113650
vn 0.952558 -0.282340 -0.113650
vn 0.952558 -0.282340 -0.113650
vn 0.952558 -0.282340 -0.113650
vn 0.952558 -0.282340 -0.113650
vn 0.952558 -0.282340 -0.113650
vn 0.952558 -0.282340 -0.113650
vn 0.952558 -0.282340 -0.113650
vn 0.952558 -0.282340 -0.113650
vn 0.952558 -0.282340 -0.113650
vn 0.952558 -0.282340 -0.113651
vn 0.952558 -0.282340 -0.113650
vn 0.952558 -0.282340 -0.113650
vn 0.952558 -0.282340 -0.113650
vn 0.952558 -0.282340 -0.113650
vn 0.952558 -0.282341 -0.113650
vn 0.952558 -0.282341 -0.113650
vn 0.952558 -0.282341 -0.113650
vn 0.952558 -0.282341 -0.113650
vn 0.952558 -0.282341 -0.113650
vn 0.952558 -0.282341 -0.113650
vn 0.952558 -0.282341 -0.113650
vn 0.952558 -0.282340 -0.113651
vn 0.952558 -0.282340 -0.113650
vn 0.952558 -0.282340 -0.113650
vn 0.952558 -0.282340 -0.113650
vn 0.952558 -0.282340 -0.113650
vn 0.952558 -0.282341 -0.113650
vn 0.952558 -0.282340 -0.113651
vn 0.952558 -0.282340 -0.113650
vn 0.952558 -0.282340 -0.113650
vn 0.952558 -0.282340 -0.113650
vn 0.952558 -0.282340 -0.113650
vn 0.952558 -0.282341 -0.113650
vn 0.952558 -0.282341 -0.113650
vn 0.952558 -0.282340 -0.113650
vn 0.952558 -0.282340 -0.113650
vn 0.952558 -0.282340 -0.113650
vn 0.952558 -0.282340 -0.113650
vn 0.952558 -0.282340 -0.113651
vn 0.951781 -0.284982 -0.113567
vn 0.951909 -0.283752 -0.115564
vn 0.951909 -0.283752 -0.115564
vn 0.951909 -0.283752 -0.115564
vn 0.951909 -0.283752 -0.115564
vn 0.952031 -0.282519 -0.117561
vn 0.949459 -0.292723 -0.113317
vn 0.949670 -0.290811 -0.116432
vn 0.949670 -0.290811 -0.116432
vn 0.949670 -0.290811 -0.116432
vn 0.949670 -0.290811 -0.116432
vn 0.949868 -0.288895 -0.119545
vn 0.000060 -0.071860 0.997415
vn -0.451410 -0.070044 0.889563
vn -0.313098 -0.382631 0.869231
vn -0.000015 -0.508646 0.860976
vn 0.313098 -0.382631 0.869231
vn -0.000060 -0.071860 0.997415
vn -0.059346 0.998223 -0.005428
vn -0.601773 0.787689 0.131969
vn 0.136256 0.981516 0.134389
vn -0.706330 -0.707881 0.001754
vn -0.985992 -0.135181 -0.097702
vn -0.601477 -0.793778 -0.090235
vn 0.000000 0.000000 -1.000000
vn 0.000000 0.000000 -1.000000
vn 0.000000 0.000000 -1.000000
vn -0.677154 0.677154 -0.287965
vn 0.000000 -0.000000 -1.000000
vn -0.957641 0.000000 -0.287965
vn 0.793699 0.594478 0.128988
vn 0.999957 -0.001836 0.009059
vn 0.707570 0.706540 0.012076
vn -0.313204 -0.382701 0.869162
vn -0.000015 -0.508646 0.860976
vn -0.000060 -0.071860 0.997415
vn 0.707572 0.706552 0.011242
vn 0.136256 0.981516 0.134389
vn 0.794125 0.595063 0.123554
vn -0.791850 0.601456 -0.105939
vn -0.999993 -0.001730 0.003448
vn -0.707931 0.706236 0.008002
vn 0.000000 0.000000 -1.000000
vn 0.000000 0.000000 -1.000000
vn 0.000000 0.000000 -1.000000
vn -0.677154 0.677154 -0.287965
vn 0.000000 0.957641 -0.287965
vn 0.000000 -0.000000 -1.000000
vn 0.000000 0.000000 -1.000000
vn 0.000000 0.000000 -1.000000
vn 0.000000 0.000000 -1.000000
vn -0.451598 -0.070035 0.889468
vn -0.313204 -0.382701 0.869162
vn -0.000060 -0.071860 0.997415
vn 0.999973 -0.001665 0.007169
vn 0.794125 0.595063 0.123554
vn 0.983930 -0.142841 0.107139
vn -0.707931 0.706236 0.008002
vn -0.135210 0.984643 -0.110441
vn -0.791850 0.601456 -0.105939
vn 0.000000 0.000000 -1.000000
vn 0.000000 0.000000 -1.000000
vn 0.000000 0.000000 -1.000000
vn 0.677154 0.677154 -0.287965
vn 0.000000 -0.000000 -1.000000
vn 0.000000 0.957641 -0.287965
vn -0.000716 -0.999995 0.002977
vn -0.601477 -0.793778 -0.090235
vn 0.136570 -0.986645 -0.088772
vn 0.000000 -0.000000 -1.000000
vn 0.677154 0.677154 -0.287965
vn 0.957641 0.000000 -0.287965
vn -0.677154 -0.677154 -0.287965
vn -0.957641 0.000000 -0.287965
vn 0.000000 -0.000000 -1.000000
vn 0.000000 -0.957641 -0.287965
vn -0.677154 -0.677154 -0.287965
vn 0.000000 -0.000000 -1.000000
vn 0.599602 0.792784 -0.109410
vn -0.000318 0.999929 0.011945
vn 0.707570 0.706540 0.012076
vn 0.985123 0.137444 -0.103158
vn 0.707570 0.706540 0.012076
vn 0.999957 -0.001836 0.009059
vn 0.706792 -0.706955 -0.025694
vn 0.989329 -0.136912 -0.049826
vn 0.706792 -0.706955 -0.025694
vn 0.000000 0.000000 -1.000000
vn 0.000000 0.000000 -1.000000
vn 0.000000 0.000000 -1.000000
vn 0.000000 0.000000 -1.000000
vn 0.000000 0.000000 -1.000000
vn 0.000000 0.000000 -1.000000
vn 0.000000 0.000000 -1.000000
vn 0.000000 0.000000 -1.000000
vn 0.000000 0.000000 -1.000000
vn 0.000000 0.000000 -1.000000
vn 0.000000 0.000000 -1.000000
vn 0.000000 0.000000 -1.000000
vn 0.000000 0.000000 -1.000000
vn 0.000000 0.000000 -1.000000
vn 0.000000 0.000000 -1.000000
vn 0.000000 0.000000 -1.000000
vn 0.000000 0.000000 -1.000000
vn 0.000000 0.000000 -1.000000
vn 0.000000 0.000000 -1.000000
vn 0.000000 0.000000 -1.000000
vn 0.000000 0.000000 -1.000000
vn 0.000000 0.000000 -1.000000
vn 0.000000 0.000000 -1.000000
vn 0.000000 0.000000 -1.000000
vn 0.794712 0.601460 -0.081720
vn 0.988761 0.136206 -0.061635
vn 0.601566 0.793735 -0.090022
vn 0.136111 0.985804 -0.098303
vn 0.601566 0.793735 -0.090022
vn -0.136111 0.985804 -0.098303
vn -0.601566 0.793735 -0.090022
vn -0.136111 0.985804 -0.098303
vn -0.794713 0.601460 -0.081720
vn -0.988761 0.136206 -0.061635
vn -0.794713 0.601460 -0.081720
vn -0.989329 -0.136912 -0.049826
vn -0.796764 -0.603563 -0.029642
vn -0.989329 -0.136912 -0.049826
vn -0.603531 -0.797056 -0.021263
vn 0.000000 -0.999915 -0.013007
vn -0.603531 -0.797056 -0.021263
vn 0.000000 -0.999915 -0.013007
vn 0.706792 -0.706955 -0.025694
vn 0.000000 -0.999915 -0.013007
vn 0.000000 -0.999915 -0.013007
vn 0.677386 -0.677386 -0.286872
vn -0.000000 -0.000000 -1.000000
vn 0.957969 -0.000000 -0.286872
vn -0.000000 -0.000000 -1.000000
vn 0.677386 -0.677386 -0.286872
vn -0.000000 -0.957969 -0.286872
vn -0.000000 -0.000000 -1.000000
vn -0.000000 -0.957969 -0.286872
vn -0.677386 -0.677386 -0.286872
vn -0.000000 -0.000000 -1.000000
vn -0.677386 -0.677386 -0.286872
vn -0.957969 -0.000000 -0.286872
vn -0.000000 -0.000000 -1.000000
vn -0.957969 -0.000000 -0.286872
vn -0.677386 0.677386 -0.286872
vn -0.000000 -0.000000 -1.000000
vn -0.677386 0.677386 -0.286872
vn -0.000000 0.957969 -0.286872
vn -0.000000 -0.000000 -1.000000
vn -0.000000 0.957969 -0.286872
vn 0.677386 0.677386 -0.286872
vn 0.677386 0.677386 -0.286872
vn 0.957969 -0.000000 -0.286872
vn -0.000000 -0.000000 -1.000000
vn 0.999957 -0.001836 0.009063
vn 0.794239 -0.600213 -0.094489
vn 0.985123 0.137444 -0.103158
vn 0.136570 -0.986645 -0.088772
vn 0.705630 -0.708559 0.005601
vn -0.000716 -0.999995 0.002981
vn -0.601477 -0.793778 -0.090235
vn -0.000716 -0.999995 0.002981
vn -0.706329 -0.707881 0.001758
vn -0.985992 -0.135181 -0.097702
vn -0.706329 -0.707881 0.001758
vn -0.999993 -0.001730 0.003452
vn -0.791850 0.601456 -0.105939
vn -0.999993 -0.001730 0.003452
vn -0.707931 0.706236 0.008006
vn -0.325577 0.254991 0.910483
vn -0.451598 -0.070035 0.889468
vn -0.000060 -0.071860 0.997415
vn 0.705769 -0.708432 0.003714
vn 0.983930 -0.142841 0.107139
vn 0.597205 -0.796382 0.095504
vn -0.135210 0.984643 -0.110441
vn -0.707931 0.706236 0.008006
vn -0.000318 0.999929 0.011950
vn 0.000000 0.000000 -1.000000
vn 0.000000 0.000000 -1.000000
vn 0.000000 0.000000 -1.000000
vn 0.599602 0.792784 -0.109410
vn -0.000318 0.999929 0.011950
vn 0.707570 0.706540 0.012081
vn 0.707570 0.706540 0.012081
vn 0.985123 0.137444 -0.103158
vn 0.599602 0.792784 -0.109410
vn -0.000016 0.393287 0.919416
vn -0.325577 0.254991 0.910483
vn -0.000060 -0.071860 0.997415
vn -0.000622 -0.999997 0.002256
vn 0.597205 -0.796382 0.095504
vn -0.135332 -0.986327 0.094045
vn 0.998416 -0.000356 -0.056258
vn 0.796764 -0.603563 -0.029642
vn 0.603531 -0.797056 -0.021263
vn 0.000000 0.000000 -1.000000
vn 0.000000 0.000000 -1.000000
vn 0.000000 0.000000 -1.000000
vn 0.794712 0.601460 -0.081720
vn 0.998416 -0.000356 -0.056258
vn 0.601565 0.793735 -0.090022
vn 0.136111 0.985804 -0.098303
vn 0.601565 0.793735 -0.090022
vn -0.136111 0.985804 -0.098303
vn 0.325465 0.254904 0.910547
vn -0.000016 0.393287 0.919416
vn -0.000060 -0.071860 0.997415
vn -0.706267 -0.707940 0.002661
vn -0.135332 -0.986327 0.094045
vn -0.789318 -0.605304 0.102882
vn -0.601566 0.793735 -0.090022
vn -0.136111 0.985804 -0.098303
vn -0.794712 0.601460 -0.081720
vn 0.000000 0.000000 -1.000000
vn 0.000000 0.000000 -1.000000
vn 0.000000 0.000000 -1.000000
vn -0.988761 0.136206 -0.061635
vn -0.794712 0.601460 -0.081720
vn -0.989329 -0.136912 -0.049826
vn -0.796764 -0.603563 -0.029642
vn -0.989329 -0.136912 -0.049826
vn -0.603531 -0.797056 -0.021263
vn 0.451410 -0.070044 0.889563
vn 0.325465 0.254904 0.910547
vn -0.000060 -0.071860 0.997415
vn -0.999984 -0.001845 0.005398
vn -0.789318 -0.605304 0.102882
vn -0.984592 0.128747 0.118336
vn -0.000000 -0.999915 -0.013007
vn -0.603531 -0.797056 -0.021263
vn 0.000000 -0.999915 -0.013007
vn 0.000000 0.000000 -1.000000
vn 0.000000 0.000000 -1.000000
vn 0.000000 0.000000 -1.000000
vn 0.603531 -0.797056 -0.021263
vn -0.000000 -0.999915 -0.013007
vn 0.000000 -0.999915 -0.013007
vn -0.763656 0.644714 0.034239
vn -0.984592 0.128747 0.118336
vn -0.601773 0.787689 0.131969
vn 0.000000 -0.000000 -1.000000
vn 0.677386 -0.677386 -0.286872
vn 0.000000 -0.957969 -0.286872
vn 0.000000 0.000000 -1.000000
vn 0.000000 0.000000 -1.000000
vn 0.000000 0.000000 -1.000000
vn 0.000000 0.957969 -0.286872
vn 0.677386 0.677386 -0.286872
vn 0.000000 -0.000000 -1.000000
vn 0.957969 -0.000000 -0.286872
vn 0.677386 -0.677386 -0.286872
vn 0.000000 -0.000000 -1.000000
vn -0.957969 -0.000000 -0.286872
vn 0.000000 -0.000000 -1.000000
vn -0.677386 -0.677386 -0.286872
vn 0.705630 -0.708559 0.005597
vn 0.136570 -0.986645 -0.088772
vn 0.794239 -0.600213 -0.094489
vn -0.677386 0.677386 -0.286872
vn 0.000000 -0.000000 -1.000000
vn -0.957969 -0.000000 -0.286872
vn 0.677154 -0.677154 -0.287965
vn 0.000000 -0.957641 -0.287965
vn 0.000000 -0.000000 -1.000000
vn -0.994691 0.001802 -0.102892
vn -0.663276 -0.748299 -0.010617
vn -0.996007 -0.084805 0.027899
vn 0.000000 0.000000 -1.000000
vn 0.000000 0.000000 -1.000000
vn 0.000000 0.000000 -1.000000
vn 0.313098 -0.382631 0.869231
vn 0.451410 -0.070044 0.889563
vn -0.000060 -0.071860 0.997415
vn 0.000000 0.000000 -1.000000
vn 0.000000 0.000000 -1.000000
vn 0.000000 0.000000 -1.000000
vn 0.704794 -0.703437 -0.091885
vn 0.136141 -0.990686 0.002478
vn -0.136570 -0.986645 -0.088772
vn 0.999973 -0.001667 0.007198
vn 0.704794 -0.703437 -0.091885
vn 0.985435 0.137450 -0.100125
vn 0.988761 0.136206 -0.061635
vn 0.794712 0.601460 -0.081720
vn 0.989329 -0.136912 -0.049826
vn 0.136111 0.985804 -0.098303
vn 0.601566 0.793735 -0.090022
vn -0.136111 0.985804 -0.098303
vn 0.000000 0.000000 -1.000000
vn 0.000000 0.000000 -1.000000
vn 0.000000 0.000000 -1.000000
vn 0.000000 0.000000 -1.000000
vn 0.000000 0.000000 -1.000000
vn 0.000000 0.000000 -1.000000
vn 0.136762 -0.990520 -0.012884
vn 0.706792 -0.706955 -0.025694
vn 0.706792 -0.706955 -0.025694
vn -0.663276 -0.748299 -0.010617
vn -0.135331 -0.986322 0.094097
vn -0.789312 -0.605303 0.102937
vn -0.603531 -0.797056 -0.021263
vn -0.136762 -0.990520 -0.012884
vn 0.136762 -0.990520 -0.012884
vn 0.000000 0.000000 -1.000000
vn 0.000000 0.000000 -1.000000
vn 0.000000 0.000000 -1.000000
vn -0.988761 0.136206 -0.061635
vn -0.704719 0.704172 -0.086680
vn -0.704719 0.704172 -0.086680
vn -0.677386 -0.677386 -0.286872
vn 0.000000 -0.000000 -1.000000
vn 0.000000 -0.957969 -0.286872
vn -0.796764 -0.603563 -0.029642
vn -0.989329 -0.136912 -0.049826
vn -0.988761 0.136206 -0.061635
vn -0.136111 0.985804 -0.098303
vn -0.704719 0.704172 -0.086680
vn 0.136111 0.985804 -0.098303
vn 0.957969 -0.000000 -0.286872
vn 0.000000 -0.000000 -1.000000
vn 0.677386 0.677386 -0.286872
vn 0.000000 0.957969 -0.286872
vn 0.000000 -0.000000 -1.000000
vn -0.677386 0.677386 -0.286872
vn 0.000000 0.000000 -1.000000
vn 0.000000 0.000000 -1.000000
vn 0.000000 0.000000 -1.000000
vn 0.000000 0.000000 -1.000000
vn 0.000000 0.000000 -1.000000
vn 0.000000 0.000000 -1.000000
vn 0.000000 0.000000 -1.000000
vn 0.000000 0.000000 -1.000000
vn 0.000000 0.000000 -1.000000
vn 0.000000 0.000000 -1.000000
vn 0.000000 0.000000 -1.000000
vn 0.000000 0.000000 -1.000000
vn -0.663276 -0.748299 -0.010617
vn -0.136570 -0.986645 -0.088772
vn 0.136141 -0.990686 0.002478
vn 0.706792 -0.706955 -0.025694
vn 0.989329 -0.136912 -0.049826
vn 0.706792 -0.706955 -0.025694
vn 0.707572 0.706551 0.011275
vn 0.985435 0.137450 -0.100125
vn 0.599749 0.792921 -0.107594
vn -0.000247 0.999920 0.012641
vn 0.599749 0.792921 -0.107594
vn -0.135154 0.984604 -0.110852
vn -0.748370 0.663243 -0.007134
vn -0.135154 0.984604 -0.110852
vn -0.702932 0.702748 -0.109694
vn -0.748370 0.663243 -0.007134
vn -0.994691 0.001802 -0.102892
vn -0.996007 -0.084805 0.027899
vn 0.999957 -0.001836 0.009059
vn 0.794239 -0.600213 -0.094489
vn 0.985123 0.137444 -0.103158
vn -0.985693 -0.135102 -0.100780
vn -0.706267 -0.707940 0.002661
vn -0.999984 -0.001845 0.005398
vn -0.000622 -0.999997 0.002256
vn -0.601353 -0.793652 -0.092143
vn 0.136604 -0.986679 -0.088339
vn 0.000000 -0.000000 -1.000000
vn 0.957641 0.000000 -0.287965
vn 0.677154 -0.677154 -0.287965
vn 0.705769 -0.708432 0.003714
vn 0.136604 -0.986679 -0.088339
vn 0.794418 -0.600365 -0.091995
vn 0.999973 -0.001665 0.007169
vn 0.794418 -0.600365 -0.091995
vn 0.985435 0.137450 -0.100125
vn -0.701702 0.703927 -0.110005
vn -0.999984 -0.001845 0.005398
vn -0.763656 0.644714 0.034239
vn 0.313097 -0.382631 0.869231
vn 0.451410 -0.070044 0.889563
vn -0.000060 -0.071860 0.997415
vn -0.748370 0.663243 -0.007134
vn -0.984585 0.128742 0.118396
vn -0.601770 0.787680 0.132034
vn -0.796764 -0.603563 -0.029642
vn -0.989329 -0.136912 -0.049826
vn -0.988761 0.136206 -0.061635
vn 0.000000 0.000000 -1.000000
vn 0.000000 0.000000 -1.000000
vn 0.000000 0.000000 -1.000000
vn -0.988761 0.136206 -0.061635
vn -0.794712 0.601460 -0.081720
vn -0.601566 0.793735 -0.090022
vn 0.000000 0.000000 -1.000000
vn 0.000000 0.000000 -1.000000
vn 0.000000 0.000000 -1.000000
vn -0.000015 -0.508646 0.860976
vn 0.313097 -0.382631 0.869231
vn -0.000060 -0.071860 0.997415
vn -0.000247 0.999920 0.012641
vn -0.601770 0.787680 0.132034
vn 0.136255 0.981507 0.134456
vn -0.136111 0.985804 -0.098303
vn -0.601566 0.793735 -0.090022
vn -0.794712 0.601460 -0.081720
vn 0.000000 0.000000 -1.000000
vn 0.000000 0.000000 -1.000000
vn 0.000000 0.000000 -1.000000
vn 0.601566 0.793735 -0.090022
vn 0.136111 0.985804 -0.098303
vn -0.136111 0.985804 -0.098303
vn 0.988761 0.136206 -0.061635
vn 0.794713 0.601460 -0.081720
vn 0.601566 0.793735 -0.090022
vn -0.313204 -0.382701 0.869162
vn -0.000015 -0.508646 0.860976
vn -0.000060 -0.071860 0.997415
vn 0.707572 0.706551 0.011275
vn 0.136255 0.981507 0.134456
vn 0.794120 0.595056 0.123617
vn 0.989329 -0.136912 -0.049826
vn 0.796764 -0.603563 -0.029642
vn 0.603531 -0.797056 -0.021263
vn 0.603531 -0.797056 -0.021263
vn 0.136762 -0.990520 -0.012884
vn -0.136762 -0.990520 -0.012884
vn 0.451410 -0.070044 0.889563
vn 0.325465 0.254904 0.910547
vn -0.000060 -0.071860 0.997415
vn -0.996007 -0.084805 0.027899
vn -0.789312 -0.605303 0.102937
vn -0.984585 0.128742 0.118396
vn -0.136762 -0.990520 -0.012884
vn -0.603531 -0.797056 -0.021263
vn -0.796764 -0.603563 -0.029642
vn 0.000000 0.000000 -1.000000
vn 0.000000 0.000000 -1.000000
vn 0.000000 0.000000 -1.000000
vn -0.677154 -0.677154 -0.287965
vn -0.957641 0.000000 -0.287965
vn 0.000000 0.000000 -1.000000
vn 0.000000 0.000000 -1.000000
vn -0.957641 0.000000 -0.287965
vn -0.677154 0.677154 -0.287965
vn 0.136141 -0.990686 0.002478
vn 0.597200 -0.796380 0.095556
vn -0.135331 -0.986322 0.094097
vn -0.000016 0.393287 0.919416
vn -0.325577 0.254991 0.910483
vn -0.000060 -0.071860 0.997415
vn 0.677154 0.677154 -0.287965
vn 0.957641 0.000000 -0.287965
vn 0.000000 0.000000 -1.000000
vn 0.000000 0.000000 -1.000000
vn 0.957641 0.000000 -0.287965
vn 0.677154 -0.677154 -0.287965
vn 0.000000 0.000000 -1.000000
vn 0.000000 0.000000 -1.000000
vn 0.000000 0.000000 -1.000000
vn 0.000000 0.000000 -1.000000
vn 0.677154 -0.677154 -0.287965
vn 0.000000 -0.957641 -0.287965
vn 0.761422 -0.647874 0.022244
vn 0.983923 -0.142844 0.107196
vn 0.597200 -0.796380 0.095556
vn -0.325577 0.254991 0.910483
vn -0.451598 -0.070035 0.889468
vn -0.000060 -0.071860 0.997415
vn 0.000000 0.000000 -1.000000
vn 0.000000 0.000000 -1.000000
vn 0.000000 0.000000 -1.000000
vn -0.677154 -0.677154 -0.287965
vn 0.000000 0.000000 -1.000000
vn 0.000000 -0.957641 -0.287965
vn 0.000000 0.000000 -1.000000
vn 0.000000 0.000000 -1.000000
vn 0.000000 0.000000 -1.000000
vn 0.707572 0.706552 0.011242
vn 0.985435 0.137450 -0.100125
vn 0.599749 0.792921 -0.107594
vn 0.999973 -0.001667 0.007198
vn 0.794120 0.595056 0.123617
vn 0.983923 -0.142844 0.107196
vn -0.451598 -0.070035 0.889468
vn -0.313204 -0.382701 0.869162
vn -0.000060 -0.071860 0.997415
vn 0.000000 0.000000 -1.000000
vn 0.000000 0.000000 -1.000000
vn 0.000000 0.000000 -1.000000
vn 0.000000 0.957641 -0.287965
vn 0.677154 0.677154 -0.287965
vn 0.000000 0.000000 -1.000000
vn 0.000000 0.000000 -1.000000
vn 0.000000 0.000000 -1.000000
vn 0.000000 0.000000 -1.000000
vn -0.059346 0.998223 -0.005428
vn 0.599749 0.792921 -0.107594
vn 0.000025 0.993786 -0.111311
vn 0.000000 0.000000 -1.000000
vn -0.677154 0.677154 -0.287965
vn 0.000000 0.957641 -0.287965
vn -0.059346 0.998223 -0.005428
vn -0.701702 0.703927 -0.110005
vn -0.763656 0.644714 0.034239
vn 0.000000 0.000000 -1.000000
vn 0.000000 0.000000 -1.000000
vn 0.000000 0.000000 -1.000000
vn 0.000000 0.000000 -1.000000
vn 0.000000 0.000000 -1.000000
vn 0.000000 0.000000 -1.000000
vn 0.596730 -0.796210 0.099816
vn -0.000716 -0.999995 0.002977
vn 0.705630 -0.708559 0.005597
vn 0.000060 -0.071860 0.997415
vn 0.000016 0.393287 0.919416
vn -0.325465 0.254904 0.910547
vn 0.000000 0.000000 -1.000000
vn 0.000000 0.000000 -1.000000
vn 0.000000 0.000000 -1.000000
vn -0.135501 -0.986394 0.093096
vn -0.706330 -0.707881 0.001754
vn -0.000716 -0.999995 0.002977
vn 0.000060 -0.071860 0.997415
vn 0.325577 0.254991 0.910483
vn 0.000016 0.393287 0.919416
vn 0.000000 0.000000 -1.000000
vn 0.000000 0.000000 -1.000000
vn 0.000000 0.000000 -1.000000
vn 0.000060 -0.071860 0.997415
vn -0.325465 0.254904 0.910547
vn -0.451410 -0.070044 0.889563
vn 0.000000 0.000000 -1.000000
vn 0.000000 0.000000 -1.000000
vn 0.000000 0.000000 -1.000000
vn -0.789979 -0.605359 0.097329
vn -0.999993 -0.001730 0.003448
vn -0.706330 -0.707881 0.001754
vn 0.325465 0.254904 0.910547
vn -0.000016 0.393287 0.919416
vn -0.000060 -0.071860 0.997415
vn 0.000000 0.000000 -1.000000
vn 0.000000 0.000000 -1.000000
vn 0.000000 0.000000 -1.000000
vn 0.000060 -0.071860 0.997415
vn 0.451598 -0.070035 0.889468
vn 0.325577 0.254991 0.910483
vn 0.983105 -0.143162 0.114060
vn 0.705630 -0.708559 0.005597
vn 0.999957 -0.001836 0.009059
vn 0.000000 0.000000 -1.000000
vn 0.000000 0.000000 -1.000000
vn 0.000000 0.000000 -1.000000
vn -0.985308 0.129267 0.111614
vn -0.707931 0.706236 0.008002
vn -0.999993 -0.001730 0.003448
vn 0.000060 -0.071860 0.997415
vn 0.313204 -0.382701 0.869162
vn 0.451598 -0.070035 0.889468
vn 0.000000 0.000000 -1.000000
vn 0.000000 0.000000 -1.000000
vn 0.000000 0.000000 -1.000000
vn -0.601997 0.788178 0.127970
vn -0.000318 0.999929 0.011945
vn -0.707931 0.706236 0.008002
vn 0.000060 -0.071860 0.997415
vn 0.000015 -0.508646 0.860976
vn 0.313204 -0.382701 0.869162
vn 0.000000 0.000000 -1.000000
vn 0.000000 0.000000 -1.000000
vn 0.000000 0.000000 -1.000000
vn 0.000000 0.000000 -1.000000
vn 0.000000 0.000000 -1.000000
vn 0.000000 0.000000 -1.000000
vn 0.136190 0.981395 0.135334
vn 0.707570 0.706540 0.012076
vn -0.000318 0.999929 0.011945
vn 0.000060 -0.071860 0.997415
vn -0.313098 -0.382631 0.869231
vn 0.000015 -0.508646 0.860976
vn 0.000000 0.000000 -1.000000
vn 0.000000 0.000000 -1.000000
vn 0.000000 0.000000 -1.000000
vn 0.000000 0.000000 -1.000000
vn 0.000000 0.000000 -1.000000
vn 0.000000 0.000000 -1.000000
vn 0.000000 0.000000 -1.000000
vn 0.000000 0.000000 -1.000000
vn 0.000000 0.000000 -1.000000
vn 0.000000 0.000000 -1.000000
vn 0.000000 0.000000 -1.000000
vn 0.000000 0.000000 -1.000000
vn 0.000000 0.000000 -1.000000
vn 0.000000 0.000000 -1.000000
vn 0.000000 0.000000 -1.000000
vn 0.000000 0.000000 -1.000000
vn 0.000000 0.000000 -1.000000
vn 0.000000 0.000000 -1.000000
vn 0.000000 0.000000 -1.000000
vn 0.000000 0.000000 -1.000000
vn 0.000000 0.000000 -1.000000
vn 0.000000 0.000000 -1.000000
vn 0.000000 0.000000 -1.000000
vn 0.000000 0.000000 -1.000000
vn 0.983104 -0.143162 0.114068
vn 0.705630 -0.708559 0.005601
vn 0.999957 -0.001836 0.009063
vn 0.000000 0.000000 -1.000000
vn 0.000000 0.000000 -1.000000
vn 0.000000 0.000000 -1.000000
vn 0.000000 0.000000 -1.000000
vn 0.000000 0.000000 -1.000000
vn 0.000000 0.000000 -1.000000
vn 0.596729 -0.796209 0.099824
vn -0.000716 -0.999995 0.002981
vn 0.705630 -0.708559 0.005601
vn -0.000209 -0.078220 0.996936
vn -0.181419 0.103130 0.977983
vn -0.253626 -0.077727 0.964175
vn -0.000062 0.179081 0.983834
vn -0.181419 0.103130 0.977983
vn -0.000209 -0.078220 0.996936
vn 0.793699 0.594477 0.128997
vn 0.999957 -0.001836 0.009063
vn 0.707570 0.706540 0.012081
vn -0.135501 -0.986393 0.093103
vn -0.706329 -0.707881 0.001758
vn -0.000716 -0.999995 0.002981
vn 0.000000 0.000000 -1.000000
vn 0.000000 0.000000 -1.000000
vn 0.000000 0.000000 -1.000000
vn 0.000000 0.000000 -1.000000
vn 0.000000 0.000000 -1.000000
vn 0.000000 0.000000 -1.000000
vn 0.181002 0.102822 0.978093
vn -0.000062 0.179081 0.983834
vn -0.000209 -0.078220 0.996936
vn 0.252927 -0.077746 0.964356
vn 0.181002 0.102822 0.978093
vn -0.000209 -0.078220 0.996936
vn 0.136190 0.981394 0.135344
vn 0.707570 0.706540 0.012081
vn -0.000318 0.999929 0.011950
vn 0.000000 0.000000 -1.000000
vn 0.000000 0.000000 -1.000000
vn 0.000000 0.000000 -1.000000
vn 0.000000 0.000000 -1.000000
vn 0.000000 0.000000 -1.000000
vn 0.000000 0.000000 -1.000000
vn 0.000000 0.000000 -1.000000
vn 0.000000 0.000000 -1.000000
vn 0.000000 0.000000 -1.000000
vn 0.176810 -0.254123 0.950873
vn 0.252927 -0.077746 0.964356
vn -0.000209 -0.078220 0.996936
vn -0.000057 -0.326173 0.945310
vn 0.176810 -0.254123 0.950873
vn -0.000209 -0.078220 0.996936
vn -0.601996 0.788176 0.127979
vn -0.000318 0.999929 0.011950
vn -0.707931 0.706236 0.008006
vn -0.789979 -0.605359 0.097336
vn -0.999993 -0.001730 0.003452
vn -0.706329 -0.707881 0.001758
vn 0.000000 0.000000 -1.000000
vn 0.000000 0.000000 -1.000000
vn 0.000000 0.000000 -1.000000
vn 0.000000 0.000000 -1.000000
vn 0.000000 0.000000 -1.000000
vn 0.000000 0.000000 -1.000000
vn -0.177211 -0.254395 0.950726
vn -0.000057 -0.326173 0.945310
vn -0.000209 -0.078220 0.996936
vn -0.253626 -0.077727 0.964175
vn -0.177211 -0.254395 0.950726
vn -0.000209 -0.078220 0.996936
vn -0.985307 0.129267 0.111622
vn -0.707931 0.706236 0.008006
vn -0.999993 -0.001730 0.003452
vn 0.000000 0.000000 -1.000000
vn 0.000000 0.000000 -1.000000
vn 0.000000 0.000000 -1.000000
vn 0.000000 0.000000 -1.000000
vn 0.000000 0.000000 -1.000000
vn 0.000000 0.000000 -1.000000
vn -1.000000 0.000000 0.000000
vn -1.000000 0.000000 0.000000
vn -1.000000 0.000000 0.000000
vn -1.000000 0.000000 0.000000
vn -1.000000 0.000000 0.000000
vn -1.000000 0.000000 0.000000
vn -1.000000 0.000000 0.000000
vn -1.000000 0.000000 0.000000
vn -1.000000 0.000000 0.000000
vn -1.000000 0.000000 0.000000
vn -1.000000 0.000000 0.000000
vn -1.000000 0.000000 0.000000
vn -1.000000 0.000000 0.000000
vn -1.000000 0.000000 0.000000
vn -1.000000 0.000000 0.000000
vn -1.000000 0.000000 0.000000
vn -1.000000 0.000000 0.000000
vn -1.000000 0.000000 0.000000
vn -1.000000 0.000000 0.000000
vn -1.000000 0.000000 0.000000
vn -1.000000 0.000000 0.000000
vn -1.000000 0.000000 0.000000
vn -1.000000 0.000000 0.000000
vn -1.000000 0.000000 0.000000
vn -1.000000 0.000000 0.000000
vn -1.000000 0.000000 0.000000
vn -1.000000 0.000000 0.000000
vn -1.000000 0.000000 0.000000
vn -1.000000 0.000000 0.000000
vn -1.000000 0.000000 0.000000
vn -1.000000 0.000000 0.000000
vn -1.000000 0.000000 0.000000
vn -1.000000 0.000000 0.000000
vn 1.000000 0.000000 0.000000
vn 1.000000 0.000000 0.000000
vn 1.000000 0.000000 0.000000
vn 1.000000 0.000000 0.000000
vn 1.000000 0.000000 0.000000
vn 1.000000 0.000000 0.000000
vn 0.000000 -1.000000 0.000000
vn 0.000000 -1.000000 0.000000
vn 0.000000 -1.000000 0.000000
vn 0.000000 -0.308934 0.951084
vn 0.000000 -0.308934 0.951084
vn 0.000000 -0.308934 0.951084
vn -1.000000 0.000000 0.000000
vn -1.000000 0.000000 0.000000
vn -1.000000 0.000000 0.000000
vn 0.000000 0.809006 -0.587800
vn 0.000000 0.809006 -0.587800
vn 0.000000 0.809006 -0.587800
vn 1.000000 0.000000 0.000000
vn 1.000000 0.000000 0.000000
vn 1.000000 0.000000 0.000000
vn 1.000000 0.000000 0.000000
vn 1.000000 0.000000 0.000000
vn 1.000000 0.000000 0.000000
vn 0.000000 -0.308934 0.951084
vn 0.000000 -0.308934 0.951084
vn 0.000000 -0.308934 0.951084
vn -1.000000 0.000000 0.000000
vn -1.000000 0.000000 0.000000
vn -1.000000 0.000000 0.000000
vn 0.000000 -1.000000 0.000000
vn 0.000000 -1.000000 0.000000
vn 0.000000 -1.000000 0.000000
vn 0.000000 0.809006 -0.587800
vn 0.000000 0.809006 -0.587800
vn 0.000000 0.809006 -0.587800
vn 1.000000 0.000000 0.000000
vn 1.000000 0.000000 0.000000
vn 1.000000 0.000000 0.000000
vn -1.000000 0.000000 0.000000
vn -1.000000 0.000000 0.000000
vn -1.000000 0.000000 0.000000
vn -1.000000 0.000000 0.000000
vn -1.000000 0.000000 0.000000
vn -1.000000 0.000000 0.000000
vn 0.000000 -0.308934 -0.951084
vn 0.000000 -0.308934 -0.951084
vn 0.000000 -0.308934 -0.951084
vn 1.000000 0.000000 0.000000
vn 1.000000 0.000000 0.000000
vn 1.000000 0.000000 0.000000
vn 0.000000 -0.308934 -0.951084
vn 0.000000 -0.308934 -0.951084
vn 0.000000 -0.308934 -0.951084
vn 0.000000 0.809006 0.587800
vn 0.000000 0.809006 0.587800
vn 0.000000 0.809006 0.587800
vn 0.000000 0.809006 0.587800
vn 0.000000 0.809006 0.587800
vn -0.000000 0.809006 0.587800
vn -1.000000 0.000000 0.000000
vn -1.000000 0.000000 0.000000
vn -1.000000 0.000000 0.000000
vn 1.000000 0.000000 0.000000
vn 1.000000 0.000000 0.000000
vn 1.000000 0.000000 0.000000
vn -1.000000 0.000000 0.000000
vn -1.000000 0.000000 0.000000
vn -1.000000 0.000000 0.000000
vn -1.000000 0.000000 0.000000
vn -1.000000 0.000000 0.000000
vn -1.000000 0.000000 0.000000
vn 1.000000 0.000000 0.000000
vn 1.000000 0.000000 0.000000
vn 1.000000 0.000000 0.000000
vn 0.000000 -0.309015 -0.951057
vn 0.000000 -0.309015 -0.951057
vn 0.000000 -0.309015 -0.951057
vn 0.000000 -0.309015 0.951057
vn 0.000000 -0.309015 0.951057
vn 0.000000 -0.309015 0.951057
vn -1.000000 0.000000 0.000000
vn -1.000000 0.000000 0.000000
vn -1.000000 0.000000 0.000000
vn 0.000000 0.809022 -0.587779
vn 0.000000 0.809022 -0.587779
vn 0.000000 0.809022 -0.587779
vn 1.000000 0.000000 0.000000
vn 1.000000 0.000000 0.000000
vn 1.000000 0.000000 0.000000
vn -1.000000 0.000000 0.000000
vn -1.000000 0.000000 0.000000
vn -1.000000 0.000000 0.000000
vn 0.000000 -1.000000 0.000000
vn 0.000000 -1.000000 0.000000
vn 0.000000 -1.000000 0.000000
vn 0.000000 -0.309015 -0.951057
vn 0.000000 -0.309015 -0.951057
vn 0.000000 -0.309015 -0.951057
vn 1.000000 0.000000 0.000000
vn 1.000000 0.000000 0.000000
vn 1.000000 0.000000 0.000000
vn -1.000000 0.000000 0.000000
vn -1.000000 0.000000 0.000000
vn -1.000000 0.000000 0.000000
vn 0.000000 0.809022 -0.587779
vn 0.000000 0.809022 -0.587779
vn 0.000000 0.809022 -0.587779
vn 0.000000 0.809022 0.587779
vn 0.000000 0.809022 0.587779
vn -0.000000 0.809022 0.587779
vn 1.000000 0.000000 0.000000
vn 1.000000 0.000000 0.000000
vn 1.000000 0.000000 0.000000
vn 0.000000 0.809022 0.587779
vn 0.000000 0.809022 0.587779
vn -0.000000 0.809022 0.587779
vn 1.000000 0.000000 0.000000
vn 1.000000 0.000000 0.000000
vn 1.000000 0.000000 0.000000
vn -1.000000 0.000000 0.000000
vn -1.000000 0.000000 0.000000
vn -1.000000 0.000000 0.000000
vn 0.000000 -1.000000 0.000000
vn 0.000000 -1.000000 0.000000
vn 0.000000 -1.000000 0.000000
vn 0.000000 -0.309015 0.951057
vn 0.000000 -0.309015 0.951057
vn 0.000000 -0.309015 0.951057
vn -1.000000 -0.000000 0.000000
vn -0.998043 0.019325 0.059477
vn -0.998043 0.062535 0.000000
vn 1.000000 -0.000000 0.000000
vn 0.998043 0.019325 0.059477
vn 0.998043 -0.050593 0.036758
vn 1.000000 -0.000000 0.000000
vn 0.998043 0.062535 0.000000
vn 0.998043 0.019325 0.059477
vn 1.000000 -0.000000 0.000000
vn 0.998043 0.019325 -0.059477
vn 0.998043 0.062535 0.000000
vn 1.000000 -0.000000 0.000000
vn 0.998043 -0.050593 -0.036758
vn 0.998043 0.019325 -0.059477
vn -1.000000 -0.000000 0.000000
vn -0.998043 0.062535 0.000000
vn -0.998043 0.019325 -0.059477
vn -1.000000 -0.000000 0.000000
vn -0.998043 0.019325 -0.059477
vn -0.998043 -0.050593 -0.036758
vn 1.000000 -0.000000 0.000000
vn 0.998043 -0.050593 0.036758
vn 0.998043 -0.050593 -0.036758
vn -1.000000 -0.000000 0.000000
vn -0.998043 -0.050593 -0.036758
vn -0.998043 -0.050593 0.036758
vn -1.000000 -0.000000 0.000000
vn -0.998043 -0.050593 0.036758
vn -0.998043 0.019325 0.059477
vn 1.000000 0.000003 0.000000
vn 0.996183 0.026979 -0.083020
vn 0.996183 0.087290 0.000000
vn -1.000000 0.000003 0.000000
vn -0.996183 0.026979 0.083020
vn -0.996183 0.087290 0.000000
vn 1.000000 0.000003 0.000000
vn 0.996183 -0.070615 -0.051308
vn 0.996183 0.026979 -0.083020
vn -1.000000 0.000003 0.000000
vn -0.996183 -0.070615 0.051308
vn -0.996183 0.026979 0.083020
vn 1.000000 0.000003 0.000000
vn 0.996183 -0.070615 0.051308
vn 0.996183 -0.070615 -0.051308
vn -1.000000 0.000003 0.000000
vn -0.996183 -0.070615 -0.051308
vn -0.996183 -0.070615 0.051308
vn 1.000000 0.000003 0.000000
vn 0.996183 0.026979 0.083020
vn 0.996183 -0.070615 0.051308
vn -1.000000 0.000003 0.000000
vn -0.996183 0.026979 -0.083020
vn -0.996183 -0.070615 -0.051308
vn 1.000000 0.000003 0.000000
vn 0.996183 0.087290 0.000000
vn 0.996183 0.026979 0.083020
vn -1.000000 0.000003 0.000000
vn -0.996183 0.087290 0.000000
vn -0.996183 0.026979 -0.083020
vn -1.000000 0.000000 0.000000
vn -1.000000 0.000000 0.000000
vn -1.000000 0.000000 0.000000
vn 1.000000 0.000000 0.000000
vn 1.000000 0.000000 0.000000
vn 1.000000 0.000000 0.000000
vn 1.000000 0.000000 0.000000
vn 1.000000 0.000000 0.000000
vn 1.000000 0.000000 0.000000
vn 0.000000 -1.000000 0.000000
vn 0.000000 -1.000000 0.000000
vn 0.000000 -1.000000 0.000000
vn 0.000000 -0.309015 0.951057
vn 0.000000 -0.309015 0.951057
vn 0.000000 -0.309015 0.951057
vn -1.000000 0.000000 0.000000
vn -1.000000 0.000000 0.000000
vn -1.000000 0.000000 0.000000
vn 0.000000 0.809023 -0.587777
vn 0.000000 0.809023 -0.587777
vn 0.000000 0.809023 -0.587777
vn 1.000000 0.000000 0.000000
vn 1.000000 0.000000 0.000000
vn 1.000000 0.000000 0.000000
vn 1.000000 0.000000 0.000000
vn 1.000000 0.000000 0.000000
vn 1.000000 0.000000 0.000000
vn 0.000000 -0.309015 0.951057
vn 0.000000 -0.309015 0.951057
vn 0.000000 -0.309015 0.951057
vn -1.000000 0.000000 0.000000
vn -1.000000 0.000000 0.000000
vn -1.000000 0.000000 0.000000
vn 0.000000 -1.000000 0.000000
vn 0.000000 -1.000000 0.000000
vn 0.000000 -1.000000 0.000000
vn 0.000000 0.809023 -0.587777
vn 0.000000 0.809023 -0.587777
vn 0.000000 0.809023 -0.587777
vn 1.000000 0.000000 0.000000
vn 1.000000 0.000000 0.000000
vn 1.000000 0.000000 0.000000
vn -1.000000 0.000000 0.000000
vn -1.000000 0.000000 0.000000
vn -1.000000 0.000000 0.000000
vn -1.000000 0.000000 0.000000
vn -1.000000 0.000000 0.000000
vn -1.000000 0.000000 0.000000
vn 0.000000 -0.309013 -0.951058
vn 0.000000 -0.309013 -0.951058
vn 0.000000 -0.309013 -0.951058
vn 1.000000 0.000000 0.000000
vn 1.000000 0.000000 0.000000
vn 1.000000 0.000000 0.000000
vn 0.000000 -0.309013 -0.951058
vn 0.000000 -0.309013 -0.951058
vn 0.000000 -0.309013 -0.951058
vn 0.000000 0.809022 0.587779
vn 0.000000 0.809022 0.587779
vn 0.000000 0.809022 0.587779
vn 0.000000 0.809022 0.587779
vn 0.000000 0.809022 0.587779
vn -0.000000 0.809022 0.587779
vn -1.000000 0.000000 0.000000
vn -1.000000 0.000000 0.000000
vn -1.000000 0.000000 0.000000
vn 1.000000 0.000000 0.000000
vn 1.000000 0.000000 0.000000
vn 1.000000 0.000000 0.000000
vn -1.000000 0.000000 0.000000
vn -1.000000 0.000000 0.000000
vn -1.000000 0.000000 0.000000
vn -1.000000 0.000000 0.000000
vn -1.000000 0.000000 0.000000
vn -1.000000 0.000000 0.000000
vn 1.000000 0.000000 0.000000
vn 1.000000 0.000000 0.000000
vn 1.000000 0.000000 0.000000
vn 0.000000 -0.309013 -0.951058
vn 0.000000 -0.309013 -0.951058
vn 0.000000 -0.309013 -0.951058
vn 0.000000 -0.309015 0.951057
vn 0.000000 -0.309015 0.951057
vn 0.000000 -0.309015 0.951057
vn -1.000000 0.000000 0.000000
vn -1.000000 0.000000 0.000000
vn -1.000000 0.000000 0.000000
vn 0.000000 0.809023 -0.587777
vn 0.000000 0.809023 -0.587777
vn 0.000000 0.809023 -0.587777
vn 1.000000 0.000000 0.000000
vn 1.000000 0.000000 0.000000
vn 1.000000 0.000000 0.000000
vn -1.000000 0.000000 0.000000
vn -1.000000 0.000000 0.000000
vn -1.000000 0.000000 0.000000
vn 0.000000 -1.000000 0.000000
vn 0.000000 -1.000000 0.000000
vn 0.000000 -1.000000 0.000000
vn 0.000000 -0.309013 -0.951058
vn 0.000000 -0.309013 -0.951058
vn 0.000000 -0.309013 -0.951058
vn 1.000000 0.000000 0.000000
vn 1.000000 0.000000 0.000000
vn 1.000000 0.000000 0.000000
vn -1.000000 0.000000 0.000000
vn -1.000000 0.000000 0.000000
vn -1.000000 0.000000 0.000000
vn 0.000000 0.809023 -0.587777
vn 0.000000 0.809023 -0.587777
vn 0.000000 0.809023 -0.587777
vn 0.000000 0.809022 0.587779
vn 0.000000 0.809022 0.587779
vn -0.000000 0.809022 0.587779
vn 1.000000 0.000000 0.000000
vn 1.000000 0.000000 0.000000
vn 1.000000 0.000000 0.000000
vn 0.000000 0.809022 0.587779
vn 0.000000 0.809022 0.587779
vn -0.000000 0.809022 0.587779
vn 1.000000 0.000000 0.000000
vn 1.000000 0.000000 0.000000
vn 1.000000 0.000000 0.000000
vn -1.000000 0.000000 0.000000
vn -1.000000 0.000000 0.000000
vn -1.000000 0.000000 0.000000
vn 0.000000 -1.000000 0.000000
vn 0.000000 -1.000000 0.000000
vn 0.000000 -1.000000 0.000000
vn 0.000000 -0.309015 0.951057
vn 0.000000 -0.309015 0.951057
vn 0.000000 -0.309015 0.951057
vn -1.000000 -0.000000 0.000000
vn -0.998043 0.019325 0.059477
vn -0.998043 0.062535 0.000000
vn 1.000000 -0.000000 0.000000
vn 0.998043 0.019325 0.059477
vn 0.998043 -0.050593 0.036758
vn 1.000000 -0.000000 0.000000
vn 0.998043 0.062535 0.000000
vn 0.998043 0.019325 0.059477
vn 1.000000 -0.000000 0.000000
vn 0.998043 0.019324 -0.059477
vn 0.998043 0.062535 0.000000
vn 1.000000 -0.000000 0.000000
vn 0.998043 -0.050593 -0.036758
vn 0.998043 0.019324 -0.059477
vn -1.000000 -0.000000 0.000000
vn -0.998043 0.062535 0.000000
vn -0.998043 0.019324 -0.059477
vn -1.000000 -0.000000 0.000000
vn -0.998043 0.019324 -0.059477
vn -0.998043 -0.050593 -0.036758
vn 1.000000 -0.000000 0.000000
vn 0.998043 -0.050593 0.036758
vn 0.998043 -0.050593 -0.036758
vn -1.000000 -0.000000 0.000000
vn -0.998043 -0.050593 -0.036758
vn -0.998043 -0.050593 0.036758
vn -1.000000 -0.000000 0.000000
vn -0.998043 -0.050593 0.036758
vn -0.998043 0.019325 0.059477
vn 1.000000 -0.000001 0.000000
vn 0.996180 0.026983 -0.083048
vn 0.996180 0.087319 0.000000
vn -1.000000 -0.000001 0.000000
vn -0.996180 0.026983 0.083049
vn -0.996180 0.087319 0.000000
vn 1.000000 -0.000001 0.000000
vn 0.996180 -0.070644 -0.051326
vn 0.996180 0.026983 -0.083048
vn -1.000000 -0.000001 0.000000
vn -0.996180 -0.070643 0.051326
vn -0.996180 0.026983 0.083049
vn 1.000000 -0.000001 0.000000
vn 0.996180 -0.070643 0.051326
vn 0.996180 -0.070644 -0.051326
vn -1.000000 -0.000001 0.000000
vn -0.996180 -0.070644 -0.051326
vn -0.996180 -0.070643 0.051326
vn 1.000000 -0.000001 0.000000
vn 0.996180 0.026983 0.083049
vn 0.996180 -0.070643 0.051326
vn -1.000000 -0.000001 0.000000
vn -0.996180 0.026983 -0.083048
vn -0.996180 -0.070644 -0.051326
vn 1.000000 -0.000001 0.000000
vn 0.996180 0.087319 0.000000
vn 0.996180 0.026983 0.083049
vn -1.000000 -0.000001 0.000000
vn -0.996180 0.087319 0.000000
vn -0.996180 0.026983 -0.083048
vn -1.000000 0.000000 0.000000
vn -1.000000 0.000000 0.000000
vn -1.000000 0.000000 0.000000
vn 1.000000 0.000000 0.000000
vn 1.000000 0.000000 0.000000
vn 1.000000 0.000000 0.000000
vn 1.000000 0.000000 0.000000
vn 1.000000 0.000000 0.000000
vn 1.000000 0.000000 0.000000
vn 0.000000 -1.000000 0.000000
vn 0.000000 -1.000000 0.000000
vn 0.000000 -1.000000 0.000000
vn 0.000000 -0.309014 0.951057
vn 0.000000 -0.309014 0.951057
vn 0.000000 -0.309014 0.951057
vn -1.000000 0.000000 0.000000
vn -1.000000 0.000000 0.000000
vn -1.000000 0.000000 0.000000
vn 0.000000 0.809023 -0.587777
vn 0.000000 0.809023 -0.587777
vn 0.000000 0.809023 -0.587777
vn 1.000000 0.000000 0.000000
vn 1.000000 0.000000 0.000000
vn 1.000000 0.000000 0.000000
vn 1.000000 0.000000 0.000000
vn 1.000000 0.000000 0.000000
vn 1.000000 0.000000 0.000000
vn 0.000000 -0.309014 0.951057
vn 0.000000 -0.309014 0.951057
vn 0.000000 -0.309014 0.951057
vn -1.000000 0.000000 0.000000
vn -1.000000 0.000000 0.000000
vn -1.000000 0.000000 0.000000
vn 0.000000 -1.000000 0.000000
vn 0.000000 -1.000000 0.000000
vn 0.000000 -1.000000 0.000000
vn 0.000000 0.809023 -0.587777
vn 0.000000 0.809023 -0.587777
vn 0.000000 0.809023 -0.587777
vn 1.000000 0.000000 0.000000
vn 1.000000 0.000000 0.000000
vn 1.000000 0.000000 0.000000
vn -1.000000 0.000000 0.000000
vn -1.000000 0.000000 0.000000
vn -1.000000 0.000000 0.000000
vn -1.000000 0.000000 0.000000
vn -1.000000 0.000000 0.000000
vn -1.000000 0.000000 0.000000
vn 0.000000 -0.309013 -0.951058
vn 0.000000 -0.309013 -0.951058
vn 0.000000 -0.309013 -0.951058
vn 1.000000 0.000000 0.000000
vn 1.000000 0.000000 0.000000
vn 1.000000 0.000000 0.000000
vn 0.000000 -0.309013 -0.951058
vn 0.000000 -0.309013 -0.951058
vn 0.000000 -0.309013 -0.951058
vn 0.000000 0.809023 0.587777
vn 0.000000 0.809023 0.587777
vn 0.000000 0.809023 0.587777
vn 0.000000 0.809023 0.587777
vn 0.000000 0.809023 0.587777
vn -0.000000 0.809023 0.587777
vn -1.000000 0.000000 0.000000
vn -1.000000 0.000000 0.000000
vn -1.000000 0.000000 0.000000
vn 1.000000 0.000000 0.000000
vn 1.000000 0.000000 0.000000
vn 1.000000 0.000000 0.000000
vn -1.000000 0.000000 0.000000
vn -1.000000 0.000000 0.000000
vn -1.000000 0.000000 0.000000
vn -1.000000 0.000000 0.000000
vn -1.000000 0.000000 0.000000
vn -1.000000 0.000000 0.000000
vn 1.000000 0.000000 0.000000
vn 1.000000 0.000000 0.000000
vn 1.000000 0.000000 0.000000
vn 0.000000 -0.309013 -0.951058
vn 0.000000 -0.309013 -0.951058
vn 0.000000 -0.309013 -0.951058
vn 0.000000 -0.309014 0.951057
vn 0.000000 -0.309014 0.951057
vn 0.000000 -0.309014 0.951057
vn -1.000000 0.000000 0.000000
vn -1.000000 0.000000 0.000000
vn -1.000000 0.000000 0.000000
vn 0.000000 0.809023 -0.587777
vn 0.000000 0.809023 -0.587777
vn 0.000000 0.809023 -0.587777
vn 1.000000 0.000000 0.000000
vn 1.000000 0.000000 0.000000
vn 1.000000 0.000000 0.000000
vn -1.000000 0.000000 0.000000
vn -1.000000 0.000000 0.000000
vn -1.000000 0.000000 0.000000
vn 0.000000 -1.000000 0.000000
vn 0.000000 -1.000000 0.000000
vn 0.000000 -1.000000 0.000000
vn 0.000000 -0.309013 -0.951058
vn 0.000000 -0.309013 -0.951058
vn 0.000000 -0.309013 -0.951058
vn 1.000000 0.000000 0.000000
vn 1.000000 0.000000 0.000000
vn 1.000000 0.000000 0.000000
vn -1.000000 0.000000 0.000000
vn -1.000000 0.000000 0.000000
vn -1.000000 0.000000 0.000000
vn 0.000000 0.809023 -0.587777
vn 0.000000 0.809023 -0.587777
vn 0.000000 0.809023 -0.587777
vn 0.000000 0.809023 0.587777
vn 0.000000 0.809023 0.587777
vn -0.000000 0.809023 0.587777
vn 1.000000 0.000000 0.000000
vn 1.000000 0.000000 0.000000
vn 1.000000 0.000000 0.000000
vn 0.000000 0.809023 0.587777
vn 0.000000 0.809023 0.587777
vn -0.000000 0.809023 0.587777
vn 1.000000 0.000000 0.000000
vn 1.000000 0.000000 0.000000
vn 1.000000 0.000000 0.000000
vn -1.000000 0.000000 0.000000
vn -1.000000 0.000000 0.000000
vn -1.000000 0.000000 0.000000
vn 0.000000 -1.000000 0.000000
vn 0.000000 -1.000000 0.000000
vn 0.000000 -1.000000 0.000000
vn 0.000000 -0.309014 0.951057
vn 0.000000 -0.309014 0.951057
vn 0.000000 -0.309014 0.951057
vn -1.000000 -0.000000 0.000000
vn -0.998043 0.019322 0.059468
vn -0.998043 0.062527 0.000000
vn 1.000000 -0.000000 0.000000
vn 0.998043 0.019322 0.059468
vn 0.998043 -0.050586 0.036754
vn 1.000000 -0.000000 0.000000
vn 0.998043 0.062527 0.000000
vn 0.998043 0.019322 0.059468
vn 1.000000 -0.000000 0.000000
vn 0.998043 0.019322 -0.059468
vn 0.998043 0.062527 0.000000
vn 1.000000 -0.000000 0.000000
vn 0.998043 -0.050586 -0.036754
vn 0.998043 0.019322 -0.059468
vn -1.000000 -0.000000 0.000000
vn -0.998043 0.062527 0.000000
vn -0.998043 0.019322 -0.059468
vn -1.000000 -0.000000 0.000000
vn -0.998043 0.019322 -0.059468
vn -0.998043 -0.050586 -0.036754
vn 1.000000 -0.000000 0.000000
vn 0.998043 -0.050586 0.036754
vn 0.998043 -0.050586 -0.036754
vn -1.000000 -0.000000 0.000000
vn -0.998043 -0.050586 -0.036754
vn -0.998043 -0.050586 0.036754
vn -1.000000 -0.000000 0.000000
vn -0.998043 -0.050586 0.036754
vn -0.998043 0.019322 0.059468
vn 1.000000 -0.000001 0.000000
vn 0.996184 0.026970 -0.083007
vn 0.996184 0.087277 0.000000
vn -1.000000 -0.000001 0.000000
vn -0.996184 0.026970 0.083007
vn -0.996184 0.087277 0.000000
vn 1.000000 -0.000001 0.000000
vn 0.996184 -0.070610 -0.051302
vn 0.996184 0.026970 -0.083007
vn -1.000000 -0.000001 0.000000
vn -0.996184 -0.070610 0.051302
vn -0.996184 0.026970 0.083007
vn 1.000000 -0.000001 0.000000
vn 0.996184 -0.070610 0.051302
vn 0.996184 -0.070610 -0.051302
vn -1.000000 -0.000001 0.000000
vn -0.996184 -0.070610 -0.051302
vn -0.996184 -0.070610 0.051302
vn 1.000000 -0.000001 0.000000
vn 0.996184 0.026970 0.083007
vn 0.996184 -0.070610 0.051302
vn -1.000000 -0.000001 0.000000
vn -0.996184 0.026970 -0.083007
vn -0.996184 -0.070610 -0.051302
vn 1.000000 -0.000001 0.000000
vn 0.996184 0.087277 0.000000
vn 0.996184 0.026970 0.083007
vn -1.000000 -0.000001 0.000000
vn -0.996184 0.087277 0.000000
vn -0.996184 0.026970 -0.083007
vn -1.000000 0.000000 0.000000
vn -1.000000 0.000000 0.000000
vn -1.000000 0.000000 0.000000
vn 1.000000 0.000000 0.000000
vn 1.000000 0.000000 0.000000
vn 1.000000 0.000000 0.000000
vn 1.000000 0.000000 0.000000
vn 1.000000 0.000000 0.000000
vn 1.000000 0.000000 0.000000
vn 0.000000 -1.000000 0.000000
vn 0.000000 -1.000000 0.000000
vn 0.000000 -1.000000 0.000000
vn 0.000000 -0.309017 0.951057
vn 0.000000 -0.309017 0.951057
vn 0.000000 -0.309017 0.951057
vn -1.000000 0.000000 0.000000
vn -1.000000 0.000000 0.000000
vn -1.000000 0.000000 0.000000
vn 0.000000 0.809022 -0.587779
vn 0.000000 0.809022 -0.587779
vn 0.000000 0.809022 -0.587779
vn 1.000000 0.000000 0.000000
vn 1.000000 0.000000 0.000000
vn 1.000000 0.000000 0.000000
vn 1.000000 0.000000 0.000000
vn 1.000000 0.000000 0.000000
vn 1.000000 0.000000 0.000000
vn 0.000000 -0.309017 0.951057
vn 0.000000 -0.309017 0.951057
vn 0.000000 -0.309017 0.951057
vn -1.000000 0.000000 0.000000
vn -1.000000 0.000000 0.000000
vn -1.000000 0.000000 0.000000
vn 0.000000 -1.000000 0.000000
vn 0.000000 -1.000000 0.000000
vn 0.000000 -1.000000 0.000000
vn 0.000000 0.809022 -0.587779
vn 0.000000 0.809022 -0.587779
vn 0.000000 0.809022 -0.587779
vn 1.000000 0.000000 0.000000
vn 1.000000 0.000000 0.000000
vn 1.000000 0.000000 0.000000
vn -1.000000 0.000000 0.000000
vn -1.000000 0.000000 0.000000
vn -1.000000 0.000000 0.000000
vn -1.000000 0.000000 0.000000
vn -1.000000 0.000000 0.000000
vn -1.000000 0.000000 0.000000
vn 0.000000 -0.309015 -0.951057
vn 0.000000 -0.309015 -0.951057
vn 0.000000 -0.309015 -0.951057
vn 1.000000 0.000000 0.000000
vn 1.000000 0.000000 0.000000
vn 1.000000 0.000000 0.000000
vn 0.000000 -0.309015 -0.951057
vn 0.000000 -0.309015 -0.951057
vn 0.000000 -0.309015 -0.951057
vn 0.000000 0.809023 0.587777
vn 0.000000 0.809023 0.587777
vn 0.000000 0.809023 0.587777
vn 0.000000 0.809023 0.587777
vn 0.000000 0.809023 0.587777
vn -0.000000 0.809023 0.587777
vn -1.000000 0.000000 0.000000
vn -1.000000 0.000000 0.000000
vn -1.000000 0.000000 0.000000
vn 1.000000 0.000000 0.000000
vn 1.000000 0.000000 0.000000
vn 1.000000 0.000000 0.000000
vn -1.000000 0.000000 0.000000
vn -1.000000 0.000000 0.000000
vn -1.000000 0.000000 0.000000
vn -1.000000 0.000000 0.000000
vn -1.000000 0.000000 0.000000
vn -1.000000 0.000000 0.000000
vn 1.000000 0.000000 0.000000
vn 1.000000 0.000000 0.000000
vn 1.000000 0.000000 0.000000
vn 0.000000 -0.309015 -0.951057
vn 0.000000 -0.309015 -0.951057
vn 0.000000 -0.309015 -0.951057
vn 0.000000 -0.309017 0.951057
vn 0.000000 -0.309017 0.951057
vn 0.000000 -0.309017 0.951057
vn -1.000000 0.000000 0.000000
vn -1.000000 0.000000 0.000000
vn -1.000000 0.000000 0.000000
vn 0.000000 0.809022 -0.587779
vn 0.000000 0.809022 -0.587779
vn 0.000000 0.809022 -0.587779
vn 1.000000 0.000000 0.000000
vn 1.000000 0.000000 0.000000
vn 1.000000 0.000000 0.000000
vn -1.000000 0.000000 0.000000
vn -1.000000 0.000000 0.000000
vn -1.000000 0.000000 0.000000
vn 0.000000 -1.000000 0.000000
vn 0.000000 -1.000000 0.000000
vn 0.000000 -1.000000 0.000000
vn 0.000000 -0.309015 -0.951057
vn 0.000000 -0.309015 -0.951057
vn 0.000000 -0.309015 -0.951057
vn 1.000000 0.000000 0.000000
vn 1.000000 0.000000 0.000000
vn 1.000000 0.000000 0.000000
vn -1.000000 0.000000 0.000000
vn -1.000000 0.000000 0.000000
vn -1.000000 0.000000 0.000000
vn 0.000000 0.809022 -0.587779
vn 0.000000 0.809022 -0.587779
vn 0.000000 0.809022 -0.587779
vn 0.000000 0.809023 0.587777
vn 0.000000 0.809023 0.587777
vn -0.000000 0.809023 0.587777
vn 1.000000 0.000000 0.000000
vn 1.000000 0.000000 0.000000
vn 1.000000 0.000000 0.000000
vn 0.000000 0.809023 0.587777
vn 0.000000 0.809023 0.587777
vn -0.000000 0.809023 0.587777
vn 1.000000 0.000000 0.000000
vn 1.000000 0.000000 0.000000
vn 1.000000 0.000000 0.000000
vn -1.000000 0.000000 0.000000
vn -1.000000 0.000000 0.000000
vn -1.000000 0.000000 0.000000
vn 0.000000 -1.000000 0.000000
vn 0.000000 -1.000000 0.000000
vn 0.000000 -1.000000 0.000000
vn 0.000000 -0.309017 0.951057
vn 0.000000 -0.309017 0.951057
vn 0.000000 -0.309017 0.951057
vn -1.000000 0.000000 0.000000
vn -0.998043 0.019322 0.059468
vn -0.998043 0.062527 0.000000
vn 1.000000 0.000000 0.000000
vn 0.998043 0.019322 0.059468
vn 0.998043 -0.050586 0.036754
vn 1.000000 0.000000 0.000000
vn 0.998043 0.062527 0.000000
vn 0.998043 0.019322 0.059468
vn 1.000000 0.000000 0.000000
vn 0.998043 0.019322 -0.059468
vn 0.998043 0.062527 0.000000
vn 1.000000 0.000000 0.000000
vn 0.998043 -0.050586 -0.036754
vn 0.998043 0.019322 -0.059468
vn -1.000000 0.000000 0.000000
vn -0.998043 0.062527 0.000000
vn -0.998043 0.019322 -0.059468
vn -1.000000 0.000000 0.000000
vn -0.998043 0.019322 -0.059468
vn -0.998043 -0.050586 -0.036754
vn 1.000000 0.000000 0.000000
vn 0.998043 -0.050586 0.036754
vn 0.998043 -0.050586 -0.036754
vn -1.000000 0.000000 0.000000
vn -0.998043 -0.050586 -0.036754
vn -0.998043 -0.050586 0.036754
vn -1.000000 0.000000 0.000000
vn -0.998043 -0.050586 0.036754
vn -0.998043 0.019322 0.059468
vn 1.000000 0.000000 0.000000
vn 0.996184 0.026971 -0.083008
vn 0.996184 0.087277 0.000000
vn -1.000000 0.000000 0.000000
vn -0.996184 0.026971 0.083008
vn -0.996184 0.087277 0.000000
vn 1.000000 0.000000 0.000000
vn 0.996184 -0.070609 -0.051302
vn 0.996184 0.026971 -0.083008
vn -1.000000 0.000000 0.000000
vn -0.996184 -0.070609 0.051302
vn -0.996184 0.026971 0.083008
vn 1.000000 0.000000 0.000000
vn 0.996184 -0.070609 0.051302
vn 0.996184 -0.070609 -0.051302
vn -1.000000 0.000000 0.000000
vn -0.996184 -0.070609 -0.051302
vn -0.996184 -0.070609 0.051302
vn 1.000000 0.000000 0.000000
vn 0.996184 0.026971 0.083008
vn 0.996184 -0.070609 0.051302
vn -1.000000 0.000000 0.000000
vn -0.996184 0.026971 -0.083008
vn -0.996184 -0.070609 -0.051302
vn 1.000000 0.000000 0.000000
vn 0.996184 0.087277 0.000000
vn 0.996184 0.026971 0.083008
vn -1.000000 0.000000 0.000000
vn -0.996184 0.087277 0.000000
vn -0.996184 0.026971 -0.083008
vn -1.000000 0.000000 0.000000
vn -1.000000 0.000000 0.000000
vn -1.000000 0.000000 0.000000
vn 1.000000 0.000000 0.000000
vn 1.000000 0.000000 0.000000
vn 1.000000 0.000000 0.000000
vn 1.000000 0.000000 0.000000
vn 1.000000 0.000000 0.000000
vn 1.000000 0.000000 0.000000
vn 0.000000 -1.000000 0.000000
vn 0.000000 -1.000000 0.000000
vn 0.000000 -1.000000 0.000000
vn 0.000000 -0.309015 0.951057
vn 0.000000 -0.309015 0.951057
vn 0.000000 -0.309015 0.951057
vn -1.000000 0.000000 0.000000
vn -1.000000 0.000000 0.000000
vn -1.000000 0.000000 0.000000
vn 0.000000 0.809022 -0.587779
vn 0.000000 0.809022 -0.587779
vn 0.000000 0.809022 -0.587779
vn 1.000000 0.000000 0.000000
vn 1.000000 0.000000 0.000000
vn 1.000000 0.000000 0.000000
vn 1.000000 0.000000 0.000000
vn 1.000000 0.000000 0.000000
vn 1.000000 0.000000 0.000000
vn 0.000000 -0.309015 0.951057
vn 0.000000 -0.309015 0.951057
vn 0.000000 -0.309015 0.951057
vn -1.000000 0.000000 0.000000
vn -1.000000 0.000000 0.000000
vn -1.000000 0.000000 0.000000
vn 0.000000 -1.000000 0.000000
vn 0.000000 -1.000000 0.000000
vn 0.000000 -1.000000 0.000000
vn 0.000000 0.809022 -0.587779
vn 0.000000 0.809022 -0.587779
vn 0.000000 0.809022 -0.587779
vn 1.000000 0.000000 0.000000
vn 1.000000 0.000000 0.000000
vn 1.000000 0.000000 0.000000
vn -1.000000 0.000000 0.000000
vn -1.000000 0.000000 0.000000
vn -1.000000 0.000000 0.000000
vn -1.000000 0.000000 0.000000
vn -1.000000 0.000000 0.000000
vn -1.000000 0.000000 0.000000
vn 0.000000 -0.309015 -0.951057
vn 0.000000 -0.309015 -0.951057
vn 0.000000 -0.309015 -0.951057
vn 1.000000 0.000000 0.000000
vn 1.000000 0.000000 0.000000
vn 1.000000 0.000000 0.000000
vn 0.000000 -0.309015 -0.951057
vn 0.000000 -0.309015 -0.951057
vn 0.000000 -0.309015 -0.951057
vn 0.000000 0.809022 0.587779
vn 0.000000 0.809022 0.587779
vn 0.000000 0.809022 0.587779
vn 0.000000 0.809022 0.587779
vn 0.000000 0.809022 0.587779
vn -0.000000 0.809022 0.587779
vn -1.000000 0.000000 0.000000
vn -1.000000 0.000000 0.000000
vn -1.000000 0.000000 0.000000
vn 1.000000 -0.000000 0.000000
vn 0.996180 0.026983 -0.083049
vn 0.996180 0.087319 0.000000
vn -1.000000 -0.000000 0.000000
vn -0.996180 0.026983 0.083049
vn -0.996180 0.087319 0.000000
vn 1.000000 -0.000000 0.000000
vn 0.996180 -0.070643 -0.051326
vn 0.996180 0.026983 -0.083049
vn -1.000000 -0.000000 0.000000
vn -0.996180 -0.070643 0.051326
vn -0.996180 0.026983 0.083049
vn 1.000000 -0.000000 0.000000
vn 0.996180 -0.070643 0.051326
vn 0.996180 -0.070643 -0.051326
vn -1.000000 -0.000000 0.000000
vn -0.996180 -0.070643 -0.051326
vn -0.996180 -0.070643 0.051326
vn 1.000000 -0.000000 0.000000
vn 0.996180 0.026983 0.083049
vn 0.996180 -0.070643 0.051326
vn -1.000000 -0.000000 0.000000
vn -0.996180 0.026983 -0.083049
vn -0.996180 -0.070643 -0.051326
vn 1.000000 -0.000000 0.000000
vn 0.996180 0.087319 0.000000
vn 0.996180 0.026983 0.083049
vn -1.000000 -0.000000 0.000000
vn -0.996180 0.087319 0.000000
vn -0.996180 0.026983 -0.083049
vn 0.949983 -0.308266 -0.050042
vn 0.970683 -0.239762 -0.017007
vn 0.970064 -0.242549 0.012046
vn -0.953660 -0.125867 -0.273295
vn -0.945608 -0.293427 -0.140448
vn -0.946093 -0.312225 -0.086165
vn -0.946093 -0.312225 -0.086165
vn -0.917594 -0.397398 0.009800
vn -0.938012 -0.345981 0.020737
vn 0.971241 -0.236143 -0.030444
vn 0.926349 -0.369253 -0.074358
vn 0.940717 -0.317151 -0.120279
vn 0.926349 -0.369253 -0.074358
vn 0.971241 -0.236143 -0.030444
vn 0.981072 -0.192982 0.016016
vn 0.996450 0.084085 -0.004145
vn 0.996881 -0.063918 -0.046298
vn 0.989516 -0.143909 -0.012210
vn 0.000000 0.998720 -0.050579
vn 0.000000 0.998720 -0.050579
vn 0.000000 0.998720 -0.050579
vn -0.969505 -0.233515 -0.074371
vn -0.935028 -0.352852 -0.034911
vn -0.925879 -0.377429 -0.017188
vn 0.000000 0.998720 -0.050579
vn 0.000000 0.998720 -0.050579
vn 0.000000 0.998720 -0.050579
vn -0.954705 -0.279919 -0.100914
vn -0.990410 -0.126541 -0.055453
vn -0.947134 -0.299274 -0.115642
vn -0.988322 -0.143758 -0.050533
vn -0.952172 -0.292214 -0.089325
vn -0.988322 -0.143758 -0.050533
vn 0.000000 0.989688 -0.143237
vn 0.000000 0.989688 -0.143237
vn 0.000000 0.989688 -0.143237
vn -0.895084 -0.445748 0.011578
vn -0.925879 -0.377429 -0.017188
vn -0.935028 -0.352852 -0.034911
vn 0.955021 0.285549 0.079983
vn 0.993917 0.108779 0.017190
vn 0.964296 0.259193 0.054343
vn 0.979299 0.196120 0.050101
vn 0.988645 0.146916 -0.031562
vn 0.996450 0.084085 -0.004145
vn -0.977191 0.202871 0.062783
vn -0.998671 0.049746 0.013497
vn -0.972826 0.215151 0.085553
vn 0.963270 -0.250368 -0.097097
vn 0.996275 -0.074529 -0.043370
vn 0.971174 -0.225327 -0.077770
vn -0.998671 0.049746 0.013497
vn -0.990410 -0.126541 -0.055453
vn -0.954705 -0.279919 -0.100914
vn -0.992888 0.112854 0.037914
vn -0.988322 -0.143758 -0.050533
vn -0.988322 -0.143758 -0.050533
vn -0.992888 0.112854 0.037914
vn 0.945608 -0.293427 -0.140448
vn 0.946093 -0.312225 -0.086165
vn 0.917594 -0.397398 0.009800
vn 0.989516 -0.143909 -0.012210
vn 0.996881 -0.063918 -0.046298
vn 0.967002 -0.243558 -0.074742
vn -0.997240 0.044860 0.059155
vn -0.971241 -0.236143 -0.030444
vn -0.981072 -0.192982 0.016016
vn 0.993917 0.108779 0.017190
vn 0.996275 -0.074529 -0.043370
vn 0.964296 0.259193 0.054343
vn -0.993898 -0.098742 0.049162
vn -0.970683 -0.239762 -0.017007
vn -0.970064 -0.242549 0.012046
vn -0.992888 0.112854 0.037914
vn -0.992888 0.112854 0.037914
vn -0.972630 0.215933 0.085808
vn 0.970064 -0.242549 0.012046
vn 0.970683 -0.239762 -0.017007
vn 0.993898 -0.098742 0.049162
vn 0.981072 -0.192982 0.016016
vn 0.971241 -0.236143 -0.030444
vn 0.997240 0.044860 0.059155
vn -0.917594 -0.397398 0.009800
vn -0.946093 -0.312225 -0.086165
vn -0.945608 -0.293427 -0.140448
vn -0.971174 -0.225327 -0.077770
vn -0.993917 0.108779 0.017190
vn -0.996275 -0.074529 -0.043370
vn 0.977191 0.202871 0.062783
vn 0.998671 0.049746 0.013497
vn 0.990410 -0.126541 -0.055453
vn 0.071102 -0.997182 0.023929
vn -0.259041 -0.965412 0.029607
vn 0.131593 -0.991189 0.015076
vn 0.998102 -0.057460 0.022163
vn 0.997114 0.074786 -0.013035
vn 0.968033 0.250558 0.011505
vn -0.986584 0.162580 0.014837
vn -0.925444 -0.371714 0.073367
vn -0.974720 0.219333 0.042587
vn 0.131593 -0.991189 0.015076
vn 0.301759 -0.952035 0.050704
vn 0.071102 -0.997182 0.023929
vn 0.082383 -0.985714 -0.146903
vn 0.622062 -0.753401 -0.213134
vn 0.848846 -0.518038 -0.105341
vn 0.369544 -0.928057 -0.046336
vn 0.369544 -0.928057 -0.046336
vn 0.371538 -0.927147 -0.048563
vn -0.934315 -0.355215 -0.029634
vn -0.970593 -0.239891 -0.020013
vn -0.911073 -0.407772 0.060557
vn 0.925879 -0.377429 -0.017188
vn 0.935028 -0.352852 -0.034911
vn 0.969505 -0.233515 -0.074371
vn 0.510018 -0.842516 0.173346
vn 0.874473 -0.457653 0.160781
vn 0.636267 -0.700554 0.323093
vn -0.986628 -0.151321 -0.060553
vn -0.970593 -0.239891 -0.020013
vn -0.934315 -0.355215 -0.029634
vn -0.175303 -0.959997 -0.218347
vn -0.725525 -0.677642 -0.120060
vn -0.685198 -0.698751 -0.205551
vn 0.575399 0.817822 0.009107
vn 0.057797 0.998272 0.010642
vn -0.128479 0.991537 0.018666
vn 0.399051 0.895402 0.197519
vn 0.392166 0.901275 0.184144
vn 0.392166 0.901275 0.184144
vn 0.972630 0.215933 0.085808
vn 0.999240 0.037348 0.011194
vn 0.977476 0.201803 0.061780
vn 0.977902 0.206177 -0.034631
vn 0.794753 0.604964 -0.048840
vn 0.575399 0.817822 0.009107
vn 0.000056 -0.922886 0.385072
vn 0.432746 -0.763852 0.478813
vn -0.000022 -0.855154 0.518375
vn -0.974720 0.219333 0.042587
vn -0.664408 0.747299 -0.010251
vn -0.986584 0.162580 0.014837
vn 0.432746 -0.763852 0.478813
vn -0.000018 -0.181562 0.983380
vn -0.000022 -0.855154 0.518375
vn 0.707107 0.000000 -0.707107
vn 0.707107 0.000000 -0.707107
vn 0.707107 0.000000 -0.707107
vn 0.392166 0.901275 0.184144
vn 0.392166 0.901275 0.184144
vn 0.385179 0.906913 0.170721
vn -0.688108 0.725535 0.010357
vn -0.128479 0.991537 0.018666
vn -0.732134 0.681138 0.005575
vn -1.000000 0.000000 0.000000
vn -1.000000 0.000000 0.000000
vn -1.000000 0.000000 0.000000
vn 0.989746 0.129093 0.061143
vn 0.874473 -0.457653 0.160781
vn 0.750549 -0.658454 0.055806
vn -0.513745 -0.730111 0.450559
vn -0.821319 -0.539431 0.185608
vn -0.641229 -0.696172 0.322753
vn 0.968964 -0.237323 -0.069187
vn 0.980637 -0.165570 -0.104580
vn 0.989963 0.007659 -0.141122
vn -0.964296 0.259193 0.054343
vn -0.996275 -0.074529 -0.043370
vn -0.993917 0.108779 0.017190
vn -0.886706 0.099154 0.451577
vn -0.710405 0.670488 0.213941
vn -0.975553 0.158109 0.152637
vn -0.995803 0.090514 -0.013518
vn -0.732134 0.681138 0.005575
vn -0.986851 0.155871 -0.042783
vn -0.575143 0.604396 0.551286
vn -0.004456 0.965595 0.260014
vn -0.710405 0.670488 0.213941
vn 0.854493 0.070387 0.514672
vn -0.000018 -0.181562 0.983380
vn 0.814950 -0.393949 0.425043
vn -0.707107 0.000000 -0.707107
vn -0.707107 0.000000 -0.707107
vn -0.707107 0.000000 -0.707107
vn -0.992524 -0.112845 -0.046495
vn -0.999294 0.037363 -0.003882
vn -0.980838 0.190530 0.040695
vn 0.903763 0.136210 -0.405782
vn 0.794753 0.604964 -0.048840
vn 0.991238 -0.020029 -0.130564
vn -0.741465 -0.660565 -0.117831
vn -0.956625 -0.286813 -0.051060
vn -0.995803 0.090514 -0.013518
vn -0.967002 -0.243558 -0.074742
vn -0.962573 -0.257759 -0.083747
vn -0.992524 -0.112845 -0.046495
vn 0.690153 0.607303 -0.393539
vn 0.057797 0.998272 0.010642
vn 0.794753 0.604964 -0.048840
vn 0.848846 -0.518038 -0.105341
vn 0.991238 -0.020029 -0.130564
vn 0.977902 0.206177 -0.034631
vn 0.994766 0.047885 -0.090268
vn 0.994006 0.053979 -0.095072
vn 0.980958 0.156812 -0.114593
vn 0.921936 0.357209 -0.149788
vn 0.980958 0.156812 -0.114593
vn 0.969245 0.211185 -0.126352
vn 0.622062 -0.753401 -0.213134
vn 0.060015 -0.822577 -0.565478
vn 0.803846 -0.350831 -0.480363
vn -0.725525 -0.677642 -0.120060
vn -0.995803 0.090514 -0.013518
vn -0.986851 0.155871 -0.042783
vn -0.151581 0.965925 -0.209791
vn -0.214447 0.867179 -0.449458
vn -0.128100 0.985623 -0.110168
vn 0.803846 -0.350831 -0.480363
vn 0.991238 -0.020029 -0.130564
vn 0.622062 -0.753401 -0.213134
vn -0.737647 -0.671116 -0.074024
vn -0.741465 -0.660565 -0.117831
vn -0.341491 -0.932202 -0.119931
vn 0.060015 -0.822577 -0.565478
vn -0.000000 0.058945 -0.998261
vn 0.803846 -0.350831 -0.480363
vn 0.000000 0.846296 -0.532712
vn 0.690153 0.607303 -0.393539
vn -0.000000 0.058945 -0.998261
vn 0.690153 0.607303 -0.393539
vn 0.903763 0.136210 -0.405782
vn -0.000000 0.058945 -0.998261
vn 0.903763 0.136210 -0.405782
vn 0.803846 -0.350831 -0.480363
vn -0.000000 0.058945 -0.998261
vn 0.467551 0.641123 0.608571
vn 0.311906 0.832601 0.457702
vn 0.077942 0.973534 0.214842
vn 0.999240 0.037348 0.011194
vn 0.989360 -0.137025 -0.048899
vn 0.977476 0.201803 0.061780
vn -0.707107 0.000000 -0.707107
vn -0.707107 0.000000 -0.707107
vn -0.707107 -0.000000 -0.707107
vn 0.989746 0.129093 0.061143
vn 0.998102 -0.057460 0.022163
vn 0.968033 0.250558 0.011505
vn 0.969245 0.211185 -0.126352
vn 0.980958 0.156812 -0.114593
vn 0.994006 0.053979 -0.095072
vn -0.991238 -0.020029 -0.130564
vn -0.725525 -0.677642 -0.120060
vn -0.986851 0.155871 -0.042783
vn 0.934682 -0.354087 -0.031493
vn 0.968964 -0.237323 -0.069187
vn 0.927417 -0.374026 0.001814
vn 0.997796 -0.021638 -0.062728
vn 0.999224 0.026380 -0.029240
vn 0.977007 0.181476 0.111909
vn -0.641229 -0.696172 0.322753
vn -0.821319 -0.539431 0.185608
vn -0.510018 -0.842516 0.173346
vn -0.886706 0.099154 0.451577
vn -0.821319 -0.539431 0.185608
vn -0.763058 -0.428356 0.483997
vn -0.761762 -0.646048 0.048382
vn -0.161608 -0.986197 0.036032
vn -0.925444 -0.371714 0.073367
vn 0.984531 0.174968 0.009164
vn 0.984531 0.174968 0.009164
vn 0.984532 0.174966 0.009164
vn -0.707107 0.000000 0.707107
vn -0.707107 0.000000 0.707107
vn -0.707107 0.000000 0.707107
vn -0.369544 -0.928057 -0.046336
vn -0.369544 -0.928057 -0.046336
vn -0.367547 -0.928958 -0.044108
vn -0.790231 -0.598446 -0.131898
vn -0.920261 -0.378271 -0.100156
vn -0.917065 -0.388018 -0.091835
vn 0.954705 -0.279919 -0.100914
vn 0.990410 -0.126541 -0.055453
vn 0.998671 0.049746 0.013497
vn 0.432746 -0.763852 0.478813
vn 0.814950 -0.393949 0.425043
vn -0.000018 -0.181562 0.983380
vn -0.000018 -0.181562 0.983380
vn 0.098002 0.785609 0.610912
vn -0.575143 0.604396 0.551286
vn 0.700687 0.713334 -0.013880
vn -0.075608 0.997062 -0.012249
vn 0.714846 0.698914 0.022691
vn 0.714846 0.698914 0.022691
vn 0.968033 0.250558 0.011505
vn 0.700687 0.713334 -0.013880
vn 0.878289 -0.477931 -0.013775
vn 0.878289 -0.477931 -0.013775
vn 0.876516 -0.481218 -0.012233
vn 0.575399 0.817822 0.009107
vn -0.010743 0.999887 0.010550
vn 0.694800 0.719152 0.008557
vn 0.977902 0.206177 -0.034631
vn 0.694800 0.719152 0.008557
vn 0.997114 0.074786 -0.013035
vn 0.000000 0.969310 -0.245842
vn 0.000000 0.969310 -0.245842
vn 0.000000 0.969310 -0.245842
vn 0.000056 -0.922886 0.385072
vn -0.513745 -0.730111 0.450559
vn -0.641229 -0.696172 0.322753
vn -0.000018 -0.181562 0.983380
vn -0.575143 0.604396 0.551286
vn -0.886706 0.099154 0.451577
vn -0.000000 0.058945 -0.998261
vn -0.747137 -0.487884 -0.451393
vn -0.903763 0.136210 -0.405782
vn -0.245353 0.911410 0.330354
vn -0.011124 0.998045 0.061502
vn 0.093870 0.994999 -0.034144
vn -0.000018 -0.181562 0.983380
vn -0.763058 -0.428356 0.483997
vn -0.513745 -0.730111 0.450559
vn 0.737647 -0.671116 -0.074024
vn 0.691744 -0.713499 -0.111397
vn 0.956625 -0.286813 -0.051060
vn -0.971174 -0.225327 -0.077770
vn -0.996275 -0.074529 -0.043370
vn -0.963270 -0.250368 -0.097097
vn -0.975553 0.158109 0.152637
vn -0.761473 0.647368 0.032760
vn -0.974720 0.219333 0.042587
vn -0.710405 0.670488 0.213941
vn -0.075608 0.997062 -0.012249
vn -0.761473 0.647368 0.032760
vn -0.984531 0.174968 0.009164
vn -0.984531 0.174968 0.009164
vn -0.984532 0.174966 0.009165
vn -0.000000 0.058945 -0.998261
vn -0.903763 0.136210 -0.405782
vn -0.690153 0.607303 -0.393539
vn -0.000000 0.058945 -0.998261
vn -0.690153 0.607303 -0.393539
vn 0.000000 0.846296 -0.532712
vn -0.790231 -0.598446 -0.131898
vn -0.607749 -0.778879 -0.154883
vn -0.794712 -0.591943 -0.134300
vn 0.972826 0.215151 0.085553
vn 0.998671 0.049746 0.013497
vn 0.977191 0.202871 0.062783
vn 0.997114 0.074786 -0.013035
vn 0.848846 -0.518038 -0.105341
vn 0.977902 0.206177 -0.034631
vn -0.980838 0.190530 0.040695
vn -0.999294 0.037363 -0.003882
vn -0.979299 0.196120 0.050101
vn 0.707107 0.000000 0.707107
vn 0.707107 0.000000 0.707107
vn 0.707107 0.000000 0.707107
vn 0.082383 -0.985714 -0.146903
vn 0.691744 -0.713499 -0.111397
vn -0.054026 -0.992051 -0.113652
vn -0.725525 -0.677642 -0.120060
vn -0.054026 -0.992051 -0.113652
vn -0.741465 -0.660565 -0.117831
vn -0.010743 0.999887 0.010550
vn -0.664408 0.747299 -0.010251
vn 0.087147 0.996038 -0.017732
vn -0.688108 0.725535 0.010357
vn -0.986584 0.162580 0.014837
vn -0.664408 0.747299 -0.010251
vn -0.964296 0.259193 0.054343
vn -0.993917 0.108779 0.017190
vn -0.955021 0.285549 0.079983
vn -0.934315 -0.355215 -0.029634
vn -0.970593 -0.239892 -0.020013
vn -0.911073 -0.407772 0.060557
vn 0.965766 0.131072 0.223868
vn 0.814950 -0.393949 0.425043
vn 0.874473 -0.457653 0.160781
vn -0.925879 -0.377429 -0.017188
vn -0.895084 -0.445748 0.011578
vn -0.904992 -0.425048 0.018008
vn 0.636267 -0.700554 0.323093
vn 0.814950 -0.393949 0.425043
vn 0.432746 -0.763852 0.478813
vn 0.965766 0.131072 0.223868
vn 0.668255 0.519417 0.532580
vn 0.854493 0.070387 0.514672
vn 0.691744 -0.713499 -0.111397
vn 0.997114 0.074786 -0.013035
vn 0.956625 -0.286813 -0.051060
vn -0.944178 -0.326190 0.046133
vn -0.800113 -0.598166 0.044913
vn -0.923239 -0.382975 0.030986
vn -0.112521 0.988405 -0.101950
vn 0.054587 0.994274 0.091870
vn 0.100689 0.982767 0.155016
vn 0.997537 -0.069696 -0.007952
vn 0.956625 -0.286813 -0.051060
vn 0.997114 0.074786 -0.013035
vn 0.000000 0.969310 -0.245842
vn 0.000000 0.969310 -0.245842
vn 0.000000 0.969310 -0.245842
vn -0.707107 0.000000 -0.707107
vn -0.707107 0.000000 -0.707107
vn -0.707107 0.000000 -0.707107
vn 0.100689 0.982767 0.155016
vn 0.346928 0.827882 0.440741
vn 0.327092 0.842525 0.427975
vn -0.986851 0.155871 -0.042783
vn -0.742815 0.668302 -0.039972
vn -0.991238 -0.020029 -0.130564
vn -0.742815 0.668302 -0.039972
vn -0.128479 0.991537 0.018666
vn 0.057797 0.998272 0.010642
vn 0.750549 -0.658454 0.055806
vn 0.406267 -0.910216 0.080336
vn -0.161608 -0.986197 0.036032
vn -0.000022 -0.855154 0.518375
vn -0.000018 -0.181562 0.983380
vn -0.513745 -0.730111 0.450559
vn -0.747137 -0.487884 -0.451393
vn -0.000000 0.058945 -0.998261
vn 0.060015 -0.822577 -0.565478
vn 0.750549 -0.658454 0.055806
vn 0.071102 -0.997182 0.023929
vn 0.301759 -0.952035 0.050704
vn -0.821319 -0.539431 0.185608
vn -0.161608 -0.986197 0.036032
vn -0.376308 -0.923050 0.079814
vn -0.925444 -0.371714 0.073367
vn -0.975553 0.158109 0.152637
vn -0.974720 0.219333 0.042587
vn -0.878289 -0.477931 -0.013775
vn -0.878289 -0.477931 -0.013775
vn -0.880048 -0.474637 -0.015317
vn -0.588167 -0.801951 -0.104572
vn -0.745137 -0.659925 -0.096281
vn -0.546641 -0.829517 -0.114392
vn 0.098002 0.785609 0.610912
vn 0.719703 0.651872 0.238936
vn -0.004456 0.965595 0.260014
vn -0.763058 -0.428356 0.483997
vn -0.000018 -0.181562 0.983380
vn -0.886706 0.099154 0.451577
vn 0.707107 0.000000 -0.707107
vn 0.707107 0.000000 -0.707107
vn 0.707107 0.000000 -0.707107
vn -0.998634 -0.051845 -0.006455
vn -0.986584 0.162580 0.014837
vn -0.995803 0.090514 -0.013518
vn 0.700687 0.713334 -0.013880
vn 0.997114 0.074786 -0.013035
vn 0.694800 0.719152 0.008557
vn 0.100095 0.990792 -0.091172
vn -0.011124 0.998045 0.061502
vn -0.076545 0.990836 0.111287
vn 0.087147 0.996038 -0.017732
vn 0.694800 0.719152 0.008557
vn -0.010743 0.999887 0.010550
vn 0.970683 -0.239762 -0.017007
vn 0.949983 -0.308266 -0.050042
vn 0.969469 -0.233649 -0.074413
vn -0.821319 -0.539431 0.185608
vn -0.376308 -0.923050 0.079814
vn -0.510018 -0.842516 0.173346
vn -0.980958 0.156812 -0.114593
vn -0.994006 0.053979 -0.095072
vn -0.994766 0.047885 -0.090268
vn -0.980958 0.156812 -0.114593
vn -0.921936 0.357209 -0.149788
vn -0.969245 0.211185 -0.126352
vn 0.935028 -0.352852 -0.034911
vn 0.925879 -0.377429 -0.017188
vn 0.895084 -0.445748 0.011578
vn 0.082419 -0.969847 0.229357
vn 0.406267 -0.910216 0.080336
vn 0.510018 -0.842516 0.173346
vn 0.100689 0.982767 0.155016
vn -0.090741 0.993169 -0.073356
vn -0.112521 0.988405 -0.101950
vn 0.143622 0.967530 0.207986
vn 0.100689 0.982767 0.155016
vn 0.327092 0.842525 0.427975
vn 0.854493 0.070387 0.514672
vn 0.668255 0.519417 0.532580
vn -0.000018 -0.181562 0.983380
vn -0.082419 -0.969847 0.229357
vn -0.510018 -0.842516 0.173346
vn -0.376308 -0.923050 0.079814
vn 0.707107 0.000000 0.707107
vn 0.707107 0.000000 0.707107
vn 0.707107 0.000000 0.707107
vn 0.707107 0.000000 -0.707107
vn 0.707107 0.000000 -0.707107
vn 0.707107 0.000000 -0.707107
vn 0.874473 -0.457653 0.160781
vn 0.510018 -0.842516 0.173346
vn 0.406267 -0.910216 0.080336
vn -0.664408 0.747299 -0.010251
vn -0.075608 0.997062 -0.012249
vn 0.087147 0.996038 -0.017732
vn -0.376308 -0.923050 0.079814
vn -0.161608 -0.986197 0.036032
vn 0.406267 -0.910216 0.080336
vn -0.054026 -0.992051 -0.113652
vn -0.341491 -0.932202 -0.119931
vn -0.741465 -0.660565 -0.117831
vn 0.967058 -0.249704 -0.049456
vn 0.980637 -0.165570 -0.104580
vn 0.989963 0.007659 -0.141122
vn 0.707107 0.000000 -0.707107
vn 0.707107 0.000000 -0.707107
vn 0.707107 0.000000 -0.707107
vn 0.911073 -0.407772 0.060557
vn 0.928346 -0.371711 -0.002103
vn 0.967058 -0.249704 -0.049456
vn -0.927417 -0.374026 0.001814
vn -0.939587 -0.337188 -0.058989
vn -0.972922 -0.227677 -0.039831
vn 0.000000 0.998720 -0.050579
vn 0.000000 0.998720 -0.050579
vn 0.000000 0.998720 -0.050579
vn -0.986628 -0.151321 -0.060553
vn -0.972922 -0.227677 -0.039831
vn -0.939587 -0.337188 -0.058989
vn 0.967059 -0.249704 -0.049456
vn 0.980637 -0.165570 -0.104580
vn 0.989963 0.007659 -0.141122
vn -0.986628 -0.151321 -0.060553
vn -0.970593 -0.239892 -0.020013
vn -0.934315 -0.355215 -0.029634
vn 0.707107 0.000000 0.707107
vn 0.707107 0.000000 0.707107
vn 0.707107 -0.000000 0.707107
vn 0.911073 -0.407772 0.060557
vn 0.928346 -0.371711 -0.002103
vn 0.967059 -0.249704 -0.049456
vn -0.986628 -0.151321 -0.060553
vn -0.972922 -0.227677 -0.039831
vn -0.939587 -0.337188 -0.058989
vn 0.668255 0.519417 0.532580
vn 0.098002 0.785609 0.610912
vn -0.000018 -0.181562 0.983380
vn -0.927417 -0.374026 0.001814
vn -0.939587 -0.337188 -0.058989
vn -0.972922 -0.227677 -0.039831
vn 0.904992 -0.425048 0.018008
vn 0.895084 -0.445748 0.011578
vn 0.925879 -0.377429 -0.017188
vn 0.077942 0.973534 0.214842
vn -0.151581 0.965925 -0.209791
vn -0.128100 0.985623 -0.110168
vn -0.969469 -0.233649 -0.074413
vn -0.949983 -0.308266 -0.050042
vn -0.970683 -0.239762 -0.017007
vn 0.057797 0.998272 0.010642
vn -0.690153 0.607303 -0.393539
vn -0.742815 0.668302 -0.039972
vn -0.969245 0.211185 -0.126352
vn -0.994006 0.053979 -0.095072
vn -0.980958 0.156812 -0.114593
vn -0.742815 0.668302 -0.039972
vn -0.903763 0.136210 -0.405782
vn -0.991238 -0.020029 -0.130564
vn 0.707107 0.000000 -0.707107
vn 0.707107 0.000000 -0.707107
vn 0.707107 0.000000 -0.707107
vn -0.970064 -0.242549 0.012046
vn -0.970683 -0.239762 -0.017007
vn -0.949983 -0.308266 -0.050042
vn 0.946093 -0.312225 -0.086165
vn 0.945608 -0.293427 -0.140448
vn 0.953660 -0.125867 -0.273295
vn 0.938012 -0.345981 0.020737
vn 0.917594 -0.397398 0.009800
vn 0.946093 -0.312225 -0.086165
vn 0.000000 0.989688 -0.143237
vn 0.000000 0.989688 -0.143237
vn 0.000000 0.989688 -0.143237
vn 0.934682 -0.354087 -0.031493
vn 0.968964 -0.237323 -0.069187
vn 0.927417 -0.374026 0.001814
vn -0.940717 -0.317151 -0.120279
vn -0.926349 -0.369253 -0.074358
vn -0.971241 -0.236143 -0.030444
vn 0.968964 -0.237323 -0.069187
vn 0.980637 -0.165570 -0.104580
vn 0.989963 0.007659 -0.141122
vn -0.707107 0.000000 -0.707107
vn -0.707107 0.000000 -0.707107
vn -0.707107 -0.000000 -0.707107
vn -0.747137 -0.487884 -0.451393
vn -0.175303 -0.959997 -0.218347
vn -0.685198 -0.698751 -0.205551
vn 0.938249 0.282358 0.199907
vn 0.799514 0.466408 0.378473
vn 0.977007 0.181476 0.111909
vn 0.977007 0.181476 0.111909
vn 0.999224 0.026380 -0.029240
vn 0.938249 0.282358 0.199907
vn -0.981072 -0.192982 0.016016
vn -0.971241 -0.236143 -0.030444
vn -0.926349 -0.369253 -0.074358
vn 0.947134 -0.299274 -0.115642
vn 0.990410 -0.126541 -0.055453
vn 0.954705 -0.279919 -0.100914
vn -0.707107 0.000000 0.707107
vn -0.707107 0.000000 0.707107
vn -0.707107 0.000000 0.707107
vn -0.991238 -0.020029 -0.130564
vn -0.747137 -0.487884 -0.451393
vn -0.685198 -0.698751 -0.205551
vn 0.000000 0.998720 -0.050579
vn 0.000000 0.998720 -0.050579
vn 0.000000 0.998720 -0.050579
vn 0.951689 -0.293534 -0.090145
vn 0.952172 -0.292214 -0.089325
vn 0.989360 -0.137025 -0.048899
vn -0.245353 0.911410 0.330354
vn -0.209037 0.936792 0.280577
vn -0.076545 0.990836 0.111287
vn 0.989746 0.129093 0.061143
vn 0.719703 0.651872 0.238936
vn 0.965766 0.131072 0.223868
vn -0.707107 0.000000 0.707107
vn -0.707107 0.000000 0.707107
vn -0.707107 0.000000 0.707107
vn -0.990410 -0.126541 -0.055453
vn -0.998671 0.049746 0.013497
vn -0.977191 0.202871 0.062783
vn 0.996275 -0.074529 -0.043370
vn 0.993917 0.108779 0.017190
vn 0.971174 -0.225327 -0.077770
vn 0.149808 0.969672 -0.193116
vn 0.079840 0.996065 0.038477
vn 0.180055 0.938996 -0.293032
vn -0.707107 0.000000 0.707107
vn -0.707107 0.000000 0.707107
vn -0.707107 0.000000 0.707107
vn 0.707107 0.000000 0.707107
vn 0.707107 0.000000 0.707107
vn 0.707107 -0.000000 0.707107
vn -0.997796 -0.021638 -0.062728
vn -0.977007 0.181476 0.111909
vn -0.999224 0.026380 -0.029240
vn -0.799514 0.466408 0.378473
vn -0.938249 0.282358 0.199907
vn -0.977007 0.181476 0.111909
vn -0.464509 0.640833 0.611200
vn -0.464509 0.640833 0.611200
vn -0.379933 0.758151 0.529960
vn -0.999224 0.026380 -0.029240
vn -0.977007 0.181476 0.111909
vn -0.938249 0.282358 0.199907
vn 0.180055 0.938996 -0.293032
vn 0.220775 0.866681 -0.447350
vn 0.149808 0.969672 -0.193116
vn 0.341491 -0.932202 -0.119931
vn -0.054026 -0.992051 -0.113652
vn 0.691744 -0.713499 -0.111397
vn -0.940755 -0.326725 -0.090720
vn -0.865461 -0.491854 -0.095163
vn -0.923028 -0.367223 -0.114743
vn -0.998634 -0.051845 -0.006455
vn -0.995803 0.090514 -0.013518
vn -0.956625 -0.286813 -0.051060
vn 0.707107 0.000000 0.707107
vn 0.707107 0.000000 0.707107
vn 0.707107 0.000000 0.707107
vn 0.714846 0.698914 0.022691
vn -0.004456 0.965595 0.260014
vn 0.719703 0.651872 0.238936
vn 1.000000 0.000000 0.000000
vn 1.000000 0.000000 0.000000
vn 1.000000 0.000000 0.000000
vn -0.707107 0.000000 -0.707107
vn -0.707107 0.000000 -0.707107
vn -0.707107 -0.000000 -0.707107
vn -0.707107 0.000000 0.707107
vn -0.707107 0.000000 0.707107
vn -0.707107 0.000000 0.707107
vn -0.076545 0.990836 0.111287
vn 0.099631 0.989530 -0.104421
vn 0.100095 0.990792 -0.091172
vn -0.580746 -0.813128 0.039453
vn -0.800113 -0.598166 0.044913
vn -0.815008 -0.576681 0.056585
vn -0.937585 -0.025131 0.346846
vn -0.931660 0.103847 0.348173
vn -0.941098 0.000011 0.338133
vn -0.458641 0.738701 0.493932
vn -0.467148 0.742063 0.480744
vn -0.419797 0.759955 0.496225
vn -0.876522 0.247331 0.412961
vn -0.908534 0.195157 0.369431
vn -0.880003 0.277910 0.385177
vn -0.556940 0.764136 0.325444
vn -0.551014 0.745989 0.374011
vn -0.551014 0.745989 0.374011
vn -0.419797 0.759955 0.496225
vn -0.380132 0.777632 0.500787
vn -0.330822 0.790550 0.515352
vn 0.376361 0.778495 0.502293
vn 0.362907 0.783971 0.503675
vn 0.407229 0.767318 0.495366
vn 0.999073 -0.017629 -0.039273
vn 0.999868 -0.012661 0.010212
vn 0.999223 -0.031789 -0.023289
vn 0.504043 0.721686 0.474457
vn 0.450688 0.748857 0.485894
vn 0.407229 0.767318 0.495366
vn 0.554444 0.757942 0.343681
vn 0.547566 0.738232 0.393935
vn 0.547566 0.738232 0.393935
vn 0.935837 0.352033 0.016780
vn 0.936623 0.349886 0.017839
vn 0.981011 0.193854 -0.006185
vn 0.997776 0.045464 0.048749
vn 0.999110 0.008448 -0.041327
vn 0.995573 0.038062 -0.085943
vn 0.993401 -0.000557 0.114695
vn 0.990119 0.035575 0.135640
vn 0.988097 0.001193 0.153828
vn 0.995307 0.096146 -0.010969
vn 0.925385 0.378978 0.006185
vn 0.981637 0.190518 0.009577
vn 0.995307 0.096146 -0.010969
vn 0.999073 -0.017629 -0.039273
vn 0.998487 -0.036382 -0.041241
vn 0.999110 0.008448 -0.041327
vn 0.997776 0.045464 0.048749
vn 0.993401 -0.000557 0.114695
vn 0.998756 0.012066 0.048387
vn 0.998336 -0.003650 0.057557
vn 0.999081 -0.000279 -0.042855
vn 0.960697 -0.262147 -0.091322
vn 0.998243 -0.006451 -0.058897
vn 0.966183 -0.251472 -0.057024
vn 0.935126 0.087230 0.343410
vn 0.881793 0.279134 0.380164
vn 0.913013 0.182377 0.364892
vn 0.953902 0.300116 0.001365
vn 0.952759 0.303727 -0.000918
vn 0.998243 -0.006451 -0.058897
vn 0.999081 -0.000279 -0.042855
vn 0.993960 0.001364 -0.109739
vn 0.998708 0.033379 -0.038323
vn 0.968512 -0.248962 0.001245
vn 0.966183 -0.251472 -0.057024
vn 0.977102 -0.212740 0.003742
vn 0.988097 0.001193 0.153828
vn 0.999880 -0.015456 -0.000224
vn 0.993401 -0.000557 0.114695
vn 0.968512 -0.248962 0.001245
vn 0.966752 -0.255593 0.007981
vn 0.966183 -0.251472 -0.057024
vn 0.932647 -0.267350 -0.242266
vn 0.892125 -0.310682 -0.328009
vn 0.902402 -0.237338 -0.359641
vn 0.935991 -0.333979 -0.111260
vn 0.950062 -0.300153 -0.085387
vn 0.965626 -0.257373 -0.036411
vn 0.950062 -0.300153 -0.085387
vn 0.935991 -0.333979 -0.111260
vn 0.892125 -0.310682 -0.328009
vn 0.932647 -0.267350 -0.242266
vn 0.902402 -0.237338 -0.359641
vn 0.963091 -0.252111 -0.094322
vn 0.998756 -0.049827 0.001944
vn 0.966752 -0.255593 0.007981
vn 0.977102 -0.212740 0.003742
vn 0.999361 -0.035045 0.007040
vn 0.999868 -0.012661 0.010212
vn 0.999411 -0.031923 0.012628
vn 0.913013 0.182377 0.364892
vn 0.942337 0.003636 0.334646
vn 0.935126 0.087230 0.343410
vn 0.981011 0.193854 -0.006185
vn 0.991882 0.121096 0.038815
vn 0.998708 0.033379 -0.038323
vn 0.991882 0.121096 0.038815
vn 0.998336 -0.003650 0.057557
vn 0.997859 0.030322 0.057943
vn 0.892125 -0.310682 -0.328009
vn 0.932647 -0.267350 -0.242266
vn 0.950062 -0.300153 -0.085387
vn 0.998243 -0.006451 -0.058897
vn 0.998756 -0.049827 0.001944
vn 0.982098 -0.184662 -0.037193
vn 0.999073 -0.017629 -0.039273
vn 0.995307 0.096146 -0.010969
vn 0.999868 -0.012661 0.010212
vn 0.997859 0.030322 0.057943
vn 0.998756 0.012066 0.048387
vn 0.998708 0.033379 -0.038323
vn 0.999411 -0.031923 0.012628
vn 0.998487 -0.036382 -0.041241
vn 0.999361 -0.035045 0.007040
vn 0.995573 0.038062 -0.085943
vn 0.989977 0.060380 0.127673
vn 0.997776 0.045464 0.048749
vn -0.763656 0.644714 0.034239
vn -0.601773 0.787689 0.131969
vn -0.059346 0.998223 -0.005428
vn -0.999993 -0.001730 0.003448
vn -0.985992 -0.135181 -0.097702
vn -0.706330 -0.707881 0.001754
vn 0.000000 0.000000 -1.000000
vn 0.000000 0.000000 -1.000000
vn 0.000000 0.000000 -1.000000
vn 0.983105 -0.143162 0.114060
vn 0.999957 -0.001836 0.009059
vn 0.793699 0.594478 0.128988
vn -0.059346 0.998223 -0.005428
vn 0.136256 0.981516 0.134389
vn 0.707572 0.706552 0.011242
vn -0.985992 -0.135181 -0.097702
vn -0.999993 -0.001730 0.003448
vn -0.791850 0.601456 -0.105939
vn 0.000000 0.000000 -1.000000
vn 0.000000 0.000000 -1.000000
vn 0.000000 0.000000 -1.000000
vn 0.000000 0.000000 -1.000000
vn 0.000000 0.000000 -1.000000
vn 0.000000 0.000000 -1.000000
vn 0.707572 0.706552 0.011242
vn 0.794125 0.595063 0.123554
vn 0.999973 -0.001665 0.007169
vn -0.000318 0.999929 0.011945
vn -0.135210 0.984643 -0.110441
vn -0.707931 0.706236 0.008002
vn 0.000000 0.000000 -1.000000
vn 0.000000 0.000000 -1.000000
vn 0.000000 0.000000 -1.000000
vn -0.706330 -0.707881 0.001754
vn -0.601477 -0.793778 -0.090235
vn -0.000716 -0.999995 0.002977
vn -0.135210 0.984643 -0.110441
vn -0.000318 0.999929 0.011945
vn 0.599602 0.792784 -0.109410
vn 0.599602 0.792784 -0.109410
vn 0.707570 0.706540 0.012076
vn 0.985123 0.137444 -0.103158
vn 0.988761 0.136206 -0.061635
vn 0.989329 -0.136912 -0.049826
vn 0.706792 -0.706955 -0.025694
vn 0.000000 0.000000 -1.000000
vn 0.000000 0.000000 -1.000000
vn 0.000000 0.000000 -1.000000
vn 0.000000 0.000000 -1.000000
vn 0.000000 0.000000 -1.000000
vn 0.000000 0.000000 -1.000000
vn 0.000000 0.000000 -1.000000
vn 0.000000 0.000000 -1.000000
vn 0.000000 0.000000 -1.000000
vn 0.000000 0.000000 -1.000000
vn 0.000000 0.000000 -1.000000
vn 0.000000 0.000000 -1.000000
vn 0.000000 0.000000 -1.000000
vn 0.000000 0.000000 -1.000000
vn 0.000000 0.000000 -1.000000
vn 0.000000 0.000000 -1.000000
vn 0.000000 0.000000 -1.000000
vn 0.000000 0.000000 -1.000000
vn 0.000000 0.000000 -1.000000
vn 0.000000 0.000000 -1.000000
vn 0.000000 0.000000 -1.000000
vn 0.000000 0.000000 -1.000000
vn 0.000000 0.000000 -1.000000
vn 0.000000 0.000000 -1.000000
vn 0.989329 -0.136912 -0.049826
vn 0.988761 0.136206 -0.061635
vn 0.794712 0.601460 -0.081720
vn 0.794712 0.601460 -0.081720
vn 0.601566 0.793735 -0.090022
vn 0.136111 0.985804 -0.098303
vn 0.136111 0.985804 -0.098303
vn -0.136111 0.985804 -0.098303
vn -0.601566 0.793735 -0.090022
vn -0.601566 0.793735 -0.090022
vn -0.794713 0.601460 -0.081720
vn -0.988761 0.136206 -0.061635
vn -0.988761 0.136206 -0.061635
vn -0.989329 -0.136912 -0.049826
vn -0.796764 -0.603563 -0.029642
vn -0.796764 -0.603563 -0.029642
vn -0.603531 -0.797056 -0.021263
vn 0.000000 -0.999915 -0.013007
vn 0.706792 -0.706955 -0.025694
vn 0.000000 -0.999915 -0.013007
vn 0.706792 -0.706955 -0.025694
vn 0.705630 -0.708559 0.005601
vn 0.794239 -0.600213 -0.094489
vn 0.999957 -0.001836 0.009063
vn 0.794239 -0.600213 -0.094489
vn 0.705630 -0.708559 0.005601
vn 0.136570 -0.986645 -0.088772
vn 0.136570 -0.986645 -0.088772
vn -0.000716 -0.999995 0.002981
vn -0.601477 -0.793778 -0.090235
vn -0.601477 -0.793778 -0.090235
vn -0.706329 -0.707881 0.001758
vn -0.985992 -0.135181 -0.097702
vn -0.985992 -0.135181 -0.097702
vn -0.999993 -0.001730 0.003452
vn -0.791850 0.601456 -0.105939
vn 0.999973 -0.001665 0.007169
vn 0.983930 -0.142841 0.107139
vn 0.705769 -0.708432 0.003714
vn -0.791850 0.601456 -0.105939
vn -0.707931 0.706236 0.008006
vn -0.135210 0.984643 -0.110441
vn 0.000000 0.000000 -1.000000
vn 0.000000 0.000000 -1.000000
vn 0.000000 0.000000 -1.000000
vn -0.135210 0.984643 -0.110441
vn -0.000318 0.999929 0.011950
vn 0.599602 0.792784 -0.109410
vn 0.999957 -0.001836 0.009063
vn 0.985123 0.137444 -0.103158
vn 0.707570 0.706540 0.012081
vn 0.705769 -0.708432 0.003714
vn 0.597205 -0.796382 0.095504
vn -0.000622 -0.999997 0.002256
vn 0.998416 -0.000356 -0.056258
vn 0.796764 -0.603563 -0.029642
vn 0.998416 -0.000356 -0.056258
vn 0.000000 0.000000 -1.000000
vn 0.000000 0.000000 -1.000000
vn 0.000000 0.000000 -1.000000
vn 0.998416 -0.000356 -0.056258
vn 0.998416 -0.000356 -0.056258
vn 0.794712 0.601460 -0.081720
vn 0.794712 0.601460 -0.081720
vn 0.601565 0.793735 -0.090022
vn 0.136111 0.985804 -0.098303
vn -0.000622 -0.999997 0.002256
vn -0.135332 -0.986327 0.094045
vn -0.706267 -0.707940 0.002661
vn 0.136111 0.985804 -0.098303
vn -0.136111 0.985804 -0.098303
vn -0.601566 0.793735 -0.090022
vn 0.000000 0.000000 -1.000000
vn 0.000000 0.000000 -1.000000
vn 0.000000 0.000000 -1.000000
vn -0.601566 0.793735 -0.090022
vn -0.794712 0.601460 -0.081720
vn -0.988761 0.136206 -0.061635
vn -0.988761 0.136206 -0.061635
vn -0.989329 -0.136912 -0.049826
vn -0.796764 -0.603563 -0.029642
vn -0.706267 -0.707940 0.002661
vn -0.789318 -0.605304 0.102882
vn -0.999984 -0.001845 0.005398
vn -0.796764 -0.603563 -0.029642
vn -0.603531 -0.797056 -0.021263
vn -0.000000 -0.999915 -0.013007
vn 0.000000 0.000000 -1.000000
vn 0.000000 0.000000 -1.000000
vn 0.000000 0.000000 -1.000000
vn 0.796764 -0.603563 -0.029642
vn -0.000000 -0.999915 -0.013007
vn 0.603531 -0.797056 -0.021263
vn -0.999984 -0.001845 0.005398
vn -0.984592 0.128747 0.118336
vn -0.763656 0.644714 0.034239
vn 0.000000 0.000000 -1.000000
vn 0.000000 0.000000 -1.000000
vn 0.000000 0.000000 -1.000000
vn -0.000716 -0.999995 0.002977
vn 0.136570 -0.986645 -0.088772
vn 0.705630 -0.708559 0.005597
vn -0.703838 -0.704061 -0.094390
vn -0.663276 -0.748299 -0.010617
vn -0.994691 0.001802 -0.102892
vn 0.000000 0.000000 -1.000000
vn 0.000000 0.000000 -1.000000
vn 0.000000 0.000000 -1.000000
vn 0.000000 0.000000 -1.000000
vn 0.000000 0.000000 -1.000000
vn 0.000000 0.000000 -1.000000
vn 0.761422 -0.647874 0.022244
vn 0.136141 -0.990686 0.002478
vn 0.704794 -0.703437 -0.091885
vn 0.761422 -0.647874 0.022244
vn 0.704794 -0.703437 -0.091885
vn 0.999973 -0.001667 0.007198
vn 0.601566 0.793735 -0.090022
vn 0.794712 0.601460 -0.081720
vn 0.988761 0.136206 -0.061635
vn 0.794712 0.601460 -0.081720
vn 0.601566 0.793735 -0.090022
vn 0.136111 0.985804 -0.098303
vn 0.000000 0.000000 -1.000000
vn 0.000000 0.000000 -1.000000
vn 0.000000 0.000000 -1.000000
vn 0.000000 0.000000 -1.000000
vn 0.000000 0.000000 -1.000000
vn 0.000000 0.000000 -1.000000
vn -0.136762 -0.990520 -0.012884
vn 0.706792 -0.706955 -0.025694
vn 0.136762 -0.990520 -0.012884
vn 0.136141 -0.990686 0.002478
vn -0.135331 -0.986322 0.094097
vn -0.663276 -0.748299 -0.010617
vn -0.796764 -0.603563 -0.029642
vn -0.136762 -0.990520 -0.012884
vn -0.603531 -0.797056 -0.021263
vn 0.000000 0.000000 -1.000000
vn 0.000000 0.000000 -1.000000
vn 0.000000 0.000000 -1.000000
vn -0.989329 -0.136912 -0.049826
vn -0.704719 0.704172 -0.086680
vn -0.988761 0.136206 -0.061635
vn -0.603531 -0.797056 -0.021263
vn -0.989329 -0.136912 -0.049826
vn -0.796764 -0.603563 -0.029642
vn -0.704719 0.704172 -0.086680
vn -0.704719 0.704172 -0.086680
vn -0.136111 0.985804 -0.098303
vn 0.000000 0.000000 -1.000000
vn 0.000000 0.000000 -1.000000
vn 0.000000 0.000000 -1.000000
vn 0.000000 0.000000 -1.000000
vn 0.000000 0.000000 -1.000000
vn 0.000000 0.000000 -1.000000
vn 0.000000 0.000000 -1.000000
vn 0.000000 0.000000 -1.000000
vn 0.000000 0.000000 -1.000000
vn 0.000000 0.000000 -1.000000
vn 0.000000 0.000000 -1.000000
vn 0.000000 0.000000 -1.000000
vn -0.703838 -0.704061 -0.094390
vn -0.136570 -0.986645 -0.088772
vn -0.663276 -0.748299 -0.010617
vn 0.988761 0.136206 -0.061635
vn 0.989329 -0.136912 -0.049826
vn 0.706792 -0.706955 -0.025694
vn 0.999973 -0.001667 0.007198
vn 0.985435 0.137450 -0.100125
vn 0.707572 0.706551 0.011275
vn 0.707572 0.706551 0.011275
vn 0.599749 0.792921 -0.107594
vn -0.000247 0.999920 0.012641
vn -0.000247 0.999920 0.012641
vn -0.135154 0.984604 -0.110852
vn -0.748370 0.663243 -0.007134
vn -0.702932 0.702748 -0.109694
vn -0.994691 0.001802 -0.102892
vn -0.748370 0.663243 -0.007134
vn 0.705630 -0.708559 0.005597
vn 0.794239 -0.600213 -0.094489
vn 0.999957 -0.001836 0.009059
vn -0.601353 -0.793652 -0.092143
vn -0.706267 -0.707940 0.002661
vn -0.985693 -0.135102 -0.100780
vn -0.706267 -0.707940 0.002661
vn -0.601353 -0.793652 -0.092143
vn -0.000622 -0.999997 0.002256
vn -0.000622 -0.999997 0.002256
vn 0.136604 -0.986679 -0.088339
vn 0.705769 -0.708432 0.003714
vn 0.705769 -0.708432 0.003714
vn 0.794418 -0.600365 -0.091995
vn 0.999973 -0.001665 0.007169
vn -0.985693 -0.135102 -0.100780
vn -0.999984 -0.001845 0.005398
vn -0.701702 0.703927 -0.110005
vn -0.996007 -0.084805 0.027899
vn -0.984585 0.128742 0.118396
vn -0.748370 0.663243 -0.007134
vn -0.603531 -0.797056 -0.021263
vn -0.989329 -0.136912 -0.049826
vn -0.796764 -0.603563 -0.029642
vn 0.000000 0.000000 -1.000000
vn 0.000000 0.000000 -1.000000
vn 0.000000 0.000000 -1.000000
vn -0.989329 -0.136912 -0.049826
vn -0.794712 0.601460 -0.081720
vn -0.988761 0.136206 -0.061635
vn 0.000000 0.000000 -1.000000
vn 0.000000 0.000000 -1.000000
vn 0.000000 0.000000 -1.000000
vn -0.748370 0.663243 -0.007134
vn -0.601770 0.787680 0.132034
vn -0.000247 0.999920 0.012641
vn 0.136111 0.985804 -0.098303
vn -0.601566 0.793735 -0.090022
vn -0.136111 0.985804 -0.098303
vn 0.000000 0.000000 -1.000000
vn 0.000000 0.000000 -1.000000
vn 0.000000 0.000000 -1.000000
vn 0.794713 0.601460 -0.081720
vn 0.136111 0.985804 -0.098303
vn 0.601566 0.793735 -0.090022
vn 0.989329 -0.136912 -0.049826
vn 0.794713 0.601460 -0.081720
vn 0.988761 0.136206 -0.061635
vn -0.000247 0.999920 0.012641
vn 0.136255 0.981507 0.134456
vn 0.707572 0.706551 0.011275
vn 0.988761 0.136206 -0.061635
vn 0.796764 -0.603563 -0.029642
vn 0.989329 -0.136912 -0.049826
vn 0.796764 -0.603563 -0.029642
vn 0.136762 -0.990520 -0.012884
vn 0.603531 -0.797056 -0.021263
vn -0.663276 -0.748299 -0.010617
vn -0.789312 -0.605303 0.102937
vn -0.996007 -0.084805 0.027899
vn 0.136762 -0.990520 -0.012884
vn -0.603531 -0.797056 -0.021263
vn -0.136762 -0.990520 -0.012884
vn 0.000000 0.000000 -1.000000
vn 0.000000 0.000000 -1.000000
vn 0.000000 0.000000 -1.000000
vn 0.761422 -0.647874 0.022244
vn 0.597200 -0.796380 0.095556
vn 0.136141 -0.990686 0.002478
vn 0.000000 0.000000 -1.000000
vn 0.000000 0.000000 -1.000000
vn 0.000000 0.000000 -1.000000
vn 0.999973 -0.001667 0.007198
vn 0.983923 -0.142844 0.107196
vn 0.761422 -0.647874 0.022244
vn 0.000000 0.000000 -1.000000
vn 0.000000 0.000000 -1.000000
vn 0.000000 0.000000 -1.000000
vn 0.000000 0.000000 -1.000000
vn 0.000000 0.000000 -1.000000
vn 0.000000 0.000000 -1.000000
vn 0.999973 -0.001665 0.007169
vn 0.985435 0.137450 -0.100125
vn 0.707572 0.706552 0.011242
vn 0.707572 0.706551 0.011275
vn 0.794120 0.595056 0.123617
vn 0.999973 -0.001667 0.007198
vn 0.000000 0.000000 -1.000000
vn 0.000000 0.000000 -1.000000
vn 0.000000 0.000000 -1.000000
vn 0.000000 0.000000 -1.000000
vn 0.000000 0.000000 -1.000000
vn 0.000000 0.000000 -1.000000
vn 0.707572 0.706552 0.011242
vn 0.599749 0.792921 -0.107594
vn -0.059346 0.998223 -0.005428
vn 0.000025 0.993786 -0.111311
vn -0.701702 0.703927 -0.110005
vn -0.059346 0.998223 -0.005428
vn 0.000000 0.000000 -1.000000
vn 0.000000 0.000000 -1.000000
vn 0.000000 0.000000 -1.000000
vn 0.000000 0.000000 -1.000000
vn 0.000000 0.000000 -1.000000
vn 0.000000 0.000000 -1.000000
vn -0.135501 -0.986394 0.093096
vn -0.000716 -0.999995 0.002977
vn 0.596730 -0.796210 0.099816
vn 0.000000 0.000000 -1.000000
vn 0.000000 0.000000 -1.000000
vn 0.000000 0.000000 -1.000000
vn -0.789979 -0.605359 0.097329
vn -0.706330 -0.707881 0.001754
vn -0.135501 -0.986394 0.093096
vn 0.000000 0.000000 -1.000000
vn 0.000000 0.000000 -1.000000
vn 0.000000 0.000000 -1.000000
vn 0.000000 0.000000 -1.000000
vn 0.000000 0.000000 -1.000000
vn 0.000000 0.000000 -1.000000
vn -0.985308 0.129267 0.111614
vn -0.999993 -0.001730 0.003448
vn -0.789979 -0.605359 0.097329
vn 0.000000 0.000000 -1.000000
vn 0.000000 0.000000 -1.000000
vn 0.000000 0.000000 -1.000000
vn 0.596730 -0.796210 0.099816
vn 0.705630 -0.708559 0.005597
vn 0.983105 -0.143162 0.114060
vn 0.000000 0.000000 -1.000000
vn 0.000000 0.000000 -1.000000
vn 0.000000 0.000000 -1.000000
vn -0.601997 0.788178 0.127970
vn -0.707931 0.706236 0.008002
vn -0.985308 0.129267 0.111614
vn 0.000000 0.000000 -1.000000
vn 0.000000 0.000000 -1.000000
vn 0.000000 0.000000 -1.000000
vn 0.136190 0.981395 0.135334
vn -0.000318 0.999929 0.011945
vn -0.601997 0.788178 0.127970
vn 0.000000 0.000000 -1.000000
vn 0.000000 0.000000 -1.000000
vn 0.000000 0.000000 -1.000000
vn 0.000000 0.000000 -1.000000
vn 0.000000 0.000000 -1.000000
vn 0.000000 0.000000 -1.000000
vn 0.793699 0.594478 0.128988
vn 0.707570 0.706540 0.012076
vn 0.136190 0.981395 0.135334
vn 0.000000 0.000000 -1.000000
vn 0.000000 0.000000 -1.000000
vn 0.000000 0.000000 -1.000000
vn 0.000000 0.000000 -1.000000
vn 0.000000 0.000000 -1.000000
vn 0.000000 0.000000 -1.000000
vn 0.000000 0.000000 -1.000000
vn 0.000000 0.000000 -1.000000
vn 0.000000 0.000000 -1.000000
vn 0.000000 0.000000 -1.000000
vn 0.000000 0.000000 -1.000000
vn 0.000000 0.000000 -1.000000
vn 0.000000 0.000000 -1.000000
vn 0.000000 0.000000 -1.000000
vn 0.000000 0.000000 -1.000000
vn 0.000000 0.000000 -1.000000
vn 0.000000 0.000000 -1.000000
vn 0.000000 0.000000 -1.000000
vn 0.000000 0.000000 -1.000000
vn 0.000000 0.000000 -1.000000
vn 0.000000 0.000000 -1.000000
vn 0.000000 0.000000 -1.000000
vn 0.000000 0.000000 -1.000000
vn 0.000000 0.000000 -1.000000
vn 0.596729 -0.796209 0.099824
vn 0.705630 -0.708559 0.005601
vn 0.983104 -0.143162 0.114068
vn 0.000000 0.000000 -1.000000
vn 0.000000 0.000000 -1.000000
vn 0.000000 0.000000 -1.000000
vn 0.000000 0.000000 -1.000000
vn 0.000000 0.000000 -1.000000
vn 0.000000 0.000000 -1.000000
vn -0.135501 -0.986393 0.093103
vn -0.000716 -0.999995 0.002981
vn 0.596729 -0.796209 0.099824
vn 0.983104 -0.143162 0.114068
vn 0.999957 -0.001836 0.009063
vn 0.793699 0.594477 0.128997
vn -0.789979 -0.605359 0.097336
vn -0.706329 -0.707881 0.001758
vn -0.135501 -0.986393 0.093103
vn 0.000000 0.000000 -1.000000
vn 0.000000 0.000000 -1.000000
vn 0.000000 0.000000 -1.000000
vn 0.000000 0.000000 -1.000000
vn 0.000000 0.000000 -1.000000
vn 0.000000 0.000000 -1.000000
vn 0.793699 0.594477 0.128997
vn 0.707570 0.706540 0.012081
vn 0.136190 0.981394 0.135344
vn 0.000000 0.000000 -1.000000
vn 0.000000 0.000000 -1.000000
vn 0.000000 0.000000 -1.000000
vn 0.000000 0.000000 -1.000000
vn 0.000000 0.000000 -1.000000
vn 0.000000 0.000000 -1.000000
vn 0.000000 0.000000 -1.000000
vn 0.000000 0.000000 -1.000000
vn 0.000000 0.000000 -1.000000
vn 0.136190 0.981394 0.135344
vn -0.000318 0.999929 0.011950
vn -0.601996 0.788176 0.127979
vn -0.985307 0.129267 0.111622
vn -0.999993 -0.001730 0.003452
vn -0.789979 -0.605359 0.097336
vn 0.000000 0.000000 -1.000000
vn 0.000000 0.000000 -1.000000
vn 0.000000 0.000000 -1.000000
vn 0.000000 0.000000 -1.000000
vn 0.000000 0.000000 -1.000000
vn 0.000000 0.000000 -1.000000
vn -0.601996 0.788176 0.127979
vn -0.707931 0.706236 0.008006
vn -0.985307 0.129267 0.111622
vn 0.000000 0.000000 -1.000000
vn 0.000000 0.000000 -1.000000
vn 0.000000 0.000000 -1.000000
vn 0.000000 0.000000 -1.000000
vn 0.000000 0.000000 -1.000000
vn 0.000000 0.000000 -1.000000
vn -1.000000 0.000000 0.000000
vn -1.000000 0.000000 0.000000
vn -1.000000 0.000000 0.000000
vn -1.000000 0.000000 0.000000
vn -1.000000 0.000000 0.000000
vn -1.000000 0.000000 0.000000
vn 1.000000 -0.000000 0.000000
vn 1.000000 0.000000 0.000000
vn 1.000000 0.000000 0.000000
vn 1.000000 0.000000 0.000000
vn 1.000000 0.000000 0.000000
vn 1.000000 0.000000 0.000000
vn 0.000000 -1.000000 0.000000
vn 0.000000 -1.000000 0.000000
vn 0.000000 -1.000000 0.000000
vn 0.000000 -0.308934 0.951084
vn 0.000000 -0.308934 0.951084
vn 0.000000 -0.308934 0.951084
vn 0.000000 0.809006 -0.587800
vn 0.000000 0.809006 -0.587800
vn 0.000000 0.809006 -0.587800
vn 0.000000 -0.308934 0.951084
vn 0.000000 -0.308934 0.951084
vn 0.000000 -0.308934 0.951084
vn 0.000000 -1.000000 0.000000
vn 0.000000 -1.000000 0.000000
vn 0.000000 -1.000000 0.000000
vn 0.000000 0.809006 -0.587800
vn 0.000000 0.809006 -0.587800
vn 0.000000 0.809006 -0.587800
vn -0.000000 -0.308934 -0.951084
vn 0.000000 -0.308934 -0.951084
vn 0.000000 -0.308934 -0.951084
vn 0.000000 -0.308934 -0.951084
vn 0.000000 -0.308934 -0.951084
vn 0.000000 -0.308934 -0.951084
vn 0.000000 0.809006 0.587800
vn 0.000000 0.809006 0.587800
vn 0.000000 0.809006 0.587800
vn -0.000000 0.809006 0.587800
vn 0.000000 0.809006 0.587800
vn 0.000000 0.809006 0.587800
vn 1.000000 -0.000000 0.000000
vn 1.000000 0.000000 0.000000
vn 1.000000 0.000000 0.000000
vn 1.000000 0.000000 0.000000
vn 1.000000 0.000000 0.000000
vn 1.000000 0.000000 0.000000
vn -1.000000 0.000000 0.000000
vn -1.000000 0.000000 0.000000
vn -1.000000 0.000000 0.000000
vn -1.000000 0.000000 0.000000
vn -1.000000 0.000000 0.000000
vn -1.000000 0.000000 0.000000
vn 0.000000 -0.309015 -0.951057
vn 0.000000 -0.309015 -0.951057
vn 0.000000 -0.309015 -0.951057
vn 0.000000 -0.309015 0.951057
vn 0.000000 -0.309015 0.951057
vn 0.000000 -0.309015 0.951057
vn 0.000000 0.809022 -0.587779
vn 0.000000 0.809022 -0.587779
vn 0.000000 0.809022 -0.587779
vn 0.000000 -1.000000 0.000000
vn 0.000000 -1.000000 0.000000
vn 0.000000 -1.000000 0.000000
vn 0.000000 -0.309015 -0.951057
vn 0.000000 -0.309015 -0.951057
vn 0.000000 -0.309015 -0.951057
vn 0.000000 0.809022 -0.587779
vn 0.000000 0.809022 -0.587779
vn 0.000000 0.809022 -0.587779
vn -0.000000 0.809022 0.587779
vn 0.000000 0.809022 0.587779
vn 0.000000 0.809022 0.587779
vn -0.000000 0.809022 0.587779
vn 0.000000 0.809022 0.587779
vn 0.000000 0.809022 0.587779
vn 0.000000 -1.000000 0.000000
vn 0.000000 -1.000000 0.000000
vn 0.000000 -1.000000 0.000000
vn 0.000000 -0.309015 0.951057
vn 0.000000 -0.309015 0.951057
vn 0.000000 -0.309015 0.951057
vn -1.000000 0.000000 0.000000
vn -1.000000 0.000000 0.000000
vn -1.000000 0.000000 0.000000
vn -1.000000 0.000000 0.000000
vn -1.000000 0.000000 0.000000
vn -1.000000 0.000000 0.000000
vn 1.000000 -0.000000 0.000000
vn 1.000000 0.000000 0.000000
vn 1.000000 0.000000 0.000000
vn 1.000000 0.000000 0.000000
vn 1.000000 0.000000 0.000000
vn 1.000000 0.000000 0.000000
vn 0.000000 -1.000000 0.000000
vn 0.000000 -1.000000 0.000000
vn 0.000000 -1.000000 0.000000
vn 0.000000 -0.309015 0.951057
vn 0.000000 -0.309015 0.951057
vn 0.000000 -0.309015 0.951057
vn 0.000000 0.809023 -0.587777
vn 0.000000 0.809023 -0.587777
vn 0.000000 0.809023 -0.587777
vn 0.000000 -0.309015 0.951057
vn 0.000000 -0.309015 0.951057
vn 0.000000 -0.309015 0.951057
vn 0.000000 -1.000000 0.000000
vn 0.000000 -1.000000 0.000000
vn 0.000000 -1.000000 0.000000
vn 0.000000 0.809023 -0.587777
vn 0.000000 0.809023 -0.587777
vn 0.000000 0.809023 -0.587777
vn -0.000000 -0.309013 -0.951058
vn 0.000000 -0.309013 -0.951058
vn 0.000000 -0.309013 -0.951058
vn 0.000000 -0.309013 -0.951058
vn 0.000000 -0.309013 -0.951058
vn 0.000000 -0.309013 -0.951058
vn 0.000000 0.809022 0.587779
vn 0.000000 0.809022 0.587779
vn 0.000000 0.809022 0.587779
vn -0.000000 0.809022 0.587779
vn 0.000000 0.809022 0.587779
vn 0.000000 0.809022 0.587779
vn 1.000000 -0.000000 0.000000
vn 1.000000 0.000000 0.000000
vn 1.000000 0.000000 0.000000
vn 1.000000 0.000000 0.000000
vn 1.000000 0.000000 0.000000
vn 1.000000 0.000000 0.000000
vn -1.000000 0.000000 0.000000
vn -1.000000 0.000000 0.000000
vn -1.000000 0.000000 0.000000
vn -1.000000 0.000000 0.000000
vn -1.000000 0.000000 0.000000
vn -1.000000 0.000000 0.000000
vn 0.000000 -0.309013 -0.951058
vn 0.000000 -0.309013 -0.951058
vn 0.000000 -0.309013 -0.951058
vn 0.000000 -0.309015 0.951057
vn 0.000000 -0.309015 0.951057
vn 0.000000 -0.309015 0.951057
vn 0.000000 0.809023 -0.587777
vn 0.000000 0.809023 -0.587777
vn 0.000000 0.809023 -0.587777
vn 0.000000 -1.000000 0.000000
vn 0.000000 -1.000000 0.000000
vn 0.000000 -1.000000 0.000000
vn 0.000000 -0.309013 -0.951058
vn 0.000000 -0.309013 -0.951058
vn 0.000000 -0.309013 -0.951058
vn 0.000000 0.809023 -0.587777
vn 0.000000 0.809023 -0.587777
vn 0.000000 0.809023 -0.587777
vn -0.000000 0.809022 0.587779
vn 0.000000 0.809022 0.587779
vn 0.000000 0.809022 0.587779
vn -0.000000 0.809022 0.587779
vn 0.000000 0.809022 0.587779
vn 0.000000 0.809022 0.587779
vn 0.000000 -1.000000 0.000000
vn 0.000000 -1.000000 0.000000
vn 0.000000 -1.000000 0.000000
vn 0.000000 -0.309015 0.951057
vn 0.000000 -0.309015 0.951057
vn 0.000000 -0.309015 0.951057
vn -1.000000 0.000000 0.000000
vn -1.000000 0.000000 0.000000
vn -1.000000 0.000000 0.000000
vn -1.000000 0.000000 0.000000
vn -1.000000 0.000000 0.000000
vn -1.000000 0.000000 0.000000
vn 1.000000 -0.000000 0.000000
vn 1.000000 0.000000 0.000000
vn 1.000000 0.000000 0.000000
vn 1.000000 0.000000 0.000000
vn 1.000000 0.000000 0.000000
vn 1.000000 0.000000 0.000000
vn 0.000000 -1.000000 0.000000
vn 0.000000 -1.000000 0.000000
vn 0.000000 -1.000000 0.000000
vn 0.000000 -0.309014 0.951057
vn 0.000000 -0.309014 0.951057
vn 0.000000 -0.309014 0.951057
vn 0.000000 0.809023 -0.587777
vn 0.000000 0.809023 -0.587777
vn 0.000000 0.809023 -0.587777
vn 0.000000 -0.309014 0.951057
vn 0.000000 -0.309014 0.951057
vn 0.000000 -0.309014 0.951057
vn 0.000000 -1.000000 0.000000
vn 0.000000 -1.000000 0.000000
vn 0.000000 -1.000000 0.000000
vn 0.000000 0.809023 -0.587777
vn 0.000000 0.809023 -0.587777
vn 0.000000 0.809023 -0.587777
vn -0.000000 -0.309013 -0.951058
vn 0.000000 -0.309013 -0.951058
vn 0.000000 -0.309013 -0.951058
vn 0.000000 -0.309013 -0.951058
vn 0.000000 -0.309013 -0.951058
vn 0.000000 -0.309013 -0.951058
vn 0.000000 0.809023 0.587777
vn 0.000000 0.809023 0.587777
vn 0.000000 0.809023 0.587777
vn -0.000000 0.809023 0.587777
vn 0.000000 0.809023 0.587777
vn 0.000000 0.809023 0.587777
vn 1.000000 -0.000000 0.000000
vn 1.000000 0.000000 0.000000
vn 1.000000 0.000000 0.000000
vn 1.000000 0.000000 0.000000
vn 1.000000 0.000000 0.000000
vn 1.000000 0.000000 0.000000
vn -1.000000 0.000000 0.000000
vn -1.000000 0.000000 0.000000
vn -1.000000 0.000000 0.000000
vn -1.000000 0.000000 0.000000
vn -1.000000 0.000000 0.000000
vn -1.000000 0.000000 0.000000
vn 0.000000 -0.309013 -0.951058
vn 0.000000 -0.309013 -0.951058
vn 0.000000 -0.309013 -0.951058
vn 0.000000 -0.309014 0.951057
vn 0.000000 -0.309014 0.951057
vn 0.000000 -0.309014 0.951057
vn 0.000000 0.809023 -0.587777
vn 0.000000 0.809023 -0.587777
vn 0.000000 0.809023 -0.587777
vn 0.000000 -1.000000 0.000000
vn 0.000000 -1.000000 0.000000
vn 0.000000 -1.000000 0.000000
vn 0.000000 -0.309013 -0.951058
vn 0.000000 -0.309013 -0.951058
vn 0.000000 -0.309013 -0.951058
vn 0.000000 0.809023 -0.587777
vn 0.000000 0.809023 -0.587777
vn 0.000000 0.809023 -0.587777
vn -0.000000 0.809023 0.587777
vn 0.000000 0.809023 0.587777
vn 0.000000 0.809023 0.587777
vn -0.000000 0.809023 0.587777
vn 0.000000 0.809023 0.587777
vn 0.000000 0.809023 0.587777
vn 0.000000 -1.000000 0.000000
vn 0.000000 -1.000000 0.000000
vn 0.000000 -1.000000 0.000000
vn 0.000000 -0.309014 0.951057
vn 0.000000 -0.309014 0.951057
vn 0.000000 -0.309014 0.951057
vn -1.000000 0.000000 0.000000
vn -1.000000 0.000000 0.000000
vn -1.000000 0.000000 0.000000
vn -1.000000 0.000000 0.000000
vn -1.000000 0.000000 0.000000
vn -1.000000 0.000000 0.000000
vn 1.000000 -0.000000 0.000000
vn 1.000000 0.000000 0.000000
vn 1.000000 0.000000 0.000000
vn 1.000000 0.000000 0.000000
vn 1.000000 0.000000 0.000000
vn 1.000000 0.000000 0.000000
vn 0.000000 -1.000000 0.000000
vn 0.000000 -1.000000 0.000000
vn 0.000000 -1.000000 0.000000
vn 0.000000 -0.309017 0.951057
vn 0.000000 -0.309017 0.951057
vn 0.000000 -0.309017 0.951057
vn 0.000000 0.809022 -0.587779
vn 0.000000 0.809022 -0.587779
vn 0.000000 0.809022 -0.587779
vn 0.000000 -0.309017 0.951057
vn 0.000000 -0.309017 0.951057
vn 0.000000 -0.309017 0.951057
vn 0.000000 -1.000000 0.000000
vn 0.000000 -1.000000 0.000000
vn 0.000000 -1.000000 0.000000
vn 0.000000 0.809022 -0.587779
vn 0.000000 0.809022 -0.587779
vn 0.000000 0.809022 -0.587779
vn -0.000000 -0.309015 -0.951057
vn 0.000000 -0.309015 -0.951057
vn 0.000000 -0.309015 -0.951057
vn 0.000000 -0.309015 -0.951057
vn 0.000000 -0.309015 -0.951057
vn 0.000000 -0.309015 -0.951057
vn 0.000000 0.809023 0.587777
vn 0.000000 0.809023 0.587777
vn 0.000000 0.809023 0.587777
vn -0.000000 0.809023 0.587777
vn 0.000000 0.809023 0.587777
vn 0.000000 0.809023 0.587777
vn 1.000000 -0.000000 0.000000
vn 1.000000 0.000000 0.000000
vn 1.000000 0.000000 0.000000
vn 1.000000 0.000000 0.000000
vn 1.000000 0.000000 0.000000
vn 1.000000 0.000000 0.000000
vn -1.000000 0.000000 0.000000
vn -1.000000 0.000000 0.000000
vn -1.000000 0.000000 0.000000
vn -1.000000 0.000000 0.000000
vn -1.000000 0.000000 0.000000
vn -1.000000 0.000000 0.000000
vn 0.000000 -0.309015 -0.951057
vn 0.000000 -0.309015 -0.951057
vn 0.000000 -0.309015 -0.951057
vn 0.000000 -0.309017 0.951057
vn 0.000000 -0.309017 0.951057
vn 0.000000 -0.309017 0.951057
vn 0.000000 0.809022 -0.587779
vn 0.000000 0.809022 -0.587779
vn 0.000000 0.809022 -0.587779
vn 0.000000 -1.000000 0.000000
vn 0.000000 -1.000000 0.000000
vn 0.000000 -1.000000 0.000000
vn 0.000000 -0.309015 -0.951057
vn 0.000000 -0.309015 -0.951057
vn 0.000000 -0.309015 -0.951057
vn 0.000000 0.809022 -0.587779
vn 0.000000 0.809022 -0.587779
vn 0.000000 0.809022 -0.587779
vn -0.000000 0.809023 0.587777
vn 0.000000 0.809023 0.587777
vn 0.000000 0.809023 0.587777
vn -0.000000 0.809023 0.587777
vn 0.000000 0.809023 0.587777
vn 0.000000 0.809023 0.587777
vn 0.000000 -1.000000 0.000000
vn 0.000000 -1.000000 0.000000
vn 0.000000 -1.000000 0.000000
vn 0.000000 -0.309017 0.951057
vn 0.000000 -0.309017 0.951057
vn 0.000000 -0.309017 0.951057
vn -1.000000 0.000000 0.000000
vn -1.000000 0.000000 0.000000
vn -1.000000 0.000000 0.000000
vn -1.000000 0.000000 0.000000
vn -1.000000 0.000000 0.000000
vn -1.000000 0.000000 0.000000
vn 1.000000 -0.000000 0.000000
vn 1.000000 0.000000 0.000000
vn 1.000000 0.000000 0.000000
vn 1.000000 0.000000 0.000000
vn 1.000000 0.000000 0.000000
vn 1.000000 0.000000 0.000000
vn 0.000000 -1.000000 0.000000
vn 0.000000 -1.000000 0.000000
vn 0.000000 -1.000000 0.000000
vn 0.000000 -0.309015 0.951057
vn 0.000000 -0.309015 0.951057
vn 0.000000 -0.309015 0.951057
vn 0.000000 0.809022 -0.587779
vn 0.000000 0.809022 -0.587779
vn 0.000000 0.809022 -0.587779
vn 0.000000 -0.309015 0.951057
vn 0.000000 -0.309015 0.951057
vn 0.000000 -0.309015 0.951057
vn 0.000000 -1.000000 0.000000
vn 0.000000 -1.000000 0.000000
vn 0.000000 -1.000000 0.000000
vn 0.000000 0.809022 -0.587779
vn 0.000000 0.809022 -0.587779
vn 0.000000 0.809022 -0.587779
vn -0.000000 -0.309015 -0.951057
vn 0.000000 -0.309015 -0.951057
vn 0.000000 -0.309015 -0.951057
vn 0.000000 -0.309015 -0.951057
vn 0.000000 -0.309015 -0.951057
vn 0.000000 -0.309015 -0.951057
vn 0.000000 0.809022 0.587779
vn 0.000000 0.809022 0.587779
vn 0.000000 0.809022 0.587779
vn -0.000000 0.809022 0.587779
vn 0.000000 0.809022 0.587779
vn 0.000000 0.809022 0.587779
vn 0.988645 0.146916 -0.031562
vn 0.996881 -0.063918 -0.046298
vn 0.996450 0.084085 -0.004145
vn -0.761762 -0.646048 0.048382
vn -0.259041 -0.965412 0.029607
vn 0.071102 -0.997182 0.023929
vn 0.997537 -0.069696 -0.007952
vn 0.997114 0.074786 -0.013035
vn 0.998102 -0.057460 0.022163
vn -0.761762 -0.646048 0.048382
vn -0.925444 -0.371714 0.073367
vn -0.986584 0.162580 0.014837
vn 0.152623 -0.983763 0.094429
vn 0.301759 -0.952035 0.050704
vn 0.131593 -0.991189 0.015076
vn -0.175303 -0.959997 -0.218347
vn 0.622062 -0.753401 -0.213134
vn 0.082383 -0.985714 -0.146903
vn 0.367547 -0.928958 -0.044108
vn 0.369544 -0.928057 -0.046336
vn 0.369544 -0.928057 -0.046336
vn -1.000000 0.000000 0.000000
vn -0.970593 -0.239891 -0.020013
vn -0.986628 -0.151321 -0.060553
vn 0.082383 -0.985714 -0.146903
vn -0.725525 -0.677642 -0.120060
vn -0.175303 -0.959997 -0.218347
vn 0.794753 0.604964 -0.048840
vn 0.057797 0.998272 0.010642
vn 0.575399 0.817822 0.009107
vn 0.991238 -0.020029 -0.130564
vn 0.794753 0.604964 -0.048840
vn 0.977902 0.206177 -0.034631
vn 0.636267 -0.700554 0.323093
vn 0.432746 -0.763852 0.478813
vn 0.000056 -0.922886 0.385072
vn -0.761473 0.647368 0.032760
vn -0.664408 0.747299 -0.010251
vn -0.974720 0.219333 0.042587
vn 0.707107 0.000000 -0.707107
vn 0.707107 0.000000 -0.707107
vn 0.707107 0.000000 -0.707107
vn -0.010743 0.999887 0.010550
vn -0.128479 0.991537 0.018666
vn -0.688108 0.725535 0.010357
vn -1.000000 0.000000 0.000000
vn -1.000000 0.000000 0.000000
vn -1.000000 0.000000 0.000000
vn 0.965766 0.131072 0.223868
vn 0.874473 -0.457653 0.160781
vn 0.989746 0.129093 0.061143
vn -0.763058 -0.428356 0.483997
vn -0.821319 -0.539431 0.185608
vn -0.513745 -0.730111 0.450559
vn 0.934682 -0.354087 -0.031493
vn 0.980637 -0.165570 -0.104580
vn 0.968964 -0.237323 -0.069187
vn -0.575143 0.604396 0.551286
vn -0.710405 0.670488 0.213941
vn -0.886706 0.099154 0.451577
vn -0.688108 0.725535 0.010357
vn -0.732134 0.681138 0.005575
vn -0.995803 0.090514 -0.013518
vn 0.098002 0.785609 0.610912
vn -0.004456 0.965595 0.260014
vn -0.575143 0.604396 0.551286
vn -0.707107 0.000000 -0.707107
vn -0.707107 0.000000 -0.707107
vn -0.707107 0.000000 -0.707107
vn -0.962573 -0.257759 -0.083747
vn -0.999294 0.037363 -0.003882
vn -0.992524 -0.112845 -0.046495
vn 0.690153 0.607303 -0.393539
vn 0.794753 0.604964 -0.048840
vn 0.903763 0.136210 -0.405782
vn 0.000000 0.846296 -0.532712
vn 0.057797 0.998272 0.010642
vn 0.690153 0.607303 -0.393539
vn 0.622062 -0.753401 -0.213134
vn 0.991238 -0.020029 -0.130564
vn 0.848846 -0.518038 -0.105341
vn -0.175303 -0.959997 -0.218347
vn 0.060015 -0.822577 -0.565478
vn 0.622062 -0.753401 -0.213134
vn -0.741465 -0.660565 -0.117831
vn -0.995803 0.090514 -0.013518
vn -0.725525 -0.677642 -0.120060
vn -0.249685 0.739682 -0.624922
vn -0.214447 0.867179 -0.449458
vn -0.151581 0.965925 -0.209791
vn 0.903763 0.136210 -0.405782
vn 0.991238 -0.020029 -0.130564
vn 0.803846 -0.350831 -0.480363
vn -0.956625 -0.286813 -0.051060
vn -0.741465 -0.660565 -0.117831
vn -0.737647 -0.671116 -0.074024
vn 0.542347 0.506404 0.670384
vn 0.311906 0.832601 0.457702
vn 0.467551 0.641123 0.608571
vn 0.951689 -0.293534 -0.090145
vn 0.989360 -0.137025 -0.048899
vn 0.999240 0.037348 0.011194
vn -0.707107 -0.000000 -0.707107
vn -0.707107 0.000000 -0.707107
vn -0.707107 0.000000 -0.707107
vn 0.750549 -0.658454 0.055806
vn 0.998102 -0.057460 0.022163
vn 0.989746 0.129093 0.061143
vn -0.685198 -0.698751 -0.205551
vn -0.725525 -0.677642 -0.120060
vn -0.991238 -0.020029 -0.130564
vn -0.975553 0.158109 0.152637
vn -0.821319 -0.539431 0.185608
vn -0.886706 0.099154 0.451577
vn 0.071102 -0.997182 0.023929
vn -0.161608 -0.986197 0.036032
vn -0.761762 -0.646048 0.048382
vn 0.984531 0.174970 0.009165
vn 0.984531 0.174968 0.009164
vn 0.984531 0.174968 0.009164
vn -0.707107 0.000000 0.707107
vn -0.707107 0.000000 0.707107
vn -0.707107 0.000000 0.707107
vn -0.371538 -0.927147 -0.048563
vn -0.369544 -0.928057 -0.046336
vn -0.369544 -0.928057 -0.046336
vn -0.794712 -0.591943 -0.134300
vn -0.920261 -0.378271 -0.100156
vn -0.790231 -0.598446 -0.131898
vn 0.087147 0.996038 -0.017732
vn -0.075608 0.997062 -0.012249
vn 0.700687 0.713334 -0.013880
vn 0.989746 0.129093 0.061143
vn 0.968033 0.250558 0.011505
vn 0.714846 0.698914 0.022691
vn 0.880048 -0.474637 -0.015317
vn 0.878289 -0.477931 -0.013775
vn 0.878289 -0.477931 -0.013775
vn -0.128479 0.991537 0.018666
vn -0.010743 0.999887 0.010550
vn 0.575399 0.817822 0.009107
vn 0.575399 0.817822 0.009107
vn 0.694800 0.719152 0.008557
vn 0.977902 0.206177 -0.034631
vn -0.000022 -0.855154 0.518375
vn -0.513745 -0.730111 0.450559
vn 0.000056 -0.922886 0.385072
vn -0.076545 0.990836 0.111287
vn -0.011124 0.998045 0.061502
vn -0.245353 0.911410 0.330354
vn 0.341491 -0.932202 -0.119931
vn 0.691744 -0.713499 -0.111397
vn 0.737647 -0.671116 -0.074024
vn -0.710405 0.670488 0.213941
vn -0.761473 0.647368 0.032760
vn -0.975553 0.158109 0.152637
vn -0.004456 0.965595 0.260014
vn -0.075608 0.997062 -0.012249
vn -0.710405 0.670488 0.213941
vn -0.984531 0.174970 0.009164
vn -0.984531 0.174968 0.009164
vn -0.984531 0.174968 0.009164
vn -0.602702 -0.782039 -0.158635
vn -0.607749 -0.778879 -0.154883
vn -0.790231 -0.598446 -0.131898
vn 0.691744 -0.713499 -0.111397
vn 0.848846 -0.518038 -0.105341
vn 0.997114 0.074786 -0.013035
vn 0.707107 -0.000000 0.707107
vn 0.707107 0.000000 0.707107
vn 0.707107 0.000000 0.707107
vn 0.848846 -0.518038 -0.105341
vn 0.691744 -0.713499 -0.111397
vn 0.082383 -0.985714 -0.146903
vn 0.082383 -0.985714 -0.146903
vn -0.054026 -0.992051 -0.113652
vn -0.725525 -0.677642 -0.120060
vn -0.688108 0.725535 0.010357
vn -0.664408 0.747299 -0.010251
vn -0.010743 0.999887 0.010550
vn -0.995803 0.090514 -0.013518
vn -0.986584 0.162580 0.014837
vn -0.688108 0.725535 0.010357
vn 0.854493 0.070387 0.514672
vn 0.814950 -0.393949 0.425043
vn 0.965766 0.131072 0.223868
vn 0.874473 -0.457653 0.160781
vn 0.814950 -0.393949 0.425043
vn 0.636267 -0.700554 0.323093
vn 0.719703 0.651872 0.238936
vn 0.668255 0.519417 0.532580
vn 0.965766 0.131072 0.223868
vn -0.815008 -0.576681 0.056585
vn -0.800113 -0.598166 0.044913
vn -0.944178 -0.326190 0.046133
vn -0.086164 0.992480 -0.086944
vn 0.054587 0.994274 0.091870
vn -0.112521 0.988405 -0.101950
vn -0.707107 0.000000 -0.707107
vn -0.707107 0.000000 -0.707107
vn -0.707107 0.000000 -0.707107
vn 0.054587 0.994274 0.091870
vn 0.346928 0.827882 0.440741
vn 0.100689 0.982767 0.155016
vn -0.732134 0.681138 0.005575
vn -0.742815 0.668302 -0.039972
vn -0.986851 0.155871 -0.042783
vn -0.732134 0.681138 0.005575
vn -0.128479 0.991537 0.018666
vn -0.742815 0.668302 -0.039972
vn 0.874473 -0.457653 0.160781
vn 0.406267 -0.910216 0.080336
vn 0.750549 -0.658454 0.055806
vn -0.161608 -0.986197 0.036032
vn 0.071102 -0.997182 0.023929
vn 0.750549 -0.658454 0.055806
vn -0.925444 -0.371714 0.073367
vn -0.161608 -0.986197 0.036032
vn -0.821319 -0.539431 0.185608
vn -0.821319 -0.539431 0.185608
vn -0.975553 0.158109 0.152637
vn -0.925444 -0.371714 0.073367
vn -0.876516 -0.481218 -0.012233
vn -0.878289 -0.477931 -0.013775
vn -0.878289 -0.477931 -0.013775
vn -0.865461 -0.491854 -0.095163
vn -0.745137 -0.659925 -0.096281
vn -0.588167 -0.801951 -0.104572
vn 0.668255 0.519417 0.532580
vn 0.719703 0.651872 0.238936
vn 0.098002 0.785609 0.610912
vn 0.707107 0.000000 -0.707107
vn 0.707107 0.000000 -0.707107
vn 0.707107 0.000000 -0.707107
vn -0.761762 -0.646048 0.048382
vn -0.986584 0.162580 0.014837
vn -0.998634 -0.051845 -0.006455
vn 0.968033 0.250558 0.011505
vn 0.997114 0.074786 -0.013035
vn 0.700687 0.713334 -0.013880
vn 0.087089 0.995483 -0.037802
vn -0.011124 0.998045 0.061502
vn 0.100095 0.990792 -0.091172
vn 0.700687 0.713334 -0.013880
vn 0.694800 0.719152 0.008557
vn 0.087147 0.996038 -0.017732
vn -0.051495 0.998014 -0.036283
vn -0.090741 0.993169 -0.073356
vn 0.100689 0.982767 0.155016
vn -0.051495 0.998014 -0.036283
vn 0.100689 0.982767 0.155016
vn 0.143622 0.967530 0.207986
vn 0.707107 -0.000000 0.707107
vn 0.707107 0.000000 0.707107
vn 0.707107 0.000000 0.707107
vn 0.707107 0.000000 -0.707107
vn 0.707107 0.000000 -0.707107
vn 0.707107 0.000000 -0.707107
vn -0.761473 0.647368 0.032760
vn -0.075608 0.997062 -0.012249
vn -0.664408 0.747299 -0.010251
vn 0.000000 -0.999913 -0.013180
vn -0.341491 -0.932202 -0.119931
vn -0.054026 -0.992051 -0.113652
vn 0.928346 -0.371711 -0.002103
vn 0.980637 -0.165570 -0.104580
vn 0.967058 -0.249704 -0.049456
vn 0.707107 0.000000 -0.707107
vn 0.707107 0.000000 -0.707107
vn 0.707107 0.000000 -0.707107
vn -1.000000 0.000000 0.000000
vn -0.972922 -0.227677 -0.039831
vn -0.986628 -0.151321 -0.060553
vn 0.928346 -0.371711 -0.002103
vn 0.980637 -0.165570 -0.104580
vn 0.967059 -0.249704 -0.049456
vn -1.000000 0.000000 0.000000
vn -0.970593 -0.239892 -0.020013
vn -0.986628 -0.151321 -0.060553
vn 0.707107 -0.000000 0.707107
vn 0.707107 0.000000 0.707107
vn 0.707107 0.000000 0.707107
vn -1.000000 0.000000 0.000000
vn -0.972922 -0.227677 -0.039831
vn -0.986628 -0.151321 -0.060553
vn 0.311906 0.832601 0.457702
vn -0.151581 0.965925 -0.209791
vn 0.077942 0.973534 0.214842
vn 0.000000 0.846296 -0.532712
vn -0.690153 0.607303 -0.393539
vn 0.057797 0.998272 0.010642
vn -0.690153 0.607303 -0.393539
vn -0.903763 0.136210 -0.405782
vn -0.742815 0.668302 -0.039972
vn 0.707107 0.000000 -0.707107
vn 0.707107 0.000000 -0.707107
vn 0.707107 0.000000 -0.707107
vn 0.934682 -0.354087 -0.031493
vn 0.980637 -0.165570 -0.104580
vn 0.968964 -0.237323 -0.069187
vn -0.707107 -0.000000 -0.707107
vn -0.707107 0.000000 -0.707107
vn -0.707107 0.000000 -0.707107
vn 0.060015 -0.822577 -0.565478
vn -0.175303 -0.959997 -0.218347
vn -0.747137 -0.487884 -0.451393
vn -0.707107 0.000000 0.707107
vn -0.707107 0.000000 0.707107
vn -0.707107 0.000000 0.707107
vn -0.903763 0.136210 -0.405782
vn -0.747137 -0.487884 -0.451393
vn -0.991238 -0.020029 -0.130564
vn -0.358915 0.814512 0.455796
vn -0.209037 0.936792 0.280577
vn -0.245353 0.911410 0.330354
vn 0.714846 0.698914 0.022691
vn 0.719703 0.651872 0.238936
vn 0.989746 0.129093 0.061143
vn -0.707107 0.000000 0.707107
vn -0.707107 0.000000 0.707107
vn -0.707107 0.000000 0.707107
vn 0.075268 0.996258 0.042469
vn 0.079840 0.996065 0.038477
vn 0.149808 0.969672 -0.193116
vn -0.707107 0.000000 0.707107
vn -0.707107 0.000000 0.707107
vn -0.707107 0.000000 0.707107
vn 0.707107 -0.000000 0.707107
vn 0.707107 0.000000 0.707107
vn 0.707107 0.000000 0.707107
vn -0.536304 0.505880 0.675621
vn -0.464509 0.640833 0.611200
vn -0.464509 0.640833 0.611200
vn 0.168690 0.952824 -0.252328
vn 0.220775 0.866681 -0.447350
vn 0.180055 0.938996 -0.293032
vn 0.000000 -0.999913 -0.013180
vn -0.054026 -0.992051 -0.113652
vn 0.341491 -0.932202 -0.119931
vn -0.745137 -0.659925 -0.096281
vn -0.865461 -0.491854 -0.095163
vn -0.940755 -0.326725 -0.090720
vn 0.707107 -0.000000 0.707107
vn 0.707107 0.000000 0.707107
vn 0.707107 0.000000 0.707107
vn -0.075608 0.997062 -0.012249
vn -0.004456 0.965595 0.260014
vn 0.714846 0.698914 0.022691
vn 1.000000 0.000000 0.000000
vn 1.000000 0.000000 0.000000
vn 1.000000 0.000000 0.000000
vn -0.707107 -0.000000 -0.707107
vn -0.707107 0.000000 -0.707107
vn -0.707107 0.000000 -0.707107
vn -0.707107 0.000000 0.707107
vn -0.707107 0.000000 0.707107
vn -0.707107 0.000000 0.707107
vn -0.209037 0.936792 0.280577
vn 0.099631 0.989530 -0.104421
vn -0.076545 0.990836 0.111287
vn -0.587935 -0.808217 0.033434
vn -0.800113 -0.598166 0.044913
vn -0.580746 -0.813128 0.039453
vn -0.999223 -0.031789 -0.023289
vn -0.999868 -0.012661 0.010212
vn -0.999361 -0.035045 0.007040
vn -0.981011 0.193854 -0.006185
vn -0.936623 0.349886 0.017839
vn -0.991882 0.121096 0.038815
vn -0.995573 0.038062 -0.085943
vn -0.999110 0.008448 -0.041327
vn -0.999880 -0.015456 -0.000224
vn -0.988097 0.001193 0.153828
vn -0.990119 0.035575 0.135640
vn -0.989977 0.060380 0.127673
vn -0.981637 0.190518 0.009577
vn -0.925385 0.378978 0.006185
vn -0.924787 0.380417 0.007241
vn -0.998487 -0.036382 -0.041241
vn -0.999073 -0.017629 -0.039273
vn -0.999223 -0.031789 -0.023289
vn -0.993401 -0.000557 0.114695
vn -0.997776 0.045464 0.048749
vn -0.990119 0.035575 0.135640
vn -0.999081 -0.000279 -0.042855
vn -0.998336 -0.003650 0.057557
vn -0.993960 0.001364 -0.109739
vn -0.966183 -0.251472 -0.057024
vn -0.998243 -0.006451 -0.058897
vn -0.982098 -0.184662 -0.037193
vn -0.998243 -0.006451 -0.058897
vn -0.952759 0.303727 -0.000918
vn -0.998756 -0.049827 0.001944
vn -0.998708 0.033379 -0.038323
vn -0.993960 0.001364 -0.109739
vn -0.981011 0.193854 -0.006185
vn -0.977102 -0.212740 0.003742
vn -0.966183 -0.251472 -0.057024
vn -0.982098 -0.184662 -0.037193
vn -0.993401 -0.000557 0.114695
vn -0.999880 -0.015456 -0.000224
vn -0.999110 0.008448 -0.041327
vn -0.966183 -0.251472 -0.057024
vn -0.966752 -0.255593 0.007981
vn -0.960697 -0.262147 -0.091322
vn -0.902402 -0.237338 -0.359641
vn -0.892125 -0.310682 -0.328009
vn -0.854905 -0.320926 -0.407607
vn -0.965626 -0.257373 -0.036411
vn -0.950062 -0.300153 -0.085387
vn -0.963091 -0.252111 -0.094322
vn -0.892125 -0.310682 -0.328009
vn -0.935991 -0.333979 -0.111260
vn -0.854905 -0.320926 -0.407607
vn -0.963091 -0.252111 -0.094322
vn -0.902402 -0.237338 -0.359641
vn -0.965626 -0.257373 -0.036411
vn -0.977102 -0.212740 0.003742
vn -0.966752 -0.255593 0.007981
vn -0.968512 -0.248962 0.001245
vn -0.999411 -0.031923 0.012628
vn -0.999868 -0.012661 0.010212
vn -0.981637 0.190518 0.009577
vn -0.998708 0.033379 -0.038323
vn -0.991882 0.121096 0.038815
vn -0.997859 0.030322 0.057943
vn -0.997859 0.030322 0.057943
vn -0.998336 -0.003650 0.057557
vn -0.998756 0.012066 0.048387
vn -0.950062 -0.300153 -0.085387
vn -0.932647 -0.267350 -0.242266
vn -0.963091 -0.252111 -0.094322
vn -0.982098 -0.184662 -0.037193
vn -0.998756 -0.049827 0.001944
vn -0.977102 -0.212740 0.003742
vn -0.999868 -0.012661 0.010212
vn -0.995307 0.096146 -0.010969
vn -0.981637 0.190518 0.009577
vn -0.998708 0.033379 -0.038323
vn -0.998756 0.012066 0.048387
vn -0.999081 -0.000279 -0.042855
vn -0.999361 -0.035045 0.007040
vn -0.998487 -0.036382 -0.041241
vn -0.999223 -0.031789 -0.023289
vn -0.997776 0.045464 0.048749
vn -0.989977 0.060380 0.127673
vn -0.990119 0.035575 0.135640
vn -0.999073 -0.017629 -0.039273
vn -0.999868 -0.012661 0.010212
vn -0.999223 -0.031789 -0.023289
vn -0.935837 0.352033 0.016780
vn -0.936623 0.349886 0.017839
vn -0.981011 0.193854 -0.006185
vn -0.997776 0.045464 0.048749
vn -0.999110 0.008448 -0.041327
vn -0.995573 0.038062 -0.085943
vn -0.993401 -0.000557 0.114695
vn -0.990119 0.035575 0.135640
vn -0.988097 0.001193 0.153828
vn -0.995307 0.096146 -0.010969
vn -0.925385 0.378978 0.006185
vn -0.981637 0.190518 0.009577
vn -0.995307 0.096146 -0.010969
vn -0.999073 -0.017629 -0.039273
vn -0.998487 -0.036382 -0.041241
vn -0.999110 0.008448 -0.041327
vn -0.997776 0.045464 0.048749
vn -0.993401 -0.000557 0.114695
vn -0.998756 0.012066 0.048387
vn -0.998336 -0.003650 0.057557
vn -0.999081 -0.000279 -0.042855
vn -0.960697 -0.262147 -0.091322
vn -0.998243 -0.006451 -0.058897
vn -0.966183 -0.251472 -0.057024
vn -0.953902 0.300116 0.001365
vn -0.952759 0.303727 -0.000918
vn -0.998243 -0.006451 -0.058897
vn -0.999081 -0.000279 -0.042855
vn -0.993960 0.001364 -0.109739
vn -0.998708 0.033379 -0.038323
vn -0.968512 -0.248962 0.001245
vn -0.966183 -0.251472 -0.057024
vn -0.977102 -0.212740 0.003742
vn -0.988097 0.001193 0.153828
vn -0.999880 -0.015456 -0.000224
vn -0.993401 -0.000557 0.114695
vn -0.968512 -0.248962 0.001245
vn -0.966752 -0.255593 0.007981
vn -0.966183 -0.251472 -0.057024
vn -0.932647 -0.267350 -0.242266
vn -0.892125 -0.310682 -0.328009
vn -0.902402 -0.237338 -0.359641
vn -0.935991 -0.333979 -0.111260
vn -0.950062 -0.300153 -0.085387
vn -0.965626 -0.257373 -0.036411
vn -0.950062 -0.300153 -0.085387
vn -0.935991 -0.333979 -0.111260
vn -0.892125 -0.310682 -0.328009
vn -0.932647 -0.267350 -0.242266
vn -0.902402 -0.237338 -0.359641
vn -0.963091 -0.252111 -0.094322
vn -0.998756 -0.049827 0.001944
vn -0.966752 -0.255593 0.007981
vn -0.977102 -0.212740 0.003742
vn -0.999361 -0.035045 0.007040
vn -0.999868 -0.012661 0.010212
vn -0.999411 -0.031923 0.012628
vn -0.981011 0.193854 -0.006185
vn -0.991882 0.121096 0.038815
vn -0.998708 0.033379 -0.038323
vn -0.991882 0.121096 0.038815
vn -0.998336 -0.003650 0.057557
vn -0.997859 0.030322 0.057943
vn -0.892125 -0.310682 -0.328009
vn -0.932647 -0.267350 -0.242266
vn -0.950062 -0.300153 -0.085387
vn -0.998243 -0.006451 -0.058897
vn -0.998756 -0.049827 0.001944
vn -0.982098 -0.184662 -0.037193
vn -0.999073 -0.017629 -0.039273
vn -0.995307 0.096146 -0.010969
vn -0.999868 -0.012661 0.010212
vn -0.997859 0.030322 0.057943
vn -0.998756 0.012066 0.048387
vn -0.998708 0.033379 -0.038323
vn -0.999411 -0.031923 0.012628
vn -0.998487 -0.036382 -0.041241
vn -0.999361 -0.035045 0.007040
vn -0.995573 0.038062 -0.085943
vn -0.989977 0.060380 0.127673
vn -0.997776 0.045464 0.048749
#end 4927 vertex normals

#begin 1642 faces
usemtl Polygon_XSIPOLYCLS.boeing747_material2
f 1//1 2//2 3//3 
usemtl Polygon_XSIPOLYCLS.boeing747_material2
f 4//4 2//5 1//6 
usemtl Polygon_XSIPOLYCLS.boeing747_material2
f 5//7 6//8 7//9 
usemtl Polygon_XSIPOLYCLS.boeing747_material2
f 8//10 6//11 5//12 
usemtl Polygon_XSIPOLYCLS.boeing747_material2
f 9//13 10//14 11//15 
usemtl Polygon_XSIPOLYCLS.boeing747_material2
f 12//16 10//17 9//18 
usemtl Polygon_XSIPOLYCLS.boeing747_material2
f 13//19 14//20 15//21 
usemtl Polygon_XSIPOLYCLS.boeing747_material2
f 16//22 14//23 13//24 
usemtl Polygon_XSIPOLYCLS.boeing747_material2
f 17//25 18//26 19//27 
usemtl Polygon_XSIPOLYCLS.boeing747_material2
f 20//28 18//29 17//30 
usemtl Polygon_XSIPOLYCLS.boeing747_material2
f 21//31 22//32 23//33 
usemtl Polygon_XSIPOLYCLS.boeing747_material2
f 24//34 22//35 21//36 
usemtl Polygon_XSIPOLYCLS.boeing747_material2
f 25//37 26//38 27//39 
usemtl Polygon_XSIPOLYCLS.boeing747_material2
f 28//40 26//41 25//42 
usemtl Polygon_XSIPOLYCLS.boeing747_material2
f 29//43 30//44 31//45 
usemtl Polygon_XSIPOLYCLS.boeing747_material2
f 32//46 30//47 29//48 
usemtl Polygon_XSIPOLYCLS.boeing747_material2
f 33//49 34//50 35//51 
usemtl Polygon_XSIPOLYCLS.boeing747_material2
f 36//52 34//53 33//54 
usemtl Polygon_XSIPOLYCLS.boeing747_material2
f 37//55 38//56 39//57 
usemtl Polygon_XSIPOLYCLS.boeing747_material2
f 40//58 38//59 37//60 
usemtl Polygon_XSIPOLYCLS.boeing747_material2
f 41//61 42//62 43//63 
usemtl Polygon_XSIPOLYCLS.boeing747_material2
f 44//64 42//65 41//66 
usemtl Polygon_XSIPOLYCLS.boeing747_material2
f 45//67 46//68 47//69 
usemtl Polygon_XSIPOLYCLS.boeing747_material2
f 48//70 46//71 45//72 
usemtl Polygon_XSIPOLYCLS.boeing747_material2
f 49//73 50//74 51//75 
usemtl Polygon_XSIPOLYCLS.boeing747_material2
f 52//76 50//77 49//78 
usemtl Polygon_XSIPOLYCLS.boeing747_material2
f 53//79 54//80 55//81 
usemtl Polygon_XSIPOLYCLS.boeing747_material2
f 56//82 54//83 53//84 
usemtl Polygon_XSIPOLYCLS.boeing747_material2
f 57//85 58//86 59//87 
usemtl Polygon_XSIPOLYCLS.boeing747_material2
f 60//88 58//89 57//90 
usemtl Polygon_XSIPOLYCLS.boeing747_material2
f 61//91 62//92 63//93 
usemtl Polygon_XSIPOLYCLS.boeing747_material2
f 64//94 62//95 61//96 
usemtl Polygon_XSIPOLYCLS.boeing747_material2
f 65//97 66//98 67//99 
usemtl Polygon_XSIPOLYCLS.boeing747_material2
f 68//100 66//101 65//102 
usemtl Polygon_XSIPOLYCLS.boeing747_material2
f 69//103 70//104 71//105 
usemtl Polygon_XSIPOLYCLS.boeing747_material2
f 72//106 70//107 69//108 
usemtl Polygon_XSIPOLYCLS.boeing747_material2
f 73//109 74//110 75//111 
usemtl Polygon_XSIPOLYCLS.boeing747_material2
f 76//112 74//113 73//114 
usemtl Polygon_XSIPOLYCLS.boeing747_material2
f 77//115 78//116 79//117 
usemtl Polygon_XSIPOLYCLS.boeing747_material2
f 80//118 78//119 77//120 
usemtl Polygon_XSIPOLYCLS.boeing747_material2
f 81//121 82//122 83//123 
usemtl Polygon_XSIPOLYCLS.boeing747_material2
f 84//124 82//125 81//126 
usemtl Polygon_XSIPOLYCLS.boeing747_material2
f 85//127 86//128 87//129 
usemtl Polygon_XSIPOLYCLS.boeing747_material2
f 88//130 86//131 85//132 
usemtl Polygon_XSIPOLYCLS.boeing747_material2
f 89//133 90//134 91//135 
usemtl Polygon_XSIPOLYCLS.boeing747_material2
f 92//136 90//137 89//138 
usemtl Polygon_XSIPOLYCLS.boeing747_material2
f 93//139 94//140 95//141 
usemtl Polygon_XSIPOLYCLS.boeing747_material2
f 96//142 94//143 93//144 
usemtl Polygon_XSIPOLYCLS.boeing747_material2
f 97//145 98//146 99//147 
usemtl Polygon_XSIPOLYCLS.boeing747_material2
f 100//148 98//149 97//150 
usemtl Polygon_XSIPOLYCLS.boeing747_material2
f 101//151 102//152 103//153 
usemtl Polygon_XSIPOLYCLS.boeing747_material2
f 104//154 102//155 101//156 
usemtl Polygon_XSIPOLYCLS.boeing747_material2
f 105//157 106//158 107//159 
usemtl Polygon_XSIPOLYCLS.boeing747_material2
f 106//160 105//161 108//162 
usemtl Polygon_XSIPOLYCLS.boeing747_material2
f 112//163 111//164 109//165 
usemtl Polygon_XSIPOLYCLS.boeing747_material2
f 110//166 111//167 112//168 
usemtl Polygon_XSIPOLYCLS.boeing747_material2
f 115//169 117//170 118//171 
usemtl Polygon_XSIPOLYCLS.boeing747_material2
f 149//172 147//173 138//174 
usemtl Polygon_XSIPOLYCLS.boeing747_material2
f 121//175 122//176 123//177 
usemtl Polygon_XSIPOLYCLS.boeing747_material2
f 124//178 118//179 117//180 
usemtl Polygon_XSIPOLYCLS.boeing747_material2
f 160//181 158//182 150//183 
usemtl Polygon_XSIPOLYCLS.boeing747_material2
f 122//184 121//185 126//186 
usemtl Polygon_XSIPOLYCLS.boeing747_material2
f 127//187 128//188 129//189 
usemtl Polygon_XSIPOLYCLS.boeing747_material2
f 130//190 128//191 127//192 
usemtl Polygon_XSIPOLYCLS.boeing747_material2
f 131//193 132//194 133//195 
usemtl Polygon_XSIPOLYCLS.boeing747_material2
f 134//196 132//197 131//198 
usemtl Polygon_XSIPOLYCLS.boeing747_material2
f 137//199 138//200 136//201 
usemtl Polygon_XSIPOLYCLS.boeing747_material2
f 135//202 119//203 114//204 
usemtl Polygon_XSIPOLYCLS.boeing747_material2
f 139//205 140//206 141//207 
usemtl Polygon_XSIPOLYCLS.boeing747_material2
f 142//208 144//209 145//210 
usemtl Polygon_XSIPOLYCLS.boeing747_material2
f 146//211 140//212 139//213 
usemtl Polygon_XSIPOLYCLS.boeing747_material2
f 135//214 161//215 120//216 
usemtl Polygon_XSIPOLYCLS.boeing747_material2
f 151//217 152//218 153//219 
usemtl Polygon_XSIPOLYCLS.boeing747_material2
f 154//220 155//221 156//222 
usemtl Polygon_XSIPOLYCLS.boeing747_material2
f 157//223 155//224 154//225 
usemtl Polygon_XSIPOLYCLS.boeing747_material2
f 166//226 168//227 169//228 
usemtl Polygon_XSIPOLYCLS.boeing747_material2
f 162//229 163//230 164//231 
usemtl Polygon_XSIPOLYCLS.boeing747_material2
f 165//232 163//233 162//234 
usemtl Polygon_XSIPOLYCLS.boeing747_material2
f 170//235 171//236 477//237 
usemtl Polygon_XSIPOLYCLS.boeing747_material2
f 176//238 178//239 179//240 
usemtl Polygon_XSIPOLYCLS.boeing747_material2
f 172//241 173//242 174//243 
usemtl Polygon_XSIPOLYCLS.boeing747_material2
f 175//244 173//245 172//246 
usemtl Polygon_XSIPOLYCLS.boeing747_material2
f 179//247 178//248 177//249 
usemtl Polygon_XSIPOLYCLS.boeing747_material2
f 184//250 190//251 191//252 
usemtl Polygon_XSIPOLYCLS.boeing747_material2
f 180//253 181//254 182//255 
usemtl Polygon_XSIPOLYCLS.boeing747_material2
f 183//256 181//257 180//258 
usemtl Polygon_XSIPOLYCLS.boeing747_material2
f 191//259 190//260 185//261 
usemtl Polygon_XSIPOLYCLS.boeing747_material2
f 192//262 197//263 198//264 
usemtl Polygon_XSIPOLYCLS.boeing747_material2
f 186//265 187//266 188//267 
usemtl Polygon_XSIPOLYCLS.boeing747_material2
f 189//268 187//269 186//270 
usemtl Polygon_XSIPOLYCLS.boeing747_material2
f 198//271 197//272 193//273 
usemtl Polygon_XSIPOLYCLS.boeing747_material2
f 194//274 195//275 196//276 
usemtl Polygon_XSIPOLYCLS.boeing747_material2
f 516//277 515//278 199//279 
usemtl Polygon_XSIPOLYCLS.boeing747_material2
f 201//280 195//281 194//282 
usemtl Polygon_XSIPOLYCLS.boeing747_material2
f 202//283 203//284 204//285 
usemtl Polygon_XSIPOLYCLS.boeing747_material2
f 205//286 206//287 207//288 
usemtl Polygon_XSIPOLYCLS.boeing747_material2
f 208//289 206//290 205//291 
usemtl Polygon_XSIPOLYCLS.boeing747_material2
f 209//292 210//293 211//294 
usemtl Polygon_XSIPOLYCLS.boeing747_material2
f 200//295 518//296 517//297 
usemtl Polygon_XSIPOLYCLS.boeing747_material2
f 216//298 217//299 218//300 
usemtl scene_material
f 779//301 212//302 777//303 
usemtl Polygon_XSIPOLYCLS.boeing747_material2
f 221//304 217//305 216//306 
usemtl Polygon_XSIPOLYCLS.boeing747_material2
f 624//307 259//308 215//309 
usemtl Polygon_XSIPOLYCLS.boeing747_material2
f 224//310 225//311 226//312 
usemtl Polygon_XSIPOLYCLS.boeing747_material2
f 227//313 225//314 224//315 
usemtl Polygon_XSIPOLYCLS.boeing747_material2
f 220//316 222//317 219//318 
usemtl Polygon_XSIPOLYCLS.boeing747_material2
f 223//319 222//320 220//321 
usemtl Polygon_XSIPOLYCLS.boeing747_material2
f 230//322 231//323 232//324 
usemtl Polygon_XSIPOLYCLS.boeing747_material2
f 233//325 231//326 230//327 
usemtl Polygon_XSIPOLYCLS.boeing747_material2
f 229//328 246//329 228//330 
usemtl Polygon_XSIPOLYCLS.boeing747_material2
f 247//331 246//332 229//333 
usemtl Polygon_XSIPOLYCLS.boeing747_material2
f 234//334 235//335 236//336 
usemtl scene_material
f 237//337 239//338 655//339 
usemtl Polygon_XSIPOLYCLS.boeing747_material2
f 241//340 235//341 234//342 
usemtl scene_material
f 242//343 244//344 508//345 
usemtl Polygon_XSIPOLYCLS.boeing747_material2
f 428//346 439//347 618//348 
usemtl scene_material
f 248//349 250//350 251//351 
usemtl Polygon_XSIPOLYCLS.boeing747_material2
f 252//352 253//353 254//354 
usemtl Polygon_XSIPOLYCLS.boeing747_material2
f 255//355 256//356 257//357 
usemtl Polygon_XSIPOLYCLS.boeing747_material2
f 258//358 253//359 252//360 
usemtl scene_material
f 265//361 143//362 142//363 
usemtl Polygon_XSIPOLYCLS.boeing747_material2
f 243//364 238//365 244//366 
usemtl Polygon_XSIPOLYCLS.boeing747_material2
f 260//367 261//368 262//369 
usemtl Polygon_XSIPOLYCLS.boeing747_material2
f 264//370 259//371 624//372 
usemtl Polygon_XSIPOLYCLS.boeing747_material2
f 266//373 261//374 260//375 
usemtl Polygon_XSIPOLYCLS.boeing747_material2
f 267//376 256//377 255//378 
usemtl Polygon_XSIPOLYCLS.boeing747_material2
f 268//379 269//380 270//381 
usemtl Polygon_XSIPOLYCLS.boeing747_material2
f 271//382 269//383 268//384 
usemtl Polygon_XSIPOLYCLS.boeing747_material2
f 272//385 273//386 274//387 
usemtl Polygon_XSIPOLYCLS.boeing747_material2
f 275//388 273//389 272//390 
usemtl Polygon_XSIPOLYCLS.boeing747_material2
f 276//391 277//392 278//393 
usemtl Polygon_XSIPOLYCLS.boeing747_material2
f 279//394 277//395 276//396 
usemtl Polygon_XSIPOLYCLS.boeing747_material2
f 280//397 281//398 282//399 
usemtl Polygon_XSIPOLYCLS.boeing747_material2
f 283//400 281//401 280//402 
usemtl Polygon_XSIPOLYCLS.boeing747_material2
f 284//403 285//404 286//405 
usemtl Polygon_XSIPOLYCLS.boeing747_material2
f 287//406 285//407 284//408 
usemtl Polygon_XSIPOLYCLS.boeing747_material2
f 288//409 289//410 290//411 
usemtl Polygon_XSIPOLYCLS.boeing747_material2
f 291//412 289//413 288//414 
usemtl Polygon_XSIPOLYCLS.boeing747_material2
f 292//415 293//416 294//417 
usemtl Polygon_XSIPOLYCLS.boeing747_material2
f 295//418 293//419 292//420 
usemtl Polygon_XSIPOLYCLS.boeing747_material2
f 296//421 297//422 298//423 
usemtl Polygon_XSIPOLYCLS.boeing747_material2
f 299//424 297//425 296//426 
usemtl Polygon_XSIPOLYCLS.boeing747_material2
f 300//427 301//428 302//429 
usemtl Polygon_XSIPOLYCLS.boeing747_material2
f 303//430 301//431 300//432 
usemtl Polygon_XSIPOLYCLS.boeing747_material2
f 304//433 305//434 306//435 
usemtl Polygon_XSIPOLYCLS.boeing747_material2
f 307//436 305//437 304//438 
usemtl Polygon_XSIPOLYCLS.boeing747_material2
f 308//439 309//440 310//441 
usemtl Polygon_XSIPOLYCLS.boeing747_material2
f 311//442 309//443 308//444 
usemtl Polygon_XSIPOLYCLS.boeing747_material2
f 312//445 313//446 314//447 
usemtl Polygon_XSIPOLYCLS.boeing747_material2
f 315//448 313//449 312//450 
usemtl Polygon_XSIPOLYCLS.boeing747_material2
f 316//451 317//452 318//453 
usemtl Polygon_XSIPOLYCLS.boeing747_material2
f 319//454 317//455 316//456 
usemtl Polygon_XSIPOLYCLS.boeing747_material2
f 320//457 321//458 322//459 
usemtl Polygon_XSIPOLYCLS.boeing747_material2
f 323//460 321//461 320//462 
usemtl Polygon_XSIPOLYCLS.boeing747_material2
f 324//463 325//464 326//465 
usemtl Polygon_XSIPOLYCLS.boeing747_material2
f 327//466 325//467 324//468 
usemtl Polygon_XSIPOLYCLS.boeing747_material2
f 328//469 329//470 330//471 
usemtl Polygon_XSIPOLYCLS.boeing747_material2
f 331//472 329//473 328//474 
usemtl Polygon_XSIPOLYCLS.boeing747_material2
f 332//475 333//476 334//477 
usemtl Polygon_XSIPOLYCLS.boeing747_material2
f 335//478 333//479 332//480 
usemtl Polygon_XSIPOLYCLS.boeing747_material2
f 336//481 337//482 338//483 
usemtl Polygon_XSIPOLYCLS.boeing747_material2
f 339//484 337//485 336//486 
usemtl Polygon_XSIPOLYCLS.boeing747_material2
f 340//487 341//488 342//489 
usemtl Polygon_XSIPOLYCLS.boeing747_material2
f 343//490 341//491 340//492 
usemtl Polygon_XSIPOLYCLS.boeing747_material2
f 344//493 345//494 346//495 
usemtl Polygon_XSIPOLYCLS.boeing747_material2
f 347//496 345//497 344//498 
usemtl Polygon_XSIPOLYCLS.boeing747_material2
f 348//499 349//500 350//501 
usemtl Polygon_XSIPOLYCLS.boeing747_material2
f 351//502 349//503 348//504 
usemtl Polygon_XSIPOLYCLS.boeing747_material2
f 352//505 353//506 354//507 
usemtl Polygon_XSIPOLYCLS.boeing747_material2
f 355//508 353//509 352//510 
usemtl Polygon_XSIPOLYCLS.boeing747_material2
f 356//511 357//512 358//513 
usemtl Polygon_XSIPOLYCLS.boeing747_material2
f 359//514 357//515 356//516 
usemtl Polygon_XSIPOLYCLS.boeing747_material2
f 360//517 361//518 362//519 
usemtl Polygon_XSIPOLYCLS.boeing747_material2
f 363//520 361//521 360//522 
usemtl Polygon_XSIPOLYCLS.boeing747_material2
f 364//523 365//524 366//525 
usemtl Polygon_XSIPOLYCLS.boeing747_material2
f 367//526 365//527 364//528 
usemtl Polygon_XSIPOLYCLS.boeing747_material2
f 368//529 369//530 370//531 
usemtl Polygon_XSIPOLYCLS.boeing747_material2
f 371//532 369//533 368//534 
usemtl Polygon_XSIPOLYCLS.boeing747_material2
f 372//535 373//536 374//537 
usemtl Polygon_XSIPOLYCLS.boeing747_material2
f 375//538 373//539 372//540 
usemtl Polygon_XSIPOLYCLS.boeing747_material2
f 376//541 377//542 378//543 
usemtl Polygon_XSIPOLYCLS.boeing747_material2
f 379//544 377//545 376//546 
usemtl Polygon_XSIPOLYCLS.boeing747_material2
f 380//547 381//548 382//549 
usemtl Polygon_XSIPOLYCLS.boeing747_material2
f 383//550 381//551 380//552 
usemtl Polygon_XSIPOLYCLS.boeing747_material2
f 384//553 385//554 386//555 
usemtl Polygon_XSIPOLYCLS.boeing747_material2
f 387//556 385//557 384//558 
usemtl Polygon_XSIPOLYCLS.boeing747_material2
f 388//559 389//560 390//561 
usemtl Polygon_XSIPOLYCLS.boeing747_material2
f 391//562 389//563 388//564 
usemtl Polygon_XSIPOLYCLS.boeing747_material2
f 392//565 393//566 394//567 
usemtl Polygon_XSIPOLYCLS.boeing747_material2
f 395//568 393//569 392//570 
usemtl Polygon_XSIPOLYCLS.boeing747_material2
f 396//571 397//572 398//573 
usemtl Polygon_XSIPOLYCLS.boeing747_material2
f 399//574 397//575 396//576 
usemtl Polygon_XSIPOLYCLS.boeing747_material2
f 400//577 401//578 402//579 
usemtl Polygon_XSIPOLYCLS.boeing747_material2
f 403//580 401//581 400//582 
usemtl Polygon_XSIPOLYCLS.boeing747_material2
f 404//583 405//584 406//585 
usemtl Polygon_XSIPOLYCLS.boeing747_material2
f 407//586 405//587 404//588 
usemtl Polygon_XSIPOLYCLS.boeing747_material2
f 408//589 409//590 410//591 
usemtl Polygon_XSIPOLYCLS.boeing747_material2
f 411//592 409//593 408//594 
usemtl Polygon_XSIPOLYCLS.boeing747_material2
f 412//595 413//596 414//597 
usemtl Polygon_XSIPOLYCLS.boeing747_material2
f 415//598 413//599 412//600 
usemtl Polygon_XSIPOLYCLS.boeing747_material2
f 416//601 417//602 418//603 
usemtl Polygon_XSIPOLYCLS.boeing747_material2
f 419//604 417//605 416//606 
usemtl Polygon_XSIPOLYCLS.boeing747_material2
f 420//607 421//608 422//609 
usemtl Polygon_XSIPOLYCLS.boeing747_material2
f 423//610 421//611 420//612 
usemtl Polygon_XSIPOLYCLS.boeing747_material2
f 424//613 425//614 426//615 
usemtl Polygon_XSIPOLYCLS.boeing747_material2
f 427//616 425//617 424//618 
usemtl scene_material
f 667//619 778//620 214//621 
usemtl Polygon_XSIPOLYCLS.boeing747_material2
f 204//622 203//623 430//624 
usemtl scene_material
f 431//625 433//626 434//627 
usemtl Polygon_XSIPOLYCLS.boeing747_material2
f 781//628 438//629 429//630 
usemtl Polygon_XSIPOLYCLS.boeing747_material2
f 435//631 436//632 437//633 
usemtl Polygon_XSIPOLYCLS.boeing747_material2
f 619//634 618//635 439//636 
usemtl Polygon_XSIPOLYCLS.boeing747_material2
f 440//637 441//638 442//639 
usemtl scene_material
f 433//640 444//641 445//642 
usemtl scene_material
f 664//643 214//644 779//645 
usemtl Polygon_XSIPOLYCLS.boeing747_material2
f 446//646 431//647 434//648 
usemtl Polygon_XSIPOLYCLS.boeing747_material2
f 448//649 441//650 440//651 
usemtl Polygon_XSIPOLYCLS.boeing747_material2
f 449//652 450//653 451//654 
usemtl Polygon_XSIPOLYCLS.boeing747_material2
f 452//655 450//656 449//657 
usemtl Polygon_XSIPOLYCLS.boeing747_material2
f 453//658 454//659 455//660 
usemtl Polygon_XSIPOLYCLS.boeing747_material2
f 456//661 457//662 458//663 
usemtl Polygon_XSIPOLYCLS.boeing747_material2
f 459//664 460//665 461//666 
usemtl Polygon_XSIPOLYCLS.boeing747_material2
f 462//667 457//668 456//669 
usemtl scene_material
f 243//670 655//671 239//672 
usemtl Polygon_XSIPOLYCLS.boeing747_material2
f 437//673 436//674 463//675 
usemtl Polygon_XSIPOLYCLS.boeing747_material2
f 464//676 465//677 466//678 
usemtl Polygon_XSIPOLYCLS.boeing747_material2
f 467//679 468//680 469//681 
usemtl Polygon_XSIPOLYCLS.boeing747_material2
f 470//682 468//683 467//684 
usemtl Polygon_XSIPOLYCLS.boeing747_material2
f 471//685 472//686 473//687 
usemtl Polygon_XSIPOLYCLS.boeing747_material2
f 474//688 475//689 476//690 
usemtl Polygon_XSIPOLYCLS.boeing747_material2
f 477//691 171//692 479//693 
usemtl Polygon_XSIPOLYCLS.boeing747_material2
f 481//694 465//695 464//696 
usemtl scene_material
f 431//697 482//698 520//699 
usemtl scene_material
f 483//700 485//701 480//702 
usemtl Polygon_XSIPOLYCLS.boeing747_material2
f 473//703 472//704 486//705 
usemtl Polygon_XSIPOLYCLS.boeing747_material2
f 487//706 488//707 489//708 
usemtl Polygon_XSIPOLYCLS.boeing747_material2
f 490//709 488//710 487//711 
usemtl scene_material
f 499//712 492//713 493//714 
usemtl scene_material
f 485//715 478//716 480//717 
usemtl Polygon_XSIPOLYCLS.boeing747_material2
f 494//718 495//719 496//720 
usemtl Polygon_XSIPOLYCLS.boeing747_material2
f 497//721 495//722 494//723 
usemtl Polygon_XSIPOLYCLS.boeing747_material2
f 491//724 498//725 432//726 
usemtl Polygon_XSIPOLYCLS.boeing747_material2
f 500//727 501//728 502//729 
usemtl scene_material
f 493//730 483//731 499//732 
usemtl Polygon_XSIPOLYCLS.boeing747_material2
f 503//733 504//734 505//735 
usemtl Polygon_XSIPOLYCLS.boeing747_material2
f 506//736 504//737 503//738 
usemtl Polygon_XSIPOLYCLS.boeing747_material2
f 507//739 240//740 245//741 
usemtl Polygon_XSIPOLYCLS.boeing747_material2
f 509//742 510//743 511//744 
usemtl Polygon_XSIPOLYCLS.boeing747_material2
f 512//745 510//746 509//747 
usemtl Polygon_XSIPOLYCLS.boeing747_material2
f 153//748 152//749 513//750 
usemtl Polygon_XSIPOLYCLS.boeing747_material2
f 514//751 515//752 516//753 
usemtl Polygon_XSIPOLYCLS.boeing747_material2
f 517//754 518//755 519//756 
usemtl Polygon_XSIPOLYCLS.boeing747_material2
f 432//757 498//758 521//759 
usemtl scene_material
f 446//760 482//761 447//762 
usemtl Polygon_XSIPOLYCLS.boeing747_material2
f 522//763 523//764 524//765 
usemtl Polygon_XSIPOLYCLS.boeing747_material2
f 525//766 526//767 527//768 
usemtl scene_material
f 263//769 144//770 248//771 
usemtl Polygon_XSIPOLYCLS.boeing747_material2
f 528//772 529//773 530//774 
usemtl Polygon_XSIPOLYCLS.boeing747_material2
f 531//775 526//776 525//777 
usemtl Polygon_XSIPOLYCLS.boeing747_material2
f 532//778 533//779 534//780 
usemtl Polygon_XSIPOLYCLS.boeing747_material2
f 535//781 536//782 537//783 
usemtl Polygon_XSIPOLYCLS.boeing747_material2
f 538//784 536//785 535//786 
usemtl Polygon_XSIPOLYCLS.boeing747_material2
f 539//787 540//788 541//789 
usemtl Polygon_XSIPOLYCLS.boeing747_material2
f 542//790 540//791 539//792 
usemtl Polygon_XSIPOLYCLS.boeing747_material2
f 455//793 454//794 543//795 
usemtl Polygon_XSIPOLYCLS.boeing747_material2
f 544//796 545//797 546//798 
usemtl Polygon_XSIPOLYCLS.boeing747_material2
f 547//799 548//800 549//801 
usemtl Polygon_XSIPOLYCLS.boeing747_material2
f 550//802 545//803 544//804 
usemtl Polygon_XSIPOLYCLS.boeing747_material2
f 549//805 548//806 551//807 
usemtl Polygon_XSIPOLYCLS.boeing747_material2
f 552//808 553//809 554//810 
usemtl Polygon_XSIPOLYCLS.boeing747_material2
f 554//811 553//812 555//813 
usemtl Polygon_XSIPOLYCLS.boeing747_material2
f 556//814 557//815 558//816 
usemtl Polygon_XSIPOLYCLS.boeing747_material2
f 559//817 560//818 561//819 
usemtl Polygon_XSIPOLYCLS.boeing747_material2
f 562//820 557//821 556//822 
usemtl Polygon_XSIPOLYCLS.boeing747_material2
f 561//823 560//824 563//825 
usemtl Polygon_XSIPOLYCLS.boeing747_material2
f 564//826 565//827 566//828 
usemtl Polygon_XSIPOLYCLS.boeing747_material2
f 567//829 568//830 569//831 
usemtl Polygon_XSIPOLYCLS.boeing747_material2
f 566//832 565//833 570//834 
usemtl Polygon_XSIPOLYCLS.boeing747_material2
f 571//835 572//836 573//837 
usemtl Polygon_XSIPOLYCLS.boeing747_material2
f 574//838 575//839 576//840 
usemtl Polygon_XSIPOLYCLS.boeing747_material2
f 577//841 575//842 574//843 
usemtl Polygon_XSIPOLYCLS.boeing747_material2
f 569//844 568//845 578//846 
usemtl Polygon_XSIPOLYCLS.boeing747_material2
f 579//847 580//848 581//849 
usemtl Polygon_XSIPOLYCLS.boeing747_material2
f 582//850 580//851 579//852 
usemtl Polygon_XSIPOLYCLS.boeing747_material2
f 583//853 584//854 585//855 
usemtl Polygon_XSIPOLYCLS.boeing747_material2
f 586//856 584//857 583//858 
usemtl Polygon_XSIPOLYCLS.boeing747_material2
f 587//859 588//860 589//861 
usemtl Polygon_XSIPOLYCLS.boeing747_material2
f 590//862 591//863 592//864 
usemtl Polygon_XSIPOLYCLS.boeing747_material2
f 593//865 594//866 595//867 
usemtl Polygon_XSIPOLYCLS.boeing747_material2
f 596//868 594//869 593//870 
usemtl Polygon_XSIPOLYCLS.boeing747_material2
f 573//871 572//872 597//873 
usemtl Polygon_XSIPOLYCLS.boeing747_material2
f 502//874 501//875 598//876 
usemtl Polygon_XSIPOLYCLS.boeing747_material2
f 599//877 600//878 601//879 
usemtl Polygon_XSIPOLYCLS.boeing747_material2
f 601//880 600//881 602//882 
usemtl Polygon_XSIPOLYCLS.boeing747_material2
f 603//883 604//884 605//885 
usemtl Polygon_XSIPOLYCLS.boeing747_material2
f 606//886 607//887 608//888 
usemtl Polygon_XSIPOLYCLS.boeing747_material2
f 609//889 604//890 603//891 
usemtl Polygon_XSIPOLYCLS.boeing747_material2
f 476//892 475//893 610//894 
usemtl Polygon_XSIPOLYCLS.boeing747_material2
f 592//895 591//896 611//897 
usemtl Polygon_XSIPOLYCLS.boeing747_material2
f 612//898 613//899 614//900 
usemtl Polygon_XSIPOLYCLS.boeing747_material2
f 615//901 613//902 612//903 
usemtl Polygon_XSIPOLYCLS.boeing747_material2
f 780//904 782//905 625//906 
usemtl Polygon_XSIPOLYCLS.boeing747_material2
f 616//907 210//908 209//909 
usemtl Polygon_XSIPOLYCLS.boeing747_material2
f 608//910 607//911 617//912 
usemtl scene_material
f 664//913 777//914 665//915 
usemtl Polygon_XSIPOLYCLS.boeing747_material2
f 620//916 621//917 622//918 
usemtl scene_material
f 665//919 778//920 666//921 
usemtl Polygon_XSIPOLYCLS.boeing747_material2
f 623//922 621//923 620//924 
usemtl Polygon_XSIPOLYCLS.boeing747_material2
f 776//925 775//926 774//927 
usemtl Polygon_XSIPOLYCLS.boeing747_material2
f 626//928 627//929 628//930 
usemtl Polygon_XSIPOLYCLS.boeing747_material2
f 629//931 630//932 631//933 
usemtl Polygon_XSIPOLYCLS.boeing747_material2
f 632//934 627//935 626//936 
usemtl Polygon_XSIPOLYCLS.boeing747_material2
f 633//937 529//938 528//939 
usemtl Polygon_XSIPOLYCLS.boeing747_material2
f 634//940 635//941 636//942 
usemtl Polygon_XSIPOLYCLS.boeing747_material2
f 636//943 635//944 637//945 
usemtl Polygon_XSIPOLYCLS.boeing747_material2
f 638//946 639//947 640//948 
usemtl Polygon_XSIPOLYCLS.boeing747_material2
f 641//949 642//950 643//951 
usemtl Polygon_XSIPOLYCLS.boeing747_material2
f 644//952 639//953 638//954 
usemtl Polygon_XSIPOLYCLS.boeing747_material2
f 643//955 642//956 645//957 
usemtl Polygon_XSIPOLYCLS.boeing747_material2
f 646//958 647//959 648//960 
usemtl Polygon_XSIPOLYCLS.boeing747_material2
f 649//961 650//962 651//963 
usemtl Polygon_XSIPOLYCLS.boeing747_material2
f 652//964 650//965 649//966 
usemtl Polygon_XSIPOLYCLS.boeing747_material2
f 648//967 647//968 653//969 
usemtl Polygon_XSIPOLYCLS.boeing747_material2
f 773//970 774//971 775//972 
usemtl Polygon_XSIPOLYCLS.boeing747_material2
f 771//973 770//974 772//975 
usemtl Polygon_XSIPOLYCLS.boeing747_material2
f 654//976 240//977 507//978 
usemtl Polygon_XSIPOLYCLS.boeing747_material2
f 769//979 770//980 771//981 
usemtl Polygon_XSIPOLYCLS.boeing747_material2
f 492//982 484//983 493//984 
usemtl Polygon_XSIPOLYCLS.boeing747_material2
f 656//985 630//986 629//987 
usemtl scene_material
f 434//988 445//989 446//990 
usemtl Polygon_XSIPOLYCLS.boeing747_material2
f 657//991 588//992 587//993 
usemtl Polygon_XSIPOLYCLS.boeing747_material2
f 658//994 460//995 459//996 
usemtl Polygon_XSIPOLYCLS.boeing747_material2
f 659//997 660//998 661//999 
usemtl Polygon_XSIPOLYCLS.boeing747_material2
f 662//1000 660//1001 659//1002 
usemtl scene_material
f 144//1003 249//1004 248//1005 
usemtl Polygon_XSIPOLYCLS.boeing747_material2
f 524//1006 523//1007 663//1008 
usemtl Polygon_XSIPOLYCLS.boeing747_material2
f 664//1009 666//1010 667//1011 
usemtl scene_material
f 145//1012 265//1013 142//1014 
usemtl scene_material
f 238//1015 508//1016 244//1017 
usemtl Polygon_XSIPOLYCLS.boeing747_material2
f 534//1018 533//1019 668//1020 
usemtl Polygon_XSIPOLYCLS.boeing747_material2
f 669//1021 670//1022 671//1023 
usemtl Polygon_XSIPOLYCLS.boeing747_material2
f 671//1024 670//1025 672//1026 
usemtl Polygon_XSIPOLYCLS.boeing747_material2
f 673//1027 674//1028 675//1029 
usemtl Polygon_XSIPOLYCLS.boeing747_material2
f 675//1030 674//1031 676//1032 
usemtl Polygon_XSIPOLYCLS.boeing747_material2
f 677//1033 678//1034 679//1035 
usemtl Polygon_XSIPOLYCLS.boeing747_material2
f 679//1036 678//1037 680//1038 
usemtl Polygon_XSIPOLYCLS.boeing747_material2
f 681//1039 682//1040 683//1041 
usemtl Polygon_XSIPOLYCLS.boeing747_material2
f 683//1042 682//1043 684//1044 
usemtl Polygon_XSIPOLYCLS.boeing747_material2
f 685//1045 686//1046 687//1047 
usemtl Polygon_XSIPOLYCLS.boeing747_material2
f 687//1048 686//1049 688//1050 
usemtl Polygon_XSIPOLYCLS.boeing747_material2
f 689//1051 690//1052 691//1053 
usemtl Polygon_XSIPOLYCLS.boeing747_material2
f 691//1054 690//1055 692//1056 
usemtl Polygon_XSIPOLYCLS.boeing747_material2
f 693//1057 694//1058 695//1059 
usemtl Polygon_XSIPOLYCLS.boeing747_material2
f 695//1060 694//1061 696//1062 
usemtl Polygon_XSIPOLYCLS.boeing747_material2
f 697//1063 698//1064 699//1065 
usemtl Polygon_XSIPOLYCLS.boeing747_material2
f 699//1066 698//1067 700//1068 
usemtl Polygon_XSIPOLYCLS.boeing747_material2
f 701//1069 702//1070 703//1071 
usemtl Polygon_XSIPOLYCLS.boeing747_material2
f 703//1072 702//1073 704//1074 
usemtl Polygon_XSIPOLYCLS.boeing747_material2
f 705//1075 706//1076 707//1077 
usemtl Polygon_XSIPOLYCLS.boeing747_material2
f 707//1078 706//1079 708//1080 
usemtl Polygon_XSIPOLYCLS.boeing747_material2
f 709//1081 710//1082 711//1083 
usemtl Polygon_XSIPOLYCLS.boeing747_material2
f 711//1084 710//1085 712//1086 
usemtl Polygon_XSIPOLYCLS.boeing747_material2
f 713//1087 714//1088 715//1089 
usemtl Polygon_XSIPOLYCLS.boeing747_material2
f 715//1090 714//1091 716//1092 
usemtl Polygon_XSIPOLYCLS.boeing747_material2
f 717//1093 718//1094 719//1095 
usemtl Polygon_XSIPOLYCLS.boeing747_material2
f 719//1096 718//1097 720//1098 
usemtl Polygon_XSIPOLYCLS.boeing747_material2
f 721//1099 722//1100 723//1101 
usemtl Polygon_XSIPOLYCLS.boeing747_material2
f 723//1102 722//1103 724//1104 
usemtl Polygon_XSIPOLYCLS.boeing747_material2
f 725//1105 726//1106 727//1107 
usemtl Polygon_XSIPOLYCLS.boeing747_material2
f 727//1108 726//1109 728//1110 
usemtl Polygon_XSIPOLYCLS.boeing747_material2
f 729//1111 730//1112 731//1113 
usemtl Polygon_XSIPOLYCLS.boeing747_material2
f 731//1114 730//1115 732//1116 
usemtl Polygon_XSIPOLYCLS.boeing747_material2
f 733//1117 734//1118 735//1119 
usemtl Polygon_XSIPOLYCLS.boeing747_material2
f 735//1120 734//1121 736//1122 
usemtl Polygon_XSIPOLYCLS.boeing747_material2
f 737//1123 738//1124 739//1125 
usemtl Polygon_XSIPOLYCLS.boeing747_material2
f 739//1126 738//1127 740//1128 
usemtl Polygon_XSIPOLYCLS.boeing747_material2
f 741//1129 742//1130 743//1131 
usemtl Polygon_XSIPOLYCLS.boeing747_material2
f 743//1132 742//1133 744//1134 
usemtl Polygon_XSIPOLYCLS.boeing747_material2
f 745//1135 746//1136 747//1137 
usemtl Polygon_XSIPOLYCLS.boeing747_material2
f 747//1138 746//1139 748//1140 
usemtl Polygon_XSIPOLYCLS.boeing747_material2
f 749//1141 750//1142 751//1143 
usemtl Polygon_XSIPOLYCLS.boeing747_material2
f 751//1144 750//1145 752//1146 
usemtl Polygon_XSIPOLYCLS.boeing747_material2
f 753//1147 754//1148 755//1149 
usemtl Polygon_XSIPOLYCLS.boeing747_material2
f 755//1150 754//1151 756//1152 
usemtl Polygon_XSIPOLYCLS.boeing747_material2
f 757//1153 758//1154 759//1155 
usemtl Polygon_XSIPOLYCLS.boeing747_material2
f 759//1156 758//1157 760//1158 
usemtl Polygon_XSIPOLYCLS.boeing747_material2
f 761//1159 762//1160 763//1161 
usemtl Polygon_XSIPOLYCLS.boeing747_material2
f 763//1162 762//1163 764//1164 
usemtl Polygon_XSIPOLYCLS.boeing747_material2
f 765//1165 766//1166 767//1167 
usemtl Polygon_XSIPOLYCLS.boeing747_material2
f 767//1168 766//1169 768//1170 
usemtl Polygon_XSIPOLYCLS.boeing747_material2
f 905//1171 910//1172 797//1173 
usemtl Polygon_XSIPOLYCLS.boeing747_material2
f 786//1174 787//1175 852//1176 
usemtl scene_material
f 788//1177 787//1178 786//1179 
usemtl scene_material
f 928//1180 941//1181 906//1182 
usemtl scene_material
f 794//1183 791//1184 790//1185 
usemtl scene_material
f 973//1186 810//1187 814//1188 
usemtl scene_material
f 797//1189 824//1190 833//1191 
usemtl Polygon_XSIPOLYCLS.boeing747_material2
f 800//1192 786//1193 852//1194 
usemtl scene_material
f 801//1195 786//1196 800//1197 
usemtl scene_material
f 803//1198 903//1199 783//1200 
usemtl scene_material
f 804//1201 790//1202 802//1203 
usemtl scene_material
f 973//1204 942//1205 810//1206 
usemtl scene_material
f 793//1207 834//1208 835//1209 
usemtl Polygon_XSIPOLYCLS.boeing747_material2
f 807//1210 800//1211 852//1212 
usemtl scene_material
f 808//1213 800//1214 807//1215 
usemtl scene_material
f 783//1216 792//1217 803//1218 
usemtl scene_material
f 811//1219 802//1220 809//1221 
usemtl scene_material
f 926//1222 810//1223 942//1224 
usemtl scene_material
f 862//1225 906//1226 847//1227 
usemtl scene_material
f 810//1228 926//1229 964//1230 
usemtl scene_material
f 815//1231 814//1232 810//1233 
usemtl scene_material
f 817//1234 815//1235 810//1236 
usemtl scene_material
f 793//1237 819//1238 833//1239 
usemtl scene_material
f 914//1240 833//1241 824//1242 
usemtl scene_material
f 874//1243 834//1244 846//1245 
usemtl scene_material
f 825//1246 813//1247 812//1248 
usemtl scene_material
f 827//1249 812//1250 816//1251 
usemtl scene_material
f 828//1252 816//1253 818//1254 
usemtl scene_material
f 829//1255 818//1256 820//1257 
usemtl scene_material
f 830//1258 820//1259 821//1260 
usemtl scene_material
f 831//1261 821//1262 822//1263 
usemtl scene_material
f 832//1264 822//1265 823//1266 
usemtl scene_material
f 826//1267 823//1268 813//1269 
usemtl scene_material
f 835//1270 851//1271 856//1272 
usemtl scene_material
f 836//1273 856//1274 857//1275 
usemtl scene_material
f 837//1276 857//1277 861//1278 
usemtl scene_material
f 838//1279 861//1280 871//1281 
usemtl scene_material
f 839//1282 871//1283 872//1284 
usemtl scene_material
f 840//1285 872//1286 876//1287 
usemtl scene_material
f 874//1288 840//1289 876//1290 
usemtl scene_material
f 947//1291 955//1292 948//1293 
usemtl scene_material
f 955//1294 947//1295 895//1296 
usemtl scene_material
f 955//1297 895//1298 898//1299 
usemtl scene_material
f 955//1300 898//1301 886//1302 
usemtl scene_material
f 955//1303 886//1304 894//1305 
usemtl scene_material
f 955//1306 894//1307 878//1308 
usemtl scene_material
f 955//1309 878//1310 885//1311 
usemtl scene_material
f 885//1312 948//1313 955//1314 
usemtl scene_material
f 976//1315 899//1316 959//1317 
usemtl scene_material
f 907//1318 977//1319 979//1320 
usemtl scene_material
f 911//1321 979//1322 981//1323 
usemtl scene_material
f 920//1324 981//1325 982//1326 
usemtl scene_material
f 927//1327 982//1328 980//1329 
usemtl Polygon_XSIPOLYCLS.boeing747_material2
f 848//1330 807//1331 852//1332 
usemtl scene_material
f 849//1333 807//1334 848//1335 
usemtl scene_material
f 945//1336 980//1337 978//1338 
usemtl scene_material
f 843//1339 809//1340 850//1341 
usemtl scene_material
f 957//1342 978//1343 975//1344 
usemtl scene_material
f 975//1345 959//1346 957//1347 
usemtl Polygon_XSIPOLYCLS.boeing747_material2
f 853//1348 848//1349 852//1350 
usemtl scene_material
f 854//1351 848//1352 853//1353 
usemtl scene_material
f 949//1354 965//1355 950//1356 
usemtl scene_material
f 841//1357 850//1358 855//1359 
usemtl scene_material
f 971//1360 949//1361 962//1362 
usemtl scene_material
f 970//1363 962//1364 960//1365 
usemtl Polygon_XSIPOLYCLS.boeing747_material2
f 858//1366 853//1367 852//1368 
usemtl scene_material
f 859//1369 853//1370 858//1371 
usemtl scene_material
f 969//1372 960//1373 958//1374 
usemtl scene_material
f 842//1375 855//1376 860//1377 
usemtl scene_material
f 968//1378 958//1379 956//1380 
usemtl scene_material
f 967//1381 956//1382 954//1383 
usemtl Polygon_XSIPOLYCLS.boeing747_material2
f 863//1384 858//1385 852//1386 
usemtl scene_material
f 845//1387 858//1388 863//1389 
usemtl scene_material
f 966//1390 954//1391 951//1392 
usemtl scene_material
f 844//1393 860//1394 864//1395 
usemtl scene_material
f 950//1396 966//1397 951//1398 
usemtl scene_material
f 789//1399 863//1400 787//1401 
usemtl scene_material
f 934//1402 916//1403 912//1404 
usemtl scene_material
f 795//1405 864//1406 791//1407 
usemtl scene_material
f 897//1408 900//1409 934//1410 
usemtl scene_material
f 901//1411 916//1412 934//1413 
usemtl scene_material
f 882//1414 934//1415 884//1416 
usemtl scene_material
f 799//1417 847//1418 784//1419 
usemtl scene_material
f 881//1420 934//1421 882//1422 
usemtl scene_material
f 953//1423 817//1424 810//1425 
usemtl scene_material
f 932//1426 889//1427 869//1428 
usemtl scene_material
f 942//1429 861//1430 857//1431 
usemtl Polygon_XSIPOLYCLS.boeing747_material2
f 787//1432 863//1433 852//1434 
usemtl scene_material
f 865//1435 867//1436 868//1437 
usemtl scene_material
f 867//1438 890//1439 868//1440 
usemtl scene_material
f 877//1441 867//1442 943//1443 
usemtl scene_material
f 888//1444 923//1445 921//1446 
usemtl scene_material
f 922//1447 917//1448 909//1449 
usemtl scene_material
f 879//1450 881//1451 882//1452 
usemtl scene_material
f 883//1453 882//1454 884//1455 
usemtl scene_material
f 865//1456 887//1457 866//1458 
usemtl scene_material
f 889//1459 891//1460 892//1461 
usemtl scene_material
f 896//1462 915//1463 865//1464 
usemtl scene_material
f 896//1465 868//1466 893//1467 
usemtl scene_material
f 879//1468 919//1469 880//1470 
usemtl scene_material
f 884//1471 934//1472 912//1473 
usemtl scene_material
f 883//1474 918//1475 879//1476 
usemtl scene_material
f 909//1477 919//1478 922//1479 
usemtl scene_material
f 901//1480 934//1481 900//1482 
usemtl scene_material
f 897//1483 934//1484 881//1485 
usemtl scene_material
f 887//1486 912//1487 916//1488 
usemtl scene_material
f 915//1489 884//1490 912//1491 
usemtl scene_material
f 888//1492 916//1493 901//1494 
usemtl scene_material
f 917//1495 901//1496 900//1497 
usemtl scene_material
f 889//1498 868//1499 890//1500 
usemtl scene_material
f 887//1501 921//1502 866//1503 
usemtl scene_material
f 875//1504 943//1505 946//1506 
usemtl scene_material
f 873//1507 946//1508 937//1509 
usemtl scene_material
f 870//1510 937//1511 931//1512 
usemtl scene_material
f 870//1513 932//1514 869//1515 
usemtl scene_material
f 824//1516 784//1517 914//1518 
usemtl scene_material
f 864//1519 859//1520 845//1521 
usemtl scene_material
f 854//1522 860//1523 855//1524 
usemtl scene_material
f 810//1525 964//1526 953//1527 
usemtl scene_material
f 849//1528 855//1529 850//1530 
usemtl scene_material
f 808//1531 850//1532 809//1533 
usemtl scene_material
f 791//1534 845//1535 789//1536 
usemtl Polygon_XSIPOLYCLS.boeing747_material2
f 929//1537 930//1538 938//1539 
usemtl scene_material
f 870//1540 930//1541 929//1542 
usemtl scene_material
f 826//1543 844//1544 832//1545 
usemtl scene_material
f 919//1546 932//1547 931//1548 
usemtl scene_material
f 832//1549 795//1550 831//1551 
usemtl scene_material
f 953//1552 851//1553 874//1554 
usemtl Polygon_XSIPOLYCLS.boeing747_material2
f 936//1555 929//1556 938//1557 
usemtl scene_material
f 873//1558 929//1559 936//1560 
usemtl scene_material
f 794//1561 831//1562 795//1563 
usemtl scene_material
f 922//1564 931//1565 937//1566 
usemtl scene_material
f 804//1567 830//1568 794//1569 
usemtl scene_material
f 811//1570 829//1571 804//1572 
usemtl Polygon_XSIPOLYCLS.boeing747_material2
f 939//1573 936//1574 938//1575 
usemtl scene_material
f 875//1576 936//1577 939//1578 
usemtl scene_material
f 828//1579 843//1580 827//1581 
usemtl scene_material
f 827//1582 841//1583 825//1584 
usemtl Polygon_XSIPOLYCLS.boeing747_material2
f 930//1585 892//1586 938//1587 
usemtl scene_material
f 869//1588 892//1589 930//1590 
usemtl scene_material
f 825//1591 842//1592 826//1593 
usemtl scene_material
f 918//1594 893//1595 932//1596 
usemtl scene_material
f 813//1597 823//1598 798//1599 
usemtl scene_material
f 798//1600 823//1601 822//1602 
usemtl scene_material
f 890//1603 940//1604 891//1605 
usemtl Polygon_XSIPOLYCLS.boeing747_material2
f 891//1606 940//1607 938//1608 
usemtl scene_material
f 820//1609 818//1610 798//1611 
usemtl scene_material
f 798//1612 818//1613 816//1614 
usemtl scene_material
f 866//1615 943//1616 867//1617 
usemtl scene_material
f 798//1618 816//1619 812//1620 
usemtl scene_material
f 925//1621 944//1622 940//1623 
usemtl Polygon_XSIPOLYCLS.boeing747_material2
f 940//1624 944//1625 938//1626 
usemtl scene_material
f 817//1627 874//1628 876//1629 
usemtl scene_material
f 813//1630 798//1631 812//1632 
usemtl scene_material
f 921//1633 946//1634 943//1635 
usemtl scene_material
f 801//1636 809//1637 802//1638 
usemtl scene_material
f 877//1639 939//1640 944//1641 
usemtl Polygon_XSIPOLYCLS.boeing747_material2
f 944//1642 939//1643 938//1644 
usemtl scene_material
f 814//1645 872//1646 871//1647 
usemtl scene_material
f 821//1648 820//1649 798//1650 
usemtl scene_material
f 923//1651 937//1652 946//1653 
usemtl scene_material
f 788//1654 802//1655 790//1656 
usemtl scene_material
f 798//1657 822//1658 821//1659 
usemtl scene_material
f 788//1660 791//1661 789//1662 
usemtl scene_material
f 784//1663 840//1664 846//1665 
usemtl scene_material
f 880//1666 897//1667 881//1668 
usemtl scene_material
f 806//1669 862//1670 799//1671 
usemtl Polygon_XSIPOLYCLS.boeing747_material2
f 905//1672 904//1673 806//1674 
usemtl scene_material
f 847//1675 839//1676 840//1677 
usemtl scene_material
f 904//1678 928//1679 862//1680 
usemtl Polygon_XSIPOLYCLS.boeing747_material2
f 905//1681 935//1682 904//1683 
usemtl scene_material
f 909//1684 900//1685 897//1686 
usemtl Polygon_XSIPOLYCLS.boeing747_material2
f 905//1687 806//1688 910//1689 
usemtl scene_material
f 906//1690 838//1691 839//1692 
usemtl scene_material
f 935//1693 903//1694 928//1695 
usemtl Polygon_XSIPOLYCLS.boeing747_material2
f 892//1696 891//1697 938//1698 
usemtl scene_material
f 947//1699 949//1700 950//1701 
usemtl Polygon_XSIPOLYCLS.boeing747_material2
f 905//1702 805//1703 935//1704 
usemtl scene_material
f 910//1705 799//1706 824//1707 
usemtl scene_material
f 941//1708 837//1709 838//1710 
usemtl scene_material
f 805//1711 783//1712 903//1713 
usemtl Polygon_XSIPOLYCLS.boeing747_material2
f 905//1714 785//1715 805//1716 
usemtl scene_material
f 803//1717 836//1718 837//1719 
usemtl scene_material
f 785//1720 819//1721 783//1722 
usemtl Polygon_XSIPOLYCLS.boeing747_material2
f 905//1723 796//1724 785//1725 
usemtl scene_material
f 914//1726 846//1727 834//1728 
usemtl scene_material
f 792//1729 835//1730 836//1731 
usemtl scene_material
f 796//1732 833//1733 819//1734 
usemtl Polygon_XSIPOLYCLS.boeing747_material2
f 905//1735 797//1736 796//1737 
usemtl scene_material
f 895//1738 950//1739 951//1740 
usemtl scene_material
f 948//1741 962//1742 949//1743 
usemtl scene_material
f 886//1744 954//1745 956//1746 
usemtl scene_material
f 878//1747 958//1748 960//1749 
usemtl scene_material
f 885//1750 960//1751 962//1752 
usemtl scene_material
f 894//1753 956//1754 958//1755 
usemtl scene_material
f 898//1756 951//1757 954//1758 
usemtl scene_material
f 959//1759 965//1760 972//1761 
usemtl scene_material
f 963//1762 977//1763 976//1764 
usemtl scene_material
f 926//1765 857//1766 856//1767 
usemtl scene_material
f 899//1768 966//1769 965//1770 
usemtl scene_material
f 902//1771 979//1772 977//1773 
usemtl Polygon_XSIPOLYCLS.boeing747_material2
f 974//1774 902//1775 963//1776 
usemtl Polygon_XSIPOLYCLS.boeing747_material2
f 908//1777 902//1778 974//1779 
usemtl scene_material
f 961//1780 976//1781 975//1782 
usemtl scene_material
f 908//1783 981//1784 979//1785 
usemtl scene_material
f 957//1786 972//1787 971//1788 
usemtl scene_material
f 907//1789 967//1790 966//1791 
usemtl Polygon_XSIPOLYCLS.boeing747_material2
f 913//1792 908//1793 974//1794 
usemtl Polygon_XSIPOLYCLS.boeing747_material2
f 924//1795 913//1796 974//1797 
usemtl scene_material
f 952//1798 975//1799 978//1800 
usemtl scene_material
f 815//1801 876//1802 872//1803 
usemtl scene_material
f 945//1804 971//1805 970//1806 
usemtl scene_material
f 911//1807 968//1808 967//1809 
usemtl Polygon_XSIPOLYCLS.boeing747_material2
f 933//1810 924//1811 974//1812 
usemtl Polygon_XSIPOLYCLS.boeing747_material2
f 952//1813 933//1814 974//1815 
usemtl scene_material
f 933//1816 978//1817 980//1818 
usemtl scene_material
f 913//1819 982//1820 981//1821 
usemtl scene_material
f 927//1822 970//1823 969//1824 
usemtl scene_material
f 973//1825 871//1826 861//1827 
usemtl Polygon_XSIPOLYCLS.boeing747_material2
f 961//1828 952//1829 974//1830 
usemtl Polygon_XSIPOLYCLS.boeing747_material2
f 963//1831 961//1832 974//1833 
usemtl scene_material
f 924//1834 980//1835 982//1836 
usemtl scene_material
f 964//1837 856//1838 851//1839 
usemtl scene_material
f 920//1840 969//1841 968//1842 
usemtl scene_material
f 1051//1843 1052//1844 1053//1845 
usemtl scene_material
f 1051//1846 1053//1847 1054//1848 
usemtl scene_material
f 1051//1849 1055//1850 1052//1851 
usemtl scene_material
f 1051//1852 1054//1853 1056//1854 
usemtl scene_material
f 1051//1855 1057//1856 1055//1857 
usemtl scene_material
f 1051//1858 1056//1859 1058//1860 
usemtl scene_material
f 1051//1861 1059//1862 1057//1863 
usemtl scene_material
f 1051//1864 1058//1865 1060//1866 
usemtl scene_material
f 1051//1867 1061//1868 1059//1869 
usemtl scene_material
f 1051//1870 1060//1871 1061//1872 
usemtl Polygon_XSIPOLYCLS.boeing747_material2
f 983//1873 988//1874 986//1875 
usemtl Polygon_XSIPOLYCLS.boeing747_material2
f 1044//1876 1038//1877 1035//1878 
usemtl Polygon_XSIPOLYCLS.boeing747_material2
f 985//1879 993//1880 984//1881 
usemtl Polygon_XSIPOLYCLS.boeing747_material2
f 988//1882 991//1883 989//1884 
usemtl Polygon_XSIPOLYCLS.boeing747_material2
f 1041//1885 1044//1886 1043//1887 
usemtl Polygon_XSIPOLYCLS.boeing747_material2
f 1036//1888 1034//1889 1037//1890 
usemtl Polygon_XSIPOLYCLS.boeing747_material2
f 1034//1891 1038//1892 1037//1893 
usemtl Polygon_XSIPOLYCLS.boeing747_material2
f 985//1894 991//1895 993//1896 
usemtl Polygon_XSIPOLYCLS.boeing747_material2
f 985//1897 989//1898 991//1899 
usemtl Polygon_XSIPOLYCLS.boeing747_material2
f 986//1900 989//1901 987//1902 
usemtl Polygon_XSIPOLYCLS.boeing747_material2
f 1036//1903 1043//1904 1034//1905 
usemtl Polygon_XSIPOLYCLS.boeing747_material2
f 1039//1906 1042//1907 1041//1908 
usemtl Polygon_XSIPOLYCLS.boeing747_material2
f 992//1909 984//1910 993//1911 
usemtl Polygon_XSIPOLYCLS.boeing747_material2
f 985//1912 987//1913 989//1914 
usemtl Polygon_XSIPOLYCLS.boeing747_material2
f 1036//1915 1041//1916 1043//1917 
usemtl Polygon_XSIPOLYCLS.boeing747_material2
f 1036//1918 1039//1919 1041//1920 
usemtl Polygon_XSIPOLYCLS.boeing747_material2
f 1037//1921 1040//1922 1039//1923 
usemtl Polygon_XSIPOLYCLS.boeing747_material2
f 985//1924 984//1925 987//1926 
usemtl Polygon_XSIPOLYCLS.boeing747_material2
f 990//1927 993//1928 991//1929 
usemtl Polygon_XSIPOLYCLS.boeing747_material2
f 1043//1930 1035//1931 1034//1932 
usemtl Polygon_XSIPOLYCLS.boeing747_material2
f 983//1933 987//1934 984//1935 
usemtl Polygon_XSIPOLYCLS.boeing747_material2
f 1036//1936 1037//1937 1039//1938 
usemtl Polygon_XSIPOLYCLS.boeing747_material2
f 998//1939 1004//1940 995//1941 
usemtl Polygon_XSIPOLYCLS.boeing747_material2
f 1017//1942 1025//1943 1022//1944 
usemtl Polygon_XSIPOLYCLS.boeing747_material2
f 996//1945 1003//1946 1001//1947 
usemtl Polygon_XSIPOLYCLS.boeing747_material2
f 1019//1948 1026//1949 1029//1950 
usemtl Polygon_XSIPOLYCLS.boeing747_material2
f 1028//1951 1032//1952 1029//1953 
usemtl Polygon_XSIPOLYCLS.boeing747_material2
f 997//1954 1000//1955 998//1956 
usemtl Polygon_XSIPOLYCLS.boeing747_material2
f 996//1957 1001//1958 999//1959 
usemtl Polygon_XSIPOLYCLS.boeing747_material2
f 1003//1960 995//1961 1004//1962 
usemtl Polygon_XSIPOLYCLS.boeing747_material2
f 1019//1963 1023//1964 1026//1965 
usemtl Polygon_XSIPOLYCLS.boeing747_material2
f 996//1966 999//1967 997//1968 
usemtl Polygon_XSIPOLYCLS.boeing747_material2
f 1025//1969 1029//1970 1026//1971 
usemtl Polygon_XSIPOLYCLS.boeing747_material2
f 1001//1972 1004//1973 1002//1974 
usemtl Polygon_XSIPOLYCLS.boeing747_material2
f 1019//1975 1032//1976 1018//1977 
usemtl Polygon_XSIPOLYCLS.boeing747_material2
f 996//1978 997//1979 994//1980 
usemtl Polygon_XSIPOLYCLS.boeing747_material2
f 1031//1981 1018//1982 1032//1983 
usemtl Polygon_XSIPOLYCLS.boeing747_material2
f 994//1984 998//1985 995//1986 
usemtl Polygon_XSIPOLYCLS.boeing747_material2
f 1019//1987 1018//1988 1023//1989 
usemtl Polygon_XSIPOLYCLS.boeing747_material2
f 1017//1990 1023//1991 1018//1992 
usemtl Polygon_XSIPOLYCLS.boeing747_material2
f 1019//1993 1029//1994 1032//1995 
usemtl Polygon_XSIPOLYCLS.boeing747_material2
f 996//1996 994//1997 1003//1998 
usemtl Polygon_XSIPOLYCLS.boeing747_material2
f 999//1999 1002//2000 1000//2001 
usemtl Polygon_XSIPOLYCLS.boeing747_material2
f 1022//2002 1026//2003 1023//2004 
usemtl scene_material
f 1005//2005 1007//2006 1006//2007 
usemtl scene_material
f 1021//2008 1024//2009 1027//2010 
usemtl scene_material
f 1021//2011 1020//2012 1024//2013 
usemtl scene_material
f 1021//2014 1033//2015 1020//2016 
usemtl scene_material
f 1021//2017 1030//2018 1033//2019 
usemtl scene_material
f 1005//2020 1006//2021 1010//2022 
usemtl scene_material
f 1005//2023 1010//2024 1009//2025 
usemtl scene_material
f 1021//2026 1027//2027 1030//2028 
usemtl scene_material
f 1005//2029 1009//2030 1008//2031 
usemtl scene_material
f 1005//2032 1008//2033 1007//2034 
usemtl scene_material
f 1012//2035 1016//2036 1011//2037 
usemtl scene_material
f 1045//2038 1050//2039 1046//2040 
usemtl scene_material
f 1012//2041 1015//2042 1016//2043 
usemtl scene_material
f 1045//2044 1049//2045 1050//2046 
usemtl scene_material
f 1012//2047 1014//2048 1015//2049 
usemtl scene_material
f 1045//2050 1048//2051 1049//2052 
usemtl scene_material
f 1012//2053 1013//2054 1014//2055 
usemtl scene_material
f 1045//2056 1047//2057 1048//2058 
usemtl scene_material
f 1012//2059 1011//2060 1013//2061 
usemtl scene_material
f 1045//2062 1046//2063 1047//2064 
usemtl Polygon_XSIPOLYCLS.boeing747_material2
f 1062//2065 1067//2066 1065//2067 
usemtl Polygon_XSIPOLYCLS.boeing747_material2
f 1123//2068 1117//2069 1114//2070 
usemtl Polygon_XSIPOLYCLS.boeing747_material2
f 1064//2071 1072//2072 1063//2073 
usemtl Polygon_XSIPOLYCLS.boeing747_material2
f 1067//2074 1070//2075 1068//2076 
usemtl Polygon_XSIPOLYCLS.boeing747_material2
f 1120//2077 1123//2078 1122//2079 
usemtl Polygon_XSIPOLYCLS.boeing747_material2
f 1115//2080 1113//2081 1116//2082 
usemtl Polygon_XSIPOLYCLS.boeing747_material2
f 1113//2083 1117//2084 1116//2085 
usemtl Polygon_XSIPOLYCLS.boeing747_material2
f 1064//2086 1070//2087 1072//2088 
usemtl Polygon_XSIPOLYCLS.boeing747_material2
f 1064//2089 1068//2090 1070//2091 
usemtl Polygon_XSIPOLYCLS.boeing747_material2
f 1065//2092 1068//2093 1066//2094 
usemtl Polygon_XSIPOLYCLS.boeing747_material2
f 1115//2095 1122//2096 1113//2097 
usemtl Polygon_XSIPOLYCLS.boeing747_material2
f 1118//2098 1121//2099 1120//2100 
usemtl Polygon_XSIPOLYCLS.boeing747_material2
f 1071//2101 1063//2102 1072//2103 
usemtl Polygon_XSIPOLYCLS.boeing747_material2
f 1064//2104 1066//2105 1068//2106 
usemtl Polygon_XSIPOLYCLS.boeing747_material2
f 1115//2107 1120//2108 1122//2109 
usemtl Polygon_XSIPOLYCLS.boeing747_material2
f 1115//2110 1118//2111 1120//2112 
usemtl Polygon_XSIPOLYCLS.boeing747_material2
f 1116//2113 1119//2114 1118//2115 
usemtl Polygon_XSIPOLYCLS.boeing747_material2
f 1064//2116 1063//2117 1066//2118 
usemtl Polygon_XSIPOLYCLS.boeing747_material2
f 1069//2119 1072//2120 1070//2121 
usemtl Polygon_XSIPOLYCLS.boeing747_material2
f 1122//2122 1114//2123 1113//2124 
usemtl Polygon_XSIPOLYCLS.boeing747_material2
f 1062//2125 1066//2126 1063//2127 
usemtl Polygon_XSIPOLYCLS.boeing747_material2
f 1115//2128 1116//2129 1118//2130 
usemtl Polygon_XSIPOLYCLS.boeing747_material2
f 1077//2131 1083//2132 1074//2133 
usemtl Polygon_XSIPOLYCLS.boeing747_material2
f 1096//2134 1104//2135 1101//2136 
usemtl Polygon_XSIPOLYCLS.boeing747_material2
f 1075//2137 1082//2138 1080//2139 
usemtl Polygon_XSIPOLYCLS.boeing747_material2
f 1098//2140 1105//2141 1108//2142 
usemtl Polygon_XSIPOLYCLS.boeing747_material2
f 1107//2143 1111//2144 1108//2145 
usemtl Polygon_XSIPOLYCLS.boeing747_material2
f 1076//2146 1079//2147 1077//2148 
usemtl Polygon_XSIPOLYCLS.boeing747_material2
f 1075//2149 1080//2150 1078//2151 
usemtl Polygon_XSIPOLYCLS.boeing747_material2
f 1082//2152 1074//2153 1083//2154 
usemtl Polygon_XSIPOLYCLS.boeing747_material2
f 1098//2155 1102//2156 1105//2157 
usemtl Polygon_XSIPOLYCLS.boeing747_material2
f 1075//2158 1078//2159 1076//2160 
usemtl Polygon_XSIPOLYCLS.boeing747_material2
f 1104//2161 1108//2162 1105//2163 
usemtl Polygon_XSIPOLYCLS.boeing747_material2
f 1080//2164 1083//2165 1081//2166 
usemtl Polygon_XSIPOLYCLS.boeing747_material2
f 1098//2167 1111//2168 1097//2169 
usemtl Polygon_XSIPOLYCLS.boeing747_material2
f 1075//2170 1076//2171 1073//2172 
usemtl Polygon_XSIPOLYCLS.boeing747_material2
f 1110//2173 1097//2174 1111//2175 
usemtl Polygon_XSIPOLYCLS.boeing747_material2
f 1073//2176 1077//2177 1074//2178 
usemtl Polygon_XSIPOLYCLS.boeing747_material2
f 1098//2179 1097//2180 1102//2181 
usemtl Polygon_XSIPOLYCLS.boeing747_material2
f 1096//2182 1102//2183 1097//2184 
usemtl Polygon_XSIPOLYCLS.boeing747_material2
f 1098//2185 1108//2186 1111//2187 
usemtl Polygon_XSIPOLYCLS.boeing747_material2
f 1075//2188 1073//2189 1082//2190 
usemtl Polygon_XSIPOLYCLS.boeing747_material2
f 1078//2191 1081//2192 1079//2193 
usemtl Polygon_XSIPOLYCLS.boeing747_material2
f 1101//2194 1105//2195 1102//2196 
usemtl scene_material
f 1084//2197 1086//2198 1085//2199 
usemtl scene_material
f 1100//2200 1103//2201 1106//2202 
usemtl scene_material
f 1100//2203 1099//2204 1103//2205 
usemtl scene_material
f 1100//2206 1112//2207 1099//2208 
usemtl scene_material
f 1100//2209 1109//2210 1112//2211 
usemtl scene_material
f 1084//2212 1085//2213 1089//2214 
usemtl scene_material
f 1084//2215 1089//2216 1088//2217 
usemtl scene_material
f 1100//2218 1106//2219 1109//2220 
usemtl scene_material
f 1084//2221 1088//2222 1087//2223 
usemtl scene_material
f 1084//2224 1087//2225 1086//2226 
usemtl scene_material
f 1091//2227 1095//2228 1090//2229 
usemtl scene_material
f 1124//2230 1129//2231 1125//2232 
usemtl scene_material
f 1091//2233 1094//2234 1095//2235 
usemtl scene_material
f 1124//2236 1128//2237 1129//2238 
usemtl scene_material
f 1091//2239 1093//2240 1094//2241 
usemtl scene_material
f 1124//2242 1127//2243 1128//2244 
usemtl scene_material
f 1091//2245 1092//2246 1093//2247 
usemtl scene_material
f 1124//2248 1126//2249 1127//2250 
usemtl scene_material
f 1091//2251 1090//2252 1092//2253 
usemtl scene_material
f 1124//2254 1125//2255 1126//2256 
usemtl Polygon_XSIPOLYCLS.boeing747_material2
f 1130//2257 1135//2258 1133//2259 
usemtl Polygon_XSIPOLYCLS.boeing747_material2
f 1191//2260 1185//2261 1182//2262 
usemtl Polygon_XSIPOLYCLS.boeing747_material2
f 1132//2263 1140//2264 1131//2265 
usemtl Polygon_XSIPOLYCLS.boeing747_material2
f 1135//2266 1138//2267 1136//2268 
usemtl Polygon_XSIPOLYCLS.boeing747_material2
f 1188//2269 1191//2270 1190//2271 
usemtl Polygon_XSIPOLYCLS.boeing747_material2
f 1183//2272 1181//2273 1184//2274 
usemtl Polygon_XSIPOLYCLS.boeing747_material2
f 1181//2275 1185//2276 1184//2277 
usemtl Polygon_XSIPOLYCLS.boeing747_material2
f 1132//2278 1138//2279 1140//2280 
usemtl Polygon_XSIPOLYCLS.boeing747_material2
f 1132//2281 1136//2282 1138//2283 
usemtl Polygon_XSIPOLYCLS.boeing747_material2
f 1133//2284 1136//2285 1134//2286 
usemtl Polygon_XSIPOLYCLS.boeing747_material2
f 1183//2287 1190//2288 1181//2289 
usemtl Polygon_XSIPOLYCLS.boeing747_material2
f 1186//2290 1189//2291 1188//2292 
usemtl Polygon_XSIPOLYCLS.boeing747_material2
f 1139//2293 1131//2294 1140//2295 
usemtl Polygon_XSIPOLYCLS.boeing747_material2
f 1132//2296 1134//2297 1136//2298 
usemtl Polygon_XSIPOLYCLS.boeing747_material2
f 1183//2299 1188//2300 1190//2301 
usemtl Polygon_XSIPOLYCLS.boeing747_material2
f 1183//2302 1186//2303 1188//2304 
usemtl Polygon_XSIPOLYCLS.boeing747_material2
f 1184//2305 1187//2306 1186//2307 
usemtl Polygon_XSIPOLYCLS.boeing747_material2
f 1132//2308 1131//2309 1134//2310 
usemtl Polygon_XSIPOLYCLS.boeing747_material2
f 1137//2311 1140//2312 1138//2313 
usemtl Polygon_XSIPOLYCLS.boeing747_material2
f 1190//2314 1182//2315 1181//2316 
usemtl Polygon_XSIPOLYCLS.boeing747_material2
f 1130//2317 1134//2318 1131//2319 
usemtl Polygon_XSIPOLYCLS.boeing747_material2
f 1183//2320 1184//2321 1186//2322 
usemtl Polygon_XSIPOLYCLS.boeing747_material2
f 1145//2323 1151//2324 1142//2325 
usemtl Polygon_XSIPOLYCLS.boeing747_material2
f 1164//2326 1172//2327 1169//2328 
usemtl Polygon_XSIPOLYCLS.boeing747_material2
f 1143//2329 1150//2330 1148//2331 
usemtl Polygon_XSIPOLYCLS.boeing747_material2
f 1166//2332 1173//2333 1176//2334 
usemtl Polygon_XSIPOLYCLS.boeing747_material2
f 1175//2335 1179//2336 1176//2337 
usemtl Polygon_XSIPOLYCLS.boeing747_material2
f 1144//2338 1147//2339 1145//2340 
usemtl Polygon_XSIPOLYCLS.boeing747_material2
f 1143//2341 1148//2342 1146//2343 
usemtl Polygon_XSIPOLYCLS.boeing747_material2
f 1150//2344 1142//2345 1151//2346 
usemtl Polygon_XSIPOLYCLS.boeing747_material2
f 1166//2347 1170//2348 1173//2349 
usemtl Polygon_XSIPOLYCLS.boeing747_material2
f 1143//2350 1146//2351 1144//2352 
usemtl Polygon_XSIPOLYCLS.boeing747_material2
f 1172//2353 1176//2354 1173//2355 
usemtl Polygon_XSIPOLYCLS.boeing747_material2
f 1148//2356 1151//2357 1149//2358 
usemtl Polygon_XSIPOLYCLS.boeing747_material2
f 1166//2359 1179//2360 1165//2361 
usemtl Polygon_XSIPOLYCLS.boeing747_material2
f 1143//2362 1144//2363 1141//2364 
usemtl Polygon_XSIPOLYCLS.boeing747_material2
f 1178//2365 1165//2366 1179//2367 
usemtl Polygon_XSIPOLYCLS.boeing747_material2
f 1141//2368 1145//2369 1142//2370 
usemtl Polygon_XSIPOLYCLS.boeing747_material2
f 1166//2371 1165//2372 1170//2373 
usemtl Polygon_XSIPOLYCLS.boeing747_material2
f 1164//2374 1170//2375 1165//2376 
usemtl Polygon_XSIPOLYCLS.boeing747_material2
f 1166//2377 1176//2378 1179//2379 
usemtl Polygon_XSIPOLYCLS.boeing747_material2
f 1143//2380 1141//2381 1150//2382 
usemtl Polygon_XSIPOLYCLS.boeing747_material2
f 1146//2383 1149//2384 1147//2385 
usemtl Polygon_XSIPOLYCLS.boeing747_material2
f 1169//2386 1173//2387 1170//2388 
usemtl scene_material
f 1152//2389 1154//2390 1153//2391 
usemtl scene_material
f 1168//2392 1171//2393 1174//2394 
usemtl scene_material
f 1168//2395 1167//2396 1171//2397 
usemtl scene_material
f 1168//2398 1180//2399 1167//2400 
usemtl scene_material
f 1168//2401 1177//2402 1180//2403 
usemtl scene_material
f 1152//2404 1153//2405 1157//2406 
usemtl scene_material
f 1152//2407 1157//2408 1156//2409 
usemtl scene_material
f 1168//2410 1174//2411 1177//2412 
usemtl scene_material
f 1152//2413 1156//2414 1155//2415 
usemtl scene_material
f 1152//2416 1155//2417 1154//2418 
usemtl scene_material
f 1159//2419 1163//2420 1158//2421 
usemtl scene_material
f 1192//2422 1197//2423 1193//2424 
usemtl scene_material
f 1159//2425 1162//2426 1163//2427 
usemtl scene_material
f 1192//2428 1196//2429 1197//2430 
usemtl scene_material
f 1159//2431 1161//2432 1162//2433 
usemtl scene_material
f 1192//2434 1195//2435 1196//2436 
usemtl scene_material
f 1159//2437 1160//2438 1161//2439 
usemtl scene_material
f 1192//2440 1194//2441 1195//2442 
usemtl scene_material
f 1159//2443 1158//2444 1160//2445 
usemtl scene_material
f 1192//2446 1193//2447 1194//2448 
usemtl Polygon_XSIPOLYCLS.boeing747_material2
f 1198//2449 1203//2450 1201//2451 
usemtl Polygon_XSIPOLYCLS.boeing747_material2
f 1259//2452 1253//2453 1250//2454 
usemtl Polygon_XSIPOLYCLS.boeing747_material2
f 1200//2455 1208//2456 1199//2457 
usemtl Polygon_XSIPOLYCLS.boeing747_material2
f 1203//2458 1206//2459 1204//2460 
usemtl Polygon_XSIPOLYCLS.boeing747_material2
f 1256//2461 1259//2462 1258//2463 
usemtl Polygon_XSIPOLYCLS.boeing747_material2
f 1251//2464 1249//2465 1252//2466 
usemtl Polygon_XSIPOLYCLS.boeing747_material2
f 1249//2467 1253//2468 1252//2469 
usemtl Polygon_XSIPOLYCLS.boeing747_material2
f 1200//2470 1206//2471 1208//2472 
usemtl Polygon_XSIPOLYCLS.boeing747_material2
f 1200//2473 1204//2474 1206//2475 
usemtl Polygon_XSIPOLYCLS.boeing747_material2
f 1201//2476 1204//2477 1202//2478 
usemtl Polygon_XSIPOLYCLS.boeing747_material2
f 1251//2479 1258//2480 1249//2481 
usemtl Polygon_XSIPOLYCLS.boeing747_material2
f 1254//2482 1257//2483 1256//2484 
usemtl Polygon_XSIPOLYCLS.boeing747_material2
f 1207//2485 1199//2486 1208//2487 
usemtl Polygon_XSIPOLYCLS.boeing747_material2
f 1200//2488 1202//2489 1204//2490 
usemtl Polygon_XSIPOLYCLS.boeing747_material2
f 1251//2491 1256//2492 1258//2493 
usemtl Polygon_XSIPOLYCLS.boeing747_material2
f 1251//2494 1254//2495 1256//2496 
usemtl Polygon_XSIPOLYCLS.boeing747_material2
f 1252//2497 1255//2498 1254//2499 
usemtl Polygon_XSIPOLYCLS.boeing747_material2
f 1200//2500 1199//2501 1202//2502 
usemtl Polygon_XSIPOLYCLS.boeing747_material2
f 1205//2503 1208//2504 1206//2505 
usemtl Polygon_XSIPOLYCLS.boeing747_material2
f 1258//2506 1250//2507 1249//2508 
usemtl Polygon_XSIPOLYCLS.boeing747_material2
f 1198//2509 1202//2510 1199//2511 
usemtl Polygon_XSIPOLYCLS.boeing747_material2
f 1251//2512 1252//2513 1254//2514 
usemtl Polygon_XSIPOLYCLS.boeing747_material2
f 1213//2515 1219//2516 1210//2517 
usemtl Polygon_XSIPOLYCLS.boeing747_material2
f 1232//2518 1240//2519 1237//2520 
usemtl Polygon_XSIPOLYCLS.boeing747_material2
f 1211//2521 1218//2522 1216//2523 
usemtl Polygon_XSIPOLYCLS.boeing747_material2
f 1234//2524 1241//2525 1244//2526 
usemtl Polygon_XSIPOLYCLS.boeing747_material2
f 1243//2527 1247//2528 1244//2529 
usemtl Polygon_XSIPOLYCLS.boeing747_material2
f 1212//2530 1215//2531 1213//2532 
usemtl Polygon_XSIPOLYCLS.boeing747_material2
f 1211//2533 1216//2534 1214//2535 
usemtl Polygon_XSIPOLYCLS.boeing747_material2
f 1218//2536 1210//2537 1219//2538 
usemtl Polygon_XSIPOLYCLS.boeing747_material2
f 1234//2539 1238//2540 1241//2541 
usemtl Polygon_XSIPOLYCLS.boeing747_material2
f 1211//2542 1214//2543 1212//2544 
usemtl Polygon_XSIPOLYCLS.boeing747_material2
f 1240//2545 1244//2546 1241//2547 
usemtl Polygon_XSIPOLYCLS.boeing747_material2
f 1216//2548 1219//2549 1217//2550 
usemtl Polygon_XSIPOLYCLS.boeing747_material2
f 1234//2551 1247//2552 1233//2553 
usemtl Polygon_XSIPOLYCLS.boeing747_material2
f 1211//2554 1212//2555 1209//2556 
usemtl Polygon_XSIPOLYCLS.boeing747_material2
f 1246//2557 1233//2558 1247//2559 
usemtl Polygon_XSIPOLYCLS.boeing747_material2
f 1209//2560 1213//2561 1210//2562 
usemtl Polygon_XSIPOLYCLS.boeing747_material2
f 1234//2563 1233//2564 1238//2565 
usemtl Polygon_XSIPOLYCLS.boeing747_material2
f 1232//2566 1238//2567 1233//2568 
usemtl Polygon_XSIPOLYCLS.boeing747_material2
f 1234//2569 1244//2570 1247//2571 
usemtl Polygon_XSIPOLYCLS.boeing747_material2
f 1211//2572 1209//2573 1218//2574 
usemtl Polygon_XSIPOLYCLS.boeing747_material2
f 1214//2575 1217//2576 1215//2577 
usemtl Polygon_XSIPOLYCLS.boeing747_material2
f 1237//2578 1241//2579 1238//2580 
usemtl scene_material
f 1220//2581 1222//2582 1221//2583 
usemtl scene_material
f 1236//2584 1239//2585 1242//2586 
usemtl scene_material
f 1236//2587 1235//2588 1239//2589 
usemtl scene_material
f 1236//2590 1248//2591 1235//2592 
usemtl scene_material
f 1236//2593 1245//2594 1248//2595 
usemtl scene_material
f 1220//2596 1221//2597 1225//2598 
usemtl scene_material
f 1220//2599 1225//2600 1224//2601 
usemtl scene_material
f 1236//2602 1242//2603 1245//2604 
usemtl scene_material
f 1220//2605 1224//2606 1223//2607 
usemtl scene_material
f 1220//2608 1223//2609 1222//2610 
usemtl scene_material
f 1227//2611 1231//2612 1226//2613 
usemtl scene_material
f 1260//2614 1265//2615 1261//2616 
usemtl scene_material
f 1227//2617 1230//2618 1231//2619 
usemtl scene_material
f 1260//2620 1264//2621 1265//2622 
usemtl scene_material
f 1227//2623 1229//2624 1230//2625 
usemtl scene_material
f 1260//2626 1263//2627 1264//2628 
usemtl scene_material
f 1227//2629 1228//2630 1229//2631 
usemtl scene_material
f 1260//2632 1262//2633 1263//2634 
usemtl scene_material
f 1227//2635 1226//2636 1228//2637 
usemtl scene_material
f 1260//2638 1261//2639 1262//2640 
usemtl Polygon_XSIPOLYCLS.boeing747_material2
f 1266//2641 1271//2642 1269//2643 
usemtl Polygon_XSIPOLYCLS.boeing747_material2
f 1293//2644 1287//2645 1284//2646 
usemtl Polygon_XSIPOLYCLS.boeing747_material2
f 1268//2647 1276//2648 1267//2649 
usemtl Polygon_XSIPOLYCLS.boeing747_material2
f 1271//2650 1274//2651 1272//2652 
usemtl Polygon_XSIPOLYCLS.boeing747_material2
f 1290//2653 1293//2654 1292//2655 
usemtl Polygon_XSIPOLYCLS.boeing747_material2
f 1285//2656 1283//2657 1286//2658 
usemtl Polygon_XSIPOLYCLS.boeing747_material2
f 1283//2659 1287//2660 1286//2661 
usemtl Polygon_XSIPOLYCLS.boeing747_material2
f 1268//2662 1274//2663 1276//2664 
usemtl Polygon_XSIPOLYCLS.boeing747_material2
f 1268//2665 1272//2666 1274//2667 
usemtl Polygon_XSIPOLYCLS.boeing747_material2
f 1269//2668 1272//2669 1270//2670 
usemtl Polygon_XSIPOLYCLS.boeing747_material2
f 1285//2671 1292//2672 1283//2673 
usemtl Polygon_XSIPOLYCLS.boeing747_material2
f 1288//2674 1291//2675 1290//2676 
usemtl Polygon_XSIPOLYCLS.boeing747_material2
f 1275//2677 1267//2678 1276//2679 
usemtl Polygon_XSIPOLYCLS.boeing747_material2
f 1268//2680 1270//2681 1272//2682 
usemtl Polygon_XSIPOLYCLS.boeing747_material2
f 1285//2683 1290//2684 1292//2685 
usemtl Polygon_XSIPOLYCLS.boeing747_material2
f 1285//2686 1288//2687 1290//2688 
usemtl Polygon_XSIPOLYCLS.boeing747_material2
f 1286//2689 1289//2690 1288//2691 
usemtl Polygon_XSIPOLYCLS.boeing747_material2
f 1268//2692 1267//2693 1270//2694 
usemtl Polygon_XSIPOLYCLS.boeing747_material2
f 1273//2695 1276//2696 1274//2697 
usemtl Polygon_XSIPOLYCLS.boeing747_material2
f 1292//2698 1284//2699 1283//2700 
usemtl Polygon_XSIPOLYCLS.boeing747_material2
f 1266//2701 1270//2702 1267//2703 
usemtl Polygon_XSIPOLYCLS.boeing747_material2
f 1285//2704 1286//2705 1288//2706 
usemtl scene_material
f 1278//2707 1282//2708 1277//2709 
usemtl scene_material
f 1294//2710 1299//2711 1295//2712 
usemtl scene_material
f 1278//2713 1281//2714 1282//2715 
usemtl scene_material
f 1294//2716 1298//2717 1299//2718 
usemtl scene_material
f 1278//2719 1280//2720 1281//2721 
usemtl scene_material
f 1294//2722 1297//2723 1298//2724 
usemtl scene_material
f 1278//2725 1279//2726 1280//2727 
usemtl scene_material
f 1294//2728 1296//2729 1297//2730 
usemtl scene_material
f 1278//2731 1277//2732 1279//2733 
usemtl scene_material
f 1294//2734 1295//2735 1296//2736 
usemtl scene_material
f 1523//2737 1344//2738 1343//2739 
usemtl scene_material
f 1557//2740 1351//2741 1350//2742 
usemtl scene_material
f 1350//2743 1349//2744 1348//2745 
usemtl scene_material
f 1347//2746 1351//2747 1557//2748 
usemtl scene_material
f 1351//2749 1347//2750 1349//2751 
usemtl scene_material
f 1340//2752 1328//2753 1325//2754 
usemtl scene_material
f 1556//2755 1554//2756 1552//2757 
usemtl scene_material
f 1596//2758 1523//2759 1539//2760 
usemtl scene_material
f 1437//2761 1408//2762 1386//2763 
usemtl scene_material
f 1323//2764 1322//2765 1400//2766 
usemtl scene_material
f 1324//2767 1330//2768 1328//2769 
usemtl scene_material
f 1344//2770 1596//2771 1539//2772 
usemtl scene_material
f 1343//2773 1539//2774 1523//2775 
usemtl scene_material
f 1385//2776 1332//2777 1336//2778 
usemtl scene_material
f 1342//2779 1326//2780 1340//2781 
usemtl scene_material
f 1336//2782 1394//2783 1385//2784 
usemtl scene_material
f 1400//2785 1333//2786 1323//2787 
usemtl scene_material
f 1394//2788 1322//2789 1323//2790 
usemtl scene_material
f 1340//2791 1324//2792 1328//2793 1341//2794 
usemtl scene_material
f 1358//2795 1359//2796 1353//2797 
usemtl scene_material
f 1325//2798 1328//2799 1330//2800 
usemtl scene_material
f 1355//2801 1352//2802 1353//2803 
usemtl scene_material
f 1332//2804 1333//2805 1336//2806 
usemtl scene_material
f 1364//2807 1361//2808 1363//2809 
usemtl scene_material
f 1340//2810 1341//2811 1342//2812 
usemtl scene_material
f 1343//2813 1344//2814 1345//2815 
usemtl scene_material
f 1349//2816 1347//2817 1348//2818 
usemtl scene_material
f 1349//2819 1350//2820 1351//2821 
usemtl scene_material
f 1313//2822 1320//2823 1384//2824 
usemtl scene_material
f 1410//2825 1449//2826 1381//2827 
usemtl scene_material
f 1599//2828 1494//2829 1580//2830 
usemtl scene_material
f 1590//2831 1477//2832 1589//2833 
usemtl scene_material
f 1319//2834 1591//2835 1307//2836 
usemtl scene_material
f 1580//2837 1590//2838 1599//2839 
usemtl scene_material
f 1551//2840 1424//2841 1474//2842 
usemtl scene_material
f 1459//2843 1510//2844 1519//2845 
usemtl scene_material
f 1408//2846 1467//2847 1432//2848 
usemtl scene_material
f 1445//2849 1444//2850 1365//2851 
usemtl scene_material
f 1460//2852 1436//2853 1456//2854 
usemtl scene_material
f 1437//2855 1467//2856 1408//2857 
usemtl scene_material
f 1560//2858 1603//2859 1525//2860 
usemtl scene_material
f 1512//2861 1418//2862 1524//2863 
usemtl scene_material
f 1419//2864 1423//2865 1425//2866 
usemtl scene_material
f 1414//2867 1442//2868 1451//2869 
usemtl scene_material
f 1480//2870 1420//2871 1512//2872 
usemtl scene_material
f 1316//2873 1488//2874 1440//2875 
usemtl scene_material
f 1307//2876 1496//2877 1319//2878 
usemtl Polygon_XSIPOLYCLS.boeing747_material2
f 1488//2879 1498//2880 1440//2881 
usemtl scene_material
f 1601//2882 1304//2883 1602//2884 
usemtl scene_material
f 1425//2885 1423//2886 1422//2887 
usemtl scene_material
f 1471//2888 1524//2889 1535//2890 
usemtl scene_material
f 1487//2891 1486//2892 1489//2893 
usemtl scene_material
f 1561//2894 1436//2895 1562//2896 
usemtl scene_material
f 1356//2897 1303//2898 1318//2899 
usemtl scene_material
f 1554//2900 1427//2901 1552//2902 
usemtl scene_material
f 1410//2903 1384//2904 1320//2905 
usemtl scene_material
f 1360//2906 1306//2907 1305//2908 
usemtl scene_material
f 1520//2909 1535//2910 1600//2911 
usemtl scene_material
f 1465//2912 1501//2913 1306//2914 
usemtl Polygon_XSIPOLYCLS.boeing747_material2
f 1485//2915 1498//2916 1426//2917 
usemtl scene_material
f 1314//2918 1593//2919 1304//2920 
usemtl scene_material
f 1372//2921 1412//2922 1451//2923 
usemtl scene_material
f 1574//2924 1420//2925 1421//2926 
usemtl scene_material
f 1300//2927 1354//2928 1520//2929 
usemtl scene_material
f 1472//2930 1310//2931 1372//2932 
usemtl scene_material
f 1583//2933 1418//2934 1420//2935 
usemtl scene_material
f 1474//2936 1421//2937 1480//2938 
usemtl scene_material
f 1594//2939 1462//2940 1428//2941 
usemtl scene_material
f 1379//2942 1428//2943 1572//2944 
usemtl scene_material
f 1424//2945 1346//2946 1518//2947 
usemtl scene_material
f 1603//2948 1520//2949 1600//2950 
usemtl scene_material
f 1397//2951 1404//2952 1396//2953 
usemtl scene_material
f 1518//2954 1421//2955 1424//2956 
usemtl scene_material
f 1544//2957 1300//2958 1434//2959 
usemtl scene_material
f 1346//2960 1492//2961 1518//2962 
usemtl scene_material
f 1454//2963 1583//2964 1492//2965 
usemtl scene_material
f 1583//2966 1574//2967 1492//2968 
usemtl scene_material
f 1574//2969 1518//2970 1492//2971 
usemtl scene_material
f 1389//2972 1367//2973 1402//2974 
usemtl scene_material
f 1442//2975 1458//2976 1451//2977 
usemtl scene_material
f 1503//2978 1505//2979 1497//2980 
usemtl scene_material
f 1561//2981 1590//2982 1589//2983 
usemtl scene_material
f 1572//2984 1428//2985 1462//2986 
usemtl scene_material
f 1530//2987 1603//2988 1600//2989 
usemtl scene_material
f 1334//2990 1554//2991 1327//2992 
usemtl scene_material
f 1545//2993 1542//2994 1411//2995 
usemtl scene_material
f 1318//2996 1303//2997 1579//2998 
usemtl scene_material
f 1360//2999 1303//3000 1429//3001 
usemtl scene_material
f 1470//3002 1567//3003 1591//3004 
usemtl scene_material
f 1459//3005 1457//3006 1455//3007 
usemtl scene_material
f 1503//3008 1547//3009 1543//3010 
usemtl scene_material
f 1531//3011 1586//3012 1584//3013 
usemtl scene_material
f 1377//3014 1374//3015 1406//3016 
usemtl scene_material
f 1313//3017 1381//3018 1449//3019 
usemtl Polygon_XSIPOLYCLS.boeing747_material2
f 1488//3020 1426//3021 1498//3022 
usemtl Polygon_XSIPOLYCLS.boeing747_material2
f 1498//3023 1482//3024 1465//3025 
usemtl scene_material
f 1588//3026 1577//3027 1578//3028 
usemtl scene_material
f 1578//3029 1589//3030 1588//3031 
usemtl scene_material
f 1321//3032 1515//3033 1398//3034 
usemtl scene_material
f 1512//3035 1495//3036 1514//3037 
usemtl scene_material
f 1480//3038 1514//3039 1477//3040 
usemtl scene_material
f 1347//3041 1557//3042 1350//3043 
usemtl scene_material
f 1316//3044 1356//3045 1318//3046 
usemtl Polygon_XSIPOLYCLS.boeing747_material2
f 1498//3047 1465//3048 1360//3049 
usemtl scene_material
f 1492//3050 1312//3051 1582//3052 
usemtl scene_material
f 1575//3053 1569//3054 1452//3055 
usemtl Polygon_XSIPOLYCLS.boeing747_material2
f 1498//3056 1429//3057 1356//3058 
usemtl scene_material
f 1522//3059 1559//3060 1538//3061 
usemtl scene_material
f 1313//3062 1384//3063 1382//3064 
usemtl scene_material
f 1305//3065 1373//3066 1307//3067 
usemtl scene_material
f 1306//3068 1577//3069 1373//3070 
usemtl scene_material
f 1311//3071 1573//3072 1531//3073 
usemtl scene_material
f 1492//3074 1582//3075 1581//3076 
usemtl scene_material
f 1492//3077 1581//3078 1454//3079 
usemtl scene_material
f 1377//3080 1337//3081 1376//3082 
usemtl scene_material
f 1443//3083 1449//3084 1410//3085 
usemtl scene_material
f 1477//3086 1474//3087 1480//3088 
usemtl scene_material
f 1451//3089 1412//3090 1414//3091 
usemtl scene_material
f 1439//3092 1387//3093 1368//3094 
usemtl scene_material
f 1551//3095 1559//3096 1553//3097 
usemtl scene_material
f 1603//3098 1553//3099 1300//3100 
usemtl scene_material
f 1495//3101 1496//3102 1587//3103 
usemtl scene_material
f 1471//3104 1319//3105 1496//3106 
usemtl scene_material
f 1410//3107 1320//3108 1443//3109 
usemtl scene_material
f 1556//3110 1334//3111 1327//3112 
usemtl scene_material
f 1504//3113 1426//3114 1436//3115 
usemtl scene_material
f 1539//3116 1343//3117 1345//3118 
usemtl scene_material
f 1456//3119 1426//3120 1488//3121 
usemtl scene_material
f 1504//3122 1484//3123 1485//3124 
usemtl scene_material
f 1559//3125 1477//3126 1538//3127 
usemtl scene_material
f 1491//3128 1605//3129 1407//3130 
usemtl scene_material
f 1536//3131 1401//3132 1338//3133 
usemtl scene_material
f 1576//3134 1538//3135 1477//3136 
usemtl scene_material
f 1359//3137 1357//3138 1352//3139 
usemtl scene_material
f 1541//3140 1399//3141 1370//3142 
usemtl scene_material
f 1338//3143 1563//3144 1558//3145 
usemtl scene_material
f 1600//3146 1548//3147 1530//3148 
usemtl scene_material
f 1548//3149 1524//3150 1418//3151 
usemtl scene_material
f 1562//3152 1532//3153 1567//3154 
usemtl Polygon_XSIPOLYCLS.boeing747_material2
f 1440//3155 1498//3156 1356//3157 
usemtl scene_material
f 1312//3158 1492//3159 1346//3160 
usemtl scene_material
f 1562//3161 1599//3162 1590//3163 
usemtl scene_material
f 1303//3164 1567//3165 1528//3166 
usemtl scene_material
f 1591//3167 1305//3168 1307//3169 
usemtl scene_material
f 1534//3170 1483//3171 1490//3172 
usemtl scene_material
f 1378//3173 1409//3174 1380//3175 
usemtl scene_material
f 1482//3176 1502//3177 1501//3178 
usemtl Polygon_XSIPOLYCLS.boeing747_material2
f 1429//3179 1498//3180 1360//3181 
usemtl scene_material
f 1387//3182 1516//3183 1368//3184 
usemtl scene_material
f 1494//3185 1319//3186 1520//3187 
usemtl scene_material
f 1588//3188 1477//3189 1514//3190 
usemtl scene_material
f 1309//3191 1569//3192 1433//3193 
usemtl scene_material
f 1587//3194 1514//3195 1495//3196 
usemtl scene_material
f 1344//3197 1523//3198 1596//3199 
usemtl scene_material
f 1303//3200 1528//3201 1579//3202 
usemtl scene_material
f 1461//3203 1463//3204 1302//3205 
usemtl scene_material
f 1461//3206 1308//3207 1546//3208 
usemtl scene_material
f 1444//3209 1445//3210 1363//3211 
usemtl scene_material
f 1533//3212 1532//3213 1460//3214 
usemtl scene_material
f 1338//3215 1549//3216 1536//3217 
usemtl scene_material
f 1585//3218 1338//3219 1558//3220 
usemtl Polygon_XSIPOLYCLS.boeing747_material2
f 1485//3221 1484//3222 1498//3223 
usemtl scene_material
f 1550//3224 1579//3225 1528//3226 
usemtl scene_material
f 1543//3227 1527//3228 1521//3229 
usemtl scene_material
f 1469//3230 1366//3231 1453//3232 
usemtl scene_material
f 1436//3233 1460//3234 1532//3235 
usemtl scene_material
f 1496//3236 1577//3237 1587//3238 
usemtl scene_material
f 1528//3239 1567//3240 1532//3241 
usemtl scene_material
f 1553//3242 1434//3243 1300//3244 
usemtl scene_material
f 1570//3245 1564//3246 1517//3247 
usemtl scene_material
f 1527//3248 1499//3249 1521//3250 
usemtl scene_material
f 1568//3251 1565//3252 1570//3253 
usemtl scene_material
f 1568//3254 1509//3255 1565//3256 
usemtl scene_material
f 1517//3257 1509//3258 1570//3259 
usemtl scene_material
f 1517//3260 1565//3261 1509//3262 
usemtl scene_material
f 1508//3263 1468//3264 1464//3265 
usemtl scene_material
f 1552//3266 1334//3267 1556//3268 
usemtl scene_material
f 1390//3269 1388//3270 1393//3271 
usemtl scene_material
f 1448//3272 1493//3273 1508//3274 
usemtl scene_material
f 1464//3275 1493//3276 1450//3277 
usemtl Polygon_XSIPOLYCLS.boeing747_material2
f 1484//3278 1482//3279 1498//3280 
usemtl scene_material
f 1448//3281 1450//3282 1493//3283 
usemtl scene_material
f 1364//3284 1363//3285 1445//3286 
usemtl scene_material
f 1402//3287 1397//3288 1396//3289 
usemtl scene_material
f 1365//3290 1444//3291 1361//3292 
usemtl scene_material
f 1418//3293 1581//3294 1548//3295 
usemtl scene_material
f 1546//3296 1463//3297 1461//3298 
usemtl scene_material
f 1548//3299 1582//3300 1530//3301 
usemtl scene_material
f 1370//3302 1405//3303 1541//3304 
usemtl scene_material
f 1363//3305 1361//3306 1444//3307 
usemtl scene_material
f 1359//3308 1358//3309 1357//3310 
usemtl scene_material
f 1355//3311 1353//3312 1359//3313 
usemtl scene_material
f 1445//3314 1365//3315 1361//3316 
usemtl scene_material
f 1467//3317 1386//3318 1432//3319 
usemtl scene_material
f 1357//3320 1358//3321 1352//3322 
usemtl scene_material
f 1386//3323 1392//3324 1437//3325 
usemtl scene_material
f 1466//3326 1537//3327 1506//3328 
usemtl scene_material
f 1312//3329 1560//3330 1525//3331 
usemtl scene_material
f 1473//3332 1339//3333 1411//3334 
usemtl scene_material
f 1411//3335 1542//3336 1473//3337 
usemtl scene_material
f 1353//3338 1352//3339 1358//3340 
usemtl scene_material
f 1382//3341 1381//3342 1313//3343 
usemtl scene_material
f 1593//3344 1597//3345 1598//3346 
usemtl scene_material
f 1530//3347 1312//3348 1525//3349 
usemtl scene_material
f 1450//3350 1508//3351 1464//3352 
usemtl scene_material
f 1310//3353 1472//3354 1458//3355 
usemtl scene_material
f 1575//3356 1431//3357 1433//3358 
usemtl scene_material
f 1561//3359 1502//3360 1504//3361 
usemtl scene_material
f 1466//3362 1416//3363 1439//3364 
usemtl scene_material
f 1322//3365 1394//3366 1336//3367 
usemtl scene_material
f 1333//3368 1332//3369 1323//3370 
usemtl scene_material
f 1446//3371 1317//3372 1329//3373 
usemtl scene_material
f 1393//3374 1369//3375 1390//3376 
usemtl scene_material
f 1597//3377 1602//3378 1598//3379 
usemtl scene_material
f 1545//3380 1526//3381 1542//3382 
usemtl scene_material
f 1339//3383 1473//3384 1526//3385 
usemtl scene_material
f 1317//3386 1383//3387 1335//3388 
usemtl scene_material
f 1542//3389 1526//3390 1473//3391 
usemtl scene_material
f 1329//3392 1447//3393 1446//3394 
usemtl scene_material
f 1476//3395 1553//3396 1559//3397 
usemtl scene_material
f 1375//3398 1475//3399 1479//3400 
usemtl scene_material
f 1494//3401 1520//3402 1354//3403 
usemtl scene_material
f 1391//3404 1366//3405 1362//3406 
usemtl scene_material
f 1578//3407 1501//3408 1502//3409 
usemtl scene_material
f 1595//3410 1529//3411 1566//3412 
usemtl scene_material
f 1441//3413 1453//3414 1371//3415 
usemtl scene_material
f 1391//3416 1371//3417 1403//3418 
usemtl scene_material
f 1433//3419 1438//3420 1309//3421 
usemtl scene_material
f 1481//3422 1605//3423 1604//3424 
usemtl Polygon_XSIPOLYCLS.boeing747_material2
f 116//3425 117//3426 115//3427 
usemtl Polygon_XSIPOLYCLS.boeing747_material2
f 148//3428 147//3429 149//3430 
usemtl Polygon_XSIPOLYCLS.boeing747_material2
f 125//3431 118//3432 124//3433 
usemtl Polygon_XSIPOLYCLS.boeing747_material2
f 159//3434 158//3435 160//3436 
usemtl Polygon_XSIPOLYCLS.boeing747_material2
f 149//3437 138//3438 137//3439 
usemtl Polygon_XSIPOLYCLS.boeing747_material2
f 120//3440 119//3441 135//3442 
usemtl Polygon_XSIPOLYCLS.boeing747_material2
f 143//3443 144//3444 142//3445 
usemtl Polygon_XSIPOLYCLS.boeing747_material2
f 113//3446 161//3447 135//3448 
usemtl Polygon_XSIPOLYCLS.boeing747_material2
f 167//3449 168//3450 166//3451 
usemtl scene_material
f 213//3452 212//3453 779//3454 
usemtl scene_material
f 238//3455 239//3456 237//3457 
usemtl scene_material
f 243//3458 244//3459 242//3460 
usemtl scene_material
f 249//3461 250//3462 248//3463 
usemtl scene_material
f 249//3464 143//3465 265//3466 
usemtl Polygon_XSIPOLYCLS.boeing747_material2
f 239//3467 238//3468 243//3469 
usemtl scene_material
f 666//3470 778//3471 667//3472 
usemtl scene_material
f 520//3473 433//3474 431//3475 
usemtl Polygon_XSIPOLYCLS.boeing747_material2
f 780//3476 438//3477 781//3478 
usemtl scene_material
f 443//3479 444//3480 433//3481 
usemtl scene_material
f 667//3482 214//3483 664//3484 
usemtl Polygon_XSIPOLYCLS.boeing747_material2
f 447//3485 431//3486 446//3487 
usemtl scene_material
f 242//3488 655//3489 243//3490 
usemtl scene_material
f 447//3491 482//3492 431//3493 
usemtl scene_material
f 484//3494 485//3495 483//3496 
usemtl scene_material
f 478//3497 492//3498 499//3499 
usemtl scene_material
f 492//3500 478//3501 485//3502 
usemtl scene_material
f 484//3503 483//3504 493//3505 
usemtl scene_material
f 445//3506 482//3507 446//3508 
usemtl scene_material
f 145//3509 144//3510 263//3511 
usemtl Polygon_XSIPOLYCLS.boeing747_material2
f 781//3512 782//3513 780//3514 
usemtl scene_material
f 779//3515 777//3516 664//3517 
usemtl scene_material
f 777//3518 778//3519 665//3520 
usemtl Polygon_XSIPOLYCLS.boeing747_material2
f 485//3521 484//3522 492//3523 
usemtl scene_material
f 433//3524 445//3525 434//3526 
usemtl scene_material
f 143//3527 249//3528 144//3529 
usemtl Polygon_XSIPOLYCLS.boeing747_material2
f 665//3530 666//3531 664//3532 
usemtl scene_material
f 263//3533 265//3534 145//3535 
usemtl scene_material
f 237//3536 508//3537 238//3538 
usemtl scene_material
f 789//3539 787//3540 788//3541 
usemtl scene_material
f 903//3542 941//3543 928//3544 
usemtl scene_material
f 795//3545 791//3546 794//3547 
usemtl scene_material
f 910//3548 824//3549 797//3550 
usemtl scene_material
f 788//3551 786//3552 801//3553 
usemtl scene_material
f 941//3554 903//3555 803//3556 
usemtl scene_material
f 794//3557 790//3558 804//3559 
usemtl scene_material
f 914//3560 834//3561 793//3562 
usemtl scene_material
f 801//3563 800//3564 808//3565 
usemtl scene_material
f 819//3566 792//3567 783//3568 
usemtl scene_material
f 804//3569 802//3570 811//3571 
usemtl scene_material
f 928//3572 906//3573 862//3574 
usemtl scene_material
f 792//3575 819//3576 793//3577 
usemtl scene_material
f 793//3578 833//3579 914//3580 
usemtl scene_material
f 851//3581 834//3582 874//3583 
usemtl scene_material
f 826//3584 813//3585 825//3586 
usemtl scene_material
f 825//3587 812//3588 827//3589 
usemtl scene_material
f 827//3590 816//3591 828//3592 
usemtl scene_material
f 828//3593 818//3594 829//3595 
usemtl scene_material
f 829//3596 820//3597 830//3598 
usemtl scene_material
f 830//3599 821//3600 831//3601 
usemtl scene_material
f 831//3602 822//3603 832//3604 
usemtl scene_material
f 832//3605 823//3606 826//3607 
usemtl scene_material
f 834//3608 851//3609 835//3610 
usemtl scene_material
f 835//3611 856//3612 836//3613 
usemtl scene_material
f 836//3614 857//3615 837//3616 
usemtl scene_material
f 837//3617 861//3618 838//3619 
usemtl scene_material
f 838//3620 871//3621 839//3622 
usemtl scene_material
f 839//3623 872//3624 840//3625 
usemtl scene_material
f 846//3626 840//3627 874//3628 
usemtl scene_material
f 977//3629 899//3630 976//3631 
usemtl scene_material
f 899//3632 977//3633 907//3634 
usemtl scene_material
f 907//3635 979//3636 911//3637 
usemtl scene_material
f 911//3638 981//3639 920//3640 
usemtl scene_material
f 920//3641 982//3642 927//3643 
usemtl scene_material
f 808//3644 807//3645 849//3646 
usemtl scene_material
f 927//3647 980//3648 945//3649 
usemtl scene_material
f 811//3650 809//3651 843//3652 
usemtl scene_material
f 945//3653 978//3654 957//3655 
usemtl scene_material
f 976//3656 959//3657 975//3658 
usemtl scene_material
f 849//3659 848//3660 854//3661 
usemtl scene_material
f 972//3662 965//3663 949//3664 
usemtl scene_material
f 843//3665 850//3666 841//3667 
usemtl scene_material
f 972//3668 949//3669 971//3670 
usemtl scene_material
f 971//3671 962//3672 970//3673 
usemtl scene_material
f 854//3674 853//3675 859//3676 
usemtl scene_material
f 970//3677 960//3678 969//3679 
usemtl scene_material
f 841//3680 855//3681 842//3682 
usemtl scene_material
f 969//3683 958//3684 968//3685 
usemtl scene_material
f 968//3686 956//3687 967//3688 
usemtl scene_material
f 859//3689 858//3690 845//3691 
usemtl scene_material
f 967//3692 954//3693 966//3694 
usemtl scene_material
f 842//3695 860//3696 844//3697 
usemtl scene_material
f 965//3698 966//3699 950//3700 
usemtl scene_material
f 845//3701 863//3702 789//3703 
usemtl scene_material
f 844//3704 864//3705 795//3706 
usemtl scene_material
f 862//3707 847//3708 799//3709 
usemtl scene_material
f 893//3710 889//3711 932//3712 
usemtl scene_material
f 973//3713 861//3714 942//3715 
usemtl scene_material
f 866//3716 867//3717 865//3718 
usemtl scene_material
f 925//3719 890//3720 867//3721 
usemtl scene_material
f 925//3722 867//3723 877//3724 
usemtl scene_material
f 917//3725 923//3726 888//3727 
usemtl scene_material
f 923//3728 917//3729 922//3730 
usemtl scene_material
f 880//3731 881//3732 879//3733 
usemtl scene_material
f 879//3734 882//3735 883//3736 
usemtl scene_material
f 915//3737 887//3738 865//3739 
usemtl scene_material
f 890//3740 891//3741 889//3742 
usemtl scene_material
f 883//3743 915//3744 896//3745 
usemtl scene_material
f 865//3746 868//3747 896//3748 
usemtl scene_material
f 918//3749 919//3750 879//3751 
usemtl scene_material
f 896//3752 918//3753 883//3754 
usemtl scene_material
f 880//3755 919//3756 909//3757 
usemtl scene_material
f 915//3758 912//3759 887//3760 
usemtl scene_material
f 883//3761 884//3762 915//3763 
usemtl scene_material
f 887//3764 916//3765 888//3766 
usemtl scene_material
f 888//3767 901//3768 917//3769 
usemtl scene_material
f 893//3770 868//3771 889//3772 
usemtl scene_material
f 888//3773 921//3774 887//3775 
usemtl scene_material
f 877//3776 943//3777 875//3778 
usemtl scene_material
f 875//3779 946//3780 873//3781 
usemtl scene_material
f 873//3782 937//3783 870//3784 
usemtl scene_material
f 931//3785 932//3786 870//3787 
usemtl scene_material
f 799//3788 784//3789 824//3790 
usemtl scene_material
f 860//3791 859//3792 864//3793 
usemtl scene_material
f 859//3794 860//3795 854//3796 
usemtl scene_material
f 854//3797 855//3798 849//3799 
usemtl scene_material
f 849//3800 850//3801 808//3802 
usemtl scene_material
f 864//3803 845//3804 791//3805 
usemtl scene_material
f 869//3806 930//3807 870//3808 
usemtl scene_material
f 842//3809 844//3810 826//3811 
usemtl scene_material
f 918//3812 932//3813 919//3814 
usemtl scene_material
f 844//3815 795//3816 832//3817 
usemtl scene_material
f 964//3818 851//3819 953//3820 
usemtl scene_material
f 870//3821 929//3822 873//3823 
usemtl scene_material
f 830//3824 831//3825 794//3826 
usemtl scene_material
f 919//3827 931//3828 922//3829 
usemtl scene_material
f 829//3830 830//3831 804//3832 
usemtl scene_material
f 828//3833 829//3834 811//3835 
usemtl scene_material
f 873//3836 936//3837 875//3838 
usemtl scene_material
f 811//3839 843//3840 828//3841 
usemtl scene_material
f 843//3842 841//3843 827//3844 
usemtl scene_material
f 889//3845 892//3846 869//3847 
usemtl scene_material
f 841//3848 842//3849 825//3850 
usemtl scene_material
f 896//3851 893//3852 918//3853 
usemtl scene_material
f 925//3854 940//3855 890//3856 
usemtl scene_material
f 921//3857 943//3858 866//3859 
usemtl scene_material
f 877//3860 944//3861 925//3862 
usemtl scene_material
f 953//3863 874//3864 817//3865 
usemtl scene_material
f 923//3866 946//3867 921//3868 
usemtl scene_material
f 808//3869 809//3870 801//3871 
usemtl scene_material
f 875//3872 939//3873 877//3874 
usemtl scene_material
f 815//3875 872//3876 814//3877 
usemtl scene_material
f 922//3878 937//3879 923//3880 
usemtl scene_material
f 801//3881 802//3882 788//3883 
usemtl scene_material
f 790//3884 791//3885 788//3886 
usemtl scene_material
f 847//3887 840//3888 784//3889 
usemtl scene_material
f 909//3890 897//3891 880//3892 
usemtl scene_material
f 904//3893 862//3894 806//3895 
usemtl scene_material
f 906//3896 839//3897 847//3898 
usemtl scene_material
f 935//3899 928//3900 904//3901 
usemtl scene_material
f 917//3902 900//3903 909//3904 
usemtl scene_material
f 941//3905 838//3906 906//3907 
usemtl scene_material
f 805//3908 903//3909 935//3910 
usemtl scene_material
f 948//3911 949//3912 947//3913 
usemtl scene_material
f 806//3914 799//3915 910//3916 
usemtl scene_material
f 803//3917 837//3918 941//3919 
usemtl scene_material
f 785//3920 783//3921 805//3922 
usemtl scene_material
f 792//3923 836//3924 803//3925 
usemtl scene_material
f 796//3926 819//3927 785//3928 
usemtl scene_material
f 784//3929 846//3930 914//3931 
usemtl scene_material
f 793//3932 835//3933 792//3934 
usemtl scene_material
f 797//3935 833//3936 796//3937 
usemtl scene_material
f 947//3938 950//3939 895//3940 
usemtl scene_material
f 885//3941 962//3942 948//3943 
usemtl scene_material
f 898//3944 954//3945 886//3946 
usemtl scene_material
f 894//3947 958//3948 878//3949 
usemtl scene_material
f 878//3950 960//3951 885//3952 
usemtl scene_material
f 886//3953 956//3954 894//3955 
usemtl scene_material
f 895//3956 951//3957 898//3958 
usemtl scene_material
f 899//3959 965//3960 959//3961 
usemtl scene_material
f 902//3962 977//3963 963//3964 
usemtl scene_material
f 942//3965 857//3966 926//3967 
usemtl scene_material
f 907//3968 966//3969 899//3970 
usemtl scene_material
f 908//3971 979//3972 902//3973 
usemtl scene_material
f 963//3974 976//3975 961//3976 
usemtl scene_material
f 913//3977 981//3978 908//3979 
usemtl scene_material
f 959//3980 972//3981 957//3982 
usemtl scene_material
f 911//3983 967//3984 907//3985 
usemtl scene_material
f 961//3986 975//3987 952//3988 
usemtl scene_material
f 817//3989 876//3990 815//3991 
usemtl scene_material
f 957//3992 971//3993 945//3994 
usemtl scene_material
f 920//3995 968//3996 911//3997 
usemtl scene_material
f 952//3998 978//3999 933//4000 
usemtl scene_material
f 924//4001 982//4002 913//4003 
usemtl scene_material
f 945//4004 970//4005 927//4006 
usemtl scene_material
f 814//4007 871//4008 973//4009 
usemtl scene_material
f 933//4010 980//4011 924//4012 
usemtl scene_material
f 926//4013 856//4014 964//4015 
usemtl scene_material
f 927//4016 969//4017 920//4018 
usemtl Polygon_XSIPOLYCLS.boeing747_material2
f 992//4019 990//4020 983//4021 
usemtl Polygon_XSIPOLYCLS.boeing747_material2
f 990//4022 988//4023 983//4024 
usemtl Polygon_XSIPOLYCLS.boeing747_material2
f 1042//4025 1040//4026 1044//4027 
usemtl Polygon_XSIPOLYCLS.boeing747_material2
f 1040//4028 1038//4029 1044//4030 
usemtl Polygon_XSIPOLYCLS.boeing747_material2
f 990//4031 991//4032 988//4033 
usemtl Polygon_XSIPOLYCLS.boeing747_material2
f 1042//4034 1044//4035 1041//4036 
usemtl Polygon_XSIPOLYCLS.boeing747_material2
f 1035//4037 1038//4038 1034//4039 
usemtl Polygon_XSIPOLYCLS.boeing747_material2
f 988//4040 989//4041 986//4042 
usemtl Polygon_XSIPOLYCLS.boeing747_material2
f 1040//4043 1042//4044 1039//4045 
usemtl Polygon_XSIPOLYCLS.boeing747_material2
f 983//4046 984//4047 992//4048 
usemtl Polygon_XSIPOLYCLS.boeing747_material2
f 1038//4049 1040//4050 1037//4051 
usemtl Polygon_XSIPOLYCLS.boeing747_material2
f 992//4052 993//4053 990//4054 
usemtl Polygon_XSIPOLYCLS.boeing747_material2
f 1044//4055 1035//4056 1043//4057 
usemtl Polygon_XSIPOLYCLS.boeing747_material2
f 986//4058 987//4059 983//4060 
usemtl Polygon_XSIPOLYCLS.boeing747_material2
f 1000//4061 1002//4062 998//4063 
usemtl Polygon_XSIPOLYCLS.boeing747_material2
f 1002//4064 1004//4065 998//4066 
usemtl Polygon_XSIPOLYCLS.boeing747_material2
f 1031//4067 1028//4068 1017//4069 
usemtl Polygon_XSIPOLYCLS.boeing747_material2
f 1028//4070 1025//4071 1017//4072 
usemtl Polygon_XSIPOLYCLS.boeing747_material2
f 1031//4073 1032//4074 1028//4075 
usemtl Polygon_XSIPOLYCLS.boeing747_material2
f 999//4076 1000//4077 997//4078 
usemtl Polygon_XSIPOLYCLS.boeing747_material2
f 994//4079 995//4080 1003//4081 
usemtl Polygon_XSIPOLYCLS.boeing747_material2
f 1028//4082 1029//4083 1025//4084 
usemtl Polygon_XSIPOLYCLS.boeing747_material2
f 1003//4085 1004//4086 1001//4087 
usemtl Polygon_XSIPOLYCLS.boeing747_material2
f 1017//4088 1018//4089 1031//4090 
usemtl Polygon_XSIPOLYCLS.boeing747_material2
f 997//4091 998//4092 994//4093 
usemtl Polygon_XSIPOLYCLS.boeing747_material2
f 1022//4094 1023//4095 1017//4096 
usemtl Polygon_XSIPOLYCLS.boeing747_material2
f 1001//4097 1002//4098 999//4099 
usemtl Polygon_XSIPOLYCLS.boeing747_material2
f 1025//4100 1026//4101 1022//4102 
usemtl Polygon_XSIPOLYCLS.boeing747_material2
f 1071//4103 1069//4104 1062//4105 
usemtl Polygon_XSIPOLYCLS.boeing747_material2
f 1069//4106 1067//4107 1062//4108 
usemtl Polygon_XSIPOLYCLS.boeing747_material2
f 1121//4109 1119//4110 1123//4111 
usemtl Polygon_XSIPOLYCLS.boeing747_material2
f 1119//4112 1117//4113 1123//4114 
usemtl Polygon_XSIPOLYCLS.boeing747_material2
f 1069//4115 1070//4116 1067//4117 
usemtl Polygon_XSIPOLYCLS.boeing747_material2
f 1121//4118 1123//4119 1120//4120 
usemtl Polygon_XSIPOLYCLS.boeing747_material2
f 1114//4121 1117//4122 1113//4123 
usemtl Polygon_XSIPOLYCLS.boeing747_material2
f 1067//4124 1068//4125 1065//4126 
usemtl Polygon_XSIPOLYCLS.boeing747_material2
f 1119//4127 1121//4128 1118//4129 
usemtl Polygon_XSIPOLYCLS.boeing747_material2
f 1062//4130 1063//4131 1071//4132 
usemtl Polygon_XSIPOLYCLS.boeing747_material2
f 1117//4133 1119//4134 1116//4135 
usemtl Polygon_XSIPOLYCLS.boeing747_material2
f 1071//4136 1072//4137 1069//4138 
usemtl Polygon_XSIPOLYCLS.boeing747_material2
f 1123//4139 1114//4140 1122//4141 
usemtl Polygon_XSIPOLYCLS.boeing747_material2
f 1065//4142 1066//4143 1062//4144 
usemtl Polygon_XSIPOLYCLS.boeing747_material2
f 1079//4145 1081//4146 1077//4147 
usemtl Polygon_XSIPOLYCLS.boeing747_material2
f 1081//4148 1083//4149 1077//4150 
usemtl Polygon_XSIPOLYCLS.boeing747_material2
f 1110//4151 1107//4152 1096//4153 
usemtl Polygon_XSIPOLYCLS.boeing747_material2
f 1107//4154 1104//4155 1096//4156 
usemtl Polygon_XSIPOLYCLS.boeing747_material2
f 1110//4157 1111//4158 1107//4159 
usemtl Polygon_XSIPOLYCLS.boeing747_material2
f 1078//4160 1079//4161 1076//4162 
usemtl Polygon_XSIPOLYCLS.boeing747_material2
f 1073//4163 1074//4164 1082//4165 
usemtl Polygon_XSIPOLYCLS.boeing747_material2
f 1107//4166 1108//4167 1104//4168 
usemtl Polygon_XSIPOLYCLS.boeing747_material2
f 1082//4169 1083//4170 1080//4171 
usemtl Polygon_XSIPOLYCLS.boeing747_material2
f 1096//4172 1097//4173 1110//4174 
usemtl Polygon_XSIPOLYCLS.boeing747_material2
f 1076//4175 1077//4176 1073//4177 
usemtl Polygon_XSIPOLYCLS.boeing747_material2
f 1101//4178 1102//4179 1096//4180 
usemtl Polygon_XSIPOLYCLS.boeing747_material2
f 1080//4181 1081//4182 1078//4183 
usemtl Polygon_XSIPOLYCLS.boeing747_material2
f 1104//4184 1105//4185 1101//4186 
usemtl Polygon_XSIPOLYCLS.boeing747_material2
f 1139//4187 1137//4188 1130//4189 
usemtl Polygon_XSIPOLYCLS.boeing747_material2
f 1137//4190 1135//4191 1130//4192 
usemtl Polygon_XSIPOLYCLS.boeing747_material2
f 1189//4193 1187//4194 1191//4195 
usemtl Polygon_XSIPOLYCLS.boeing747_material2
f 1187//4196 1185//4197 1191//4198 
usemtl Polygon_XSIPOLYCLS.boeing747_material2
f 1137//4199 1138//4200 1135//4201 
usemtl Polygon_XSIPOLYCLS.boeing747_material2
f 1189//4202 1191//4203 1188//4204 
usemtl Polygon_XSIPOLYCLS.boeing747_material2
f 1182//4205 1185//4206 1181//4207 
usemtl Polygon_XSIPOLYCLS.boeing747_material2
f 1135//4208 1136//4209 1133//4210 
usemtl Polygon_XSIPOLYCLS.boeing747_material2
f 1187//4211 1189//4212 1186//4213 
usemtl Polygon_XSIPOLYCLS.boeing747_material2
f 1130//4214 1131//4215 1139//4216 
usemtl Polygon_XSIPOLYCLS.boeing747_material2
f 1185//4217 1187//4218 1184//4219 
usemtl Polygon_XSIPOLYCLS.boeing747_material2
f 1139//4220 1140//4221 1137//4222 
usemtl Polygon_XSIPOLYCLS.boeing747_material2
f 1191//4223 1182//4224 1190//4225 
usemtl Polygon_XSIPOLYCLS.boeing747_material2
f 1133//4226 1134//4227 1130//4228 
usemtl Polygon_XSIPOLYCLS.boeing747_material2
f 1147//4229 1149//4230 1145//4231 
usemtl Polygon_XSIPOLYCLS.boeing747_material2
f 1149//4232 1151//4233 1145//4234 
usemtl Polygon_XSIPOLYCLS.boeing747_material2
f 1178//4235 1175//4236 1164//4237 
usemtl Polygon_XSIPOLYCLS.boeing747_material2
f 1175//4238 1172//4239 1164//4240 
usemtl Polygon_XSIPOLYCLS.boeing747_material2
f 1178//4241 1179//4242 1175//4243 
usemtl Polygon_XSIPOLYCLS.boeing747_material2
f 1146//4244 1147//4245 1144//4246 
usemtl Polygon_XSIPOLYCLS.boeing747_material2
f 1141//4247 1142//4248 1150//4249 
usemtl Polygon_XSIPOLYCLS.boeing747_material2
f 1175//4250 1176//4251 1172//4252 
usemtl Polygon_XSIPOLYCLS.boeing747_material2
f 1150//4253 1151//4254 1148//4255 
usemtl Polygon_XSIPOLYCLS.boeing747_material2
f 1164//4256 1165//4257 1178//4258 
usemtl Polygon_XSIPOLYCLS.boeing747_material2
f 1144//4259 1145//4260 1141//4261 
usemtl Polygon_XSIPOLYCLS.boeing747_material2
f 1169//4262 1170//4263 1164//4264 
usemtl Polygon_XSIPOLYCLS.boeing747_material2
f 1148//4265 1149//4266 1146//4267 
usemtl Polygon_XSIPOLYCLS.boeing747_material2
f 1172//4268 1173//4269 1169//4270 
usemtl Polygon_XSIPOLYCLS.boeing747_material2
f 1207//4271 1205//4272 1198//4273 
usemtl Polygon_XSIPOLYCLS.boeing747_material2
f 1205//4274 1203//4275 1198//4276 
usemtl Polygon_XSIPOLYCLS.boeing747_material2
f 1257//4277 1255//4278 1259//4279 
usemtl Polygon_XSIPOLYCLS.boeing747_material2
f 1255//4280 1253//4281 1259//4282 
usemtl Polygon_XSIPOLYCLS.boeing747_material2
f 1205//4283 1206//4284 1203//4285 
usemtl Polygon_XSIPOLYCLS.boeing747_material2
f 1257//4286 1259//4287 1256//4288 
usemtl Polygon_XSIPOLYCLS.boeing747_material2
f 1250//4289 1253//4290 1249//4291 
usemtl Polygon_XSIPOLYCLS.boeing747_material2
f 1203//4292 1204//4293 1201//4294 
usemtl Polygon_XSIPOLYCLS.boeing747_material2
f 1255//4295 1257//4296 1254//4297 
usemtl Polygon_XSIPOLYCLS.boeing747_material2
f 1198//4298 1199//4299 1207//4300 
usemtl Polygon_XSIPOLYCLS.boeing747_material2
f 1253//4301 1255//4302 1252//4303 
usemtl Polygon_XSIPOLYCLS.boeing747_material2
f 1207//4304 1208//4305 1205//4306 
usemtl Polygon_XSIPOLYCLS.boeing747_material2
f 1259//4307 1250//4308 1258//4309 
usemtl Polygon_XSIPOLYCLS.boeing747_material2
f 1201//4310 1202//4311 1198//4312 
usemtl Polygon_XSIPOLYCLS.boeing747_material2
f 1215//4313 1217//4314 1213//4315 
usemtl Polygon_XSIPOLYCLS.boeing747_material2
f 1217//4316 1219//4317 1213//4318 
usemtl Polygon_XSIPOLYCLS.boeing747_material2
f 1246//4319 1243//4320 1232//4321 
usemtl Polygon_XSIPOLYCLS.boeing747_material2
f 1243//4322 1240//4323 1232//4324 
usemtl Polygon_XSIPOLYCLS.boeing747_material2
f 1246//4325 1247//4326 1243//4327 
usemtl Polygon_XSIPOLYCLS.boeing747_material2
f 1214//4328 1215//4329 1212//4330 
usemtl Polygon_XSIPOLYCLS.boeing747_material2
f 1209//4331 1210//4332 1218//4333 
usemtl Polygon_XSIPOLYCLS.boeing747_material2
f 1243//4334 1244//4335 1240//4336 
usemtl Polygon_XSIPOLYCLS.boeing747_material2
f 1218//4337 1219//4338 1216//4339 
usemtl Polygon_XSIPOLYCLS.boeing747_material2
f 1232//4340 1233//4341 1246//4342 
usemtl Polygon_XSIPOLYCLS.boeing747_material2
f 1212//4343 1213//4344 1209//4345 
usemtl Polygon_XSIPOLYCLS.boeing747_material2
f 1237//4346 1238//4347 1232//4348 
usemtl Polygon_XSIPOLYCLS.boeing747_material2
f 1216//4349 1217//4350 1214//4351 
usemtl Polygon_XSIPOLYCLS.boeing747_material2
f 1240//4352 1241//4353 1237//4354 
usemtl Polygon_XSIPOLYCLS.boeing747_material2
f 1275//4355 1273//4356 1266//4357 
usemtl Polygon_XSIPOLYCLS.boeing747_material2
f 1273//4358 1271//4359 1266//4360 
usemtl Polygon_XSIPOLYCLS.boeing747_material2
f 1291//4361 1289//4362 1293//4363 
usemtl Polygon_XSIPOLYCLS.boeing747_material2
f 1289//4364 1287//4365 1293//4366 
usemtl Polygon_XSIPOLYCLS.boeing747_material2
f 1273//4367 1274//4368 1271//4369 
usemtl Polygon_XSIPOLYCLS.boeing747_material2
f 1291//4370 1293//4371 1290//4372 
usemtl Polygon_XSIPOLYCLS.boeing747_material2
f 1284//4373 1287//4374 1283//4375 
usemtl Polygon_XSIPOLYCLS.boeing747_material2
f 1271//4376 1272//4377 1269//4378 
usemtl Polygon_XSIPOLYCLS.boeing747_material2
f 1289//4379 1291//4380 1288//4381 
usemtl Polygon_XSIPOLYCLS.boeing747_material2
f 1266//4382 1267//4383 1275//4384 
usemtl Polygon_XSIPOLYCLS.boeing747_material2
f 1287//4385 1289//4386 1286//4387 
usemtl Polygon_XSIPOLYCLS.boeing747_material2
f 1275//4388 1276//4389 1273//4390 
usemtl Polygon_XSIPOLYCLS.boeing747_material2
f 1293//4391 1284//4392 1292//4393 
usemtl Polygon_XSIPOLYCLS.boeing747_material2
f 1269//4394 1270//4395 1266//4396 
usemtl scene_material
f 1326//4397 1328//4398 1340//4399 
usemtl scene_material
f 1470//4400 1494//4401 1599//4402 
usemtl scene_material
f 1576//4403 1477//4404 1590//4405 
usemtl scene_material
f 1470//4406 1591//4407 1319//4408 
usemtl scene_material
f 1576//4409 1590//4410 1580//4411 
usemtl scene_material
f 1560//4412 1424//4413 1551//4414 
usemtl scene_material
f 1507//4415 1510//4416 1459//4417 
usemtl scene_material
f 1392//4418 1467//4419 1437//4420 
usemtl scene_material
f 1551//4421 1603//4422 1560//4423 
usemtl scene_material
f 1420//4424 1418//4425 1512//4426 
usemtl scene_material
f 1421//4427 1420//4428 1480//4429 
usemtl scene_material
f 1456//4430 1488//4431 1316//4432 
usemtl scene_material
f 1373//4433 1496//4434 1307//4435 
usemtl scene_material
f 1314//4436 1304//4437 1601//4438 
usemtl scene_material
f 1495//4439 1524//4440 1471//4441 
usemtl scene_material
f 1478//4442 1486//4443 1487//4444 
usemtl scene_material
f 1504//4445 1436//4446 1561//4447 
usemtl scene_material
f 1429//4448 1303//4449 1356//4450 
usemtl scene_material
f 1334//4451 1427//4452 1554//4453 
usemtl scene_material
f 1465//4454 1306//4455 1360//4456 
usemtl scene_material
f 1471//4457 1535//4458 1520//4459 
usemtl scene_material
f 1482//4460 1501//4461 1465//4462 
usemtl scene_material
f 1592//4463 1593//4464 1314//4465 
usemtl scene_material
f 1310//4466 1412//4467 1372//4468 
usemtl scene_material
f 1583//4469 1420//4470 1574//4471 
usemtl scene_material
f 1454//4472 1418//4473 1583//4474 
usemtl scene_material
f 1424//4475 1421//4476 1474//4477 
usemtl scene_material
f 1560//4478 1346//4479 1424//4480 
usemtl scene_material
f 1300//4481 1520//4482 1603//4483 
usemtl scene_material
f 1430//4484 1404//4485 1397//4486 
usemtl scene_material
f 1574//4487 1421//4488 1518//4489 
usemtl scene_material
f 1354//4490 1300//4491 1544//4492 
usemtl scene_material
f 1435//4493 1367//4494 1389//4495 
usemtl scene_material
f 1310//4496 1458//4497 1442//4498 
usemtl scene_material
f 1499//4499 1505//4500 1503//4501 
usemtl scene_material
f 1562//4502 1590//4503 1561//4504 
usemtl scene_material
f 1525//4505 1603//4506 1530//4507 
usemtl scene_material
f 1305//4508 1303//4509 1360//4510 
usemtl scene_material
f 1599//4511 1567//4512 1470//4513 
usemtl scene_material
f 1519//4514 1457//4515 1459//4516 
usemtl scene_material
f 1497//4517 1547//4518 1503//4519 
usemtl scene_material
f 1573//4520 1586//4521 1531//4522 
usemtl scene_material
f 1376//4523 1374//4524 1377//4525 
usemtl scene_material
f 1587//4526 1577//4527 1588//4528 
usemtl scene_material
f 1561//4529 1589//4530 1578//4531 
usemtl scene_material
f 1513//4532 1515//4533 1321//4534 
usemtl scene_material
f 1524//4535 1495//4536 1512//4537 
usemtl scene_material
f 1512//4538 1514//4539 1480//4540 
usemtl scene_material
f 1440//4541 1356//4542 1316//4543 
usemtl scene_material
f 1433//4544 1569//4545 1575//4546 
usemtl scene_material
f 1476//4547 1559//4548 1522//4549 
usemtl scene_material
f 1306//4550 1373//4551 1305//4552 
usemtl scene_material
f 1501//4553 1577//4554 1306//4555 
usemtl scene_material
f 1571//4556 1573//4557 1311//4558 
usemtl scene_material
f 1301//4559 1337//4560 1377//4561 
usemtl scene_material
f 1559//4562 1474//4563 1477//4564 
usemtl scene_material
f 1416//4565 1387//4566 1439//4567 
usemtl scene_material
f 1474//4568 1559//4569 1551//4570 
usemtl scene_material
f 1551//4571 1553//4572 1603//4573 
usemtl scene_material
f 1471//4574 1496//4575 1495//4576 
usemtl scene_material
f 1520//4577 1319//4578 1471//4579 
usemtl scene_material
f 1485//4580 1426//4581 1504//4582 
usemtl scene_material
f 1436//4583 1426//4584 1456//4585 
usemtl scene_material
f 1502//4586 1484//4587 1504//4588 
usemtl scene_material
f 1604//4589 1605//4590 1491//4591 
usemtl scene_material
f 1415//4592 1401//4593 1536//4594 
usemtl scene_material
f 1369//4595 1399//4596 1541//4597 
usemtl scene_material
f 1401//4598 1563//4599 1338//4600 
usemtl scene_material
f 1535//4601 1548//4602 1600//4603 
usemtl scene_material
f 1535//4604 1524//4605 1548//4606 
usemtl scene_material
f 1436//4607 1532//4608 1562//4609 
usemtl scene_material
f 1567//4610 1599//4611 1562//4612 
usemtl scene_material
f 1591//4613 1567//4614 1303//4615 
usemtl scene_material
f 1303//4616 1305//4617 1591//4618 
usemtl scene_material
f 1395//4619 1483//4620 1534//4621 
usemtl scene_material
f 1475//4622 1409//4623 1378//4624 
usemtl scene_material
f 1484//4625 1502//4626 1482//4627 
usemtl scene_material
f 1537//4628 1516//4629 1387//4630 
usemtl scene_material
f 1470//4631 1319//4632 1494//4633 
usemtl scene_material
f 1589//4634 1477//4635 1588//4636 
usemtl scene_material
f 1413//4637 1569//4638 1309//4639 
usemtl scene_material
f 1588//4640 1514//4641 1587//4642 
usemtl scene_material
f 1500//4643 1549//4644 1338//4645 
usemtl scene_material
f 1500//4646 1338//4647 1585//4648 
usemtl scene_material
f 1547//4649 1527//4650 1543//4651 
usemtl scene_material
f 1362//4652 1366//4653 1469//4654 
usemtl scene_material
f 1373//4655 1577//4656 1496//4657 
usemtl scene_material
f 1540//4658 1434//4659 1553//4660 
usemtl scene_material
f 1565//4661 1564//4662 1570//4663 
usemtl scene_material
f 1505//4664 1499//4665 1527//4666 
usemtl scene_material
f 1564//4667 1565//4668 1517//4669 
usemtl scene_material
f 1493//4670 1468//4671 1508//4672 
usemtl scene_material
f 1427//4673 1334//4674 1552//4675 
usemtl scene_material
f 1405//4676 1388//4677 1390//4678 
usemtl scene_material
f 1468//4679 1493//4680 1464//4681 
usemtl scene_material
f 1367//4682 1397//4683 1402//4684 
usemtl scene_material
f 1454//4685 1581//4686 1418//4687 
usemtl scene_material
f 1581//4688 1582//4689 1548//4690 
usemtl scene_material
f 1388//4691 1405//4692 1370//4693 
usemtl scene_material
f 1467//4694 1392//4695 1386//4696 
usemtl scene_material
f 1516//4697 1537//4698 1466//4699 
usemtl scene_material
f 1346//4700 1560//4701 1312//4702 
usemtl scene_material
f 1592//4703 1597//4704 1593//4705 
usemtl scene_material
f 1582//4706 1312//4707 1530//4708 
usemtl scene_material
f 1511//4709 1431//4710 1575//4711 
usemtl scene_material
f 1578//4712 1502//4713 1561//4714 
usemtl scene_material
f 1506//4715 1416//4716 1466//4717 
usemtl scene_material
f 1331//4718 1317//4719 1446//4720 
usemtl scene_material
f 1399//4721 1369//4722 1393//4723 
usemtl scene_material
f 1601//4724 1602//4725 1597//4726 
usemtl scene_material
f 1331//4727 1383//4728 1317//4729 
usemtl scene_material
f 1315//4730 1447//4731 1329//4732 
usemtl scene_material
f 1540//4733 1553//4734 1476//4735 
usemtl scene_material
f 1409//4736 1475//4737 1375//4738 
usemtl scene_material
f 1403//4739 1366//4740 1391//4741 
usemtl scene_material
f 1577//4742 1501//4743 1578//4744 
usemtl scene_material
f 1555//4745 1529//4746 1595//4747 
usemtl scene_material
f 1469//4748 1453//4749 1441//4750 
usemtl scene_material
f 1441//4751 1371//4752 1391//4753 
usemtl scene_material
f 1431//4754 1438//4755 1433//4756 
usemtl scene_material
f 1417//4757 1605//4758 1481//4759 
usemtl Polygon_XSIPOLYCLS.boeing747_material2
f 1608//4762 1607//4761 1606//4760 
usemtl scene_material
f 1611//4765 1610//4764 1609//4763 
usemtl scene_material
f 1614//4768 1613//4767 1612//4766 
usemtl scene_material
f 1617//4771 1616//4770 1615//4769 
usemtl scene_material
f 1620//4774 1619//4773 1618//4772 
usemtl scene_material
f 1606//4777 1622//4776 1621//4775 
usemtl Polygon_XSIPOLYCLS.boeing747_material2
f 1616//4780 1624//4779 1623//4778 
usemtl scene_material
f 1627//4783 1626//4782 1625//4781 
usemtl scene_material
f 1630//4786 1629//4785 1628//4784 
usemtl scene_material
f 1632//4789 1631//4788 1629//4787 
usemtl scene_material
f 1609//4792 1627//4791 1633//4790 
usemtl Polygon_XSIPOLYCLS.boeing747_material2
f 1630//4795 1628//4794 1634//4793 
usemtl scene_material
f 1613//4798 1614//4797 1623//4796 
usemtl scene_material
f 1636//4801 1635//4800 1628//4799 
usemtl scene_material
f 1639//4804 1638//4803 1637//4802 
usemtl scene_material
f 1642//4807 1641//4806 1640//4805 
usemtl scene_material
f 1639//4810 1643//4809 1638//4808 
usemtl scene_material
f 1640//4813 1637//4812 1642//4811 
usemtl scene_material
f 1644//4816 1635//4815 1634//4814 
usemtl scene_material
f 1618//4819 1607//4818 1645//4817 
usemtl scene_material
f 1646//4822 1611//4821 1633//4820 
usemtl scene_material
f 1647//4825 1626//4824 1646//4823 
usemtl Polygon_XSIPOLYCLS.boeing747_material2
f 1642//4828 1648//4827 1641//4826 
usemtl scene_material
f 1634//4831 1632//4830 1630//4829 
usemtl scene_material
f 1618//4834 1649//4833 1607//4832 
usemtl Polygon_XSIPOLYCLS.boeing747_material2
f 1625//4837 1647//4836 1633//4835 
usemtl scene_material
f 1606//4840 1621//4839 1608//4838 
usemtl scene_material
f 1616//4843 1617//4842 1624//4841 
usemtl Polygon_XSIPOLYCLS.boeing747_material2
f 1606//4846 1607//4845 1622//4844 
usemtl scene_material
f 1609//4849 1610//4848 1650//4847 
usemtl scene_material
f 1612//4852 1613//4851 1624//4850 
usemtl scene_material
f 1615//4855 1616//4854 1623//4853 
usemtl scene_material
f 1618//4858 1619//4857 1649//4856 
usemtl scene_material
f 1621//4861 1622//4860 1649//4859 
usemtl Polygon_XSIPOLYCLS.boeing747_material2
f 1623//4864 1624//4863 1613//4862 
usemtl scene_material
f 1625//4867 1626//4866 1647//4865 
usemtl scene_material
f 1628//4870 1629//4869 1636//4868 
usemtl scene_material
f 1629//4873 1631//4872 1651//4871 
usemtl scene_material
f 1633//4876 1627//4875 1625//4874 
usemtl Polygon_XSIPOLYCLS.boeing747_material2
f 1634//4879 1628//4878 1644//4877 
usemtl scene_material
f 1623//4882 1614//4881 1615//4880 
usemtl scene_material
f 1628//4885 1635//4884 1644//4883 
usemtl scene_material
f 1637//4888 1638//4887 1648//4886 
usemtl scene_material
f 1640//4891 1641//4890 1643//4889 
usemtl scene_material
f 1638//4894 1643//4893 1641//4892 
usemtl scene_material
f 1642//4897 1637//4896 1648//4895 
usemtl scene_material
f 1634//4900 1635//4899 1632//4898 
usemtl scene_material
f 1645//4903 1607//4902 1608//4901 
usemtl scene_material
f 1633//4906 1611//4905 1609//4904 
usemtl scene_material
f 1646//4909 1626//4908 1611//4907 
usemtl Polygon_XSIPOLYCLS.boeing747_material2
f 1641//4912 1648//4911 1638//4910 
usemtl scene_material
f 1630//4915 1632//4914 1629//4913 
usemtl scene_material
f 1607//4918 1649//4917 1622//4916 
usemtl Polygon_XSIPOLYCLS.boeing747_material2
f 1633//4921 1647//4920 1646//4919 
usemtl scene_material
f 1608//4924 1621//4923 1645//4922 
usemtl scene_material
f 1624//4927 1617//4926 1612//4925 
#end 1642 faces
