# XSI Wavefront OBJ Export v3.0
# File Created: Sat May 23 05:47:57 2009
# XSI Version: 7.5.191.0
mtllib boeing_triangles.mtl

o polymsh6
# Hierarchy (from self to top father)
g polymsh6

#begin 3686 vertices
v -14.698807 1.381663 121.582946
v -14.842394 1.003733 123.010315
v -14.692505 1.381663 122.683655
v -14.848712 1.013010 121.256534
v -15.598495 -0.854177 121.256533
v -15.743190 -1.219167 121.583069
v -15.736886 -1.219167 122.683897
v -15.588452 -0.854177 123.010313
v -14.641492 1.381663 131.592592
v -14.785079 1.003733 133.019961
v -14.635189 1.381663 132.693298
v -14.791396 1.013010 131.266174
v -15.541179 -0.854177 131.266175
v -15.685874 -1.219167 131.592714
v -15.679571 -1.219167 132.693543
v -15.531137 -0.854177 133.019960
v -14.584141 1.381663 141.608337
v -14.727729 1.003733 143.035706
v -14.577838 1.381663 142.709045
v -14.734045 1.013010 141.281920
v -15.483829 -0.854177 141.281921
v -15.628524 -1.219167 141.608460
v -15.622220 -1.219167 142.709289
v -15.473787 -0.854177 143.035706
v -17.264357 -12.627799 -132.012272
v -17.325550 -13.005729 -130.584905
v -17.402887 -12.627799 -130.911565
v -17.107735 -12.996451 -132.338689
v -16.522530 -14.863639 -132.338689
v -16.449233 -15.228629 -132.012150
v -16.587779 -15.228629 -130.911319
v -16.743253 -14.863639 -130.584904
v -23.119112 -15.616942 -36.691152
v -23.021649 -15.994872 -35.263784
v -23.139055 -15.616942 -35.590444
v -22.992901 -15.985595 -37.017568
v -22.383609 -17.852782 -37.017567
v -22.270423 -18.217772 -36.691029
v -22.290368 -18.217772 -35.590199
v -22.415384 -17.852782 -35.263784
v -22.765077 -15.778578 -53.320267
v -22.667614 -16.156508 -51.892899
v -22.785019 -15.778578 -52.219557
v -22.638866 -16.147231 -53.646682
v -22.029575 -18.014419 -53.646684
v -21.916389 -18.379408 -53.320145
v -21.936334 -18.379408 -52.219315
v -22.061350 -18.014418 -51.892898
v -22.757411 -15.621554 -56.571407
v -22.659949 -15.999484 -55.144039
v -22.777354 -15.621553 -55.470697
v -22.631200 -15.990206 -56.897822
v -22.021909 -17.857394 -56.897824
v -21.908723 -18.222384 -56.571285
v -21.928668 -18.222384 -55.470455
v -22.053684 -17.857394 -55.144038
v -22.740444 -15.492648 -59.829462
v -22.642981 -15.870577 -58.402094
v -22.760388 -15.492648 -58.728755
v -22.614234 -15.861300 -60.155879
v -22.004942 -17.728487 -60.155877
v -21.891756 -18.093477 -59.829339
v -21.911701 -18.093477 -58.728510
v -22.036718 -17.728488 -58.402097
v -22.679715 -15.363493 -63.089578
v -22.613132 -15.741422 -61.662209
v -22.723514 -15.363493 -61.988870
v -22.546375 -15.732145 -63.415993
v -21.936806 -17.599332 -63.415994
v -21.830643 -17.964323 -63.089455
v -21.874447 -17.964322 -61.988626
v -22.006592 -17.599332 -61.662209
v -22.592234 -15.234342 -66.347634
v -22.525651 -15.612272 -64.920265
v -22.636033 -15.234342 -65.246926
v -22.458894 -15.602995 -66.674049
v -21.849325 -17.470182 -66.674050
v -21.743162 -17.835172 -66.347512
v -21.786966 -17.835172 -65.246682
v -21.919111 -17.470182 -64.920266
v -22.504753 -15.105192 -69.605690
v -22.438170 -15.483121 -68.178322
v -22.548552 -15.105192 -68.504981
v -22.371413 -15.473844 -69.932107
v -21.761844 -17.341032 -69.932106
v -21.655681 -17.706022 -69.605568
v -21.699485 -17.706022 -68.504737
v -21.831630 -17.341031 -68.178322
v -22.417272 -14.976042 -72.863748
v -22.350689 -15.353971 -71.436379
v -22.461071 -14.976041 -71.763039
v -22.283932 -15.344694 -73.190163
v -21.674363 -17.211881 -73.190164
v -21.568200 -17.576871 -72.863625
v -21.612004 -17.576871 -71.762795
v -21.744149 -17.211881 -71.436379
v -22.329791 -14.846891 -76.121803
v -22.263208 -15.224820 -74.694434
v -22.373590 -14.846891 -75.021096
v -22.196450 -15.215543 -76.448218
v -21.586881 -17.082731 -76.448217
v -21.480719 -17.447721 -76.121681
v -21.524524 -17.447722 -75.020854
v -21.656668 -17.082731 -74.694435
v -22.242310 -14.717740 -79.379860
v -22.175728 -15.095671 -77.952494
v -22.286110 -14.717741 -78.279153
v -22.108970 -15.086393 -79.706278
v -21.499401 -16.953581 -79.706278
v -21.393238 -17.318571 -79.379737
v -21.437043 -17.318571 -78.278910
v -21.569187 -16.953580 -77.952491
v -22.154829 -14.588590 -82.637915
v -22.088446 -14.966018 -81.209477
v -22.198628 -14.588590 -81.537208
v -22.021733 -14.956486 -82.964339
v -21.445074 -16.823043 -82.964195
v -21.343043 -17.188649 -82.636685
v -21.364222 -17.189290 -81.533881
v -21.481773 -16.824452 -81.206313
v -22.089702 -14.456984 -85.894092
v -22.005374 -14.834821 -84.466698
v -22.111927 -14.457122 -84.793421
v -21.974125 -14.825497 -86.220469
v -21.420591 -16.692685 -86.220469
v -21.318721 -17.057676 -85.893931
v -21.340071 -17.057676 -84.793101
v -21.454604 -16.692685 -84.466684
v -21.836121 -14.328732 -89.654779
v -21.894401 -14.706661 -88.227409
v -21.967447 -14.328732 -88.554072
v -21.687907 -14.697384 -89.981196
v -21.134469 -16.564572 -89.981196
v -21.065243 -16.929562 -89.654656
v -21.196584 -16.929562 -88.553826
v -21.343713 -16.564572 -88.227412
v -21.485668 -14.199826 -92.912348
v -21.543948 -14.577755 -91.484978
v -21.616994 -14.199826 -91.811641
v -21.337454 -14.568478 -93.238764
v -20.784015 -16.435666 -93.238765
v -20.714791 -16.800656 -92.912228
v -20.846131 -16.800656 -91.811395
v -20.993259 -16.435665 -91.484978
v -21.148326 -14.026486 -96.170406
v -21.206606 -14.404415 -94.743035
v -21.279651 -14.026485 -95.069694
v -21.000112 -14.395138 -96.496822
v -20.446673 -16.262326 -96.496819
v -20.377449 -16.627316 -96.170281
v -20.508789 -16.627315 -95.069451
v -20.655918 -16.262326 -94.743038
v -20.790947 -13.920651 -99.428705
v -20.849227 -14.298580 -98.001335
v -20.922273 -13.920651 -98.327999
v -20.642733 -14.289303 -99.755121
v -20.089294 -16.156491 -99.755121
v -20.020069 -16.521481 -99.428582
v -20.151410 -16.521481 -98.327752
v -20.298539 -16.156491 -98.001337
v -20.433568 -13.814816 -102.687007
v -20.491849 -14.192746 -101.259641
v -20.564894 -13.814816 -101.586300
v -20.285354 -14.183468 -103.013423
v -19.731915 -16.050656 -103.013422
v -19.662691 -16.415646 -102.686884
v -19.794031 -16.415646 -101.586054
v -19.941160 -16.050656 -101.259638
v -20.076188 -13.708981 -105.945306
v -20.134469 -14.086911 -104.517941
v -20.207514 -13.708981 -104.844600
v -19.927974 -14.077633 -106.271722
v -19.374536 -15.944821 -106.271723
v -19.305312 -16.309811 -105.945185
v -19.436652 -16.309811 -104.844355
v -19.583781 -15.944821 -104.517939
v -19.718810 -13.603146 -109.203608
v -19.777090 -13.981076 -107.776237
v -19.850136 -13.603146 -108.102900
v -19.570596 -13.971799 -109.530024
v -19.017157 -15.838986 -109.530024
v -18.947932 -16.203976 -109.203486
v -19.079273 -16.203976 -108.102656
v -19.226401 -15.838986 -107.776240
v -19.361430 -13.497311 -112.461908
v -19.419711 -13.875241 -111.034540
v -19.492756 -13.497311 -111.361201
v -19.213216 -13.865963 -112.788324
v -18.659778 -15.733151 -112.788325
v -18.590553 -16.098141 -112.461787
v -18.721894 -16.098141 -111.360957
v -18.869022 -15.733151 -111.034541
v -19.004051 -13.391476 -115.720208
v -19.062332 -13.769406 -114.292842
v -19.135377 -13.391476 -114.619503
v -18.855837 -13.760128 -116.046627
v -18.302399 -15.627316 -116.046626
v -18.233174 -15.992306 -115.720086
v -18.364514 -15.992306 -114.619258
v -18.511643 -15.627316 -114.292840
v -18.660068 -13.221676 -119.025142
v -18.718348 -13.599606 -117.597773
v -18.791394 -13.221676 -117.924432
v -18.511854 -13.590329 -119.351556
v -17.958415 -15.457516 -119.351556
v -17.889191 -15.822506 -119.025019
v -18.020531 -15.822507 -117.924187
v -18.167660 -15.457516 -117.597772
v -18.343885 -12.996213 -122.235345
v -18.402115 -13.374273 -120.808077
v -18.475211 -12.996212 -121.134639
v -18.195639 -13.364975 -122.561759
v -17.637429 -15.232473 -122.561527
v -17.564135 -15.597333 -122.235302
v -17.702720 -15.597013 -121.134928
v -17.851427 -15.232037 -120.808431
v -17.980782 -12.909787 -125.493403
v -18.038842 -13.288300 -124.066411
v -18.112108 -12.909787 -124.392694
v -17.832398 -13.279013 -125.819801
v -17.254236 -15.146729 -125.819835
v -17.180964 -15.511514 -125.493605
v -17.319487 -15.511265 -124.393561
v -17.474918 -15.146183 -124.067667
v -17.626435 -12.781674 -128.752128
v -17.687505 -13.159967 -127.324848
v -17.761458 -12.781129 -127.651281
v -17.469627 -13.150871 -129.078677
v -16.884423 -15.018057 -129.078680
v -16.811126 -15.383049 -128.752138
v -16.949671 -15.383048 -127.651312
v -17.105146 -15.018058 -127.324893
v -6.732372 -16.388403 210.659777
v -6.229420 -16.771095 212.081450
v -6.211320 -16.388404 211.760488
v -7.051941 -16.759386 210.333737
v -7.735544 -18.578882 210.361085
v -7.482242 -19.005478 210.667270
v -7.092410 -18.989052 211.729791
v -6.962670 -18.683141 212.016060
v -8.331878 -16.349756 207.285810
v -7.907043 -16.712442 208.740425
v -7.812911 -16.349758 208.386526
v -8.725376 -16.700134 206.995312
v -9.046967 -18.613300 206.968527
v -8.840588 -18.977277 207.290949
v -8.452059 -18.963169 208.352252
v -8.421692 -18.594941 208.650065
v -9.959473 -16.388553 203.911964
v -9.579357 -16.789777 205.334719
v -9.440506 -16.388553 205.012668
v -10.398372 -16.775660 203.587760
v -10.391191 -18.663303 203.589556
v -10.099746 -19.027183 203.914125
v -9.647947 -19.021456 204.992441
v -9.739616 -18.653373 205.298700
v -11.437720 -16.446746 200.576884
v -11.083160 -16.853796 202.026247
v -10.918753 -16.446746 201.677594
v -11.808140 -16.837871 200.231968
v -11.625282 -18.727601 200.252524
v -11.450358 -19.091288 200.577653
v -10.977684 -19.090471 201.676055
v -10.832525 -18.725237 202.000803
v -12.569514 -16.443474 197.443292
v -12.163619 -16.828234 198.869097
v -12.218720 -16.433411 198.546271
v -12.623086 -16.822209 197.114307
v -12.460295 -18.689396 197.114306
v -12.343017 -19.054524 197.441050
v -12.049977 -19.054656 198.542046
v -11.996297 -18.689660 198.868410
v -13.523116 -16.453989 193.795286
v -13.116953 -16.831562 195.222598
v -13.235287 -16.453557 194.896112
v -13.572269 -16.822632 193.468767
v -13.410031 -18.689193 193.468592
v -13.296431 -19.054193 193.795235
v -13.008471 -19.054386 194.896355
v -12.954934 -18.689396 195.222771
v -14.331529 -16.449471 190.106534
v -14.016287 -16.828519 191.534999
v -14.101529 -16.449471 191.207242
v -14.383451 -16.818123 189.780118
v -14.300782 -18.686043 189.780863
v -14.205141 -19.052404 190.109106
v -13.934190 -19.052921 191.210022
v -13.885807 -18.687812 191.535577
v -15.064877 -16.449471 186.596948
v -14.749926 -16.827401 188.024316
v -14.834877 -16.449471 187.697656
v -15.116799 -16.818123 186.270532
v -15.034324 -18.685311 186.270535
v -14.949969 -19.050301 186.597070
v -14.719945 -19.050301 187.697900
v -14.667860 -18.685311 188.024316
v -15.832549 -16.449210 182.952095
v -15.511555 -16.827329 184.379389
v -15.596598 -16.449036 184.052844
v -15.886248 -16.818076 182.625634
v -15.803821 -18.685325 182.625658
v -15.717702 -19.050351 182.952237
v -15.481772 -19.050333 184.052862
v -15.429559 -18.685310 184.379052
v -16.574763 -16.448790 179.304386
v -16.291545 -16.826854 180.733055
v -16.373285 -16.450786 180.404566
v -16.631805 -16.815837 178.978486
v -16.585457 -18.684360 178.979450
v -16.499111 -19.050294 179.306946
v -16.263136 -19.050293 180.407771
v -16.209276 -18.685303 180.734184
v -17.238637 -16.445860 175.677960
v -16.974639 -16.823789 177.105328
v -17.037155 -16.445860 176.778668
v -17.295731 -16.814512 175.351544
v -17.282281 -18.681699 175.351544
v -17.219880 -19.046690 175.678082
v -17.018376 -19.046690 176.778912
v -16.961256 -18.681699 177.105328
v -17.859843 -16.442930 172.284377
v -17.595845 -16.820860 173.711749
v -17.658362 -16.442930 173.385086
v -17.916938 -16.811582 171.957966
v -17.903488 -18.678770 171.957965
v -17.841087 -19.043760 172.284505
v -17.639583 -19.043760 173.385330
v -17.582463 -18.678770 173.711748
v -18.353005 -16.442822 168.706480
v -18.191892 -16.820752 170.133852
v -18.230883 -16.442822 169.807188
v -18.386540 -16.811475 168.380069
v -18.372957 -18.678662 168.380064
v -18.334073 -19.043653 168.706603
v -18.211938 -19.043653 169.807434
v -18.178377 -18.678662 170.133850
v -18.725473 -16.445630 165.349182
v -18.564359 -16.823559 166.776543
v -18.603351 -16.445631 166.449889
v -18.759007 -16.814283 165.022768
v -18.745425 -18.681470 165.022766
v -18.706541 -19.046460 165.349302
v -18.584405 -19.046460 166.450132
v -18.550845 -18.681470 166.776545
v -20.229408 -16.440035 150.310692
v -20.092489 -16.817965 151.738061
v -20.119921 -16.440034 151.411396
v -20.266812 -16.808688 149.984277
v -20.291808 -18.675875 149.984277
v -20.264214 -19.040865 150.310814
v -20.154715 -19.040865 151.411641
v -20.117361 -18.675875 151.738059
v -20.429799 -16.440152 146.734144
v -20.394085 -16.818083 148.161520
v -20.398363 -16.440153 147.834852
v -20.444049 -16.808806 146.407737
v -20.469004 -18.675993 146.407735
v -20.464556 -19.040984 146.734273
v -20.433116 -19.040983 147.835102
v -20.418916 -18.675993 148.161518
v -20.523772 -16.440276 143.443868
v -20.488057 -16.818205 144.871231
v -20.492335 -16.440275 144.544573
v -20.538021 -16.808928 143.117450
v -20.562976 -18.676115 143.117447
v -20.558528 -19.041105 143.443985
v -20.527088 -19.041105 144.544813
v -20.512888 -18.676115 144.871238
v -20.617743 -16.440397 140.153581
v -20.582029 -16.818327 141.580953
v -20.586307 -16.440397 141.254287
v -20.631992 -16.809049 139.827163
v -20.656948 -18.676238 139.827171
v -20.652499 -19.041227 140.153700
v -20.621061 -19.041228 141.254537
v -20.606860 -18.676237 141.580953
v -20.717104 -16.440992 136.863552
v -20.676000 -16.818627 138.290773
v -20.681450 -16.440502 137.964390
v -20.728207 -16.809713 136.537008
v -20.750919 -18.676420 136.536949
v -20.746472 -19.041350 136.863421
v -20.715032 -19.041349 137.964250
v -20.700831 -18.676359 138.290664
v -20.823652 -16.441834 133.573397
v -20.777975 -16.819268 135.000616
v -20.788008 -16.441834 134.674106
v -20.834751 -16.810287 133.246984
v -20.844895 -18.676983 133.246674
v -20.840450 -19.041756 133.573018
v -20.809002 -19.041867 134.674212
v -20.794794 -18.676912 135.000868
v -20.930202 -16.441956 130.283115
v -20.884519 -16.819816 131.710550
v -20.894557 -16.441956 131.383824
v -20.941300 -16.810608 129.956698
v -20.943978 -18.677762 129.956662
v -20.934420 -19.042618 130.283010
v -20.902965 -19.042610 131.384304
v -20.888742 -18.677711 131.711338
v -21.036443 -16.441956 127.002331
v -20.990762 -16.819886 128.429699
v -21.000799 -16.441956 128.103038
v -21.047542 -16.810609 126.675914
v -21.050218 -18.677796 126.675914
v -21.040167 -19.042786 127.002452
v -21.004519 -19.042786 128.103282
v -20.993425 -18.677796 128.429698
v -21.142685 -16.441956 123.721545
v -21.097004 -16.819886 125.148914
v -21.107040 -16.441956 124.822254
v -21.153783 -16.810608 123.395130
v -21.156459 -18.677796 123.395130
v -21.146408 -19.042786 123.721668
v -21.110760 -19.042786 124.822498
v -21.099667 -18.677796 125.148914
v -21.250433 -16.441956 120.394225
v -21.204752 -16.819886 121.821593
v -21.214789 -16.441956 121.494934
v -21.261532 -16.810608 120.067810
v -21.264208 -18.677796 120.067809
v -21.254157 -19.042786 120.394348
v -21.218509 -19.042786 121.495177
v -21.207415 -18.677796 121.821593
v -21.343865 -16.441956 117.508996
v -21.298184 -16.819886 118.936365
v -21.308221 -16.441957 118.609706
v -21.354963 -16.810608 117.182579
v -21.357640 -18.677796 117.182581
v -21.347589 -19.042786 117.509117
v -21.311941 -19.042786 118.609949
v -21.300847 -18.677796 118.936365
v -21.447093 -16.441956 114.321284
v -21.401413 -16.819886 115.748656
v -21.411448 -16.441956 115.421992
v -21.458191 -16.810608 113.994866
v -21.460867 -18.677796 113.994867
v -21.450816 -19.042786 114.321404
v -21.415169 -19.042786 115.422238
v -21.404075 -18.677796 115.748654
v -21.541278 -16.441957 111.412788
v -21.495597 -16.819885 112.840153
v -21.505634 -16.441957 112.513497
v -21.552377 -16.810608 111.086370
v -21.555053 -18.677796 111.086371
v -21.545002 -19.042786 111.412909
v -21.509354 -19.042786 112.513740
v -21.498261 -18.677796 112.840156
v -21.663980 -16.441956 108.253302
v -21.603658 -16.819886 109.680670
v -21.617044 -16.441956 109.354010
v -21.678430 -16.810608 107.926887
v -21.681117 -18.677796 107.926887
v -21.667718 -19.042786 108.253425
v -21.620776 -19.042786 109.354253
v -21.606332 -18.677795 109.680670
v -21.789319 -16.441912 105.278842
v -21.730493 -16.819863 106.706265
v -21.743883 -16.442074 106.379509
v -21.804358 -16.810481 104.952469
v -21.807951 -18.677771 104.952495
v -21.794551 -19.042786 105.279059
v -21.747609 -19.042786 106.379889
v -21.733165 -18.677796 106.706305
v -22.336650 -16.466352 91.321989
v -22.286367 -16.843420 92.749251
v -22.297047 -16.465607 92.422892
v -22.342648 -16.834854 90.995379
v -22.353513 -18.700680 90.994892
v -22.351779 -19.065642 91.321618
v -22.312222 -19.066108 92.423309
v -22.297195 -18.701143 92.749902
v -22.376145 -16.420655 87.999275
v -22.360959 -16.798549 89.426626
v -22.362613 -16.420559 89.100009
v -22.381585 -16.789329 87.672836
v -22.392439 -18.656442 87.672834
v -22.390711 -19.021432 87.999371
v -22.377731 -19.021432 89.100203
v -22.371760 -18.656442 89.426619
v -22.460227 -16.377927 84.680065
v -22.418887 -16.755329 86.107006
v -22.432559 -16.377927 85.780773
v -22.463091 -16.746580 84.353650
v -22.436052 -18.613273 84.353126
v -22.429603 -18.977676 84.678997
v -22.416617 -18.977669 85.780259
v -22.410634 -18.612763 86.107249
v -22.544343 -16.333222 81.359547
v -22.502987 -16.711152 82.786916
v -22.516675 -16.333223 82.460255
v -22.547207 -16.701875 81.033132
v -22.520151 -18.569063 81.033132
v -22.506654 -18.934053 81.359670
v -22.478982 -18.934053 82.460500
v -22.476066 -18.569063 82.786916
v -22.628459 -16.288518 78.039028
v -22.587104 -16.666449 79.466399
v -22.600791 -16.288518 79.139737
v -22.631322 -16.657170 77.712611
v -22.604267 -18.524358 77.712614
v -22.590770 -18.889349 78.039152
v -22.563098 -18.889349 79.139982
v -22.560182 -18.524358 79.466398
v -22.712575 -16.243814 74.718510
v -22.671220 -16.621744 76.145881
v -22.684906 -16.243814 75.819218
v -22.715438 -16.612466 74.392094
v -22.688383 -18.479654 74.392097
v -22.674886 -18.844644 74.718634
v -22.647214 -18.844644 75.819464
v -22.644298 -18.479654 76.145880
v -22.797741 -16.185622 71.364047
v -22.756384 -16.563551 72.791414
v -22.770072 -16.185621 72.464755
v -22.800604 -16.554274 71.037631
v -22.773548 -18.421461 71.037630
v -22.760051 -18.786451 71.364169
v -22.732379 -18.786451 72.464997
v -22.729463 -18.421461 72.791414
v -22.841733 -16.124141 67.981695
v -22.825970 -16.502072 69.409066
v -22.833794 -16.124142 69.082404
v -22.838753 -16.492794 67.655279
v -22.811733 -18.359981 67.655279
v -22.804097 -18.724972 67.981819
v -22.796157 -18.724972 69.082650
v -22.799084 -18.359982 69.409065
v -22.865463 -16.140255 64.659310
v -22.849699 -16.518185 66.086676
v -22.857523 -16.140255 65.760015
v -22.862483 -16.508908 64.332895
v -22.835463 -18.376096 64.332895
v -22.827825 -18.741085 64.659429
v -22.819887 -18.741086 65.760262
v -22.822813 -18.376095 66.086676
v -22.890876 -16.039981 61.336919
v -22.875113 -16.417912 62.764290
v -22.882937 -16.039982 62.437629
v -22.887895 -16.408634 61.010504
v -22.860876 -18.275822 61.010505
v -22.853239 -18.640812 61.337042
v -22.845299 -18.640812 62.437872
v -22.848227 -18.275822 62.764289
v -22.914605 -16.056095 58.014531
v -22.898842 -16.434025 59.441901
v -22.906666 -16.056095 59.115240
v -22.911625 -16.424747 57.688115
v -22.884605 -18.291935 57.688116
v -22.876969 -18.656925 58.014656
v -22.869029 -18.656925 59.115485
v -22.871956 -18.291935 59.441902
v -22.939129 -16.017399 54.692023
v -22.923365 -16.395328 56.119389
v -22.931190 -16.017399 55.792732
v -22.936149 -16.386051 54.365607
v -22.909129 -18.253239 54.365607
v -22.901492 -18.618229 54.692145
v -22.893552 -18.618229 55.792976
v -22.896480 -18.253239 56.119391
v -22.987400 -15.940006 48.154547
v -22.971637 -16.317936 49.581916
v -22.979461 -15.940006 49.255256
v -22.984420 -16.308659 47.828131
v -22.957400 -18.175846 47.828131
v -22.949763 -18.540836 48.154669
v -22.941823 -18.540836 49.255500
v -22.944751 -18.175846 49.581916
v -23.037134 -15.862492 41.414436
v -23.021369 -16.240660 42.841466
v -23.029196 -15.862492 42.515145
v -23.034151 -16.231368 41.088019
v -22.998766 -18.098961 41.088210
v -22.986919 -18.463814 41.414444
v -22.985695 -18.463409 42.514186
v -22.994482 -18.098331 42.840009
v -23.186943 -15.590001 -33.432558
v -23.089480 -15.967930 -32.005188
v -23.206886 -15.590001 -32.331848
v -23.060732 -15.958653 -33.758974
v -22.451440 -17.825841 -33.758975
v -22.338255 -18.190831 -33.432436
v -22.358200 -18.190831 -32.331607
v -22.483216 -17.825841 -32.005189
v -23.242563 -15.603471 -30.120103
v -23.145100 -15.981401 -28.692734
v -23.262506 -15.603472 -29.019395
v -23.116352 -15.972124 -30.446519
v -22.507061 -17.839311 -30.446518
v -22.393875 -18.204301 -30.119980
v -22.413820 -18.204302 -29.019150
v -22.538836 -17.839311 -28.692735
v -23.306243 -15.590001 -26.848045
v -23.209571 -15.965282 -25.422006
v -23.326186 -15.590001 -25.747336
v -23.180032 -15.958653 -27.174461
v -22.571656 -17.822333 -27.178509
v -22.514948 -18.184670 -26.854499
v -22.592435 -18.186357 -25.747031
v -22.683760 -17.822053 -25.415479
v -23.361863 -15.603471 -23.535590
v -23.266452 -15.973883 -22.110814
v -23.381806 -15.603471 -22.434882
v -23.236832 -15.968244 -23.862005
v -22.792641 -17.829144 -23.864625
v -22.747425 -18.191762 -23.540681
v -22.825019 -18.191787 -22.439771
v -22.916587 -17.826805 -22.113302
v -23.366744 -15.560360 -20.253483
v -23.363355 -15.947577 -18.828775
v -23.351788 -15.557830 -19.152106
v -23.363539 -15.939286 -20.580611
v -23.056039 -17.812103 -20.582885
v -23.026743 -18.173737 -20.260585
v -23.121793 -18.173094 -19.157511
v -23.161551 -17.808731 -18.826838
v -23.309562 -15.520866 -16.933355
v -23.367677 -15.917616 -15.506487
v -23.294256 -15.518608 -15.832031
v -23.367907 -15.904739 -17.260455
v -23.164817 -17.784915 -17.260524
v -23.125368 -18.149905 -16.933985
v -23.125848 -18.149905 -15.833156
v -23.165579 -17.784914 -15.506739
v -23.239842 -15.457359 -13.673454
v -23.374038 -15.865406 -12.246591
v -23.224285 -15.455567 -12.572210
v -23.373745 -15.849305 -14.000519
v -23.171266 -17.738528 -14.000636
v -23.131817 -18.103518 -13.674097
v -23.132297 -18.103518 -12.573268
v -23.172028 -17.738527 -12.246851
v -23.176221 -15.414554 -10.380307
v -23.337009 -15.825912 -8.953811
v -23.161348 -15.414555 -9.279599
v -23.355445 -15.808094 -10.706771
v -23.176719 -17.701339 -10.706833
v -23.137307 -18.065999 -10.380844
v -23.137831 -18.065424 -9.281893
v -23.177555 -17.700247 -8.956740
v -23.168045 -15.445649 -7.097852
v -23.354633 -15.855037 -5.668909
v -23.201322 -15.448555 -5.998052
v -23.331590 -15.835217 -7.423574
v -23.172363 -17.728324 -7.422502
v -23.128786 -18.094449 -7.094750
v -23.116144 -18.094449 -5.993919
v -23.152099 -17.729458 -5.667503
v -23.264998 -15.458553 -3.797846
v -23.318308 -15.850914 -2.369164
v -23.297687 -15.466413 -2.699238
v -23.339441 -15.834065 -4.122214
v -23.135820 -17.715988 -4.122298
v -23.092366 -18.080978 -3.795760
v -23.079724 -18.080978 -2.694930
v -23.115679 -17.715988 -2.368514
v -23.331436 -15.411540 -0.484015
v -23.287117 -15.790306 0.943745
v -23.331823 -15.413818 0.616082
v -23.308396 -15.779679 -0.809832
v -23.105106 -17.648634 -0.809843
v -23.061653 -18.013625 -0.483305
v -23.049011 -18.013625 0.617524
v -23.084966 -17.648635 0.943940
v -23.308772 -15.399324 2.761701
v -23.251269 -15.777254 4.189069
v -23.296132 -15.399324 3.862409
v -23.272418 -15.767976 2.435286
v -23.069305 -17.635164 2.435285
v -23.025851 -18.000154 2.761823
v -23.013210 -18.000155 3.862653
v -23.049165 -17.635164 4.189069
v -23.270929 -15.398938 6.060620
v -23.216137 -15.774360 7.484641
v -23.258315 -15.398674 7.161399
v -23.234541 -15.767915 5.734133
v -23.031623 -17.633091 5.731916
v -23.018599 -17.994958 6.054615
v -23.092287 -17.993914 7.153826
v -23.130897 -17.628924 7.480242
v -23.282826 -15.392583 9.359064
v -23.259905 -15.770843 10.786113
v -23.274476 -15.391695 10.460008
v -23.265425 -15.762003 9.032412
v -23.177227 -17.629006 9.032346
v -23.159941 -17.993888 9.358746
v -23.159783 -17.993821 10.459360
v -23.176978 -17.628809 10.785630
v -23.060573 -15.683534 31.376891
v -23.060901 -16.119158 32.804839
v -23.060632 -15.683533 32.477331
v -23.056795 -16.082886 31.051166
v -23.025874 -18.022516 31.051012
v -23.011755 -18.387506 31.377549
v -23.002892 -18.387506 32.478379
v -23.011754 -18.022516 32.804797
v -23.078725 -15.786676 34.673714
v -23.065233 -16.164606 36.101083
v -23.077493 -15.786675 35.774421
v -23.067488 -16.155328 34.347298
v -23.008724 -18.022516 34.347298
v -22.996872 -18.387506 34.673835
v -22.995640 -18.387506 35.774667
v -23.006762 -18.022516 36.101082
v 14.698807 1.381663 121.582946
v 14.842394 1.003733 123.010315
v 14.692505 1.381663 122.683655
v 14.848712 1.013010 121.256534
v 15.853205 -0.854177 121.256533
v 15.997899 -1.219167 121.583069
v 15.991596 -1.219167 122.683897
v 15.843162 -0.854177 123.010313
v 14.641492 1.381663 131.592592
v 14.785079 1.003733 133.019961
v 14.635189 1.381663 132.693298
v 14.791396 1.013010 131.266174
v 15.795889 -0.854177 131.266175
v 15.940584 -1.219167 131.592714
v 15.934280 -1.219167 132.693543
v 15.785847 -0.854177 133.019960
v 14.584141 1.381663 141.608337
v 14.727729 1.003733 143.035706
v 14.577838 1.381663 142.709045
v 14.734045 1.013010 141.281920
v 15.738538 -0.854177 141.281921
v 15.883233 -1.219167 141.608460
v 15.876930 -1.219167 142.709289
v 15.728496 -0.854177 143.035706
v 17.264357 -12.627799 -132.012272
v 17.325550 -13.005729 -130.584905
v 17.402887 -12.627799 -130.911565
v 17.107735 -12.996451 -132.338689
v 16.522530 -14.863639 -132.338689
v 16.449233 -15.228629 -132.012150
v 16.587779 -15.228629 -130.911319
v 16.743253 -14.863639 -130.584904
v 23.175068 -15.616942 -36.691152
v 23.077606 -15.994872 -35.263784
v 23.195012 -15.616942 -35.590444
v 23.048858 -15.985595 -37.017568
v 22.733407 -17.852782 -37.017567
v 22.620221 -18.217772 -36.691029
v 22.640166 -18.217772 -35.590199
v 22.765182 -17.852782 -35.263784
v 23.105264 -15.778578 -53.320267
v 23.007801 -16.156508 -51.892899
v 23.125206 -15.778578 -52.219557
v 22.979052 -16.147231 -53.646682
v 22.590949 -18.014419 -53.646684
v 22.477763 -18.379408 -53.320145
v 22.497708 -18.379408 -52.219315
v 22.622724 -18.014418 -51.892898
v 23.097598 -15.621554 -56.571407
v 23.000135 -15.999484 -55.144039
v 23.117540 -15.621553 -55.470697
v 22.971387 -15.990206 -56.897822
v 22.362096 -17.857394 -56.897824
v 22.248910 -18.222384 -56.571285
v 22.268855 -18.222384 -55.470455
v 22.393871 -17.857394 -55.144038
v 22.740444 -15.492648 -59.829462
v 22.755319 -15.870577 -58.402094
v 22.872725 -15.492648 -58.728755
v 22.614234 -15.861300 -60.155879
v 22.004942 -17.728487 -60.155877
v 21.891756 -18.093477 -59.829339
v 21.981600 -18.093477 -58.728510
v 22.106617 -17.728488 -58.402097
v 22.679715 -15.363493 -63.089578
v 22.613132 -15.741422 -61.662209
v 22.723514 -15.363493 -61.988870
v 22.546375 -15.732145 -63.415993
v 21.936806 -17.599332 -63.415994
v 21.830643 -17.964323 -63.089455
v 21.874447 -17.964322 -61.988626
v 22.006592 -17.599332 -61.662209
v 22.592234 -15.234342 -66.347634
v 22.525651 -15.612272 -64.920265
v 22.636033 -15.234342 -65.246926
v 22.458894 -15.602995 -66.674049
v 21.849325 -17.470182 -66.674050
v 21.743162 -17.835172 -66.347512
v 21.786966 -17.835172 -65.246682
v 21.919111 -17.470182 -64.920266
v 22.504753 -15.105192 -69.605690
v 22.438170 -15.483121 -68.178322
v 22.548552 -15.105192 -68.504981
v 22.371413 -15.473844 -69.932107
v 21.827870 -17.341032 -69.932106
v 21.721707 -17.706022 -69.605568
v 21.765511 -17.706022 -68.504737
v 21.897656 -17.341031 -68.178322
v 22.417272 -14.976042 -72.863748
v 22.350689 -15.353971 -71.436379
v 22.461071 -14.976041 -71.763039
v 22.283932 -15.344694 -73.190163
v 21.740389 -17.211881 -73.190164
v 21.634226 -17.576871 -72.863625
v 21.678030 -17.576871 -71.762795
v 21.810175 -17.211881 -71.436379
v 22.329791 -14.846891 -76.121803
v 22.263208 -15.224820 -74.694434
v 22.373590 -14.846891 -75.021096
v 22.196450 -15.215543 -76.448218
v 21.642126 -17.082731 -76.448217
v 21.535964 -17.447721 -76.121681
v 21.579769 -17.447722 -75.020854
v 21.711913 -17.082731 -74.694435
v 22.242310 -14.717740 -79.379860
v 22.175728 -15.095671 -77.952494
v 22.286110 -14.717741 -78.279153
v 22.108970 -15.086393 -79.706278
v 21.554647 -16.953581 -79.706278
v 21.448483 -17.318571 -79.379737
v 21.492288 -17.318571 -78.278910
v 21.624432 -16.953580 -77.952491
v 22.154829 -14.588590 -82.637915
v 22.088446 -14.966018 -81.209477
v 22.198628 -14.588590 -81.537208
v 22.021733 -14.956486 -82.964339
v 21.445074 -16.823043 -82.964195
v 21.343043 -17.188649 -82.636685
v 21.426919 -17.189290 -81.533881
v 21.544469 -16.824452 -81.206313
v 22.089702 -14.456984 -85.894092
v 22.005374 -14.834821 -84.466698
v 22.111927 -14.457122 -84.793421
v 21.974125 -14.825497 -86.220469
v 21.420591 -16.692685 -86.220469
v 21.318721 -17.057676 -85.893931
v 21.340071 -17.057676 -84.793101
v 21.454604 -16.692685 -84.466684
v 21.836121 -14.328732 -89.654779
v 21.894401 -14.706661 -88.227409
v 21.967447 -14.328732 -88.554072
v 21.687907 -14.697384 -89.981196
v 21.134469 -16.564572 -89.981196
v 21.065243 -16.929562 -89.654656
v 21.196584 -16.929562 -88.553826
v 21.343713 -16.564572 -88.227412
v 21.485668 -14.199826 -92.912348
v 21.543948 -14.577755 -91.484978
v 21.616994 -14.199826 -91.811641
v 21.337454 -14.568478 -93.238764
v 20.784015 -16.435666 -93.238765
v 20.714791 -16.800656 -92.912228
v 20.846131 -16.800656 -91.811395
v 20.993259 -16.435665 -91.484978
v 21.148326 -14.026486 -96.170406
v 21.206606 -14.404415 -94.743035
v 21.279651 -14.026485 -95.069694
v 21.000112 -14.395138 -96.496822
v 20.446673 -16.262326 -96.496819
v 20.377449 -16.627316 -96.170281
v 20.508789 -16.627315 -95.069451
v 20.655918 -16.262326 -94.743038
v 20.790947 -13.920651 -99.428705
v 20.849227 -14.298580 -98.001335
v 20.922273 -13.920651 -98.327999
v 20.642733 -14.289303 -99.755121
v 20.089294 -16.156491 -99.755121
v 20.020069 -16.521481 -99.428582
v 20.151410 -16.521481 -98.327752
v 20.298539 -16.156491 -98.001337
v 20.433568 -13.814816 -102.687007
v 20.491849 -14.192746 -101.259641
v 20.564894 -13.814816 -101.586300
v 20.285354 -14.183468 -103.013423
v 19.731915 -16.050656 -103.013422
v 19.662691 -16.415646 -102.686884
v 19.794031 -16.415646 -101.586054
v 19.941160 -16.050656 -101.259638
v 20.076188 -13.708981 -105.945306
v 20.134469 -14.086911 -104.517941
v 20.207514 -13.708981 -104.844600
v 19.927974 -14.077633 -106.271722
v 19.374536 -15.944821 -106.271723
v 19.305312 -16.309811 -105.945185
v 19.436652 -16.309811 -104.844355
v 19.583781 -15.944821 -104.517939
v 19.718810 -13.603146 -109.203608
v 19.777090 -13.981076 -107.776237
v 19.850136 -13.603146 -108.102900
v 19.570596 -13.971799 -109.530024
v 19.017157 -15.838986 -109.530024
v 18.947932 -16.203976 -109.203486
v 19.079273 -16.203976 -108.102656
v 19.226401 -15.838986 -107.776240
v 19.361430 -13.497311 -112.461908
v 19.419711 -13.875241 -111.034540
v 19.492756 -13.497311 -111.361201
v 19.213216 -13.865963 -112.788324
v 18.659778 -15.733151 -112.788325
v 18.590553 -16.098141 -112.461787
v 18.721894 -16.098141 -111.360957
v 18.869022 -15.733151 -111.034541
v 19.004051 -13.391476 -115.720208
v 19.062332 -13.769406 -114.292842
v 19.135377 -13.391476 -114.619503
v 18.855837 -13.760128 -116.046627
v 18.302399 -15.627316 -116.046626
v 18.233174 -15.992306 -115.720086
v 18.364514 -15.992306 -114.619258
v 18.511643 -15.627316 -114.292840
v 18.660068 -13.221676 -119.025142
v 18.718348 -13.599606 -117.597773
v 18.791394 -13.221676 -117.924432
v 18.511854 -13.590329 -119.351556
v 17.958415 -15.457516 -119.351556
v 17.889191 -15.822506 -119.025019
v 18.020531 -15.822507 -117.924187
v 18.167660 -15.457516 -117.597772
v 18.343885 -12.996213 -122.235345
v 18.402115 -13.374273 -120.808077
v 18.475211 -12.996212 -121.134639
v 18.195639 -13.364975 -122.561759
v 17.637429 -15.232473 -122.561527
v 17.564135 -15.597333 -122.235302
v 17.702720 -15.597013 -121.134928
v 17.851427 -15.232037 -120.808431
v 17.980782 -12.909787 -125.493403
v 18.038842 -13.288300 -124.066411
v 18.112108 -12.909787 -124.392694
v 17.832398 -13.279013 -125.819801
v 17.254236 -15.146729 -125.819835
v 17.180964 -15.511514 -125.493605
v 17.319487 -15.511265 -124.393561
v 17.474918 -15.146183 -124.067667
v 17.626435 -12.781674 -128.752128
v 17.687505 -13.159967 -127.324848
v 17.761458 -12.781129 -127.651281
v 17.469627 -13.150871 -129.078677
v 16.884423 -15.018057 -129.078680
v 16.811126 -15.383049 -128.752138
v 16.949671 -15.383048 -127.651312
v 17.105146 -15.018058 -127.324893
v 6.814197 -16.388403 210.659777
v 6.311245 -16.771095 212.081450
v 6.293144 -16.388404 211.760488
v 7.133766 -16.759386 210.333737
v 7.864301 -18.640630 210.344702
v 7.658118 -19.005478 210.667270
v 7.268286 -18.989052 211.729791
v 7.158147 -18.621392 212.032443
v 8.455749 -16.349756 207.285810
v 7.957699 -16.740471 208.705895
v 7.936782 -16.349758 208.386526
v 8.776032 -16.728163 206.960782
v 9.356469 -18.613300 206.968527
v 9.150090 -18.977277 207.290949
v 8.761561 -18.963169 208.352252
v 8.731194 -18.594941 208.650065
v 10.055035 -16.388553 203.911964
v 9.558192 -16.789777 205.334719
v 9.536067 -16.388553 205.012668
v 10.377207 -16.775660 203.587760
v 10.586026 -18.663303 203.589556
v 10.411307 -19.027183 203.914125
v 9.959508 -19.021456 204.992441
v 9.934451 -18.653373 205.298700
v 11.437720 -16.446746 200.576884
v 11.033882 -16.853796 202.005260
v 11.013370 -16.446746 201.677594
v 11.760519 -16.837871 200.252955
v 11.584790 -18.727601 200.252524
v 11.409866 -19.091288 200.577653
v 10.937193 -19.090471 201.676055
v 10.832525 -18.725237 202.000803
v 12.569514 -16.443474 197.443292
v 12.163619 -16.828234 198.869097
v 12.218720 -16.433411 198.546271
v 12.623086 -16.822209 197.114307
v 12.460295 -18.689396 197.114306
v 12.343017 -19.054524 197.441050
v 12.049977 -19.054656 198.542046
v 11.996297 -18.689660 198.868410
v 13.523116 -16.453989 193.795286
v 13.116953 -16.831562 195.222598
v 13.235287 -16.453557 194.896112
v 13.572269 -16.822632 193.468767
v 13.410031 -18.689193 193.468592
v 13.296431 -19.054193 193.795235
v 13.008471 -19.054386 194.896355
v 12.954934 -18.689396 195.222771
v 14.331529 -16.449471 190.106534
v 14.016287 -16.828519 191.534999
v 14.101529 -16.449471 191.207242
v 14.383451 -16.818123 189.780118
v 14.300782 -18.686043 189.780863
v 14.205141 -19.052404 190.109106
v 13.934190 -19.052921 191.210022
v 13.885807 -18.687812 191.535577
v 15.064877 -16.449471 186.596948
v 14.749926 -16.827401 188.024316
v 14.834877 -16.449471 187.697656
v 15.116799 -16.818123 186.270532
v 15.034324 -18.685311 186.270535
v 14.949969 -19.050301 186.597070
v 14.719945 -19.050301 187.697900
v 14.667860 -18.685311 188.024316
v 15.832549 -16.449210 182.952095
v 15.511555 -16.827329 184.379389
v 15.596598 -16.449036 184.052844
v 15.886248 -16.818076 182.625634
v 15.803821 -18.685325 182.625658
v 15.717702 -19.050351 182.952237
v 15.481772 -19.050333 184.052862
v 15.429559 -18.685310 184.379052
v 16.574763 -16.448790 179.304386
v 16.291545 -16.826854 180.733055
v 16.373285 -16.450786 180.404566
v 16.631805 -16.815837 178.978486
v 16.585457 -18.684360 178.979450
v 16.499111 -19.050294 179.306946
v 16.263136 -19.050293 180.407771
v 16.209276 -18.685303 180.734184
v 17.238637 -16.445860 175.677960
v 16.974639 -16.823789 177.105328
v 17.037155 -16.445860 176.778668
v 17.295731 -16.814512 175.351544
v 17.282281 -18.681699 175.351544
v 17.219880 -19.046690 175.678082
v 17.018376 -19.046690 176.778912
v 16.961256 -18.681699 177.105328
v 17.859843 -16.442930 172.284377
v 17.595845 -16.820860 173.711749
v 17.658362 -16.442930 173.385086
v 17.916938 -16.811582 171.957966
v 17.903488 -18.678770 171.957965
v 17.841087 -19.043760 172.284505
v 17.639583 -19.043760 173.385330
v 17.582463 -18.678770 173.711748
v 18.353005 -16.442822 168.706480
v 18.191892 -16.820752 170.133852
v 18.230883 -16.442822 169.807188
v 18.386540 -16.811475 168.380069
v 18.372957 -18.678662 168.380064
v 18.334073 -19.043653 168.706603
v 18.211938 -19.043653 169.807434
v 18.178377 -18.678662 170.133850
v 18.725473 -16.445630 165.349182
v 18.564359 -16.823559 166.776543
v 18.603351 -16.445631 166.449889
v 18.759007 -16.814283 165.022768
v 18.745425 -18.681470 165.022766
v 18.706541 -19.046460 165.349302
v 18.584405 -19.046460 166.450132
v 18.550845 -18.681470 166.776545
v 20.229408 -16.440035 150.310692
v 20.092489 -16.817965 151.738061
v 20.119921 -16.440034 151.411396
v 20.266812 -16.808688 149.984277
v 20.291808 -18.675875 149.984277
v 20.264214 -19.040865 150.310814
v 20.154715 -19.040865 151.411641
v 20.117361 -18.675875 151.738059
v 20.429799 -16.440152 146.734144
v 20.394085 -16.818083 148.161520
v 20.398363 -16.440153 147.834852
v 20.444049 -16.808806 146.407737
v 20.469004 -18.675993 146.407735
v 20.464556 -19.040984 146.734273
v 20.433116 -19.040983 147.835102
v 20.418916 -18.675993 148.161518
v 20.523772 -16.440276 143.443868
v 20.488057 -16.818205 144.871231
v 20.492335 -16.440275 144.544573
v 20.538021 -16.808928 143.117450
v 20.562976 -18.676115 143.117447
v 20.558528 -19.041105 143.443985
v 20.527088 -19.041105 144.544813
v 20.512888 -18.676115 144.871238
v 20.617743 -16.440397 140.153581
v 20.582029 -16.818327 141.580953
v 20.586307 -16.440397 141.254287
v 20.631992 -16.809049 139.827163
v 20.656948 -18.676238 139.827171
v 20.652499 -19.041227 140.153700
v 20.621061 -19.041228 141.254537
v 20.606860 -18.676237 141.580953
v 20.717104 -16.440992 136.863552
v 20.676000 -16.818627 138.290773
v 20.681450 -16.440502 137.964390
v 20.728207 -16.809713 136.537008
v 20.750919 -18.676420 136.536949
v 20.746472 -19.041350 136.863421
v 20.715032 -19.041349 137.964250
v 20.700831 -18.676359 138.290664
v 20.823652 -16.441834 133.573397
v 20.777975 -16.819268 135.000616
v 20.788008 -16.441834 134.674106
v 20.834751 -16.810287 133.246984
v 20.844895 -18.676983 133.246674
v 20.840450 -19.041756 133.573018
v 20.809002 -19.041867 134.674212
v 20.794794 -18.676912 135.000868
v 20.930202 -16.441956 130.283115
v 20.884519 -16.819816 131.710550
v 20.894557 -16.441956 131.383824
v 20.941300 -16.810608 129.956698
v 20.943978 -18.677762 129.956662
v 20.934420 -19.042618 130.283010
v 20.902965 -19.042610 131.384304
v 20.888742 -18.677711 131.711338
v 21.036443 -16.441956 127.002331
v 20.990762 -16.819886 128.429699
v 21.000799 -16.441956 128.103038
v 21.047542 -16.810609 126.675914
v 21.050218 -18.677796 126.675914
v 21.040167 -19.042786 127.002452
v 21.004519 -19.042786 128.103282
v 20.993425 -18.677796 128.429698
v 21.142685 -16.441956 123.721545
v 21.097004 -16.819886 125.148914
v 21.107040 -16.441956 124.822254
v 21.153783 -16.810608 123.395130
v 21.156459 -18.677796 123.395130
v 21.146408 -19.042786 123.721668
v 21.110760 -19.042786 124.822498
v 21.099667 -18.677796 125.148914
v 21.250433 -16.441956 120.394225
v 21.204752 -16.819886 121.821593
v 21.214789 -16.441956 121.494934
v 21.261532 -16.810608 120.067810
v 21.264208 -18.677796 120.067809
v 21.254157 -19.042786 120.394348
v 21.218509 -19.042786 121.495177
v 21.207415 -18.677796 121.821593
v 21.343865 -16.441956 117.508996
v 21.298184 -16.819886 118.936365
v 21.308221 -16.441957 118.609706
v 21.354963 -16.810608 117.182579
v 21.357640 -18.677796 117.182581
v 21.347589 -19.042786 117.509117
v 21.311941 -19.042786 118.609949
v 21.300847 -18.677796 118.936365
v 21.447093 -16.441956 114.321284
v 21.401413 -16.819886 115.748656
v 21.411448 -16.441956 115.421992
v 21.458191 -16.810608 113.994866
v 21.460867 -18.677796 113.994867
v 21.450816 -19.042786 114.321404
v 21.415169 -19.042786 115.422238
v 21.404075 -18.677796 115.748654
v 21.541278 -16.441957 111.412788
v 21.495597 -16.819885 112.840153
v 21.505634 -16.441957 112.513497
v 21.552377 -16.810608 111.086370
v 21.555053 -18.677796 111.086371
v 21.545002 -19.042786 111.412909
v 21.509354 -19.042786 112.513740
v 21.498261 -18.677796 112.840156
v 21.663980 -16.441956 108.253302
v 21.603658 -16.819886 109.680670
v 21.617044 -16.441956 109.354010
v 21.678430 -16.810608 107.926887
v 21.681117 -18.677796 107.926887
v 21.667718 -19.042786 108.253425
v 21.620776 -19.042786 109.354253
v 21.606332 -18.677795 109.680670
v 21.789319 -16.441912 105.278842
v 21.730493 -16.819863 106.706265
v 21.743883 -16.442074 106.379509
v 21.804358 -16.810481 104.952469
v 21.807951 -18.677771 104.952495
v 21.794551 -19.042786 105.279059
v 21.747609 -19.042786 106.379889
v 21.733165 -18.677796 106.706305
v 22.336650 -16.466352 91.321989
v 22.286367 -16.843420 92.749251
v 22.297047 -16.465607 92.422892
v 22.342648 -16.834854 90.995379
v 22.353513 -18.700680 90.994892
v 22.351779 -19.065642 91.321618
v 22.312222 -19.066108 92.423309
v 22.297195 -18.701143 92.749902
v 22.376145 -16.420655 87.999275
v 22.360959 -16.798549 89.426626
v 22.362613 -16.420559 89.100009
v 22.381585 -16.789329 87.672836
v 22.392439 -18.656442 87.672834
v 22.390711 -19.021432 87.999371
v 22.377731 -19.021432 89.100203
v 22.371760 -18.656442 89.426619
v 22.460227 -16.377927 84.680065
v 22.418887 -16.755329 86.107006
v 22.432559 -16.377927 85.780773
v 22.463091 -16.746580 84.353650
v 22.436052 -18.613273 84.353126
v 22.429603 -18.977676 84.678997
v 22.416617 -18.977669 85.780259
v 22.410634 -18.612763 86.107249
v 22.544343 -16.333222 81.359547
v 22.502987 -16.711152 82.786916
v 22.516675 -16.333223 82.460255
v 22.547207 -16.701875 81.033132
v 22.520151 -18.569063 81.033132
v 22.506654 -18.934053 81.359670
v 22.478982 -18.934053 82.460500
v 22.476066 -18.569063 82.786916
v 22.628459 -16.288518 78.039028
v 22.587104 -16.666449 79.466399
v 22.600791 -16.288518 79.139737
v 22.631322 -16.657170 77.712611
v 22.604267 -18.524358 77.712614
v 22.590770 -18.889349 78.039152
v 22.563098 -18.889349 79.139982
v 22.560182 -18.524358 79.466398
v 22.712575 -16.243814 74.718510
v 22.671220 -16.621744 76.145881
v 22.684906 -16.243814 75.819218
v 22.715438 -16.612466 74.392094
v 22.688383 -18.479654 74.392097
v 22.674886 -18.844644 74.718634
v 22.647214 -18.844644 75.819464
v 22.644298 -18.479654 76.145880
v 22.797741 -16.185622 71.364047
v 22.756384 -16.563551 72.791414
v 22.770072 -16.185621 72.464755
v 22.800604 -16.554274 71.037631
v 22.773548 -18.421461 71.037630
v 22.760051 -18.786451 71.364169
v 22.732379 -18.786451 72.464997
v 22.729463 -18.421461 72.791414
v 22.841733 -16.124141 67.981695
v 22.825970 -16.502072 69.409066
v 22.833794 -16.124142 69.082404
v 22.838753 -16.492794 67.655279
v 22.811733 -18.359981 67.655279
v 22.804097 -18.724972 67.981819
v 22.796157 -18.724972 69.082650
v 22.799084 -18.359982 69.409065
v 22.865463 -16.140255 64.659310
v 22.849699 -16.518185 66.086676
v 22.857523 -16.140255 65.760015
v 22.862483 -16.508908 64.332895
v 22.835463 -18.376096 64.332895
v 22.827825 -18.741085 64.659429
v 22.819887 -18.741086 65.760262
v 22.822813 -18.376095 66.086676
v 22.890876 -16.039981 61.336919
v 22.875113 -16.417912 62.764290
v 22.882937 -16.039982 62.437629
v 22.887895 -16.408634 61.010504
v 22.860876 -18.275822 61.010505
v 22.853239 -18.640812 61.337042
v 22.845299 -18.640812 62.437872
v 22.848227 -18.275822 62.764289
v 22.914605 -16.056095 58.014531
v 22.898842 -16.434025 59.441901
v 22.906666 -16.056095 59.115240
v 22.911625 -16.424747 57.688115
v 22.884605 -18.291935 57.688116
v 22.876969 -18.656925 58.014656
v 22.869029 -18.656925 59.115485
v 22.871956 -18.291935 59.441902
v 22.939129 -16.017399 54.692023
v 22.923365 -16.395328 56.119389
v 22.931190 -16.017399 55.792732
v 22.936149 -16.386051 54.365607
v 22.909129 -18.253239 54.365607
v 22.901492 -18.618229 54.692145
v 22.893552 -18.618229 55.792976
v 22.896480 -18.253239 56.119391
v 22.987400 -15.940006 48.154547
v 22.971637 -16.317936 49.581916
v 22.979461 -15.940006 49.255256
v 22.984420 -16.308659 47.828131
v 22.957400 -18.175846 47.828131
v 22.949763 -18.540836 48.154669
v 22.941823 -18.540836 49.255500
v 22.944751 -18.175846 49.581916
v 23.037134 -15.862492 41.414436
v 23.021369 -16.240660 42.841466
v 23.029196 -15.862492 42.515145
v 23.034151 -16.231368 41.088019
v 22.998766 -18.098961 41.088210
v 22.986919 -18.463814 41.414444
v 22.985695 -18.463409 42.514186
v 22.994482 -18.098331 42.840009
v 23.186943 -15.590001 -33.432558
v 23.089480 -15.967930 -32.005188
v 23.206886 -15.590001 -32.331848
v 23.060732 -15.958653 -33.758974
v 22.801238 -17.825841 -33.758975
v 22.688053 -18.190831 -33.432436
v 22.707998 -18.190831 -32.331607
v 22.777057 -17.825841 -32.005189
v 23.242563 -15.603471 -30.120103
v 23.145100 -15.981401 -28.692734
v 23.262506 -15.603472 -29.019395
v 23.116352 -15.972124 -30.446519
v 22.800902 -17.839311 -30.446518
v 22.687716 -18.204301 -30.119980
v 22.707661 -18.204302 -29.019150
v 22.832677 -17.839311 -28.692735
v 23.306243 -15.590001 -26.848045
v 23.209571 -15.965282 -25.422006
v 23.326186 -15.590001 -25.747336
v 23.180032 -15.958653 -27.174461
v 22.865497 -17.822333 -27.178509
v 22.808789 -18.184670 -26.854499
v 22.886276 -18.186357 -25.747031
v 22.977601 -17.822053 -25.415479
v 23.361863 -15.603471 -23.535590
v 23.266452 -15.973883 -22.110814
v 23.381806 -15.603471 -22.434882
v 23.236832 -15.968244 -23.862005
v 23.086482 -17.829144 -23.864625
v 23.041266 -18.191762 -23.540681
v 23.118860 -18.191787 -22.439771
v 23.210428 -17.826805 -22.113302
v 23.366744 -15.560360 -20.253483
v 23.363355 -15.947577 -18.828775
v 23.351788 -15.557830 -19.152106
v 23.363539 -15.939286 -20.580611
v 23.056039 -17.812103 -20.582885
v 23.026743 -18.173737 -20.260585
v 23.121793 -18.173094 -19.157511
v 23.161551 -17.808731 -18.826838
v 23.309562 -15.520866 -16.933355
v 23.367677 -15.917616 -15.506487
v 23.294256 -15.518608 -15.832031
v 23.367907 -15.904739 -17.260455
v 23.164817 -17.784915 -17.260524
v 23.125368 -18.149905 -16.933985
v 23.125848 -18.149905 -15.833156
v 23.165579 -17.784914 -15.506739
v 23.239842 -15.457359 -13.673454
v 23.374038 -15.865406 -12.246591
v 23.224285 -15.455567 -12.572210
v 23.373745 -15.849305 -14.000519
v 23.171266 -17.738528 -14.000636
v 23.131817 -18.103518 -13.674097
v 23.132297 -18.103518 -12.573268
v 23.172028 -17.738527 -12.246851
v 23.176221 -15.414554 -10.380307
v 23.337009 -15.825912 -8.953811
v 23.161348 -15.414555 -9.279599
v 23.355445 -15.808094 -10.706771
v 23.176719 -17.701339 -10.706833
v 23.137307 -18.065999 -10.380844
v 23.137831 -18.065424 -9.281893
v 23.177555 -17.700247 -8.956740
v 23.168045 -15.445649 -7.097852
v 23.354633 -15.855037 -5.668909
v 23.201322 -15.448555 -5.998052
v 23.331590 -15.835217 -7.423574
v 23.172363 -17.728324 -7.422502
v 23.128786 -18.094449 -7.094750
v 23.116144 -18.094449 -5.993919
v 23.152099 -17.729458 -5.667503
v 23.264998 -15.458553 -3.797846
v 23.318308 -15.850914 -2.369164
v 23.297687 -15.466413 -2.699238
v 23.339441 -15.834065 -4.122214
v 23.329403 -17.715988 -4.122298
v 23.285949 -18.080978 -3.795760
v 23.273307 -18.080978 -2.694930
v 23.309262 -17.715988 -2.368514
v 23.331436 -15.411540 -0.484015
v 23.287117 -15.790306 0.943745
v 23.331823 -15.413818 0.616082
v 23.308396 -15.779679 -0.809832
v 23.298690 -17.648634 -0.809843
v 23.255236 -18.013625 -0.483305
v 23.242594 -18.013625 0.617524
v 23.278549 -17.648635 0.943940
v 23.308772 -15.399324 2.761701
v 23.251269 -15.777254 4.189069
v 23.296132 -15.399324 3.862409
v 23.272418 -15.767976 2.435286
v 23.262888 -17.635164 2.435285
v 23.219434 -18.000154 2.761823
v 23.206793 -18.000155 3.862653
v 23.242748 -17.635164 4.189069
v 23.270929 -15.398938 6.060620
v 23.216137 -15.774360 7.484641
v 23.258315 -15.398674 7.161399
v 23.234541 -15.767915 5.734133
v 23.225206 -17.633091 5.731916
v 23.212182 -17.994958 6.054615
v 23.285870 -17.993914 7.153826
v 23.324480 -17.628924 7.480242
v 23.282826 -15.392583 9.359064
v 23.259905 -15.770843 10.786113
v 23.274476 -15.391695 10.460008
v 23.265425 -15.762003 9.032412
v 23.177227 -17.629006 9.032346
v 23.159941 -17.993888 9.358746
v 23.159783 -17.993821 10.459360
v 23.176978 -17.628809 10.785630
v 23.060573 -15.683534 31.376891
v 23.060901 -16.119158 32.804839
v 23.060632 -15.683533 32.477331
v 23.056795 -16.082886 31.051166
v 23.025874 -18.022516 31.051012
v 23.011755 -18.387506 31.377549
v 23.002892 -18.387506 32.478379
v 23.011754 -18.022516 32.804797
v 23.078725 -15.786676 34.673714
v 23.065233 -16.164606 36.101083
v 23.077493 -15.786675 35.774421
v 23.067488 -16.155328 34.347298
v 23.008724 -18.022516 34.347298
v 22.996872 -18.387506 34.673835
v 22.995640 -18.387506 35.774667
v 23.006762 -18.022516 36.101082
v -9.007719 -18.031399 206.997920
v -8.382873 -18.175890 208.690838
v -11.704713 -2.739036 -163.552517
v -4.846884 -1.680503 -211.912091
v -68.637497 5.040432 -215.488219
v -4.727937 -0.378135 -211.843976
v -69.245747 5.741395 -231.766937
v -11.654355 -3.874176 -165.387722
v -11.478320 -1.418348 -165.279568
v -4.363104 -0.969199 -213.832013
v -0.000000 -28.896556 172.398239
v -68.749946 5.206317 -220.233903
v -9.772224 -4.023118 -178.250786
v -5.975157 -28.896556 182.041619
v -3.302840 -28.896556 182.033292
v -5.850904 -28.896556 193.301707
v -3.386259 -28.896556 172.286868
v -5.869502 -28.896556 198.110469
v 6.323887 -35.538779 8.446551
v -3.031094 -35.538779 8.446551
v 2.775547 -35.538779 8.446551
v 2.775547 -35.538779 25.115863
v -3.031094 -35.538779 25.115863
v -68.746606 5.264158 -220.231929
v -68.910392 5.462544 -226.214471
v 69.245747 5.741395 -231.766937
v 69.239501 5.762149 -231.785615
v -0.078015 -50.530598 174.718234
v 197.734175 -20.552323 -73.110354
v 0.275539 -37.636029 175.071787
v 68.906976 5.534362 -226.212954
v -69.244543 5.780209 -231.766253
v -69.239501 5.762149 -231.785615
v 68.746606 5.264158 -220.231929
v -21.556292 -36.288319 76.467941
v -3.031094 -36.829062 -13.192487
v 2.775547 -36.829062 -13.192487
v 6.323887 -36.829062 1.994891
v 6.323887 -36.829062 8.446551
v -6.579433 -36.829062 8.446551
v -6.579433 -36.829062 1.994891
v -3.031094 -36.829062 1.994891
v 2.775547 -36.829062 1.994891
v -3.031094 -36.829062 8.446551
v 2.775547 -36.829062 8.446551
v 2.775547 -36.829062 25.115863
v -3.031094 -36.829062 25.115863
v 37.454801 -33.001543 13.261891
v 37.454801 -47.818168 13.261891
v 37.808354 -33.001543 13.115444
v 37.808354 -47.818168 13.115444
v 38.161908 -33.001543 13.261891
v 38.161908 -47.818168 13.261891
v 38.308354 -33.001543 13.615444
v 38.308354 -47.818168 13.615444
v 38.161908 -33.001543 13.968997
v 38.161908 -47.818168 13.968997
v 37.808354 -33.001543 14.115444
v 37.808354 -47.818168 14.115444
v 37.454801 -33.001543 13.968997
v 37.454801 -47.818168 13.968997
v 37.308354 -33.001543 13.615444
v 37.308354 -47.818168 13.615444
v 37.808354 -47.818168 13.615444
v 33.278848 -47.521680 17.029827
v 33.278848 -46.383352 16.202783
v 35.856052 -46.383352 16.202783
v 33.278848 -47.067840 18.426601
v 33.278848 -48.709847 16.166573
v 33.278848 -48.275044 14.828388
v 35.856052 -48.275044 14.828388
v 22.565367 -26.733580 81.670501
v 33.278848 -50.178502 16.166573
v 33.278848 -50.613305 14.828388
v 35.856052 -50.613305 14.828388
v 34.194431 -47.521680 19.823376
v 33.278848 -51.366670 17.029827
v 33.278848 -52.504998 16.202783
v 35.856052 -52.504998 16.202783
v 34.194431 -48.709847 20.686630
v 33.278848 -51.820509 18.426601
v 33.278848 -53.227560 18.426601
v 35.856052 -53.227560 18.426601
v 34.194431 -50.178502 20.686630
v 33.278848 -51.366670 19.823376
v 33.278848 -52.504998 20.650419
v 35.856052 -52.504998 20.650419
v 34.194431 -51.366670 19.823376
v 33.278848 -50.178502 20.686630
v 33.278848 -50.613305 22.024814
v 35.856052 -50.613305 22.024814
v 34.194431 -51.820509 18.426601
v 33.278848 -48.709847 20.686630
v 33.278848 -48.275044 22.024814
v 35.856052 -48.275044 22.024814
v 34.194431 -51.366670 17.029827
v 33.278848 -47.521680 19.823376
v 33.278848 -46.383352 20.650419
v 35.856052 -46.383352 20.650419
v 34.194431 -50.178502 16.166573
v 34.194431 -47.067840 18.426601
v 33.278848 -45.660789 18.426601
v 35.856052 -45.660789 18.426601
v 34.194431 -48.709847 16.166573
v 34.194431 -49.444175 18.426601
v 34.194431 -47.521680 17.029827
v 33.278848 -47.521680 7.417306
v 33.278848 -46.383352 6.590263
v 35.856052 -46.383352 6.590263
v 33.278848 -47.067840 8.814081
v 33.278848 -48.709847 6.554052
v 33.278848 -48.275044 5.215867
v 35.856052 -48.275044 5.215867
v 99.191164 -28.650748 -12.288124
v 33.278848 -50.178502 6.554052
v 33.278848 -50.613305 5.215867
v 35.856052 -50.613305 5.215867
v 34.194431 -47.521680 10.210855
v 33.278848 -51.366670 7.417306
v 33.278848 -52.504998 6.590263
v 35.856052 -52.504998 6.590263
v 34.194431 -48.709847 11.074109
v 33.278848 -51.820509 8.814081
v 33.278848 -53.227560 8.814081
v 35.856052 -53.227560 8.814081
v 34.194431 -50.178502 11.074109
v 33.278848 -51.366670 10.210855
v 33.278848 -52.504998 11.037899
v 35.856052 -52.504998 11.037899
v 34.194431 -51.366670 10.210855
v 33.278848 -50.178502 11.074109
v 33.278848 -50.613305 12.412294
v 35.856052 -50.613305 12.412294
v 34.194431 -51.820509 8.814081
v 33.278848 -48.709847 11.074109
v 33.278848 -48.275044 12.412294
v 35.856052 -48.275044 12.412294
v 34.194431 -51.366670 7.417306
v 33.278848 -47.521680 10.210855
v 33.278848 -46.383352 11.037899
v 35.856052 -46.383352 11.037899
v 34.194431 -50.178502 6.554052
v 34.194431 -47.067840 8.814081
v 33.278848 -45.660789 8.814081
v 35.856052 -45.660789 8.814081
v 34.194431 -48.709847 6.554052
v 34.194431 -49.444175 8.814081
v 34.194431 -47.521680 7.417306
v 42.462621 -47.521680 7.417306
v 42.462621 -46.383352 6.590263
v 39.885417 -46.383352 6.590263
v 42.462621 -47.067840 8.814081
v 42.462621 -48.709847 6.554052
v 42.462621 -48.275044 5.215867
v 39.885417 -48.275044 5.215867
v 21.556292 -36.288319 76.467941
v 42.462621 -50.178502 6.554052
v 42.462621 -50.613305 5.215867
v 39.885417 -50.613305 5.215867
v 41.547038 -47.521680 10.210855
v 42.462621 -51.366670 7.417306
v 42.462621 -52.504998 6.590263
v 39.885417 -52.504998 6.590263
v 41.547038 -48.709847 11.074109
v 42.462621 -51.820509 8.814081
v 42.462621 -53.227560 8.814081
v 39.885417 -53.227560 8.814081
v 41.547038 -50.178502 11.074109
v 42.462621 -51.366670 10.210855
v 42.462621 -52.504998 11.037899
v 39.885417 -52.504998 11.037899
v 41.547038 -51.366670 10.210855
v 42.462621 -50.178502 11.074109
v 42.462621 -50.613305 12.412294
v 39.885417 -50.613305 12.412294
v 41.547038 -51.820509 8.814081
v 42.462621 -48.709847 11.074109
v 42.462621 -48.275044 12.412294
v 39.885417 -48.275044 12.412294
v 41.547038 -51.366670 7.417306
v 42.462621 -47.521680 10.210855
v 42.462621 -46.383352 11.037899
v 39.885417 -46.383352 11.037899
v 41.547038 -50.178502 6.554052
v 41.547038 -47.067840 8.814081
v 42.462621 -45.660789 8.814081
v 39.885417 -45.660789 8.814081
v 41.547038 -48.709847 6.554052
v 41.547038 -49.444175 8.814081
v 41.547038 -47.521680 7.417306
v 42.462621 -47.521680 17.029827
v 42.462621 -46.383352 16.202783
v 39.885417 -46.383352 16.202783
v 42.462621 -47.067840 18.426601
v 42.462621 -48.709847 16.166573
v 42.462621 -48.275044 14.828388
v 39.885417 -48.275044 14.828388
v 107.472338 -28.767815 5.015658
v 42.462621 -50.178502 16.166573
v 42.462621 -50.613305 14.828388
v 39.885417 -50.613305 14.828388
v 41.547038 -47.521680 19.823376
v 42.462621 -51.366670 17.029827
v 42.462621 -52.504998 16.202783
v 39.885417 -52.504998 16.202783
v 41.547038 -48.709847 20.686630
v 42.462621 -51.820509 18.426601
v 42.462621 -53.227560 18.426601
v 39.885417 -53.227560 18.426601
v 41.547038 -50.178502 20.686630
v 42.462621 -51.366670 19.823376
v 42.462621 -52.504998 20.650419
v 39.885417 -52.504998 20.650419
v 41.547038 -51.366670 19.823376
v 42.462621 -50.178502 20.686630
v 42.462621 -50.613305 22.024814
v 39.885417 -50.613305 22.024814
v 41.547038 -51.820509 18.426601
v 42.462621 -48.709847 20.686630
v 42.462621 -48.275044 22.024814
v 39.885417 -48.275044 22.024814
v 41.547038 -51.366670 17.029827
v 42.462621 -47.521680 19.823376
v 42.462621 -46.383352 20.650419
v 39.885417 -46.383352 20.650419
v 41.547038 -50.178502 16.166573
v 41.547038 -47.067840 18.426601
v 42.462621 -45.660789 18.426601
v 39.885417 -45.660789 18.426601
v 41.547038 -48.709847 16.166573
v 41.547038 -49.444175 18.426601
v 41.547038 -47.521680 17.029827
v -37.454801 -33.001543 13.261891
v -37.454801 -47.818168 13.261891
v -37.808354 -33.001543 13.115444
v -37.808354 -47.818168 13.115444
v -38.161908 -33.001543 13.261891
v -38.161908 -47.818168 13.261891
v -38.308354 -33.001543 13.615444
v -38.308354 -47.818168 13.615444
v -38.161908 -33.001543 13.968997
v -38.161908 -47.818168 13.968997
v -37.808354 -33.001543 14.115444
v -37.808354 -47.818168 14.115444
v -37.454801 -33.001543 13.968997
v -37.454801 -47.818168 13.968997
v -37.308354 -33.001543 13.615444
v -37.308354 -47.818168 13.615444
v -37.808354 -47.818168 13.615444
v -33.278848 -47.521680 17.029827
v -33.278848 -46.383352 16.202783
v -35.856052 -46.383352 16.202783
v -33.278848 -47.067840 18.426601
v -33.278848 -48.709847 16.166573
v -33.278848 -48.275044 14.828388
v -35.856052 -48.275044 14.828388
v 107.002200 -23.222501 9.220638
v -33.278848 -50.178502 16.166573
v -33.278848 -50.613305 14.828388
v -35.856052 -50.613305 14.828388
v -34.194431 -47.521680 19.823376
v -33.278848 -51.366670 17.029827
v -33.278848 -52.504998 16.202783
v -35.856052 -52.504998 16.202783
v -34.194431 -48.709847 20.686630
v -33.278848 -51.820509 18.426601
v -33.278848 -53.227560 18.426601
v -35.856052 -53.227560 18.426601
v -34.194431 -50.178502 20.686630
v -33.278848 -51.366670 19.823376
v -33.278848 -52.504998 20.650419
v -35.856052 -52.504998 20.650419
v -34.194431 -51.366670 19.823376
v -33.278848 -50.178502 20.686630
v -33.278848 -50.613305 22.024814
v -35.856052 -50.613305 22.024814
v -34.194431 -51.820509 18.426601
v -33.278848 -48.709847 20.686630
v -33.278848 -48.275044 22.024814
v -35.856052 -48.275044 22.024814
v -34.194431 -51.366670 17.029827
v -33.278848 -47.521680 19.823376
v -33.278848 -46.383352 20.650419
v -35.856052 -46.383352 20.650419
v -34.194431 -50.178502 16.166573
v -34.194431 -47.067840 18.426601
v -33.278848 -45.660789 18.426601
v -35.856052 -45.660789 18.426601
v -34.194431 -48.709847 16.166573
v -34.194431 -49.444175 18.426601
v -34.194431 -47.521680 17.029827
v -33.278848 -47.521680 7.417306
v -33.278848 -46.383352 6.590263
v -35.856052 -46.383352 6.590263
v -33.278848 -47.067840 8.814081
v -33.278848 -48.709847 6.554052
v -33.278848 -48.275044 5.215867
v -35.856052 -48.275044 5.215867
v 197.749475 -20.376690 -68.034317
v -33.278848 -50.178502 6.554052
v -33.278848 -50.613305 5.215867
v -35.856052 -50.613305 5.215867
v -34.194431 -47.521680 10.210855
v -33.278848 -51.366670 7.417306
v -33.278848 -52.504998 6.590263
v -35.856052 -52.504998 6.590263
v -34.194431 -48.709847 11.074109
v -33.278848 -51.820509 8.814081
v -33.278848 -53.227560 8.814081
v -35.856052 -53.227560 8.814081
v -34.194431 -50.178502 11.074109
v -33.278848 -51.366670 10.210855
v -33.278848 -52.504998 11.037899
v -35.856052 -52.504998 11.037899
v -34.194431 -51.366670 10.210855
v -33.278848 -50.178502 11.074109
v -33.278848 -50.613305 12.412294
v -35.856052 -50.613305 12.412294
v -34.194431 -51.820509 8.814081
v -33.278848 -48.709847 11.074109
v -33.278848 -48.275044 12.412294
v -35.856052 -48.275044 12.412294
v -34.194431 -51.366670 7.417306
v -33.278848 -47.521680 10.210855
v -33.278848 -46.383352 11.037899
v -35.856052 -46.383352 11.037899
v -34.194431 -50.178502 6.554052
v -34.194431 -47.067840 8.814081
v -33.278848 -45.660789 8.814081
v -35.856052 -45.660789 8.814081
v -34.194431 -48.709847 6.554052
v -34.194431 -49.444175 8.814081
v -34.194431 -47.521680 7.417306
v -42.462621 -47.521680 7.417306
v -42.462621 -46.383352 6.590263
v -39.885417 -46.383352 6.590263
v -42.462621 -47.067840 8.814081
v -42.462621 -48.709847 6.554052
v -42.462621 -48.275044 5.215867
v -39.885417 -48.275044 5.215867
v 22.558986 -26.017513 40.102968
v -42.462621 -50.178502 6.554052
v -42.462621 -50.613305 5.215867
v -39.885417 -50.613305 5.215867
v -41.547038 -47.521680 10.210855
v -42.462621 -51.366670 7.417306
v -42.462621 -52.504998 6.590263
v -39.885417 -52.504998 6.590263
v -41.547038 -48.709847 11.074109
v -42.462621 -51.820509 8.814081
v -42.462621 -53.227560 8.814081
v -39.885417 -53.227560 8.814081
v -41.547038 -50.178502 11.074109
v -42.462621 -51.366670 10.210855
v -42.462621 -52.504998 11.037899
v -39.885417 -52.504998 11.037899
v -41.547038 -51.366670 10.210855
v -42.462621 -50.178502 11.074109
v -42.462621 -50.613305 12.412294
v -39.885417 -50.613305 12.412294
v -41.547038 -51.820509 8.814081
v -42.462621 -48.709847 11.074109
v -42.462621 -48.275044 12.412294
v -39.885417 -48.275044 12.412294
v -41.547038 -51.366670 7.417306
v -42.462621 -47.521680 10.210855
v -42.462621 -46.383352 11.037899
v -39.885417 -46.383352 11.037899
v -41.547038 -50.178502 6.554052
v -41.547038 -47.067840 8.814081
v -42.462621 -45.660789 8.814081
v -39.885417 -45.660789 8.814081
v -41.547038 -48.709847 6.554052
v -41.547038 -49.444175 8.814081
v -41.547038 -47.521680 7.417306
v -42.462621 -47.521680 17.029827
v -42.462621 -46.383352 16.202783
v -39.885417 -46.383352 16.202783
v -42.462621 -47.067840 18.426601
v -42.462621 -48.709847 16.166573
v -42.462621 -48.275044 14.828388
v -39.885417 -48.275044 14.828388
v 197.747586 -20.470251 -70.809475
v -42.462621 -50.178502 16.166573
v -42.462621 -50.613305 14.828388
v -39.885417 -50.613305 14.828388
v -41.547038 -47.521680 19.823376
v -42.462621 -51.366670 17.029827
v -42.462621 -52.504998 16.202783
v -39.885417 -52.504998 16.202783
v -41.547038 -48.709847 20.686630
v -42.462621 -51.820509 18.426601
v -42.462621 -53.227560 18.426601
v -39.885417 -53.227560 18.426601
v -41.547038 -50.178502 20.686630
v -42.462621 -51.366670 19.823376
v -42.462621 -52.504998 20.650419
v -39.885417 -52.504998 20.650419
v -41.547038 -51.366670 19.823376
v -42.462621 -50.178502 20.686630
v -42.462621 -50.613305 22.024814
v -39.885417 -50.613305 22.024814
v -41.547038 -51.820509 18.426601
v -42.462621 -48.709847 20.686630
v -42.462621 -48.275044 22.024814
v -39.885417 -48.275044 22.024814
v -41.547038 -51.366670 17.029827
v -42.462621 -47.521680 19.823376
v -42.462621 -46.383352 20.650419
v -39.885417 -46.383352 20.650419
v -41.547038 -50.178502 16.166573
v -41.547038 -47.067840 18.426601
v -42.462621 -45.660789 18.426601
v -39.885417 -45.660789 18.426601
v -41.547038 -48.709847 16.166573
v -41.547038 -49.444175 18.426601
v -41.547038 -47.521680 17.029827
v 10.914357 -37.559950 -7.925191
v 10.914357 -47.273950 -7.925191
v 11.267910 -37.559950 -8.071637
v 11.267910 -47.273950 -8.071637
v 11.621463 -37.559950 -7.925191
v 11.621463 -47.273950 -7.925191
v 11.767910 -37.559950 -7.571637
v 11.767910 -47.273950 -7.571637
v 11.621463 -37.559950 -7.218084
v 11.621463 -47.273950 -7.218084
v 11.267910 -37.559950 -7.071637
v 11.267910 -47.273950 -7.071637
v 10.914357 -37.559950 -7.218084
v 10.914357 -47.273950 -7.218084
v 10.767910 -37.559950 -7.571637
v 10.767910 -47.273950 -7.571637
v 11.267910 -47.273950 -7.571637
v 6.738403 -47.521680 -4.157254
v 6.738403 -46.383352 -4.984298
v 9.315607 -46.383352 -4.984298
v 6.738403 -47.067840 -2.760480
v 6.738403 -48.709847 -5.020509
v 6.738403 -48.275044 -6.358693
v 9.315607 -48.275044 -6.358693
v 98.876202 -23.304009 -9.083232
v 6.738403 -50.178502 -5.020509
v 6.738403 -50.613305 -6.358693
v 9.315607 -50.613305 -6.358693
v 7.653986 -47.521680 -1.363706
v 6.738403 -51.366670 -4.157254
v 6.738403 -52.504998 -4.984298
v 9.315607 -52.504998 -4.984298
v 7.653986 -48.709847 -0.500451
v 6.738403 -51.820509 -2.760480
v 6.738403 -53.227560 -2.760480
v 9.315607 -53.227560 -2.760480
v 7.653986 -50.178502 -0.500451
v 6.738403 -51.366670 -1.363706
v 6.738403 -52.504998 -0.536662
v 9.315607 -52.504998 -0.536662
v 7.653986 -51.366670 -1.363706
v 6.738403 -50.178502 -0.500451
v 6.738403 -50.613305 0.837733
v 9.315607 -50.613305 0.837733
v 7.653986 -51.820509 -2.760480
v 6.738403 -48.709847 -0.500451
v 6.738403 -48.275044 0.837733
v 9.315607 -48.275044 0.837733
v 7.653986 -51.366670 -4.157254
v 6.738403 -47.521680 -1.363706
v 6.738403 -46.383352 -0.536662
v 9.315607 -46.383352 -0.536662
v 7.653986 -50.178502 -5.020509
v 7.653986 -47.067840 -2.760480
v 6.738403 -45.660789 -2.760480
v 9.315607 -45.660789 -2.760480
v 7.653986 -48.709847 -5.020509
v 7.653986 -49.444175 -2.760480
v 7.653986 -47.521680 -4.157254
v 6.738403 -47.521680 -13.769775
v 6.738403 -46.383352 -14.596819
v 9.315607 -46.383352 -14.596819
v 6.738403 -47.067840 -12.373001
v 6.738403 -48.709847 -14.633029
v 6.738403 -48.275044 -15.971214
v 9.315607 -48.275044 -15.971214
v 0.275539 -50.530598 174.364681
v 6.738403 -50.178502 -14.633029
v 6.738403 -50.613305 -15.971214
v 9.315607 -50.613305 -15.971214
v 7.653986 -47.521680 -10.976226
v 6.738403 -51.366670 -13.769775
v 6.738403 -52.504998 -14.596819
v 9.315607 -52.504998 -14.596819
v 7.653986 -48.709847 -10.112972
v 6.738403 -51.820509 -12.373001
v 6.738403 -53.227560 -12.373001
v 9.315607 -53.227560 -12.373001
v 7.653986 -50.178502 -10.112972
v 6.738403 -51.366670 -10.976226
v 6.738403 -52.504998 -10.149182
v 9.315607 -52.504998 -10.149182
v 7.653986 -51.366670 -10.976226
v 6.738403 -50.178502 -10.112972
v 6.738403 -50.613305 -8.774787
v 9.315607 -50.613305 -8.774787
v 7.653986 -51.820509 -12.373001
v 6.738403 -48.709847 -10.112972
v 6.738403 -48.275044 -8.774787
v 9.315607 -48.275044 -8.774787
v 7.653986 -51.366670 -13.769775
v 6.738403 -47.521680 -10.976226
v 6.738403 -46.383352 -10.149182
v 9.315607 -46.383352 -10.149182
v 7.653986 -50.178502 -14.633029
v 7.653986 -47.067840 -12.373001
v 6.738403 -45.660789 -12.373001
v 9.315607 -45.660789 -12.373001
v 7.653986 -48.709847 -14.633029
v 7.653986 -49.444175 -12.373001
v 7.653986 -47.521680 -13.769775
v 15.922177 -47.521680 -13.769775
v 15.922177 -46.383352 -14.596819
v 13.344973 -46.383352 -14.596819
v 15.922177 -47.067840 -12.373001
v 15.922177 -48.709847 -14.633029
v 15.922177 -48.275044 -15.971214
v 13.344973 -48.275044 -15.971214
v -0.078015 -50.530598 175.218234
v 15.922177 -50.178502 -14.633029
v 15.922177 -50.613305 -15.971214
v 13.344973 -50.613305 -15.971214
v 15.006593 -47.521680 -10.976226
v 15.922177 -51.366670 -13.769775
v 15.922177 -52.504998 -14.596819
v 13.344973 -52.504998 -14.596819
v 15.006593 -48.709847 -10.112972
v 15.922177 -51.820509 -12.373001
v 15.922177 -53.227560 -12.373001
v 13.344973 -53.227560 -12.373001
v 15.006593 -50.178502 -10.112972
v 15.922177 -51.366670 -10.976226
v 15.922177 -52.504998 -10.149182
v 13.344973 -52.504998 -10.149182
v 15.006593 -51.366670 -10.976226
v 15.922177 -50.178502 -10.112972
v 15.922177 -50.613305 -8.774787
v 13.344973 -50.613305 -8.774787
v 15.006593 -51.820509 -12.373001
v 15.922177 -48.709847 -10.112972
v 15.922177 -48.275044 -8.774787
v 13.344973 -48.275044 -8.774787
v 15.006593 -51.366670 -13.769775
v 15.922177 -47.521680 -10.976226
v 15.922177 -46.383352 -10.149182
v 13.344973 -46.383352 -10.149182
v 15.006593 -50.178502 -14.633029
v 15.006593 -47.067840 -12.373001
v 15.922177 -45.660789 -12.373001
v 13.344973 -45.660789 -12.373001
v 15.006593 -48.709847 -14.633029
v 15.006593 -49.444175 -12.373001
v 15.006593 -47.521680 -13.769775
v 15.922177 -47.521680 -4.157254
v 15.922177 -46.383352 -4.984298
v 13.344973 -46.383352 -4.984298
v 15.922177 -47.067840 -2.760480
v 15.922177 -48.709847 -5.020509
v 15.922177 -48.275044 -6.358693
v 13.344973 -48.275044 -6.358693
v 0.421985 -37.636029 174.718234
v 15.922177 -50.178502 -5.020509
v 15.922177 -50.613305 -6.358693
v 13.344973 -50.613305 -6.358693
v 15.006593 -47.521680 -1.363706
v 15.922177 -51.366670 -4.157254
v 15.922177 -52.504998 -4.984298
v 13.344973 -52.504998 -4.984298
v 15.006593 -48.709847 -0.500451
v 15.922177 -51.820509 -2.760480
v 15.922177 -53.227560 -2.760480
v 13.344973 -53.227560 -2.760480
v 15.006593 -50.178502 -0.500451
v 15.922177 -51.366670 -1.363706
v 15.922177 -52.504998 -0.536662
v 13.344973 -52.504998 -0.536662
v 15.006593 -51.366670 -1.363706
v 15.922177 -50.178502 -0.500451
v 15.922177 -50.613305 0.837733
v 13.344973 -50.613305 0.837733
v 15.006593 -51.820509 -2.760480
v 15.922177 -48.709847 -0.500451
v 15.922177 -48.275044 0.837733
v 13.344973 -48.275044 0.837733
v 15.006593 -51.366670 -4.157254
v 15.922177 -47.521680 -1.363706
v 15.922177 -46.383352 -0.536662
v 13.344973 -46.383352 -0.536662
v 15.006593 -50.178502 -5.020509
v 15.006593 -47.067840 -2.760480
v 15.922177 -45.660789 -2.760480
v 13.344973 -45.660789 -2.760480
v 15.006593 -48.709847 -5.020509
v 15.006593 -49.444175 -2.760480
v 15.006593 -47.521680 -4.157254
v -10.914357 -37.559950 -7.925191
v -10.914357 -47.273950 -7.925191
v -11.267910 -37.559950 -8.071637
v -11.267910 -47.273950 -8.071637
v -11.621463 -37.559950 -7.925191
v -11.621463 -47.273950 -7.925191
v -11.767910 -37.559950 -7.571637
v -11.767910 -47.273950 -7.571637
v -11.621463 -37.559950 -7.218084
v -11.621463 -47.273950 -7.218084
v -11.267910 -37.559950 -7.071637
v -11.267910 -47.273950 -7.071637
v -10.914357 -37.559950 -7.218084
v -10.914357 -47.273950 -7.218084
v -10.767910 -37.559950 -7.571637
v -10.767910 -47.273950 -7.571637
v -11.267910 -47.273950 -7.571637
v -6.738403 -47.521680 -4.157254
v -6.738403 -46.383352 -4.984298
v -9.315607 -46.383352 -4.984298
v -6.738403 -47.067840 -2.760480
v -6.738403 -48.709847 -5.020509
v -6.738403 -48.275044 -6.358693
v -9.315607 -48.275044 -6.358693
v -6.579433 -35.538779 8.446551
v -6.738403 -50.178502 -5.020509
v -6.738403 -50.613305 -6.358693
v -9.315607 -50.613305 -6.358693
v -7.653986 -47.521680 -1.363706
v -6.738403 -51.366670 -4.157254
v -6.738403 -52.504998 -4.984298
v -9.315607 -52.504998 -4.984298
v -7.653986 -48.709847 -0.500451
v -6.738403 -51.820509 -2.760480
v -6.738403 -53.227560 -2.760480
v -9.315607 -53.227560 -2.760480
v -7.653986 -50.178502 -0.500451
v -6.738403 -51.366670 -1.363706
v -6.738403 -52.504998 -0.536662
v -9.315607 -52.504998 -0.536662
v -7.653986 -51.366670 -1.363706
v -6.738403 -50.178502 -0.500451
v -6.738403 -50.613305 0.837733
v -9.315607 -50.613305 0.837733
v -7.653986 -51.820509 -2.760480
v -6.738403 -48.709847 -0.500451
v -6.738403 -48.275044 0.837733
v -9.315607 -48.275044 0.837733
v -7.653986 -51.366670 -4.157254
v -6.738403 -47.521680 -1.363706
v -6.738403 -46.383352 -0.536662
v -9.315607 -46.383352 -0.536662
v -7.653986 -50.178502 -5.020509
v -7.653986 -47.067840 -2.760480
v -6.738403 -45.660789 -2.760480
v -9.315607 -45.660789 -2.760480
v -7.653986 -48.709847 -5.020509
v -7.653986 -49.444175 -2.760480
v -7.653986 -47.521680 -4.157254
v -6.738403 -47.521680 -13.769775
v -6.738403 -46.383352 -14.596819
v -9.315607 -46.383352 -14.596819
v -6.738403 -47.067840 -12.373001
v -6.738403 -48.709847 -14.633029
v -6.738403 -48.275044 -15.971214
v -9.315607 -48.275044 -15.971214
v -21.095582 -33.357555 28.260196
v -6.738403 -50.178502 -14.633029
v -6.738403 -50.613305 -15.971214
v -9.315607 -50.613305 -15.971214
v -7.653986 -47.521680 -10.976226
v -6.738403 -51.366670 -13.769775
v -6.738403 -52.504998 -14.596819
v -9.315607 -52.504998 -14.596819
v -7.653986 -48.709847 -10.112972
v -6.738403 -51.820509 -12.373001
v -6.738403 -53.227560 -12.373001
v -9.315607 -53.227560 -12.373001
v -7.653986 -50.178502 -10.112972
v -6.738403 -51.366670 -10.976226
v -6.738403 -52.504998 -10.149182
v -9.315607 -52.504998 -10.149182
v -7.653986 -51.366670 -10.976226
v -6.738403 -50.178502 -10.112972
v -6.738403 -50.613305 -8.774787
v -9.315607 -50.613305 -8.774787
v -7.653986 -51.820509 -12.373001
v -6.738403 -48.709847 -10.112972
v -6.738403 -48.275044 -8.774787
v -9.315607 -48.275044 -8.774787
v -7.653986 -51.366670 -13.769775
v -6.738403 -47.521680 -10.976226
v -6.738403 -46.383352 -10.149182
v -9.315607 -46.383352 -10.149182
v -7.653986 -50.178502 -14.633029
v -7.653986 -47.067840 -12.373001
v -6.738403 -45.660789 -12.373001
v -9.315607 -45.660789 -12.373001
v -7.653986 -48.709847 -14.633029
v -7.653986 -49.444175 -12.373001
v -7.653986 -47.521680 -13.769775
v -15.922177 -47.521680 -13.769775
v -15.922177 -46.383352 -14.596819
v -13.344973 -46.383352 -14.596819
v -15.922177 -47.067840 -12.373001
v -15.922177 -48.709847 -14.633029
v -15.922177 -48.275044 -15.971214
v -13.344973 -48.275044 -15.971214
v 22.058825 -24.938418 76.210330
v -15.922177 -50.178502 -14.633029
v -15.922177 -50.613305 -15.971214
v -13.344973 -50.613305 -15.971214
v -15.006593 -47.521680 -10.976226
v -15.922177 -51.366670 -13.769775
v -15.922177 -52.504998 -14.596819
v -13.344973 -52.504998 -14.596819
v -15.006593 -48.709847 -10.112972
v -15.922177 -51.820509 -12.373001
v -15.922177 -53.227560 -12.373001
v -13.344973 -53.227560 -12.373001
v -15.006593 -50.178502 -10.112972
v -15.922177 -51.366670 -10.976226
v -15.922177 -52.504998 -10.149182
v -13.344973 -52.504998 -10.149182
v -15.006593 -51.366670 -10.976226
v -15.922177 -50.178502 -10.112972
v -15.922177 -50.613305 -8.774787
v -13.344973 -50.613305 -8.774787
v -15.006593 -51.820509 -12.373001
v -15.922177 -48.709847 -10.112972
v -15.922177 -48.275044 -8.774787
v -13.344973 -48.275044 -8.774787
v -15.006593 -51.366670 -13.769775
v -15.922177 -47.521680 -10.976226
v -15.922177 -46.383352 -10.149182
v -13.344973 -46.383352 -10.149182
v -15.006593 -50.178502 -14.633029
v -15.006593 -47.067840 -12.373001
v -15.922177 -45.660789 -12.373001
v -13.344973 -45.660789 -12.373001
v -15.006593 -48.709847 -14.633029
v -15.006593 -49.444175 -12.373001
v -15.006593 -47.521680 -13.769775
v -15.922177 -47.521680 -4.157254
v -15.922177 -46.383352 -4.984298
v -13.344973 -46.383352 -4.984298
v -15.922177 -47.067840 -2.760480
v -15.922177 -48.709847 -5.020509
v -15.922177 -48.275044 -6.358693
v -13.344973 -48.275044 -6.358693
v 105.195290 -22.465720 5.595922
v -15.922177 -50.178502 -5.020509
v -15.922177 -50.613305 -6.358693
v -13.344973 -50.613305 -6.358693
v -15.006593 -47.521680 -1.363706
v -15.922177 -51.366670 -4.157254
v -68.643051 5.027686 -215.483084
v -68.638781 5.014629 -215.489103
v -0.078015 -50.530598 174.218234
v -0.431568 -50.530598 175.071787
v 0.275539 -37.636029 174.364681
v -0.078015 -37.636029 175.218234
v -22.565367 -26.733580 81.670501
v -107.002200 -23.222501 9.220638
v -0.578015 -37.636029 174.718234
v -22.558986 -26.017513 40.102968
v -0.431568 -37.636029 174.364681
v -98.876202 -23.304009 -9.083232
v 18.662441 -35.093100 5.722918
v 13.206386 -36.805015 6.252337
v -12.968418 -36.805015 6.252582
v -18.401524 -35.100425 6.252582
v -18.402500 -24.522788 6.782000
v 18.662441 -24.522788 6.252337
v 18.662441 -24.522788 5.722918
v 18.662441 -35.093100 6.252337
v 13.206386 -36.805015 5.722918
v -12.968418 -36.805015 5.723163
v -18.401524 -35.100425 5.723163
v -18.402500 -24.522788 6.252582
v -22.058825 -24.938418 76.210330
v -105.195290 -22.465720 5.595922
v 68.643051 5.027686 -215.483084
v -21.061924 -32.441194 -9.708695
v -90.128133 -28.191169 -29.915322
v 107.773961 -26.156752 10.891384
v 2.775547 -35.538779 -13.192487
v -107.773961 -26.156752 10.891384
v -21.032134 -30.732688 87.373227
v -108.190164 -27.979421 8.055255
v -20.815613 -33.742497 85.805292
v -107.472338 -28.767815 5.015658
v 18.870888 -39.171931 6.521625
v 18.870888 -38.408748 -8.050397
v 19.809414 -41.089682 6.521625
v 19.809414 -40.326499 -8.050397
v -2.845682 -31.668152 197.862060
v -61.454922 -30.564780 -12.629499
v -17.944907 -24.591624 170.943619
v -44.153652 -34.029624 16.976581
v -43.733242 -30.956870 -17.725446
v -45.062344 -35.564170 8.174823
v -2.475254 -36.904746 25.107318
v -2.862461 -47.872275 25.107318
v -2.862461 -47.872275 8.978290
v -2.862461 -36.904746 8.978290
v -3.251621 -37.168784 24.872210
v -3.251621 -47.608359 24.872210
v -3.251621 -47.608359 9.213031
v -2.807082 -37.168784 9.213031
v -3.251621 -37.168784 9.213031
v -2.807082 -37.168784 24.872210
v -2.807082 -47.608359 24.872210
v -2.807082 -47.608359 9.213031
v -2.475254 -36.904746 8.978290
v -2.862461 -36.904746 25.107318
v -2.475254 -47.872275 25.107318
v -2.475254 -47.872275 8.978290
v -10.117344 -41.516684 21.687030
v -9.308750 -41.737143 22.302997
v -8.389805 -44.421348 24.784442
v -7.507481 -45.634848 9.300799
v -10.081211 -41.259238 11.633197
v -9.051426 -41.516684 22.336322
v -10.081211 -41.259238 21.586566
v -10.045078 -41.001792 11.532733
v -18.881711 -24.517400 -6.726756
v 12.297031 -45.782554 6.117450
v 12.385410 -45.409995 -0.992536
v -15.152632 -23.995569 184.092445
v 18.666902 -45.782554 6.117450
v 18.666902 -44.989219 -9.029279
v 19.270417 -44.773276 6.328509
v 19.270417 -43.971885 -8.969831
v -0.000000 -26.506469 212.707738
v -4.486543 -31.530333 200.129731
v 2.475254 -36.904746 25.107318
v 2.862461 -47.872275 25.107318
v 2.862461 -47.872275 8.978290
v 2.862461 -36.904746 8.978290
v 3.251621 -37.168784 24.872210
v 3.251621 -47.608359 24.872210
v 3.251621 -47.608359 9.213031
v 2.807082 -37.168784 9.213031
v 3.251621 -37.168784 9.213031
v 2.807082 -37.168784 24.872210
v 2.807082 -47.608359 24.872210
v 2.807082 -47.608359 9.213031
v 2.475254 -36.904746 8.978290
v 2.862461 -36.904746 25.107318
v 2.475254 -47.872275 25.107318
v 2.475254 -47.872275 8.978290
v 10.117344 -41.516684 21.687030
v 9.308750 -41.737143 22.302997
v 8.389805 -44.421348 24.784442
v 7.507481 -45.634848 9.300799
v 10.081211 -41.259238 11.633197
v 9.051426 -41.516684 22.336322
v 10.081211 -41.259238 21.586566
v 10.045078 -41.001792 11.532733
v 21.032134 -30.732688 87.373227
v 107.773961 -26.156752 10.891384
v 197.563217 -21.337001 -93.380566
v 197.656617 -20.811471 -80.342297
v 90.128133 -28.191169 -29.915322
v 21.061924 -32.441194 -9.708695
v 197.734175 -20.552323 -73.110354
v 105.195290 -22.465720 5.595922
v 22.058825 -24.938418 76.210330
v 98.876202 -23.304009 -9.083232
v 197.747586 -20.470251 -70.809475
v 22.558986 -26.017513 40.102968
v 6.792682 -3.021273 -198.041402
v 107.002200 -23.222501 9.220638
v 22.565367 -26.733580 81.670501
v 108.190164 -27.979421 8.055255
v 20.815613 -33.742497 85.805292
v 107.472338 -28.767815 5.015658
v 21.556292 -36.288319 76.467941
v 99.191164 -28.650748 -12.288124
v 21.095582 -33.357555 28.260196
v 6.697201 -0.101991 -198.000727
v 68.910392 5.462544 -226.214471
v 9.702233 -0.256639 -178.239919
v 90.147428 -28.324373 -29.918155
v 21.054374 -32.551964 -9.703931
v -3.031094 -35.538779 1.994891
v -21.032134 -30.732688 87.373227
v -107.773961 -26.156752 10.891384
v 2.775547 -35.538779 1.994891
v -6.579433 -35.538779 1.994891
v -90.128133 -28.191169 -29.915322
v -21.061924 -32.441194 -9.708695
v -90.147428 -28.324373 -29.918155
v -105.195290 -22.465720 5.595922
v -22.058825 -24.938418 76.210330
v -98.876202 -23.304009 -9.083232
v -21.054374 -32.551964 -9.703931
v -22.558986 -26.017513 40.102968
v -197.749475 -20.376690 -68.034317
v -107.002200 -23.222501 9.220638
v -22.565367 -26.733580 81.670501
v -108.190164 -27.979421 8.055255
v -20.815613 -33.742497 85.805292
v -107.472338 -28.767815 5.015658
v -21.556292 -36.288319 76.467941
v -99.191164 -28.650748 -12.288124
v -21.095582 -33.357555 28.260196
v -197.656617 -20.811471 -80.342297
v -197.734175 -20.552323 -73.110354
v -197.747586 -20.470251 -70.809475
v -90.147428 -28.324373 -29.918155
v -21.054374 -32.551964 -9.703931
v -197.563217 -21.337001 -93.380566
v 18.334242 -40.397615 25.170982
v 18.881711 -38.743108 -6.726756
v 0.211571 69.442767 -229.361653
v 3.695577 -1.508316 -220.546996
v 4.075693 2.337672 -220.387716
v 3.520118 5.897782 -219.984012
v 0.000000 8.565421 -220.006461
v 4.024566 6.864415 -127.345168
v 0.000000 -40.405446 -7.665026
v 17.006951 -40.086047 -7.424953
v 1.881531 68.052488 -206.272252
v 17.814190 -28.424399 -87.466907
v 22.491860 -12.646165 -87.458802
v 15.995416 0.451918 -87.425765
v 0.000000 6.725709 -87.421569
v 18.560967 -40.281421 29.926798
v 4.475856 7.117020 -138.365876
v -11.724814 -39.894954 91.548392
v 0.000000 -41.971832 70.275342
v 21.958517 -37.928636 70.330029
v 22.736047 -15.350964 70.319630
v 16.414943 -2.320354 70.296355
v 0.000000 5.370322 70.278831
v -12.385410 -45.409995 -0.992536
v -12.297031 -45.782554 6.117450
v -18.666902 -45.782554 6.117450
v 0.000000 -41.723997 110.226007
v 18.002539 -33.565411 110.266117
v 21.474746 -13.222727 110.235184
v 14.445493 1.903598 110.399720
v 0.000000 8.200781 110.395953
v 21.418846 -37.674352 23.005752
v 0.000000 5.608688 -7.614122
v 16.751270 -1.576325 -7.608316
v 0.000000 -41.085520 149.193348
v 16.929153 -33.361996 149.177494
v 20.221816 -13.030443 148.917737
v 14.222719 1.909275 148.906941
v 0.000000 8.475094 149.181672
v 23.268324 -15.941988 -7.616329
v 21.179621 -35.196274 -8.119972
v 19.480801 -35.875571 -21.312726
v 0.000000 -38.942027 170.665083
v 15.198775 -32.549759 170.657857
v 18.030903 -12.943936 170.932161
v 12.080173 1.631707 170.663472
v 0.000000 7.882302 170.634979
v 22.943280 -14.479693 -61.071414
v 0.000000 5.369236 8.230724
v 16.435579 -1.883006 8.236826
v -15.089065 -0.313765 91.528599
v 10.059123 -30.307465 193.270439
v 13.508709 -15.632176 193.727711
v 8.622744 -5.335020 193.670382
v 0.000000 -1.437817 193.298665
v 23.211149 -14.794238 8.234373
v 21.384543 -36.995645 8.209260
v -22.221775 -14.175582 91.455813
v 3.302840 -36.486361 182.033292
v -17.006951 -24.517400 -7.424953
v 3.386259 -38.784187 172.286868
v 0.000000 -38.637683 172.398239
v 19.024744 -39.451290 6.560706
v 16.178066 -38.975425 -13.212995
v 0.000000 -24.517400 25.183237
v 19.024744 -24.517400 6.560706
v -62.671384 -32.519059 -26.614484
v 0.246515 8.831732 -207.949786
v -8.424083 -24.517400 -7.487392
v -19.024744 -24.517400 6.560706
v 0.000000 -24.517400 -7.665026
v 12.704440 -24.517400 25.270546
v 16.043937 -2.280929 32.982167
v 23.014583 -14.705374 32.996047
v -62.588711 -34.337241 2.714984
v 12.969372 -31.389421 184.032878
v 15.628604 -13.494400 184.034426
v 9.703370 -0.643871 183.770874
v 0.000000 5.035421 183.958257
v 22.101071 -36.985642 33.022389
v 0.000000 -20.876382 219.532855
v -22.294385 -26.690517 91.468281
v 0.000000 5.011117 32.979929
v -20.039932 -35.779909 91.538762
v 8.691894 -28.713195 199.829161
v 11.758768 -16.843154 200.015863
v 8.235966 -8.753506 199.885309
v 0.000000 -5.119296 199.937526
v 16.836522 -0.477627 -61.065610
v -1.613298 3.883527 -224.240442
v 0.000000 6.354973 -61.065448
v 0.000000 -27.309637 212.659846
v 4.531309 -25.224518 212.449308
v 6.670169 -18.889457 212.731587
v 4.740577 -14.268721 212.459386
v 0.000000 -11.889860 212.803902
v 16.889421 -1.222155 -21.149854
v 23.298886 -15.605911 -21.160971
v 17.666521 -30.656586 -60.960629
v 0.000000 5.845418 -21.152577
v -2.437995 2.293951 -223.910687
v 12.884603 -40.783345 33.402900
v 12.763411 -41.095667 29.897829
v 12.704440 -41.494613 25.270546
v 13.073012 -41.962187 70.078150
v 11.101456 -39.191413 110.587324
v 9.014759 -39.635530 149.330207
v 7.424935 -38.424425 170.664088
v -21.384543 -24.517400 8.209260
v 5.975157 -36.257294 182.041619
v 5.850904 -32.283437 193.301707
v -64.449062 -32.485679 7.380511
v 5.869502 -30.521910 198.110469
v -63.060879 -32.902238 -27.815900
v -2.230896 0.420222 -223.817439
v -46.922207 -33.712729 12.840350
v -44.813320 -33.141318 -23.764386
v -45.534023 -32.196860 -25.188459
v -45.534023 -34.541953 -22.356427
v -1.026542 -0.500934 -224.014248
v 2.845682 -31.668152 197.862060
v 4.486543 -31.530333 200.129731
v 0.000000 -26.506469 212.707738
v 15.152632 -23.995569 184.092445
v 8.424083 -24.517400 -7.487392
v 17.944907 -24.591624 170.943619
v 20.383996 -25.173287 148.921569
v 21.492018 -25.422382 110.241794
v 22.551980 -28.077784 70.305768
v 22.621205 -27.205242 32.982316
v 7.568691 -33.273032 198.248187
v 22.617368 -27.364290 7.980656
v 12.788512 -24.301056 193.591582
v 11.044478 -23.860881 200.106070
v 5.784270 -22.634073 212.603118
v 13.699336 -19.900069 -141.389975
v 17.529006 -7.645821 -141.477327
v 12.651595 3.303476 -141.399892
v 0.000000 7.679546 -141.383872
v 0.000000 -0.691649 -224.066264
v -18.666902 -44.989219 -9.029279
v 6.544277 -32.220908 194.452044
v 7.770351 -38.776694 197.550921
v 6.989590 -42.045127 187.213031
v 6.564297 -38.103232 182.436541
v 9.787431 -33.932254 -87.779073
v 9.496464 -36.287073 -61.140001
v 8.069307 -38.803572 -21.213428
v 7.913527 -40.584385 -12.829294
v 8.424083 -40.264807 -7.487392
v -45.770176 -35.033001 -12.989124
v 6.123379 -36.344565 182.027484
v 7.094570 -23.124481 -141.749966
v -63.450374 -32.519059 -26.614484
v 2.156740 -3.948151 -220.807263
v 0.000000 4.772332 -224.423334
v -2.156740 -3.948151 -220.807263
v 1.026542 -0.500934 -224.014248
v 2.230896 0.420222 -223.817439
v 2.437995 2.293951 -223.910687
v 1.613298 3.883527 -224.240442
v 20.039932 -35.779909 91.538762
v 22.294385 -26.690517 91.468281
v 22.221775 -14.175582 91.455813
v 15.089065 -0.313765 91.528599
v 0.000000 6.864023 91.507325
v 11.724814 -39.894954 91.548392
v 0.000000 -41.840510 91.432500
v 0.000000 72.674920 -232.176725
v 0.000000 71.257268 -207.953441
v 21.384543 -24.517400 8.209260
v -18.334242 -40.397615 25.170982
v -18.881711 -38.743108 -6.726756
v 0.000000 -5.158474 -220.636576
v -3.695577 -1.508316 -220.546996
v -4.075693 2.337672 -220.387716
v -3.520118 5.897782 -219.984012
v -63.060879 -33.731527 -23.608997
v 0.000000 10.042511 -135.670395
v -7.094570 -23.124481 -141.749966
v -17.006951 -40.086047 -7.424953
v 0.000000 -35.520720 -87.499301
v -17.814190 -28.424399 -87.466907
v -22.491860 -12.646165 -87.458802
v -15.995416 0.451918 -87.425765
v -6.123379 -36.344565 182.027484
v -18.560967 -40.281421 29.926798
v 0.000000 -40.836822 33.716707
v 0.000000 -40.788311 25.183237
v -47.334316 -30.956870 -17.725446
v -21.958517 -37.928636 70.330029
v -22.736047 -15.350964 70.319630
v -16.414943 -2.320354 70.296355
v -8.424083 -40.264807 -7.487392
v -7.913527 -40.584385 -12.829294
v -19.270417 -43.971885 -8.969831
v -19.270417 -44.773276 6.328509
v -8.069307 -38.803572 -21.213428
v -18.002539 -33.565411 110.266117
v -21.474746 -13.222727 110.235184
v -14.445493 1.903598 110.399720
v -9.496464 -36.287073 -61.140001
v -21.418846 -37.674352 23.005752
v -9.787431 -33.932254 -87.779073
v -16.751270 -1.576325 -7.608316
v -6.564297 -38.103232 182.436541
v -16.929153 -33.361996 149.177494
v -20.221816 -13.030443 148.917737
v -14.222719 1.909275 148.906941
v -6.989590 -42.045127 187.213031
v -23.268324 -15.941988 -7.616329
v -21.179621 -35.196274 -8.119972
v -19.480801 -35.875571 -21.312726
v -7.770351 -38.776694 197.550921
v -15.198775 -32.549759 170.657857
v -18.030903 -12.943936 170.932161
v -12.080173 1.631707 170.663472
v -6.544277 -32.220908 194.452044
v -22.943280 -14.479693 -61.071414
v -18.870888 -39.171931 6.521625
v -16.435579 -1.883006 8.236826
v 0.000000 -32.658663 198.104327
v -10.059123 -30.307465 193.270439
v -13.508709 -15.632176 193.727711
v -8.622744 -5.335020 193.670382
v 0.000000 -23.813937 -141.498106
v -23.211149 -14.794238 8.234373
v -21.384543 -36.995645 8.209260
v 0.000000 -40.760178 -13.646681
v -3.302840 -36.486361 182.033292
v -21.418846 -24.517400 23.005752
v -3.386259 -38.784187 172.286868
v -12.651595 3.303476 -141.399892
v -19.024744 -39.451290 6.560706
v -16.178066 -38.975425 -13.212995
v 18.334242 -24.517400 25.170982
v 21.418846 -24.517400 23.005752
v -63.060390 -33.885633 -12.989124
v 17.006951 -24.517400 -7.424953
v -18.334242 -24.517400 25.170982
v 18.881711 -24.517400 -6.726756
v -17.529006 -7.645821 -141.477327
v -13.699336 -19.900069 -141.389975
v -16.043937 -2.280929 32.982167
v -23.014583 -14.705374 32.996047
v -64.665859 -30.564780 -12.629499
v -12.969372 -31.389421 184.032878
v -15.628604 -13.494400 184.034426
v -9.703370 -0.643871 183.770874
v -5.784270 -22.634073 212.603118
v -22.101071 -36.985642 33.022389
v -11.044478 -23.860881 200.106070
v 0.000000 -40.679251 30.021385
v -12.788512 -24.301056 193.591582
v 0.000000 -32.208701 199.899687
v -8.691894 -28.713195 199.829161
v -11.758768 -16.843154 200.015863
v -8.235966 -8.753506 199.885309
v -22.617368 -27.364290 7.980656
v -16.836522 -0.477627 -61.065610
v 0.000000 -38.275176 -61.084961
v -7.568691 -33.273032 198.248187
v -22.621205 -27.205242 32.982316
v -4.531309 -25.224518 212.449308
v -6.670169 -18.889457 212.731587
v -4.740577 -14.268721 212.459386
v -22.551980 -28.077784 70.305768
v -16.889421 -1.222155 -21.149854
v -23.298886 -15.605911 -21.160971
v -17.666521 -30.656586 -60.960629
v -21.237308 -25.422382 110.241794
v 0.000000 -40.227190 -21.188618
v -12.884603 -40.783345 33.402900
v -12.763411 -41.095667 29.897829
v -12.704440 -41.494613 25.270546
v -13.073012 -41.962187 70.078150
v -11.101456 -39.191413 110.587324
v -9.014759 -39.635530 149.330207
v -7.424935 -38.424425 170.664088
v -12.704440 -24.517400 25.270546
v -5.975157 -36.257294 182.041619
v -5.850904 -32.283437 193.301707
v -20.383996 -25.173287 148.921569
v -5.869502 -30.521910 198.110469
v -126.442715 -28.078386 -25.983136
v -61.596035 -33.357261 21.278094
v -19.809414 -41.089682 6.521625
v -19.809414 -40.326499 -8.050397
v -18.870888 -38.408748 -8.050397
v 106.196621 -27.315690 -35.252912
v 105.212734 -29.112565 -16.776715
v 103.126797 -29.311173 -12.369855
v 104.591152 -31.309830 -37.994123
v 104.591152 -29.631486 -46.640851
v 105.484707 -27.759904 -46.145734
v 103.975429 -29.791886 -14.552594
v 104.591152 -28.143082 -47.347150
v 103.697597 -27.759904 -46.145734
v 102.985683 -27.315690 -35.252912
v 129.512539 -26.082902 -48.866193
v 127.907070 -30.077043 -51.607404
v 127.907070 -28.398698 -60.254132
v 128.800625 -26.527116 -59.759015
v 127.907070 -26.910295 -60.960431
v 128.528652 -27.879777 -30.389997
v 127.291347 -28.559099 -28.165875
v 127.013515 -26.527116 -59.759015
v 126.301601 -26.082902 -48.866193
v 126.442715 -28.078386 -25.983136
v 64.665859 -30.564780 -12.629499
v 63.060390 -33.885633 -12.989124
v 63.060879 -33.731527 -23.608997
v 63.450374 -32.519059 -26.614484
v 63.060879 -32.902238 -27.815900
v 64.449062 -32.485679 7.380511
v 62.588711 -34.337241 2.714984
v 62.671384 -32.519059 -26.614484
v 61.454922 -30.564780 -12.629499
v 61.596035 -33.357261 21.278094
v 47.334316 -30.956870 -17.725446
v 45.770176 -35.033001 -12.989124
v 45.534023 -34.541953 -22.356427
v 45.534023 -32.196860 -25.188459
v 44.153652 -34.029624 16.976581
v 46.922207 -33.712729 12.840350
v 45.062344 -35.564170 8.174823
v 44.813320 -33.141318 -23.764386
v 43.733242 -30.956870 -17.725446
v -106.196621 -27.315690 -35.252912
v -104.591152 -31.309830 -37.994123
v -104.591152 -29.631486 -46.640851
v -105.484707 -27.759904 -46.145734
v -103.126797 -29.311173 -12.369855
v -103.975429 -29.791886 -14.552594
v -105.212734 -29.112565 -16.776715
v -104.591152 -28.143082 -47.347150
v -102.985683 -27.315690 -35.252912
v -103.697597 -27.759904 -46.145734
v -129.512539 -26.082902 -48.866193
v -127.907070 -30.077043 -51.607404
v -127.907070 -28.398698 -60.254132
v -128.800625 -26.527116 -59.759015
v -127.907070 -26.910295 -60.960431
v -128.528652 -27.879777 -30.389997
v -127.291347 -28.559099 -28.165875
v -127.013515 -26.527116 -59.759015
v -126.301601 -26.082902 -48.866193
v 4.732281 -48.895148 173.351196
v 4.732281 -48.441309 174.747971
v 3.816698 -48.441309 174.747971
v 3.816698 -48.895148 173.351196
v 4.732281 -50.083316 172.487942
v 3.816698 -50.083316 172.487942
v 4.732281 -48.895148 176.144745
v 3.816698 -48.895148 176.144745
v 4.732281 -47.756820 172.524153
v 4.732281 -47.034258 174.747971
v 3.816698 -50.817643 174.747971
v 4.732281 -51.551971 172.487942
v 3.816698 -51.551971 172.487942
v 4.732281 -49.648513 171.149758
v 4.732281 -47.756820 176.971789
v 4.732281 -50.083316 177.007999
v 3.816698 -50.083316 177.007999
v 2.155077 -47.756820 172.524153
v 2.155077 -47.034258 174.747971
v 4.732281 -52.740138 173.351196
v 3.816698 -52.740138 173.351196
v 4.732281 -51.986774 171.149758
v 2.155077 -49.648513 171.149758
v 2.155077 -47.756820 176.971789
v 4.732281 -49.648513 178.346184
v 4.732281 -51.551971 177.007999
v 3.816698 -51.551971 177.007999
v 2.155077 -50.817643 174.747971
v 4.732281 -53.193978 174.747971
v 3.816698 -53.193978 174.747971
v 4.732281 -53.878466 172.524153
v 2.155077 -51.986774 171.149758
v 2.155077 -49.648513 178.346184
v 4.732281 -51.986774 178.346184
v 4.732281 -52.740138 176.144745
v 3.816698 -52.740138 176.144745
v 4.732281 -54.601029 174.747971
v 2.155077 -53.878466 172.524153
v 2.155077 -51.986774 178.346184
v 4.732281 -53.878466 176.971789
v 2.155077 -54.601029 174.747971
v 2.155077 -53.878466 176.971789
v -3.535909 -48.895148 173.351196
v -3.535909 -48.441309 174.747971
v -4.451492 -48.441309 174.747971
v -4.451492 -48.895148 173.351196
v -3.535909 -50.083316 172.487942
v -4.451492 -50.083316 172.487942
v -3.535909 -48.895148 176.144745
v -4.451492 -48.895148 176.144745
v -4.451492 -47.034258 174.747971
v -4.451492 -47.756820 172.524153
v -3.535909 -50.817643 174.747971
v -3.535909 -51.551971 172.487942
v -4.451492 -51.551971 172.487942
v -4.451492 -49.648513 171.149758
v -4.451492 -47.756820 176.971789
v -3.535909 -50.083316 177.007999
v -4.451492 -50.083316 177.007999
v -1.874288 -47.034258 174.747971
v -1.874288 -47.756820 172.524153
v -3.535909 -52.740138 173.351196
v -4.451492 -52.740138 173.351196
v -4.451492 -51.986774 171.149758
v -1.874288 -49.648513 171.149758
v -1.874288 -47.756820 176.971789
v -4.451492 -49.648513 178.346184
v -3.535909 -51.551971 177.007999
v -4.451492 -51.551971 177.007999
v 68.637497 5.040432 -215.488219
v -3.535909 -53.193978 174.747971
v -4.451492 -53.193978 174.747971
v -4.451492 -53.878466 172.524153
v -1.874288 -51.986774 171.149758
v -1.874288 -49.648513 178.346184
v -4.451492 -51.986774 178.346184
v -3.535909 -52.740138 176.144745
v -4.451492 -52.740138 176.144745
v -4.451492 -54.601029 174.747971
v -1.874288 -53.878466 172.524153
v -1.874288 -51.986774 178.346184
v -4.451492 -53.878466 176.971789
v -1.874288 -54.601029 174.747971
v -1.874288 -53.878466 176.971789
v 21.095582 -33.357555 28.260196
v -0.431568 -50.530598 174.364681
v -0.578015 -50.530598 174.718234
v -0.078015 -37.636029 174.218234
v 90.147428 -28.324373 -29.918155
v 21.054374 -32.551964 -9.703931
v -0.431568 -37.636029 175.071787
v 20.815613 -33.742497 85.805292
v 6.323887 -35.538779 1.994891
v 197.563217 -21.337001 -93.380566
v 197.656617 -20.811471 -80.342297
v 90.128133 -28.191169 -29.915322
v -197.656617 -20.811471 -80.342297
v -197.734175 -20.552323 -73.110354
v -197.747586 -20.470251 -70.809475
v 108.190164 -27.979421 8.055255
v 21.061924 -32.441194 -9.708695
v 5.850904 -28.896556 193.301707
v 5.869502 -28.896556 198.110469
v 5.975157 -28.896556 182.041619
v 2.845682 -28.896556 197.862060
v 3.302840 -28.896556 182.033292
v -0.000000 -28.896556 198.104327
v 3.386259 -28.896556 172.286868
v -2.845682 -28.896556 197.862060
v -9.702233 -0.256639 -178.239919
v -68.906976 5.534362 -226.212954
v -6.697201 -0.101991 -198.000727
v -6.792682 -3.021273 -198.041402
v 11.704713 -2.739036 -163.552517
v 4.846884 -1.680503 -211.912091
v 68.638781 5.014629 -215.489103
v 4.727937 -0.378135 -211.843976
v 69.244543 5.780209 -231.766253
v 11.654355 -3.874176 -165.387722
v 11.478320 -1.418348 -165.279568
v 4.363104 -0.969199 -213.832013
v 0.275539 -50.530598 175.071787
v 68.749946 5.206317 -220.233903
v 9.772224 -4.023118 -178.250786
v -99.191164 -28.650748 -12.288124
v -197.563217 -21.337001 -93.380566
v 0.421985 -50.530598 174.718234
v 21.032134 -30.732688 87.373227
v -3.031094 -35.538779 -13.192487
v -15.006593 -47.521680 -4.157254
v -15.006593 -49.444175 -2.760480
v -15.006593 -48.709847 -5.020509
v -13.344973 -45.660789 -2.760480
v -15.922177 -45.660789 -2.760480
v -15.006593 -47.067840 -2.760480
v -15.006593 -50.178502 -5.020509
v -13.344973 -46.383352 -0.536662
v -15.922177 -46.383352 -0.536662
v -15.922177 -47.521680 -1.363706
v -15.006593 -51.366670 -4.157254
v -13.344973 -48.275044 0.837733
v -15.922177 -48.275044 0.837733
v -15.922177 -48.709847 -0.500451
v -15.006593 -51.820509 -2.760480
v -13.344973 -50.613305 0.837733
v -15.922177 -50.613305 0.837733
v -15.922177 -50.178502 -0.500451
v -15.006593 -51.366670 -1.363706
v -13.344973 -52.504998 -0.536662
v -15.922177 -52.504998 -0.536662
v -15.922177 -51.366670 -1.363706
v -15.006593 -50.178502 -0.500451
v -13.344973 -53.227560 -2.760480
v -15.922177 -53.227560 -2.760480
v -15.922177 -51.820509 -2.760480
v -15.006593 -48.709847 -0.500451
v -13.344973 -52.504998 -4.984298
v -15.922177 -52.504998 -4.984298
v 83.551259 -37.883608 11.109724
v 84.556972 -40.555991 21.955951
v 82.434493 -31.720800 6.254404
v 85.218105 -39.041831 39.133319
v 85.601894 -39.390464 35.683612
v 85.251308 -38.049033 39.160907
v 81.827480 -30.951640 24.010394
v 83.550136 -40.703574 19.750628
v 81.848965 -38.049033 39.160907
v 81.881679 -39.041831 39.133319
v 82.489590 -30.007407 30.641864
v 85.260586 -30.383891 23.428973
v 83.555019 -31.316855 -9.559186
v 84.623867 -29.562339 29.454242
v 82.542812 -40.556113 21.955951
v 81.498379 -39.390708 35.683612
v 83.552890 -33.786091 -1.445837
v 84.340481 -31.523945 -1.071694
v 84.862636 -31.734021 5.744159
v 82.674648 -31.752552 -0.770490
v 83.258144 -36.380576 50.030414
v 83.518964 -44.981405 8.840654
v 83.509296 -43.773080 50.894488
v 78.534751 -43.801419 36.064746
v 77.542271 -43.801419 36.064746
v 76.148133 -43.614887 49.527313
v 76.958623 -43.773080 52.617641
v 77.534093 -43.773080 49.287716
v 81.753352 -46.747016 14.162353
v 79.292804 -48.027579 36.064746
v 78.300827 -48.805153 49.261624
v 78.880103 -48.396608 52.240776
v 79.287524 -47.992243 49.099283
v 83.518964 -48.785632 36.064746
v 83.518964 -49.778112 36.064746
v 83.497889 -50.955032 49.151572
v 83.518964 -50.311735 52.084673
v 83.520679 -49.739877 49.021231
v 87.043335 -47.325790 36.064746
v 87.745124 -48.027579 36.064746
v 88.694952 -48.805153 49.261624
v 88.157825 -48.396608 52.240776
v 87.753835 -47.992243 49.099283
v 88.503177 -43.801419 36.064746
v 89.495657 -43.801419 36.064746
v 90.847646 -43.614887 49.527313
v 90.079304 -43.773080 52.617641
v 89.507265 -43.773080 49.287716
v 87.043335 -40.277048 36.064746
v 87.745124 -39.575259 36.064746
v 88.694952 -38.424620 49.793002
v 88.157825 -39.149553 52.994507
v 87.753835 -39.553918 49.476149
v 83.518964 -38.817206 36.064746
v 83.518964 -37.824726 36.064746
v 83.497889 -36.274741 49.903054
v 83.518964 -37.234425 53.150610
v 83.520679 -37.806283 49.554200
v 79.994593 -40.277048 36.064746
v 79.292804 -39.575259 36.064746
v 78.300827 -38.424620 49.793002
v 78.880103 -39.149553 52.994507
v 79.287524 -39.553918 49.476149
v 88.543565 -38.947980 43.304493
v 83.509338 -36.863422 43.299932
v 78.475111 -38.947980 43.304493
v 76.389866 -43.980549 43.315503
v 78.475111 -49.013119 43.326513
v 83.509338 -51.097677 43.331073
v 88.543565 -49.013119 43.326513
v 90.628810 -43.980549 43.315503
v 78.834895 -44.316135 23.849883
v 79.994593 -47.325790 36.064746
v 83.518964 -49.000204 23.849883
v 86.831101 -47.628272 23.849883
v 88.203033 -44.316135 23.849883
v 86.831101 -41.003998 23.849883
v 83.518964 -39.632066 23.849883
v 80.206827 -41.003998 23.849883
v 80.206827 -47.628272 23.849883
v 79.450090 -44.505511 19.824641
v 83.518964 -48.574385 19.824641
v 86.396092 -47.382639 19.824641
v 87.587837 -44.505511 19.824641
v 86.396092 -41.628383 19.824641
v 83.518964 -40.436638 19.824641
v 80.641836 -41.628383 19.824641
v 80.641836 -47.382639 19.824641
v 80.229710 -44.981405 19.824641
v 83.518964 -48.270658 19.824641
v 85.844817 -47.307258 19.824641
v 86.808217 -44.981405 19.824641
v 85.844817 -42.655551 19.824641
v 83.518964 -41.692151 19.824641
v 81.193110 -42.655551 19.824641
v 81.193110 -47.307258 19.824641
v 81.022012 -44.981405 14.162353
v 83.518964 -47.478356 14.162353
v 85.284575 -46.747016 14.162353
v 86.015915 -44.981405 14.162353
v 85.284575 -43.215793 14.162353
v 83.518964 -42.484453 14.162353
v 81.753352 -43.215793 14.162353
v -83.551259 -37.883608 11.109724
v -84.556972 -40.555991 21.955951
v -82.434493 -31.720800 6.254404
v -85.218105 -39.041831 39.133319
v -85.601894 -39.390464 35.683612
v -85.251308 -38.049033 39.160907
v -81.827480 -30.951640 24.010394
v -83.550136 -40.703574 19.750628
v -81.848965 -38.049033 39.160907
v -81.881679 -39.041831 39.133319
v -82.489590 -30.007407 30.641864
v -85.260586 -30.383891 23.428973
v -83.555019 -31.316855 -9.559186
v -84.623867 -29.562339 29.454242
v -82.542812 -40.556113 21.955951
v -81.498379 -39.390708 35.683612
v -83.552890 -33.786091 -1.445837
v -84.340481 -31.523945 -1.071694
v -84.862636 -31.734021 5.744159
v -82.674648 -31.752552 -0.770490
v -83.258144 -36.380576 50.030414
v -83.518964 -44.981405 8.840654
v -83.509296 -43.773080 50.894488
v -78.534751 -43.801419 36.064746
v -77.542271 -43.801419 36.064746
v -76.148133 -43.614887 49.527313
v -76.958623 -43.773080 52.617641
v -77.534093 -43.773080 49.287716
v -81.753352 -46.747016 14.162353
v -79.292804 -48.027579 36.064746
v -78.300827 -48.805153 49.261624
v -78.880103 -48.396608 52.240776
v -79.287524 -47.992243 49.099283
v -83.518964 -48.785632 36.064746
v -83.518964 -49.778112 36.064746
v -83.497889 -50.955032 49.151572
v -83.518964 -50.311735 52.084673
v -83.520679 -49.739877 49.021231
v -87.043335 -47.325790 36.064746
v -87.745124 -48.027579 36.064746
v -88.694952 -48.805153 49.261624
v -88.157825 -48.396608 52.240776
v -87.753835 -47.992243 49.099283
v -88.503177 -43.801419 36.064746
v -89.495657 -43.801419 36.064746
v -90.847646 -43.614887 49.527313
v -90.079304 -43.773080 52.617641
v -89.507265 -43.773080 49.287716
v -87.043335 -40.277048 36.064746
v -87.745124 -39.575259 36.064746
v -88.694952 -38.424620 49.793002
v -88.157825 -39.149553 52.994507
v -87.753835 -39.553918 49.476149
v -83.518964 -38.817206 36.064746
v -83.518964 -37.824726 36.064746
v -83.497889 -36.274741 49.903054
v -83.518964 -37.234425 53.150610
v -83.520679 -37.806283 49.554200
v -79.994593 -40.277048 36.064746
v -79.292804 -39.575259 36.064746
v -78.300827 -38.424620 49.793002
v -78.880103 -39.149553 52.994507
v -79.287524 -39.553918 49.476149
v -88.543565 -38.947980 43.304493
v -83.509338 -36.863422 43.299932
v -78.475111 -38.947980 43.304493
v -76.389866 -43.980549 43.315503
v -78.475111 -49.013119 43.326513
v -83.509338 -51.097677 43.331073
v -88.543565 -49.013119 43.326513
v -90.628810 -43.980549 43.315503
v -78.834895 -44.316135 23.849883
v -79.994593 -47.325790 36.064746
v -83.518964 -49.000204 23.849883
v -86.831101 -47.628272 23.849883
v -88.203033 -44.316135 23.849883
v -86.831101 -41.003998 23.849883
v -83.518964 -39.632066 23.849883
v -80.206827 -41.003998 23.849883
v -80.206827 -47.628272 23.849883
v -79.450090 -44.505511 19.824641
v -83.518964 -48.574385 19.824641
v -86.396092 -47.382639 19.824641
v -87.587837 -44.505511 19.824641
v -86.396092 -41.628383 19.824641
v -83.518964 -40.436638 19.824641
v -80.641836 -41.628383 19.824641
v -80.641836 -47.382639 19.824641
v -80.229710 -44.981405 19.824641
v -83.518964 -48.270658 19.824641
v -85.844817 -47.307258 19.824641
v -86.808217 -44.981405 19.824641
v -85.844817 -42.655551 19.824641
v -83.518964 -41.692151 19.824641
v -81.193110 -42.655551 19.824641
v -81.193110 -47.307258 19.824641
v -81.022012 -44.981405 14.162353
v -83.518964 -47.478356 14.162353
v -85.284575 -46.747016 14.162353
v -86.015915 -44.981405 14.162353
v -85.284575 -43.215793 14.162353
v -83.518964 -42.484453 14.162353
v -81.753352 -43.215793 14.162353
v 141.339833 -32.722475 -38.319084
v 142.345547 -35.394858 -27.632777
v 140.223067 -26.559668 -41.932446
v 143.006679 -33.880698 -10.455408
v 143.390469 -34.229331 -13.905115
v 143.039883 -32.887900 -10.427821
v 139.616054 -25.790507 -25.578333
v 141.338711 -35.542441 -29.838099
v 139.637539 -32.887900 -10.427821
v 139.670254 -33.880698 -10.455408
v 140.278164 -24.846274 -18.946863
v 143.049160 -25.222758 -26.159754
v 141.343594 -26.155723 -54.090394
v 142.412441 -24.401206 -20.134486
v 140.331386 -35.394980 -27.632777
v 139.286953 -34.229575 -13.905115
v 141.341464 -28.624958 -47.397860
v 142.129056 -26.362813 -47.036664
v 142.651211 -26.572888 -42.301087
v 140.463222 -26.591419 -46.826560
v 141.046719 -31.219443 0.441686
v 141.307538 -39.820272 -40.702647
v 141.297870 -38.611947 1.305761
v 136.323325 -38.640286 -13.523982
v 135.330845 -38.640286 -13.523982
v 133.936707 -38.453754 -0.061414
v 134.747198 -38.611947 3.028914
v 135.322668 -38.611947 -0.301012
v 139.541927 -41.585883 -35.426375
v 137.081378 -42.866446 -13.523982
v 136.089401 -43.644021 -0.327103
v 136.668677 -43.235475 2.652048
v 137.076098 -42.831110 -0.489444
v 141.307538 -43.624499 -13.523982
v 141.307538 -44.616979 -13.523982
v 141.286464 -45.793899 -0.437155
v 141.307538 -45.150603 2.495946
v 141.309253 -44.578744 -0.567496
v 144.831909 -42.164657 -13.523982
v 145.533698 -42.866446 -13.523982
v 146.483526 -43.644021 -0.327103
v 145.946399 -43.235475 2.652048
v 145.542409 -42.831110 -0.489444
v 146.291751 -38.640286 -13.523982
v 147.284231 -38.640286 -13.523982
v 148.636220 -38.453754 -0.061414
v 147.867878 -38.611947 3.028914
v 147.295839 -38.611947 -0.301012
v 144.831909 -35.115915 -13.523982
v 145.533698 -34.414126 -13.523982
v 146.483526 -33.263487 0.204275
v 145.946399 -33.988420 3.405780
v 145.542409 -34.392785 -0.112579
v 141.307538 -33.656073 -13.523982
v 141.307538 -32.663593 -13.523982
v 141.286464 -31.113608 0.314327
v 141.307538 -32.073292 3.561883
v 141.309253 -32.645150 -0.034527
v 137.783167 -35.115915 -13.523982
v 137.081378 -34.414126 -13.523982
v 136.089401 -33.263487 0.204275
v 136.668677 -33.988420 3.405780
v 137.076098 -34.392785 -0.112579
v 146.332139 -33.786847 -6.284234
v 141.297912 -31.702289 -6.288795
v 136.263685 -33.786847 -6.284234
v 134.178440 -38.819417 -6.273224
v 136.263685 -43.851986 -6.262214
v 141.297912 -45.936545 -6.257654
v 146.332139 -43.851986 -6.262214
v 148.417384 -38.819417 -6.273224
v 136.623469 -39.155002 -25.738844
v 137.783167 -42.164657 -13.523982
v 141.307538 -43.839071 -25.738844
v 144.619675 -42.467139 -25.738844
v 145.991607 -39.155002 -25.738844
v 144.619675 -35.842865 -25.738844
v 141.307538 -34.470933 -25.738844
v 137.995401 -35.842865 -25.738844
v 137.995401 -42.467139 -25.738844
v 137.238665 -39.344379 -29.764087
v 141.307538 -43.413252 -29.764087
v 144.184666 -42.221507 -29.764087
v 145.376411 -39.344379 -29.764087
v 144.184666 -36.467251 -29.764087
v 141.307538 -35.275505 -29.764087
v 138.430410 -36.467251 -29.764087
v 138.430410 -42.221507 -29.764087
v 138.018285 -39.820272 -29.764087
v 141.307538 -43.109525 -29.764087
v 143.633391 -42.146125 -29.764087
v 144.596791 -39.820272 -29.764087
v 143.633391 -37.494419 -29.764087
v 141.307538 -36.531019 -29.764087
v 138.981685 -37.494419 -29.764087
v 138.981685 -42.146125 -29.764087
v 138.810586 -39.820272 -35.426375
v 141.307538 -42.317223 -35.426375
v 143.073149 -41.585883 -35.426375
v 143.804490 -39.820272 -35.426375
v 143.073149 -38.054661 -35.426375
v 141.307538 -37.323320 -35.426375
v 139.541927 -38.054661 -35.426375
v -141.339833 -32.722475 -38.319084
v -142.345547 -35.394858 -27.632777
v -140.223067 -26.559668 -41.932446
v -143.006679 -33.880698 -10.455408
v -143.390469 -34.229331 -13.905115
v -143.039883 -32.887900 -10.427821
v -139.616054 -25.790507 -25.578333
v -141.338711 -35.542441 -29.838099
v -139.637539 -32.887900 -10.427821
v -139.670254 -33.880698 -10.455408
v -140.278164 -24.846274 -18.946863
v -143.049160 -25.222758 -26.159754
v -141.343594 -26.155723 -54.090394
v -142.412441 -24.401206 -20.134486
v -140.331386 -35.394980 -27.632777
v -139.286953 -34.229575 -13.905115
v -141.341464 -28.624958 -47.397860
v -142.129056 -26.362813 -47.036664
v -142.651211 -26.572888 -42.301087
v -140.463222 -26.591419 -46.826560
v -141.046719 -31.219443 0.441686
v -141.307538 -39.820272 -40.702647
v -141.297870 -38.611947 1.305761
v -136.323325 -38.640286 -13.523982
v -135.330845 -38.640286 -13.523982
v -133.936707 -38.453754 -0.061414
v -134.747198 -38.611947 3.028914
v -135.322668 -38.611947 -0.301012
v -139.541927 -41.585883 -35.426375
v -137.081378 -42.866446 -13.523982
v -136.089401 -43.644021 -0.327103
v -136.668677 -43.235475 2.652048
v -137.076098 -42.831110 -0.489444
v -141.307538 -43.624499 -13.523982
v -141.307538 -44.616979 -13.523982
v -141.286464 -45.793899 -0.437155
v -141.307538 -45.150603 2.495946
v -141.309253 -44.578744 -0.567496
v -144.831909 -42.164657 -13.523982
v -145.533698 -42.866446 -13.523982
v -146.483526 -43.644021 -0.327103
v -145.946399 -43.235475 2.652048
v -145.542409 -42.831110 -0.489444
v -146.291751 -38.640286 -13.523982
v -147.284231 -38.640286 -13.523982
v -148.636220 -38.453754 -0.061414
v -147.867878 -38.611947 3.028914
v -147.295839 -38.611947 -0.301012
v -144.831909 -35.115915 -13.523982
v -145.533698 -34.414126 -13.523982
v -146.483526 -33.263487 0.204275
v -145.946399 -33.988420 3.405780
v -145.542409 -34.392785 -0.112579
v -141.307538 -33.656073 -13.523982
v -141.307538 -32.663593 -13.523982
v -141.286464 -31.113608 0.314327
v -141.307538 -32.073292 3.561883
v -141.309253 -32.645150 -0.034527
v -137.783167 -35.115915 -13.523982
v -137.081378 -34.414126 -13.523982
v -136.089401 -33.263487 0.204275
v -136.668677 -33.988420 3.405780
v -137.076098 -34.392785 -0.112579
v -146.332139 -33.786847 -6.284234
v -141.297912 -31.702289 -6.288795
v -136.263685 -33.786847 -6.284234
v -134.178440 -38.819417 -6.273224
v -136.263685 -43.851986 -6.262214
v -141.297912 -45.936545 -6.257654
v -146.332139 -43.851986 -6.262214
v -148.417384 -38.819417 -6.273224
v -136.623469 -39.155002 -25.738844
v -137.783167 -42.164657 -13.523982
v -141.307538 -43.839071 -25.738844
v -144.619675 -42.467139 -25.738844
v -145.991607 -39.155002 -25.738844
v -144.619675 -35.842865 -25.738844
v -141.307538 -34.470933 -25.738844
v -137.995401 -35.842865 -25.738844
v -137.995401 -42.467139 -25.738844
v -137.238665 -39.344379 -29.764087
v -141.307538 -43.413252 -29.764087
v -144.184666 -42.221507 -29.764087
v -145.376411 -39.344379 -29.764087
v -144.184666 -36.467251 -29.764087
v -141.307538 -35.275505 -29.764087
v -138.430410 -36.467251 -29.764087
v -138.430410 -42.221507 -29.764087
v -138.018285 -39.820272 -29.764087
v -141.307538 -43.109525 -29.764087
v -143.633391 -42.146125 -29.764087
v -144.596791 -39.820272 -29.764087
v -143.633391 -37.494419 -29.764087
v -141.307538 -36.531019 -29.764087
v -138.981685 -37.494419 -29.764087
v -138.981685 -42.146125 -29.764087
v -138.810586 -39.820272 -35.426375
v -141.307538 -42.317223 -35.426375
v -143.073149 -41.585883 -35.426375
v -143.804490 -39.820272 -35.426375
v -143.073149 -38.054661 -35.426375
v -141.307538 -37.323320 -35.426375
v -139.541927 -38.054661 -35.426375
v 0.000000 6.658896 -119.323486
v 0.000000 8.845899 -210.158922
v 0.000000 69.477416 -230.991881
v 2.259492 6.777734 -122.250822
v -0.246515 8.831732 -207.949786
v -4.475856 7.117020 -138.365876
v -1.881531 68.052488 -206.272252
v -4.024566 6.864415 -127.345168
v -0.211571 69.442767 -229.361653
v -1.155123 69.488412 -206.977659
v -0.069470 70.804833 -230.084079
v -2.398106 8.997001 -136.461935
v -2.259492 6.777734 -122.250822
v 2.398106 8.997001 -136.461935
v 0.069470 70.804833 -230.084079
v 1.155123 69.488412 -206.977659
v -23.215141 -16.122432 19.377061
v -23.215712 -15.774395 20.819495
v -23.223732 -15.760112 19.704206
v -23.204410 -16.120656 21.129696
v -23.163136 -17.996446 19.375473
v -23.154051 -17.995727 21.128649
v -23.143357 -18.366417 20.802430
v -23.148999 -18.366826 19.701430
v -21.694150 -11.004236 18.837772
v -23.203809 -14.706310 18.634278
v -21.715701 -11.158207 24.750239
v -22.955760 -22.810823 18.865014
v -22.987147 -22.156456 18.644353
v -22.967139 -22.574539 18.676744
v -22.949042 -22.956286 19.139720
v -22.950555 -22.956225 24.315185
v -22.955734 -22.810678 24.590441
v -22.963800 -22.569295 24.786434
v -21.615427 -10.834236 19.139973
v -21.572862 -10.829787 24.314951
v -21.633683 -10.968093 24.590381
v -23.231987 -15.685196 18.632786
v -23.169284 -14.704612 24.832103
v -21.778554 -11.198526 18.670350
v -23.224003 -15.718769 19.704656
v -23.215874 -15.736876 20.827016
v -23.153747 -17.995288 21.142743
v -23.162475 -18.000804 19.363872
v -23.142966 -18.372167 20.803401
v -23.148436 -18.372999 19.697845
v -23.214941 -16.123438 19.377381
v -23.204013 -16.114438 21.146132
v -22.449076 -18.168911 -44.668046
v -22.334275 -18.528414 -46.094624
v -22.352347 -18.528587 -44.993868
v -22.420739 -18.167681 -46.421518
v -22.902495 -16.318502 -44.671015
v -22.876068 -16.312578 -46.424551
v -22.982540 -15.945954 -44.998226
v -22.965098 -15.944721 -46.099256
v -22.291650 -12.081773 -47.248286
v -23.116705 -14.833087 -47.293679
v -22.103630 -11.607926 -41.113082
v -22.021072 -11.379575 -41.302154
v -21.968626 -11.240015 -41.576951
v -23.215351 -15.075533 -41.083436
v -21.074350 -22.887862 -47.211624
v -21.005120 -23.116604 -47.022620
v -20.963975 -23.261662 -46.746954
v -21.166094 -22.952379 -41.155423
v -21.059524 -23.263565 -41.569320
v -21.110234 -23.120735 -41.292235
v -22.114668 -19.317606 -47.255642
v -22.966220 -15.930302 -46.107317
v -22.027379 -11.376641 -47.028248
v -22.114684 -11.606515 -47.217822
v -21.973708 -11.235249 -46.752398
v -22.353823 -18.528890 -44.993829
v -22.333865 -18.527951 -46.094651
v -22.778575 -17.105867 -41.076259
v -22.686472 -17.086660 -47.254559
v -22.876022 -16.308774 -46.428896
v -22.448009 -18.166862 -44.668272
v -22.420745 -18.168090 -46.421470
v -22.981575 -15.948654 -44.998234
v -22.902679 -16.315747 -44.669627
v -18.199190 -7.765356 -135.347910
v -18.364742 -8.188417 -134.897260
v -18.266610 -7.908907 -135.078409
v -17.749947 -7.757202 -140.323935
v -17.571997 -8.206538 -140.990476
v -17.656693 -7.896974 -140.811329
v -16.783687 -14.986179 -134.715188
v -13.930366 -19.684668 -141.027440
v -15.140083 -19.317320 -134.844759
v -16.487334 -13.364978 -140.055962
v -16.663479 -12.275182 -140.913797
v -16.341047 -13.435053 -140.903449
v -15.847105 -14.916284 -140.910594
v -13.994847 -20.011242 -139.825249
v -13.627759 -20.231561 -140.573426
v -14.148654 -20.112691 -138.618361
v -13.708855 -20.120531 -140.796010
v -14.797726 -19.887964 -135.347641
v -14.923358 -19.713039 -135.060441
v -16.363968 -14.562555 -138.289615
v -16.206164 -14.895376 -138.620582
v -17.173216 -13.732498 -134.729627
v -16.025820 -14.918288 -139.735388
v -16.098691 -14.546789 -140.062212
v -16.927971 -12.720052 -138.296850
v -16.803044 -12.389998 -139.737662
v -16.965297 -12.396152 -138.625867
v -16.661482 -12.738230 -140.063371
v -21.089144 -11.546344 100.667043
v -22.223734 -14.267813 94.940494
v -21.239491 -11.919307 101.136519
v -21.187097 -11.558122 95.449709
v -21.253254 -11.702431 95.183037
v -21.355350 -11.934384 94.999274
v -21.142835 -11.683433 100.945891
v -22.327959 -22.371608 95.652666
v -22.111913 -23.859247 100.536561
v -22.104541 -23.709663 100.943959
v -22.108546 -23.461718 101.136846
v -21.995129 -13.990500 101.177288
v -22.217649 -18.570309 101.172096
v -22.410960 -20.197379 94.929940
v -22.273352 -23.875305 95.443070
v -22.290160 -23.688176 95.134515
v -22.304167 -23.485374 94.967174
v -22.386158 -17.214100 94.929280
v -22.386969 -18.565776 95.770693
v -22.331592 -18.576215 97.529647
v -22.342234 -19.047105 97.200077
v -22.376640 -19.046595 96.099230
v -22.341105 -16.772319 95.771571
v -22.313839 -16.392650 96.097859
v -22.279186 -16.398171 97.204162
v -22.285245 -16.780977 97.537321
v -22.386937 -18.564808 95.773141
v -22.315404 -16.405429 96.101161
v -22.342430 -19.045882 97.199767
v -22.331982 -18.582107 97.526127
v -22.285778 -16.782997 97.527730
v -22.342116 -16.780995 95.774513
v -18.799977 -11.597862 160.725604
v -18.883278 -11.690674 160.260935
v -18.811697 -11.741806 161.068547
v -19.662132 -12.527618 155.099953
v -19.507810 -15.627802 160.060426
v -19.303108 -11.614647 155.595048
v -18.988822 -11.609507 158.868775
v -19.378216 -11.756947 155.319851
v -19.475200 -11.987291 155.131530
v -18.850195 -11.593842 160.247330
v -19.969523 -23.385090 155.128474
v -19.884772 -23.873735 155.608299
v -19.313162 -23.865622 160.832880
v -20.025777 -16.264514 155.071481
v -20.055328 -21.851500 155.080989
v -19.289712 -23.409207 161.303174
v -19.289853 -23.724513 161.113994
v -18.871958 -11.997982 161.297347
v -19.372375 -15.570762 161.320107
v -19.924802 -23.726217 155.328297
v -19.918813 -16.426098 156.214935
v -19.968556 -16.846454 155.887228
v -19.870715 -19.045726 157.313638
v -19.453677 -18.059219 161.308950
v -19.844004 -18.764042 157.561818
v -20.010357 -18.679042 155.884824
v -20.092867 -18.782365 155.066647
v -19.980693 -19.046173 156.211147
v -19.832936 -18.450277 157.639441
v -19.798544 -16.919082 157.643563
v -19.813546 -16.456094 157.403499
v -19.981257 -19.042965 156.212159
v -19.871635 -19.042820 157.312984
v -19.844077 -18.764923 157.561508
v -20.010474 -18.677293 155.885386
v -19.814759 -16.455208 157.400408
v -19.919588 -16.428586 156.213372
v -16.812633 -12.372550 -139.739068
v -16.929046 -12.716732 -138.299690
v -16.978257 -12.370644 -138.622946
v -16.097199 -14.552732 -140.061637
v -16.019679 -14.949462 -139.735379
v -16.196241 -14.938023 -138.618934
v 17.040652 -12.349125 -138.605448
v 16.994302 -12.688308 -138.279700
v 16.875511 -12.350643 -139.721384
v 16.161666 -14.526438 -140.043553
v 16.085707 -14.916704 -139.717456
v 16.428706 -14.536172 -138.272594
v 18.322792 -7.909266 -135.060200
v 18.419290 -8.186411 -134.880373
v 18.255511 -7.766830 -135.330505
v 17.805493 -7.759263 -140.306835
v 17.629306 -8.203535 -140.972902
v 17.712156 -7.899692 -140.793622
v 15.214005 -19.263994 -134.821642
v 14.003654 -19.632279 -141.005919
v 16.851020 -14.951803 -134.694721
v 16.405766 -13.407881 -140.885771
v 16.725376 -12.257843 -140.895469
v 16.552258 -13.337940 -140.037707
v 15.915330 -14.879378 -140.892094
v 14.227900 -20.041644 -138.595858
v 13.749680 -20.197188 -140.562194
v 14.072409 -19.945691 -139.801815
v 13.823775 -20.082359 -140.781726
v 14.873837 -19.825974 -135.325780
v 14.999291 -19.651925 -135.038434
v 16.270881 -14.873920 -138.603005
v 16.428508 -14.537134 -138.270443
v 17.235980 -13.711569 -134.711975
v 16.095785 -14.874221 -139.718215
v 16.165360 -14.514452 -140.043414
v 16.991945 -12.696302 -138.277941
v 16.863007 -12.378791 -139.719436
v 17.024551 -12.385982 -138.609191
v 16.724428 -12.717556 -140.045011
v 21.629589 -23.415960 -46.756617
v 21.659341 -23.266783 -47.031653
v 21.723972 -23.024985 -47.220931
v 21.897228 -23.096999 -41.160608
v 21.810074 -23.445747 -41.579861
v 21.847351 -23.300342 -41.301602
v 22.557904 -19.359888 -47.256314
v 23.258929 -15.381008 -41.078102
v 23.113497 -15.930115 -46.107011
v 23.100759 -14.419672 -47.267439
v 22.707040 -18.554719 -46.097249
v 22.722061 -18.561080 -44.994272
v 23.014362 -17.115247 -41.077175
v 23.057052 -16.309972 -46.429610
v 22.999409 -16.089897 -47.266647
v 22.788030 -18.183375 -44.671066
v 22.763880 -18.188780 -46.427570
v 23.126910 -15.948010 -44.998083
v 23.079395 -16.317193 -44.669729
v 22.945953 -11.995483 -46.624255
v 22.081762 -11.452988 -47.499861
v 22.074127 -11.405819 -47.028680
v 22.020395 -11.266345 -46.752058
v 22.013774 -11.270600 -41.576716
v 22.043175 -11.356582 -41.270171
v 22.183937 -11.707692 -41.073578
v 22.722510 -18.554533 -44.996807
v 22.706951 -18.555262 -46.097442
v 22.787279 -18.189705 -44.670366
v 22.763768 -18.187464 -46.423715
v 23.078558 -16.320255 -44.671239
v 23.056385 -16.314706 -46.424767
v 23.127040 -15.946229 -44.998001
v 23.112466 -15.945486 -46.098967
v 21.711722 -11.201722 24.747605
v 23.150554 -14.679691 18.636329
v 21.690212 -11.054035 18.835366
v 22.972546 -22.567076 18.676603
v 22.988225 -22.148835 18.645800
v 22.963633 -22.803212 18.865690
v 22.958263 -22.948913 19.140526
v 22.960277 -22.948967 24.315354
v 22.965964 -22.803330 24.590631
v 22.975002 -22.563503 24.784774
v 21.568040 -10.884067 24.313153
v 21.610401 -10.888639 19.138174
v 21.631186 -11.020904 24.588598
v 23.226642 -14.711305 24.830117
v 23.276258 -15.688007 18.633774
v 21.775502 -11.242395 18.665305
v 23.259416 -15.742114 20.825185
v 23.267732 -15.724300 19.704036
v 23.174346 -17.991723 21.138891
v 23.182935 -17.995777 19.366730
v 23.165287 -18.366051 19.698751
v 23.159442 -18.365590 20.803088
v 23.254927 -16.120947 19.376960
v 23.243783 -16.113748 21.142477
v 23.267036 -15.757089 19.703706
v 23.258798 -15.771817 20.819102
v 23.254639 -16.119855 19.376693
v 23.243843 -16.118338 21.129429
v 23.183104 -17.992466 19.375304
v 23.174285 -17.992014 21.128458
v 23.159649 -18.361051 20.802366
v 23.165349 -18.360953 19.701492
v 21.260956 -11.964079 101.134787
v 22.276969 -14.294300 94.938279
v 21.099844 -11.595195 100.665139
v 21.189521 -11.607221 95.444598
v 21.259080 -11.749846 95.173491
v 21.367301 -11.979629 94.987477
v 21.157966 -11.731273 100.944924
v 22.151970 -23.696662 100.942316
v 22.159319 -23.846137 100.535046
v -16.486914 -13.364508 -140.063754
v 22.155233 -23.450899 101.134807
v 22.044303 -13.980027 101.178882
v 22.458582 -20.193262 94.929687
v 22.257775 -18.568719 101.169588
v 22.320048 -23.860861 95.441854
v 22.337409 -23.673615 95.132796
v 22.351646 -23.472242 94.967522
v 22.433057 -18.568046 95.770179
v -16.662623 -12.734819 -140.063893
v 22.374569 -18.582696 97.525572
v 22.385676 -19.045513 97.198274
v 22.422306 -19.044945 96.097629
v 22.387254 -16.785467 95.771008
v 22.361021 -16.410195 96.097294
v 22.325952 -16.414124 97.201271
v 22.331146 -16.791355 97.531115
v 22.385356 -19.045533 97.198244
v 22.362750 -16.419024 96.099378
v 22.331186 -16.791739 97.525617
v 22.422340 -19.045358 96.097657
v 22.327129 -16.420491 97.199854
v 22.387853 -16.792334 95.772309
v 19.837745 -18.765526 157.545216
v 19.867241 -19.043623 157.296887
v 19.984685 -19.043545 156.196807
v 20.016206 -18.680141 155.870559
v 19.822649 -16.458881 157.392259
v 19.927447 -16.442793 156.200477
v 18.869481 -11.763264 161.056360
v 18.910184 -11.623202 160.236536
v 18.859450 -11.625392 160.712882
v 22.374850 -18.585325 97.524286
v 19.723238 -12.548205 155.090922
v 22.433080 -18.567436 95.771344
v 19.360344 -11.637880 155.585726
v 19.436134 -11.779885 155.310235
v 19.534252 -12.009907 155.121806
v 16.729272 -12.704406 -140.046769
v 19.354379 -23.847142 160.820390
v 19.924155 -23.852830 155.595354
v 20.002199 -23.364584 155.114836
v 20.037570 -16.278916 155.058690
v 19.325233 -23.394562 161.289026
v 20.067759 -21.838352 155.066646
v 19.328881 -23.705398 161.101156
v 18.929849 -12.017126 161.286159
v 19.392544 -15.581238 161.303849
v 19.961823 -23.705220 155.314954
v 19.927029 -16.444185 156.201435
v 19.974488 -16.855466 155.873917
v 19.866842 -19.036305 157.295034
v 19.838183 -18.763536 157.544053
v 19.440797 -18.058544 161.289893
v 20.104605 -18.783960 155.053446
v 20.016079 -18.675923 155.872132
v 19.983848 -19.037871 156.199628
v 19.826687 -18.456289 157.621307
v 19.801080 -16.925306 157.624408
v 19.821864 -16.469911 157.387467
v 10.764329 -1.341617 183.282374
v 11.739348 -1.861085 179.802808
v 10.188253 0.574972 179.902758
v 10.632359 -1.175103 183.430521
v 7.302631 1.872213 182.392862
v 8.632245 1.825548 179.657111
v 7.186438 2.019832 182.231357
v 5.444134 2.151532 184.828737
v 7.817166 -1.222111 187.302105
v 8.490495 -1.306815 186.792454
v 7.950339 -1.361532 187.459577
v 10.324125 -1.136353 184.207072
v 6.987278 2.012733 182.645358
v 4.247059 -2.327458 192.831347
v 4.913900 -1.870593 191.478608
v 3.660563 2.180391 186.211666
v 0.372486 2.658659 187.781575
v 5.213383 2.142735 185.030558
v 7.126722 -0.901332 187.386627
v 0.367731 -1.405051 193.379405
v 7.523073 -1.328482 187.856835
v -3.590077 2.328927 186.322697
v -4.875469 -1.689840 191.580933
v -4.118762 -2.232900 192.899150
v -0.224997 2.708664 187.818632
v -7.099829 -0.719819 187.511966
v -5.101389 2.206448 185.102540
v -0.213983 -1.373523 193.404764
v -7.467468 -1.156546 187.935042
v -10.074204 0.600876 179.922251
v -11.604211 -1.848812 179.811662
v -10.671832 -1.310025 183.302505
v -10.542893 -1.138689 183.453939
v -7.191252 1.901264 182.415617
v -8.517374 1.851482 179.678378
v -7.074716 2.049021 182.254490
v -8.421499 -1.208012 186.849482
v -7.767160 -1.080638 187.385282
v -5.356012 2.210304 184.874827
v -7.878533 -1.212470 187.515200
v -10.238176 -1.078407 184.241689
v -6.871265 2.043284 182.673896
v 1.264861 6.413046 176.927034
v 5.165440 5.231991 174.400648
v 1.284753 6.859762 174.509090
v 5.129548 4.716444 176.810264
v -11.639023 -38.138248 140.277124
v -19.798928 -16.919671 157.641110
v -13.469286 -36.772940 141.113962
v -19.968591 -16.846547 155.887347
v -20.504879 -26.267871 140.280902
v -18.484414 -31.584024 141.060715
v -20.190848 -27.012892 141.120058
v -17.157632 -33.767642 141.136418
v -20.677084 -27.283151 123.714038
v -21.040650 -26.248441 124.557390
v -20.005003 -28.967976 123.710671
v -17.530939 -33.786261 123.725567
v -13.104823 -37.484101 123.837081
v -19.833087 -18.451099 157.638875
v -12.195649 -38.158208 124.604499
v -21.200359 -21.732567 -61.889967
v -19.848345 -24.391661 -79.291663
v -17.635034 -30.684814 -61.911634
v -21.387584 -20.994603 -62.729232
v -16.406152 -30.391463 -79.311957
v -15.692409 -32.286331 -61.915831
v -17.822625 -29.175093 -79.287184
v -20.910000 -20.945858 -78.463424
v -20.676888 -21.697259 -79.312871
v -13.914396 -32.158943 -79.310323
v -12.711828 -33.032748 -78.474268
v -14.644903 -32.991696 -62.755385
v -17.164993 -26.774679 -98.470152
v -17.631942 -27.974088 -90.420475
v -20.391973 -20.783996 -91.126067
v -16.152787 -29.348566 -90.369437
v -20.227901 -21.573920 -90.289010
v -14.635365 -30.417627 -90.375381
v -13.301835 -31.176931 -91.191781
v -13.413206 -29.763180 -98.236895
v -15.598824 -28.208739 -98.404975
v -19.467317 -21.438799 -98.372334
v -12.598113 -30.423073 -97.589925
v -19.793618 -20.698696 -97.544452
v 19.801022 -16.924129 157.626436
v 19.826551 -18.454539 157.622769
v 19.974519 -16.855915 155.873493
v -22.280458 -16.408449 97.201599
v -22.376662 -19.046542 96.099201
v -16.362592 -14.566947 -138.290722
#end 3686 vertices

#begin 13934 normals
vn -0.927964 0.372631 0.005314
vn -0.927964 0.372631 0.005314
vn -0.927965 0.372631 0.005313
vn -0.927964 0.372632 0.005314
vn -0.927964 0.372631 0.005314
vn -0.927964 0.372631 0.005314
vn -0.927964 0.372631 0.005314
vn -0.927964 0.372631 0.005314
vn -0.927964 0.372632 0.005314
vn -0.927964 0.372631 0.005314
vn -0.927964 0.372631 0.005314
vn -0.927964 0.372631 0.005314
vn -0.927964 0.372631 0.005314
vn -0.927964 0.372631 0.005314
vn -0.927964 0.372631 0.005314
vn -0.927964 0.372631 0.005313
vn -0.927964 0.372631 0.005314
vn -0.927964 0.372631 0.005314
vn -0.927964 0.372631 0.005314
vn -0.927964 0.372631 0.005313
vn -0.927964 0.372632 0.005314
vn -0.927964 0.372631 0.005313
vn -0.927964 0.372631 0.005313
vn -0.927964 0.372631 0.005314
vn -0.927964 0.372631 0.005313
vn -0.927964 0.372631 0.005313
vn -0.927964 0.372631 0.005313
vn -0.927964 0.372631 0.005313
vn -0.927964 0.372631 0.005313
vn -0.927964 0.372631 0.005313
vn -0.927964 0.372631 0.005313
vn -0.927964 0.372631 0.005313
vn -0.927964 0.372631 0.005313
vn -0.927964 0.372631 0.005313
vn -0.927964 0.372631 0.005313
vn -0.927964 0.372631 0.005313
vn -0.927964 0.372631 0.005313
vn -0.927964 0.372631 0.005314
vn -0.927964 0.372631 0.005314
vn -0.927964 0.372631 0.005313
vn -0.927964 0.372631 0.005314
vn -0.927964 0.372631 0.005313
vn -0.927964 0.372631 0.005313
vn -0.927964 0.372631 0.005314
vn -0.927964 0.372631 0.005313
vn -0.927964 0.372631 0.005314
vn -0.927964 0.372631 0.005314
vn -0.927964 0.372631 0.005313
vn -0.927964 0.372631 0.005314
vn -0.927964 0.372631 0.005314
vn -0.927964 0.372631 0.005314
vn -0.927964 0.372631 0.005314
vn -0.927964 0.372631 0.005314
vn -0.927964 0.372631 0.005314
vn -0.947423 -0.296936 -0.119238
vn -0.947423 -0.296936 -0.119238
vn -0.947423 -0.296936 -0.119239
vn -0.947423 -0.296936 -0.119238
vn -0.947423 -0.296936 -0.119238
vn -0.947423 -0.296936 -0.119238
vn -0.947423 -0.296937 -0.119238
vn -0.947423 -0.296936 -0.119238
vn -0.947423 -0.296936 -0.119238
vn -0.947423 -0.296937 -0.119238
vn -0.947423 -0.296936 -0.119238
vn -0.947423 -0.296937 -0.119238
vn -0.947423 -0.296937 -0.119238
vn -0.947423 -0.296936 -0.119238
vn -0.947423 -0.296937 -0.119238
vn -0.947423 -0.296937 -0.119238
vn -0.947423 -0.296936 -0.119238
vn -0.947423 -0.296937 -0.119238
vn -0.950525 -0.310170 -0.017222
vn -0.950525 -0.310171 -0.017222
vn -0.950525 -0.310171 -0.017222
vn -0.950525 -0.310171 -0.017222
vn -0.950525 -0.310171 -0.017222
vn -0.950525 -0.310170 -0.017222
vn -0.950525 -0.310171 -0.017222
vn -0.950525 -0.310171 -0.017222
vn -0.950525 -0.310171 -0.017222
vn -0.950525 -0.310171 -0.017222
vn -0.950525 -0.310171 -0.017222
vn -0.950525 -0.310171 -0.017222
vn -0.950525 -0.310171 -0.017222
vn -0.950525 -0.310171 -0.017222
vn -0.950525 -0.310171 -0.017222
vn -0.950525 -0.310171 -0.017222
vn -0.950525 -0.310171 -0.017222
vn -0.950525 -0.310171 -0.017222
vn -0.950525 -0.310170 -0.017222
vn -0.950525 -0.310170 -0.017221
vn -0.950526 -0.310168 -0.017221
vn -0.950525 -0.310171 -0.017222
vn -0.950525 -0.310170 -0.017221
vn -0.950525 -0.310170 -0.017222
vn -0.950525 -0.310171 -0.017222
vn -0.950525 -0.310170 -0.017221
vn -0.950525 -0.310171 -0.017222
vn -0.950525 -0.310171 -0.017222
vn -0.950525 -0.310170 -0.017221
vn -0.950525 -0.310171 -0.017222
vn -0.950525 -0.310171 -0.017221
vn -0.950525 -0.310170 -0.017221
vn -0.950525 -0.310171 -0.017222
vn -0.950525 -0.310171 -0.017220
vn -0.950525 -0.310170 -0.017221
vn -0.950525 -0.310171 -0.017221
vn -0.950525 -0.310170 -0.017222
vn -0.950525 -0.310171 -0.017222
vn -0.950526 -0.310168 -0.017221
vn -0.950525 -0.310171 -0.017222
vn -0.950525 -0.310171 -0.017222
vn -0.950525 -0.310170 -0.017222
vn -0.950525 -0.310171 -0.017222
vn -0.950525 -0.310171 -0.017222
vn -0.950525 -0.310171 -0.017222
vn -0.950525 -0.310171 -0.017222
vn -0.950525 -0.310171 -0.017222
vn -0.950525 -0.310171 -0.017222
vn -0.950525 -0.310171 -0.017221
vn -0.950525 -0.310171 -0.017222
vn -0.950525 -0.310171 -0.017222
vn -0.950525 -0.310171 -0.017220
vn -0.950525 -0.310171 -0.017222
vn -0.950525 -0.310171 -0.017221
vn -0.950525 -0.310171 -0.017222
vn -0.950525 -0.310171 -0.017223
vn -0.950524 -0.310173 -0.017222
vn -0.950525 -0.310170 -0.017221
vn -0.950525 -0.310171 -0.017223
vn -0.950525 -0.310171 -0.017222
vn -0.950525 -0.310171 -0.017222
vn -0.950525 -0.310171 -0.017223
vn -0.950525 -0.310170 -0.017221
vn -0.950525 -0.310171 -0.017222
vn -0.950525 -0.310171 -0.017223
vn -0.950525 -0.310171 -0.017222
vn -0.950525 -0.310170 -0.017224
vn -0.950525 -0.310171 -0.017223
vn -0.950525 -0.310171 -0.017222
vn -0.950525 -0.310170 -0.017226
vn -0.950525 -0.310171 -0.017223
vn -0.950525 -0.310170 -0.017224
vn -0.949945 -0.310122 -0.037800
vn -0.949945 -0.310122 -0.037800
vn -0.949945 -0.310123 -0.037800
vn -0.949945 -0.310122 -0.037800
vn -0.949945 -0.310122 -0.037800
vn -0.949945 -0.310122 -0.037800
vn -0.949945 -0.310122 -0.037800
vn -0.949945 -0.310122 -0.037800
vn -0.949945 -0.310122 -0.037800
vn -0.949945 -0.310122 -0.037800
vn -0.949945 -0.310122 -0.037800
vn -0.949945 -0.310122 -0.037800
vn -0.949945 -0.310122 -0.037800
vn -0.949945 -0.310122 -0.037800
vn -0.949945 -0.310122 -0.037800
vn -0.949945 -0.310122 -0.037800
vn -0.949945 -0.310122 -0.037800
vn -0.949945 -0.310122 -0.037800
vn -0.949945 -0.310122 -0.037800
vn -0.949945 -0.310122 -0.037800
vn -0.949945 -0.310122 -0.037800
vn -0.949945 -0.310122 -0.037800
vn -0.949945 -0.310122 -0.037800
vn -0.949945 -0.310122 -0.037800
vn -0.949945 -0.310122 -0.037800
vn -0.949945 -0.310122 -0.037800
vn -0.949945 -0.310122 -0.037800
vn -0.949945 -0.310122 -0.037800
vn -0.949945 -0.310122 -0.037800
vn -0.949945 -0.310122 -0.037800
vn -0.949945 -0.310122 -0.037800
vn -0.949945 -0.310122 -0.037800
vn -0.949945 -0.310122 -0.037800
vn -0.949945 -0.310122 -0.037800
vn -0.949945 -0.310122 -0.037800
vn -0.949945 -0.310122 -0.037800
vn -0.949945 -0.310122 -0.037800
vn -0.949945 -0.310122 -0.037800
vn -0.949945 -0.310122 -0.037800
vn -0.949945 -0.310122 -0.037800
vn -0.949945 -0.310122 -0.037800
vn -0.949945 -0.310122 -0.037800
vn -0.949945 -0.310122 -0.037800
vn -0.949945 -0.310122 -0.037800
vn -0.949945 -0.310122 -0.037800
vn -0.949945 -0.310123 -0.037800
vn -0.949945 -0.310122 -0.037800
vn -0.949945 -0.310122 -0.037800
vn -0.949945 -0.310123 -0.037800
vn -0.949945 -0.310122 -0.037800
vn -0.949945 -0.310123 -0.037800
vn -0.949945 -0.310123 -0.037800
vn -0.949945 -0.310122 -0.037800
vn -0.949945 -0.310123 -0.037800
vn -0.949945 -0.310122 -0.037800
vn -0.949945 -0.310122 -0.037800
vn -0.949945 -0.310122 -0.037800
vn -0.949945 -0.310123 -0.037800
vn -0.949945 -0.310122 -0.037800
vn -0.949945 -0.310122 -0.037800
vn -0.949945 -0.310122 -0.037800
vn -0.949945 -0.310122 -0.037800
vn -0.949945 -0.310123 -0.037800
vn -0.949945 -0.310122 -0.037800
vn -0.949945 -0.310122 -0.037800
vn -0.949945 -0.310122 -0.037800
vn -0.949945 -0.310122 -0.037800
vn -0.949945 -0.310122 -0.037800
vn -0.949945 -0.310122 -0.037800
vn -0.949945 -0.310122 -0.037800
vn -0.949945 -0.310122 -0.037800
vn -0.949945 -0.310122 -0.037800
vn -0.949944 -0.310124 -0.037800
vn -0.949945 -0.310123 -0.037800
vn -0.949944 -0.310124 -0.037800
vn -0.949945 -0.310123 -0.037800
vn -0.949945 -0.310123 -0.037800
vn -0.949944 -0.310124 -0.037800
vn -0.949945 -0.310122 -0.037800
vn -0.949945 -0.310123 -0.037800
vn -0.949945 -0.310123 -0.037800
vn -0.949945 -0.310122 -0.037801
vn -0.949945 -0.310123 -0.037800
vn -0.949945 -0.310122 -0.037800
vn -0.949945 -0.310122 -0.037799
vn -0.949945 -0.310123 -0.037800
vn -0.949945 -0.310122 -0.037801
vn -0.949945 -0.310122 -0.037798
vn -0.949945 -0.310123 -0.037800
vn -0.949945 -0.310122 -0.037799
vn -0.949945 -0.310121 -0.037800
vn -0.949945 -0.310122 -0.037799
vn -0.949945 -0.310122 -0.037800
vn -0.949945 -0.310122 -0.037800
vn -0.949945 -0.310122 -0.037799
vn -0.949945 -0.310121 -0.037800
vn -0.949945 -0.310123 -0.037799
vn -0.949945 -0.310122 -0.037799
vn -0.949945 -0.310122 -0.037800
vn -0.949945 -0.310123 -0.037800
vn -0.949945 -0.310122 -0.037799
vn -0.949945 -0.310123 -0.037799
vn -0.949945 -0.310123 -0.037799
vn -0.949945 -0.310122 -0.037799
vn -0.949945 -0.310123 -0.037800
vn -0.949945 -0.310123 -0.037797
vn -0.949945 -0.310122 -0.037799
vn -0.949945 -0.310123 -0.037799
vn -0.949941 -0.310134 -0.037799
vn -0.951936 -0.305100 -0.027068
vn -0.949940 -0.310138 -0.037800
vn -0.952379 -0.302558 -0.037849
vn -0.951936 -0.305100 -0.027068
vn -0.949941 -0.310134 -0.037799
vn -0.954415 -0.296254 -0.036411
vn -0.951936 -0.305100 -0.027068
vn -0.952379 -0.302558 -0.037849
vn -0.952806 -0.302404 -0.026689
vn -0.951936 -0.305100 -0.027068
vn -0.954415 -0.296254 -0.036411
vn -0.951102 -0.308799 -0.006983
vn -0.951936 -0.305100 -0.027068
vn -0.952806 -0.302404 -0.026689
vn -0.950623 -0.310317 0.004485
vn -0.951936 -0.305100 -0.027068
vn -0.951102 -0.308799 -0.006983
vn -0.958171 -0.285565 -0.018983
vn -0.958452 -0.284640 -0.018722
vn -0.957749 -0.286952 -0.019375
vn -0.958591 -0.284178 -0.018591
vn -0.958452 -0.284640 -0.018722
vn -0.958171 -0.285565 -0.018983
vn -0.958591 -0.284178 -0.018591
vn -0.958452 -0.284640 -0.018722
vn -0.958591 -0.284178 -0.018591
vn -0.958591 -0.284178 -0.018591
vn -0.958452 -0.284640 -0.018722
vn -0.958591 -0.284178 -0.018591
vn -0.958591 -0.284178 -0.018591
vn -0.958452 -0.284640 -0.018722
vn -0.958591 -0.284178 -0.018591
vn -0.958591 -0.284178 -0.018590
vn -0.958452 -0.284640 -0.018722
vn -0.958591 -0.284178 -0.018591
vn -0.952558 -0.282342 -0.113650
vn -0.952558 -0.282341 -0.113650
vn -0.952558 -0.282343 -0.113650
vn -0.952559 -0.282340 -0.113649
vn -0.952558 -0.282341 -0.113650
vn -0.952558 -0.282342 -0.113650
vn -0.952558 -0.282341 -0.113649
vn -0.952558 -0.282341 -0.113650
vn -0.952559 -0.282340 -0.113649
vn -0.952558 -0.282341 -0.113649
vn -0.952558 -0.282341 -0.113650
vn -0.952558 -0.282341 -0.113649
vn -0.952558 -0.282340 -0.113652
vn -0.952558 -0.282341 -0.113650
vn -0.952558 -0.282341 -0.113649
vn -0.952558 -0.282340 -0.113653
vn -0.952558 -0.282341 -0.113650
vn -0.952558 -0.282340 -0.113652
vn -0.952558 -0.282342 -0.113650
vn -0.952558 -0.282341 -0.113650
vn -0.952557 -0.282344 -0.113650
vn -0.952558 -0.282341 -0.113649
vn -0.952558 -0.282341 -0.113650
vn -0.952558 -0.282342 -0.113650
vn -0.952559 -0.282340 -0.113650
vn -0.952558 -0.282341 -0.113650
vn -0.952558 -0.282341 -0.113649
vn -0.952559 -0.282340 -0.113650
vn -0.952558 -0.282341 -0.113650
vn -0.952559 -0.282340 -0.113650
vn -0.952559 -0.282340 -0.113649
vn -0.952558 -0.282341 -0.113650
vn -0.952559 -0.282340 -0.113650
vn -0.952559 -0.282340 -0.113649
vn -0.952558 -0.282341 -0.113650
vn -0.952559 -0.282340 -0.113649
vn -0.952559 -0.282339 -0.113649
vn -0.952559 -0.282340 -0.113650
vn -0.952559 -0.282338 -0.113649
vn -0.952558 -0.282341 -0.113649
vn -0.952559 -0.282340 -0.113650
vn -0.952559 -0.282339 -0.113649
vn -0.952558 -0.282341 -0.113650
vn -0.952559 -0.282340 -0.113650
vn -0.952558 -0.282341 -0.113649
vn -0.952558 -0.282340 -0.113650
vn -0.952559 -0.282340 -0.113650
vn -0.952558 -0.282341 -0.113650
vn -0.952558 -0.282340 -0.113652
vn -0.952559 -0.282340 -0.113650
vn -0.952558 -0.282340 -0.113650
vn -0.952558 -0.282340 -0.113654
vn -0.952559 -0.282340 -0.113650
vn -0.952558 -0.282340 -0.113652
vn -0.952558 -0.282343 -0.113650
vn -0.952558 -0.282341 -0.113650
vn -0.952557 -0.282345 -0.113650
vn -0.952558 -0.282341 -0.113649
vn -0.952558 -0.282341 -0.113650
vn -0.952558 -0.282343 -0.113650
vn -0.952558 -0.282341 -0.113649
vn -0.952558 -0.282341 -0.113650
vn -0.952558 -0.282341 -0.113649
vn -0.952558 -0.282340 -0.113649
vn -0.952558 -0.282341 -0.113650
vn -0.952558 -0.282341 -0.113649
vn -0.952558 -0.282340 -0.113651
vn -0.952558 -0.282341 -0.113650
vn -0.952558 -0.282340 -0.113649
vn -0.952558 -0.282340 -0.113652
vn -0.952558 -0.282341 -0.113650
vn -0.952558 -0.282340 -0.113651
vn -0.952559 -0.282340 -0.113651
vn -0.952558 -0.282340 -0.113650
vn -0.952559 -0.282339 -0.113651
vn -0.952558 -0.282340 -0.113651
vn -0.952558 -0.282340 -0.113650
vn -0.952559 -0.282340 -0.113651
vn -0.952558 -0.282340 -0.113650
vn -0.952558 -0.282340 -0.113650
vn -0.952558 -0.282340 -0.113651
vn -0.952558 -0.282341 -0.113650
vn -0.952558 -0.282340 -0.113650
vn -0.952558 -0.282340 -0.113650
vn -0.952558 -0.282341 -0.113650
vn -0.952558 -0.282340 -0.113650
vn -0.952558 -0.282341 -0.113650
vn -0.952558 -0.282341 -0.113649
vn -0.952558 -0.282340 -0.113650
vn -0.952558 -0.282341 -0.113650
vn -0.952559 -0.282340 -0.113651
vn -0.952558 -0.282340 -0.113650
vn -0.952559 -0.282339 -0.113651
vn -0.952558 -0.282340 -0.113651
vn -0.952558 -0.282340 -0.113650
vn -0.952559 -0.282340 -0.113651
vn -0.952558 -0.282340 -0.113650
vn -0.952558 -0.282340 -0.113650
vn -0.952558 -0.282340 -0.113651
vn -0.952558 -0.282341 -0.113650
vn -0.952558 -0.282340 -0.113650
vn -0.952558 -0.282340 -0.113650
vn -0.952558 -0.282341 -0.113650
vn -0.952558 -0.282340 -0.113650
vn -0.952558 -0.282341 -0.113650
vn -0.952558 -0.282341 -0.113650
vn -0.952558 -0.282340 -0.113650
vn -0.952558 -0.282341 -0.113650
vn -0.952558 -0.282342 -0.113650
vn -0.952558 -0.282341 -0.113650
vn -0.952558 -0.282343 -0.113650
vn -0.952558 -0.282341 -0.113649
vn -0.952558 -0.282341 -0.113650
vn -0.952558 -0.282342 -0.113650
vn -0.952558 -0.282340 -0.113650
vn -0.952558 -0.282341 -0.113650
vn -0.952558 -0.282341 -0.113649
vn -0.952559 -0.282340 -0.113650
vn -0.952558 -0.282341 -0.113650
vn -0.952558 -0.282340 -0.113650
vn -0.952559 -0.282340 -0.113650
vn -0.952558 -0.282341 -0.113650
vn -0.952559 -0.282340 -0.113650
vn -0.952558 -0.282340 -0.113650
vn -0.952558 -0.282341 -0.113650
vn -0.952559 -0.282340 -0.113650
vn -0.952558 -0.282341 -0.113650
vn -0.952558 -0.282341 -0.113650
vn -0.952558 -0.282342 -0.113650
vn -0.952558 -0.282340 -0.113650
vn -0.952558 -0.282341 -0.113650
vn -0.952558 -0.282341 -0.113650
vn -0.952558 -0.282340 -0.113650
vn -0.952558 -0.282341 -0.113650
vn -0.952558 -0.282340 -0.113650
vn -0.952558 -0.282340 -0.113650
vn -0.952558 -0.282341 -0.113650
vn -0.952558 -0.282340 -0.113650
vn -0.952558 -0.282340 -0.113650
vn -0.952558 -0.282341 -0.113650
vn -0.952558 -0.282340 -0.113650
vn -0.952558 -0.282340 -0.113650
vn -0.952558 -0.282341 -0.113650
vn -0.952558 -0.282340 -0.113650
vn -0.952559 -0.282339 -0.113650
vn -0.952559 -0.282340 -0.113650
vn -0.952559 -0.282339 -0.113651
vn -0.952559 -0.282340 -0.113650
vn -0.952559 -0.282340 -0.113650
vn -0.952559 -0.282339 -0.113650
vn -0.952558 -0.282340 -0.113650
vn -0.952559 -0.282340 -0.113650
vn -0.952559 -0.282340 -0.113650
vn -0.952558 -0.282341 -0.113650
vn -0.952559 -0.282340 -0.113650
vn -0.952558 -0.282340 -0.113650
vn -0.952558 -0.282341 -0.113650
vn -0.952559 -0.282340 -0.113650
vn -0.952558 -0.282341 -0.113650
vn -0.952558 -0.282341 -0.113650
vn -0.952559 -0.282340 -0.113650
vn -0.952558 -0.282341 -0.113650
vn -0.952558 -0.282340 -0.113650
vn -0.952558 -0.282340 -0.113650
vn -0.952558 -0.282340 -0.113650
vn -0.952558 -0.282340 -0.113650
vn -0.952558 -0.282340 -0.113650
vn -0.952558 -0.282340 -0.113650
vn -0.952558 -0.282340 -0.113650
vn -0.952558 -0.282340 -0.113650
vn -0.952558 -0.282340 -0.113650
vn -0.952558 -0.282340 -0.113650
vn -0.952558 -0.282340 -0.113650
vn -0.952558 -0.282340 -0.113650
vn -0.952558 -0.282340 -0.113650
vn -0.952558 -0.282340 -0.113650
vn -0.952558 -0.282340 -0.113650
vn -0.952558 -0.282340 -0.113650
vn -0.952558 -0.282340 -0.113650
vn -0.952558 -0.282340 -0.113650
vn -0.952558 -0.282341 -0.113650
vn -0.952049 -0.283652 -0.114650
vn -0.952558 -0.282341 -0.113650
vn -0.952235 -0.283444 -0.113618
vn -0.952049 -0.283652 -0.114650
vn -0.952558 -0.282341 -0.113650
vn -0.951575 -0.286559 -0.111307
vn -0.952049 -0.283652 -0.114650
vn -0.952235 -0.283444 -0.113618
vn -0.951600 -0.285246 -0.114420
vn -0.952049 -0.283652 -0.114650
vn -0.951575 -0.286559 -0.111307
vn -0.951992 -0.282051 -0.118991
vn -0.952049 -0.283652 -0.114650
vn -0.951600 -0.285246 -0.114420
vn -0.952052 -0.282190 -0.118176
vn -0.952049 -0.283652 -0.114650
vn -0.951992 -0.282051 -0.118991
vn -0.952557 -0.282346 -0.113650
vn -0.950351 -0.288179 -0.117410
vn -0.952557 -0.282347 -0.113650
vn -0.950859 -0.288080 -0.113480
vn -0.950351 -0.288179 -0.117410
vn -0.952557 -0.282346 -0.113650
vn -0.949203 -0.293359 -0.113813
vn -0.950351 -0.288179 -0.117410
vn -0.950859 -0.288080 -0.113480
vn -0.949456 -0.291313 -0.116918
vn -0.950351 -0.288179 -0.117410
vn -0.949203 -0.293359 -0.113813
vn -0.949223 -0.288810 -0.124758
vn -0.950351 -0.288179 -0.117410
vn -0.949456 -0.291313 -0.116918
vn -0.948796 -0.287901 -0.129998
vn -0.950351 -0.288179 -0.117410
vn -0.949223 -0.288810 -0.124758
vn -0.949279 -0.291502 -0.117879
vn -0.948046 -0.295126 -0.118785
vn -0.951101 -0.286062 -0.116515
vn -0.947424 -0.296935 -0.119239
vn -0.948046 -0.295126 -0.118785
vn -0.949279 -0.291502 -0.117879
vn -0.947423 -0.296937 -0.119238
vn -0.948046 -0.295126 -0.118785
vn -0.947424 -0.296935 -0.119239
vn -0.947423 -0.296936 -0.119239
vn -0.948046 -0.295126 -0.118785
vn -0.947423 -0.296937 -0.119238
vn -0.947423 -0.296937 -0.119238
vn -0.948046 -0.295126 -0.118785
vn -0.947423 -0.296936 -0.119239
vn -0.947423 -0.296937 -0.119236
vn -0.948046 -0.295126 -0.118785
vn -0.947423 -0.296937 -0.119238
vn -0.838592 0.372962 0.397068
vn -0.846437 0.346578 0.404261
vn -0.838737 0.372666 0.397040
vn -0.846588 0.350242 0.400773
vn -0.846437 0.346578 0.404261
vn -0.838592 0.372962 0.397068
vn -0.908586 0.086954 0.408547
vn -0.846437 0.346578 0.404261
vn -0.846588 0.350242 0.400773
vn -0.908586 0.086954 0.408547
vn -0.891678 0.152943 0.426049
vn -0.908586 0.086954 0.408547
vn -0.911244 -0.153651 0.382134
vn -0.846437 0.346578 0.404261
vn -0.896167 -0.292880 0.333326
vn -0.891678 0.152943 0.426049
vn -0.927347 0.126365 0.352220
vn -0.910699 0.171968 0.375572
vn -0.756179 0.548074 0.357503
vn -0.836531 0.397144 0.377481
vn -0.758071 0.545510 0.357417
vn -0.837493 0.377195 0.395385
vn -0.836531 0.397144 0.377481
vn -0.756179 0.548074 0.357503
vn -0.936236 -0.039258 0.349171
vn -0.836531 0.397144 0.377481
vn -0.837493 0.377195 0.395385
vn -0.917066 -0.206903 0.340855
vn 0.999505 -0.031456 0.001118
vn 0.999505 -0.031456 0.001118
vn -0.930483 -0.121215 0.345700
vn -0.919501 -0.198554 0.339257
vn 0.999505 -0.031456 0.001118
vn 0.999505 -0.031456 0.001118
vn 0.999505 -0.031456 0.001118
vn 0.999505 -0.031456 0.001118
vn -0.754374 0.550939 0.356913
vn -0.869789 0.304673 0.388126
vn -0.756529 0.548118 0.356693
vn -0.866233 0.287785 0.408436
vn -0.869789 0.304673 0.388126
vn -0.754374 0.550939 0.356913
vn -0.905878 -0.196531 0.375181
vn -0.869789 0.304673 0.388126
vn -0.866233 0.287785 0.408436
vn -0.905878 -0.196531 0.375181
vn -0.910699 0.171968 0.375572
vn -0.927347 0.126365 0.352220
vn -0.842662 -0.417672 0.339810
vn -0.869789 0.304673 0.388126
vn -0.858047 -0.364845 0.361447
vn -0.905878 -0.196531 0.375181
vn -0.913974 -0.205940 0.349630
vn -0.913974 -0.205940 0.349630
vn -0.773844 0.534714 0.339480
vn -0.904117 0.115567 0.411360
vn -0.730346 0.589932 0.344347
vn -0.906980 0.204347 0.368280
vn -0.904117 0.115567 0.411360
vn -0.773844 0.534714 0.339480
vn -0.921078 -0.091725 0.378420
vn -0.904117 0.115567 0.411360
vn -0.906980 0.204347 0.368280
vn -0.915774 -0.101360 0.388696
vn -0.904117 0.115567 0.411360
vn -0.921078 -0.091725 0.378420
vn -0.883198 -0.112919 0.455205
vn -0.904117 0.115567 0.411360
vn -0.915774 -0.101360 0.388696
vn -0.848637 -0.120657 0.515032
vn -0.904117 0.115567 0.411360
vn -0.883198 -0.112919 0.455205
vn -0.960572 0.015384 0.277605
vn -0.963636 -0.051969 0.262115
vn -0.947129 0.113271 0.300193
vn -0.964092 -0.083356 0.252148
vn -0.963636 -0.051969 0.262115
vn -0.960572 0.015384 0.277605
vn -0.964039 -0.084042 0.252123
vn -0.963636 -0.051969 0.262115
vn -0.964092 -0.083356 0.252148
vn -0.963381 -0.085407 0.254171
vn -0.963636 -0.051969 0.262115
vn -0.964039 -0.084042 0.252123
vn -0.962843 -0.086716 0.255762
vn -0.963636 -0.051969 0.262115
vn -0.963381 -0.085407 0.254171
vn -0.962971 -0.086655 0.255298
vn -0.963636 -0.051969 0.262115
vn -0.962843 -0.086716 0.255762
vn -0.963962 -0.088379 0.250931
vn -0.964421 -0.084818 0.250396
vn -0.964044 -0.084055 0.252098
vn -0.964244 -0.088284 0.249880
vn -0.964421 -0.084818 0.250396
vn -0.963962 -0.088379 0.250931
vn -0.965242 -0.082025 0.248154
vn -0.964421 -0.084818 0.250396
vn -0.964244 -0.088284 0.249880
vn -0.964963 -0.082117 0.249206
vn -0.964421 -0.084818 0.250396
vn -0.965242 -0.082025 0.248154
vn -0.964045 -0.084049 0.252099
vn -0.964421 -0.084818 0.250396
vn -0.964963 -0.082117 0.249206
vn -0.964045 -0.084049 0.252099
vn -0.964421 -0.084818 0.250396
vn -0.964045 -0.084049 0.252099
vn -0.977943 -0.043217 0.204350
vn -0.975029 -0.054385 0.215317
vn -0.977943 -0.043230 0.204347
vn -0.977943 -0.043202 0.204354
vn -0.975029 -0.054385 0.215317
vn -0.977943 -0.043217 0.204350
vn -0.976006 -0.050527 0.211798
vn -0.975029 -0.054385 0.215317
vn -0.977943 -0.043202 0.204354
vn -0.971352 -0.064214 0.228803
vn -0.975029 -0.054385 0.215317
vn -0.976006 -0.050527 0.211798
vn -0.970779 -0.069391 0.229725
vn -0.975029 -0.054385 0.215317
vn -0.971352 -0.064214 0.228803
vn -0.972869 -0.068204 0.221075
vn -0.975029 -0.054385 0.215317
vn -0.970779 -0.069391 0.229725
vn -0.977945 -0.043197 0.204347
vn -0.977945 -0.043197 0.204347
vn -0.977945 -0.043197 0.204347
vn -0.977945 -0.043197 0.204347
vn -0.977945 -0.043197 0.204347
vn -0.977945 -0.043197 0.204347
vn -0.977945 -0.043197 0.204348
vn -0.977945 -0.043197 0.204347
vn -0.977945 -0.043197 0.204347
vn -0.977945 -0.043197 0.204348
vn -0.977945 -0.043197 0.204347
vn -0.977945 -0.043197 0.204348
vn -0.977945 -0.043197 0.204347
vn -0.977945 -0.043197 0.204347
vn -0.977945 -0.043197 0.204348
vn -0.977945 -0.043197 0.204347
vn -0.977945 -0.043197 0.204347
vn -0.977945 -0.043197 0.204347
vn -0.977075 -0.040588 0.208989
vn -0.977145 -0.042481 0.208284
vn -0.977049 -0.038857 0.209441
vn -0.977082 -0.042723 0.208530
vn -0.977145 -0.042481 0.208284
vn -0.977075 -0.040588 0.208989
vn -0.977011 -0.043338 0.208737
vn -0.977145 -0.042481 0.208284
vn -0.977082 -0.042723 0.208530
vn -0.976902 -0.043696 0.209174
vn -0.977145 -0.042481 0.208284
vn -0.977011 -0.043338 0.208737
vn -0.977346 -0.043518 0.207127
vn -0.977145 -0.042481 0.208284
vn -0.976902 -0.043696 0.209174
vn -0.977839 -0.043191 0.204854
vn -0.977145 -0.042481 0.208284
vn -0.977346 -0.043518 0.207127
vn -0.982055 -0.036426 0.185043
vn -0.979456 -0.037743 0.198096
vn -0.982091 -0.056455 0.179750
vn -0.981532 -0.020314 0.190219
vn -0.979456 -0.037743 0.198096
vn -0.982055 -0.036426 0.185043
vn -0.979257 -0.033680 0.199804
vn -0.979456 -0.037743 0.198096
vn -0.981532 -0.020314 0.190219
vn -0.976880 -0.043112 0.209398
vn -0.979456 -0.037743 0.198096
vn -0.979257 -0.033680 0.199804
vn -0.976878 -0.043117 0.209403
vn -0.979456 -0.037743 0.198096
vn -0.976880 -0.043112 0.209398
vn -0.976879 -0.043116 0.209402
vn -0.979456 -0.037743 0.198096
vn -0.976878 -0.043117 0.209403
vn -0.983632 -0.007085 0.180051
vn -0.983632 -0.007085 0.180051
vn -0.983632 -0.007085 0.180051
vn -0.983632 -0.007085 0.180051
vn -0.983632 -0.007085 0.180051
vn -0.983632 -0.007085 0.180051
vn -0.983632 -0.007085 0.180051
vn -0.983632 -0.007085 0.180051
vn -0.983632 -0.007085 0.180051
vn -0.983632 -0.007085 0.180051
vn -0.983632 -0.007085 0.180051
vn -0.983632 -0.007085 0.180051
vn -0.983632 -0.007085 0.180051
vn -0.983632 -0.007085 0.180051
vn -0.983632 -0.007085 0.180051
vn -0.983632 -0.007085 0.180051
vn -0.983632 -0.007085 0.180051
vn -0.983632 -0.007085 0.180051
vn -0.983632 -0.007083 0.180051
vn -0.983632 -0.007084 0.180051
vn -0.983632 -0.007084 0.180051
vn -0.983632 -0.007083 0.180051
vn -0.983632 -0.007084 0.180051
vn -0.983632 -0.007083 0.180051
vn -0.983632 -0.007085 0.180051
vn -0.983632 -0.007084 0.180051
vn -0.983632 -0.007083 0.180051
vn -0.983632 -0.007085 0.180051
vn -0.983632 -0.007084 0.180051
vn -0.983632 -0.007085 0.180051
vn -0.983632 -0.007085 0.180051
vn -0.983632 -0.007084 0.180051
vn -0.983632 -0.007085 0.180051
vn -0.983632 -0.007085 0.180049
vn -0.983632 -0.007084 0.180051
vn -0.983632 -0.007085 0.180051
vn -0.993876 -0.007227 0.110269
vn -0.993876 -0.007229 0.110269
vn -0.993876 -0.007227 0.110269
vn -0.993875 -0.007228 0.110269
vn -0.993876 -0.007229 0.110269
vn -0.993876 -0.007227 0.110269
vn -0.993876 -0.007230 0.110269
vn -0.993876 -0.007229 0.110269
vn -0.993875 -0.007228 0.110269
vn -0.993876 -0.007230 0.110269
vn -0.993876 -0.007229 0.110269
vn -0.993876 -0.007230 0.110269
vn -0.993875 -0.007230 0.110269
vn -0.993876 -0.007229 0.110269
vn -0.993876 -0.007230 0.110269
vn -0.993875 -0.007230 0.110269
vn -0.993876 -0.007229 0.110269
vn -0.993875 -0.007230 0.110269
vn -0.993875 -0.007231 0.110270
vn -0.993875 -0.007230 0.110270
vn -0.993875 -0.007233 0.110269
vn -0.993875 -0.007229 0.110270
vn -0.993875 -0.007230 0.110270
vn -0.993875 -0.007231 0.110270
vn -0.993875 -0.007230 0.110270
vn -0.993875 -0.007230 0.110270
vn -0.993875 -0.007229 0.110270
vn -0.993875 -0.007229 0.110270
vn -0.993875 -0.007230 0.110270
vn -0.993875 -0.007230 0.110270
vn -0.993875 -0.007229 0.110270
vn -0.993875 -0.007230 0.110270
vn -0.993875 -0.007229 0.110270
vn -0.993875 -0.007229 0.110271
vn -0.993875 -0.007230 0.110270
vn -0.993875 -0.007229 0.110270
vn -0.995001 0.013322 0.098972
vn -0.995001 0.013321 0.098972
vn -0.995001 0.013324 0.098973
vn -0.995001 0.013321 0.098972
vn -0.995001 0.013321 0.098972
vn -0.995001 0.013322 0.098972
vn -0.995001 0.013320 0.098972
vn -0.995001 0.013321 0.098972
vn -0.995001 0.013321 0.098972
vn -0.995001 0.013320 0.098972
vn -0.995001 0.013321 0.098972
vn -0.995001 0.013320 0.098972
vn -0.995001 0.013320 0.098972
vn -0.995001 0.013321 0.098972
vn -0.995001 0.013320 0.098972
vn -0.995001 0.013320 0.098971
vn -0.995001 0.013321 0.098972
vn -0.995001 0.013320 0.098972
vn -0.999503 0.013362 0.028546
vn -0.999503 0.013359 0.028546
vn -0.999503 0.013361 0.028546
vn -0.999503 0.013360 0.028546
vn -0.999503 0.013359 0.028546
vn -0.999503 0.013362 0.028546
vn -0.999503 0.013358 0.028546
vn -0.999503 0.013359 0.028546
vn -0.999503 0.013360 0.028546
vn -0.999503 0.013358 0.028546
vn -0.999503 0.013359 0.028546
vn -0.999503 0.013358 0.028546
vn -0.999503 0.013358 0.028546
vn -0.999503 0.013359 0.028546
vn -0.999503 0.013358 0.028546
vn -0.999503 0.013358 0.028546
vn -0.999503 0.013359 0.028546
vn -0.999503 0.013358 0.028546
vn -0.999503 0.013358 0.028546
vn -0.999503 0.013358 0.028545
vn -0.999503 0.013358 0.028546
vn -0.999503 0.013358 0.028546
vn -0.999503 0.013358 0.028545
vn -0.999503 0.013358 0.028546
vn -0.999503 0.013358 0.028546
vn -0.999503 0.013358 0.028545
vn -0.999503 0.013358 0.028546
vn -0.999503 0.013358 0.028546
vn -0.999503 0.013358 0.028545
vn -0.999503 0.013358 0.028546
vn -0.999503 0.013359 0.028543
vn -0.999503 0.013358 0.028545
vn -0.999503 0.013358 0.028546
vn -0.999503 0.013359 0.028541
vn -0.999503 0.013358 0.028545
vn -0.999503 0.013359 0.028543
vn -0.999503 0.013360 0.028546
vn -0.999503 0.013359 0.028546
vn -0.999503 0.013361 0.028546
vn -0.999503 0.013359 0.028545
vn -0.999503 0.013359 0.028546
vn -0.999503 0.013360 0.028546
vn -0.999503 0.013358 0.028547
vn -0.999503 0.013359 0.028546
vn -0.999503 0.013359 0.028545
vn -0.999503 0.013357 0.028546
vn -0.999503 0.013359 0.028546
vn -0.999503 0.013358 0.028547
vn -0.999503 0.013358 0.028545
vn -0.999503 0.013359 0.028546
vn -0.999503 0.013357 0.028546
vn -0.999503 0.013358 0.028546
vn -0.999503 0.013359 0.028546
vn -0.999503 0.013358 0.028545
vn -0.999480 0.008630 0.031068
vn -0.999495 0.011582 0.029599
vn -0.999385 0.013529 0.032362
vn -0.999524 0.007945 0.029795
vn -0.999495 0.011582 0.029599
vn -0.999480 0.008630 0.031068
vn -0.999493 0.012759 0.029181
vn -0.999495 0.011582 0.029599
vn -0.999524 0.007945 0.029795
vn -0.999503 0.013358 0.028546
vn -0.999495 0.011582 0.029599
vn -0.999493 0.012759 0.029181
vn -0.999503 0.013358 0.028547
vn -0.999495 0.011582 0.029599
vn -0.999503 0.013358 0.028546
vn -0.999503 0.013358 0.028547
vn -0.999495 0.011582 0.029599
vn -0.999503 0.013358 0.028547
vn -0.999475 0.001430 0.032366
vn -0.999503 0.006395 0.030871
vn -0.999475 0.001429 0.032366
vn -0.999470 0.003429 0.032377
vn -0.999503 0.006395 0.030871
vn -0.999475 0.001430 0.032366
vn -0.999536 0.008346 0.029297
vn -0.999503 0.006395 0.030871
vn -0.999470 0.003429 0.032377
vn -0.999570 0.010514 0.027376
vn -0.999503 0.006395 0.030871
vn -0.999536 0.008346 0.029297
vn -0.999477 0.009407 0.030951
vn -0.999503 0.006395 0.030871
vn -0.999570 0.010514 0.027376
vn -0.999403 0.009053 0.033355
vn -0.999503 0.006395 0.030871
vn -0.999477 0.009407 0.030951
vn -0.999475 0.001432 0.032366
vn -0.999452 0.002135 0.033032
vn -0.999475 0.001432 0.032366
vn -0.999475 0.001433 0.032366
vn -0.999452 0.002135 0.033032
vn -0.999475 0.001432 0.032366
vn -0.999486 0.001775 0.032003
vn -0.999452 0.002135 0.033032
vn -0.999475 0.001433 0.032366
vn -0.999542 0.003112 0.030095
vn -0.999452 0.002135 0.033032
vn -0.999486 0.001775 0.032003
vn -0.999392 0.003197 0.034727
vn -0.999452 0.002135 0.033032
vn -0.999542 0.003112 0.030095
vn -0.999160 0.002288 0.040904
vn -0.999452 0.002135 0.033032
vn -0.999392 0.003197 0.034727
vn -0.999475 0.001433 0.032366
vn -0.999475 0.001433 0.032366
vn -0.999475 0.001433 0.032366
vn -0.999475 0.001433 0.032366
vn -0.999475 0.001433 0.032366
vn -0.999475 0.001433 0.032366
vn -0.999475 0.001433 0.032366
vn -0.999475 0.001433 0.032366
vn -0.999475 0.001433 0.032366
vn -0.999475 0.001433 0.032366
vn -0.999475 0.001433 0.032366
vn -0.999475 0.001433 0.032366
vn -0.999475 0.001433 0.032366
vn -0.999475 0.001433 0.032366
vn -0.999475 0.001433 0.032366
vn -0.999475 0.001433 0.032366
vn -0.999475 0.001433 0.032366
vn -0.999475 0.001433 0.032366
vn -0.999475 0.001433 0.032366
vn -0.999475 0.001433 0.032366
vn -0.999475 0.001433 0.032366
vn -0.999475 0.001433 0.032366
vn -0.999475 0.001433 0.032366
vn -0.999475 0.001433 0.032366
vn -0.999475 0.001433 0.032366
vn -0.999475 0.001433 0.032366
vn -0.999475 0.001433 0.032366
vn -0.999475 0.001433 0.032366
vn -0.999475 0.001433 0.032366
vn -0.999475 0.001433 0.032366
vn -0.999475 0.001433 0.032366
vn -0.999475 0.001433 0.032366
vn -0.999475 0.001433 0.032366
vn -0.999475 0.001433 0.032366
vn -0.999475 0.001433 0.032366
vn -0.999475 0.001433 0.032366
vn -0.999475 0.001433 0.032366
vn -0.999475 0.001433 0.032366
vn -0.999475 0.001433 0.032366
vn -0.999475 0.001433 0.032366
vn -0.999475 0.001433 0.032366
vn -0.999475 0.001433 0.032366
vn -0.999475 0.001433 0.032366
vn -0.999475 0.001433 0.032366
vn -0.999475 0.001433 0.032366
vn -0.999475 0.001433 0.032366
vn -0.999475 0.001433 0.032366
vn -0.999475 0.001433 0.032366
vn -0.999475 0.001433 0.032366
vn -0.999475 0.001433 0.032366
vn -0.999475 0.001433 0.032366
vn -0.999475 0.001433 0.032366
vn -0.999475 0.001433 0.032366
vn -0.999475 0.001433 0.032366
vn -0.999475 0.001432 0.032366
vn -0.999475 0.001432 0.032366
vn -0.999475 0.001431 0.032366
vn -0.999475 0.001432 0.032366
vn -0.999475 0.001432 0.032366
vn -0.999475 0.001432 0.032366
vn -0.999475 0.001432 0.032366
vn -0.999475 0.001432 0.032366
vn -0.999475 0.001432 0.032366
vn -0.999475 0.001432 0.032366
vn -0.999475 0.001432 0.032366
vn -0.999475 0.001432 0.032366
vn -0.999475 0.001433 0.032366
vn -0.999475 0.001432 0.032366
vn -0.999475 0.001432 0.032366
vn -0.999475 0.001433 0.032366
vn -0.999475 0.001432 0.032366
vn -0.999475 0.001433 0.032366
vn -0.999475 0.001433 0.032366
vn -0.999475 0.001433 0.032366
vn -0.999475 0.001435 0.032366
vn -0.999475 0.001432 0.032365
vn -0.999475 0.001433 0.032366
vn -0.999475 0.001433 0.032366
vn -0.999475 0.001432 0.032366
vn -0.999475 0.001433 0.032366
vn -0.999475 0.001432 0.032365
vn -0.999475 0.001432 0.032366
vn -0.999475 0.001433 0.032366
vn -0.999475 0.001432 0.032366
vn -0.999475 0.001432 0.032366
vn -0.999475 0.001433 0.032366
vn -0.999475 0.001432 0.032366
vn -0.999475 0.001432 0.032366
vn -0.999475 0.001433 0.032366
vn -0.999475 0.001432 0.032366
vn -0.999475 0.001430 0.032366
vn -0.999475 0.001432 0.032366
vn -0.999475 0.001430 0.032366
vn -0.999475 0.001432 0.032366
vn -0.999475 0.001432 0.032366
vn -0.999475 0.001430 0.032366
vn -0.999475 0.001433 0.032366
vn -0.999475 0.001432 0.032366
vn -0.999475 0.001432 0.032366
vn -0.999475 0.001433 0.032366
vn -0.999475 0.001432 0.032366
vn -0.999475 0.001433 0.032366
vn -0.999475 0.001433 0.032366
vn -0.999475 0.001432 0.032366
vn -0.999475 0.001433 0.032366
vn -0.999475 0.001433 0.032365
vn -0.999475 0.001432 0.032366
vn -0.999475 0.001433 0.032366
vn -0.999091 0.001438 0.042603
vn -0.999091 0.001438 0.042603
vn -0.999091 0.001437 0.042603
vn -0.999091 0.001438 0.042604
vn -0.999091 0.001438 0.042603
vn -0.999091 0.001438 0.042603
vn -0.999091 0.001438 0.042603
vn -0.999091 0.001438 0.042603
vn -0.999091 0.001438 0.042604
vn -0.999091 0.001438 0.042604
vn -0.999091 0.001438 0.042603
vn -0.999091 0.001438 0.042603
vn -0.999091 0.001437 0.042603
vn -0.999091 0.001438 0.042603
vn -0.999091 0.001438 0.042604
vn -0.999091 0.001438 0.042603
vn -0.999091 0.001438 0.042603
vn -0.999091 0.001437 0.042603
vn -0.999130 0.001875 0.041672
vn -0.999107 0.001664 0.042207
vn -0.999149 0.000261 0.041245
vn -0.999110 0.002706 0.042094
vn -0.999107 0.001664 0.042207
vn -0.999130 0.001875 0.041672
vn -0.999102 0.001680 0.042347
vn -0.999107 0.001664 0.042207
vn -0.999110 0.002706 0.042094
vn -0.999091 0.001438 0.042603
vn -0.999107 0.001664 0.042207
vn -0.999102 0.001680 0.042347
vn -0.999091 0.001438 0.042603
vn -0.999107 0.001664 0.042207
vn -0.999091 0.001438 0.042603
vn -0.999091 0.001438 0.042603
vn -0.999107 0.001664 0.042207
vn -0.999091 0.001438 0.042603
vn -0.999412 -0.004651 0.033981
vn -0.999449 0.003976 0.032938
vn -0.999350 0.002803 0.035948
vn -0.999481 -0.003146 0.032058
vn -0.999449 0.003976 0.032938
vn -0.999412 -0.004651 0.033981
vn -0.999576 0.010479 0.027164
vn -0.999449 0.003976 0.032938
vn -0.999481 -0.003146 0.032058
vn -0.999520 0.010755 0.029056
vn -0.999449 0.003976 0.032938
vn -0.999576 0.010479 0.027164
vn -0.999272 0.006100 0.037668
vn -0.999449 0.003976 0.032938
vn -0.999520 0.010755 0.029056
vn -0.999204 0.005838 0.039450
vn -0.999449 0.003976 0.032938
vn -0.999272 0.006100 0.037668
vn -0.999914 0.005284 0.012037
vn -0.999914 0.005637 0.011872
vn -0.999905 0.006246 0.012292
vn -0.999918 0.005068 0.011787
vn -0.999914 0.005637 0.011872
vn -0.999914 0.005284 0.012037
vn -0.999914 0.005813 0.011791
vn -0.999914 0.005637 0.011872
vn -0.999918 0.005068 0.011787
vn -0.999914 0.005813 0.011790
vn -0.999914 0.005637 0.011872
vn -0.999914 0.005813 0.011791
vn -0.999914 0.005813 0.011789
vn -0.999914 0.005637 0.011872
vn -0.999914 0.005813 0.011790
vn -0.999914 0.005813 0.011789
vn -0.999914 0.005637 0.011872
vn -0.999914 0.005813 0.011789
vn -0.999579 -0.014488 0.025127
vn -0.999740 -0.009209 0.020846
vn -0.999579 -0.014490 0.025127
vn -0.999579 -0.014485 0.025128
vn -0.999740 -0.009209 0.020846
vn -0.999579 -0.014488 0.025127
vn -0.999757 -0.009540 0.019891
vn -0.999740 -0.009209 0.020846
vn -0.999579 -0.014485 0.025128
vn -0.999906 -0.003675 0.013222
vn -0.999740 -0.009209 0.020846
vn -0.999757 -0.009540 0.019891
vn -0.999840 -0.003597 0.017518
vn -0.999740 -0.009209 0.020846
vn -0.999906 -0.003675 0.013222
vn -0.999720 -0.004439 0.023245
vn -0.999740 -0.009209 0.020846
vn -0.999840 -0.003597 0.017518
vn -0.999579 -0.014483 0.025127
vn -0.999579 -0.014484 0.025127
vn -0.999579 -0.014483 0.025127
vn -0.999579 -0.014483 0.025127
vn -0.999579 -0.014484 0.025127
vn -0.999579 -0.014483 0.025127
vn -0.999579 -0.014484 0.025127
vn -0.999579 -0.014484 0.025127
vn -0.999579 -0.014483 0.025127
vn -0.999579 -0.014484 0.025127
vn -0.999579 -0.014484 0.025127
vn -0.999579 -0.014484 0.025127
vn -0.999579 -0.014484 0.025127
vn -0.999579 -0.014484 0.025127
vn -0.999579 -0.014484 0.025127
vn -0.999579 -0.014484 0.025127
vn -0.999579 -0.014484 0.025127
vn -0.999579 -0.014484 0.025127
vn -0.999579 -0.014483 0.025126
vn -0.999579 -0.014484 0.025126
vn -0.999579 -0.014483 0.025126
vn -0.999579 -0.014484 0.025126
vn -0.999579 -0.014484 0.025126
vn -0.999579 -0.014483 0.025126
vn -0.999579 -0.014484 0.025126
vn -0.999579 -0.014484 0.025126
vn -0.999579 -0.014484 0.025126
vn -0.999579 -0.014484 0.025127
vn -0.999579 -0.014484 0.025126
vn -0.999579 -0.014484 0.025126
vn -0.999579 -0.014484 0.025127
vn -0.999579 -0.014484 0.025126
vn -0.999579 -0.014484 0.025127
vn -0.999579 -0.014484 0.025127
vn -0.999579 -0.014484 0.025126
vn -0.999579 -0.014484 0.025127
vn -0.999579 -0.014482 0.025126
vn -0.999579 -0.014484 0.025127
vn -0.999579 -0.014481 0.025127
vn -0.999579 -0.014484 0.025126
vn -0.999579 -0.014484 0.025127
vn -0.999579 -0.014482 0.025126
vn -0.999579 -0.014484 0.025127
vn -0.999579 -0.014484 0.025127
vn -0.999579 -0.014484 0.025126
vn -0.999579 -0.014485 0.025127
vn -0.999579 -0.014484 0.025127
vn -0.999579 -0.014484 0.025127
vn -0.999579 -0.014484 0.025127
vn -0.999579 -0.014484 0.025127
vn -0.999579 -0.014485 0.025127
vn -0.999579 -0.014484 0.025127
vn -0.999579 -0.014484 0.025127
vn -0.999579 -0.014484 0.025127
vn -0.999579 -0.014485 0.025127
vn -0.999579 -0.014485 0.025127
vn -0.999579 -0.014486 0.025127
vn -0.999579 -0.014484 0.025127
vn -0.999579 -0.014485 0.025127
vn -0.999579 -0.014485 0.025127
vn -0.999579 -0.014484 0.025127
vn -0.999579 -0.014485 0.025127
vn -0.999579 -0.014484 0.025127
vn -0.999579 -0.014484 0.025127
vn -0.999579 -0.014485 0.025127
vn -0.999579 -0.014484 0.025127
vn -0.999579 -0.014484 0.025127
vn -0.999579 -0.014485 0.025127
vn -0.999579 -0.014484 0.025127
vn -0.999579 -0.014484 0.025126
vn -0.999579 -0.014485 0.025127
vn -0.999579 -0.014484 0.025127
vn -0.999869 -0.014468 0.007211
vn -0.999869 -0.014468 0.007211
vn -0.999869 -0.014468 0.007211
vn -0.999869 -0.014468 0.007211
vn -0.999869 -0.014468 0.007211
vn -0.999869 -0.014468 0.007211
vn -0.999869 -0.014469 0.007211
vn -0.999869 -0.014468 0.007211
vn -0.999869 -0.014468 0.007211
vn -0.999869 -0.014469 0.007211
vn -0.999869 -0.014468 0.007211
vn -0.999869 -0.014469 0.007211
vn -0.999869 -0.014469 0.007212
vn -0.999869 -0.014468 0.007211
vn -0.999869 -0.014469 0.007211
vn -0.999869 -0.014469 0.007213
vn -0.999869 -0.014468 0.007211
vn -0.999869 -0.014469 0.007212
vn -0.999869 -0.014468 0.007212
vn -0.999869 -0.014469 0.007212
vn -0.999869 -0.014467 0.007212
vn -0.999869 -0.014469 0.007212
vn -0.999869 -0.014469 0.007212
vn -0.999869 -0.014468 0.007212
vn -0.999869 -0.014470 0.007213
vn -0.999869 -0.014469 0.007212
vn -0.999869 -0.014469 0.007212
vn -0.999869 -0.014470 0.007212
vn -0.999869 -0.014469 0.007212
vn -0.999869 -0.014470 0.007213
vn -0.999869 -0.014469 0.007212
vn -0.999869 -0.014469 0.007212
vn -0.999869 -0.014470 0.007212
vn -0.999869 -0.014469 0.007214
vn -0.999869 -0.014469 0.007212
vn -0.999869 -0.014469 0.007212
vn -0.999869 -0.014468 0.007211
vn -0.999869 -0.014469 0.007211
vn -0.999869 -0.014468 0.007211
vn -0.999869 -0.014468 0.007211
vn -0.999869 -0.014469 0.007211
vn -0.999869 -0.014468 0.007211
vn -0.999869 -0.014469 0.007211
vn -0.999869 -0.014469 0.007211
vn -0.999869 -0.014468 0.007211
vn -0.999869 -0.014469 0.007212
vn -0.999869 -0.014469 0.007211
vn -0.999869 -0.014469 0.007211
vn -0.999869 -0.014469 0.007211
vn -0.999869 -0.014469 0.007211
vn -0.999869 -0.014469 0.007212
vn -0.999869 -0.014469 0.007211
vn -0.999869 -0.014469 0.007211
vn -0.999869 -0.014469 0.007211
vn -0.999869 -0.014468 0.007211
vn -0.999869 -0.014468 0.007211
vn -0.999869 -0.014467 0.007211
vn -0.999869 -0.014468 0.007211
vn -0.999869 -0.014468 0.007211
vn -0.999869 -0.014468 0.007211
vn -0.999869 -0.014469 0.007211
vn -0.999869 -0.014468 0.007211
vn -0.999869 -0.014468 0.007211
vn -0.999869 -0.014469 0.007211
vn -0.999869 -0.014468 0.007211
vn -0.999869 -0.014469 0.007211
vn -0.999869 -0.014469 0.007212
vn -0.999869 -0.014468 0.007211
vn -0.999869 -0.014469 0.007211
vn -0.999869 -0.014469 0.007212
vn -0.999869 -0.014468 0.007211
vn -0.999869 -0.014469 0.007212
vn -0.999869 -0.014470 0.007212
vn -0.999869 -0.014469 0.007212
vn -0.999869 -0.014471 0.007211
vn -0.999869 -0.014469 0.007212
vn -0.999869 -0.014469 0.007212
vn -0.999869 -0.014470 0.007212
vn -0.999869 -0.014469 0.007212
vn -0.999869 -0.014469 0.007212
vn -0.999869 -0.014469 0.007212
vn -0.999869 -0.014469 0.007212
vn -0.999869 -0.014469 0.007212
vn -0.999869 -0.014469 0.007212
vn -0.999869 -0.014469 0.007211
vn -0.999869 -0.014469 0.007212
vn -0.999869 -0.014469 0.007212
vn -0.999869 -0.014469 0.007211
vn -0.999869 -0.014469 0.007212
vn -0.999869 -0.014469 0.007211
vn -0.999869 -0.014469 0.007211
vn -0.999869 -0.014469 0.007211
vn -0.999869 -0.014468 0.007212
vn -0.999869 -0.014469 0.007211
vn -0.999869 -0.014469 0.007211
vn -0.999869 -0.014469 0.007211
vn -0.999869 -0.014469 0.007211
vn -0.999869 -0.014469 0.007211
vn -0.999869 -0.014469 0.007211
vn -0.999869 -0.014469 0.007211
vn -0.999869 -0.014469 0.007211
vn -0.999869 -0.014469 0.007211
vn -0.999869 -0.014469 0.007212
vn -0.999869 -0.014469 0.007211
vn -0.999869 -0.014469 0.007211
vn -0.999869 -0.014469 0.007212
vn -0.999869 -0.014469 0.007211
vn -0.999869 -0.014469 0.007212
vn -0.999869 -0.014471 0.007212
vn -0.999851 -0.016857 0.003836
vn -0.999869 -0.014472 0.007211
vn -0.999835 -0.016706 0.007200
vn -0.999851 -0.016857 0.003836
vn -0.999869 -0.014471 0.007212
vn -0.999743 -0.020762 0.009118
vn -0.999851 -0.016857 0.003836
vn -0.999835 -0.016706 0.007200
vn -0.999793 -0.019398 0.006083
vn -0.999851 -0.016857 0.003836
vn -0.999743 -0.020762 0.009118
vn -0.999871 -0.015338 -0.004820
vn -0.999851 -0.016857 0.003836
vn -0.999793 -0.019398 0.006083
vn -0.999838 -0.014463 -0.010759
vn -0.999851 -0.016857 0.003836
vn -0.999871 -0.015338 -0.004820
vn -0.950525 -0.310170 -0.017221
vn -0.950525 -0.310171 -0.017222
vn -0.950525 -0.310170 -0.017221
vn -0.950525 -0.310171 -0.017222
vn -0.950525 -0.310171 -0.017222
vn -0.950525 -0.310170 -0.017221
vn -0.950525 -0.310171 -0.017222
vn -0.950525 -0.310171 -0.017222
vn -0.950525 -0.310171 -0.017222
vn -0.950525 -0.310171 -0.017222
vn -0.950525 -0.310171 -0.017222
vn -0.950525 -0.310171 -0.017222
vn -0.950525 -0.310171 -0.017222
vn -0.950525 -0.310171 -0.017222
vn -0.950525 -0.310171 -0.017222
vn -0.950525 -0.310171 -0.017222
vn -0.950525 -0.310171 -0.017222
vn -0.950525 -0.310171 -0.017222
vn -0.950525 -0.310171 -0.017222
vn -0.950525 -0.310171 -0.017222
vn -0.950525 -0.310172 -0.017222
vn -0.950525 -0.310171 -0.017222
vn -0.950525 -0.310171 -0.017222
vn -0.950525 -0.310171 -0.017222
vn -0.950525 -0.310171 -0.017222
vn -0.950525 -0.310171 -0.017222
vn -0.950525 -0.310171 -0.017222
vn -0.950525 -0.310171 -0.017222
vn -0.950525 -0.310171 -0.017222
vn -0.950525 -0.310171 -0.017222
vn -0.950525 -0.310171 -0.017222
vn -0.950525 -0.310171 -0.017222
vn -0.950525 -0.310171 -0.017222
vn -0.950525 -0.310171 -0.017222
vn -0.950525 -0.310171 -0.017222
vn -0.950525 -0.310171 -0.017222
vn -0.950503 -0.310238 -0.017208
vn -0.958433 -0.283671 -0.030608
vn -0.950488 -0.310284 -0.017221
vn -0.950510 -0.310217 -0.017195
vn -0.958433 -0.283671 -0.030608
vn -0.950503 -0.310238 -0.017208
vn -0.959701 -0.275022 -0.057772
vn -0.958433 -0.283671 -0.030608
vn -0.950510 -0.310217 -0.017195
vn -0.965077 -0.248467 -0.083016
vn -0.958433 -0.283671 -0.030608
vn -0.959701 -0.275022 -0.057772
vn -0.963995 -0.265388 -0.016832
vn -0.958433 -0.283671 -0.030608
vn -0.965077 -0.248467 -0.083016
vn -0.961632 -0.272200 0.034208
vn -0.958433 -0.283671 -0.030608
vn -0.963995 -0.265388 -0.016832
vn -0.950339 -0.310743 -0.017146
vn -0.971003 -0.235138 -0.043154
vn -0.950256 -0.310993 -0.017217
vn -0.962277 -0.271530 -0.017151
vn -0.971003 -0.235138 -0.043154
vn -0.950339 -0.310743 -0.017146
vn -0.977069 -0.208439 -0.043469
vn -0.971003 -0.235138 -0.043154
vn -0.962277 -0.271530 -0.017151
vn -0.980345 -0.184682 -0.069393
vn -0.971003 -0.235138 -0.043154
vn -0.977069 -0.208439 -0.043469
vn -0.980351 -0.184944 -0.068613
vn -0.971003 -0.235138 -0.043154
vn -0.980345 -0.184682 -0.069393
vn -0.980370 -0.185020 -0.068127
vn -0.971003 -0.235138 -0.043154
vn -0.980351 -0.184944 -0.068613
vn -0.999846 0.016163 0.006771
vn -0.996927 -0.075781 -0.019835
vn -0.999075 0.040829 0.013473
vn -0.996336 -0.085522 -0.000300
vn -0.996927 -0.075781 -0.019835
vn -0.999846 0.016163 0.006771
vn -0.989676 -0.141459 -0.023025
vn -0.996927 -0.075781 -0.019835
vn -0.996336 -0.085522 -0.000300
vn -0.992005 -0.107932 -0.065405
vn -0.996927 -0.075781 -0.019835
vn -0.989676 -0.141459 -0.023025
vn -0.993900 -0.101511 -0.043119
vn -0.996927 -0.075781 -0.019835
vn -0.992005 -0.107932 -0.065405
vn -0.994172 -0.107799 -0.000751
vn -0.996927 -0.075781 -0.019835
vn -0.993900 -0.101511 -0.043119
vn -0.985355 0.170364 0.007238
vn -0.999884 -0.015084 0.002082
vn -0.981423 0.191399 0.013247
vn -0.999777 0.021100 0.000286
vn -0.999884 -0.015084 0.002082
vn -0.985355 0.170364 0.007238
vn -0.994199 -0.107557 -0.000481
vn -0.999884 -0.015084 0.002082
vn -0.999777 0.021100 0.000286
vn -0.994185 -0.107681 -0.000368
vn -0.999884 -0.015084 0.002082
vn -0.994199 -0.107557 -0.000481
vn -0.994192 -0.107621 -0.000564
vn -0.999884 -0.015084 0.002082
vn -0.994185 -0.107681 -0.000368
vn -0.994194 -0.107602 -0.000695
vn -0.999884 -0.015084 0.002082
vn -0.994192 -0.107621 -0.000564
vn -0.941594 0.336662 0.007721
vn -0.999128 0.041701 0.002156
vn -0.935905 0.352025 0.012649
vn -0.993943 0.109893 0.000842
vn -0.999128 0.041701 0.002156
vn -0.941594 0.336662 0.007721
vn -0.994253 -0.107052 -0.000619
vn -0.999128 0.041701 0.002156
vn -0.993943 0.109893 0.000842
vn -0.994213 -0.107431 -0.000263
vn -0.999128 0.041701 0.002156
vn -0.994253 -0.107052 -0.000619
vn -0.994229 -0.107274 -0.000777
vn -0.999128 0.041701 0.002156
vn -0.994213 -0.107431 -0.000263
vn -0.994234 -0.107225 -0.001122
vn -0.999128 0.041701 0.002156
vn -0.994229 -0.107274 -0.000777
vn -0.915122 0.402965 0.013054
vn -0.997113 0.075843 0.003591
vn -0.916010 0.400963 0.012377
vn -0.986928 0.160711 0.012013
vn -0.997113 0.075843 0.003591
vn -0.915122 0.402965 0.013054
vn -0.995391 -0.095273 0.010910
vn -0.997113 0.075843 0.003591
vn -0.986928 0.160711 0.012013
vn -0.995691 -0.092548 0.005938
vn -0.997113 0.075843 0.003591
vn -0.995391 -0.095273 0.010910
vn -0.996150 -0.086618 -0.013499
vn -0.997113 0.075843 0.003591
vn -0.995691 -0.092548 0.005938
vn -0.996053 -0.084695 -0.026566
vn -0.997113 0.075843 0.003591
vn -0.996150 -0.086618 -0.013499
vn -0.931622 0.363000 -0.017651
vn -0.998508 0.054546 -0.002651
vn -0.942488 0.333096 -0.027637
vn -0.987209 0.159041 -0.011168
vn -0.998508 0.054546 -0.002651
vn -0.931622 0.363000 -0.017651
vn -0.995400 -0.095804 -0.001120
vn -0.998508 0.054546 -0.002651
vn -0.987209 0.159041 -0.011168
vn -0.994121 -0.107647 0.011604
vn -0.998508 0.054546 -0.002651
vn -0.995400 -0.095804 -0.001120
vn -0.994147 -0.107471 0.011007
vn -0.998508 0.054546 -0.002651
vn -0.994121 -0.107647 0.011604
vn -0.994158 -0.107412 0.010598
vn -0.998508 0.054546 -0.002651
vn -0.994147 -0.107471 0.011007
vn -0.994331 0.106025 -0.007985
vn -0.999305 -0.036945 0.004897
vn -0.999165 0.028239 -0.029528
vn -0.999194 0.038182 0.012412
vn -0.999305 -0.036945 0.004897
vn -0.994331 0.106025 -0.007985
vn -0.994107 -0.107817 0.011221
vn -0.999305 -0.036945 0.004897
vn -0.999194 0.038182 0.012412
vn -0.994080 -0.108044 0.011454
vn -0.999305 -0.036945 0.004897
vn -0.994107 -0.107817 0.011221
vn -0.994085 -0.108009 0.011338
vn -0.999305 -0.036945 0.004897
vn -0.994080 -0.108044 0.011454
vn -0.994087 -0.107998 0.011260
vn -0.999305 -0.036945 0.004897
vn -0.994085 -0.108009 0.011338
vn -0.995404 -0.095607 0.005535
vn -0.994536 -0.103961 0.009455
vn -0.992963 -0.118427 -0.000595
vn -0.995835 -0.090445 0.011536
vn -0.994536 -0.103961 0.009455
vn -0.995404 -0.095607 0.005535
vn -0.994071 -0.108131 0.011412
vn -0.994536 -0.103961 0.009455
vn -0.995835 -0.090445 0.011536
vn -0.994071 -0.108135 0.011416
vn -0.994536 -0.103961 0.009455
vn -0.994071 -0.108131 0.011412
vn -0.994071 -0.108135 0.011415
vn -0.994536 -0.103961 0.009455
vn -0.994071 -0.108135 0.011416
vn -0.994071 -0.108135 0.011415
vn -0.994536 -0.103961 0.009455
vn -0.994071 -0.108135 0.011415
vn -0.994071 -0.108135 0.011416
vn -0.994071 -0.108135 0.011416
vn -0.994071 -0.108135 0.011416
vn -0.994071 -0.108135 0.011416
vn -0.994071 -0.108135 0.011416
vn -0.994071 -0.108135 0.011416
vn -0.994071 -0.108135 0.011416
vn -0.994071 -0.108135 0.011416
vn -0.994071 -0.108135 0.011416
vn -0.994071 -0.108135 0.011416
vn -0.994071 -0.108135 0.011416
vn -0.994071 -0.108135 0.011416
vn -0.994071 -0.108135 0.011416
vn -0.994071 -0.108135 0.011416
vn -0.994071 -0.108135 0.011416
vn -0.994071 -0.108135 0.011416
vn -0.994071 -0.108135 0.011416
vn -0.994071 -0.108135 0.011416
vn -0.994477 -0.104399 0.010741
vn -0.996597 -0.079218 -0.022769
vn -0.994734 -0.101850 0.011423
vn -0.994148 -0.107554 0.010056
vn -0.996597 -0.079218 -0.022769
vn -0.994477 -0.104399 0.010741
vn -0.996099 -0.087401 -0.012175
vn -0.996597 -0.079218 -0.022769
vn -0.994148 -0.107554 0.010056
vn -0.997141 -0.056122 -0.050592
vn -0.996597 -0.079218 -0.022769
vn -0.996099 -0.087401 -0.012175
vn -0.996720 -0.045658 -0.066812
vn -0.996597 -0.079218 -0.022769
vn -0.997141 -0.056122 -0.050592
vn -0.996718 -0.045653 -0.066849
vn -0.996597 -0.079218 -0.022769
vn -0.996720 -0.045658 -0.066812
vn -0.999156 -0.040737 0.005250
vn -0.999028 -0.044032 0.002058
vn -0.999463 -0.031867 0.007606
vn -0.998824 -0.048396 0.002900
vn -0.999028 -0.044032 0.002058
vn -0.999156 -0.040737 0.005250
vn -0.998913 -0.046556 0.002235
vn -0.999028 -0.044032 0.002058
vn -0.998824 -0.048396 0.002900
vn -0.998965 -0.045470 0.000855
vn -0.999028 -0.044032 0.002058
vn -0.998913 -0.046556 0.002235
vn -0.998995 -0.044802 -0.001310
vn -0.999028 -0.044032 0.002058
vn -0.998965 -0.045470 0.000855
vn -0.999002 -0.044588 -0.002766
vn -0.999028 -0.044032 0.002058
vn -0.998995 -0.044802 -0.001310
vn -0.999993 -0.003425 -0.001274
vn -0.999846 -0.017335 0.002619
vn -1.000000 0.000575 -0.000054
vn -0.999928 -0.011682 -0.002583
vn -0.999846 -0.017335 0.002619
vn -0.999993 -0.003425 -0.001274
vn -0.999742 -0.022310 0.004246
vn -0.999846 -0.017335 0.002619
vn -0.999928 -0.011682 -0.002583
vn -0.999570 -0.027700 0.009605
vn -0.999846 -0.017335 0.002619
vn -0.999742 -0.022310 0.004246
vn -0.999643 -0.026267 0.004886
vn -0.999846 -0.017335 0.002619
vn -0.999570 -0.027700 0.009605
vn -0.999665 -0.025813 0.001724
vn -0.999846 -0.017335 0.002619
vn -0.999643 -0.026267 0.004886
vn -0.999505 -0.031456 0.001118
vn -0.999505 -0.031456 0.001118
vn -0.999505 -0.031456 0.001118
vn -0.999505 -0.031456 0.001118
vn -0.999505 -0.031456 0.001118
vn -0.999505 -0.031456 0.001118
vn -0.999505 -0.031456 0.001118
vn -0.999505 -0.031456 0.001118
vn -0.999505 -0.031456 0.001118
vn -0.999505 -0.031456 0.001118
vn -0.999505 -0.031456 0.001118
vn -0.999505 -0.031456 0.001118
vn -0.999505 -0.031456 0.001118
vn -0.999505 -0.031456 0.001118
vn -0.999505 -0.031456 0.001118
vn -0.999505 -0.031456 0.001118
vn -0.999505 -0.031456 0.001118
vn -0.999505 -0.031456 0.001118
vn 0.927964 0.372631 0.005314
vn 0.902925 0.429759 -0.005838
vn 0.927965 0.372631 0.005313
vn 0.905713 0.423856 0.005505
vn 0.902925 0.429759 -0.005838
vn 0.927964 0.372631 0.005314
vn 0.892784 0.448782 0.039138
vn 0.902925 0.429759 -0.005838
vn 0.905713 0.423856 0.005505
vn 0.896600 0.441135 0.038835
vn 0.902925 0.429759 -0.005838
vn 0.892784 0.448782 0.039138
vn 0.882857 0.465529 -0.062017
vn 0.902925 0.429759 -0.005838
vn 0.896600 0.441135 0.038835
vn 0.873063 0.470278 -0.128838
vn 0.902925 0.429759 -0.005838
vn 0.882857 0.465529 -0.062017
vn 0.927964 0.372631 0.005314
vn 0.902925 0.429759 -0.005838
vn 0.927964 0.372632 0.005314
vn 0.905713 0.423855 0.005504
vn 0.902925 0.429759 -0.005838
vn 0.927964 0.372631 0.005314
vn 0.892784 0.448782 0.039137
vn 0.902925 0.429759 -0.005838
vn 0.905713 0.423855 0.005504
vn 0.896600 0.441135 0.038834
vn 0.902925 0.429759 -0.005838
vn 0.892784 0.448782 0.039137
vn 0.882857 0.465529 -0.062017
vn 0.902925 0.429759 -0.005838
vn 0.896600 0.441135 0.038834
vn 0.873063 0.470278 -0.128838
vn 0.902925 0.429759 -0.005838
vn 0.882857 0.465529 -0.062017
vn 0.927964 0.372631 0.005313
vn 0.902925 0.429759 -0.005838
vn 0.927964 0.372631 0.005314
vn 0.905713 0.423855 0.005504
vn 0.902925 0.429759 -0.005838
vn 0.927964 0.372631 0.005313
vn 0.892784 0.448782 0.039137
vn 0.902925 0.429759 -0.005838
vn 0.905713 0.423855 0.005504
vn 0.896600 0.441135 0.038834
vn 0.902925 0.429759 -0.005838
vn 0.892784 0.448782 0.039137
vn 0.882857 0.465529 -0.062017
vn 0.902925 0.429759 -0.005838
vn 0.896600 0.441135 0.038834
vn 0.873063 0.470278 -0.128838
vn 0.902925 0.429759 -0.005838
vn 0.882857 0.465529 -0.062017
vn 0.947423 -0.296936 -0.119238
vn 0.947423 -0.296936 -0.119238
vn 0.947423 -0.296936 -0.119239
vn 0.947423 -0.296936 -0.119238
vn 0.947423 -0.296936 -0.119238
vn 0.947423 -0.296936 -0.119238
vn 0.947423 -0.296937 -0.119238
vn 0.947423 -0.296936 -0.119238
vn 0.947423 -0.296936 -0.119238
vn 0.947423 -0.296937 -0.119238
vn 0.947423 -0.296936 -0.119238
vn 0.947423 -0.296937 -0.119238
vn 0.947423 -0.296937 -0.119238
vn 0.947423 -0.296936 -0.119238
vn 0.947423 -0.296937 -0.119238
vn 0.947423 -0.296937 -0.119238
vn 0.947423 -0.296936 -0.119238
vn 0.947423 -0.296937 -0.119238
vn 0.950525 -0.310170 -0.017222
vn 0.972318 -0.231430 -0.032215
vn 0.950525 -0.310171 -0.017222
vn 0.970863 -0.239019 -0.017179
vn 0.972318 -0.231430 -0.032215
vn 0.950525 -0.310170 -0.017222
vn 0.978601 -0.204319 0.024389
vn 0.972318 -0.231430 -0.032215
vn 0.970863 -0.239019 -0.017179
vn 0.976044 -0.216246 0.024008
vn 0.972318 -0.231430 -0.032215
vn 0.978601 -0.204319 0.024389
vn 0.978668 -0.177364 -0.103688
vn 0.972318 -0.231430 -0.032215
vn 0.976044 -0.216246 0.024008
vn 0.968417 -0.162848 -0.188808
vn 0.972318 -0.231430 -0.032215
vn 0.978668 -0.177364 -0.103688
vn 0.950525 -0.310170 -0.017222
vn 0.967442 -0.251479 -0.028534
vn 0.950526 -0.310168 -0.017221
vn 0.966201 -0.257216 -0.017199
vn 0.967442 -0.251479 -0.028534
vn 0.950525 -0.310170 -0.017222
vn 0.972754 -0.231419 0.013948
vn 0.967442 -0.251479 -0.028534
vn 0.966201 -0.257216 -0.017199
vn 0.970623 -0.240218 0.013673
vn 0.967442 -0.251479 -0.028534
vn 0.972754 -0.231419 0.013948
vn 0.973930 -0.211411 -0.082255
vn 0.967442 -0.251479 -0.028534
vn 0.970623 -0.240218 0.013673
vn 0.968625 -0.200761 -0.146492
vn 0.967442 -0.251479 -0.028534
vn 0.973930 -0.211411 -0.082255
vn 0.950525 -0.310170 -0.017222
vn 0.950525 -0.310171 -0.017222
vn 0.950526 -0.310168 -0.017221
vn 0.950525 -0.310171 -0.017222
vn 0.950525 -0.310171 -0.017222
vn 0.950525 -0.310170 -0.017222
vn 0.950525 -0.310171 -0.017222
vn 0.950525 -0.310171 -0.017222
vn 0.950525 -0.310171 -0.017222
vn 0.950525 -0.310171 -0.017222
vn 0.950525 -0.310171 -0.017222
vn 0.950525 -0.310171 -0.017222
vn 0.950525 -0.310171 -0.017221
vn 0.950525 -0.310171 -0.017222
vn 0.950525 -0.310171 -0.017222
vn 0.950525 -0.310171 -0.017220
vn 0.950525 -0.310171 -0.017222
vn 0.950525 -0.310171 -0.017221
vn 0.942369 -0.320870 -0.094778
vn 0.944422 -0.322390 -0.064281
vn 0.918135 -0.380596 -0.110340
vn 0.955438 -0.284598 -0.078366
vn 0.944422 -0.322390 -0.064281
vn 0.942369 -0.320870 -0.094778
vn 0.944614 -0.322089 -0.062952
vn 0.944422 -0.322390 -0.064281
vn 0.955438 -0.284598 -0.078366
vn 0.943211 -0.326246 -0.062575
vn 0.944422 -0.322390 -0.064281
vn 0.944614 -0.322089 -0.062952
vn 0.945433 -0.323920 -0.035096
vn 0.944422 -0.322390 -0.064281
vn 0.943211 -0.326246 -0.062575
vn 0.944083 -0.329633 0.007003
vn 0.944422 -0.322390 -0.064281
vn 0.945433 -0.323920 -0.035096
vn 0.949945 -0.310122 -0.037800
vn 0.949945 -0.310122 -0.037800
vn 0.949945 -0.310123 -0.037800
vn 0.949945 -0.310122 -0.037800
vn 0.949945 -0.310122 -0.037800
vn 0.949945 -0.310122 -0.037800
vn 0.949945 -0.310122 -0.037800
vn 0.949945 -0.310122 -0.037800
vn 0.949945 -0.310122 -0.037800
vn 0.949945 -0.310122 -0.037800
vn 0.949945 -0.310122 -0.037800
vn 0.949945 -0.310122 -0.037800
vn 0.949945 -0.310122 -0.037800
vn 0.949945 -0.310122 -0.037800
vn 0.949945 -0.310122 -0.037800
vn 0.949945 -0.310122 -0.037800
vn 0.949945 -0.310122 -0.037800
vn 0.949945 -0.310122 -0.037800
vn 0.949945 -0.310122 -0.037800
vn 0.949945 -0.310122 -0.037800
vn 0.949945 -0.310122 -0.037800
vn 0.949945 -0.310122 -0.037800
vn 0.949945 -0.310122 -0.037800
vn 0.949945 -0.310122 -0.037800
vn 0.949945 -0.310122 -0.037800
vn 0.949945 -0.310122 -0.037800
vn 0.949945 -0.310122 -0.037800
vn 0.949945 -0.310122 -0.037800
vn 0.949945 -0.310122 -0.037800
vn 0.949945 -0.310122 -0.037800
vn 0.949945 -0.310122 -0.037800
vn 0.949945 -0.310122 -0.037800
vn 0.949945 -0.310122 -0.037800
vn 0.949945 -0.310122 -0.037800
vn 0.949945 -0.310122 -0.037800
vn 0.949945 -0.310122 -0.037800
vn 0.949945 -0.310122 -0.037800
vn 0.955217 -0.293018 -0.041244
vn 0.949945 -0.310122 -0.037800
vn 0.954823 -0.294749 -0.037904
vn 0.955217 -0.293018 -0.041244
vn 0.949945 -0.310122 -0.037800
vn 0.957399 -0.287331 -0.028775
vn 0.955217 -0.293018 -0.041244
vn 0.954823 -0.294749 -0.037904
vn 0.956646 -0.289823 -0.028834
vn 0.955217 -0.293018 -0.041244
vn 0.957399 -0.287331 -0.028775
vn 0.957869 -0.281464 -0.057141
vn 0.955217 -0.293018 -0.041244
vn 0.956646 -0.289823 -0.028834
vn 0.957404 -0.278534 -0.076142
vn 0.955217 -0.293018 -0.041244
vn 0.957869 -0.281464 -0.057141
vn 0.949945 -0.310122 -0.037800
vn 0.955217 -0.293018 -0.041244
vn 0.949945 -0.310122 -0.037800
vn 0.954823 -0.294749 -0.037904
vn 0.955217 -0.293018 -0.041244
vn 0.949945 -0.310122 -0.037800
vn 0.957399 -0.287331 -0.028775
vn 0.955217 -0.293018 -0.041244
vn 0.954823 -0.294749 -0.037904
vn 0.956646 -0.289823 -0.028835
vn 0.955217 -0.293018 -0.041244
vn 0.957399 -0.287331 -0.028775
vn 0.957869 -0.281464 -0.057141
vn 0.955217 -0.293018 -0.041244
vn 0.956646 -0.289823 -0.028835
vn 0.957404 -0.278533 -0.076142
vn 0.955217 -0.293018 -0.041244
vn 0.957869 -0.281464 -0.057141
vn 0.949944 -0.310124 -0.037800
vn 0.954372 -0.295838 -0.040679
vn 0.949944 -0.310124 -0.037800
vn 0.954037 -0.297286 -0.037888
vn 0.954372 -0.295838 -0.040679
vn 0.949944 -0.310124 -0.037800
vn 0.956216 -0.291093 -0.030257
vn 0.954372 -0.295838 -0.040679
vn 0.954037 -0.297286 -0.037888
vn 0.955580 -0.293168 -0.030307
vn 0.954372 -0.295838 -0.040679
vn 0.956216 -0.291093 -0.030257
vn 0.956649 -0.286200 -0.053967
vn 0.954372 -0.295838 -0.040679
vn 0.955580 -0.293168 -0.030307
vn 0.956344 -0.283774 -0.069850
vn 0.954372 -0.295838 -0.040679
vn 0.956649 -0.286200 -0.053967
vn 0.949945 -0.310121 -0.037800
vn 0.954372 -0.295837 -0.040678
vn 0.949945 -0.310122 -0.037800
vn 0.954037 -0.297285 -0.037888
vn 0.954372 -0.295837 -0.040678
vn 0.949945 -0.310121 -0.037800
vn 0.956216 -0.291093 -0.030256
vn 0.954372 -0.295837 -0.040678
vn 0.954037 -0.297285 -0.037888
vn 0.955580 -0.293169 -0.030306
vn 0.954372 -0.295837 -0.040678
vn 0.956216 -0.291093 -0.030256
vn 0.956649 -0.286201 -0.053966
vn 0.954372 -0.295837 -0.040678
vn 0.955580 -0.293169 -0.030306
vn 0.956344 -0.283775 -0.069849
vn 0.954372 -0.295837 -0.040678
vn 0.956649 -0.286201 -0.053966
vn 0.949941 -0.310134 -0.037799
vn 0.954640 -0.294761 -0.042167
vn 0.949940 -0.310138 -0.037800
vn 0.952379 -0.302558 -0.037849
vn 0.954640 -0.294761 -0.042167
vn 0.949941 -0.310134 -0.037799
vn 0.954415 -0.296254 -0.036411
vn 0.954640 -0.294761 -0.042167
vn 0.952379 -0.302558 -0.037849
vn 0.956661 -0.286150 -0.054016
vn 0.954640 -0.294761 -0.042167
vn 0.954415 -0.296254 -0.036411
vn 0.959220 -0.277785 -0.052276
vn 0.954640 -0.294761 -0.042167
vn 0.956661 -0.286150 -0.054016
vn 0.959242 -0.280830 -0.031449
vn 0.954640 -0.294761 -0.042167
vn 0.959220 -0.277785 -0.052276
vn 0.958171 -0.285565 -0.018983
vn 0.958452 -0.284640 -0.018722
vn 0.957749 -0.286952 -0.019375
vn 0.958591 -0.284178 -0.018591
vn 0.958452 -0.284640 -0.018722
vn 0.958171 -0.285565 -0.018983
vn 0.958591 -0.284178 -0.018591
vn 0.958452 -0.284640 -0.018722
vn 0.958591 -0.284178 -0.018591
vn 0.958591 -0.284178 -0.018591
vn 0.958452 -0.284640 -0.018722
vn 0.958591 -0.284178 -0.018591
vn 0.958591 -0.284178 -0.018591
vn 0.958452 -0.284640 -0.018722
vn 0.958591 -0.284178 -0.018591
vn 0.958591 -0.284178 -0.018590
vn 0.958452 -0.284640 -0.018722
vn 0.958591 -0.284178 -0.018591
vn 0.952558 -0.282342 -0.113650
vn 0.952558 -0.282341 -0.113650
vn 0.952558 -0.282343 -0.113650
vn 0.952559 -0.282340 -0.113649
vn 0.952558 -0.282341 -0.113650
vn 0.952558 -0.282342 -0.113650
vn 0.952558 -0.282341 -0.113649
vn 0.952558 -0.282341 -0.113650
vn 0.952559 -0.282340 -0.113649
vn 0.952558 -0.282341 -0.113649
vn 0.952558 -0.282341 -0.113650
vn 0.952558 -0.282341 -0.113649
vn 0.952558 -0.282340 -0.113652
vn 0.952558 -0.282341 -0.113650
vn 0.952558 -0.282341 -0.113649
vn 0.952558 -0.282340 -0.113653
vn 0.952558 -0.282341 -0.113650
vn 0.952558 -0.282340 -0.113652
vn 0.952558 -0.282342 -0.113650
vn 0.952558 -0.282341 -0.113650
vn 0.952557 -0.282344 -0.113650
vn 0.952558 -0.282341 -0.113649
vn 0.952558 -0.282341 -0.113650
vn 0.952558 -0.282342 -0.113650
vn 0.952559 -0.282340 -0.113650
vn 0.952558 -0.282341 -0.113650
vn 0.952558 -0.282341 -0.113649
vn 0.952559 -0.282340 -0.113650
vn 0.952558 -0.282341 -0.113650
vn 0.952559 -0.282340 -0.113650
vn 0.952559 -0.282340 -0.113649
vn 0.952558 -0.282341 -0.113650
vn 0.952559 -0.282340 -0.113650
vn 0.952559 -0.282340 -0.113649
vn 0.952558 -0.282341 -0.113650
vn 0.952559 -0.282340 -0.113649
vn 0.952559 -0.282339 -0.113649
vn 0.952559 -0.282340 -0.113650
vn 0.952559 -0.282338 -0.113649
vn 0.952558 -0.282341 -0.113649
vn 0.952559 -0.282340 -0.113650
vn 0.952559 -0.282339 -0.113649
vn 0.952558 -0.282341 -0.113650
vn 0.952559 -0.282340 -0.113650
vn 0.952558 -0.282341 -0.113649
vn 0.952558 -0.282340 -0.113650
vn 0.952559 -0.282340 -0.113650
vn 0.952558 -0.282341 -0.113650
vn 0.952558 -0.282340 -0.113652
vn 0.952559 -0.282340 -0.113650
vn 0.952558 -0.282340 -0.113650
vn 0.952558 -0.282340 -0.113654
vn 0.952559 -0.282340 -0.113650
vn 0.952558 -0.282340 -0.113652
vn 0.952558 -0.282343 -0.113650
vn 0.952558 -0.282341 -0.113650
vn 0.952557 -0.282345 -0.113650
vn 0.952558 -0.282341 -0.113649
vn 0.952558 -0.282341 -0.113650
vn 0.952558 -0.282343 -0.113650
vn 0.952558 -0.282341 -0.113649
vn 0.952558 -0.282341 -0.113650
vn 0.952558 -0.282341 -0.113649
vn 0.952558 -0.282340 -0.113649
vn 0.952558 -0.282341 -0.113650
vn 0.952558 -0.282341 -0.113649
vn 0.952558 -0.282340 -0.113651
vn 0.952558 -0.282341 -0.113650
vn 0.952558 -0.282340 -0.113649
vn 0.952558 -0.282340 -0.113652
vn 0.952558 -0.282341 -0.113650
vn 0.952558 -0.282340 -0.113651
vn 0.952559 -0.282340 -0.113651
vn 0.952558 -0.282340 -0.113650
vn 0.952559 -0.282339 -0.113651
vn 0.952558 -0.282340 -0.113651
vn 0.952558 -0.282340 -0.113650
vn 0.952559 -0.282340 -0.113651
vn 0.952558 -0.282340 -0.113650
vn 0.952558 -0.282340 -0.113650
vn 0.952558 -0.282340 -0.113651
vn 0.952558 -0.282341 -0.113650
vn 0.952558 -0.282340 -0.113650
vn 0.952558 -0.282340 -0.113650
vn 0.952558 -0.282341 -0.113650
vn 0.952558 -0.282340 -0.113650
vn 0.952558 -0.282341 -0.113650
vn 0.952558 -0.282341 -0.113649
vn 0.952558 -0.282340 -0.113650
vn 0.952558 -0.282341 -0.113650
vn 0.952559 -0.282340 -0.113651
vn 0.952558 -0.282340 -0.113650
vn 0.952559 -0.282339 -0.113651
vn 0.952558 -0.282340 -0.113651
vn 0.952558 -0.282340 -0.113650
vn 0.952559 -0.282340 -0.113651
vn 0.952558 -0.282340 -0.113650
vn 0.952558 -0.282340 -0.113650
vn 0.952558 -0.282340 -0.113651
vn 0.952558 -0.282341 -0.113650
vn 0.952558 -0.282340 -0.113650
vn 0.952558 -0.282340 -0.113650
vn 0.952558 -0.282341 -0.113650
vn 0.952558 -0.282340 -0.113650
vn 0.952558 -0.282341 -0.113650
vn 0.952558 -0.282341 -0.113650
vn 0.952558 -0.282340 -0.113650
vn 0.952558 -0.282341 -0.113650
vn 0.952558 -0.282342 -0.113650
vn 0.952558 -0.282341 -0.113650
vn 0.952558 -0.282343 -0.113650
vn 0.952558 -0.282341 -0.113649
vn 0.952558 -0.282341 -0.113650
vn 0.952558 -0.282342 -0.113650
vn 0.952558 -0.282340 -0.113650
vn 0.952558 -0.282341 -0.113650
vn 0.952558 -0.282341 -0.113649
vn 0.952559 -0.282340 -0.113650
vn 0.952558 -0.282341 -0.113650
vn 0.952558 -0.282340 -0.113650
vn 0.952559 -0.282340 -0.113650
vn 0.952558 -0.282341 -0.113650
vn 0.952559 -0.282340 -0.113650
vn 0.952558 -0.282340 -0.113650
vn 0.952558 -0.282341 -0.113650
vn 0.952559 -0.282340 -0.113650
vn 0.952558 -0.282341 -0.113650
vn 0.952558 -0.282341 -0.113650
vn 0.952558 -0.282342 -0.113650
vn 0.952558 -0.282340 -0.113650
vn 0.952558 -0.282341 -0.113650
vn 0.952558 -0.282341 -0.113650
vn 0.952558 -0.282340 -0.113650
vn 0.952558 -0.282341 -0.113650
vn 0.952558 -0.282340 -0.113650
vn 0.952558 -0.282340 -0.113650
vn 0.952558 -0.282341 -0.113650
vn 0.952558 -0.282340 -0.113650
vn 0.952558 -0.282340 -0.113650
vn 0.952558 -0.282341 -0.113650
vn 0.952558 -0.282340 -0.113650
vn 0.952558 -0.282340 -0.113650
vn 0.952558 -0.282341 -0.113650
vn 0.952558 -0.282340 -0.113650
vn 0.952559 -0.282339 -0.113650
vn 0.952559 -0.282340 -0.113650
vn 0.952559 -0.282339 -0.113651
vn 0.952559 -0.282340 -0.113650
vn 0.952559 -0.282340 -0.113650
vn 0.952559 -0.282339 -0.113650
vn 0.952558 -0.282340 -0.113650
vn 0.952559 -0.282340 -0.113650
vn 0.952559 -0.282340 -0.113650
vn 0.952558 -0.282341 -0.113650
vn 0.952559 -0.282340 -0.113650
vn 0.952558 -0.282340 -0.113650
vn 0.952558 -0.282341 -0.113650
vn 0.952559 -0.282340 -0.113650
vn 0.952558 -0.282341 -0.113650
vn 0.952558 -0.282341 -0.113650
vn 0.952559 -0.282340 -0.113650
vn 0.952558 -0.282341 -0.113650
vn 0.952558 -0.282340 -0.113650
vn 0.952558 -0.282340 -0.113650
vn 0.952558 -0.282340 -0.113650
vn 0.952558 -0.282340 -0.113650
vn 0.952558 -0.282340 -0.113650
vn 0.952558 -0.282340 -0.113650
vn 0.952558 -0.282340 -0.113650
vn 0.952558 -0.282340 -0.113650
vn 0.952558 -0.282340 -0.113650
vn 0.952558 -0.282340 -0.113650
vn 0.952558 -0.282340 -0.113650
vn 0.952558 -0.282340 -0.113650
vn 0.952558 -0.282340 -0.113650
vn 0.952558 -0.282340 -0.113650
vn 0.952558 -0.282340 -0.113650
vn 0.952558 -0.282340 -0.113650
vn 0.952558 -0.282340 -0.113650
vn 0.952558 -0.282340 -0.113650
vn 0.952558 -0.282341 -0.113650
vn 0.952049 -0.283652 -0.114650
vn 0.952558 -0.282341 -0.113650
vn 0.952235 -0.283444 -0.113618
vn 0.952049 -0.283652 -0.114650
vn 0.952558 -0.282341 -0.113650
vn 0.951575 -0.286559 -0.111307
vn 0.952049 -0.283652 -0.114650
vn 0.952235 -0.283444 -0.113618
vn 0.951600 -0.285246 -0.114420
vn 0.952049 -0.283652 -0.114650
vn 0.951575 -0.286559 -0.111307
vn 0.951992 -0.282051 -0.118991
vn 0.952049 -0.283652 -0.114650
vn 0.951600 -0.285246 -0.114420
vn 0.952052 -0.282190 -0.118176
vn 0.952049 -0.283652 -0.114650
vn 0.951992 -0.282051 -0.118991
vn 0.952557 -0.282346 -0.113650
vn 0.950351 -0.288179 -0.117410
vn 0.952557 -0.282347 -0.113650
vn 0.950859 -0.288080 -0.113480
vn 0.950351 -0.288179 -0.117410
vn 0.952557 -0.282346 -0.113650
vn 0.949203 -0.293359 -0.113813
vn 0.950351 -0.288179 -0.117410
vn 0.950859 -0.288080 -0.113480
vn 0.949456 -0.291313 -0.116918
vn 0.950351 -0.288179 -0.117410
vn 0.949203 -0.293359 -0.113813
vn 0.949223 -0.288810 -0.124758
vn 0.950351 -0.288179 -0.117410
vn 0.949456 -0.291313 -0.116918
vn 0.948796 -0.287901 -0.129998
vn 0.950351 -0.288179 -0.117410
vn 0.949223 -0.288810 -0.124758
vn 0.949279 -0.291502 -0.117879
vn 0.948046 -0.295126 -0.118785
vn 0.951101 -0.286062 -0.116515
vn 0.947424 -0.296935 -0.119239
vn 0.948046 -0.295126 -0.118785
vn 0.949279 -0.291502 -0.117879
vn 0.947423 -0.296937 -0.119238
vn 0.948046 -0.295126 -0.118785
vn 0.947424 -0.296935 -0.119239
vn 0.947423 -0.296936 -0.119239
vn 0.948046 -0.295126 -0.118785
vn 0.947423 -0.296937 -0.119238
vn 0.947423 -0.296937 -0.119238
vn 0.948046 -0.295126 -0.118785
vn 0.947423 -0.296936 -0.119239
vn 0.947423 -0.296937 -0.119236
vn 0.948046 -0.295126 -0.118785
vn 0.947423 -0.296937 -0.119238
vn 0.838592 0.372962 0.397068
vn 0.881422 0.331197 0.336755
vn 0.838737 0.372666 0.397040
vn 0.845522 0.353353 0.400293
vn 0.881422 0.331197 0.336755
vn 0.838592 0.372962 0.397068
vn 0.831559 0.215048 0.512117
vn 0.881422 0.331197 0.336755
vn 0.845522 0.353353 0.400293
vn 0.854319 0.215681 0.472886
vn 0.881422 0.331197 0.336755
vn 0.831559 0.215048 0.512117
vn 0.919868 0.385197 0.073938
vn 0.881422 0.331197 0.336755
vn 0.854319 0.215681 0.472886
vn 0.893092 0.413474 -0.177277
vn 0.881422 0.331197 0.336755
vn 0.919868 0.385197 0.073938
vn 0.840336 0.369694 0.396437
vn 0.902173 0.301757 0.308264
vn 0.840678 0.368994 0.396364
vn 0.856736 0.320593 0.404009
vn 0.902173 0.301757 0.308264
vn 0.840336 0.369694 0.396437
vn 0.848058 0.166811 0.502962
vn 0.902173 0.301757 0.308264
vn 0.856736 0.320593 0.404009
vn 0.869536 0.170277 0.463587
vn 0.902173 0.301757 0.308264
vn 0.848058 0.166811 0.502962
vn 0.939086 0.343021 -0.021308
vn 0.902173 0.301757 0.308264
vn 0.869536 0.170277 0.463587
vn 0.854478 0.367456 -0.367209
vn 0.902173 0.301757 0.308264
vn 0.939086 0.343021 -0.021308
vn 0.841543 0.366176 0.397140
vn 0.921332 0.199649 0.333598
vn 0.842062 0.365111 0.397021
vn 0.879151 0.235875 0.414073
vn 0.921332 0.199649 0.333598
vn 0.841543 0.366176 0.397140
vn 0.887001 0.060152 0.457833
vn 0.921332 0.199649 0.333598
vn 0.879151 0.235875 0.414073
vn 0.896411 0.063263 0.438686
vn 0.921332 0.199649 0.333598
vn 0.887001 0.060152 0.457833
vn 0.980441 0.158393 0.116819
vn 0.921332 0.199649 0.333598
vn 0.896411 0.063263 0.438686
vn 0.967110 0.198337 -0.159249
vn 0.921332 0.199649 0.333598
vn 0.980441 0.158393 0.116819
vn 0.865051 0.361701 0.347647
vn 0.920476 0.059257 0.386281
vn 0.884314 0.318997 0.340924
vn 0.910682 0.164075 0.379128
vn 0.920476 0.059257 0.386281
vn 0.865051 0.361701 0.347647
vn 0.918683 -0.089720 0.384672
vn 0.920476 0.059257 0.386281
vn 0.910682 0.164075 0.379128
vn 0.915451 -0.095586 0.390912
vn 0.920476 0.059257 0.386281
vn 0.918683 -0.089720 0.384672
vn 0.911758 -0.098117 0.398836
vn 0.920476 0.059257 0.386281
vn 0.915451 -0.095586 0.390912
vn 0.909321 -0.098800 0.404195
vn 0.920476 0.059257 0.386281
vn 0.911758 -0.098117 0.398836
vn 0.960572 0.015384 0.277605
vn 0.963636 -0.051969 0.262115
vn 0.947129 0.113271 0.300193
vn 0.964092 -0.083356 0.252148
vn 0.963636 -0.051969 0.262115
vn 0.960572 0.015384 0.277605
vn 0.964039 -0.084042 0.252123
vn 0.963636 -0.051969 0.262115
vn 0.964092 -0.083356 0.252148
vn 0.963381 -0.085407 0.254171
vn 0.963636 -0.051969 0.262115
vn 0.964039 -0.084042 0.252123
vn 0.962843 -0.086716 0.255762
vn 0.963636 -0.051969 0.262115
vn 0.963381 -0.085407 0.254171
vn 0.962971 -0.086655 0.255298
vn 0.963636 -0.051969 0.262115
vn 0.962843 -0.086716 0.255762
vn 0.963962 -0.088379 0.250931
vn 0.964421 -0.084818 0.250396
vn 0.964044 -0.084055 0.252098
vn 0.964244 -0.088284 0.249880
vn 0.964421 -0.084818 0.250396
vn 0.963962 -0.088379 0.250931
vn 0.965242 -0.082025 0.248154
vn 0.964421 -0.084818 0.250396
vn 0.964244 -0.088284 0.249880
vn 0.964963 -0.082117 0.249206
vn 0.964421 -0.084818 0.250396
vn 0.965242 -0.082025 0.248154
vn 0.964045 -0.084049 0.252099
vn 0.964421 -0.084818 0.250396
vn 0.964963 -0.082117 0.249206
vn 0.964045 -0.084049 0.252099
vn 0.964421 -0.084818 0.250396
vn 0.964045 -0.084049 0.252099
vn 0.977943 -0.043217 0.204350
vn 0.975029 -0.054385 0.215317
vn 0.977943 -0.043230 0.204347
vn 0.977943 -0.043202 0.204354
vn 0.975029 -0.054385 0.215317
vn 0.977943 -0.043217 0.204350
vn 0.976006 -0.050527 0.211798
vn 0.975029 -0.054385 0.215317
vn 0.977943 -0.043202 0.204354
vn 0.971352 -0.064214 0.228803
vn 0.975029 -0.054385 0.215317
vn 0.976006 -0.050527 0.211798
vn 0.970779 -0.069391 0.229725
vn 0.975029 -0.054385 0.215317
vn 0.971352 -0.064214 0.228803
vn 0.972869 -0.068204 0.221075
vn 0.975029 -0.054385 0.215317
vn 0.970779 -0.069391 0.229725
vn 0.977945 -0.043197 0.204347
vn 0.977945 -0.043197 0.204347
vn 0.977945 -0.043197 0.204347
vn 0.977945 -0.043197 0.204347
vn 0.977945 -0.043197 0.204347
vn 0.977945 -0.043197 0.204347
vn 0.977945 -0.043197 0.204348
vn 0.977945 -0.043197 0.204347
vn 0.977945 -0.043197 0.204347
vn 0.977945 -0.043197 0.204348
vn 0.977945 -0.043197 0.204347
vn 0.977945 -0.043197 0.204348
vn 0.977945 -0.043197 0.204347
vn 0.977945 -0.043197 0.204347
vn 0.977945 -0.043197 0.204348
vn 0.977945 -0.043197 0.204347
vn 0.977945 -0.043197 0.204347
vn 0.977945 -0.043197 0.204347
vn 0.977075 -0.040588 0.208989
vn 0.977145 -0.042481 0.208284
vn 0.977049 -0.038857 0.209441
vn 0.977082 -0.042723 0.208530
vn 0.977145 -0.042481 0.208284
vn 0.977075 -0.040588 0.208989
vn 0.977011 -0.043338 0.208737
vn 0.977145 -0.042481 0.208284
vn 0.977082 -0.042723 0.208530
vn 0.976902 -0.043696 0.209174
vn 0.977145 -0.042481 0.208284
vn 0.977011 -0.043338 0.208737
vn 0.977346 -0.043518 0.207127
vn 0.977145 -0.042481 0.208284
vn 0.976902 -0.043696 0.209174
vn 0.977839 -0.043191 0.204854
vn 0.977145 -0.042481 0.208284
vn 0.977346 -0.043518 0.207127
vn 0.982055 -0.036426 0.185043
vn 0.979456 -0.037743 0.198096
vn 0.982091 -0.056455 0.179750
vn 0.981532 -0.020314 0.190219
vn 0.979456 -0.037743 0.198096
vn 0.982055 -0.036426 0.185043
vn 0.979257 -0.033680 0.199804
vn 0.979456 -0.037743 0.198096
vn 0.981532 -0.020314 0.190219
vn 0.976880 -0.043112 0.209398
vn 0.979456 -0.037743 0.198096
vn 0.979257 -0.033680 0.199804
vn 0.976878 -0.043117 0.209403
vn 0.979456 -0.037743 0.198096
vn 0.976880 -0.043112 0.209398
vn 0.976879 -0.043116 0.209402
vn 0.979456 -0.037743 0.198096
vn 0.976878 -0.043117 0.209403
vn 0.983632 -0.007085 0.180051
vn 0.983632 -0.007085 0.180051
vn 0.983632 -0.007085 0.180051
vn 0.983632 -0.007085 0.180051
vn 0.983632 -0.007085 0.180051
vn 0.983632 -0.007085 0.180051
vn 0.983632 -0.007085 0.180051
vn 0.983632 -0.007085 0.180051
vn 0.983632 -0.007085 0.180051
vn 0.983632 -0.007085 0.180051
vn 0.983632 -0.007085 0.180051
vn 0.983632 -0.007085 0.180051
vn 0.983632 -0.007085 0.180051
vn 0.983632 -0.007085 0.180051
vn 0.983632 -0.007085 0.180051
vn 0.983632 -0.007085 0.180051
vn 0.983632 -0.007085 0.180051
vn 0.983632 -0.007085 0.180051
vn 0.983632 -0.007083 0.180051
vn 0.983632 -0.007084 0.180051
vn 0.983632 -0.007084 0.180051
vn 0.983632 -0.007083 0.180051
vn 0.983632 -0.007084 0.180051
vn 0.983632 -0.007083 0.180051
vn 0.983632 -0.007085 0.180051
vn 0.983632 -0.007084 0.180051
vn 0.983632 -0.007083 0.180051
vn 0.983632 -0.007085 0.180051
vn 0.983632 -0.007084 0.180051
vn 0.983632 -0.007085 0.180051
vn 0.983632 -0.007085 0.180051
vn 0.983632 -0.007084 0.180051
vn 0.983632 -0.007085 0.180051
vn 0.983632 -0.007085 0.180049
vn 0.983632 -0.007084 0.180051
vn 0.983632 -0.007085 0.180051
vn 0.993876 -0.007227 0.110269
vn 0.993876 -0.007229 0.110269
vn 0.993876 -0.007227 0.110269
vn 0.993875 -0.007228 0.110269
vn 0.993876 -0.007229 0.110269
vn 0.993876 -0.007227 0.110269
vn 0.993876 -0.007230 0.110269
vn 0.993876 -0.007229 0.110269
vn 0.993875 -0.007228 0.110269
vn 0.993876 -0.007230 0.110269
vn 0.993876 -0.007229 0.110269
vn 0.993876 -0.007230 0.110269
vn 0.993875 -0.007230 0.110269
vn 0.993876 -0.007229 0.110269
vn 0.993876 -0.007230 0.110269
vn 0.993875 -0.007230 0.110269
vn 0.993876 -0.007229 0.110269
vn 0.993875 -0.007230 0.110269
vn 0.993875 -0.007231 0.110270
vn 0.993875 -0.007230 0.110270
vn 0.993875 -0.007233 0.110269
vn 0.993875 -0.007229 0.110270
vn 0.993875 -0.007230 0.110270
vn 0.993875 -0.007231 0.110270
vn 0.993875 -0.007230 0.110270
vn 0.993875 -0.007230 0.110270
vn 0.993875 -0.007229 0.110270
vn 0.993875 -0.007229 0.110270
vn 0.993875 -0.007230 0.110270
vn 0.993875 -0.007230 0.110270
vn 0.993875 -0.007229 0.110270
vn 0.993875 -0.007230 0.110270
vn 0.993875 -0.007229 0.110270
vn 0.993875 -0.007229 0.110271
vn 0.993875 -0.007230 0.110270
vn 0.993875 -0.007229 0.110270
vn 0.995001 0.013322 0.098972
vn 0.995001 0.013321 0.098972
vn 0.995001 0.013324 0.098973
vn 0.995001 0.013321 0.098972
vn 0.995001 0.013321 0.098972
vn 0.995001 0.013322 0.098972
vn 0.995001 0.013320 0.098972
vn 0.995001 0.013321 0.098972
vn 0.995001 0.013321 0.098972
vn 0.995001 0.013320 0.098972
vn 0.995001 0.013321 0.098972
vn 0.995001 0.013320 0.098972
vn 0.995001 0.013320 0.098972
vn 0.995001 0.013321 0.098972
vn 0.995001 0.013320 0.098972
vn 0.995001 0.013320 0.098971
vn 0.995001 0.013321 0.098972
vn 0.995001 0.013320 0.098972
vn 0.999503 0.013362 0.028546
vn 0.999503 0.013359 0.028546
vn 0.999503 0.013361 0.028546
vn 0.999503 0.013360 0.028546
vn 0.999503 0.013359 0.028546
vn 0.999503 0.013362 0.028546
vn 0.999503 0.013358 0.028546
vn 0.999503 0.013359 0.028546
vn 0.999503 0.013360 0.028546
vn 0.999503 0.013358 0.028546
vn 0.999503 0.013359 0.028546
vn 0.999503 0.013358 0.028546
vn 0.999503 0.013358 0.028546
vn 0.999503 0.013359 0.028546
vn 0.999503 0.013358 0.028546
vn 0.999503 0.013358 0.028546
vn 0.999503 0.013359 0.028546
vn 0.999503 0.013358 0.028546
vn 0.999503 0.013358 0.028546
vn 0.999503 0.013358 0.028545
vn 0.999503 0.013358 0.028546
vn 0.999503 0.013358 0.028546
vn 0.999503 0.013358 0.028545
vn 0.999503 0.013358 0.028546
vn 0.999503 0.013358 0.028546
vn 0.999503 0.013358 0.028545
vn 0.999503 0.013358 0.028546
vn 0.999503 0.013358 0.028546
vn 0.999503 0.013358 0.028545
vn 0.999503 0.013358 0.028546
vn 0.999503 0.013359 0.028543
vn 0.999503 0.013358 0.028545
vn 0.999503 0.013358 0.028546
vn 0.999503 0.013359 0.028541
vn 0.999503 0.013358 0.028545
vn 0.999503 0.013359 0.028543
vn 0.999503 0.013360 0.028546
vn 0.999503 0.013359 0.028546
vn 0.999503 0.013361 0.028546
vn 0.999503 0.013359 0.028545
vn 0.999503 0.013359 0.028546
vn 0.999503 0.013360 0.028546
vn 0.999503 0.013358 0.028547
vn 0.999503 0.013359 0.028546
vn 0.999503 0.013359 0.028545
vn 0.999503 0.013357 0.028546
vn 0.999503 0.013359 0.028546
vn 0.999503 0.013358 0.028547
vn 0.999503 0.013358 0.028545
vn 0.999503 0.013359 0.028546
vn 0.999503 0.013357 0.028546
vn 0.999503 0.013358 0.028546
vn 0.999503 0.013359 0.028546
vn 0.999503 0.013358 0.028545
vn 0.999480 0.008630 0.031068
vn 0.999495 0.011582 0.029599
vn 0.999385 0.013529 0.032362
vn 0.999524 0.007945 0.029795
vn 0.999495 0.011582 0.029599
vn 0.999480 0.008630 0.031068
vn 0.999493 0.012759 0.029181
vn 0.999495 0.011582 0.029599
vn 0.999524 0.007945 0.029795
vn 0.999503 0.013358 0.028546
vn 0.999495 0.011582 0.029599
vn 0.999493 0.012759 0.029181
vn 0.999503 0.013358 0.028547
vn 0.999495 0.011582 0.029599
vn 0.999503 0.013358 0.028546
vn 0.999503 0.013358 0.028547
vn 0.999495 0.011582 0.029599
vn 0.999503 0.013358 0.028547
vn 0.999475 0.001430 0.032366
vn 0.999503 0.006395 0.030871
vn 0.999475 0.001429 0.032366
vn 0.999470 0.003429 0.032377
vn 0.999503 0.006395 0.030871
vn 0.999475 0.001430 0.032366
vn 0.999536 0.008346 0.029297
vn 0.999503 0.006395 0.030871
vn 0.999470 0.003429 0.032377
vn 0.999570 0.010514 0.027376
vn 0.999503 0.006395 0.030871
vn 0.999536 0.008346 0.029297
vn 0.999477 0.009407 0.030951
vn 0.999503 0.006395 0.030871
vn 0.999570 0.010514 0.027376
vn 0.999403 0.009053 0.033355
vn 0.999503 0.006395 0.030871
vn 0.999477 0.009407 0.030951
vn 0.999475 0.001432 0.032366
vn 0.999452 0.002135 0.033032
vn 0.999475 0.001432 0.032366
vn 0.999475 0.001433 0.032366
vn 0.999452 0.002135 0.033032
vn 0.999475 0.001432 0.032366
vn 0.999486 0.001775 0.032003
vn 0.999452 0.002135 0.033032
vn 0.999475 0.001433 0.032366
vn 0.999542 0.003112 0.030095
vn 0.999452 0.002135 0.033032
vn 0.999486 0.001775 0.032003
vn 0.999392 0.003197 0.034727
vn 0.999452 0.002135 0.033032
vn 0.999542 0.003112 0.030095
vn 0.999160 0.002288 0.040904
vn 0.999452 0.002135 0.033032
vn 0.999392 0.003197 0.034727
vn 0.999475 0.001433 0.032366
vn 0.999475 0.001433 0.032366
vn 0.999475 0.001433 0.032366
vn 0.999475 0.001433 0.032366
vn 0.999475 0.001433 0.032366
vn 0.999475 0.001433 0.032366
vn 0.999475 0.001433 0.032366
vn 0.999475 0.001433 0.032366
vn 0.999475 0.001433 0.032366
vn 0.999475 0.001433 0.032366
vn 0.999475 0.001433 0.032366
vn 0.999475 0.001433 0.032366
vn 0.999475 0.001433 0.032366
vn 0.999475 0.001433 0.032366
vn 0.999475 0.001433 0.032366
vn 0.999475 0.001433 0.032366
vn 0.999475 0.001433 0.032366
vn 0.999475 0.001433 0.032366
vn 0.999475 0.001433 0.032366
vn 0.999475 0.001433 0.032366
vn 0.999475 0.001433 0.032366
vn 0.999475 0.001433 0.032366
vn 0.999475 0.001433 0.032366
vn 0.999475 0.001433 0.032366
vn 0.999475 0.001433 0.032366
vn 0.999475 0.001433 0.032366
vn 0.999475 0.001433 0.032366
vn 0.999475 0.001433 0.032366
vn 0.999475 0.001433 0.032366
vn 0.999475 0.001433 0.032366
vn 0.999475 0.001433 0.032366
vn 0.999475 0.001433 0.032366
vn 0.999475 0.001433 0.032366
vn 0.999475 0.001433 0.032366
vn 0.999475 0.001433 0.032366
vn 0.999475 0.001433 0.032366
vn 0.999475 0.001433 0.032366
vn 0.999475 0.001433 0.032366
vn 0.999475 0.001433 0.032366
vn 0.999475 0.001433 0.032366
vn 0.999475 0.001433 0.032366
vn 0.999475 0.001433 0.032366
vn 0.999475 0.001433 0.032366
vn 0.999475 0.001433 0.032366
vn 0.999475 0.001433 0.032366
vn 0.999475 0.001433 0.032366
vn 0.999475 0.001433 0.032366
vn 0.999475 0.001433 0.032366
vn 0.999475 0.001433 0.032366
vn 0.999475 0.001433 0.032366
vn 0.999475 0.001433 0.032366
vn 0.999475 0.001433 0.032366
vn 0.999475 0.001433 0.032366
vn 0.999475 0.001433 0.032366
vn 0.999475 0.001432 0.032366
vn 0.999475 0.001432 0.032366
vn 0.999475 0.001431 0.032366
vn 0.999475 0.001432 0.032366
vn 0.999475 0.001432 0.032366
vn 0.999475 0.001432 0.032366
vn 0.999475 0.001432 0.032366
vn 0.999475 0.001432 0.032366
vn 0.999475 0.001432 0.032366
vn 0.999475 0.001432 0.032366
vn 0.999475 0.001432 0.032366
vn 0.999475 0.001432 0.032366
vn 0.999475 0.001433 0.032366
vn 0.999475 0.001432 0.032366
vn 0.999475 0.001432 0.032366
vn 0.999475 0.001433 0.032366
vn 0.999475 0.001432 0.032366
vn 0.999475 0.001433 0.032366
vn 0.999475 0.001433 0.032366
vn 0.999475 0.001433 0.032366
vn 0.999475 0.001435 0.032366
vn 0.999475 0.001432 0.032365
vn 0.999475 0.001433 0.032366
vn 0.999475 0.001433 0.032366
vn 0.999475 0.001432 0.032366
vn 0.999475 0.001433 0.032366
vn 0.999475 0.001432 0.032365
vn 0.999475 0.001432 0.032366
vn 0.999475 0.001433 0.032366
vn 0.999475 0.001432 0.032366
vn 0.999475 0.001432 0.032366
vn 0.999475 0.001433 0.032366
vn 0.999475 0.001432 0.032366
vn 0.999475 0.001432 0.032366
vn 0.999475 0.001433 0.032366
vn 0.999475 0.001432 0.032366
vn 0.999475 0.001430 0.032366
vn 0.999475 0.001432 0.032366
vn 0.999475 0.001430 0.032366
vn 0.999475 0.001432 0.032366
vn 0.999475 0.001432 0.032366
vn 0.999475 0.001430 0.032366
vn 0.999475 0.001433 0.032366
vn 0.999475 0.001432 0.032366
vn 0.999475 0.001432 0.032366
vn 0.999475 0.001433 0.032366
vn 0.999475 0.001432 0.032366
vn 0.999475 0.001433 0.032366
vn 0.999475 0.001433 0.032366
vn 0.999475 0.001432 0.032366
vn 0.999475 0.001433 0.032366
vn 0.999475 0.001433 0.032365
vn 0.999475 0.001432 0.032366
vn 0.999475 0.001433 0.032366
vn 0.999091 0.001438 0.042603
vn 0.999091 0.001438 0.042603
vn 0.999091 0.001437 0.042603
vn 0.999091 0.001438 0.042604
vn 0.999091 0.001438 0.042603
vn 0.999091 0.001438 0.042603
vn 0.999091 0.001438 0.042603
vn 0.999091 0.001438 0.042603
vn 0.999091 0.001438 0.042604
vn 0.999091 0.001438 0.042604
vn 0.999091 0.001438 0.042603
vn 0.999091 0.001438 0.042603
vn 0.999091 0.001437 0.042603
vn 0.999091 0.001438 0.042603
vn 0.999091 0.001438 0.042604
vn 0.999091 0.001438 0.042603
vn 0.999091 0.001438 0.042603
vn 0.999091 0.001437 0.042603
vn 0.999130 0.001875 0.041672
vn 0.999107 0.001664 0.042207
vn 0.999149 0.000261 0.041245
vn 0.999110 0.002706 0.042094
vn 0.999107 0.001664 0.042207
vn 0.999130 0.001875 0.041672
vn 0.999102 0.001680 0.042347
vn 0.999107 0.001664 0.042207
vn 0.999110 0.002706 0.042094
vn 0.999091 0.001438 0.042603
vn 0.999107 0.001664 0.042207
vn 0.999102 0.001680 0.042347
vn 0.999091 0.001438 0.042603
vn 0.999107 0.001664 0.042207
vn 0.999091 0.001438 0.042603
vn 0.999091 0.001438 0.042603
vn 0.999107 0.001664 0.042207
vn 0.999091 0.001438 0.042603
vn 0.999412 -0.004651 0.033981
vn 0.999449 0.003976 0.032938
vn 0.999350 0.002803 0.035948
vn 0.999481 -0.003146 0.032058
vn 0.999449 0.003976 0.032938
vn 0.999412 -0.004651 0.033981
vn 0.999576 0.010479 0.027164
vn 0.999449 0.003976 0.032938
vn 0.999481 -0.003146 0.032058
vn 0.999520 0.010755 0.029056
vn 0.999449 0.003976 0.032938
vn 0.999576 0.010479 0.027164
vn 0.999272 0.006100 0.037668
vn 0.999449 0.003976 0.032938
vn 0.999520 0.010755 0.029056
vn 0.999204 0.005838 0.039450
vn 0.999449 0.003976 0.032938
vn 0.999272 0.006100 0.037668
vn 0.999914 0.005284 0.012037
vn 0.999914 0.005637 0.011872
vn 0.999905 0.006246 0.012292
vn 0.999918 0.005068 0.011787
vn 0.999914 0.005637 0.011872
vn 0.999914 0.005284 0.012037
vn 0.999914 0.005813 0.011791
vn 0.999914 0.005637 0.011872
vn 0.999918 0.005068 0.011787
vn 0.999914 0.005813 0.011790
vn 0.999914 0.005637 0.011872
vn 0.999914 0.005813 0.011791
vn 0.999914 0.005813 0.011789
vn 0.999914 0.005637 0.011872
vn 0.999914 0.005813 0.011790
vn 0.999914 0.005813 0.011789
vn 0.999914 0.005637 0.011872
vn 0.999914 0.005813 0.011789
vn 0.999579 -0.014488 0.025127
vn 0.999740 -0.009209 0.020846
vn 0.999579 -0.014490 0.025127
vn 0.999579 -0.014485 0.025128
vn 0.999740 -0.009209 0.020846
vn 0.999579 -0.014488 0.025127
vn 0.999757 -0.009540 0.019891
vn 0.999740 -0.009209 0.020846
vn 0.999579 -0.014485 0.025128
vn 0.999906 -0.003675 0.013222
vn 0.999740 -0.009209 0.020846
vn 0.999757 -0.009540 0.019891
vn 0.999840 -0.003597 0.017518
vn 0.999740 -0.009209 0.020846
vn 0.999906 -0.003675 0.013222
vn 0.999720 -0.004439 0.023245
vn 0.999740 -0.009209 0.020846
vn 0.999840 -0.003597 0.017518
vn 0.999579 -0.014483 0.025127
vn 0.999579 -0.014484 0.025127
vn 0.999579 -0.014483 0.025127
vn 0.999579 -0.014483 0.025127
vn 0.999579 -0.014484 0.025127
vn 0.999579 -0.014483 0.025127
vn 0.999579 -0.014484 0.025127
vn 0.999579 -0.014484 0.025127
vn 0.999579 -0.014483 0.025127
vn 0.999579 -0.014484 0.025127
vn 0.999579 -0.014484 0.025127
vn 0.999579 -0.014484 0.025127
vn 0.999579 -0.014484 0.025127
vn 0.999579 -0.014484 0.025127
vn 0.999579 -0.014484 0.025127
vn 0.999579 -0.014484 0.025127
vn 0.999579 -0.014484 0.025127
vn 0.999579 -0.014484 0.025127
vn 0.999579 -0.014483 0.025126
vn 0.999579 -0.014484 0.025126
vn 0.999579 -0.014483 0.025126
vn 0.999579 -0.014484 0.025126
vn 0.999579 -0.014484 0.025126
vn 0.999579 -0.014483 0.025126
vn 0.999579 -0.014484 0.025126
vn 0.999579 -0.014484 0.025126
vn 0.999579 -0.014484 0.025126
vn 0.999579 -0.014484 0.025127
vn 0.999579 -0.014484 0.025126
vn 0.999579 -0.014484 0.025126
vn 0.999579 -0.014484 0.025127
vn 0.999579 -0.014484 0.025126
vn 0.999579 -0.014484 0.025127
vn 0.999579 -0.014484 0.025127
vn 0.999579 -0.014484 0.025126
vn 0.999579 -0.014484 0.025127
vn 0.999579 -0.014482 0.025126
vn 0.999579 -0.014484 0.025127
vn 0.999579 -0.014481 0.025127
vn 0.999579 -0.014484 0.025126
vn 0.999579 -0.014484 0.025127
vn 0.999579 -0.014482 0.025126
vn 0.999579 -0.014484 0.025127
vn 0.999579 -0.014484 0.025127
vn 0.999579 -0.014484 0.025126
vn 0.999579 -0.014485 0.025127
vn 0.999579 -0.014484 0.025127
vn 0.999579 -0.014484 0.025127
vn 0.999579 -0.014484 0.025127
vn 0.999579 -0.014484 0.025127
vn 0.999579 -0.014485 0.025127
vn 0.999579 -0.014484 0.025127
vn 0.999579 -0.014484 0.025127
vn 0.999579 -0.014484 0.025127
vn 0.999579 -0.014485 0.025127
vn 0.999579 -0.014485 0.025127
vn 0.999579 -0.014486 0.025127
vn 0.999579 -0.014484 0.025127
vn 0.999579 -0.014485 0.025127
vn 0.999579 -0.014485 0.025127
vn 0.999579 -0.014484 0.025127
vn 0.999579 -0.014485 0.025127
vn 0.999579 -0.014484 0.025127
vn 0.999579 -0.014484 0.025127
vn 0.999579 -0.014485 0.025127
vn 0.999579 -0.014484 0.025127
vn 0.999579 -0.014484 0.025127
vn 0.999579 -0.014485 0.025127
vn 0.999579 -0.014484 0.025127
vn 0.999579 -0.014484 0.025126
vn 0.999579 -0.014485 0.025127
vn 0.999579 -0.014484 0.025127
vn 0.999869 -0.014468 0.007211
vn 0.999869 -0.014468 0.007211
vn 0.999869 -0.014468 0.007211
vn 0.999869 -0.014468 0.007211
vn 0.999869 -0.014468 0.007211
vn 0.999869 -0.014468 0.007211
vn 0.999869 -0.014469 0.007211
vn 0.999869 -0.014468 0.007211
vn 0.999869 -0.014468 0.007211
vn 0.999869 -0.014469 0.007211
vn 0.999869 -0.014468 0.007211
vn 0.999869 -0.014469 0.007211
vn 0.999869 -0.014469 0.007212
vn 0.999869 -0.014468 0.007211
vn 0.999869 -0.014469 0.007211
vn 0.999869 -0.014469 0.007213
vn 0.999869 -0.014468 0.007211
vn 0.999869 -0.014469 0.007212
vn 0.999869 -0.014468 0.007212
vn 0.999869 -0.014469 0.007212
vn 0.999869 -0.014467 0.007212
vn 0.999869 -0.014469 0.007212
vn 0.999869 -0.014469 0.007212
vn 0.999869 -0.014468 0.007212
vn 0.999869 -0.014470 0.007213
vn 0.999869 -0.014469 0.007212
vn 0.999869 -0.014469 0.007212
vn 0.999869 -0.014470 0.007212
vn 0.999869 -0.014469 0.007212
vn 0.999869 -0.014470 0.007213
vn 0.999869 -0.014469 0.007212
vn 0.999869 -0.014469 0.007212
vn 0.999869 -0.014470 0.007212
vn 0.999869 -0.014469 0.007214
vn 0.999869 -0.014469 0.007212
vn 0.999869 -0.014469 0.007212
vn 0.999869 -0.014468 0.007211
vn 0.999869 -0.014469 0.007211
vn 0.999869 -0.014468 0.007211
vn 0.999869 -0.014468 0.007211
vn 0.999869 -0.014469 0.007211
vn 0.999869 -0.014468 0.007211
vn 0.999869 -0.014469 0.007211
vn 0.999869 -0.014469 0.007211
vn 0.999869 -0.014468 0.007211
vn 0.999869 -0.014469 0.007212
vn 0.999869 -0.014469 0.007211
vn 0.999869 -0.014469 0.007211
vn 0.999869 -0.014469 0.007211
vn 0.999869 -0.014469 0.007211
vn 0.999869 -0.014469 0.007212
vn 0.999869 -0.014469 0.007211
vn 0.999869 -0.014469 0.007211
vn 0.999869 -0.014469 0.007211
vn 0.999869 -0.014468 0.007211
vn 0.999869 -0.014468 0.007211
vn 0.999869 -0.014467 0.007211
vn 0.999869 -0.014468 0.007211
vn 0.999869 -0.014468 0.007211
vn 0.999869 -0.014468 0.007211
vn 0.999869 -0.014469 0.007211
vn 0.999869 -0.014468 0.007211
vn 0.999869 -0.014468 0.007211
vn 0.999869 -0.014469 0.007211
vn 0.999869 -0.014468 0.007211
vn 0.999869 -0.014469 0.007211
vn 0.999869 -0.014469 0.007212
vn 0.999869 -0.014468 0.007211
vn 0.999869 -0.014469 0.007211
vn 0.999869 -0.014469 0.007212
vn 0.999869 -0.014468 0.007211
vn 0.999869 -0.014469 0.007212
vn 0.999869 -0.014470 0.007212
vn 0.999869 -0.014469 0.007212
vn 0.999869 -0.014471 0.007211
vn 0.999869 -0.014469 0.007212
vn 0.999869 -0.014469 0.007212
vn 0.999869 -0.014470 0.007212
vn 0.999869 -0.014469 0.007212
vn 0.999869 -0.014469 0.007212
vn 0.999869 -0.014469 0.007212
vn 0.999869 -0.014469 0.007212
vn 0.999869 -0.014469 0.007212
vn 0.999869 -0.014469 0.007212
vn 0.999869 -0.014469 0.007211
vn 0.999869 -0.014469 0.007212
vn 0.999869 -0.014469 0.007212
vn 0.999869 -0.014469 0.007211
vn 0.999869 -0.014469 0.007212
vn 0.999869 -0.014469 0.007211
vn 0.999869 -0.014469 0.007211
vn 0.999869 -0.014469 0.007211
vn 0.999869 -0.014468 0.007212
vn 0.999869 -0.014469 0.007211
vn 0.999869 -0.014469 0.007211
vn 0.999869 -0.014469 0.007211
vn 0.999869 -0.014469 0.007211
vn 0.999869 -0.014469 0.007211
vn 0.999869 -0.014469 0.007211
vn 0.999869 -0.014469 0.007211
vn 0.999869 -0.014469 0.007211
vn 0.999869 -0.014469 0.007211
vn 0.999869 -0.014469 0.007212
vn 0.999869 -0.014469 0.007211
vn 0.999869 -0.014469 0.007211
vn 0.999869 -0.014469 0.007212
vn 0.999869 -0.014469 0.007211
vn 0.999869 -0.014469 0.007212
vn 0.999869 -0.014471 0.007212
vn 0.999851 -0.016857 0.003836
vn 0.999869 -0.014472 0.007211
vn 0.999835 -0.016706 0.007200
vn 0.999851 -0.016857 0.003836
vn 0.999869 -0.014471 0.007212
vn 0.999743 -0.020762 0.009118
vn 0.999851 -0.016857 0.003836
vn 0.999835 -0.016706 0.007200
vn 0.999793 -0.019398 0.006083
vn 0.999851 -0.016857 0.003836
vn 0.999743 -0.020762 0.009118
vn 0.999871 -0.015338 -0.004820
vn 0.999851 -0.016857 0.003836
vn 0.999793 -0.019398 0.006083
vn 0.999838 -0.014463 -0.010759
vn 0.999851 -0.016857 0.003836
vn 0.999871 -0.015338 -0.004820
vn 0.950525 -0.310170 -0.017221
vn 0.975410 -0.220392 -0.001788
vn 0.950525 -0.310170 -0.017221
vn 0.974257 -0.224785 -0.017159
vn 0.975410 -0.220392 -0.001788
vn 0.950525 -0.310170 -0.017221
vn 0.982558 -0.183099 0.032483
vn 0.975410 -0.220392 -0.001788
vn 0.974257 -0.224785 -0.017159
vn 0.979782 -0.197491 0.032014
vn 0.975410 -0.220392 -0.001788
vn 0.982558 -0.183099 0.032483
vn 0.985882 -0.166177 -0.020534
vn 0.975410 -0.220392 -0.001788
vn 0.979782 -0.197491 0.032014
vn 0.985889 -0.165785 -0.023205
vn 0.975410 -0.220392 -0.001788
vn 0.985882 -0.166177 -0.020534
vn 0.950525 -0.310171 -0.017222
vn 0.972318 -0.231430 -0.032215
vn 0.950525 -0.310172 -0.017222
vn 0.970863 -0.239020 -0.017179
vn 0.972318 -0.231430 -0.032215
vn 0.950525 -0.310171 -0.017222
vn 0.978601 -0.204319 0.024389
vn 0.972318 -0.231430 -0.032215
vn 0.970863 -0.239020 -0.017179
vn 0.976044 -0.216246 0.024008
vn 0.972318 -0.231430 -0.032215
vn 0.978601 -0.204319 0.024389
vn 0.978668 -0.177364 -0.103688
vn 0.972318 -0.231430 -0.032215
vn 0.976044 -0.216246 0.024008
vn 0.968417 -0.162847 -0.188809
vn 0.972318 -0.231430 -0.032215
vn 0.978668 -0.177364 -0.103688
vn 0.950503 -0.310238 -0.017208
vn 0.978155 -0.202839 -0.045486
vn 0.950488 -0.310284 -0.017221
vn 0.970883 -0.238930 -0.017269
vn 0.978155 -0.202839 -0.045486
vn 0.950503 -0.310238 -0.017208
vn 0.985788 -0.167200 -0.016330
vn 0.978155 -0.202839 -0.045486
vn 0.970883 -0.238930 -0.017269
vn 0.987628 -0.150972 -0.042414
vn 0.978155 -0.202839 -0.045486
vn 0.985788 -0.167200 -0.016330
vn 0.986396 -0.128593 -0.102402
vn 0.978155 -0.202839 -0.045486
vn 0.987628 -0.150972 -0.042414
vn 0.983101 -0.123296 -0.135318
vn 0.978155 -0.202839 -0.045486
vn 0.986396 -0.128593 -0.102402
vn 0.950339 -0.310743 -0.017146
vn 0.986782 -0.151184 -0.058354
vn 0.950256 -0.310993 -0.017217
vn 0.980282 -0.196853 -0.017215
vn 0.986782 -0.151184 -0.058354
vn 0.950339 -0.310743 -0.017146
vn 0.995425 -0.095544 -0.001077
vn 0.986782 -0.151184 -0.058354
vn 0.980282 -0.196853 -0.017215
vn 0.996140 -0.083312 -0.027653
vn 0.986782 -0.151184 -0.058354
vn 0.995425 -0.095544 -0.001077
vn 0.986908 -0.042603 -0.155554
vn 0.986782 -0.151184 -0.058354
vn 0.996140 -0.083312 -0.027653
vn 0.970404 -0.029019 -0.239736
vn 0.986782 -0.151184 -0.058354
vn 0.986908 -0.042603 -0.155554
vn 0.999846 0.016163 0.006771
vn 0.996927 -0.075781 -0.019835
vn 0.999075 0.040829 0.013473
vn 0.996336 -0.085522 -0.000300
vn 0.996927 -0.075781 -0.019835
vn 0.999846 0.016163 0.006771
vn 0.989676 -0.141459 -0.023025
vn 0.996927 -0.075781 -0.019835
vn 0.996336 -0.085522 -0.000300
vn 0.992005 -0.107932 -0.065405
vn 0.996927 -0.075781 -0.019835
vn 0.989676 -0.141459 -0.023025
vn 0.993900 -0.101511 -0.043119
vn 0.996927 -0.075781 -0.019835
vn 0.992005 -0.107932 -0.065405
vn 0.994172 -0.107799 -0.000751
vn 0.996927 -0.075781 -0.019835
vn 0.993900 -0.101511 -0.043119
vn 0.985355 0.170364 0.007238
vn 0.999884 -0.015084 0.002082
vn 0.981423 0.191399 0.013247
vn 0.999777 0.021100 0.000286
vn 0.999884 -0.015084 0.002082
vn 0.985355 0.170364 0.007238
vn 0.994199 -0.107557 -0.000481
vn 0.999884 -0.015084 0.002082
vn 0.999777 0.021100 0.000286
vn 0.994185 -0.107681 -0.000368
vn 0.999884 -0.015084 0.002082
vn 0.994199 -0.107557 -0.000481
vn 0.994192 -0.107621 -0.000564
vn 0.999884 -0.015084 0.002082
vn 0.994185 -0.107681 -0.000368
vn 0.994194 -0.107602 -0.000695
vn 0.999884 -0.015084 0.002082
vn 0.994192 -0.107621 -0.000564
vn 0.941594 0.336662 0.007721
vn 0.999128 0.041701 0.002156
vn 0.935905 0.352025 0.012649
vn 0.993943 0.109893 0.000842
vn 0.999128 0.041701 0.002156
vn 0.941594 0.336662 0.007721
vn 0.994253 -0.107052 -0.000619
vn 0.999128 0.041701 0.002156
vn 0.993943 0.109893 0.000842
vn 0.994213 -0.107431 -0.000263
vn 0.999128 0.041701 0.002156
vn 0.994253 -0.107052 -0.000619
vn 0.994229 -0.107274 -0.000777
vn 0.999128 0.041701 0.002156
vn 0.994213 -0.107431 -0.000263
vn 0.994234 -0.107225 -0.001122
vn 0.999128 0.041701 0.002156
vn 0.994229 -0.107274 -0.000777
vn 0.915122 0.402965 0.013054
vn 0.997113 0.075843 0.003591
vn 0.916010 0.400963 0.012377
vn 0.986928 0.160711 0.012013
vn 0.997113 0.075843 0.003591
vn 0.915122 0.402965 0.013054
vn 0.995391 -0.095273 0.010910
vn 0.997113 0.075843 0.003591
vn 0.986928 0.160711 0.012013
vn 0.995691 -0.092548 0.005938
vn 0.997113 0.075843 0.003591
vn 0.995391 -0.095273 0.010910
vn 0.996150 -0.086618 -0.013499
vn 0.997113 0.075843 0.003591
vn 0.995691 -0.092548 0.005938
vn 0.996053 -0.084695 -0.026566
vn 0.997113 0.075843 0.003591
vn 0.996150 -0.086618 -0.013499
vn 0.931622 0.363000 -0.017651
vn 0.998508 0.054546 -0.002651
vn 0.942488 0.333096 -0.027637
vn 0.987209 0.159041 -0.011168
vn 0.998508 0.054546 -0.002651
vn 0.931622 0.363000 -0.017651
vn 0.995400 -0.095804 -0.001120
vn 0.998508 0.054546 -0.002651
vn 0.987209 0.159041 -0.011168
vn 0.994121 -0.107647 0.011604
vn 0.998508 0.054546 -0.002651
vn 0.995400 -0.095804 -0.001120
vn 0.994147 -0.107471 0.011007
vn 0.998508 0.054546 -0.002651
vn 0.994121 -0.107647 0.011604
vn 0.994158 -0.107412 0.010598
vn 0.998508 0.054546 -0.002651
vn 0.994147 -0.107471 0.011007
vn 0.994331 0.106025 -0.007985
vn 0.999782 0.020330 -0.004802
vn 0.999165 0.028239 -0.029528
vn 0.995922 0.089292 0.012864
vn 0.999782 0.020330 -0.004802
vn 0.994331 0.106025 -0.007985
vn 0.998701 -0.031623 0.039963
vn 0.999782 0.020330 -0.004802
vn 0.995922 0.089292 0.012864
vn 0.998416 -0.039880 0.039694
vn 0.999782 0.020330 -0.004802
vn 0.998701 -0.031623 0.039963
vn 0.998833 -0.013378 -0.046398
vn 0.999782 0.020330 -0.004802
vn 0.998416 -0.039880 0.039694
vn 0.994553 -0.004860 -0.104117
vn 0.999782 0.020330 -0.004802
vn 0.998833 -0.013378 -0.046398
vn 0.995404 -0.095607 0.005535
vn 0.998902 -0.046853 -0.000314
vn 0.992963 -0.118427 -0.000595
vn 0.999169 -0.038986 0.011888
vn 0.998902 -0.046853 -0.000314
vn 0.995404 -0.095607 0.005535
vn 0.998701 -0.031546 0.040020
vn 0.998902 -0.046853 -0.000314
vn 0.999169 -0.038986 0.011888
vn 0.998419 -0.039800 0.039702
vn 0.998902 -0.046853 -0.000314
vn 0.998701 -0.031546 0.040020
vn 0.998829 -0.013173 -0.046544
vn 0.998902 -0.046853 -0.000314
vn 0.998419 -0.039800 0.039702
vn 0.994524 -0.004596 -0.104409
vn 0.998902 -0.046853 -0.000314
vn 0.998829 -0.013173 -0.046544
vn 0.994071 -0.108135 0.011416
vn 0.998696 -0.051030 0.001633
vn 0.994071 -0.108135 0.011416
vn 0.998323 -0.056695 0.011739
vn 0.998696 -0.051030 0.001633
vn 0.994071 -0.108135 0.011416
vn 0.998704 -0.031500 0.039986
vn 0.998696 -0.051030 0.001633
vn 0.998323 -0.056695 0.011739
vn 0.998419 -0.039791 0.039704
vn 0.998696 -0.051030 0.001633
vn 0.998704 -0.031500 0.039986
vn 0.998829 -0.013147 -0.046564
vn 0.998696 -0.051030 0.001633
vn 0.998419 -0.039791 0.039704
vn 0.994520 -0.004561 -0.104448
vn 0.998696 -0.051030 0.001633
vn 0.998829 -0.013147 -0.046564
vn 0.994477 -0.104399 0.010741
vn 0.999235 -0.021913 -0.032382
vn 0.994734 -0.101850 0.011423
vn 0.998375 -0.056055 0.010290
vn 0.999235 -0.021913 -0.032382
vn 0.994477 -0.104399 0.010741
vn 0.999810 -0.010569 0.016382
vn 0.999235 -0.021913 -0.032382
vn 0.998375 -0.056055 0.010290
vn 0.999671 0.012601 -0.022332
vn 0.999235 -0.021913 -0.032382
vn 0.999810 -0.010569 0.016382
vn 0.991038 0.049621 -0.124020
vn 0.999235 -0.021913 -0.032382
vn 0.999671 0.012601 -0.022332
vn 0.981830 0.057787 -0.180752
vn 0.999235 -0.021913 -0.032382
vn 0.991038 0.049621 -0.124020
vn 0.999156 -0.040737 0.005250
vn 0.999028 -0.044032 0.002058
vn 0.999463 -0.031867 0.007606
vn 0.998824 -0.048396 0.002900
vn 0.999028 -0.044032 0.002058
vn 0.999156 -0.040737 0.005250
vn 0.998913 -0.046556 0.002235
vn 0.999028 -0.044032 0.002058
vn 0.998824 -0.048396 0.002900
vn 0.998965 -0.045470 0.000855
vn 0.999028 -0.044032 0.002058
vn 0.998913 -0.046556 0.002235
vn 0.998995 -0.044802 -0.001310
vn 0.999028 -0.044032 0.002058
vn 0.998965 -0.045470 0.000855
vn 0.999002 -0.044588 -0.002766
vn 0.999028 -0.044032 0.002058
vn 0.998995 -0.044802 -0.001310
vn 0.999993 -0.003425 -0.001274
vn 0.999846 -0.017335 0.002619
vn 1.000000 0.000575 -0.000054
vn 0.999928 -0.011682 -0.002583
vn 0.999846 -0.017335 0.002619
vn 0.999993 -0.003425 -0.001274
vn 0.999742 -0.022310 0.004246
vn 0.999846 -0.017335 0.002619
vn 0.999928 -0.011682 -0.002583
vn 0.999570 -0.027700 0.009605
vn 0.999846 -0.017335 0.002619
vn 0.999742 -0.022310 0.004246
vn 0.999643 -0.026267 0.004886
vn 0.999846 -0.017335 0.002619
vn 0.999570 -0.027700 0.009605
vn 0.999665 -0.025813 0.001724
vn 0.999846 -0.017335 0.002619
vn 0.999643 -0.026267 0.004886
vn 0.999505 -0.031456 0.001118
vn 0.999505 -0.031456 0.001118
vn 0.999505 -0.031456 0.001118
vn 0.999505 -0.031456 0.001118
vn 0.999505 -0.031456 0.001118
vn 0.999505 -0.031456 0.001118
vn 0.999505 -0.031456 0.001118
vn 0.999505 -0.031456 0.001118
vn 0.999505 -0.031456 0.001118
vn 0.999505 -0.031456 0.001118
vn 0.999505 -0.031456 0.001118
vn 0.999505 -0.031456 0.001118
vn -0.936236 -0.039258 0.349171
vn -0.930483 -0.121215 0.345700
vn -0.321822 0.820803 0.471925
vn -0.167007 0.937378 0.305665
vn 0.127634 -0.684424 -0.717826
vn -0.063389 -0.983732 -0.168088
vn 0.158672 0.962572 -0.219726
vn 0.009046 -0.920616 -0.390366
vn 0.185422 0.931650 -0.312484
vn -0.382760 -0.880920 0.278343
vn -0.063389 -0.983732 -0.168088
vn -0.167007 0.937378 0.305665
vn -0.379933 0.758152 0.529960
vn 0.009046 -0.920616 -0.390366
vn -0.321822 0.820803 0.471925
vn -0.382760 -0.880920 0.278343
vn 0.158672 0.962572 -0.219726
vn 0.185422 0.931650 -0.312484
vn -0.505650 -0.739863 0.443757
vn 0.065170 -0.834046 -0.547833
vn 0.672949 0.011727 0.739596
vn 0.168690 0.952824 -0.252328
vn 0.999999 0.000000 -0.001100
vn 0.999982 0.000000 -0.006067
vn -0.132303 -0.990791 -0.028803
vn -0.126846 -0.991177 -0.038449
vn 0.070209 0.996875 0.036197
vn -0.132303 -0.990791 -0.028803
vn -0.126846 -0.991177 -0.038449
vn 0.003116 -0.000000 0.999995
vn 0.003116 0.000000 0.999995
vn 0.003116 -0.000000 0.999995
vn 0.003116 0.000000 0.999995
vn 0.999999 0.000000 -0.001100
vn 0.999939 0.000000 -0.011034
vn 0.999939 0.000000 -0.011034
vn 0.999982 0.000000 -0.006067
vn 0.999963 0.000000 -0.008559
vn 0.999963 0.000000 -0.008559
vn 0.999963 0.000000 -0.008559
vn 0.999963 0.000000 -0.008559
vn 0.999993 -0.000000 0.003868
vn 0.000000 0.204814 0.978801
vn 0.000000 0.409627 0.912253
vn 0.000000 0.867604 0.497255
vn -0.418305 -0.811303 0.408422
vn -0.395186 -0.836414 0.379790
vn -1.000000 0.000000 0.000000
vn 0.000000 -0.204814 0.978801
vn 0.000000 -0.741022 0.671480
vn 0.000000 -0.867604 0.497255
vn 0.000000 -0.409627 0.912253
vn -1.000000 0.000000 0.000000
vn -1.000000 0.000000 0.000000
vn -1.000000 0.000000 0.000000
vn -1.000000 0.000000 0.000000
vn -1.000000 0.000000 0.000000
vn -1.000000 0.000000 0.000000
vn -1.000000 0.000000 0.000000
vn 0.000000 0.994186 0.107677
vn 0.000000 0.741022 0.671480
vn 0.000000 0.867604 0.497255
vn 0.000000 0.994186 -0.107677
vn 1.000000 0.000000 0.000000
vn 1.000000 0.000000 0.000000
vn 1.000000 0.000000 0.000000
vn 0.000000 -0.741022 0.671480
vn 0.000000 -0.994186 0.107677
vn 0.000000 -0.994186 -0.107677
vn 0.000000 -0.867604 0.497255
vn -1.000000 0.000000 0.000000
vn -1.000000 0.000000 0.000000
vn -1.000000 0.000000 0.000000
vn -1.000000 0.000000 0.000000
vn -1.000000 0.000000 0.000000
vn -1.000000 0.000000 0.000000
vn -1.000000 0.000000 0.000000
vn 0.000000 0.867604 -0.497255
vn 0.000000 0.994186 0.107677
vn 0.000000 0.994186 -0.107677
vn 0.000000 0.741022 -0.671480
vn 1.000000 0.000000 0.000000
vn -0.041110 -0.998338 -0.040389
vn -0.062593 -0.997849 -0.019459
vn 0.000000 -0.994186 0.107677
vn 0.000000 -0.867604 -0.497255
vn 0.000000 -0.741022 -0.671480
vn 0.000000 -0.994186 -0.107677
vn -1.000000 0.000000 0.000000
vn -1.000000 0.000000 0.000000
vn -1.000000 0.000000 0.000000
vn -1.000000 0.000000 0.000000
vn -1.000000 0.000000 0.000000
vn -1.000000 0.000000 0.000000
vn -1.000000 0.000000 0.000000
vn 0.000000 0.409627 -0.912253
vn 0.000000 0.867604 -0.497255
vn 0.000000 0.741022 -0.671480
vn 0.000000 0.204814 -0.978801
vn -0.041110 -0.998338 -0.040389
vn -0.062593 -0.997849 -0.019459
vn 0.000000 -0.867604 -0.497255
vn 0.000000 0.741022 0.671480
vn 0.000000 -0.409627 -0.912253
vn 0.000000 -0.204814 -0.978801
vn 0.000000 -0.741022 -0.671480
vn -1.000000 0.000000 0.000000
vn -1.000000 0.000000 0.000000
vn -1.000000 0.000000 0.000000
vn -1.000000 0.000000 0.000000
vn -1.000000 0.000000 0.000000
vn -1.000000 0.000000 0.000000
vn -1.000000 0.000000 0.000000
vn 0.000000 -0.204814 -0.978801
vn 0.000000 0.409627 -0.912253
vn 0.000000 0.204814 -0.978801
vn 0.000000 -0.409627 -0.912253
vn -1.000000 0.000000 0.000000
vn 0.052252 0.997929 -0.037527
vn -0.062593 -0.997849 -0.019459
vn 0.000000 -0.409627 -0.912253
vn -0.000000 0.204814 -0.978801
vn -0.000000 0.409627 -0.912253
vn 0.000000 -0.204814 -0.978801
vn -1.000000 0.000000 0.000000
vn -1.000000 0.000000 0.000000
vn -1.000000 0.000000 0.000000
vn -1.000000 0.000000 0.000000
vn -1.000000 0.000000 0.000000
vn -1.000000 0.000000 0.000000
vn -1.000000 0.000000 0.000000
vn 0.000000 -0.741022 -0.671480
vn 0.000000 -0.204814 -0.978801
vn 0.000000 -0.409627 -0.912253
vn 0.000000 -0.867604 -0.497255
vn 1.000000 0.000000 0.000000
vn 0.029890 0.997338 0.066510
vn -1.000000 0.000000 0.000000
vn -0.000000 0.204814 -0.978801
vn -0.000000 0.741022 -0.671480
vn 0.000000 0.867604 -0.497255
vn -0.000000 0.409627 -0.912253
vn -1.000000 0.000000 0.000000
vn -1.000000 0.000000 0.000000
vn -1.000000 0.000000 0.000000
vn -1.000000 0.000000 0.000000
vn -1.000000 0.000000 0.000000
vn -1.000000 0.000000 0.000000
vn -1.000000 0.000000 0.000000
vn 0.000000 -0.994186 -0.107677
vn 0.000000 -0.741022 -0.671480
vn 0.000000 -0.867604 -0.497255
vn 0.000000 -0.994186 0.107677
vn -1.000000 0.000000 0.000000
vn -1.000000 0.000000 0.000000
vn 1.000000 0.000000 0.000000
vn -0.000000 0.741022 -0.671480
vn 0.000000 0.994186 -0.107677
vn 0.000000 0.994186 0.107677
vn 0.000000 0.867604 -0.497255
vn -1.000000 0.000000 0.000000
vn -1.000000 0.000000 0.000000
vn -1.000000 0.000000 0.000000
vn -1.000000 0.000000 0.000000
vn -1.000000 0.000000 0.000000
vn -1.000000 0.000000 0.000000
vn -1.000000 0.000000 0.000000
vn 0.000000 -0.867604 0.497255
vn 0.000000 -0.994186 -0.107677
vn 0.000000 -0.994186 0.107677
vn 0.000000 -0.741022 0.671480
vn -0.062593 -0.997849 -0.019459
vn -1.000000 -0.000000 0.000000
vn 0.626393 -0.384147 0.678280
vn 0.000000 0.994186 -0.107677
vn 0.000000 0.867604 0.497255
vn 0.000000 0.741022 0.671480
vn 0.000000 0.994186 0.107677
vn -1.000000 0.000000 0.000000
vn -1.000000 0.000000 0.000000
vn -1.000000 0.000000 0.000000
vn -1.000000 0.000000 0.000000
vn -1.000000 0.000000 0.000000
vn -1.000000 0.000000 0.000000
vn -1.000000 0.000000 0.000000
vn 0.000000 -0.409627 0.912253
vn 0.000000 -0.867604 0.497255
vn 0.000000 -0.741022 0.671480
vn 0.000000 -0.204814 0.978801
vn -0.118427 0.985031 -0.125258
vn 0.161682 -0.983091 0.085971
vn 0.029890 0.997338 0.066510
vn 0.000000 0.867604 0.497255
vn 0.000000 0.409627 0.912253
vn 0.000000 0.204814 0.978801
vn 0.000000 0.741022 0.671480
vn -1.000000 0.000000 0.000000
vn -1.000000 0.000000 0.000000
vn -1.000000 0.000000 0.000000
vn -1.000000 0.000000 0.000000
vn -1.000000 0.000000 0.000000
vn -1.000000 0.000000 0.000000
vn -1.000000 0.000000 0.000000
vn 0.000000 0.204814 0.978801
vn 0.000000 -0.409627 0.912253
vn 0.000000 -0.204814 0.978801
vn 0.000000 0.409627 0.912253
vn 0.029890 0.997338 0.066510
vn 0.035208 0.996474 0.076158
vn 0.029890 0.997338 0.066510
vn 0.000000 0.409627 0.912253
vn 0.000000 -0.204814 0.978801
vn 0.000000 -0.409627 0.912253
vn 0.000000 0.204814 0.978801
vn -1.000000 0.000000 0.000000
vn -1.000000 0.000000 0.000000
vn -1.000000 0.000000 0.000000
vn -1.000000 0.000000 0.000000
vn -1.000000 0.000000 0.000000
vn -1.000000 0.000000 0.000000
vn -1.000000 0.000000 0.000000
vn 0.000000 0.741022 0.671480
vn 0.000000 0.204814 0.978801
vn 0.000000 0.409627 0.912253
vn 0.000000 0.867604 0.497255
vn 0.035208 0.996474 0.076158
vn 0.254146 -0.944861 0.206511
vn 0.000000 0.000000 1.000000
vn 0.000000 -0.204814 0.978801
vn 0.000000 -0.741022 0.671480
vn 0.000000 -0.867604 0.497255
vn 0.000000 -0.409627 0.912253
vn -1.000000 0.000000 0.000000
vn -1.000000 0.000000 0.000000
vn -1.000000 0.000000 0.000000
vn -1.000000 0.000000 0.000000
vn -1.000000 0.000000 0.000000
vn -1.000000 0.000000 0.000000
vn -1.000000 0.000000 0.000000
vn 0.000000 0.994186 0.107677
vn 0.000000 0.741022 0.671480
vn 0.000000 0.867604 0.497255
vn 0.000000 0.994186 -0.107677
vn -0.000000 0.000000 1.000000
vn 0.000000 0.000000 1.000000
vn 0.000000 0.000000 1.000000
vn 0.000000 -0.741022 0.671480
vn 0.000000 -0.994186 0.107677
vn 0.000000 -0.994186 -0.107677
vn 0.000000 -0.867604 0.497255
vn 1.000000 0.000000 0.000000
vn 1.000000 0.000000 0.000000
vn 1.000000 0.000000 0.000000
vn 1.000000 0.000000 0.000000
vn 1.000000 0.000000 0.000000
vn 1.000000 0.000000 0.000000
vn 1.000000 0.000000 0.000000
vn 0.000000 0.741022 -0.671480
vn 0.000000 0.994186 -0.107677
vn 0.000000 0.994186 0.107677
vn 0.000000 0.867604 -0.497255
vn -0.000000 0.000000 1.000000
vn 0.000000 0.000000 1.000000
vn 1.000000 0.000000 0.000000
vn 0.000000 -0.994186 -0.107677
vn 0.000000 -0.741022 -0.671480
vn 0.000000 -0.867604 -0.497255
vn 0.000000 -0.994186 0.107677
vn 1.000000 0.000000 0.000000
vn 1.000000 0.000000 0.000000
vn 1.000000 0.000000 0.000000
vn 1.000000 0.000000 0.000000
vn 1.000000 0.000000 0.000000
vn 1.000000 0.000000 0.000000
vn 1.000000 0.000000 0.000000
vn 0.000000 0.204814 -0.978801
vn 0.000000 0.741022 -0.671480
vn 0.000000 0.867604 -0.497255
vn 0.000000 0.409627 -0.912253
vn 1.000000 0.000000 0.000000
vn 1.000000 0.000000 0.000000
vn 0.000000 -0.741022 -0.671480
vn 1.000000 0.000000 0.000000
vn 0.000000 -0.204814 -0.978801
vn 0.000000 -0.409627 -0.912253
vn 0.000000 -0.867604 -0.497255
vn 1.000000 0.000000 0.000000
vn 1.000000 0.000000 0.000000
vn 1.000000 0.000000 0.000000
vn 1.000000 0.000000 0.000000
vn 1.000000 0.000000 0.000000
vn 1.000000 0.000000 0.000000
vn 1.000000 0.000000 0.000000
vn 0.000000 -0.409627 -0.912253
vn 0.000000 0.204814 -0.978801
vn 0.000000 0.409627 -0.912253
vn 0.000000 -0.204814 -0.978801
vn -0.133970 -0.989148 0.060319
vn -1.000000 -0.000000 0.000000
vn -1.000000 0.000000 0.000000
vn 0.000000 -0.204814 -0.978801
vn 0.000000 0.409627 -0.912253
vn 0.000000 0.204814 -0.978801
vn 0.000000 -0.409627 -0.912253
vn 1.000000 0.000000 0.000000
vn 1.000000 0.000000 0.000000
vn 1.000000 0.000000 0.000000
vn 1.000000 0.000000 0.000000
vn 1.000000 0.000000 0.000000
vn 1.000000 0.000000 0.000000
vn 1.000000 0.000000 0.000000
vn 0.000000 -0.867604 -0.497255
vn 0.000000 -0.409627 -0.912253
vn 0.000000 -0.204814 -0.978801
vn 0.000000 -0.741022 -0.671480
vn -1.000000 0.000000 0.000000
vn 0.061955 -0.997953 -0.015859
vn 0.626393 -0.384147 0.678280
vn 0.000000 0.409627 -0.912253
vn 0.000000 0.867604 -0.497255
vn 0.000000 0.741022 -0.671480
vn 0.000000 0.204814 -0.978801
vn 1.000000 0.000000 0.000000
vn 1.000000 0.000000 0.000000
vn 1.000000 0.000000 0.000000
vn 1.000000 0.000000 0.000000
vn 1.000000 0.000000 0.000000
vn 1.000000 0.000000 0.000000
vn 1.000000 0.000000 0.000000
vn 0.000000 -0.994186 0.107677
vn 0.000000 -0.867604 -0.497255
vn 0.000000 -0.741022 -0.671480
vn 0.000000 -0.994186 -0.107677
vn -0.083592 0.994069 -0.069562
vn 0.622185 0.292925 0.726003
vn 1.000000 0.000000 0.000000
vn 0.000000 0.867604 -0.497255
vn 0.000000 0.994186 0.107677
vn 0.000000 0.994186 -0.107677
vn 0.000000 0.741022 -0.671480
vn 1.000000 0.000000 0.000000
vn 1.000000 0.000000 0.000000
vn 1.000000 0.000000 0.000000
vn 1.000000 0.000000 0.000000
vn 1.000000 0.000000 0.000000
vn 1.000000 0.000000 0.000000
vn 1.000000 0.000000 0.000000
vn 0.000000 -0.741022 0.671480
vn 0.000000 -0.994186 0.107677
vn 0.000000 -0.994186 -0.107677
vn 0.000000 -0.867604 0.497255
vn -1.000000 -0.000000 0.000000
vn -1.000000 0.000000 0.000000
vn -1.000000 0.000000 0.000000
vn 0.000000 0.994186 0.107677
vn 0.000000 0.741022 0.671480
vn 0.000000 0.867604 0.497255
vn 0.000000 0.994186 -0.107677
vn 1.000000 0.000000 0.000000
vn 1.000000 0.000000 0.000000
vn 1.000000 0.000000 0.000000
vn 1.000000 0.000000 0.000000
vn 1.000000 0.000000 0.000000
vn 1.000000 0.000000 0.000000
vn 1.000000 0.000000 0.000000
vn 0.000000 -0.204814 0.978801
vn 0.000000 -0.741022 0.671480
vn 0.000000 -0.867604 0.497255
vn 0.000000 -0.409627 0.912253
vn -1.000000 0.000000 0.000000
vn 0.000000 0.000000 -1.000000
vn 0.000000 0.000000 -1.000000
vn 0.000000 0.741022 0.671480
vn 0.000000 0.204814 0.978801
vn 0.000000 0.409627 0.912253
vn 0.000000 0.867604 0.497255
vn 1.000000 0.000000 0.000000
vn 1.000000 0.000000 0.000000
vn 1.000000 0.000000 0.000000
vn 1.000000 0.000000 0.000000
vn 1.000000 0.000000 0.000000
vn 1.000000 0.000000 0.000000
vn 1.000000 0.000000 0.000000
vn 0.000000 0.409627 0.912253
vn 0.000000 -0.204814 0.978801
vn 0.000000 -0.409627 0.912253
vn 0.000000 0.204814 0.978801
vn 0.043720 -0.998362 -0.036911
vn 0.049673 -0.998184 -0.034079
vn 0.043720 -0.998362 -0.036911
vn 0.000000 0.204814 0.978801
vn 0.000000 -0.409627 0.912253
vn 0.000000 -0.204814 0.978801
vn 0.000000 0.409627 0.912253
vn 1.000000 0.000000 0.000000
vn 1.000000 0.000000 0.000000
vn 1.000000 0.000000 0.000000
vn 1.000000 0.000000 0.000000
vn 1.000000 0.000000 0.000000
vn 1.000000 0.000000 0.000000
vn 1.000000 0.000000 0.000000
vn 0.000000 0.867604 0.497255
vn 0.000000 0.409627 0.912253
vn 0.000000 0.204814 0.978801
vn 0.000000 0.741022 0.671480
vn -0.990602 0.000000 -0.136774
vn -0.603748 0.000000 -0.797175
vn -0.797175 0.000000 -0.603748
vn 0.000000 -0.409627 0.912253
vn 0.000000 -0.867604 0.497255
vn 0.000000 -0.741022 0.671480
vn 0.000000 -0.204814 0.978801
vn 1.000000 0.000000 0.000000
vn 1.000000 0.000000 0.000000
vn 1.000000 0.000000 0.000000
vn 1.000000 0.000000 0.000000
vn 1.000000 0.000000 0.000000
vn 1.000000 0.000000 0.000000
vn 1.000000 0.000000 0.000000
vn 0.000000 0.994186 -0.107677
vn 0.000000 0.867604 0.497255
vn 0.000000 0.741022 0.671480
vn 0.000000 0.994186 0.107677
vn -0.990602 0.000000 0.136774
vn 0.000000 -1.000000 0.000000
vn 0.000000 -1.000000 0.000000
vn 0.000000 -0.867604 0.497255
vn 0.000000 -0.994186 -0.107677
vn 0.000000 -0.994186 0.107677
vn 0.000000 -0.741022 0.671480
vn 1.000000 0.000000 0.000000
vn 1.000000 0.000000 0.000000
vn 1.000000 0.000000 0.000000
vn 1.000000 0.000000 0.000000
vn 1.000000 0.000000 0.000000
vn 1.000000 0.000000 0.000000
vn 1.000000 0.000000 0.000000
vn 0.000000 0.741022 -0.671480
vn 0.000000 0.994186 -0.107677
vn 0.000000 0.994186 0.107677
vn 0.000000 0.867604 -0.497255
vn 0.000000 -1.000000 0.000000
vn -0.603748 0.000000 -0.797175
vn 0.136774 0.000000 -0.990602
vn 0.000000 -0.994186 -0.107677
vn 0.000000 -0.741022 -0.671480
vn 0.000000 -0.867604 -0.497255
vn 0.000000 -0.994186 0.107677
vn 1.000000 0.000000 0.000000
vn 1.000000 0.000000 0.000000
vn 1.000000 0.000000 0.000000
vn 1.000000 0.000000 0.000000
vn 1.000000 0.000000 0.000000
vn 1.000000 0.000000 0.000000
vn 1.000000 0.000000 0.000000
vn 0.000000 0.204814 -0.978801
vn 0.000000 0.741022 -0.671480
vn 0.000000 0.867604 -0.497255
vn 0.000000 0.409627 -0.912253
vn -0.136774 0.000000 -0.990602
vn -0.797175 0.000000 -0.603748
vn 0.000000 -0.741022 -0.671480
vn -0.797175 0.000000 0.603748
vn 0.000000 -0.204814 -0.978801
vn 0.000000 -0.409627 -0.912253
vn 0.000000 -0.867604 -0.497255
vn 1.000000 0.000000 0.000000
vn 1.000000 0.000000 0.000000
vn 1.000000 0.000000 0.000000
vn 1.000000 0.000000 0.000000
vn 1.000000 0.000000 0.000000
vn 1.000000 0.000000 0.000000
vn 1.000000 0.000000 0.000000
vn 0.000000 -0.409627 -0.912253
vn 0.000000 0.204814 -0.978801
vn 0.000000 0.409627 -0.912253
vn 0.000000 -0.204814 -0.978801
vn -0.990602 0.000000 -0.136774
vn -0.990602 0.000000 0.136774
vn -0.603748 0.000000 0.797175
vn 0.000000 -0.204814 -0.978801
vn 0.000000 0.409627 -0.912253
vn 0.000000 0.204814 -0.978801
vn 0.000000 -0.409627 -0.912253
vn 1.000000 0.000000 0.000000
vn 1.000000 0.000000 0.000000
vn 1.000000 0.000000 0.000000
vn 1.000000 0.000000 0.000000
vn 1.000000 0.000000 0.000000
vn 1.000000 0.000000 0.000000
vn 1.000000 0.000000 0.000000
vn 0.000000 -0.867604 -0.497255
vn 0.000000 -0.409627 -0.912253
vn 0.000000 -0.204814 -0.978801
vn 0.000000 -0.741022 -0.671480
vn 0.000000 -1.000000 0.000000
vn 0.000000 -1.000000 0.000000
vn 0.000000 -1.000000 0.000000
vn 0.000000 0.409627 -0.912253
vn 0.000000 0.867604 -0.497255
vn 0.000000 0.741022 -0.671480
vn 0.000000 0.204814 -0.978801
vn 1.000000 0.000000 0.000000
vn 1.000000 0.000000 0.000000
vn 1.000000 0.000000 0.000000
vn 1.000000 0.000000 0.000000
vn 1.000000 0.000000 0.000000
vn 1.000000 0.000000 0.000000
vn 1.000000 0.000000 0.000000
vn 0.000000 -0.994186 0.107677
vn 0.000000 -0.867604 -0.497255
vn 0.000000 -0.741022 -0.671480
vn 0.000000 -0.994186 -0.107677
vn 0.000000 -1.000000 0.000000
vn 0.000000 -1.000000 0.000000
vn 0.000000 -1.000000 0.000000
vn 0.000000 0.867604 -0.497255
vn 0.000000 0.994186 0.107677
vn 0.000000 0.994186 -0.107677
vn 0.000000 0.741022 -0.671480
vn 1.000000 0.000000 0.000000
vn 1.000000 0.000000 0.000000
vn 1.000000 0.000000 0.000000
vn 1.000000 0.000000 0.000000
vn 1.000000 0.000000 0.000000
vn 1.000000 0.000000 0.000000
vn 1.000000 0.000000 0.000000
vn 0.000000 -0.741022 0.671480
vn 0.000000 -0.994186 0.107677
vn 0.000000 -0.994186 -0.107677
vn 0.000000 -0.867604 0.497255
vn 0.136774 0.000000 -0.990602
vn 0.797175 0.000000 -0.603748
vn 0.603748 0.000000 -0.797175
vn 0.000000 0.994186 0.107677
vn 0.000000 0.741022 0.671480
vn 0.000000 0.867604 0.497255
vn 0.000000 0.994186 -0.107677
vn 1.000000 0.000000 0.000000
vn 1.000000 0.000000 0.000000
vn 1.000000 0.000000 0.000000
vn 1.000000 0.000000 0.000000
vn 1.000000 0.000000 0.000000
vn 1.000000 0.000000 0.000000
vn 1.000000 0.000000 0.000000
vn 0.000000 -0.204814 0.978801
vn 0.000000 -0.741022 0.671480
vn 0.000000 -0.867604 0.497255
vn 0.000000 -0.409627 0.912253
vn -0.136774 0.000000 -0.990602
vn -0.136774 0.000000 0.990602
vn -0.797175 0.000000 0.603748
vn 0.000000 0.741022 0.671480
vn 0.000000 0.204814 0.978801
vn 0.000000 0.409627 0.912253
vn 0.000000 0.867604 0.497255
vn 1.000000 0.000000 0.000000
vn 1.000000 0.000000 0.000000
vn 1.000000 0.000000 0.000000
vn 1.000000 0.000000 0.000000
vn 1.000000 0.000000 0.000000
vn 1.000000 0.000000 0.000000
vn 1.000000 0.000000 0.000000
vn 0.000000 0.409627 0.912253
vn 0.000000 -0.204814 0.978801
vn 0.000000 -0.409627 0.912253
vn 0.000000 0.204814 0.978801
vn -0.603748 0.000000 0.797175
vn 0.136774 0.000000 0.990602
vn 0.000000 -1.000000 0.000000
vn 0.000000 0.204814 0.978801
vn 0.000000 -0.409627 0.912253
vn 0.000000 -0.204814 0.978801
vn 0.000000 0.409627 0.912253
vn 1.000000 0.000000 0.000000
vn 1.000000 0.000000 0.000000
vn 1.000000 0.000000 0.000000
vn 1.000000 0.000000 0.000000
vn 1.000000 0.000000 0.000000
vn 1.000000 0.000000 0.000000
vn 1.000000 0.000000 0.000000
vn 0.000000 0.867604 0.497255
vn 0.000000 0.409627 0.912253
vn 0.000000 0.204814 0.978801
vn 0.000000 0.741022 0.671480
vn 0.000000 -1.000000 0.000000
vn 0.000000 -1.000000 0.000000
vn 0.000000 -1.000000 0.000000
vn 0.000000 -0.409627 0.912253
vn 0.000000 -0.867604 0.497255
vn 0.000000 -0.741022 0.671480
vn 0.000000 -0.204814 0.978801
vn 1.000000 0.000000 0.000000
vn 1.000000 0.000000 0.000000
vn 1.000000 0.000000 0.000000
vn 1.000000 0.000000 0.000000
vn 1.000000 0.000000 0.000000
vn 1.000000 0.000000 0.000000
vn 1.000000 0.000000 0.000000
vn 0.000000 0.994186 -0.107677
vn 0.000000 0.867604 0.497255
vn 0.000000 0.741022 0.671480
vn 0.000000 0.994186 0.107677
vn 0.000000 -1.000000 0.000000
vn 0.000000 -1.000000 0.000000
vn 0.797175 0.000000 -0.603748
vn 0.000000 -0.867604 0.497255
vn 0.000000 -0.994186 -0.107677
vn 0.000000 -0.994186 0.107677
vn 0.000000 -0.741022 0.671480
vn 0.797175 0.000000 -0.603748
vn 0.990602 0.000000 0.136774
vn 0.990602 0.000000 -0.136774
vn 0.603748 0.000000 -0.797175
vn 0.000000 -1.000000 0.000000
vn 0.000000 -1.000000 0.000000
vn 0.000000 -1.000000 0.000000
vn 0.136774 0.000000 -0.990602
vn 0.797175 0.000000 -0.603748
vn 0.603748 0.000000 -0.797175
vn -0.136774 0.000000 -0.990602
vn 0.000000 -1.000000 0.000000
vn 0.000000 -1.000000 0.000000
vn 0.000000 -1.000000 0.000000
vn -0.603748 0.000000 -0.797175
vn 0.136774 0.000000 -0.990602
vn -0.136774 0.000000 -0.990602
vn -0.797175 0.000000 -0.603748
vn 0.000000 -1.000000 0.000000
vn 0.000000 -1.000000 0.000000
vn 0.000000 -1.000000 0.000000
vn -0.990602 0.000000 -0.136774
vn -0.603748 0.000000 -0.797175
vn -0.797175 0.000000 -0.603748
vn -0.990602 0.000000 0.136774
vn 0.000000 -1.000000 0.000000
vn 0.000000 -1.000000 0.000000
vn 0.000000 -1.000000 0.000000
vn -0.797175 0.000000 0.603748
vn -0.990602 0.000000 -0.136774
vn -0.990602 0.000000 0.136774
vn -0.603748 0.000000 0.797175
vn 0.000000 -1.000000 0.000000
vn 0.000000 -1.000000 0.000000
vn 0.000000 -1.000000 0.000000
vn -0.136774 0.000000 0.990602
vn -0.797175 0.000000 0.603748
vn -0.603748 0.000000 0.797175
vn 0.136774 0.000000 0.990602
vn 0.000000 -1.000000 0.000000
vn 0.000000 -1.000000 0.000000
vn 0.000000 -1.000000 0.000000
vn 0.603748 0.000000 0.797175
vn -0.136774 0.000000 0.990602
vn 0.136774 0.000000 0.990602
vn 0.797175 0.000000 0.603748
vn 0.000000 -1.000000 0.000000
vn 0.000000 -1.000000 0.000000
vn 0.000000 -1.000000 0.000000
vn 0.990602 0.000000 0.136774
vn 0.603748 0.000000 0.797175
vn 0.797175 0.000000 0.603748
vn 0.990602 0.000000 -0.136774
vn 0.000000 -1.000000 0.000000
vn 0.000000 -1.000000 0.000000
vn 0.000000 -1.000000 0.000000
vn 1.000000 0.000000 0.000000
vn 1.000000 0.000000 0.000000
vn 1.000000 0.000000 0.000000
vn 1.000000 0.000000 0.000000
vn 1.000000 0.000000 0.000000
vn 1.000000 0.000000 0.000000
vn 1.000000 0.000000 0.000000
vn 0.000000 0.741022 -0.671480
vn 0.000000 0.994186 -0.107677
vn 0.000000 0.994186 0.107677
vn 0.000000 0.867604 -0.497255
vn 0.000000 -0.994186 -0.107677
vn -1.000000 0.000000 0.000000
vn -1.000000 0.000000 0.000000
vn 0.000000 -0.994186 -0.107677
vn 0.000000 -0.741022 -0.671480
vn 0.000000 -0.867604 -0.497255
vn 0.000000 -0.994186 0.107677
vn 1.000000 0.000000 0.000000
vn 1.000000 0.000000 0.000000
vn 1.000000 0.000000 0.000000
vn 1.000000 0.000000 0.000000
vn 1.000000 0.000000 0.000000
vn 1.000000 0.000000 0.000000
vn 1.000000 0.000000 0.000000
vn 0.000000 0.204814 -0.978801
vn 0.000000 0.741022 -0.671480
vn 0.000000 0.867604 -0.497255
vn 0.000000 0.409627 -0.912253
vn -1.000000 0.000000 0.000000
vn -1.000000 0.000000 0.000000
vn 0.000000 -0.741022 -0.671480
vn -1.000000 0.000000 0.000000
vn 0.000000 -0.204814 -0.978801
vn 0.000000 -0.409627 -0.912253
vn 0.000000 -0.867604 -0.497255
vn 1.000000 0.000000 0.000000
vn 1.000000 0.000000 0.000000
vn 1.000000 0.000000 0.000000
vn 1.000000 0.000000 0.000000
vn 1.000000 0.000000 0.000000
vn 1.000000 0.000000 0.000000
vn 1.000000 0.000000 0.000000
vn 0.000000 -0.409627 -0.912253
vn 0.000000 0.204814 -0.978801
vn 0.000000 0.409627 -0.912253
vn 0.000000 -0.204814 -0.978801
vn -1.000000 0.000000 0.000000
vn -1.000000 0.000000 0.000000
vn -0.000000 0.409627 -0.912253
vn 0.000000 -0.204814 -0.978801
vn 0.000000 0.409627 -0.912253
vn 0.000000 0.204814 -0.978801
vn 0.000000 -0.409627 -0.912253
vn 1.000000 0.000000 0.000000
vn 1.000000 0.000000 0.000000
vn 1.000000 0.000000 0.000000
vn 1.000000 0.000000 0.000000
vn 1.000000 0.000000 0.000000
vn 1.000000 0.000000 0.000000
vn 1.000000 0.000000 0.000000
vn 0.000000 -0.867604 -0.497255
vn 0.000000 -0.409627 -0.912253
vn 0.000000 -0.204814 -0.978801
vn 0.000000 -0.741022 -0.671480
vn 0.000000 0.867604 -0.497255
vn -0.000000 0.741022 -0.671480
vn -0.000000 0.204814 -0.978801
vn 0.000000 0.409627 -0.912253
vn 0.000000 0.867604 -0.497255
vn 0.000000 0.741022 -0.671480
vn 0.000000 0.204814 -0.978801
vn 1.000000 0.000000 0.000000
vn 1.000000 0.000000 0.000000
vn 1.000000 0.000000 0.000000
vn 1.000000 0.000000 0.000000
vn 1.000000 0.000000 0.000000
vn 1.000000 0.000000 0.000000
vn 1.000000 0.000000 0.000000
vn 0.000000 -0.994186 0.107677
vn 0.000000 -0.867604 -0.497255
vn 0.000000 -0.741022 -0.671480
vn 0.000000 -0.994186 -0.107677
vn 0.254146 -0.944861 0.206511
vn -0.098798 0.989216 -0.108122
vn -0.098798 0.989216 -0.108122
vn 0.000000 0.867604 -0.497255
vn 0.000000 0.994186 0.107677
vn 0.000000 0.994186 -0.107677
vn 0.000000 0.741022 -0.671480
vn 1.000000 0.000000 0.000000
vn 1.000000 0.000000 0.000000
vn 1.000000 0.000000 0.000000
vn 1.000000 0.000000 0.000000
vn 1.000000 0.000000 0.000000
vn 1.000000 0.000000 0.000000
vn 1.000000 0.000000 0.000000
vn 0.000000 -0.741022 0.671480
vn 0.000000 -0.994186 0.107677
vn 0.000000 -0.994186 -0.107677
vn 0.000000 -0.867604 0.497255
vn 0.000000 -0.867604 -0.497255
vn 0.000000 -0.409627 -0.912253
vn 0.000000 -0.204814 -0.978801
vn 0.000000 0.994186 0.107677
vn 0.000000 0.741022 0.671480
vn 0.000000 0.867604 0.497255
vn 0.000000 0.994186 -0.107677
vn 1.000000 0.000000 0.000000
vn 1.000000 0.000000 0.000000
vn 1.000000 0.000000 0.000000
vn 1.000000 0.000000 0.000000
vn 1.000000 0.000000 0.000000
vn 1.000000 0.000000 0.000000
vn 1.000000 0.000000 0.000000
vn 0.000000 -0.204814 0.978801
vn 0.000000 -0.741022 0.671480
vn 0.000000 -0.867604 0.497255
vn 0.000000 -0.409627 0.912253
vn 0.000000 -0.741022 -0.671480
vn -1.000000 0.000000 0.000000
vn -1.000000 0.000000 0.000000
vn 0.000000 0.741022 0.671480
vn 0.000000 0.204814 0.978801
vn 0.000000 0.409627 0.912253
vn 0.000000 0.867604 0.497255
vn 1.000000 0.000000 0.000000
vn 1.000000 0.000000 0.000000
vn 1.000000 0.000000 0.000000
vn 1.000000 0.000000 0.000000
vn 1.000000 0.000000 0.000000
vn 1.000000 0.000000 0.000000
vn 1.000000 0.000000 0.000000
vn 0.000000 0.409627 0.912253
vn 0.000000 -0.204814 0.978801
vn 0.000000 -0.409627 0.912253
vn 0.000000 0.204814 0.978801
vn -1.000000 0.000000 0.000000
vn -1.000000 0.000000 0.000000
vn -1.000000 0.000000 0.000000
vn 0.000000 0.204814 0.978801
vn 0.000000 -0.409627 0.912253
vn 0.000000 -0.204814 0.978801
vn 0.000000 0.409627 0.912253
vn 1.000000 0.000000 0.000000
vn 1.000000 0.000000 0.000000
vn 1.000000 0.000000 0.000000
vn 1.000000 0.000000 0.000000
vn 1.000000 0.000000 0.000000
vn 1.000000 0.000000 0.000000
vn 1.000000 0.000000 0.000000
vn 0.000000 0.867604 0.497255
vn 0.000000 0.409627 0.912253
vn 0.000000 0.204814 0.978801
vn 0.000000 0.741022 0.671480
vn -1.000000 0.000000 0.000000
vn -1.000000 0.000000 0.000000
vn 0.000000 -0.204814 -0.978801
vn 0.000000 -0.409627 0.912253
vn 0.000000 -0.867604 0.497255
vn 0.000000 -0.741022 0.671480
vn 0.000000 -0.204814 0.978801
vn 1.000000 0.000000 0.000000
vn 1.000000 0.000000 0.000000
vn 1.000000 0.000000 0.000000
vn 1.000000 0.000000 0.000000
vn 1.000000 0.000000 0.000000
vn 1.000000 0.000000 0.000000
vn 1.000000 0.000000 0.000000
vn 0.000000 0.994186 -0.107677
vn 0.000000 0.867604 0.497255
vn 0.000000 0.741022 0.671480
vn 0.000000 0.994186 0.107677
vn -0.000000 0.409627 -0.912253
vn -0.000000 0.204814 -0.978801
vn 0.000000 -0.409627 -0.912253
vn 0.000000 -0.867604 0.497255
vn 0.000000 -0.994186 -0.107677
vn 0.000000 -0.994186 0.107677
vn 0.000000 -0.741022 0.671480
vn 1.000000 0.000000 0.000000
vn 1.000000 0.000000 0.000000
vn 1.000000 0.000000 0.000000
vn 1.000000 0.000000 0.000000
vn 1.000000 0.000000 0.000000
vn 1.000000 0.000000 0.000000
vn 1.000000 0.000000 0.000000
vn 0.000000 0.741022 -0.671480
vn 0.000000 0.994186 -0.107677
vn 0.000000 0.994186 0.107677
vn 0.000000 0.867604 -0.497255
vn -0.090660 0.992060 -0.087164
vn -0.090660 0.992060 -0.087164
vn 0.093296 -0.995075 0.033484
vn 0.000000 -0.994186 -0.107677
vn 0.000000 -0.741022 -0.671480
vn 0.000000 -0.867604 -0.497255
vn 0.000000 -0.994186 0.107677
vn 1.000000 0.000000 0.000000
vn 1.000000 0.000000 0.000000
vn 1.000000 0.000000 0.000000
vn 1.000000 0.000000 0.000000
vn 1.000000 0.000000 0.000000
vn 1.000000 0.000000 0.000000
vn 1.000000 0.000000 0.000000
vn 0.000000 0.204814 -0.978801
vn 0.000000 0.741022 -0.671480
vn 0.000000 0.867604 -0.497255
vn 0.000000 0.409627 -0.912253
vn 0.000000 -0.409627 -0.912253
vn 0.000000 0.204814 -0.978801
vn 0.000000 -0.741022 -0.671480
vn 0.000000 0.409627 -0.912253
vn 0.000000 -0.204814 -0.978801
vn 0.000000 -0.409627 -0.912253
vn 0.000000 -0.867604 -0.497255
vn 1.000000 0.000000 0.000000
vn 1.000000 0.000000 0.000000
vn 1.000000 0.000000 0.000000
vn 1.000000 0.000000 0.000000
vn 1.000000 0.000000 0.000000
vn 1.000000 0.000000 0.000000
vn 1.000000 0.000000 0.000000
vn 0.000000 -0.409627 -0.912253
vn 0.000000 0.204814 -0.978801
vn 0.000000 0.409627 -0.912253
vn 0.000000 -0.204814 -0.978801
vn 0.000000 -0.204814 -0.978801
vn -1.000000 0.000000 0.000000
vn -1.000000 0.000000 0.000000
vn 0.000000 -0.204814 -0.978801
vn 0.000000 0.409627 -0.912253
vn 0.000000 0.204814 -0.978801
vn 0.000000 -0.409627 -0.912253
vn 1.000000 0.000000 0.000000
vn 1.000000 0.000000 0.000000
vn 1.000000 0.000000 0.000000
vn 1.000000 0.000000 0.000000
vn 1.000000 0.000000 0.000000
vn 1.000000 0.000000 0.000000
vn 1.000000 0.000000 0.000000
vn 0.000000 -0.867604 -0.497255
vn 0.000000 -0.409627 -0.912253
vn 0.000000 -0.204814 -0.978801
vn 0.000000 -0.741022 -0.671480
vn -1.000000 0.000000 0.000000
vn -1.000000 0.000000 0.000000
vn -1.000000 0.000000 0.000000
vn 0.000000 0.409627 -0.912253
vn 0.000000 0.867604 -0.497255
vn 0.000000 0.741022 -0.671480
vn 0.000000 0.204814 -0.978801
vn 1.000000 0.000000 0.000000
vn 1.000000 0.000000 0.000000
vn 1.000000 0.000000 0.000000
vn 1.000000 0.000000 0.000000
vn 1.000000 0.000000 0.000000
vn 1.000000 0.000000 0.000000
vn 1.000000 0.000000 0.000000
vn 0.000000 -0.994186 0.107677
vn 0.000000 -0.867604 -0.497255
vn 0.000000 -0.741022 -0.671480
vn 0.000000 -0.994186 -0.107677
vn -1.000000 0.000000 0.000000
vn -1.000000 0.000000 0.000000
vn 0.000000 -0.741022 -0.671480
vn 0.000000 0.867604 -0.497255
vn 0.000000 0.994186 0.107677
vn 0.000000 0.994186 -0.107677
vn 0.000000 0.741022 -0.671480
vn 1.000000 0.000000 0.000000
vn 1.000000 0.000000 0.000000
vn 1.000000 0.000000 0.000000
vn 1.000000 0.000000 0.000000
vn 1.000000 0.000000 0.000000
vn 1.000000 0.000000 0.000000
vn 1.000000 0.000000 0.000000
vn 0.000000 -0.741022 0.671480
vn 0.000000 -0.994186 0.107677
vn 0.000000 -0.994186 -0.107677
vn 0.000000 -0.867604 0.497255
vn 0.000000 -0.204814 -0.978801
vn 0.000000 -0.409627 -0.912253
vn -0.001869 0.999601 0.028169
vn 0.000000 0.994186 0.107677
vn 0.000000 0.741022 0.671480
vn 0.000000 0.867604 0.497255
vn 0.000000 0.994186 -0.107677
vn 1.000000 0.000000 0.000000
vn 1.000000 0.000000 0.000000
vn 1.000000 0.000000 0.000000
vn 1.000000 0.000000 0.000000
vn 1.000000 0.000000 0.000000
vn 1.000000 0.000000 0.000000
vn 1.000000 0.000000 0.000000
vn 0.000000 -0.204814 0.978801
vn 0.000000 -0.741022 0.671480
vn 0.000000 -0.867604 0.497255
vn 0.000000 -0.409627 0.912253
vn 0.000000 -0.867604 -0.497255
vn 0.315984 0.859288 0.402217
vn 0.315984 0.859288 0.402217
vn 0.000000 0.741022 0.671480
vn 0.000000 0.204814 0.978801
vn 0.000000 0.409627 0.912253
vn 0.000000 0.867604 0.497255
vn 1.000000 0.000000 0.000000
vn 1.000000 0.000000 0.000000
vn 1.000000 0.000000 0.000000
vn 1.000000 0.000000 0.000000
vn 1.000000 0.000000 0.000000
vn 1.000000 0.000000 0.000000
vn 1.000000 0.000000 0.000000
vn 0.000000 0.409627 0.912253
vn 0.000000 -0.204814 0.978801
vn 0.000000 -0.409627 0.912253
vn 0.000000 0.204814 0.978801
vn 0.000000 0.204814 -0.978801
vn 0.000000 0.741022 -0.671480
vn 0.000000 0.867604 -0.497255
vn 0.000000 0.204814 0.978801
vn 0.000000 -0.409627 0.912253
vn 0.000000 -0.204814 0.978801
vn 0.000000 0.409627 0.912253
vn 1.000000 0.000000 0.000000
vn 1.000000 0.000000 0.000000
vn 1.000000 0.000000 0.000000
vn 1.000000 0.000000 0.000000
vn 1.000000 0.000000 0.000000
vn 1.000000 0.000000 0.000000
vn 1.000000 0.000000 0.000000
vn 0.000000 0.867604 0.497255
vn 0.000000 0.409627 0.912253
vn 0.000000 0.204814 0.978801
vn 0.000000 0.741022 0.671480
vn 0.000000 0.409627 -0.912253
vn -1.000000 0.000000 0.000000
vn -1.000000 0.000000 0.000000
vn 0.000000 -0.409627 0.912253
vn 0.000000 -0.867604 0.497255
vn 0.000000 -0.741022 0.671480
vn 0.000000 -0.204814 0.978801
vn 1.000000 0.000000 0.000000
vn 1.000000 0.000000 0.000000
vn 1.000000 0.000000 0.000000
vn 1.000000 0.000000 0.000000
vn 1.000000 0.000000 0.000000
vn 1.000000 0.000000 0.000000
vn 1.000000 0.000000 0.000000
vn 0.000000 0.994186 -0.107677
vn 0.000000 0.867604 0.497255
vn 0.000000 0.741022 0.671480
vn 0.000000 0.994186 0.107677
vn -1.000000 0.000000 0.000000
vn -1.000000 0.000000 0.000000
vn -1.000000 0.000000 0.000000
vn 0.000000 -0.867604 0.497255
vn 0.000000 -0.994186 -0.107677
vn 0.000000 -0.994186 0.107677
vn 0.000000 -0.741022 0.671480
vn -1.000000 0.000000 0.000000
vn -1.000000 0.000000 0.000000
vn -1.000000 0.000000 0.000000
vn -1.000000 0.000000 0.000000
vn -1.000000 0.000000 0.000000
vn -1.000000 0.000000 0.000000
vn -1.000000 0.000000 0.000000
vn 0.000000 0.867604 -0.497255
vn 0.000000 0.994186 0.107677
vn 0.000000 0.994186 -0.107677
vn 0.000000 0.741022 -0.671480
vn -1.000000 0.000000 0.000000
vn -1.000000 0.000000 0.000000
vn 0.000000 -0.994186 -0.107677
vn 0.000000 -0.994186 0.107677
vn 0.000000 -0.867604 -0.497255
vn 0.000000 -0.741022 -0.671480
vn 0.000000 -0.994186 -0.107677
vn -1.000000 0.000000 0.000000
vn -1.000000 0.000000 0.000000
vn -1.000000 0.000000 0.000000
vn -1.000000 0.000000 0.000000
vn -1.000000 0.000000 0.000000
vn -1.000000 0.000000 0.000000
vn -1.000000 0.000000 0.000000
vn 0.000000 0.409627 -0.912253
vn 0.000000 0.867604 -0.497255
vn 0.000000 0.741022 -0.671480
vn 0.000000 0.204814 -0.978801
vn 0.000000 -0.741022 -0.671480
vn 0.000000 -0.867604 -0.497255
vn 0.000000 -0.867604 -0.497255
vn 0.000000 -0.994186 0.107677
vn 0.000000 -0.409627 -0.912253
vn 0.000000 -0.204814 -0.978801
vn 0.000000 -0.741022 -0.671480
vn -1.000000 0.000000 0.000000
vn -1.000000 0.000000 0.000000
vn -1.000000 0.000000 0.000000
vn -1.000000 0.000000 0.000000
vn -1.000000 0.000000 0.000000
vn -1.000000 0.000000 0.000000
vn -1.000000 0.000000 0.000000
vn 0.000000 -0.204814 -0.978801
vn 0.000000 0.409627 -0.912253
vn 0.000000 0.204814 -0.978801
vn 0.000000 -0.409627 -0.912253
vn 0.273317 0.892690 0.358332
vn 0.315984 0.859288 0.402217
vn 0.273317 0.892690 0.358332
vn 0.000000 -0.409627 -0.912253
vn -0.000000 0.204814 -0.978801
vn -0.000000 0.409627 -0.912253
vn 0.000000 -0.204814 -0.978801
vn -1.000000 0.000000 0.000000
vn -1.000000 0.000000 0.000000
vn -1.000000 0.000000 0.000000
vn -1.000000 0.000000 0.000000
vn -1.000000 0.000000 0.000000
vn -1.000000 0.000000 0.000000
vn -1.000000 0.000000 0.000000
vn 0.000000 -0.741022 -0.671480
vn 0.000000 -0.204814 -0.978801
vn 0.000000 -0.409627 -0.912253
vn 0.000000 -0.867604 -0.497255
vn 0.000000 0.741022 -0.671480
vn 0.000000 0.994186 -0.107677
vn 0.000000 0.994186 0.107677
vn -0.000000 0.204814 -0.978801
vn -0.000000 0.741022 -0.671480
vn 0.000000 0.867604 -0.497255
vn -0.000000 0.409627 -0.912253
vn -1.000000 0.000000 0.000000
vn -1.000000 0.000000 0.000000
vn -1.000000 0.000000 0.000000
vn -1.000000 0.000000 0.000000
vn -1.000000 0.000000 0.000000
vn -1.000000 0.000000 0.000000
vn -1.000000 0.000000 0.000000
vn 0.000000 -0.994186 -0.107677
vn 0.000000 -0.741022 -0.671480
vn 0.000000 -0.867604 -0.497255
vn 0.000000 -0.994186 0.107677
vn 0.000000 0.867604 -0.497255
vn -1.000000 0.000000 0.000000
vn -1.000000 0.000000 0.000000
vn -0.000000 0.741022 -0.671480
vn 0.000000 0.994186 -0.107677
vn 0.000000 0.994186 0.107677
vn 0.000000 0.867604 -0.497255
vn -1.000000 0.000000 0.000000
vn -1.000000 0.000000 0.000000
vn -1.000000 0.000000 0.000000
vn -1.000000 0.000000 0.000000
vn -1.000000 0.000000 0.000000
vn -1.000000 0.000000 0.000000
vn -1.000000 0.000000 0.000000
vn 0.000000 -0.867604 0.497255
vn 0.000000 -0.994186 -0.107677
vn 0.000000 -0.994186 0.107677
vn 0.000000 -0.741022 0.671480
vn -1.000000 0.000000 0.000000
vn -1.000000 0.000000 0.000000
vn -1.000000 0.000000 0.000000
vn 0.000000 0.994186 -0.107677
vn 0.000000 0.867604 0.497255
vn 0.000000 0.741022 0.671480
vn 0.000000 0.994186 0.107677
vn -1.000000 0.000000 0.000000
vn -1.000000 0.000000 0.000000
vn -1.000000 0.000000 0.000000
vn -1.000000 0.000000 0.000000
vn -1.000000 0.000000 0.000000
vn -1.000000 0.000000 0.000000
vn -1.000000 0.000000 0.000000
vn 0.000000 -0.409627 0.912253
vn 0.000000 -0.867604 0.497255
vn 0.000000 -0.741022 0.671480
vn 0.000000 -0.204814 0.978801
vn -1.000000 0.000000 0.000000
vn -1.000000 0.000000 0.000000
vn 1.000000 0.000000 0.000000
vn 0.000000 0.867604 0.497255
vn 0.000000 0.409627 0.912253
vn 0.000000 0.204814 0.978801
vn 0.000000 0.741022 0.671480
vn -1.000000 0.000000 0.000000
vn -1.000000 0.000000 0.000000
vn -1.000000 0.000000 0.000000
vn -1.000000 0.000000 0.000000
vn -1.000000 0.000000 0.000000
vn -1.000000 0.000000 0.000000
vn -1.000000 0.000000 0.000000
vn 0.000000 0.204814 0.978801
vn 0.000000 -0.409627 0.912253
vn 0.000000 -0.204814 0.978801
vn 0.000000 0.409627 0.912253
vn 1.000000 0.000000 0.000000
vn 1.000000 0.000000 0.000000
vn 1.000000 0.000000 0.000000
vn 0.000000 0.409627 0.912253
vn 0.000000 -0.204814 0.978801
vn 0.000000 -0.409627 0.912253
vn 0.000000 0.204814 0.978801
vn -1.000000 0.000000 0.000000
vn -1.000000 0.000000 0.000000
vn -1.000000 0.000000 0.000000
vn -1.000000 0.000000 0.000000
vn -1.000000 0.000000 0.000000
vn -1.000000 0.000000 0.000000
vn -1.000000 0.000000 0.000000
vn 0.000000 0.741022 0.671480
vn 0.000000 0.204814 0.978801
vn 0.000000 0.409627 0.912253
vn 0.000000 0.867604 0.497255
vn 1.000000 0.000000 0.000000
vn 1.000000 0.000000 0.000000
vn 1.000000 0.000000 0.000000
vn 0.000000 -0.204814 0.978801
vn 0.000000 -0.741022 0.671480
vn 0.000000 -0.867604 0.497255
vn 0.000000 -0.409627 0.912253
vn -1.000000 0.000000 0.000000
vn -1.000000 0.000000 0.000000
vn -1.000000 0.000000 0.000000
vn -1.000000 0.000000 0.000000
vn -1.000000 0.000000 0.000000
vn -1.000000 0.000000 0.000000
vn -1.000000 0.000000 0.000000
vn 0.000000 0.994186 0.107677
vn 0.000000 0.741022 0.671480
vn 0.000000 0.867604 0.497255
vn 0.000000 0.994186 -0.107677
vn 1.000000 0.000000 0.000000
vn 1.000000 0.000000 0.000000
vn 1.000000 0.000000 0.000000
vn 0.000000 -0.741022 0.671480
vn 0.000000 -0.994186 0.107677
vn 0.000000 -0.994186 -0.107677
vn 0.000000 -0.867604 0.497255
vn -1.000000 0.000000 0.000000
vn -1.000000 0.000000 0.000000
vn -1.000000 0.000000 0.000000
vn -1.000000 0.000000 0.000000
vn -1.000000 0.000000 0.000000
vn -1.000000 0.000000 0.000000
vn -1.000000 0.000000 0.000000
vn 0.000000 0.867604 -0.497255
vn 0.000000 0.994186 0.107677
vn 0.000000 0.994186 -0.107677
vn 0.000000 0.741022 -0.671480
vn 1.000000 0.000000 0.000000
vn 1.000000 0.000000 0.000000
vn 1.000000 0.000000 0.000000
vn 0.000000 -0.994186 0.107677
vn 0.000000 -0.867604 -0.497255
vn 0.000000 -0.741022 -0.671480
vn 0.000000 -0.994186 -0.107677
vn -1.000000 0.000000 0.000000
vn -1.000000 0.000000 0.000000
vn -1.000000 0.000000 0.000000
vn -1.000000 0.000000 0.000000
vn -1.000000 0.000000 0.000000
vn -1.000000 0.000000 0.000000
vn -1.000000 0.000000 0.000000
vn 0.000000 0.409627 -0.912253
vn 0.000000 0.867604 -0.497255
vn 0.000000 0.741022 -0.671480
vn 0.000000 0.204814 -0.978801
vn 1.000000 0.000000 0.000000
vn 1.000000 0.000000 0.000000
vn 0.000000 -0.867604 -0.497255
vn 1.000000 0.000000 0.000000
vn 0.000000 -0.409627 -0.912253
vn 0.000000 -0.204814 -0.978801
vn 0.000000 -0.741022 -0.671480
vn -1.000000 0.000000 0.000000
vn -1.000000 0.000000 0.000000
vn -1.000000 0.000000 0.000000
vn -1.000000 0.000000 0.000000
vn -1.000000 0.000000 0.000000
vn -1.000000 0.000000 0.000000
vn -1.000000 0.000000 0.000000
vn 0.000000 -0.204814 -0.978801
vn 0.000000 0.409627 -0.912253
vn 0.000000 0.204814 -0.978801
vn 0.000000 -0.409627 -0.912253
vn 1.000000 0.000000 0.000000
vn 1.000000 0.000000 0.000000
vn 1.000000 0.000000 0.000000
vn 0.000000 -0.409627 -0.912253
vn -0.000000 0.204814 -0.978801
vn -0.000000 0.409627 -0.912253
vn 0.000000 -0.204814 -0.978801
vn -1.000000 0.000000 0.000000
vn -1.000000 0.000000 0.000000
vn -1.000000 0.000000 0.000000
vn -1.000000 0.000000 0.000000
vn -1.000000 0.000000 0.000000
vn -1.000000 0.000000 0.000000
vn -1.000000 0.000000 0.000000
vn 0.000000 -0.741022 -0.671480
vn 0.000000 -0.204814 -0.978801
vn 0.000000 -0.409627 -0.912253
vn 0.000000 -0.867604 -0.497255
vn 1.000000 0.000000 0.000000
vn -1.000000 0.000000 -0.000000
vn -1.000000 0.000000 -0.000000
vn -0.000000 0.204814 -0.978801
vn -0.000000 0.741022 -0.671480
vn 0.000000 0.867604 -0.497255
vn -0.000000 0.409627 -0.912253
vn -1.000000 0.000000 0.000000
vn -1.000000 0.000000 0.000000
vn -1.000000 0.000000 0.000000
vn -1.000000 0.000000 0.000000
vn -1.000000 0.000000 0.000000
vn -1.000000 0.000000 0.000000
vn -1.000000 0.000000 0.000000
vn 0.000000 -0.994186 -0.107677
vn 0.000000 -0.741022 -0.671480
vn 0.000000 -0.867604 -0.497255
vn 0.000000 -0.994186 0.107677
vn -1.000000 0.000000 0.000000
vn -1.000000 0.000000 0.000000
vn -1.000000 0.000000 0.000000
vn -0.000000 0.741022 -0.671480
vn 0.000000 0.994186 -0.107677
vn 0.000000 0.994186 0.107677
vn 0.000000 0.867604 -0.497255
vn -1.000000 0.000000 0.000000
vn -1.000000 0.000000 0.000000
vn -1.000000 0.000000 0.000000
vn -1.000000 0.000000 0.000000
vn -1.000000 0.000000 0.000000
vn -1.000000 0.000000 0.000000
vn -1.000000 0.000000 0.000000
vn 0.000000 -0.867604 0.497255
vn 0.000000 -0.994186 -0.107677
vn 0.000000 -0.994186 0.107677
vn 0.000000 -0.741022 0.671480
vn -1.000000 0.000000 0.000000
vn -1.000000 0.000000 -0.000000
vn -1.000000 0.000000 -0.000000
vn 0.000000 0.994186 -0.107677
vn 0.000000 0.867604 0.497255
vn 0.000000 0.741022 0.671480
vn 0.000000 0.994186 0.107677
vn -1.000000 0.000000 0.000000
vn -1.000000 0.000000 0.000000
vn -1.000000 0.000000 0.000000
vn -1.000000 0.000000 0.000000
vn -1.000000 0.000000 0.000000
vn -1.000000 0.000000 0.000000
vn -1.000000 0.000000 0.000000
vn 0.000000 -0.409627 0.912253
vn 0.000000 -0.867604 0.497255
vn 0.000000 -0.741022 0.671480
vn 0.000000 -0.204814 0.978801
vn -1.000000 0.000000 -0.000000
vn -1.000000 0.000000 0.000000
vn -1.000000 0.000000 -0.000000
vn 0.000000 0.867604 0.497255
vn 0.000000 0.409627 0.912253
vn 0.000000 0.204814 0.978801
vn 0.000000 0.741022 0.671480
vn -1.000000 0.000000 0.000000
vn -1.000000 0.000000 0.000000
vn -1.000000 0.000000 0.000000
vn -1.000000 0.000000 0.000000
vn -1.000000 0.000000 0.000000
vn -1.000000 0.000000 0.000000
vn -1.000000 0.000000 0.000000
vn 0.000000 0.204814 0.978801
vn 0.000000 -0.409627 0.912253
vn 0.000000 -0.204814 0.978801
vn 0.000000 0.409627 0.912253
vn -1.000000 0.000000 -0.000000
vn -1.000000 0.000000 0.000000
vn -1.000000 0.000000 0.000000
vn 0.000000 0.409627 0.912253
vn 0.000000 -0.204814 0.978801
vn 0.000000 -0.409627 0.912253
vn 0.000000 0.204814 0.978801
vn -1.000000 0.000000 0.000000
vn -1.000000 0.000000 0.000000
vn -1.000000 0.000000 0.000000
vn -1.000000 0.000000 0.000000
vn -1.000000 0.000000 0.000000
vn -1.000000 0.000000 0.000000
vn -1.000000 0.000000 0.000000
vn 0.000000 0.741022 0.671480
vn 0.000000 0.204814 0.978801
vn 0.000000 0.409627 0.912253
vn 0.000000 0.867604 0.497255
vn -1.000000 0.000000 0.000000
vn -1.000000 0.000000 0.000000
vn -1.000000 0.000000 -0.000000
vn 0.000000 -0.204814 0.978801
vn 0.000000 -0.741022 0.671480
vn 0.000000 -0.867604 0.497255
vn 0.000000 -0.409627 0.912253
vn -1.000000 0.000000 0.000000
vn -1.000000 0.000000 0.000000
vn -1.000000 0.000000 0.000000
vn -1.000000 0.000000 0.000000
vn -1.000000 0.000000 0.000000
vn -1.000000 0.000000 0.000000
vn -1.000000 0.000000 0.000000
vn 0.000000 0.994186 0.107677
vn 0.000000 0.741022 0.671480
vn 0.000000 0.867604 0.497255
vn 0.000000 0.994186 -0.107677
vn -1.000000 0.000000 -0.000000
vn -1.000000 0.000000 -0.000000
vn -1.000000 0.000000 0.000000
vn 0.000000 -0.741022 0.671480
vn 0.000000 -0.994186 0.107677
vn 0.000000 -0.994186 -0.107677
vn 0.000000 -0.867604 0.497255
vn -0.603748 0.000000 -0.797175
vn -0.990602 0.000000 -0.136774
vn -0.990602 0.000000 0.136774
vn -0.797175 0.000000 -0.603748
vn 0.000000 -1.000000 0.000000
vn 0.000000 -1.000000 0.000000
vn 0.000000 -1.000000 0.000000
vn 0.136774 0.000000 -0.990602
vn -0.603748 0.000000 -0.797175
vn -0.797175 0.000000 -0.603748
vn -0.136774 0.000000 -0.990602
vn 0.000000 -1.000000 0.000000
vn 0.000000 -1.000000 0.000000
vn 0.000000 -1.000000 0.000000
vn 0.797175 0.000000 -0.603748
vn 0.136774 0.000000 -0.990602
vn -0.136774 0.000000 -0.990602
vn 0.603748 0.000000 -0.797175
vn 0.000000 -1.000000 0.000000
vn 0.000000 -1.000000 0.000000
vn 0.000000 -1.000000 0.000000
vn 0.990602 0.000000 0.136774
vn 0.797175 0.000000 -0.603748
vn 0.603748 0.000000 -0.797175
vn 0.990602 0.000000 -0.136774
vn 0.000000 -1.000000 0.000000
vn 0.000000 -1.000000 0.000000
vn 0.000000 -1.000000 0.000000
vn 0.603748 0.000000 0.797175
vn 0.990602 0.000000 0.136774
vn 0.990602 0.000000 -0.136774
vn 0.797175 0.000000 0.603748
vn 0.000000 -1.000000 0.000000
vn 0.000000 -1.000000 0.000000
vn 0.000000 -1.000000 0.000000
vn -0.136774 0.000000 0.990602
vn 0.603748 0.000000 0.797175
vn 0.797175 0.000000 0.603748
vn 0.136774 0.000000 0.990602
vn 0.000000 -1.000000 0.000000
vn 0.000000 -1.000000 0.000000
vn 0.000000 -1.000000 0.000000
vn -0.797175 0.000000 0.603748
vn -0.136774 0.000000 0.990602
vn 0.136774 0.000000 0.990602
vn -0.603748 0.000000 0.797175
vn 0.000000 -1.000000 0.000000
vn 0.000000 -1.000000 0.000000
vn 0.000000 -1.000000 0.000000
vn -0.990602 0.000000 -0.136774
vn -0.797175 0.000000 0.603748
vn -0.603748 0.000000 0.797175
vn -0.990602 0.000000 0.136774
vn 0.000000 -1.000000 0.000000
vn 0.000000 -1.000000 0.000000
vn 0.000000 -1.000000 0.000000
vn -1.000000 -0.000000 0.000000
vn -1.000000 -0.000000 0.000000
vn -1.000000 -0.000000 -0.000000
vn -1.000000 -0.000000 -0.000000
vn -1.000000 0.000000 0.000000
vn -1.000000 0.000000 0.000000
vn -1.000000 -0.000000 -0.000000
vn 0.000000 0.867604 -0.497255
vn 0.000000 0.994186 0.107677
vn 0.000000 0.994186 -0.107677
vn 0.000000 0.741022 -0.671480
vn 0.990602 0.000000 0.136774
vn 0.990602 0.000000 -0.136774
vn 0.603748 0.000000 -0.797175
vn 0.000000 -0.994186 0.107677
vn 0.000000 -0.867604 -0.497255
vn 0.000000 -0.741022 -0.671480
vn 0.000000 -0.994186 -0.107677
vn -1.000000 -0.000000 0.000000
vn -1.000000 -0.000000 -0.000000
vn -1.000000 -0.000000 -0.000000
vn -1.000000 -0.000000 -0.000000
vn -1.000000 -0.000000 -0.000000
vn -1.000000 -0.000000 -0.000000
vn -1.000000 -0.000000 -0.000000
vn 0.000000 0.409627 -0.912253
vn 0.000000 0.867604 -0.497255
vn 0.000000 0.741022 -0.671480
vn 0.000000 0.204814 -0.978801
vn 0.603748 0.000000 0.797175
vn -0.136774 0.000000 0.990602
vn 0.000000 -0.867604 -0.497255
vn 0.136774 0.000000 0.990602
vn 0.000000 -0.409627 -0.912253
vn 0.000000 -0.204814 -0.978801
vn 0.000000 -0.741022 -0.671480
vn -1.000000 -0.000000 0.000000
vn -1.000000 -0.000000 -0.000000
vn -1.000000 -0.000000 0.000000
vn -1.000000 -0.000000 0.000000
vn -1.000000 -0.000000 -0.000000
vn -1.000000 -0.000000 -0.000000
vn -1.000000 -0.000000 0.000000
vn 0.000000 -0.204814 -0.978801
vn 0.000000 0.409627 -0.912253
vn 0.000000 0.204814 -0.978801
vn 0.000000 -0.409627 -0.912253
vn 0.797175 0.000000 0.603748
vn 0.000000 -1.000000 0.000000
vn 0.000000 -1.000000 0.000000
vn 0.000000 -0.409627 -0.912253
vn -0.000000 0.204814 -0.978801
vn -0.000000 0.409627 -0.912253
vn 0.000000 -0.204814 -0.978801
vn -1.000000 -0.000000 0.000000
vn -1.000000 -0.000000 0.000000
vn -1.000000 -0.000000 0.000000
vn -1.000000 -0.000000 0.000000
vn -1.000000 -0.000000 0.000000
vn -1.000000 -0.000000 0.000000
vn -1.000000 -0.000000 0.000000
vn 0.000000 -0.741022 -0.671480
vn 0.000000 -0.204814 -0.978801
vn 0.000000 -0.409627 -0.912253
vn 0.000000 -0.867604 -0.497255
vn 0.000000 -1.000000 0.000000
vn 0.000000 -1.000000 0.000000
vn 0.000000 -1.000000 0.000000
vn -0.000000 0.204814 -0.978801
vn -0.000000 0.741022 -0.671480
vn 0.000000 0.867604 -0.497255
vn -0.000000 0.409627 -0.912253
vn -1.000000 -0.000000 0.000000
vn -1.000000 -0.000000 0.000000
vn -1.000000 -0.000000 0.000000
vn -1.000000 0.000000 0.000000
vn -1.000000 -0.000000 0.000000
vn -1.000000 -0.000000 0.000000
vn -1.000000 0.000000 0.000000
vn 0.000000 -0.994186 -0.107677
vn 0.000000 -0.741022 -0.671480
vn 0.000000 -0.867604 -0.497255
vn 0.000000 -0.994186 0.107677
vn 0.000000 -1.000000 0.000000
vn 0.990602 0.000000 0.136774
vn 0.603748 0.000000 0.797175
vn -0.000000 0.741022 -0.671480
vn 0.000000 0.994186 -0.107677
vn 0.000000 0.994186 0.107677
vn 0.000000 0.867604 -0.497255
vn -1.000000 -0.000000 0.000000
vn -1.000000 -0.000000 0.000000
vn -1.000000 -0.000000 -0.000000
vn -1.000000 -0.000000 -0.000000
vn -1.000000 0.000000 0.000000
vn -1.000000 0.000000 0.000000
vn -1.000000 -0.000000 -0.000000
vn 0.000000 -0.867604 0.497255
vn 0.000000 -0.994186 -0.107677
vn 0.000000 -0.994186 0.107677
vn 0.000000 -0.741022 0.671480
vn 0.797175 0.000000 0.603748
vn 0.990602 0.000000 -0.136774
vn 0.000000 -1.000000 0.000000
vn 0.000000 0.994186 -0.107677
vn 0.000000 0.867604 0.497255
vn 0.000000 0.741022 0.671480
vn 0.000000 0.994186 0.107677
vn -1.000000 -0.000000 0.000000
vn -1.000000 -0.000000 -0.000000
vn -1.000000 -0.000000 -0.000000
vn -1.000000 -0.000000 -0.000000
vn -1.000000 -0.000000 -0.000000
vn -1.000000 -0.000000 -0.000000
vn -1.000000 -0.000000 -0.000000
vn 0.000000 -0.409627 0.912253
vn 0.000000 -0.867604 0.497255
vn 0.000000 -0.741022 0.671480
vn 0.000000 -0.204814 0.978801
vn 0.000000 -1.000000 0.000000
vn 0.000000 -1.000000 0.000000
vn 0.049673 -0.998184 -0.034079
vn 0.000000 0.867604 0.497255
vn 0.000000 0.409627 0.912253
vn 0.000000 0.204814 0.978801
vn 0.000000 0.741022 0.671480
vn -1.000000 -0.000000 0.000000
vn -1.000000 -0.000000 -0.000000
vn -1.000000 -0.000000 0.000000
vn -1.000000 -0.000000 0.000000
vn -1.000000 -0.000000 -0.000000
vn -1.000000 -0.000000 -0.000000
vn -1.000000 -0.000000 0.000000
vn 0.000000 0.204814 0.978801
vn 0.000000 -0.409627 0.912253
vn 0.000000 -0.204814 0.978801
vn 0.000000 0.409627 0.912253
vn -0.056881 0.997016 0.052179
vn -0.054073 0.996699 0.060561
vn -0.056881 0.997016 0.052179
vn 0.000000 0.409627 0.912253
vn 0.000000 -0.204814 0.978801
vn 0.000000 -0.409627 0.912253
vn 0.000000 0.204814 0.978801
vn -1.000000 -0.000000 0.000000
vn -1.000000 -0.000000 0.000000
vn -1.000000 -0.000000 0.000000
vn -1.000000 -0.000000 0.000000
vn -1.000000 -0.000000 0.000000
vn -1.000000 -0.000000 0.000000
vn -1.000000 -0.000000 0.000000
vn 0.000000 0.741022 0.671480
vn 0.000000 0.204814 0.978801
vn 0.000000 0.409627 0.912253
vn 0.000000 0.867604 0.497255
vn 0.101746 -0.992768 -0.063709
vn -0.071944 0.996815 0.034416
vn -0.083455 0.996350 0.017935
vn 0.000000 -0.204814 0.978801
vn 0.000000 -0.741022 0.671480
vn 0.000000 -0.867604 0.497255
vn 0.000000 -0.409627 0.912253
vn -1.000000 -0.000000 0.000000
vn -1.000000 -0.000000 0.000000
vn -1.000000 -0.000000 0.000000
vn -1.000000 0.000000 0.000000
vn -1.000000 -0.000000 0.000000
vn -1.000000 -0.000000 0.000000
vn -1.000000 0.000000 0.000000
vn 0.000000 0.994186 0.107677
vn 0.000000 0.741022 0.671480
vn 0.000000 0.867604 0.497255
vn 0.000000 0.994186 -0.107677
vn 0.104031 -0.992018 -0.071256
vn -0.071944 0.996815 0.034416
vn 0.000000 -1.000000 0.000000
vn 0.000000 -0.741022 0.671480
vn 0.000000 -0.994186 0.107677
vn 0.000000 -0.994186 -0.107677
vn 0.000000 -0.867604 0.497255
vn -1.000000 -0.000000 0.000000
vn -1.000000 -0.000000 0.000000
vn -1.000000 -0.000000 -0.000000
vn -1.000000 -0.000000 -0.000000
vn -1.000000 0.000000 0.000000
vn -1.000000 0.000000 0.000000
vn -1.000000 -0.000000 -0.000000
vn 0.000000 0.867604 -0.497255
vn 0.000000 0.994186 0.107677
vn 0.000000 0.994186 -0.107677
vn 0.000000 0.741022 -0.671480
vn 0.000000 -1.000000 0.000000
vn 0.000000 -1.000000 0.000000
vn -0.990602 0.000000 0.136774
vn 0.000000 -0.994186 0.107677
vn 0.000000 -0.867604 -0.497255
vn 0.000000 -0.741022 -0.671480
vn 0.000000 -0.994186 -0.107677
vn -1.000000 -0.000000 0.000000
vn -1.000000 -0.000000 -0.000000
vn -1.000000 -0.000000 -0.000000
vn -1.000000 -0.000000 -0.000000
vn -1.000000 -0.000000 -0.000000
vn -1.000000 -0.000000 -0.000000
vn -1.000000 -0.000000 -0.000000
vn 0.000000 0.409627 -0.912253
vn 0.000000 0.867604 -0.497255
vn 0.000000 0.741022 -0.671480
vn 0.000000 0.204814 -0.978801
vn -0.603748 0.000000 0.797175
vn -0.797175 0.000000 0.603748
vn 0.000000 -0.867604 -0.497255
vn -0.990602 0.000000 -0.136774
vn 0.000000 -0.409627 -0.912253
vn 0.000000 -0.204814 -0.978801
vn 0.000000 -0.741022 -0.671480
vn -1.000000 -0.000000 0.000000
vn -1.000000 -0.000000 -0.000000
vn -1.000000 -0.000000 0.000000
vn -1.000000 -0.000000 0.000000
vn -1.000000 -0.000000 -0.000000
vn -1.000000 -0.000000 -0.000000
vn -1.000000 -0.000000 0.000000
vn 0.000000 -0.204814 -0.978801
vn 0.000000 0.409627 -0.912253
vn 0.000000 0.204814 -0.978801
vn 0.000000 -0.409627 -0.912253
vn 0.000000 -1.000000 0.000000
vn -0.083455 0.996350 0.017935
vn 0.104031 -0.992018 -0.071256
vn 0.000000 -0.409627 -0.912253
vn -0.000000 0.204814 -0.978801
vn -0.000000 0.409627 -0.912253
vn 0.000000 -0.204814 -0.978801
vn -1.000000 -0.000000 0.000000
vn -1.000000 -0.000000 0.000000
vn -1.000000 -0.000000 0.000000
vn -1.000000 -0.000000 0.000000
vn -1.000000 -0.000000 0.000000
vn -1.000000 -0.000000 0.000000
vn -1.000000 -0.000000 0.000000
vn 0.000000 -0.741022 -0.671480
vn 0.000000 -0.204814 -0.978801
vn 0.000000 -0.409627 -0.912253
vn 0.000000 -0.867604 -0.497255
vn 0.101746 -0.992768 -0.063709
vn -0.422545 -0.843780 0.330895
vn -0.422545 -0.843780 0.330895
vn -0.000000 0.204814 -0.978801
vn -0.000000 0.741022 -0.671480
vn 0.000000 0.867604 -0.497255
vn -0.000000 0.409627 -0.912253
vn -1.000000 -0.000000 0.000000
vn -1.000000 -0.000000 0.000000
vn -1.000000 -0.000000 0.000000
vn -1.000000 0.000000 0.000000
vn -1.000000 -0.000000 0.000000
vn -1.000000 -0.000000 0.000000
vn -1.000000 0.000000 0.000000
vn 0.000000 -0.994186 -0.107677
vn 0.000000 -0.741022 -0.671480
vn 0.000000 -0.867604 -0.497255
vn 0.000000 -0.994186 0.107677
vn -0.569688 -0.621629 0.537618
vn 0.000000 -1.000000 0.000000
vn 0.000000 -1.000000 0.000000
vn -0.000000 0.741022 -0.671480
vn 0.000000 0.994186 -0.107677
vn 0.000000 0.994186 0.107677
vn 0.000000 0.867604 -0.497255
vn -1.000000 -0.000000 0.000000
vn -1.000000 -0.000000 0.000000
vn -1.000000 -0.000000 -0.000000
vn -1.000000 -0.000000 -0.000000
vn -1.000000 0.000000 0.000000
vn -1.000000 0.000000 0.000000
vn -1.000000 -0.000000 -0.000000
vn 0.000000 -0.867604 0.497255
vn 0.000000 -0.994186 -0.107677
vn 0.000000 -0.994186 0.107677
vn 0.000000 -0.741022 0.671480
vn -0.603748 0.000000 0.797175
vn 0.136774 0.000000 0.990602
vn -0.136774 0.000000 0.990602
vn 0.000000 0.994186 -0.107677
vn 0.000000 0.867604 0.497255
vn 0.000000 0.741022 0.671480
vn 0.000000 0.994186 0.107677
vn -1.000000 -0.000000 0.000000
vn -1.000000 -0.000000 -0.000000
vn -1.000000 -0.000000 -0.000000
vn -1.000000 -0.000000 -0.000000
vn -1.000000 -0.000000 -0.000000
vn -1.000000 -0.000000 -0.000000
vn -1.000000 -0.000000 -0.000000
vn 0.000000 -0.409627 0.912253
vn 0.000000 -0.867604 0.497255
vn 0.000000 -0.741022 0.671480
vn 0.000000 -0.204814 0.978801
vn -0.797175 0.000000 0.603748
vn 0.000000 -1.000000 0.000000
vn 0.000000 -1.000000 0.000000
vn 0.000000 0.867604 0.497255
vn 0.000000 0.409627 0.912253
vn 0.000000 0.204814 0.978801
vn 0.000000 0.741022 0.671480
vn -1.000000 -0.000000 0.000000
vn -1.000000 -0.000000 -0.000000
vn -1.000000 -0.000000 0.000000
vn -1.000000 -0.000000 0.000000
vn -1.000000 -0.000000 -0.000000
vn -1.000000 -0.000000 -0.000000
vn -1.000000 -0.000000 0.000000
vn 0.000000 0.204814 0.978801
vn 0.000000 -0.409627 0.912253
vn 0.000000 -0.204814 0.978801
vn 0.000000 0.409627 0.912253
vn 0.000000 -1.000000 0.000000
vn 0.136774 0.000000 0.990602
vn 0.797175 0.000000 0.603748
vn 0.000000 0.409627 0.912253
vn 0.000000 -0.204814 0.978801
vn 0.000000 -0.409627 0.912253
vn 0.000000 0.204814 0.978801
vn -1.000000 -0.000000 0.000000
vn -1.000000 -0.000000 0.000000
vn -1.000000 -0.000000 0.000000
vn -1.000000 -0.000000 0.000000
vn -1.000000 -0.000000 0.000000
vn -1.000000 -0.000000 0.000000
vn -1.000000 -0.000000 0.000000
vn 0.000000 0.741022 0.671480
vn 0.000000 0.204814 0.978801
vn 0.000000 0.409627 0.912253
vn 0.000000 0.867604 0.497255
vn 0.603748 0.000000 0.797175
vn -0.136774 0.000000 0.990602
vn 0.000000 -1.000000 0.000000
vn 0.000000 -0.204814 0.978801
vn 0.000000 -0.741022 0.671480
vn 0.000000 -0.867604 0.497255
vn 0.000000 -0.409627 0.912253
vn -1.000000 -0.000000 0.000000
vn -1.000000 -0.000000 0.000000
vn -1.000000 -0.000000 0.000000
vn -1.000000 0.000000 0.000000
vn -1.000000 -0.000000 0.000000
vn -1.000000 -0.000000 0.000000
vn -1.000000 0.000000 0.000000
vn 0.000000 0.994186 0.107677
vn 0.000000 0.741022 0.671480
vn 0.000000 0.867604 0.497255
vn 0.000000 0.994186 -0.107677
vn 0.000000 -1.000000 0.000000
vn 0.000000 -1.000000 0.000000
vn 0.797175 0.000000 0.603748
vn 0.000000 -0.741022 0.671480
vn 0.000000 -0.994186 0.107677
vn 0.000000 -0.994186 -0.107677
vn 0.000000 -0.867604 0.497255
vn 1.000000 0.000000 0.000000
vn 1.000000 0.000000 0.000000
vn 1.000000 0.000000 0.000000
vn 1.000000 0.000000 0.000000
vn 1.000000 0.000000 0.000000
vn 1.000000 0.000000 0.000000
vn 1.000000 0.000000 0.000000
vn 0.000000 0.741022 -0.671480
vn 0.000000 0.994186 -0.107677
vn 0.000000 0.994186 0.107677
vn 0.000000 0.867604 -0.497255
vn 0.990602 0.000000 -0.136774
vn 0.990602 0.000000 0.136774
vn 0.603748 0.000000 0.797175
vn 0.000000 -0.994186 -0.107677
vn 0.000000 -0.741022 -0.671480
vn 0.000000 -0.867604 -0.497255
vn 0.000000 -0.994186 0.107677
vn 1.000000 0.000000 0.000000
vn 1.000000 0.000000 0.000000
vn 1.000000 0.000000 0.000000
vn 1.000000 0.000000 0.000000
vn 1.000000 0.000000 0.000000
vn 1.000000 0.000000 0.000000
vn 1.000000 0.000000 0.000000
vn 0.000000 0.204814 -0.978801
vn 0.000000 0.741022 -0.671480
vn 0.000000 0.867604 -0.497255
vn 0.000000 0.409627 -0.912253
vn 0.000000 -1.000000 0.000000
vn 0.000000 -1.000000 0.000000
vn 0.000000 -0.741022 -0.671480
vn -0.464505 0.640840 0.611196
vn 0.000000 -0.204814 -0.978801
vn 0.000000 -0.409627 -0.912253
vn 0.000000 -0.867604 -0.497255
vn 1.000000 0.000000 0.000000
vn 1.000000 0.000000 0.000000
vn 1.000000 0.000000 0.000000
vn 1.000000 0.000000 0.000000
vn 1.000000 0.000000 0.000000
vn 1.000000 0.000000 0.000000
vn 1.000000 0.000000 0.000000
vn 0.000000 -0.409627 -0.912253
vn 0.000000 0.204814 -0.978801
vn 0.000000 0.409627 -0.912253
vn 0.000000 -0.204814 -0.978801
vn 0.220776 0.866679 -0.447353
vn -0.072081 -0.834606 -0.546111
vn -0.021818 -0.911202 -0.411381
vn 0.000000 -0.204814 -0.978801
vn 0.000000 0.409627 -0.912253
vn 0.000000 0.204814 -0.978801
vn 0.000000 -0.409627 -0.912253
vn 1.000000 0.000000 0.000000
vn 1.000000 0.000000 0.000000
vn 1.000000 0.000000 0.000000
vn 1.000000 0.000000 -0.000000
vn 1.000000 0.000000 0.000000
vn 1.000000 0.000000 0.000000
vn 1.000000 0.000000 -0.000000
vn 0.000000 -0.867604 -0.497255
vn 0.000000 -0.409627 -0.912253
vn 0.000000 -0.204814 -0.978801
vn 0.000000 -0.741022 -0.671480
vn -0.021818 -0.911202 -0.411381
vn 0.000000 -1.000000 0.000000
vn 0.990602 0.000000 -0.136774
vn 0.000000 0.409627 -0.912253
vn 0.000000 0.867604 -0.497255
vn 0.000000 0.741022 -0.671480
vn 0.000000 0.204814 -0.978801
vn 1.000000 0.000000 0.000000
vn 1.000000 0.000000 0.000000
vn 1.000000 0.000000 0.000000
vn 1.000000 0.000000 0.000000
vn 1.000000 0.000000 -0.000000
vn 1.000000 0.000000 -0.000000
vn 1.000000 0.000000 0.000000
vn 0.000000 -0.994186 0.107677
vn 0.000000 -0.867604 -0.497255
vn 0.000000 -0.741022 -0.671480
vn 0.000000 -0.994186 -0.107677
vn 0.603748 0.000000 -0.797175
vn 0.797175 0.000000 -0.603748
vn 0.990602 0.000000 0.136774
vn 0.000000 0.867604 -0.497255
vn 0.000000 0.994186 0.107677
vn 0.000000 0.994186 -0.107677
vn 0.000000 0.741022 -0.671480
vn 1.000000 0.000000 0.000000
vn 1.000000 0.000000 0.000000
vn 1.000000 0.000000 0.000000
vn 1.000000 0.000000 0.000000
vn 1.000000 0.000000 0.000000
vn 1.000000 0.000000 0.000000
vn 1.000000 0.000000 0.000000
vn 0.000000 -0.741022 0.671480
vn 0.000000 -0.994186 0.107677
vn 0.000000 -0.994186 -0.107677
vn 0.000000 -0.867604 0.497255
vn 0.000000 -1.000000 0.000000
vn 0.000000 -1.000000 0.000000
vn 0.000000 -1.000000 0.000000
vn 0.000000 0.994186 0.107677
vn 0.000000 0.741022 0.671480
vn 0.000000 0.867604 0.497255
vn 0.000000 0.994186 -0.107677
vn 1.000000 0.000000 0.000000
vn 1.000000 0.000000 0.000000
vn 1.000000 0.000000 0.000000
vn 1.000000 0.000000 0.000000
vn 1.000000 0.000000 0.000000
vn 1.000000 0.000000 0.000000
vn 1.000000 0.000000 0.000000
vn 0.000000 -0.204814 0.978801
vn 0.000000 -0.741022 0.671480
vn 0.000000 -0.867604 0.497255
vn 0.000000 -0.409627 0.912253
vn 0.603748 0.000000 -0.797175
vn -0.136774 0.000000 -0.990602
vn 0.136774 0.000000 -0.990602
vn 0.000000 0.741022 0.671480
vn 0.000000 0.204814 0.978801
vn 0.000000 0.409627 0.912253
vn 0.000000 0.867604 0.497255
vn 1.000000 0.000000 0.000000
vn 1.000000 0.000000 0.000000
vn 1.000000 0.000000 0.000000
vn 1.000000 0.000000 0.000000
vn 1.000000 0.000000 0.000000
vn 1.000000 0.000000 0.000000
vn 1.000000 0.000000 0.000000
vn 0.000000 0.409627 0.912253
vn 0.000000 -0.204814 0.978801
vn 0.000000 -0.409627 0.912253
vn 0.000000 0.204814 0.978801
vn 0.797175 0.000000 -0.603748
vn 0.000000 -1.000000 0.000000
vn 0.000000 -1.000000 0.000000
vn 0.000000 0.204814 0.978801
vn 0.000000 -0.409627 0.912253
vn 0.000000 -0.204814 0.978801
vn 0.000000 0.409627 0.912253
vn 1.000000 0.000000 0.000000
vn 1.000000 0.000000 0.000000
vn 1.000000 0.000000 0.000000
vn 1.000000 0.000000 -0.000000
vn 1.000000 0.000000 0.000000
vn 1.000000 0.000000 0.000000
vn 1.000000 0.000000 -0.000000
vn 0.000000 0.867604 0.497255
vn 0.000000 0.409627 0.912253
vn 0.000000 0.204814 0.978801
vn 0.000000 0.741022 0.671480
vn 0.000000 -1.000000 0.000000
vn -0.136774 0.000000 -0.990602
vn -0.797175 0.000000 -0.603748
vn 0.000000 -0.409627 0.912253
vn 0.000000 -0.867604 0.497255
vn 0.000000 -0.741022 0.671480
vn 0.000000 -0.204814 0.978801
vn 1.000000 0.000000 0.000000
vn 1.000000 0.000000 0.000000
vn 1.000000 0.000000 0.000000
vn 1.000000 0.000000 0.000000
vn 1.000000 0.000000 -0.000000
vn 1.000000 0.000000 -0.000000
vn 1.000000 0.000000 0.000000
vn 0.000000 0.994186 -0.107677
vn 0.000000 0.867604 0.497255
vn 0.000000 0.741022 0.671480
vn 0.000000 0.994186 0.107677
vn -0.603748 0.000000 -0.797175
vn 0.136774 0.000000 -0.990602
vn 0.000000 -1.000000 0.000000
vn 0.000000 -0.867604 0.497255
vn 0.000000 -0.994186 -0.107677
vn 0.000000 -0.994186 0.107677
vn 0.000000 -0.741022 0.671480
vn 1.000000 0.000000 0.000000
vn 1.000000 0.000000 0.000000
vn 1.000000 0.000000 0.000000
vn 1.000000 0.000000 0.000000
vn 1.000000 0.000000 0.000000
vn 1.000000 0.000000 0.000000
vn 1.000000 0.000000 0.000000
vn 0.000000 0.741022 -0.671480
vn 0.000000 0.994186 -0.107677
vn 0.000000 0.994186 0.107677
vn 0.000000 0.867604 -0.497255
vn 0.000000 -1.000000 0.000000
vn 0.000000 -1.000000 0.000000
vn -0.797175 0.000000 -0.603748
vn 0.000000 -0.994186 -0.107677
vn 0.000000 -0.741022 -0.671480
vn 0.000000 -0.867604 -0.497255
vn 0.000000 -0.994186 0.107677
vn 1.000000 0.000000 0.000000
vn 1.000000 0.000000 0.000000
vn 1.000000 0.000000 0.000000
vn 1.000000 0.000000 0.000000
vn 1.000000 0.000000 0.000000
vn 1.000000 0.000000 0.000000
vn 1.000000 0.000000 0.000000
vn 0.000000 0.204814 -0.978801
vn 0.000000 0.741022 -0.671480
vn 0.000000 0.867604 -0.497255
vn 0.000000 0.409627 -0.912253
vn -0.990602 0.000000 0.136774
vn -0.990602 0.000000 -0.136774
vn 0.000000 -0.741022 -0.671480
vn -0.603748 0.000000 -0.797175
vn 0.000000 -0.204814 -0.978801
vn 0.000000 -0.409627 -0.912253
vn 0.000000 -0.867604 -0.497255
vn 1.000000 0.000000 0.000000
vn 1.000000 0.000000 0.000000
vn 1.000000 0.000000 0.000000
vn 1.000000 0.000000 0.000000
vn 1.000000 0.000000 0.000000
vn 1.000000 0.000000 0.000000
vn 1.000000 0.000000 0.000000
vn 0.000000 -0.409627 -0.912253
vn 0.000000 0.204814 -0.978801
vn 0.000000 0.409627 -0.912253
vn 0.000000 -0.204814 -0.978801
vn 0.000000 -1.000000 0.000000
vn 0.000000 -1.000000 0.000000
vn 0.000000 -1.000000 0.000000
vn 0.000000 -0.204814 -0.978801
vn 0.000000 0.409627 -0.912253
vn 0.000000 0.204814 -0.978801
vn 0.000000 -0.409627 -0.912253
vn 1.000000 0.000000 0.000000
vn 1.000000 0.000000 0.000000
vn 1.000000 0.000000 0.000000
vn 1.000000 0.000000 -0.000000
vn 1.000000 0.000000 0.000000
vn 1.000000 0.000000 0.000000
vn 1.000000 0.000000 -0.000000
vn 0.000000 -0.867604 -0.497255
vn 0.000000 -0.409627 -0.912253
vn 0.000000 -0.204814 -0.978801
vn 0.000000 -0.741022 -0.671480
vn 0.000000 -1.000000 0.000000
vn 0.000000 -1.000000 0.000000
vn 0.000000 -1.000000 0.000000
vn 0.000000 0.409627 -0.912253
vn 0.000000 0.867604 -0.497255
vn 0.000000 0.741022 -0.671480
vn 0.000000 0.204814 -0.978801
vn 1.000000 0.000000 0.000000
vn 1.000000 0.000000 0.000000
vn 1.000000 0.000000 0.000000
vn 1.000000 0.000000 0.000000
vn 1.000000 0.000000 -0.000000
vn 1.000000 0.000000 -0.000000
vn 1.000000 0.000000 0.000000
vn 0.000000 -0.994186 0.107677
vn 0.000000 -0.867604 -0.497255
vn 0.000000 -0.741022 -0.671480
vn 0.000000 -0.994186 -0.107677
vn 0.000000 -1.000000 0.000000
vn 0.000000 -1.000000 0.000000
vn 0.000000 -1.000000 0.000000
vn 0.000000 0.867604 -0.497255
vn 0.000000 0.994186 0.107677
vn 0.000000 0.994186 -0.107677
vn 0.000000 0.741022 -0.671480
vn 1.000000 0.000000 0.000000
vn 1.000000 0.000000 0.000000
vn 1.000000 0.000000 0.000000
vn 1.000000 0.000000 0.000000
vn 1.000000 0.000000 0.000000
vn 1.000000 0.000000 0.000000
vn 1.000000 0.000000 0.000000
vn 0.000000 -0.741022 0.671480
vn 0.000000 -0.994186 0.107677
vn 0.000000 -0.994186 -0.107677
vn 0.000000 -0.867604 0.497255
vn 0.000000 -1.000000 0.000000
vn 0.000000 -1.000000 0.000000
vn 0.000000 -1.000000 0.000000
vn 0.000000 0.994186 0.107677
vn 0.000000 0.741022 0.671480
vn 0.000000 0.867604 0.497255
vn 0.000000 0.994186 -0.107677
vn 1.000000 0.000000 0.000000
vn 1.000000 0.000000 0.000000
vn 1.000000 0.000000 0.000000
vn 1.000000 0.000000 0.000000
vn 1.000000 0.000000 0.000000
vn 1.000000 0.000000 0.000000
vn 1.000000 0.000000 0.000000
vn 0.000000 -0.204814 0.978801
vn 0.000000 -0.741022 0.671480
vn 0.000000 -0.867604 0.497255
vn 0.000000 -0.409627 0.912253
vn 0.000000 -1.000000 0.000000
vn 0.000000 -1.000000 0.000000
vn -0.000000 -1.000000 -0.000000
vn 0.000000 0.741022 0.671480
vn 0.000000 0.204814 0.978801
vn 0.000000 0.409627 0.912253
vn 0.000000 0.867604 0.497255
vn 1.000000 0.000000 0.000000
vn 1.000000 0.000000 0.000000
vn 1.000000 0.000000 0.000000
vn 1.000000 0.000000 0.000000
vn 1.000000 0.000000 0.000000
vn 1.000000 0.000000 0.000000
vn 1.000000 0.000000 0.000000
vn 0.000000 0.409627 0.912253
vn 0.000000 -0.204814 0.978801
vn 0.000000 -0.409627 0.912253
vn 0.000000 0.204814 0.978801
vn 0.000000 -1.000000 0.000000
vn 0.000000 -1.000000 0.000000
vn 0.000000 -1.000000 0.000000
vn 0.000000 0.204814 0.978801
vn 0.000000 -0.409627 0.912253
vn 0.000000 -0.204814 0.978801
vn 0.000000 0.409627 0.912253
vn 1.000000 0.000000 0.000000
vn 1.000000 0.000000 0.000000
vn 1.000000 0.000000 0.000000
vn 1.000000 0.000000 -0.000000
vn 1.000000 0.000000 0.000000
vn 1.000000 0.000000 0.000000
vn 1.000000 0.000000 -0.000000
vn 0.000000 0.867604 0.497255
vn 0.000000 0.409627 0.912253
vn 0.000000 0.204814 0.978801
vn 0.000000 0.741022 0.671480
vn 0.000000 -1.000000 0.000000
vn 0.000000 -1.000000 0.000000
vn 0.000000 0.000000 -1.000000
vn 0.000000 -0.409627 0.912253
vn 0.000000 -0.867604 0.497255
vn 0.000000 -0.741022 0.671480
vn 0.000000 -0.204814 0.978801
vn 1.000000 0.000000 0.000000
vn 1.000000 0.000000 0.000000
vn 1.000000 0.000000 0.000000
vn 1.000000 0.000000 0.000000
vn 1.000000 0.000000 -0.000000
vn 1.000000 0.000000 -0.000000
vn 1.000000 0.000000 0.000000
vn 0.000000 0.994186 -0.107677
vn 0.000000 0.867604 0.497255
vn 0.000000 0.741022 0.671480
vn 0.000000 0.994186 0.107677
vn 0.000000 0.000000 -1.000000
vn -0.000000 -0.000000 -1.000000
vn 0.000000 0.000000 -1.000000
vn 0.000000 -0.867604 0.497255
vn 0.000000 -0.994186 -0.107677
vn 0.000000 -0.994186 0.107677
vn 0.000000 -0.741022 0.671480
vn 0.797175 0.000000 -0.603748
vn 0.990602 0.000000 0.136774
vn 0.990602 0.000000 -0.136774
vn 0.603748 0.000000 -0.797175
vn 0.000000 -1.000000 0.000000
vn 0.000000 -1.000000 0.000000
vn 0.000000 -1.000000 0.000000
vn 0.136774 0.000000 -0.990602
vn 0.797175 0.000000 -0.603748
vn 0.603748 0.000000 -0.797175
vn -0.136774 0.000000 -0.990602
vn 0.000000 -1.000000 0.000000
vn 0.000000 -1.000000 0.000000
vn 0.000000 -1.000000 0.000000
vn -0.603748 0.000000 -0.797175
vn 0.136774 0.000000 -0.990602
vn -0.136774 0.000000 -0.990602
vn -0.797175 0.000000 -0.603748
vn 0.000000 -1.000000 0.000000
vn 0.000000 -1.000000 0.000000
vn 0.000000 -1.000000 0.000000
vn -0.990602 0.000000 -0.136774
vn -0.603748 0.000000 -0.797175
vn -0.797175 0.000000 -0.603748
vn -0.990602 0.000000 0.136774
vn 0.000000 -1.000000 0.000000
vn 0.000000 -1.000000 0.000000
vn 0.000000 -1.000000 0.000000
vn -0.797175 0.000000 0.603748
vn -0.990602 0.000000 -0.136774
vn -0.990602 0.000000 0.136774
vn -0.603748 0.000000 0.797175
vn 0.000000 -1.000000 0.000000
vn 0.000000 -1.000000 0.000000
vn 0.000000 -1.000000 0.000000
vn -0.136774 0.000000 0.990602
vn -0.797175 0.000000 0.603748
vn -0.603748 0.000000 0.797175
vn 0.136774 0.000000 0.990602
vn 0.000000 -1.000000 0.000000
vn 0.000000 -1.000000 0.000000
vn 0.000000 -1.000000 0.000000
vn 0.603748 0.000000 0.797175
vn -0.136774 0.000000 0.990602
vn 0.136774 0.000000 0.990602
vn 0.797175 0.000000 0.603748
vn 0.000000 -1.000000 0.000000
vn 0.000000 -1.000000 0.000000
vn 0.000000 -1.000000 0.000000
vn 0.990602 0.000000 0.136774
vn 0.603748 0.000000 0.797175
vn 0.797175 0.000000 0.603748
vn 0.990602 0.000000 -0.136774
vn 0.000000 -1.000000 0.000000
vn 0.000000 -1.000000 0.000000
vn 0.000000 -1.000000 0.000000
vn 1.000000 -0.000000 0.000000
vn 1.000000 -0.000000 0.000000
vn 1.000000 -0.000000 -0.000000
vn 1.000000 -0.000000 -0.000000
vn 1.000000 0.000000 0.000000
vn 1.000000 0.000000 0.000000
vn 1.000000 -0.000000 -0.000000
vn 0.000000 0.741022 -0.671480
vn 0.000000 0.994186 -0.107677
vn 0.000000 0.994186 0.107677
vn 0.000000 0.867604 -0.497255
vn 1.000000 -0.000000 -0.000000
vn 1.000000 0.000000 0.000000
vn 1.000000 0.000000 0.000000
vn 0.000000 -0.994186 -0.107677
vn 0.000000 -0.741022 -0.671480
vn 0.000000 -0.867604 -0.497255
vn 0.000000 -0.994186 0.107677
vn 1.000000 -0.000000 0.000000
vn 1.000000 -0.000000 -0.000000
vn 1.000000 -0.000000 -0.000000
vn 1.000000 -0.000000 -0.000000
vn 1.000000 -0.000000 -0.000000
vn 1.000000 -0.000000 -0.000000
vn 1.000000 -0.000000 -0.000000
vn 0.000000 0.204814 -0.978801
vn 0.000000 0.741022 -0.671480
vn 0.000000 0.867604 -0.497255
vn 0.000000 0.409627 -0.912253
vn 1.000000 -0.000000 -0.000000
vn 1.000000 -0.000000 -0.000000
vn 0.000000 -0.741022 -0.671480
vn 1.000000 -0.000000 0.000000
vn 0.000000 -0.204814 -0.978801
vn 0.000000 -0.409627 -0.912253
vn 0.000000 -0.867604 -0.497255
vn 1.000000 -0.000000 0.000000
vn 1.000000 -0.000000 -0.000000
vn 1.000000 -0.000000 0.000000
vn 1.000000 -0.000000 0.000000
vn 1.000000 -0.000000 -0.000000
vn 1.000000 -0.000000 -0.000000
vn 1.000000 -0.000000 0.000000
vn 0.000000 -0.409627 -0.912253
vn 0.000000 0.204814 -0.978801
vn 0.000000 0.409627 -0.912253
vn 0.000000 -0.204814 -0.978801
vn 1.000000 0.000000 0.000000
vn 1.000000 0.000000 0.000000
vn 1.000000 -0.000000 0.000000
vn 0.000000 -0.204814 -0.978801
vn 0.000000 0.409627 -0.912253
vn 0.000000 0.204814 -0.978801
vn 0.000000 -0.409627 -0.912253
vn 1.000000 -0.000000 0.000000
vn 1.000000 -0.000000 0.000000
vn 1.000000 -0.000000 0.000000
vn 1.000000 -0.000000 0.000000
vn 1.000000 -0.000000 0.000000
vn 1.000000 -0.000000 0.000000
vn 1.000000 -0.000000 0.000000
vn 0.000000 -0.867604 -0.497255
vn 0.000000 -0.409627 -0.912253
vn 0.000000 -0.204814 -0.978801
vn 0.000000 -0.741022 -0.671480
vn 1.000000 -0.000000 0.000000
vn 1.000000 -0.000000 -0.000000
vn 1.000000 0.000000 0.000000
vn 0.000000 0.409627 -0.912253
vn 0.000000 0.867604 -0.497255
vn 0.000000 0.741022 -0.671480
vn 0.000000 0.204814 -0.978801
vn 1.000000 -0.000000 0.000000
vn 1.000000 -0.000000 0.000000
vn 1.000000 -0.000000 0.000000
vn 1.000000 0.000000 0.000000
vn 1.000000 -0.000000 0.000000
vn 1.000000 -0.000000 0.000000
vn 1.000000 0.000000 0.000000
vn 0.000000 -0.994186 0.107677
vn 0.000000 -0.867604 -0.497255
vn 0.000000 -0.741022 -0.671480
vn 0.000000 -0.994186 -0.107677
vn 1.000000 0.000000 0.000000
vn 1.000000 -0.000000 -0.000000
vn 1.000000 -0.000000 -0.000000
vn 0.000000 0.867604 -0.497255
vn 0.000000 0.994186 0.107677
vn 0.000000 0.994186 -0.107677
vn 0.000000 0.741022 -0.671480
vn 1.000000 -0.000000 0.000000
vn 1.000000 -0.000000 0.000000
vn 1.000000 -0.000000 -0.000000
vn 1.000000 -0.000000 -0.000000
vn 1.000000 0.000000 0.000000
vn 1.000000 0.000000 0.000000
vn 1.000000 -0.000000 -0.000000
vn 0.000000 -0.741022 0.671480
vn 0.000000 -0.994186 0.107677
vn 0.000000 -0.994186 -0.107677
vn 0.000000 -0.867604 0.497255
vn 1.000000 -0.000000 0.000000
vn 1.000000 0.000000 0.000000
vn 1.000000 0.000000 0.000000
vn 0.000000 0.994186 0.107677
vn 0.000000 0.741022 0.671480
vn 0.000000 0.867604 0.497255
vn 0.000000 0.994186 -0.107677
vn 1.000000 -0.000000 0.000000
vn 1.000000 -0.000000 -0.000000
vn 1.000000 -0.000000 -0.000000
vn 1.000000 -0.000000 -0.000000
vn 1.000000 -0.000000 -0.000000
vn 1.000000 -0.000000 -0.000000
vn 1.000000 -0.000000 -0.000000
vn 0.000000 -0.204814 0.978801
vn 0.000000 -0.741022 0.671480
vn 0.000000 -0.867604 0.497255
vn 0.000000 -0.409627 0.912253
vn 1.000000 -0.000000 0.000000
vn 1.000000 -0.000000 0.000000
vn -1.000000 0.000000 -0.000000
vn 0.000000 0.741022 0.671480
vn 0.000000 0.204814 0.978801
vn 0.000000 0.409627 0.912253
vn 0.000000 0.867604 0.497255
vn 1.000000 -0.000000 0.000000
vn 1.000000 -0.000000 -0.000000
vn 1.000000 -0.000000 0.000000
vn 1.000000 -0.000000 0.000000
vn 1.000000 -0.000000 -0.000000
vn 1.000000 -0.000000 -0.000000
vn 1.000000 -0.000000 0.000000
vn 0.000000 0.409627 0.912253
vn 0.000000 -0.204814 0.978801
vn 0.000000 -0.409627 0.912253
vn 0.000000 0.204814 0.978801
vn -1.000000 0.000000 -0.000000
vn -1.000000 0.000000 0.000000
vn -1.000000 0.000000 0.000000
vn 0.000000 0.204814 0.978801
vn 0.000000 -0.409627 0.912253
vn 0.000000 -0.204814 0.978801
vn 0.000000 0.409627 0.912253
vn 1.000000 -0.000000 0.000000
vn 1.000000 -0.000000 0.000000
vn 1.000000 -0.000000 0.000000
vn 1.000000 -0.000000 0.000000
vn 1.000000 -0.000000 0.000000
vn 1.000000 -0.000000 0.000000
vn 1.000000 -0.000000 0.000000
vn 0.000000 0.867604 0.497255
vn 0.000000 0.409627 0.912253
vn 0.000000 0.204814 0.978801
vn 0.000000 0.741022 0.671480
vn -1.000000 0.000000 0.000000
vn -1.000000 0.000000 0.000000
vn -1.000000 0.000000 -0.000000
vn 0.000000 -0.409627 0.912253
vn 0.000000 -0.867604 0.497255
vn 0.000000 -0.741022 0.671480
vn 0.000000 -0.204814 0.978801
vn 1.000000 -0.000000 0.000000
vn 1.000000 -0.000000 0.000000
vn 1.000000 -0.000000 0.000000
vn 1.000000 0.000000 0.000000
vn 1.000000 -0.000000 0.000000
vn 1.000000 -0.000000 0.000000
vn 1.000000 0.000000 0.000000
vn 0.000000 0.994186 -0.107677
vn 0.000000 0.867604 0.497255
vn 0.000000 0.741022 0.671480
vn 0.000000 0.994186 0.107677
vn -1.000000 0.000000 -0.000000
vn -1.000000 0.000000 -0.000000
vn -1.000000 0.000000 0.000000
vn 0.000000 -0.867604 0.497255
vn 0.000000 -0.994186 -0.107677
vn 0.000000 -0.994186 0.107677
vn 0.000000 -0.741022 0.671480
vn 1.000000 -0.000000 0.000000
vn 1.000000 -0.000000 0.000000
vn 1.000000 -0.000000 -0.000000
vn 1.000000 -0.000000 -0.000000
vn 1.000000 0.000000 0.000000
vn 1.000000 0.000000 0.000000
vn 1.000000 -0.000000 -0.000000
vn 0.000000 0.741022 -0.671480
vn 0.000000 0.994186 -0.107677
vn 0.000000 0.994186 0.107677
vn 0.000000 0.867604 -0.497255
vn -1.000000 0.000000 -0.000000
vn -1.000000 0.000000 -0.000000
vn -1.000000 0.000000 0.000000
vn 0.000000 -0.994186 -0.107677
vn 0.000000 -0.741022 -0.671480
vn 0.000000 -0.867604 -0.497255
vn 0.000000 -0.994186 0.107677
vn 1.000000 -0.000000 0.000000
vn 1.000000 -0.000000 -0.000000
vn 1.000000 -0.000000 -0.000000
vn 1.000000 -0.000000 -0.000000
vn 1.000000 -0.000000 -0.000000
vn 1.000000 -0.000000 -0.000000
vn 1.000000 -0.000000 -0.000000
vn 0.000000 0.204814 -0.978801
vn 0.000000 0.741022 -0.671480
vn 0.000000 0.867604 -0.497255
vn 0.000000 0.409627 -0.912253
vn -1.000000 0.000000 0.000000
vn -1.000000 0.000000 0.000000
vn 0.000000 -0.741022 -0.671480
vn -1.000000 0.000000 0.000000
vn 0.000000 -0.204814 -0.978801
vn 0.000000 -0.409627 -0.912253
vn 0.000000 -0.867604 -0.497255
vn 1.000000 -0.000000 0.000000
vn 1.000000 -0.000000 -0.000000
vn 1.000000 -0.000000 0.000000
vn 1.000000 -0.000000 0.000000
vn 1.000000 -0.000000 -0.000000
vn 1.000000 -0.000000 -0.000000
vn 1.000000 -0.000000 0.000000
vn 0.000000 -0.409627 -0.912253
vn 0.000000 0.204814 -0.978801
vn 0.000000 0.409627 -0.912253
vn 0.000000 -0.204814 -0.978801
vn -1.000000 0.000000 -0.000000
vn -1.000000 0.000000 -0.000000
vn -1.000000 0.000000 -0.000000
vn 0.000000 -0.204814 -0.978801
vn 0.000000 0.409627 -0.912253
vn 0.000000 0.204814 -0.978801
vn 0.000000 -0.409627 -0.912253
vn 1.000000 -0.000000 0.000000
vn 1.000000 -0.000000 0.000000
vn 1.000000 -0.000000 0.000000
vn 1.000000 -0.000000 0.000000
vn 1.000000 -0.000000 0.000000
vn 1.000000 -0.000000 0.000000
vn 1.000000 -0.000000 0.000000
vn 0.000000 -0.867604 -0.497255
vn 0.000000 -0.409627 -0.912253
vn 0.000000 -0.204814 -0.978801
vn 0.000000 -0.741022 -0.671480
vn -1.000000 0.000000 0.000000
vn -1.000000 0.000000 0.000000
vn -1.000000 0.000000 -0.000000
vn 0.000000 0.409627 -0.912253
vn 0.000000 0.867604 -0.497255
vn 0.000000 0.741022 -0.671480
vn 0.000000 0.204814 -0.978801
vn 1.000000 -0.000000 0.000000
vn 1.000000 -0.000000 0.000000
vn 1.000000 -0.000000 0.000000
vn 1.000000 0.000000 0.000000
vn 1.000000 -0.000000 0.000000
vn 1.000000 -0.000000 0.000000
vn 1.000000 0.000000 0.000000
vn 0.000000 -0.994186 0.107677
vn 0.000000 -0.867604 -0.497255
vn 0.000000 -0.741022 -0.671480
vn 0.000000 -0.994186 -0.107677
vn -1.000000 0.000000 -0.000000
vn -1.000000 -0.000000 -0.000000
vn -1.000000 -0.000000 0.000000
vn 0.000000 0.867604 -0.497255
vn 0.000000 0.994186 0.107677
vn 0.000000 0.994186 -0.107677
vn 0.000000 0.741022 -0.671480
vn 1.000000 -0.000000 0.000000
vn 1.000000 -0.000000 0.000000
vn 1.000000 -0.000000 -0.000000
vn 1.000000 -0.000000 -0.000000
vn 1.000000 0.000000 0.000000
vn 1.000000 0.000000 0.000000
vn 1.000000 -0.000000 -0.000000
vn 0.000000 -0.741022 0.671480
vn 0.000000 -0.994186 0.107677
vn 0.000000 -0.994186 -0.107677
vn 0.000000 -0.867604 0.497255
vn -1.000000 -0.000000 0.000000
vn -1.000000 -0.000000 -0.000000
vn -1.000000 -0.000000 0.000000
vn 0.000000 0.994186 0.107677
vn 0.000000 0.741022 0.671480
vn 0.000000 0.867604 0.497255
vn 0.000000 0.994186 -0.107677
vn 1.000000 -0.000000 0.000000
vn 1.000000 -0.000000 -0.000000
vn 1.000000 -0.000000 -0.000000
vn 1.000000 -0.000000 -0.000000
vn 1.000000 -0.000000 -0.000000
vn 1.000000 -0.000000 -0.000000
vn 1.000000 -0.000000 -0.000000
vn 0.000000 -0.204814 0.978801
vn 0.000000 -0.741022 0.671480
vn 0.000000 -0.867604 0.497255
vn 0.000000 -0.409627 0.912253
vn -1.000000 0.000000 0.000000
vn -1.000000 0.000000 0.000000
vn -1.000000 0.000000 0.000000
vn 0.000000 0.741022 0.671480
vn 0.000000 0.204814 0.978801
vn 0.000000 0.409627 0.912253
vn 0.000000 0.867604 0.497255
vn 1.000000 -0.000000 0.000000
vn 1.000000 -0.000000 -0.000000
vn 1.000000 -0.000000 0.000000
vn 1.000000 -0.000000 0.000000
vn 1.000000 -0.000000 -0.000000
vn 1.000000 -0.000000 -0.000000
vn 1.000000 -0.000000 0.000000
vn 0.000000 0.409627 0.912253
vn 0.000000 -0.204814 0.978801
vn 0.000000 -0.409627 0.912253
vn 0.000000 0.204814 0.978801
vn -1.000000 0.000000 -0.000000
vn -1.000000 0.000000 -0.000000
vn -1.000000 -0.000000 -0.000000
vn 0.000000 0.204814 0.978801
vn 0.000000 -0.409627 0.912253
vn 0.000000 -0.204814 0.978801
vn 0.000000 0.409627 0.912253
vn 1.000000 -0.000000 0.000000
vn 1.000000 -0.000000 0.000000
vn 1.000000 -0.000000 0.000000
vn 1.000000 -0.000000 0.000000
vn 1.000000 -0.000000 0.000000
vn 1.000000 -0.000000 0.000000
vn 1.000000 -0.000000 0.000000
vn 0.000000 0.867604 0.497255
vn 0.000000 0.409627 0.912253
vn 0.000000 0.204814 0.978801
vn 0.000000 0.741022 0.671480
vn -1.000000 -0.000000 0.000000
vn -1.000000 -0.000000 0.000000
vn -1.000000 -0.000000 -0.000000
vn 0.000000 -0.409627 0.912253
vn 0.000000 -0.867604 0.497255
vn 0.000000 -0.741022 0.671480
vn 0.000000 -0.204814 0.978801
vn 1.000000 -0.000000 0.000000
vn 1.000000 -0.000000 0.000000
vn 1.000000 -0.000000 0.000000
vn 1.000000 0.000000 0.000000
vn 1.000000 -0.000000 0.000000
vn 1.000000 -0.000000 0.000000
vn 1.000000 0.000000 0.000000
vn 0.000000 0.994186 -0.107677
vn 0.000000 0.867604 0.497255
vn 0.000000 0.741022 0.671480
vn 0.000000 0.994186 0.107677
vn -1.000000 -0.000000 0.000000
vn -1.000000 0.000000 0.000000
vn -1.000000 0.000000 0.000000
vn 0.000000 -0.867604 0.497255
vn 0.000000 -0.994186 -0.107677
vn 0.000000 -0.994186 0.107677
vn 0.000000 -0.741022 0.671480
vn -1.000000 0.000000 0.000000
vn -1.000000 0.000000 0.000000
vn -1.000000 0.000000 0.000000
vn -1.000000 0.000000 0.000000
vn -1.000000 0.000000 -0.000000
vn -1.000000 0.000000 -0.000000
vn -1.000000 0.000000 0.000000
vn 0.000000 0.867604 -0.497255
vn 0.000000 0.994186 0.107677
vn 0.000000 0.994186 -0.107677
vn 0.000000 0.741022 -0.671480
vn 1.000000 0.000000 -0.000000
vn 1.000000 -0.000000 -0.000000
vn 1.000000 0.000000 -0.000000
vn 0.000000 -0.994186 0.107677
vn 0.000000 -0.867604 -0.497255
vn 0.000000 -0.741022 -0.671480
vn 0.000000 -0.994186 -0.107677
vn -1.000000 0.000000 0.000000
vn -1.000000 0.000000 0.000000
vn -1.000000 0.000000 0.000000
vn -1.000000 0.000000 0.000000
vn -1.000000 0.000000 0.000000
vn -1.000000 0.000000 0.000000
vn -1.000000 0.000000 0.000000
vn 0.000000 0.409627 -0.912253
vn 0.000000 0.867604 -0.497255
vn 0.000000 0.741022 -0.671480
vn 0.000000 0.204814 -0.978801
vn 1.000000 0.000000 -0.000000
vn 1.000000 0.000000 -0.000000
vn 0.000000 -0.867604 -0.497255
vn 1.000000 0.000000 0.000000
vn 0.000000 -0.409627 -0.912253
vn 0.000000 -0.204814 -0.978801
vn 0.000000 -0.741022 -0.671480
vn -1.000000 0.000000 0.000000
vn -1.000000 0.000000 0.000000
vn -1.000000 0.000000 0.000000
vn -1.000000 0.000000 0.000000
vn -1.000000 0.000000 0.000000
vn -1.000000 0.000000 0.000000
vn -1.000000 0.000000 0.000000
vn 0.000000 -0.204814 -0.978801
vn 0.000000 0.409627 -0.912253
vn 0.000000 0.204814 -0.978801
vn 0.000000 -0.409627 -0.912253
vn 1.000000 0.000000 0.000000
vn 1.000000 0.000000 0.000000
vn 1.000000 0.000000 0.000000
vn 0.000000 -0.409627 -0.912253
vn -0.000000 0.204814 -0.978801
vn -0.000000 0.409627 -0.912253
vn 0.000000 -0.204814 -0.978801
vn -1.000000 0.000000 0.000000
vn -1.000000 0.000000 0.000000
vn -1.000000 0.000000 0.000000
vn -1.000000 0.000000 0.000000
vn -1.000000 0.000000 0.000000
vn -1.000000 0.000000 0.000000
vn -1.000000 0.000000 -0.000000
vn 0.000000 -0.741022 -0.671480
vn 0.000000 -0.204814 -0.978801
vn 0.000000 -0.409627 -0.912253
vn 0.000000 -0.867604 -0.497255
vn 1.000000 0.000000 0.000000
vn 1.000000 0.000000 -0.000000
vn 1.000000 -0.000000 -0.000000
vn -0.000000 0.204814 -0.978801
vn -0.000000 0.741022 -0.671480
vn 0.000000 0.867604 -0.497255
vn -0.000000 0.409627 -0.912253
vn -1.000000 0.000000 0.000000
vn -1.000000 0.000000 0.000000
vn -1.000000 0.000000 0.000000
vn -1.000000 0.000000 -0.000000
vn -1.000000 0.000000 0.000000
vn -1.000000 0.000000 -0.000000
vn -1.000000 0.000000 -0.000000
vn 0.000000 -0.994186 -0.107677
vn 0.000000 -0.741022 -0.671480
vn 0.000000 -0.867604 -0.497255
vn 0.000000 -0.994186 0.107677
vn 1.000000 0.000000 -0.000000
vn 1.000000 0.000000 -0.000000
vn 1.000000 0.000000 -0.000000
vn -0.000000 0.741022 -0.671480
vn 0.000000 0.994186 -0.107677
vn 0.000000 0.994186 0.107677
vn 0.000000 0.867604 -0.497255
vn -1.000000 0.000000 0.000000
vn -1.000000 0.000000 0.000000
vn -1.000000 0.000000 0.000000
vn -1.000000 0.000000 0.000000
vn -1.000000 0.000000 -0.000000
vn -1.000000 0.000000 -0.000000
vn -1.000000 0.000000 0.000000
vn 0.000000 -0.867604 0.497255
vn 0.000000 -0.994186 -0.107677
vn 0.000000 -0.994186 0.107677
vn 0.000000 -0.741022 0.671480
vn 1.000000 0.000000 0.000000
vn 1.000000 0.000000 0.000000
vn 1.000000 0.000000 0.000000
vn 0.000000 0.994186 -0.107677
vn 0.000000 0.867604 0.497255
vn 0.000000 0.741022 0.671480
vn 0.000000 0.994186 0.107677
vn -1.000000 0.000000 0.000000
vn -1.000000 0.000000 0.000000
vn -1.000000 0.000000 0.000000
vn -1.000000 0.000000 0.000000
vn -1.000000 0.000000 0.000000
vn -1.000000 0.000000 0.000000
vn -1.000000 0.000000 0.000000
vn 0.000000 -0.409627 0.912253
vn 0.000000 -0.867604 0.497255
vn 0.000000 -0.741022 0.671480
vn 0.000000 -0.204814 0.978801
vn 1.000000 0.000000 0.000000
vn 1.000000 0.000000 0.000000
vn -1.000000 0.000000 0.000000
vn 0.000000 0.867604 0.497255
vn 0.000000 0.409627 0.912253
vn 0.000000 0.204814 0.978801
vn 0.000000 0.741022 0.671480
vn -1.000000 0.000000 0.000000
vn -1.000000 0.000000 0.000000
vn -1.000000 0.000000 0.000000
vn -1.000000 0.000000 0.000000
vn -1.000000 0.000000 0.000000
vn -1.000000 0.000000 0.000000
vn -1.000000 0.000000 0.000000
vn 0.000000 0.204814 0.978801
vn 0.000000 -0.409627 0.912253
vn 0.000000 -0.204814 0.978801
vn 0.000000 0.409627 0.912253
vn -1.000000 -0.000000 0.000000
vn -1.000000 0.000000 0.000000
vn -1.000000 0.000000 0.000000
vn 0.000000 0.409627 0.912253
vn 0.000000 -0.204814 0.978801
vn 0.000000 -0.409627 0.912253
vn 0.000000 0.204814 0.978801
vn -1.000000 0.000000 0.000000
vn -1.000000 0.000000 0.000000
vn -1.000000 0.000000 0.000000
vn -1.000000 0.000000 0.000000
vn -1.000000 0.000000 0.000000
vn -1.000000 0.000000 0.000000
vn -1.000000 0.000000 -0.000000
vn 0.000000 0.741022 0.671480
vn 0.000000 0.204814 0.978801
vn 0.000000 0.409627 0.912253
vn 0.000000 0.867604 0.497255
vn -1.000000 0.000000 0.000000
vn -1.000000 0.000000 0.000000
vn -1.000000 0.000000 0.000000
vn 0.000000 -0.204814 0.978801
vn 0.000000 -0.741022 0.671480
vn 0.000000 -0.867604 0.497255
vn 0.000000 -0.409627 0.912253
vn -1.000000 0.000000 0.000000
vn -1.000000 0.000000 0.000000
vn -1.000000 0.000000 0.000000
vn -1.000000 0.000000 -0.000000
vn -1.000000 0.000000 0.000000
vn -1.000000 0.000000 -0.000000
vn -1.000000 0.000000 -0.000000
vn 0.000000 0.994186 0.107677
vn 0.000000 0.741022 0.671480
vn 0.000000 0.867604 0.497255
vn 0.000000 0.994186 -0.107677
vn -1.000000 0.000000 0.000000
vn -1.000000 0.000000 0.000000
vn -1.000000 0.000000 0.000000
vn 0.000000 -0.741022 0.671480
vn 0.000000 -0.994186 0.107677
vn 0.000000 -0.994186 -0.107677
vn 0.000000 -0.867604 0.497255
vn -1.000000 0.000000 0.000000
vn -1.000000 0.000000 0.000000
vn -1.000000 0.000000 0.000000
vn -1.000000 0.000000 0.000000
vn -1.000000 0.000000 -0.000000
vn -1.000000 0.000000 -0.000000
vn -1.000000 0.000000 0.000000
vn 0.000000 0.867604 -0.497255
vn 0.000000 0.994186 0.107677
vn 0.000000 0.994186 -0.107677
vn 0.000000 0.741022 -0.671480
vn -1.000000 0.000000 0.000000
vn -1.000000 -0.000000 0.000000
vn -1.000000 0.000000 0.000000
vn 0.000000 -0.994186 0.107677
vn 0.000000 -0.867604 -0.497255
vn 0.000000 -0.741022 -0.671480
vn 0.000000 -0.994186 -0.107677
vn -1.000000 0.000000 0.000000
vn -1.000000 0.000000 0.000000
vn -1.000000 0.000000 0.000000
vn -1.000000 0.000000 0.000000
vn -1.000000 0.000000 0.000000
vn -1.000000 0.000000 0.000000
vn -1.000000 0.000000 0.000000
vn 0.000000 0.409627 -0.912253
vn 0.000000 0.867604 -0.497255
vn 0.000000 0.741022 -0.671480
vn 0.000000 0.204814 -0.978801
vn -1.000000 0.000000 0.000000
vn -1.000000 0.000000 0.000000
vn 0.000000 -0.867604 -0.497255
vn -1.000000 0.000000 0.000000
vn 0.000000 -0.409627 -0.912253
vn 0.000000 -0.204814 -0.978801
vn 0.000000 -0.741022 -0.671480
vn -1.000000 0.000000 0.000000
vn -1.000000 0.000000 0.000000
vn -1.000000 0.000000 0.000000
vn -1.000000 0.000000 0.000000
vn -1.000000 0.000000 0.000000
vn -1.000000 0.000000 0.000000
vn -1.000000 0.000000 0.000000
vn 0.000000 -0.204814 -0.978801
vn 0.000000 0.409627 -0.912253
vn 0.000000 0.204814 -0.978801
vn 0.000000 -0.409627 -0.912253
vn -1.000000 0.000000 0.000000
vn -1.000000 0.000000 0.000000
vn -1.000000 0.000000 0.000000
vn 0.000000 -0.409627 -0.912253
vn -0.000000 0.204814 -0.978801
vn -0.000000 0.409627 -0.912253
vn 0.000000 -0.204814 -0.978801
vn -1.000000 0.000000 0.000000
vn -1.000000 0.000000 0.000000
vn -1.000000 0.000000 0.000000
vn -1.000000 0.000000 0.000000
vn -1.000000 0.000000 0.000000
vn -1.000000 0.000000 0.000000
vn -1.000000 0.000000 -0.000000
vn 0.000000 -0.741022 -0.671480
vn 0.000000 -0.204814 -0.978801
vn 0.000000 -0.409627 -0.912253
vn 0.000000 -0.867604 -0.497255
vn -1.000000 0.000000 0.000000
vn 1.000000 0.000000 0.000000
vn 1.000000 0.000000 0.000000
vn -0.000000 0.204814 -0.978801
vn -0.000000 0.741022 -0.671480
vn 0.000000 0.867604 -0.497255
vn -0.000000 0.409627 -0.912253
vn -1.000000 0.000000 0.000000
vn -1.000000 0.000000 0.000000
vn -1.000000 0.000000 0.000000
vn -1.000000 0.000000 -0.000000
vn -1.000000 0.000000 0.000000
vn -1.000000 0.000000 -0.000000
vn -1.000000 0.000000 -0.000000
vn 0.000000 -0.994186 -0.107677
vn 0.000000 -0.741022 -0.671480
vn 0.000000 -0.867604 -0.497255
vn 0.000000 -0.994186 0.107677
vn 1.000000 0.000000 0.000000
vn 1.000000 0.000000 0.000000
vn 1.000000 0.000000 0.000000
vn -0.000000 0.741022 -0.671480
vn 0.000000 0.994186 -0.107677
vn 0.000000 0.994186 0.107677
vn 0.000000 0.867604 -0.497255
vn -1.000000 0.000000 0.000000
vn -1.000000 0.000000 0.000000
vn -1.000000 0.000000 0.000000
vn -1.000000 0.000000 0.000000
vn -1.000000 0.000000 -0.000000
vn -1.000000 0.000000 -0.000000
vn -1.000000 0.000000 0.000000
vn 0.000000 -0.867604 0.497255
vn 0.000000 -0.994186 -0.107677
vn 0.000000 -0.994186 0.107677
vn 0.000000 -0.741022 0.671480
vn 1.000000 0.000000 0.000000
vn 1.000000 0.000000 0.000000
vn 1.000000 0.000000 0.000000
vn 0.000000 0.994186 -0.107677
vn 0.000000 0.867604 0.497255
vn 0.000000 0.741022 0.671480
vn 0.000000 0.994186 0.107677
vn -1.000000 0.000000 0.000000
vn -1.000000 0.000000 0.000000
vn -1.000000 0.000000 0.000000
vn -1.000000 0.000000 0.000000
vn -1.000000 0.000000 0.000000
vn -1.000000 0.000000 0.000000
vn -1.000000 0.000000 0.000000
vn 0.000000 -0.409627 0.912253
vn 0.000000 -0.867604 0.497255
vn 0.000000 -0.741022 0.671480
vn 0.000000 -0.204814 0.978801
vn 1.000000 0.000000 0.000000
vn 1.000000 0.000000 0.000000
vn 1.000000 0.000000 0.000000
vn 0.000000 0.867604 0.497255
vn 0.000000 0.409627 0.912253
vn 0.000000 0.204814 0.978801
vn 0.000000 0.741022 0.671480
vn -1.000000 0.000000 0.000000
vn -1.000000 0.000000 0.000000
vn -1.000000 0.000000 0.000000
vn -1.000000 0.000000 0.000000
vn -1.000000 0.000000 0.000000
vn -1.000000 0.000000 0.000000
vn -1.000000 0.000000 0.000000
vn 0.000000 0.204814 0.978801
vn 0.000000 -0.409627 0.912253
vn 0.000000 -0.204814 0.978801
vn 0.000000 0.409627 0.912253
vn 1.000000 0.000000 0.000000
vn 1.000000 0.000000 0.000000
vn 1.000000 0.000000 0.000000
vn 0.000000 0.409627 0.912253
vn 0.000000 -0.204814 0.978801
vn 0.000000 -0.409627 0.912253
vn 0.000000 0.204814 0.978801
vn -1.000000 0.000000 0.000000
vn -1.000000 0.000000 0.000000
vn -1.000000 0.000000 0.000000
vn -1.000000 0.000000 0.000000
vn -1.000000 0.000000 0.000000
vn -1.000000 0.000000 0.000000
vn -1.000000 0.000000 -0.000000
vn 0.000000 0.741022 0.671480
vn 0.000000 0.204814 0.978801
vn 0.000000 0.409627 0.912253
vn 0.000000 0.867604 0.497255
vn 1.000000 0.000000 0.000000
vn 1.000000 0.000000 0.000000
vn 1.000000 0.000000 0.000000
vn 0.000000 -0.204814 0.978801
vn 0.000000 -0.741022 0.671480
vn 0.000000 -0.867604 0.497255
vn 0.000000 -0.409627 0.912253
vn -1.000000 0.000000 0.000000
vn -1.000000 0.000000 0.000000
vn -1.000000 0.000000 0.000000
vn -1.000000 0.000000 -0.000000
vn -1.000000 0.000000 0.000000
vn -1.000000 0.000000 -0.000000
vn -1.000000 0.000000 -0.000000
vn 0.000000 0.994186 0.107677
vn 0.000000 0.741022 0.671480
vn 0.000000 0.867604 0.497255
vn 0.000000 0.994186 -0.107677
vn 1.000000 0.000000 0.000000
vn 1.000000 0.000000 0.000000
vn 1.000000 0.000000 0.000000
vn 0.000000 -0.741022 0.671480
vn 0.000000 -0.994186 0.107677
vn 0.000000 -0.994186 -0.107677
vn 0.000000 -0.867604 0.497255
vn -0.083592 0.994069 -0.069562
vn 0.049673 -0.998184 -0.034079
vn 0.049673 -0.998184 -0.034079
vn 0.197058 -0.970869 0.136316
vn 0.125924 -0.990849 0.048584
vn 0.626393 -0.384147 0.678280
vn 0.061955 -0.997953 -0.015859
vn 0.048775 -0.998288 -0.032272
vn 0.315984 0.859288 0.402217
vn -0.050631 0.998095 -0.035265
vn -1.000000 0.000000 0.000000
vn 0.000000 0.000000 1.000000
vn 0.000000 0.000000 1.000000
vn 0.127481 -0.991121 -0.037794
vn 0.118121 -0.991857 -0.047618
vn -0.054073 0.996699 0.060561
vn 0.127481 -0.991121 -0.037794
vn 0.118121 -0.991857 -0.047618
vn 0.622185 0.292925 0.726003
vn 0.626393 -0.384147 0.678280
vn -0.214448 0.867178 -0.449461
vn -0.153642 0.963202 -0.220534
vn 0.001078 -0.937624 -0.347648
vn 0.672841 0.012658 0.739679
vn 0.385471 -0.880200 0.276876
vn -0.134004 0.982379 -0.130288
vn 0.343115 -0.911047 0.228618
vn 0.098502 0.966995 0.234983
vn -0.249686 0.739677 -0.624927
vn 0.672841 0.012658 0.739679
vn 0.312575 0.831973 0.458386
vn 0.012406 -0.947723 -0.318852
vn 0.343115 -0.911047 0.228618
vn 0.385471 -0.880200 0.276876
vn 0.312575 0.831973 0.458386
vn -0.134004 0.982379 -0.130288
vn 0.012406 -0.947723 -0.318852
vn -0.153642 0.963202 -0.220534
vn 0.672949 0.011727 0.739596
vn 0.098502 0.966995 0.234983
vn -0.105106 -0.992384 -0.064237
vn -0.095965 -0.991575 -0.087005
vn 0.081028 0.996535 0.018788
vn 0.082335 0.996286 0.025195
vn -0.095965 -0.991575 -0.087005
vn 0.081028 0.996535 0.018788
vn 0.082335 0.996286 0.025195
vn -0.105106 -0.992384 -0.064237
vn 0.056806 0.996979 0.052978
vn 0.070209 0.996875 0.036197
vn 0.056806 0.996979 0.052978
vn 0.999993 0.000000 0.003868
vn -0.032871 0.000000 0.999460
vn -0.010962 0.000000 0.999940
vn 0.010962 0.000000 0.999940
vn -0.032871 -0.000000 0.999460
vn 0.029351 0.000000 -0.999569
vn -0.081875 0.000000 -0.996643
vn -0.081875 0.000000 -0.996643
vn -0.026389 0.000000 -0.999652
vn -0.010962 0.000000 0.999940
vn 0.032871 0.000000 0.999460
vn 0.032871 -0.000000 0.999460
vn 0.010962 0.000000 0.999940
vn -0.028367 0.000000 -0.999598
vn 0.029351 0.000000 -0.999569
vn -0.026389 0.000000 -0.999652
vn 0.028367 0.000000 -0.999598
vn -0.999963 0.000000 -0.008559
vn -0.999963 0.000000 -0.008559
vn -0.999963 0.000000 -0.008559
vn -0.999963 0.000000 -0.008559
vn 0.026389 0.000000 -0.999652
vn -0.028367 0.000000 -0.999598
vn 0.028367 0.000000 -0.999598
vn -0.029351 -0.000000 -0.999569
vn -0.003116 0.000000 0.999995
vn -0.003116 0.000000 0.999995
vn -0.003116 0.000000 0.999995
vn -0.003116 0.000000 0.999995
vn 0.081875 0.000000 -0.996643
vn 0.026389 0.000000 -0.999652
vn -0.029351 -0.000000 -0.999569
vn 0.081875 0.000000 -0.996643
vn -0.999939 0.000000 -0.011034
vn -0.999982 0.000000 -0.006067
vn -0.999999 0.000000 -0.001100
vn -0.999939 0.000000 -0.011034
vn -0.999982 0.000000 -0.006067
vn -0.999993 0.000000 0.003868
vn -0.999993 0.000000 0.003868
vn -0.999999 0.000000 -0.001100
vn 0.000000 -0.204814 0.978801
vn 0.000000 -0.409627 0.912253
vn 0.000000 0.204814 0.978801
vn -1.000000 0.000000 0.000000
vn -1.000000 0.000000 0.000000
vn -1.000000 0.000000 0.000000
vn -1.000000 0.000000 0.000000
vn -1.000000 0.000000 0.000000
vn -1.000000 0.000000 0.000000
vn -1.000000 0.000000 0.000000
vn 0.000000 0.741022 0.671480
vn 0.000000 0.204814 0.978801
vn 0.000000 0.409627 0.912253
vn 0.000000 0.867604 0.497255
vn -0.173016 -0.979381 0.104298
vn -0.133970 -0.989148 0.060319
vn -0.173016 -0.979381 0.104298
vn 0.000000 -0.204814 0.978801
vn 0.000000 -0.741022 0.671480
vn 0.000000 -0.867604 0.497255
vn 0.000000 -0.409627 0.912253
vn -1.000000 0.000000 0.000000
vn -1.000000 0.000000 0.000000
vn -1.000000 0.000000 0.000000
vn -1.000000 0.000000 0.000000
vn -1.000000 0.000000 0.000000
vn -1.000000 0.000000 0.000000
vn -1.000000 0.000000 0.000000
vn 0.000000 0.994186 0.107677
vn 0.000000 0.741022 0.671480
vn 0.000000 0.867604 0.497255
vn 0.000000 0.994186 -0.107677
vn 0.000000 0.000000 1.000000
vn -0.000000 0.000000 1.000000
vn 0.000000 0.000000 1.000000
vn 0.000000 -0.741022 0.671480
vn 0.000000 -0.994186 0.107677
vn 0.000000 -0.994186 -0.107677
vn 0.000000 -0.867604 0.497255
vn -1.000000 0.000000 0.000000
vn -1.000000 0.000000 0.000000
vn -1.000000 0.000000 0.000000
vn -1.000000 0.000000 0.000000
vn -1.000000 0.000000 0.000000
vn -1.000000 0.000000 0.000000
vn -1.000000 0.000000 0.000000
vn 0.000000 0.867604 -0.497255
vn 0.000000 0.994186 0.107677
vn 0.000000 0.994186 -0.107677
vn -0.000000 0.741022 -0.671480
vn 1.000000 0.000000 0.000000
vn -0.090660 0.992060 -0.087164
vn -0.090660 0.992060 -0.087164
vn 0.000000 -0.994186 0.107677
vn 0.000000 -0.867604 -0.497255
vn 0.000000 -0.741022 -0.671480
vn 0.078452 -0.996917 -0.000904
vn 0.161682 -0.983091 0.085971
vn -0.118427 0.985031 -0.125258
vn -0.000000 -0.000000 -1.000000
vn 0.197058 -0.970869 0.136316
vn 0.125924 -0.990849 0.048584
vn -0.050631 0.998095 -0.035265
vn 0.125924 -0.990849 0.048584
vn 0.125924 -0.990849 0.048584
vn 0.000000 -0.741022 0.671480
vn 0.000000 -0.994186 0.107677
vn 0.000000 -0.994186 -0.107677
vn 0.000000 -0.867604 0.497255
vn 0.000000 -0.204814 0.978801
vn 0.000000 -0.741022 0.671480
vn 0.000000 -0.867604 0.497255
vn 0.000000 -0.409627 0.912253
vn 0.498715 -0.698739 0.512881
vn 0.332478 -0.895170 0.296865
vn 0.498715 -0.698739 0.512881
vn 0.078452 -0.996917 -0.000904
vn 0.332478 -0.895170 0.296865
vn 0.332478 -0.895170 0.296865
vn 0.000000 -0.994186 0.107677
vn 0.000000 -0.867604 -0.497255
vn 0.000000 -0.741022 -0.671480
vn 0.000000 -0.994186 -0.107677
vn -1.000000 -0.000000 -0.000000
vn -1.000000 -0.000000 0.000000
vn -1.000000 -0.000000 0.000000
vn -1.000000 -0.000000 -0.000000
vn -1.000000 0.000000 0.000000
vn -1.000000 0.000000 0.000000
vn -1.000000 -0.000000 -0.000000
vn -1.000000 -0.000000 -0.000000
vn -1.000000 -0.000000 -0.000000
vn -1.000000 -0.000000 0.000000
vn -1.000000 -0.000000 -0.000000
vn -1.000000 -0.000000 -0.000000
vn -1.000000 -0.000000 -0.000000
vn -1.000000 -0.000000 -0.000000
vn 0.000000 0.409627 0.912253
vn 0.000000 -0.204814 0.978801
vn 0.000000 -0.409627 0.912253
vn 0.000000 0.204814 0.978801
vn 0.332478 -0.895170 0.296865
vn 0.088076 -0.995331 0.039488
vn -0.001869 0.999601 0.028169
vn 0.283520 0.886502 0.365692
vn -0.086842 0.995439 -0.039501
vn 1.000000 0.000000 0.000000
vn 0.000000 -0.867604 -0.497255
vn 0.000000 -0.409627 -0.912253
vn 0.000000 -0.204814 -0.978801
vn 0.000000 -0.741022 -0.671480
vn -1.000000 -0.000000 0.000000
vn -1.000000 -0.000000 0.000000
vn -1.000000 -0.000000 0.000000
vn -1.000000 0.000000 0.000000
vn -1.000000 -0.000000 0.000000
vn -0.418305 -0.811303 0.408422
vn -0.104628 -0.993827 0.036902
vn -0.395186 -0.836414 0.379790
vn -0.395186 -0.836414 0.379790
vn -0.395186 -0.836414 0.379790
vn -0.073953 -0.997262 -0.000232
vn -0.154526 0.962511 0.222924
vn 0.093296 0.995075 -0.033484
vn 0.106279 0.989159 -0.101339
vn -0.045424 -0.998412 -0.033323
vn -0.497492 -0.694725 0.519480
vn 0.052252 0.997929 -0.037527
vn -0.569444 -0.554915 0.606468
vn -0.497492 -0.694725 0.519480
vn -0.045424 -0.998412 -0.033323
vn -0.054866 -0.998268 -0.021243
vn -0.266565 0.901375 0.341271
vn 0.013640 0.999842 0.011443
vn -0.428544 0.730176 0.532160
vn -0.266565 0.901375 0.341271
vn -0.000000 0.000000 -1.000000
vn -0.000005 0.000002 -1.000000
vn 0.000465 0.028922 -0.999582
vn 0.015682 0.049984 -0.998627
vn 0.000702 0.043374 -0.999059
vn -0.004764 0.012255 -0.999914
vn -0.428544 0.730176 0.532160
vn -0.266565 0.901375 0.341271
vn -0.266565 0.901375 0.341271
vn -0.154526 0.962511 0.222924
vn -0.007837 -0.046524 0.998886
vn -0.000462 -0.033139 0.999451
vn 0.004767 -0.016473 0.999853
vn 0.007144 -0.003174 0.999969
vn -0.326242 -0.898327 0.294235
vn 0.085600 0.992486 -0.087436
vn 0.085600 0.992486 -0.087436
vn 0.075749 0.995173 -0.062388
vn -0.100817 -0.994905 0.000000
vn -0.299354 -0.954142 0.000000
vn -0.299354 -0.954142 0.000000
vn -0.201635 -0.979461 0.000000
vn 0.201648 -0.979458 0.000000
vn -0.100817 -0.994905 0.000000
vn 0.299374 -0.954136 0.000000
vn 0.100824 -0.994904 0.000000
vn 0.201648 -0.979458 0.000000
vn 0.299374 -0.954136 0.000000
vn 0.100824 -0.994904 0.000000
vn -0.201635 -0.979461 0.000000
vn 0.007144 -0.003174 0.999969
vn -0.000462 -0.033139 0.999451
vn -0.015682 -0.049984 0.998627
vn -0.007837 -0.046524 0.998886
vn 0.004767 -0.016473 0.999853
vn 0.000000 0.000000 1.000000
vn 0.000465 0.028922 -0.999582
vn 0.000702 0.043374 -0.999059
vn -0.000005 0.000002 -1.000000
vn -0.004764 0.012255 -0.999914
vn 0.075749 0.995173 -0.062388
vn -0.160353 -0.983310 0.085960
vn 0.085600 0.992486 -0.087436
vn 0.085600 0.992486 -0.087436
vn -0.009544 0.999084 0.041720
vn -0.160353 -0.983310 0.085960
vn -0.086105 0.986495 0.139333
vn -0.009544 0.999084 0.041720
vn -0.086105 0.986495 0.139333
vn -0.009544 0.999084 0.041720
vn -0.009544 0.999084 0.041720
vn -0.094548 -0.995457 0.011246
vn 0.135635 0.975724 -0.171945
vn -0.415444 0.747134 0.518843
vn 0.114043 0.981670 -0.152701
vn 0.135635 0.975724 -0.171945
vn -0.094548 -0.995457 0.011246
vn -0.104628 -0.993827 0.036902
vn -0.415444 0.747134 0.518843
vn -0.482485 0.650871 0.586152
vn 0.000000 0.000000 -1.000000
vn -1.000000 0.000000 0.000000
vn -1.000000 0.000000 0.000000
vn -0.000000 -0.000000 -1.000000
vn 0.000000 0.000000 -1.000000
vn -1.000000 0.000000 0.000000
vn -1.000000 0.000000 0.000000
vn 0.000000 0.000000 -1.000000
vn 0.000000 0.000000 -1.000000
vn -1.000000 0.000000 0.000000
vn 0.000000 0.000000 1.000000
vn 0.000000 0.409627 0.912253
vn 0.013640 0.999842 0.011443
vn -0.173016 -0.979381 0.104298
vn -0.173016 -0.979381 0.104298
vn 0.000000 0.409627 0.912253
vn 0.000000 -0.204814 0.978801
vn 0.000000 -0.409627 0.912253
vn 0.000000 0.204814 0.978801
vn -0.097166 0.987460 -0.124422
vn 0.897969 0.439456 0.023016
vn 0.897969 0.439456 0.023016
vn 0.998628 0.052300 0.002739
vn 0.966859 0.254962 0.013353
vn 0.966859 0.254962 0.013353
vn 0.998628 0.052300 0.002739
vn 0.918873 -0.394014 -0.020639
vn 0.962632 -0.270444 -0.014166
vn -0.288961 -0.955223 0.063643
vn -0.288961 -0.955223 0.063643
vn 0.004723 0.997210 -0.074492
vn -0.644699 0.762968 -0.047348
vn -0.644699 0.762968 -0.047348
vn -0.965649 0.259601 0.011373
vn -0.965649 0.259601 0.011373
vn -0.987853 -0.144002 0.058386
vn -0.987853 -0.144002 0.058386
vn -0.767177 -0.631671 0.111492
vn -0.767177 -0.631671 0.111492
vn -0.745844 -0.371347 -0.553008
vn -0.745844 -0.371347 -0.553008
vn -0.480021 -0.552044 -0.681782
vn -0.480021 -0.552044 -0.681782
vn -0.093123 -0.621153 -0.778137
vn -0.897474 0.056043 -0.437493
vn -0.524802 -0.644283 -0.556312
vn 1.000000 0.000000 0.000000
vn 1.000000 -0.000000 0.000000
vn 1.000000 0.000000 0.000000
vn 1.000000 0.000000 0.000000
vn -1.000000 0.000000 0.000000
vn -1.000000 0.000000 0.000000
vn -1.000000 -0.000000 -0.000000
vn -1.000000 0.000000 0.000000
vn 0.000000 1.000000 0.000000
vn 0.000000 1.000000 -0.000000
vn 0.000000 1.000000 0.000000
vn 0.000000 1.000000 0.000000
vn 0.000000 0.000000 1.000000
vn 0.000000 0.000000 1.000000
vn 0.000000 0.000000 1.000000
vn 0.000000 0.000000 1.000000
vn 0.000000 -1.000000 0.000000
vn -0.000000 -1.000000 -0.000000
vn 0.000000 -1.000000 0.000000
vn 0.000000 -1.000000 0.000000
vn -0.000000 0.000000 -1.000000
vn 0.000000 0.000000 -1.000000
vn 0.000000 0.000000 -1.000000
vn 0.000000 0.000000 -1.000000
vn 0.000000 1.000000 0.000000
vn 0.000000 1.000000 0.000000
vn -0.000000 1.000000 0.000000
vn 0.000000 1.000000 0.000000
vn 0.000000 0.000000 -1.000000
vn 0.000000 0.000000 -1.000000
vn 0.000000 0.000000 -1.000000
vn 0.000000 0.000000 -1.000000
vn 0.000000 -1.000000 0.000000
vn 0.000000 -1.000000 0.000000
vn 0.000000 -1.000000 0.000000
vn 0.000000 -1.000000 0.000000
vn 0.000000 0.000000 1.000000
vn 0.000000 0.000000 1.000000
vn 0.000000 0.000000 1.000000
vn -0.000000 0.000000 1.000000
vn -0.244687 -0.969261 -0.025699
vn -0.832468 -0.131932 0.538136
vn -0.900048 0.086686 0.427081
vn -0.910662 -0.353711 -0.213504
vn -0.934240 -0.325504 -0.145747
vn -0.832468 -0.131932 0.538136
vn -0.934240 -0.325504 -0.145747
vn -0.845606 0.292846 0.446309
vn -0.832468 -0.131932 0.538136
vn -0.900048 0.086686 0.427081
vn -0.485612 0.453881 0.747110
vn -0.839992 0.307404 0.447120
vn -0.910662 -0.353711 -0.213504
vn -0.944653 0.004571 -0.328039
vn -0.934240 -0.325504 -0.145747
vn -0.839992 0.307404 0.447120
vn -0.934240 -0.325504 -0.145747
vn -0.845606 0.292846 0.446309
vn -0.944653 0.004571 -0.328039
vn -0.621664 -0.766047 -0.163419
vn -0.993629 0.110685 -0.021212
vn -0.987414 0.158154 -0.000864
vn -0.906114 -0.406590 -0.116803
vn -0.000056 -0.998630 -0.052328
vn -0.000028 -0.998631 -0.052317
vn 0.648637 -0.760056 -0.039811
vn 0.324306 -0.944657 -0.049487
vn 0.324306 -0.944657 -0.049487
vn 0.648637 -0.760056 -0.039811
vn 0.962632 -0.270444 -0.014166
vn 0.918873 -0.394014 -0.020639
vn -0.987414 0.158154 -0.000864
vn -0.993629 0.110685 -0.021212
vn 0.818198 0.000000 0.574937
vn 0.818198 0.000000 0.574937
vn 0.884261 0.000000 0.466993
vn 0.884261 0.000000 0.466993
vn 0.734927 -0.676719 -0.043978
vn 0.942563 -0.332583 -0.031028
vn 0.924902 -0.369966 -0.087641
vn -0.767177 -0.631671 0.111492
vn -0.987853 -0.144002 0.058386
vn 0.037617 -0.998875 0.028860
vn -0.288961 -0.955223 0.063643
vn 0.037617 -0.998875 0.028860
vn -1.000000 0.000000 0.000000
vn -1.000000 0.000000 0.000000
vn -1.000000 0.000000 0.000000
vn -1.000000 0.000000 0.000000
vn 1.000000 0.000000 0.000000
vn 1.000000 0.000000 -0.000000
vn 1.000000 0.000000 0.000000
vn 1.000000 0.000000 0.000000
vn 0.000000 1.000000 0.000000
vn 0.000000 1.000000 0.000000
vn 0.000000 1.000000 -0.000000
vn 0.000000 1.000000 0.000000
vn 0.000000 0.000000 1.000000
vn 0.000000 0.000000 1.000000
vn 0.000000 0.000000 1.000000
vn 0.000000 0.000000 1.000000
vn 0.000000 -1.000000 0.000000
vn 0.000000 -1.000000 0.000000
vn -0.000000 -1.000000 -0.000000
vn 0.000000 -1.000000 0.000000
vn 0.000000 0.000000 -1.000000
vn 0.000000 0.000000 -1.000000
vn 0.000000 0.000000 -1.000000
vn -0.000000 0.000000 -1.000000
vn 0.000000 1.000000 0.000000
vn -0.000000 1.000000 0.000000
vn 0.000000 1.000000 0.000000
vn 0.000000 1.000000 0.000000
vn 0.000000 0.000000 -1.000000
vn 0.000000 0.000000 -1.000000
vn 0.000000 0.000000 -1.000000
vn 0.000000 0.000000 -1.000000
vn 0.000000 -1.000000 0.000000
vn 0.000000 -1.000000 0.000000
vn 0.000000 -1.000000 0.000000
vn 0.000000 -1.000000 0.000000
vn -0.000000 0.000000 1.000000
vn 0.000000 0.000000 1.000000
vn 0.000000 0.000000 1.000000
vn 0.000000 0.000000 1.000000
vn 0.244687 -0.969261 -0.025699
vn 0.815218 -0.122914 0.565961
vn 0.944036 -0.119064 0.307604
vn 0.879400 -0.339182 -0.334082
vn 0.901902 -0.408868 -0.139283
vn 0.815218 -0.122914 0.565961
vn 0.901902 -0.408868 -0.139283
vn 0.838925 0.310669 0.446866
vn 0.815218 -0.122914 0.565961
vn 0.944036 -0.119064 0.307604
vn 0.487096 0.431553 0.759275
vn 0.841743 0.294669 0.452370
vn 0.879400 -0.339182 -0.334082
vn 0.974779 0.052132 -0.216998
vn 0.901902 -0.408868 -0.139283
vn 0.841743 0.294669 0.452370
vn 0.901902 -0.408868 -0.139283
vn 0.838925 0.310669 0.446866
vn 0.974779 0.052132 -0.216998
vn 0.622185 0.292925 0.726003
vn 0.626393 -0.384147 0.678280
vn 0.078452 -0.996917 -0.000904
vn 0.161682 -0.983091 0.085971
vn -0.118427 0.985031 -0.125258
vn -0.097166 0.987460 -0.124422
vn 0.626393 -0.384147 0.678280
vn -0.118427 0.985031 -0.125258
vn 0.161682 -0.983091 0.085971
vn 0.029890 0.997338 0.066510
vn 0.029890 0.997338 0.066510
vn 0.035208 0.996474 0.076158
vn 0.029890 0.997338 0.066510
vn 0.035208 0.996474 0.076158
vn 0.254146 -0.944861 0.206511
vn 0.029890 0.997338 0.066510
vn -0.090660 0.992060 -0.087164
vn -0.090660 0.992060 -0.087164
vn 0.254146 -0.944861 0.206511
vn -0.098798 0.989216 -0.108122
vn -0.098798 0.989216 -0.108122
vn -0.090660 0.992060 -0.087164
vn -0.090660 0.992060 -0.087164
vn 0.093296 -0.995075 0.033484
vn -0.001869 0.999601 0.028169
vn 0.315984 0.859288 0.402217
vn 0.315984 0.859288 0.402217
vn 0.273317 0.892690 0.358332
vn 0.315984 0.859288 0.402217
vn 0.273317 0.892690 0.358332
vn -0.050631 0.998095 -0.035265
vn 0.315984 0.859288 0.402217
vn 0.048775 -0.998288 -0.032272
vn 0.061955 -0.997953 -0.015859
vn 0.626393 -0.384147 0.678280
vn 0.622185 0.292925 0.726003
vn -0.083592 0.994069 -0.069562
vn 0.626393 -0.384147 0.678280
vn 0.061955 -0.997953 -0.015859
vn -0.086842 0.995439 -0.039501
vn 0.283520 0.886502 0.365692
vn -0.001869 0.999601 0.028169
vn 0.088076 -0.995331 0.039488
vn 0.332478 -0.895170 0.296865
vn 0.332478 -0.895170 0.296865
vn 0.332478 -0.895170 0.296865
vn 0.078452 -0.996917 -0.000904
vn 0.498715 -0.698739 0.512881
vn 0.332478 -0.895170 0.296865
vn 0.498715 -0.698739 0.512881
vn 0.125924 -0.990849 0.048584
vn 0.125924 -0.990849 0.048584
vn -0.050631 0.998095 -0.035265
vn 0.125924 -0.990849 0.048584
vn 0.197058 -0.970869 0.136316
vn 0.125924 -0.990849 0.048584
vn 0.197058 -0.970869 0.136316
vn 0.049673 -0.998184 -0.034079
vn 0.049673 -0.998184 -0.034079
vn -0.083592 0.994069 -0.069562
vn 0.049673 -0.998184 -0.034079
vn 0.043720 -0.998362 -0.036911
vn 0.049673 -0.998184 -0.034079
vn 0.043720 -0.998362 -0.036911
vn -0.482485 0.650871 0.586152
vn -0.415444 0.747134 0.518843
vn -0.104628 -0.993827 0.036902
vn -0.094548 -0.995457 0.011246
vn 0.135635 0.975724 -0.171945
vn 0.114043 0.981670 -0.152701
vn -0.415444 0.747134 0.518843
vn 0.135635 0.975724 -0.171945
vn -0.094548 -0.995457 0.011246
vn -0.009544 0.999084 0.041720
vn -0.009544 0.999084 0.041720
vn -0.086105 0.986495 0.139333
vn -0.009544 0.999084 0.041720
vn -0.086105 0.986495 0.139333
vn -0.160353 -0.983310 0.085960
vn -0.009544 0.999084 0.041720
vn 0.085600 0.992486 -0.087436
vn 0.085600 0.992486 -0.087436
vn -0.160353 -0.983310 0.085960
vn 0.075749 0.995173 -0.062388
vn 0.075749 0.995173 -0.062388
vn 0.085600 0.992486 -0.087436
vn 0.085600 0.992486 -0.087436
vn -0.326242 -0.898327 0.294235
vn -0.154526 0.962511 0.222924
vn -0.266565 0.901375 0.341271
vn -0.266565 0.901375 0.341271
vn -0.428544 0.730176 0.532160
vn -0.266565 0.901375 0.341271
vn -0.428544 0.730176 0.532160
vn 0.013640 0.999842 0.011443
vn -0.266565 0.901375 0.341271
vn -0.054866 -0.998268 -0.021243
vn -0.045424 -0.998412 -0.033323
vn -0.497492 -0.694725 0.519480
vn -0.569444 -0.554915 0.606468
vn 0.052252 0.997929 -0.037527
vn -0.497492 -0.694725 0.519480
vn -0.045424 -0.998412 -0.033323
vn 0.106279 0.989159 -0.101339
vn 0.093296 0.995075 -0.033484
vn -0.154526 0.962511 0.222924
vn -0.073953 -0.997262 -0.000232
vn -0.395186 -0.836414 0.379790
vn -0.395186 -0.836414 0.379790
vn -0.395186 -0.836414 0.379790
vn -0.104628 -0.993827 0.036902
vn -0.418305 -0.811303 0.408422
vn -0.395186 -0.836414 0.379790
vn -0.418305 -0.811303 0.408422
vn -0.173016 -0.979381 0.104298
vn -0.173016 -0.979381 0.104298
vn 0.013640 0.999842 0.011443
vn -0.173016 -0.979381 0.104298
vn -0.133970 -0.989148 0.060319
vn -0.173016 -0.979381 0.104298
vn -0.133970 -0.989148 0.060319
vn -0.062593 -0.997849 -0.019459
vn -0.062593 -0.997849 -0.019459
vn 0.052252 0.997929 -0.037527
vn -0.062593 -0.997849 -0.019459
vn -0.041110 -0.998338 -0.040389
vn -0.062593 -0.997849 -0.019459
vn -0.041110 -0.998338 -0.040389
vn 0.382896 -0.909020 0.164539
vn -0.009921 -0.999693 0.022694
vn -0.005014 -0.999873 -0.015159
vn 0.712330 -0.689193 0.132661
vn 0.439099 -0.898438 0.001017
vn 0.382896 -0.909020 0.164539
vn 0.712330 -0.689193 0.132661
vn 0.895837 -0.443858 -0.021582
vn -0.990968 -0.026526 -0.131447
vn -0.943014 0.164089 -0.289482
vn 0.057798 0.998272 0.010642
vn -0.124611 0.992024 0.018975
vn -0.695342 0.646343 -0.314231
vn -0.742812 0.668305 -0.039972
vn -0.737337 0.675517 0.003457
vn -0.742812 0.668305 -0.039972
vn -0.742812 0.668305 -0.039972
vn -0.695342 0.646343 -0.314231
vn -0.990968 -0.026526 -0.131447
vn -0.742812 0.668305 -0.039972
vn 0.112484 0.900914 -0.419168
vn 0.057798 0.998272 0.010642
vn -0.737337 0.675517 0.003457
vn -0.996318 0.074935 -0.041659
vn 0.739896 -0.653066 -0.161425
vn 0.942563 -0.332583 -0.031028
vn -0.038924 -0.995753 -0.083426
vn 0.734912 -0.668772 -0.112465
vn 0.996657 -0.081318 -0.007912
vn 0.997219 0.070552 -0.024031
vn -0.638437 0.769468 0.017805
vn 0.961636 0.274320 0.002350
vn 0.340179 -0.913301 -0.223962
vn 0.739896 -0.653066 -0.161425
vn 0.924902 -0.369966 -0.087641
vn 0.395852 -0.901041 -0.177274
vn -0.005360 -0.998251 0.058881
vn 0.340179 -0.913301 -0.223962
vn 0.395852 -0.901041 -0.177274
vn 0.033956 -0.999015 -0.028561
vn 0.041403 -0.988754 -0.143707
vn 0.831766 -0.547843 -0.089625
vn 0.810141 -0.584408 0.046255
vn 0.028141 -0.999601 0.002359
vn 0.831766 -0.547843 -0.089625
vn 0.979005 0.199774 -0.040495
vn 0.982229 0.187394 0.010419
vn 0.810141 -0.584408 0.046255
vn 0.979005 0.199774 -0.040495
vn 0.572167 0.820113 0.006205
vn 0.695898 0.717905 -0.018370
vn 0.982229 0.187394 0.010419
vn 0.572167 0.820113 0.006205
vn -0.124611 0.992024 0.018975
vn -0.002784 0.999272 -0.038041
vn 0.695898 0.717905 -0.018370
vn -0.003784 0.999981 0.004935
vn -0.682390 0.730914 0.010438
vn -0.677927 0.734853 0.020143
vn -0.003575 0.999824 0.018393
vn -0.999062 -0.043266 0.002022
vn -0.821616 -0.568324 0.044224
vn 0.606400 -0.610391 0.509610
vn 0.571860 -0.759465 0.310144
vn 0.010893 -0.998976 0.043902
vn -0.926816 -0.375007 -0.019522
vn -0.947240 -0.317949 -0.040562
vn -0.994756 -0.098962 -0.025814
vn -0.682390 0.730914 0.010438
vn -0.971749 0.235803 0.010079
vn -0.986424 0.164104 -0.006179
vn 0.439099 -0.898438 0.001017
vn 0.028141 -0.999601 0.002359
vn 0.810141 -0.584408 0.046255
vn 0.754785 -0.652557 0.066850
vn -0.000551 -0.999887 0.015042
vn 0.810141 -0.584408 0.046255
vn 0.982229 0.187394 0.010419
vn 0.968865 0.246888 0.018641
vn 0.754785 -0.652557 0.066850
vn 0.982229 0.187394 0.010419
vn 0.695898 0.717905 -0.018370
vn 0.981368 0.190694 0.023491
vn 0.994880 -0.090797 0.044383
vn 0.695898 0.717905 -0.018370
vn -0.002784 0.999272 -0.038041
vn 0.001612 0.999093 -0.042542
vn 0.645864 0.763084 -0.023720
vn 0.602462 0.797815 0.023040
vn -0.087563 0.995986 0.018547
vn 0.977194 0.212348 -0.000329
vn 0.602462 0.797815 0.023040
vn 0.977194 0.212348 -0.000329
vn 0.924902 -0.369966 -0.087641
vn -0.000000 -0.127016 0.991901
vn 0.079343 0.778793 0.622243
vn -0.732227 0.680882 0.015585
vn -0.087563 0.995986 0.018547
vn -0.732227 0.680882 0.015585
vn -0.638437 0.769468 0.017805
vn 0.058151 0.998110 0.019881
vn 0.924902 -0.369966 -0.087641
vn -0.000000 -0.127016 0.991901
vn 0.846946 0.036016 0.530458
vn -0.000551 -0.999887 0.015042
vn 0.754785 -0.652557 0.066850
vn 0.798622 -0.597492 0.072147
vn -0.025700 -0.998433 0.049710
vn 0.754785 -0.652557 0.066850
vn 0.968865 0.246888 0.018641
vn 0.978020 0.193660 0.077276
vn 0.798622 -0.597492 0.072147
vn 0.968865 0.246888 0.018641
vn 0.645864 0.763084 -0.023720
vn 0.723201 0.689593 0.037971
vn 0.978020 0.193660 0.077276
vn 0.645864 0.763084 -0.023720
vn 0.001612 0.999093 -0.042542
vn -0.010967 0.999797 0.016901
vn 0.723201 0.689593 0.037971
vn -0.003575 0.999824 0.018393
vn 0.690923 0.722799 0.013695
vn 0.690923 0.722799 0.013695
vn 0.961636 0.274320 0.002350
vn -0.818198 0.000000 0.574937
vn -0.818198 0.000000 0.574937
vn 0.647097 0.504299 0.571794
vn -0.000000 -0.127016 0.991901
vn 0.647097 0.504299 0.571794
vn -0.677927 0.734853 0.020143
vn -0.994756 -0.098962 -0.025814
vn -0.986424 0.164104 -0.006179
vn -0.971749 0.235803 0.010079
vn -0.999062 -0.043266 0.002022
vn 0.681364 0.731929 0.004854
vn 0.846946 0.036016 0.530458
vn -0.025700 -0.998433 0.049710
vn 0.798622 -0.597492 0.072147
vn 0.793837 -0.585239 0.165282
vn -0.032323 -0.995116 0.093274
vn 0.798622 -0.597492 0.072147
vn 0.979380 -0.193621 0.057679
vn 0.974356 -0.175951 0.140255
vn 0.793837 -0.585239 0.165282
vn 0.978020 0.193660 0.077276
vn 0.723201 0.689593 0.037971
vn 0.800218 0.578977 0.156324
vn 0.977700 0.141863 0.154849
vn 0.723201 0.689593 0.037971
vn -0.010967 0.999797 0.016901
vn 0.067649 0.986325 0.150289
vn 0.800218 0.578977 0.156324
vn 0.734912 -0.668772 -0.112465
vn 0.395852 -0.901041 -0.177274
vn 0.977194 0.212348 -0.000329
vn 0.997219 0.070552 -0.024031
vn 0.734912 -0.668772 -0.112465
vn 0.924902 -0.369966 -0.087641
vn 0.606400 -0.610391 0.509610
vn -0.000000 -0.127016 0.991901
vn 0.033956 -0.999015 -0.028561
vn 0.602462 0.797815 0.023040
vn 0.395852 -0.901041 -0.177274
vn 0.786747 0.617083 0.015392
vn 0.997219 0.070552 -0.024031
vn 0.977194 0.212348 -0.000329
vn -0.087563 0.995986 0.018547
vn 0.058151 0.998110 0.019881
vn 0.074463 -0.967170 0.242977
vn 0.868362 -0.399040 0.294473
vn 0.019869 0.858752 0.512005
vn 0.649355 0.652983 0.389809
vn 0.656160 0.630555 0.414555
vn -0.014194 0.876035 0.482039
vn 0.649355 0.652983 0.389809
vn 0.948108 0.162897 0.273050
vn 0.914995 0.194518 0.353477
vn 0.656160 0.630555 0.414555
vn 0.571860 -0.759465 0.310144
vn 0.914995 0.194518 0.353477
vn 0.948108 0.162897 0.273050
vn 0.718554 -0.630635 0.293223
vn 0.718554 -0.630635 0.293223
vn 0.419819 -0.861300 0.286207
vn -0.003784 0.999981 0.004935
vn -0.003575 0.999824 0.018393
vn 0.690923 0.722799 0.013695
vn 0.996657 -0.081318 -0.007912
vn 0.970962 0.207508 -0.119048
vn 0.942563 -0.332583 -0.031028
vn 0.382896 -0.909020 0.164539
vn -0.009921 -0.999693 0.022694
vn 0.681364 0.731929 0.004854
vn 0.681364 0.731929 0.004854
vn 0.974275 0.225318 0.004548
vn 0.974275 0.225318 0.004548
vn 0.712330 -0.689193 0.132661
vn 0.712330 -0.689193 0.132661
vn -0.005014 -0.999873 -0.015159
vn -0.003784 0.999981 0.004935
vn -0.032323 -0.995116 0.093274
vn -0.797770 -0.589861 0.125003
vn -0.971210 -0.167037 0.169850
vn -0.711981 -0.673301 -0.199374
vn -0.953242 -0.191097 0.234117
vn -0.774098 -0.585868 0.239857
vn -0.065554 -0.996179 -0.057700
vn -0.270640 -0.956872 0.105590
vn -0.383177 -0.889117 0.250292
vn -0.130047 -0.968523 0.212251
vn -0.079652 0.905868 0.416002
vn -0.740614 0.614591 0.271604
vn -0.672152 0.728012 0.134945
vn 0.067649 0.986325 0.150289
vn -0.672152 0.728012 0.134945
vn -0.740614 0.614591 0.271604
vn 0.693292 0.720591 0.009792
vn -0.003760 0.999870 0.015681
vn 0.786747 0.617083 0.015392
vn 0.693292 0.720591 0.009792
vn 0.999635 0.017880 -0.020240
vn 0.799514 -0.595265 -0.080225
vn 0.002778 -0.997221 -0.074448
vn 0.734912 -0.668772 -0.112465
vn 0.799514 -0.595265 -0.080225
vn 0.799514 -0.595265 -0.080225
vn 0.002778 -0.997221 -0.074448
vn -0.003760 0.999870 0.015681
vn 0.997219 0.070552 -0.024031
vn 0.999635 0.017880 -0.020240
vn 0.999635 0.017880 -0.020240
vn 0.999635 0.017880 -0.020240
vn -0.014194 0.876035 0.482039
vn 0.656160 0.630555 0.414555
vn 0.647097 0.504299 0.571794
vn 0.079343 0.778793 0.622243
vn 0.656160 0.630555 0.414555
vn 0.914995 0.194518 0.353477
vn 0.846946 0.036016 0.530458
vn 0.647097 0.504299 0.571794
vn 0.440099 -0.897561 0.026410
vn 0.741661 -0.621934 0.251271
vn 0.718554 -0.630635 0.293223
vn -0.410828 -0.883193 -0.226255
vn -0.524802 -0.644283 -0.556312
vn -0.964773 0.149481 0.216490
vn -0.964009 0.223806 0.143517
vn -0.833893 -0.390127 -0.390415
vn 0.741661 -0.621934 0.251271
vn 0.948987 0.210827 0.234468
vn 0.948108 0.162897 0.273050
vn 0.718554 -0.630635 0.293223
vn -0.964009 0.223806 0.143517
vn -0.964773 0.149481 0.216490
vn -0.953242 -0.191097 0.234117
vn -0.971210 -0.167037 0.169850
vn 0.948987 0.210827 0.234468
vn 0.612891 0.718563 0.328682
vn 0.649355 0.652983 0.389809
vn 0.948108 0.162897 0.273050
vn -0.797770 -0.589861 0.125003
vn -0.774098 -0.585868 0.239857
vn -0.383177 -0.889117 0.250292
vn -0.270640 -0.956872 0.105590
vn 0.612891 0.718563 0.328682
vn -0.079652 0.905868 0.416002
vn 0.019869 0.858752 0.512005
vn 0.649355 0.652983 0.389809
vn 0.741661 -0.621934 0.251271
vn 0.964028 -0.164274 0.208958
vn 0.974356 -0.175951 0.140255
vn 0.793837 -0.585239 0.165282
vn 0.914995 0.194518 0.353477
vn 0.571860 -0.759465 0.310144
vn 0.606400 -0.610391 0.509610
vn 0.846946 0.036016 0.530458
vn -0.037802 -0.993584 0.106595
vn 0.074463 -0.967170 0.242977
vn 0.571860 -0.759465 0.310144
vn 0.440099 -0.897561 0.026410
vn -0.711981 -0.673301 -0.199374
vn 0.571860 -0.759465 0.310144
vn 0.082419 -0.969847 0.229357
vn 0.381488 -0.895672 0.228558
vn -0.996318 0.074935 -0.041659
vn -0.833893 -0.390127 -0.390415
vn -0.843223 -0.527549 -0.103283
vn -0.711981 -0.673301 -0.199374
vn -0.990968 -0.026526 -0.131447
vn 0.337885 -0.935154 0.106398
vn 0.071451 -0.987419 0.141060
vn 0.071451 -0.987419 0.141060
vn -0.410828 -0.883193 -0.226255
vn 0.800218 0.578977 0.156324
vn 0.868362 -0.399040 0.294473
vn 0.606400 -0.610391 0.509610
vn 0.734912 -0.668772 -0.112465
vn 0.786747 0.617083 0.015392
vn 0.693292 0.720591 0.009792
vn 0.786747 0.617083 0.015392
vn 0.602462 0.797815 0.023040
vn 0.693292 0.720591 0.009792
vn 0.058151 0.998110 0.019881
vn -0.038924 -0.995753 -0.083426
vn -0.906114 -0.406590 -0.116803
vn 0.895837 -0.443858 -0.021582
vn -0.445316 -0.872330 -0.201826
vn -0.621664 -0.766047 -0.163419
vn 0.202045 -0.979351 0.006976
vn 0.202045 -0.979351 0.006976
vn 0.097933 -0.981236 0.166088
vn 0.097933 -0.981236 0.166088
vn 0.060975 -0.996781 0.052057
vn 0.211299 -0.976711 0.037250
vn 0.211299 -0.976711 0.037250
vn 0.385322 -0.922434 0.025324
vn 0.385322 -0.922434 0.025324
vn 0.414886 -0.909075 0.038103
vn 0.414886 -0.909075 0.038103
vn 0.337885 -0.935154 0.106398
vn 0.337885 -0.935154 0.106398
vn 0.612891 0.718563 0.328682
vn -0.079652 0.905868 0.416002
vn -0.943014 0.164089 -0.289482
vn 0.067649 0.986325 0.150289
vn -0.018457 -0.999826 0.002812
vn -0.990968 -0.026526 -0.131447
vn -0.884261 0.000000 0.466993
vn -0.884261 0.000000 0.466993
vn -0.906114 -0.406590 -0.116803
vn 0.067958 -0.973772 -0.217141
vn 0.015244 -0.833866 -0.551757
vn -0.524802 -0.644283 -0.556312
vn 0.202045 -0.979351 0.006976
vn 0.097933 -0.981236 0.166088
vn 0.211299 -0.976711 0.037250
vn 0.385322 -0.922434 0.025324
vn 0.385322 -0.922434 0.025324
vn 0.414886 -0.909075 0.038103
vn 0.414886 -0.909075 0.038103
vn 0.337885 -0.935154 0.106398
vn 0.097933 -0.981236 0.166088
vn 0.060975 -0.996781 0.052057
vn -0.987414 0.158154 -0.000864
vn -0.410828 -0.883193 -0.226255
vn 0.977700 0.141863 0.154849
vn 0.948987 0.210827 0.234468
vn 0.211299 -0.976711 0.037250
vn 0.202045 -0.979351 0.006976
vn 0.381488 -0.895672 0.228558
vn 0.419819 -0.861300 0.286207
vn 0.612891 0.718563 0.328682
vn 0.800218 0.578977 0.156324
vn 0.015244 -0.833866 -0.551757
vn 0.067958 -0.973772 -0.217141
vn 0.266659 -0.937756 -0.222503
vn 0.515380 -0.727793 -0.452439
vn -0.711981 -0.673301 -0.199374
vn -0.843223 -0.527549 -0.103283
vn -0.350159 -0.926098 -0.140469
vn -0.410828 -0.883193 -0.226255
vn -0.350159 -0.926098 -0.140469
vn 0.041403 -0.988754 -0.143707
vn 0.067958 -0.973772 -0.217141
vn 0.041403 -0.988754 -0.143707
vn 0.335451 -0.928576 -0.158804
vn 0.266659 -0.937756 -0.222503
vn 0.067958 -0.973772 -0.217141
vn 0.289803 -0.957041 -0.009332
vn 0.508202 -0.844563 0.168653
vn 0.508202 -0.844563 0.168653
vn 0.707600 -0.567590 0.420886
vn 0.707600 -0.567590 0.420886
vn 0.508202 -0.844563 0.168653
vn 0.707600 -0.567590 0.420886
vn 0.508202 -0.844563 0.168653
vn 0.289803 -0.957041 -0.009332
vn 0.707600 -0.567590 0.420886
vn -0.000000 -0.127016 0.991901
vn 0.964028 -0.164274 0.208958
vn 0.974356 -0.175951 0.140255
vn 0.964028 -0.164274 0.208958
vn 0.948987 0.210827 0.234468
vn 0.974356 -0.175951 0.140255
vn 0.977700 0.141863 0.154849
vn 0.979380 -0.193621 0.057679
vn 0.979380 -0.193621 0.057679
vn 0.983369 -0.172092 0.058045
vn 0.983369 -0.172092 0.058045
vn 0.999274 -0.037301 0.007794
vn 0.999274 -0.037301 0.007794
vn 0.998182 -0.059818 -0.007430
vn 0.991341 0.090882 -0.094782
vn 0.712330 -0.689193 0.132661
vn 0.998182 -0.059818 -0.007430
vn 0.690923 0.722799 0.013695
vn -0.986424 0.164104 -0.006179
vn 0.941791 -0.220670 0.253641
vn 0.941791 -0.220670 0.253641
vn 0.903332 -0.276157 0.328220
vn 0.903332 -0.276157 0.328220
vn 0.790122 -0.305341 0.531483
vn 0.790122 -0.305341 0.531483
vn 0.970962 0.207508 -0.119048
vn 0.961636 0.274320 0.002350
vn 0.999274 -0.037301 0.007794
vn 0.983369 -0.172092 0.058045
vn 0.983369 -0.172092 0.058045
vn 0.979380 -0.193621 0.057679
vn 0.977700 0.141863 0.154849
vn 0.978020 0.193660 0.077276
vn 0.974275 0.225318 0.004548
vn 0.681364 0.731929 0.004854
vn 0.941791 -0.220670 0.253641
vn 0.903332 -0.276157 0.328220
vn 0.337885 -0.935154 0.106398
vn 0.381488 -0.895672 0.228558
vn 0.999274 -0.037301 0.007794
vn 0.998182 -0.059818 -0.007430
vn 0.964028 -0.164274 0.208958
vn 0.941791 -0.220670 0.253641
vn 0.741661 -0.621934 0.251271
vn 0.793837 -0.585239 0.165282
vn 0.790122 -0.305341 0.531483
vn 0.903332 -0.276157 0.328220
vn 0.790122 -0.305341 0.531483
vn -0.000000 -0.127016 0.991901
vn -0.124611 0.992024 0.018975
vn 0.057798 0.998272 0.010642
vn 0.794750 0.604968 -0.048840
vn 0.572167 0.820113 0.006205
vn 0.572167 0.820113 0.006205
vn 0.794750 0.604968 -0.048840
vn 0.990968 -0.026526 -0.131447
vn 0.979005 0.199774 -0.040495
vn 0.990968 -0.026526 -0.131447
vn 0.794750 0.604968 -0.048840
vn 0.766054 0.572103 -0.293019
vn 0.954628 0.081960 -0.286302
vn 0.794750 0.604968 -0.048840
vn 0.057798 0.998272 0.010642
vn 0.112484 0.900914 -0.419168
vn 0.766054 0.572103 -0.293019
vn 0.979005 0.199774 -0.040495
vn 0.990968 -0.026526 -0.131447
vn 0.736317 -0.646112 -0.200940
vn 0.831766 -0.547843 -0.089625
vn 0.799514 -0.595265 -0.080225
vn 0.998182 -0.059818 -0.007430
vn 0.996512 0.029055 -0.078222
vn 0.996804 0.011802 -0.079014
vn 0.991341 0.090882 -0.094782
vn 0.948102 0.286139 -0.138662
vn 0.921936 0.357209 -0.149788
vn 0.974275 0.225318 0.004548
vn 0.831766 -0.547843 -0.089625
vn 0.335451 -0.928576 -0.158804
vn 0.365958 -0.927061 -0.081443
vn 0.365958 -0.927061 -0.081443
vn 0.180686 -0.975134 -0.128323
vn 0.180686 -0.975134 -0.128323
vn 0.108764 -0.990979 -0.078303
vn 0.108764 -0.990979 -0.078303
vn 0.062068 -0.998035 -0.008528
vn 0.645864 0.763084 -0.023720
vn 0.736317 -0.646112 -0.200940
vn 0.732884 0.679601 -0.031977
vn 0.981368 0.190694 0.023491
vn 0.968865 0.246888 0.018641
vn 0.902338 -0.279629 -0.328016
vn 0.515380 -0.727793 -0.452439
vn 0.266659 -0.937756 -0.222503
vn 0.736317 -0.646112 -0.200940
vn 0.736317 -0.646112 -0.200940
vn 0.990968 -0.026526 -0.131447
vn 0.108764 -0.990979 -0.078303
vn 0.180686 -0.975134 -0.128323
vn 0.108764 -0.990979 -0.078303
vn 0.062068 -0.998035 -0.008528
vn 0.335451 -0.928576 -0.158804
vn 0.365958 -0.927061 -0.081443
vn 0.365958 -0.927061 -0.081443
vn 0.180686 -0.975134 -0.128323
vn 0.329202 -0.940322 0.086148
vn 0.808563 -0.573971 0.129548
vn 0.266659 -0.937756 -0.222503
vn 0.335451 -0.928576 -0.158804
vn 0.954628 0.081960 -0.286302
vn 0.902338 -0.279629 -0.328016
vn 0.732884 0.679601 -0.031977
vn 0.004723 0.997210 -0.074492
vn 0.515380 -0.727793 -0.452439
vn 0.015244 -0.833866 -0.551757
vn 0.112484 0.900914 -0.419168
vn 0.766054 0.572103 -0.293019
vn 0.954628 0.081960 -0.286302
vn 0.902338 -0.279629 -0.328016
vn -0.189575 0.757756 -0.624393
vn 0.601356 0.569021 -0.560879
vn 0.766054 0.572103 -0.293019
vn 0.601356 0.569021 -0.560879
vn 0.954628 0.081960 -0.286302
vn 0.881058 0.128148 -0.455318
vn 0.902338 -0.279629 -0.328016
vn 0.515380 -0.727793 -0.452439
vn 0.881058 0.128148 -0.455318
vn -0.093123 -0.621153 -0.778137
vn 0.313081 -0.574615 -0.756173
vn 0.313081 -0.574615 -0.756173
vn 0.783862 -0.282231 -0.553088
vn 0.783862 -0.282231 -0.553088
vn 0.808563 -0.573971 0.129548
vn 0.808563 -0.573971 0.129548
vn 0.994880 -0.090797 0.044383
vn 0.994880 -0.090797 0.044383
vn 0.981368 0.190694 0.023491
vn 0.981368 0.190694 0.023491
vn 0.732884 0.679601 -0.031977
vn 0.732884 0.679601 -0.031977
vn 0.004723 0.997210 -0.074492
vn 0.329202 -0.940322 0.086148
vn 0.329202 -0.940322 0.086148
vn 0.037617 -0.998875 0.028860
vn 0.329202 -0.940322 0.086148
vn 0.037617 -0.998875 0.028860
vn 0.994880 -0.090797 0.044383
vn 0.808563 -0.573971 0.129548
vn -0.994756 -0.098962 -0.025814
vn -0.947240 -0.317949 -0.040562
vn -0.750678 -0.597273 -0.282396
vn -0.906114 -0.406590 -0.116803
vn -0.947240 -0.317949 -0.040562
vn -0.790700 -0.609206 -0.060509
vn 0.000000 0.952717 -0.303859
vn 0.000000 0.984770 -0.173861
vn 0.000000 0.991582 -0.129482
vn 0.000000 0.999170 -0.040747
vn 0.000000 0.991582 -0.129482
vn 0.002291 0.000000 -0.999997
vn 0.001313 0.000000 -0.999999
vn -0.347776 -0.926445 0.144053
vn -0.009921 -0.999693 0.022694
vn -0.005014 -0.999873 -0.015159
vn -0.821616 -0.568324 0.044224
vn -0.439386 -0.897988 0.023617
vn -0.347776 -0.926445 0.144053
vn -0.821616 -0.568324 0.044224
vn -0.926816 -0.375007 -0.019522
vn -0.903006 -0.426109 -0.054875
vn -0.902451 -0.428699 -0.042423
vn -0.599424 -0.796700 0.077204
vn -0.744635 -0.664668 0.061107
vn -0.842157 -0.529051 -0.104289
vn -0.902451 -0.428699 -0.042423
vn -0.397309 -0.896231 0.197272
vn 0.907678 -0.418973 -0.024144
vn -0.903006 -0.426109 -0.054875
vn -0.918185 -0.396144 -0.002598
vn 0.991432 -0.027166 -0.127771
vn 0.913961 -0.404223 -0.035769
vn -0.862154 -0.506294 -0.018859
vn 0.815420 -0.578682 -0.014776
vn 0.943125 -0.330044 -0.039826
vn 0.991432 -0.027166 -0.127771
vn 0.000000 0.984770 -0.173861
vn 0.000000 0.999170 -0.040747
vn -0.038924 -0.995753 -0.083426
vn -0.621664 -0.766047 -0.163419
vn 0.000000 0.984770 -0.173861
vn -0.993629 0.110685 -0.021212
vn 0.009498 0.000000 -0.999955
vn 0.000000 0.999170 -0.040747
vn -0.419849 -0.874757 -0.241925
vn -0.750678 -0.597273 -0.282396
vn -0.906114 -0.406590 -0.116803
vn -0.445316 -0.872330 -0.201826
vn -0.005360 -0.998251 0.058881
vn -0.419849 -0.874757 -0.241925
vn -0.445316 -0.872330 -0.201826
vn 0.033956 -0.999015 -0.028561
vn 0.041403 -0.988754 -0.143707
vn -0.843223 -0.527549 -0.103283
vn -0.822458 -0.565650 0.060017
vn 0.028141 -0.999601 0.002359
vn -0.843223 -0.527549 -0.103283
vn -0.996318 0.074935 -0.041659
vn -0.961571 0.274454 0.007503
vn -0.822458 -0.565650 0.060017
vn -0.996318 0.074935 -0.041659
vn -0.737337 0.675517 0.003457
vn -0.698163 0.715833 -0.012270
vn -0.961571 0.274454 0.007503
vn -0.737337 0.675517 0.003457
vn -0.124611 0.992024 0.018975
vn -0.002784 0.999272 -0.038041
vn -0.698163 0.715833 -0.012270
vn 0.961636 0.274320 0.002350
vn 0.996657 -0.081318 -0.007912
vn -0.211519 0.000000 -0.977374
vn -0.795919 0.000000 -0.605403
vn -0.648631 -0.760061 -0.039811
vn -0.324303 -0.944658 -0.049487
vn -0.535542 -0.663334 0.522669
vn -0.686468 -0.669971 0.282667
vn 0.010893 -0.998976 0.043902
vn -0.918873 -0.394012 -0.020639
vn -0.962636 -0.270428 -0.014166
vn 0.000013 -0.998631 -0.052316
vn 0.000000 -0.998630 -0.052328
vn -0.324303 -0.944658 -0.049487
vn -0.648631 -0.760061 -0.039811
vn -0.439386 -0.897988 0.023617
vn 0.028141 -0.999601 0.002359
vn -0.822458 -0.565650 0.060017
vn -0.848382 -0.522220 0.086799
vn -0.000551 -0.999887 0.015042
vn -0.822458 -0.565650 0.060017
vn -0.961571 0.274454 0.007503
vn -0.985532 0.165811 0.035118
vn -0.848382 -0.522220 0.086799
vn -0.961571 0.274454 0.007503
vn -0.698163 0.715833 -0.012270
vn -0.965649 0.259601 0.011373
vn -0.987853 -0.144002 0.058386
vn -0.698163 0.715833 -0.012270
vn -0.002784 0.999272 -0.038041
vn 0.001612 0.999093 -0.042542
vn -0.740706 0.671537 -0.019794
vn -0.732227 0.680882 0.015585
vn -0.087563 0.995986 0.018547
vn -0.987414 0.158154 -0.000864
vn -0.732227 0.680882 0.015585
vn 0.000000 0.999170 -0.040747
vn 0.000000 0.991582 -0.129482
vn -0.000000 -0.127016 0.991901
vn 0.079343 0.778793 0.622243
vn -0.002291 0.000000 -0.999997
vn 0.000000 0.991582 -0.129482
vn 0.000000 0.952717 -0.303859
vn 0.000000 0.984770 -0.173861
vn 0.000000 0.980967 -0.194173
vn -0.009498 0.000000 -0.999955
vn -0.000000 -0.127016 0.991901
vn -0.838680 0.133367 0.528042
vn -0.000551 -0.999887 0.015042
vn -0.848382 -0.522220 0.086799
vn -0.799362 -0.599124 0.045519
vn -0.025700 -0.998433 0.049710
vn -0.848382 -0.522220 0.086799
vn -0.985532 0.165811 0.035118
vn -0.978785 0.199418 0.047045
vn -0.799362 -0.599124 0.045519
vn -0.985532 0.165811 0.035118
vn -0.740706 0.671537 -0.019794
vn -0.720556 0.692056 0.043107
vn -0.978785 0.199418 0.047045
vn -0.740706 0.671537 -0.019794
vn 0.001612 0.999093 -0.042542
vn -0.010967 0.999797 0.016901
vn -0.720556 0.692056 0.043107
vn -0.003575 0.999824 0.018393
vn -0.677927 0.734853 0.020143
vn -0.677927 0.734853 0.020143
vn -0.986424 0.164104 -0.006179
vn 0.000000 0.975063 -0.221928
vn 0.000000 0.990377 -0.138397
vn -0.549587 0.602976 0.578250
vn -0.000000 -0.127016 0.991901
vn -0.549587 0.602976 0.578250
vn -0.998628 0.052300 0.002739
vn -0.966859 0.254960 0.013353
vn -0.962636 -0.270428 -0.014166
vn -0.918873 -0.394012 -0.020639
vn -0.897969 0.439456 0.023016
vn -0.897969 0.439456 0.023016
vn -0.838680 0.133367 0.528042
vn -0.025700 -0.998433 0.049710
vn -0.799362 -0.599124 0.045519
vn -0.797770 -0.589861 0.125003
vn -0.032323 -0.995116 0.093274
vn -0.799362 -0.599124 0.045519
vn -0.979931 -0.183719 0.077343
vn -0.971210 -0.167037 0.169850
vn -0.797770 -0.589861 0.125003
vn -0.978785 0.199418 0.047045
vn -0.720556 0.692056 0.043107
vn -0.672152 0.728012 0.134945
vn -0.964009 0.223806 0.143517
vn -0.720556 0.692056 0.043107
vn -0.010967 0.999797 0.016901
vn 0.067649 0.986325 0.150289
vn -0.672152 0.728012 0.134945
vn 0.002291 0.000000 -0.999997
vn -0.002291 0.000000 -0.999997
vn -0.001313 -0.000000 -0.999999
vn -0.884261 0.000000 0.466993
vn -0.794130 0.000000 0.607748
vn -0.952301 0.000000 0.305161
vn -0.535542 -0.663334 0.522669
vn -0.000000 -0.127016 0.991901
vn 0.033956 -0.999015 -0.028561
vn -0.884261 0.000000 0.466993
vn -0.445316 -0.872330 -0.201826
vn -0.404641 0.000000 -0.914476
vn -0.009498 0.000000 -0.999955
vn -0.001313 -0.000000 -0.999999
vn -0.211519 0.000000 -0.977374
vn -0.794130 0.000000 0.607748
vn -1.000000 -0.000000 0.000000
vn -1.000000 -0.000000 0.000000
vn 0.019869 0.858752 0.512005
vn -0.660479 0.631413 0.406307
vn -0.642804 0.632768 0.431749
vn -0.014194 0.876035 0.482039
vn -0.660479 0.631413 0.406307
vn -0.946317 0.174657 0.271992
vn -0.938956 0.099906 0.329213
vn -0.642804 0.632768 0.431749
vn -0.686468 -0.669971 0.282667
vn -0.938956 0.099906 0.329213
vn -0.946317 0.174657 0.271992
vn -0.662631 -0.686197 0.300090
vn -0.662631 -0.686197 0.300090
vn -0.405902 -0.859534 0.310554
vn -0.966859 0.254960 0.013353
vn -0.998628 0.052300 0.002739
vn -0.833893 -0.390127 -0.390415
vn -0.897474 0.056043 -0.437493
vn -0.984978 0.134784 -0.107939
vn -0.943014 0.164089 -0.289482
vn -0.347776 -0.926445 0.144053
vn -0.009921 -0.999693 0.022694
vn -0.682390 0.730914 0.010438
vn -0.682390 0.730914 0.010438
vn -0.971749 0.235803 0.010079
vn -0.971749 0.235803 0.010079
vn -0.821616 -0.568324 0.044224
vn -0.821616 -0.568324 0.044224
vn -0.005014 -0.999873 -0.015159
vn -0.003784 0.999981 0.004935
vn -0.032323 -0.995116 0.093274
vn 0.818198 0.000000 0.574937
vn 0.238311 0.000000 0.971189
vn 0.927481 -0.371258 -0.044112
vn 0.122843 0.000000 0.992426
vn 0.818198 0.000000 0.574937
vn 0.000000 0.986476 -0.163904
vn 0.561738 0.783481 -0.265721
vn 0.850821 -0.376520 -0.366519
vn 0.991432 -0.027166 -0.127771
vn 0.238311 0.000000 0.971189
vn 0.011877 0.000000 0.999929
vn 0.016480 -0.000000 0.999864
vn 0.122843 0.000000 0.992426
vn 0.000000 0.990377 -0.138397
vn 0.000000 0.975063 -0.221928
vn -0.695589 0.718394 0.008162
vn -0.003760 0.999870 0.015681
vn -0.638437 0.769468 0.017805
vn -0.695589 0.718394 0.008162
vn -0.990993 0.133459 -0.011027
vn -0.787021 -0.613959 -0.060427
vn 0.002778 -0.997221 -0.074448
vn -0.621664 -0.766047 -0.163419
vn -0.787021 -0.613959 -0.060427
vn -0.787021 -0.613959 -0.060427
vn 0.002778 -0.997221 -0.074448
vn -0.003760 0.999870 0.015681
vn -0.993629 0.110685 -0.021212
vn -0.990993 0.133459 -0.011027
vn -0.990993 0.133459 -0.011027
vn -0.990993 0.133459 -0.011027
vn -0.014194 0.876035 0.482039
vn -0.642804 0.632768 0.431749
vn -0.549587 0.602976 0.578250
vn 0.079343 0.778793 0.622243
vn -0.642804 0.632768 0.431749
vn -0.938956 0.099906 0.329213
vn -0.838680 0.133367 0.528042
vn -0.549587 0.602976 0.578250
vn -0.360615 -0.866584 0.344947
vn -0.774098 -0.585868 0.239857
vn -0.662631 -0.686197 0.300090
vn 0.720887 -0.692933 0.012851
vn 0.393681 -0.917935 0.049100
vn 0.000000 0.952717 -0.303859
vn 0.000000 0.980967 -0.194173
vn -0.709801 -0.678993 0.187483
vn -0.774098 -0.585868 0.239857
vn -0.964773 0.149481 0.216490
vn -0.946317 0.174657 0.271992
vn -0.662631 -0.686197 0.300090
vn 0.011877 0.000000 0.999929
vn 0.007029 0.000000 0.999975
vn -0.007029 0.000000 0.999975
vn 0.016480 -0.000000 0.999864
vn -0.964773 0.149481 0.216490
vn -0.740614 0.614591 0.271604
vn -0.660479 0.631413 0.406307
vn -0.946317 0.174657 0.271992
vn 0.952301 0.000000 0.305161
vn 0.884261 0.000000 0.466993
vn 0.884261 0.000000 0.466993
vn 0.794130 0.000000 0.607748
vn -0.740614 0.614591 0.271604
vn -0.079652 0.905868 0.416002
vn 0.019869 0.858752 0.512005
vn -0.660479 0.631413 0.406307
vn 0.007029 0.000000 0.999975
vn -0.016480 0.000000 0.999864
vn -0.011877 0.000000 0.999929
vn -0.007029 0.000000 0.999975
vn -0.938956 0.099906 0.329213
vn -0.686468 -0.669971 0.282667
vn -0.535542 -0.663334 0.522669
vn -0.838680 0.133367 0.528042
vn -0.037802 -0.993584 0.106595
vn 0.074463 -0.967170 0.242977
vn -0.686468 -0.669971 0.282667
vn -0.360615 -0.866584 0.344947
vn -0.796452 -0.588259 0.140056
vn -0.686468 -0.669971 0.282667
vn 0.795919 0.000000 -0.605403
vn 0.952301 0.000000 0.305161
vn 0.907678 -0.418973 -0.024144
vn -0.872966 -0.278196 0.400671
vn 0.755409 -0.613956 -0.228943
vn 0.850821 -0.376520 -0.366519
vn -0.868089 -0.493689 -0.051889
vn 0.794130 0.000000 0.607748
vn 0.953494 0.000000 -0.301413
vn -0.065554 -0.996179 -0.057700
vn -0.956181 -0.289269 -0.045184
vn -0.016480 0.000000 0.999864
vn -1.000000 -0.000000 0.000000
vn -0.535542 -0.663334 0.522669
vn -0.621664 -0.766047 -0.163419
vn -0.638437 0.769468 0.017805
vn -0.695589 0.718394 0.008162
vn -0.953494 0.000000 -0.301413
vn -0.795919 0.000000 -0.605403
vn -0.695589 0.718394 0.008162
vn 0.058151 0.998110 0.019881
vn -0.038924 -0.995753 -0.083426
vn -0.952301 0.000000 0.305161
vn -0.752654 0.437576 -0.491976
vn -0.953494 0.000000 -0.301413
vn -0.404641 0.000000 -0.914476
vn -0.145897 -0.985117 0.090878
vn -0.145897 -0.985117 0.090878
vn -0.058539 -0.996237 0.063917
vn -0.058539 -0.996237 0.063917
vn -0.068590 -0.994032 0.084827
vn -0.230975 -0.972490 0.030214
vn -0.230975 -0.972490 0.030214
vn -0.429199 -0.902076 0.045233
vn -0.429199 -0.902076 0.045233
vn -0.385160 -0.920852 0.060685
vn -0.385160 -0.920852 0.060685
vn -0.270640 -0.956872 0.105590
vn -0.270640 -0.956872 0.105590
vn -0.122843 0.000000 0.992426
vn -0.238311 0.000000 0.971189
vn 0.890471 -0.347387 -0.293912
vn -0.011877 0.000000 0.999929
vn -0.018457 -0.999826 0.002812
vn 0.913221 -0.344828 -0.217074
vn 0.000000 0.940369 -0.340157
vn -0.413695 0.897637 -0.152000
vn -0.741187 0.667863 0.067829
vn 0.813449 -0.249356 -0.525474
vn 0.927481 -0.371258 -0.044112
vn 0.815420 -0.578682 -0.014776
vn -0.145897 -0.985117 0.090878
vn -0.058539 -0.996237 0.063917
vn -0.230975 -0.972490 0.030214
vn -0.429199 -0.902076 0.045233
vn -0.429199 -0.902076 0.045233
vn -0.385160 -0.920852 0.060685
vn -0.385160 -0.920852 0.060685
vn -0.270640 -0.956872 0.105590
vn -0.058539 -0.996237 0.063917
vn -0.068590 -0.994032 0.084827
vn -0.413695 0.897637 -0.152000
vn 0.913221 -0.344828 -0.217074
vn 0.211519 0.000000 -0.977374
vn 0.795919 0.000000 -0.605403
vn -0.230975 -0.972490 0.030214
vn -0.145897 -0.985117 0.090878
vn -0.383177 -0.889117 0.250292
vn -0.405902 -0.859534 0.310554
vn 0.953494 0.000000 -0.301413
vn 0.404641 0.000000 -0.914476
vn 0.890471 -0.347387 -0.293912
vn -0.800966 -0.598234 -0.023858
vn -0.921739 -0.386954 -0.025784
vn -0.796452 -0.588259 0.140056
vn -0.744635 -0.664668 0.061107
vn -0.599424 -0.796700 0.077204
vn 0.243346 -0.747062 -0.618612
vn 0.850821 -0.376520 -0.366519
vn 0.755409 -0.613956 -0.228943
vn -0.960872 -0.265116 -0.080236
vn -0.999111 -0.032474 -0.026890
vn -0.956181 -0.289269 -0.045184
vn -0.868089 -0.493689 -0.051889
vn 0.923725 -0.382235 -0.025075
vn 0.910624 -0.412628 -0.022421
vn -0.394532 -0.918603 -0.022639
vn -0.332833 -0.926835 0.173778
vn -0.332833 -0.926835 0.173778
vn -0.671179 -0.641095 0.372176
vn -0.671179 -0.641095 0.372176
vn -0.332833 -0.926835 0.173778
vn -0.671179 -0.641095 0.372176
vn -0.332833 -0.926835 0.173778
vn -0.394532 -0.918603 -0.022639
vn -0.671179 -0.641095 0.372176
vn -0.000000 -0.127016 0.991901
vn -0.953242 -0.191097 0.234117
vn -0.122843 0.000000 0.992426
vn -0.818198 0.000000 0.574937
vn -0.818198 0.000000 0.574937
vn -0.971210 -0.167037 0.169850
vn -0.238311 0.000000 0.971189
vn -0.979931 -0.183719 0.077343
vn -0.979931 -0.183719 0.077343
vn -0.979918 -0.195220 0.040620
vn -0.979918 -0.195220 0.040620
vn -0.998045 -0.058670 0.021523
vn -0.998045 -0.058670 0.021523
vn -0.999062 -0.043266 0.002022
vn -0.974886 0.191998 -0.112848
vn -0.695342 0.646343 -0.314231
vn -0.752654 0.437576 -0.491976
vn -0.189575 0.757756 -0.624393
vn 0.000000 0.952717 -0.303859
vn -0.932370 -0.257092 0.254147
vn -0.932370 -0.257092 0.254147
vn -0.905729 -0.263587 0.331928
vn -0.905729 -0.263587 0.331928
vn -0.828925 -0.291592 0.477345
vn -0.828925 -0.291592 0.477345
vn -0.984978 0.134784 -0.107939
vn -0.833893 -0.390127 -0.390415
vn -0.998045 -0.058670 0.021523
vn -0.979918 -0.195220 0.040620
vn -0.979918 -0.195220 0.040620
vn -0.979931 -0.183719 0.077343
vn -0.964009 0.223806 0.143517
vn -0.978785 0.199418 0.047045
vn -0.943014 0.164089 -0.289482
vn -0.695342 0.646343 -0.314231
vn -0.932370 -0.257092 0.254147
vn -0.905729 -0.263587 0.331928
vn 0.001313 0.000000 -0.999999
vn 0.211519 0.000000 -0.977374
vn -0.998045 -0.058670 0.021523
vn -0.999062 -0.043266 0.002022
vn -0.953242 -0.191097 0.234117
vn -0.932370 -0.257092 0.254147
vn 0.404641 0.000000 -0.914476
vn 0.009498 0.000000 -0.999955
vn -0.828925 -0.291592 0.477345
vn -0.905729 -0.263587 0.331928
vn -0.828925 -0.291592 0.477345
vn -0.000000 -0.127016 0.991901
vn 0.934082 -0.355393 -0.034437
vn 0.960435 -0.276065 -0.036786
vn -0.691768 -0.722040 0.010711
vn -0.772247 -0.635206 0.012140
vn -0.603840 -0.793646 0.074189
vn 0.889597 -0.451808 -0.066980
vn 0.893670 -0.446286 -0.046726
vn 0.842157 -0.529051 -0.104289
vn -0.709801 -0.678993 0.187483
vn -0.886832 -0.340867 -0.311993
vn -0.911565 -0.344914 -0.223791
vn -0.813449 -0.249356 -0.525474
vn -0.911565 -0.344914 -0.223791
vn -0.886832 -0.340867 -0.311993
vn -0.921739 -0.386954 -0.025784
vn -0.800966 -0.598234 -0.023858
vn 0.910624 -0.412628 -0.022421
vn 0.923725 -0.382235 -0.025075
vn 0.893670 -0.446286 -0.046726
vn 0.889597 -0.451808 -0.066980
vn -0.787021 -0.613959 -0.060427
vn 0.112484 0.900914 -0.419168
vn -0.994766 0.047886 -0.090268
vn -0.996153 0.035200 -0.080257
vn -0.974886 0.191998 -0.112848
vn -0.970082 0.218685 -0.105443
vn -0.952306 0.274687 -0.132889
vn 0.015244 -0.833866 -0.551757
vn -0.862154 -0.506294 -0.018859
vn -0.350159 -0.926098 -0.140469
vn -0.350307 -0.934820 -0.058283
vn -0.350307 -0.934820 -0.058283
vn -0.283822 -0.950469 -0.126703
vn -0.283822 -0.950469 -0.126703
vn -0.106419 -0.989205 -0.100742
vn -0.106419 -0.989205 -0.100742
vn -0.017902 -0.998156 0.058003
vn -0.740706 0.671537 -0.019794
vn -0.918185 -0.396144 -0.002598
vn -0.644699 0.762968 -0.047348
vn -0.965649 0.259601 0.011373
vn -0.985532 0.165811 0.035118
vn 0.927481 -0.371258 -0.044112
vn 0.815420 -0.578682 -0.014776
vn 0.913221 -0.344828 -0.217074
vn 0.890471 -0.347387 -0.293912
vn 0.890471 -0.347387 -0.293912
vn 0.913221 -0.344828 -0.217074
vn -0.106419 -0.989205 -0.100742
vn -0.283822 -0.950469 -0.126703
vn -0.106419 -0.989205 -0.100742
vn -0.017902 -0.998156 0.058003
vn -0.350159 -0.926098 -0.140469
vn -0.350307 -0.934820 -0.058283
vn -0.350307 -0.934820 -0.058283
vn -0.283822 -0.950469 -0.126703
vn -0.288961 -0.955223 0.063643
vn -0.767177 -0.631671 0.111492
vn -0.772247 -0.635206 0.012140
vn -0.691768 -0.722040 0.010711
vn 0.813449 -0.249356 -0.525474
vn 0.815420 -0.578682 -0.014776
vn -0.644699 0.762968 -0.047348
vn 0.004723 0.997210 -0.074492
vn -0.524802 -0.644283 -0.556312
vn 0.924914 -0.378865 -0.031539
vn 0.836376 -0.521199 0.169784
vn 0.872966 -0.278196 0.400671
vn 0.846602 -0.532200 0.005384
vn 0.913221 -0.344828 -0.217074
vn 0.890471 -0.347387 -0.293912
vn 0.771207 -0.585333 0.250251
vn 0.836376 -0.521199 0.169784
vn 0.771207 -0.585333 0.250251
vn 0.813449 -0.249356 -0.525474
vn 0.913221 -0.344828 -0.217074
vn 0.890471 -0.347387 -0.293912
vn 0.924914 -0.378865 -0.031539
vn 0.846602 -0.532200 0.005384
vn -0.798393 -0.601191 -0.033742
vn -0.612953 -0.787450 -0.064889
vn -0.925295 -0.376855 -0.042530
vn -0.854155 -0.518576 -0.038719
vn -0.911565 -0.344914 -0.223791
vn -0.813449 -0.249356 -0.525474
vn -0.886832 -0.340867 -0.311993
vn -0.925295 -0.376855 -0.042530
vn -0.911565 -0.344914 -0.223791
vn -0.886832 -0.340867 -0.311993
vn -0.854155 -0.518576 -0.038719
vn 0.924914 -0.378865 -0.031539
vn 0.846602 -0.532200 0.005384
vn 0.913221 -0.344828 -0.217074
vn 0.890471 -0.347387 -0.293912
vn 0.813449 -0.249356 -0.525474
vn 0.890471 -0.347387 -0.293912
vn 0.913221 -0.344828 -0.217074
vn 0.836376 -0.521199 0.169784
vn 0.771207 -0.585333 0.250251
vn 0.846602 -0.532200 0.005384
vn 0.924914 -0.378865 -0.031539
vn -0.911565 -0.344914 -0.223791
vn -0.886832 -0.340867 -0.311993
vn -0.925295 -0.376855 -0.042530
vn -0.854155 -0.518576 -0.038719
vn -0.813449 -0.249356 -0.525474
vn -0.886832 -0.340867 -0.311993
vn -0.911565 -0.344914 -0.223791
vn 0.872966 -0.278196 0.400671
vn 0.771207 -0.585333 0.250251
vn 0.836376 -0.521199 0.169784
vn -0.798393 -0.601191 -0.033742
vn -0.612953 -0.787450 -0.064889
vn -0.854155 -0.518576 -0.038719
vn -0.925295 -0.376855 -0.042530
vn 0.910638 -0.412601 -0.022339
vn 0.846370 -0.532447 -0.012579
vn 0.893687 -0.446256 -0.046683
vn 0.889624 -0.451759 -0.066957
vn 0.842157 -0.529051 -0.104289
vn 0.889624 -0.451759 -0.066957
vn 0.893687 -0.446256 -0.046683
vn 0.752110 -0.658873 0.014708
vn 0.656016 -0.753811 0.037575
vn 0.846370 -0.532447 -0.012579
vn 0.910638 -0.412601 -0.022339
vn -0.902419 -0.428761 -0.042474
vn -0.902958 -0.426204 -0.054920
vn -0.918662 -0.394503 -0.020665
vn -0.907455 -0.419177 -0.028579
vn -0.842157 -0.529051 -0.104289
vn -0.902958 -0.426204 -0.054920
vn -0.902419 -0.428761 -0.042474
vn 0.603840 -0.793646 0.074189
vn 0.656016 -0.753811 0.037575
vn 0.752110 -0.658873 0.014708
vn -0.910599 -0.411893 -0.033981
vn -0.919468 -0.392133 -0.028468
vn -0.907455 -0.419177 -0.028579
vn -0.918662 -0.394503 -0.020665
vn 0.936478 -0.339926 -0.086367
vn 0.861010 -0.508174 -0.020539
vn 0.940326 -0.318912 -0.118666
vn 0.953793 -0.231422 -0.191631
vn -0.243346 -0.747062 -0.618612
vn -0.754339 -0.614730 -0.230388
vn -0.640782 -0.682707 -0.351153
vn 0.710715 -0.700597 0.063619
vn 0.559296 -0.822490 0.103435
vn 0.861010 -0.508174 -0.020539
vn 0.936478 -0.339926 -0.086367
vn -0.754339 -0.614730 -0.230388
vn -0.640782 -0.682707 -0.351153
vn -0.886084 -0.463314 -0.013950
vn -0.895528 -0.444483 -0.021572
vn -0.886084 -0.463314 -0.013950
vn -0.895528 -0.444483 -0.021572
vn -0.915448 -0.401690 -0.024478
vn 0.397309 -0.896231 0.197272
vn 0.559296 -0.822490 0.103435
vn 0.710715 -0.700597 0.063619
vn -0.895574 -0.443689 -0.032969
vn -0.800966 -0.598234 -0.023858
vn -0.921739 -0.386954 -0.025784
vn -0.886832 -0.340867 -0.311993
vn -0.911565 -0.344914 -0.223791
vn -0.872966 -0.278196 0.400671
vn -0.796452 -0.588259 0.140056
vn -0.709801 -0.678993 0.187483
vn -0.813449 -0.249356 -0.525474
vn -0.911565 -0.344914 -0.223791
vn -0.886832 -0.340867 -0.311993
vn -0.709801 -0.678993 0.187483
vn -0.796452 -0.588259 0.140056
vn -0.921739 -0.386954 -0.025784
vn -0.800966 -0.598234 -0.023858
vn 0.393681 -0.917935 0.049100
vn 0.720887 -0.692933 0.012851
vn 0.927481 -0.371258 -0.044112
vn 0.000000 -0.867604 0.497255
vn 0.000000 -0.994186 -0.107677
vn 0.000000 -0.994186 0.107677
vn 0.000000 -0.741022 0.671480
vn 0.000000 -0.409627 0.912253
vn 0.000000 -0.867604 0.497255
vn 0.000000 -0.741022 0.671480
vn 0.000000 -0.204814 0.978801
vn 0.000000 -0.994186 -0.107677
vn 0.000000 -0.741022 -0.671480
vn 0.000000 -0.867604 -0.497255
vn 0.000000 -0.994186 0.107677
vn 1.000000 0.000000 0.000000
vn 1.000000 0.000000 0.000000
vn 1.000000 0.000000 0.000000
vn 1.000000 0.000000 0.000000
vn 1.000000 0.000000 0.000000
vn 1.000000 0.000000 0.000000
vn 1.000000 0.000000 0.000000
vn 0.000000 0.204814 0.978801
vn 0.000000 -0.409627 0.912253
vn 0.000000 -0.204814 0.978801
vn 0.000000 0.409627 0.912253
vn 1.000000 0.000000 0.000000
vn 1.000000 0.000000 0.000000
vn 1.000000 0.000000 0.000000
vn 1.000000 0.000000 0.000000
vn 1.000000 0.000000 0.000000
vn 1.000000 0.000000 0.000000
vn 1.000000 0.000000 0.000000
vn 1.000000 0.000000 0.000000
vn 1.000000 0.000000 -0.000000
vn 1.000000 0.000000 -0.000000
vn 1.000000 0.000000 0.000000
vn 1.000000 0.000000 0.000000
vn 1.000000 0.000000 0.000000
vn 1.000000 0.000000 0.000000
vn 0.000000 -0.741022 -0.671480
vn 0.000000 -0.204814 -0.978801
vn 0.000000 -0.409627 -0.912253
vn 0.000000 -0.867604 -0.497255
vn 0.000000 0.867604 -0.497255
vn 0.000000 0.994186 0.107677
vn 0.000000 0.994186 -0.107677
vn 0.000000 0.741022 -0.671480
vn 0.000000 0.741022 0.671480
vn 0.000000 0.204814 0.978801
vn 0.000000 0.409627 0.912253
vn 0.000000 0.867604 0.497255
vn 1.000000 0.000000 0.000000
vn 1.000000 0.000000 0.000000
vn 1.000000 0.000000 0.000000
vn 1.000000 0.000000 0.000000
vn 1.000000 0.000000 0.000000
vn 1.000000 0.000000 0.000000
vn 1.000000 0.000000 0.000000
vn 0.000000 0.409627 -0.912253
vn 0.000000 0.867604 -0.497255
vn 0.000000 0.741022 -0.671480
vn 0.000000 0.204814 -0.978801
vn 0.000000 0.994186 0.107677
vn 0.000000 0.741022 0.671480
vn 0.000000 0.867604 0.497255
vn 0.000000 0.994186 -0.107677
vn 1.000000 0.000000 -0.000000
vn 1.000000 0.000000 0.000000
vn 1.000000 0.000000 0.000000
vn 1.000000 0.000000 -0.000000
vn 1.000000 0.000000 0.000000
vn 1.000000 0.000000 0.000000
vn 1.000000 0.000000 0.000000
vn 0.000000 -0.204814 -0.978801
vn 0.000000 0.409627 -0.912253
vn 0.000000 0.204814 -0.978801
vn 0.000000 -0.409627 -0.912253
vn -1.000000 -0.000000 0.000000
vn -1.000000 -0.000000 0.000000
vn -1.000000 -0.000000 -0.000000
vn 0.000000 0.994186 0.107677
vn 0.000000 0.741022 0.671480
vn 0.000000 0.867604 0.497255
vn 0.000000 0.994186 -0.107677
vn 1.000000 0.000000 -0.000000
vn 1.000000 0.000000 0.000000
vn 1.000000 0.000000 0.000000
vn 1.000000 0.000000 -0.000000
vn 1.000000 0.000000 0.000000
vn 1.000000 0.000000 0.000000
vn 1.000000 0.000000 0.000000
vn 0.000000 -0.204814 -0.978801
vn 0.000000 0.409627 -0.912253
vn 0.000000 0.204814 -0.978801
vn 0.000000 -0.409627 -0.912253
vn -1.000000 -0.000000 0.000000
vn -1.000000 -0.000000 -0.000000
vn -1.000000 0.000000 0.000000
vn -1.000000 -0.000000 0.000000
vn -1.000000 -0.000000 0.000000
vn -1.000000 -0.000000 0.000000
vn 0.000000 0.741022 0.671480
vn 0.000000 0.204814 0.978801
vn 0.000000 0.409627 0.912253
vn 0.000000 0.867604 0.497255
vn 1.000000 0.000000 0.000000
vn 1.000000 0.000000 0.000000
vn 1.000000 0.000000 0.000000
vn 1.000000 0.000000 0.000000
vn 1.000000 0.000000 0.000000
vn 1.000000 0.000000 0.000000
vn 1.000000 0.000000 0.000000
vn 0.000000 0.409627 -0.912253
vn 0.000000 0.867604 -0.497255
vn 0.000000 0.741022 -0.671480
vn 0.000000 0.204814 -0.978801
vn 0.000000 0.867604 -0.497255
vn 0.000000 0.994186 0.107677
vn 0.000000 0.994186 -0.107677
vn 0.000000 0.741022 -0.671480
vn 1.000000 0.000000 0.000000
vn 1.000000 0.000000 -0.000000
vn 1.000000 0.000000 -0.000000
vn 1.000000 0.000000 0.000000
vn 1.000000 0.000000 0.000000
vn 1.000000 0.000000 0.000000
vn 1.000000 0.000000 0.000000
vn 0.000000 -0.741022 -0.671480
vn 0.000000 -0.204814 -0.978801
vn 0.000000 -0.409627 -0.912253
vn 0.000000 -0.867604 -0.497255
vn -1.000000 -0.000000 0.000000
vn -1.000000 0.000000 0.000000
vn -1.000000 0.000000 0.000000
vn -1.000000 -0.000000 0.000000
vn -1.000000 0.000000 0.000000
vn -1.000000 -0.000000 0.000000
vn 0.000000 0.204814 0.978801
vn 0.000000 -0.409627 0.912253
vn 0.000000 -0.204814 0.978801
vn 0.000000 0.409627 0.912253
vn 1.000000 0.000000 0.000000
vn 1.000000 0.000000 0.000000
vn 1.000000 0.000000 0.000000
vn 1.000000 0.000000 0.000000
vn 1.000000 0.000000 0.000000
vn 1.000000 0.000000 0.000000
vn 1.000000 0.000000 0.000000
vn 1.000000 0.000000 0.000000
vn 1.000000 0.000000 0.000000
vn 1.000000 0.000000 0.000000
vn 1.000000 0.000000 0.000000
vn 1.000000 0.000000 0.000000
vn 1.000000 0.000000 0.000000
vn 1.000000 0.000000 0.000000
vn 0.000000 -0.994186 -0.107677
vn 0.000000 -0.741022 -0.671480
vn 0.000000 -0.867604 -0.497255
vn 0.000000 -0.994186 0.107677
vn -1.000000 -0.000000 0.000000
vn -1.000000 0.000000 0.000000
vn -1.000000 -0.000000 0.000000
vn -1.000000 -0.000000 0.000000
vn -1.000000 0.000000 0.000000
vn -1.000000 0.000000 0.000000
vn 0.000000 -0.409627 0.912253
vn 0.000000 -0.867604 0.497255
vn 0.000000 -0.741022 0.671480
vn 0.000000 -0.204814 0.978801
vn 0.000000 -0.867604 0.497255
vn 0.000000 -0.994186 -0.107677
vn 0.000000 -0.994186 0.107677
vn 0.000000 -0.741022 0.671480
vn -1.000000 -0.000000 0.000000
vn -1.000000 -0.000000 0.000000
vn -1.000000 -0.000000 0.000000
vn -1.000000 -0.000000 0.000000
vn -1.000000 -0.000000 -0.000000
vn -1.000000 0.000000 0.000000
vn -1.000000 -0.000000 0.000000
vn -1.000000 -0.000000 0.000000
vn -1.000000 -0.000000 -0.000000
vn 0.000000 -0.867604 0.497255
vn 0.000000 -0.994186 -0.107677
vn 0.000000 -0.994186 0.107677
vn 0.000000 -0.741022 0.671480
vn 0.000000 -0.409627 0.912253
vn 0.000000 -0.867604 0.497255
vn 0.000000 -0.741022 0.671480
vn 0.000000 -0.204814 0.978801
vn 0.000000 -0.994186 -0.107677
vn 0.000000 -0.741022 -0.671480
vn 0.000000 -0.867604 -0.497255
vn 0.000000 -0.994186 0.107677
vn -1.000000 -0.000000 -0.000000
vn -1.000000 0.000000 0.000000
vn -1.000000 0.000000 0.000000
vn -1.000000 -0.000000 -0.000000
vn -1.000000 -0.000000 0.000000
vn -1.000000 -0.000000 0.000000
vn -1.000000 -0.000000 -0.000000
vn 0.000000 0.204814 0.978801
vn 0.000000 -0.409627 0.912253
vn 0.000000 -0.204814 0.978801
vn 0.000000 0.409627 0.912253
vn -1.000000 -0.000000 -0.000000
vn -1.000000 -0.000000 -0.000000
vn -1.000000 -0.000000 -0.000000
vn -1.000000 -0.000000 -0.000000
vn -1.000000 -0.000000 0.000000
vn -1.000000 -0.000000 -0.000000
vn -1.000000 -0.000000 -0.000000
vn -1.000000 0.000000 0.000000
vn -1.000000 -0.000000 0.000000
vn -1.000000 -0.000000 0.000000
vn -1.000000 0.000000 0.000000
vn -1.000000 -0.000000 0.000000
vn -1.000000 -0.000000 0.000000
vn -1.000000 -0.000000 0.000000
vn 0.000000 -0.741022 -0.671480
vn 0.000000 -0.204814 -0.978801
vn 0.000000 -0.409627 -0.912253
vn 0.000000 -0.867604 -0.497255
vn 0.000000 0.867604 -0.497255
vn 0.000000 0.994186 0.107677
vn 0.000000 0.994186 -0.107677
vn 0.000000 0.741022 -0.671480
vn 0.000000 0.741022 0.671480
vn 0.000000 0.204814 0.978801
vn 0.000000 0.409627 0.912253
vn 0.000000 0.867604 0.497255
vn -1.000000 -0.000000 0.000000
vn -1.000000 -0.000000 -0.000000
vn -1.000000 -0.000000 -0.000000
vn -1.000000 -0.000000 0.000000
vn -1.000000 -0.000000 0.000000
vn -1.000000 -0.000000 -0.000000
vn -1.000000 -0.000000 0.000000
vn 0.000000 0.409627 -0.912253
vn 0.000000 0.867604 -0.497255
vn 0.000000 0.741022 -0.671480
vn 0.000000 0.204814 -0.978801
vn 0.000000 0.994186 0.107677
vn 0.000000 0.741022 0.671480
vn 0.000000 0.867604 0.497255
vn 0.000000 0.994186 -0.107677
vn -1.000000 -0.000000 0.000000
vn -1.000000 -0.000000 0.000000
vn -1.000000 -0.000000 0.000000
vn -1.000000 -0.000000 0.000000
vn -1.000000 -0.000000 0.000000
vn -1.000000 -0.000000 0.000000
vn -1.000000 -0.000000 0.000000
vn 0.000000 -0.204814 -0.978801
vn -0.000000 0.409627 -0.912253
vn -0.000000 0.204814 -0.978801
vn 0.000000 -0.409627 -0.912253
vn 1.000000 0.000000 -0.000000
vn 1.000000 0.000000 0.000000
vn 1.000000 0.000000 0.000000
vn 0.000000 0.994186 0.107677
vn 0.000000 0.741022 0.671480
vn 0.000000 0.867604 0.497255
vn 0.000000 0.994186 -0.107677
vn -1.000000 -0.000000 0.000000
vn -1.000000 -0.000000 0.000000
vn -1.000000 -0.000000 0.000000
vn -1.000000 -0.000000 0.000000
vn -1.000000 -0.000000 0.000000
vn -1.000000 -0.000000 0.000000
vn -1.000000 -0.000000 0.000000
vn 0.000000 -0.204814 -0.978801
vn 0.000000 0.409627 -0.912253
vn 0.000000 0.204814 -0.978801
vn 0.000000 -0.409627 -0.912253
vn 1.000000 0.000000 0.000000
vn 1.000000 0.000000 0.000000
vn 1.000000 0.000000 -0.000000
vn 1.000000 0.000000 -0.000000
vn 1.000000 0.000000 -0.000000
vn 1.000000 0.000000 0.000000
vn 0.000000 0.741022 0.671480
vn 0.000000 0.204814 0.978801
vn 0.000000 0.409627 0.912253
vn 0.000000 0.867604 0.497255
vn -1.000000 -0.000000 0.000000
vn -1.000000 -0.000000 -0.000000
vn -1.000000 -0.000000 -0.000000
vn -1.000000 -0.000000 0.000000
vn -1.000000 -0.000000 0.000000
vn -1.000000 -0.000000 -0.000000
vn -1.000000 -0.000000 0.000000
vn -0.000000 0.409627 -0.912253
vn 0.000000 0.867604 -0.497255
vn -0.000000 0.741022 -0.671480
vn -0.000000 0.204814 -0.978801
vn 0.000000 0.867604 -0.497255
vn 0.000000 0.994186 0.107677
vn 0.000000 0.994186 -0.107677
vn -0.000000 0.741022 -0.671480
vn -1.000000 0.000000 0.000000
vn -1.000000 -0.000000 0.000000
vn 0.954830 -0.275161 -0.112192
vn 0.948279 -0.304419 -0.089980
vn 0.945143 -0.314405 -0.088619
vn 0.992800 -0.036375 0.114128
vn 0.999639 -0.016333 0.021329
vn 0.987924 0.119498 0.098620
vn 0.994678 0.095674 0.038240
vn 0.987924 0.119498 0.098620
vn 0.999639 -0.016333 0.021329
vn -0.960555 -0.267474 -0.076103
vn 0.872476 -0.444534 -0.202916
vn 0.994678 0.095674 0.038240
vn 0.954830 -0.275161 -0.112192
vn 0.904386 -0.381742 -0.190681
vn 0.999639 -0.016333 0.021329
vn 0.798281 0.559748 0.222330
vn 0.595617 0.749860 0.288011
vn -0.023803 0.949444 0.313033
vn 0.904386 -0.381742 -0.190681
vn -0.999429 0.006870 0.033086
vn -0.992839 -0.035882 0.113944
vn 0.954233 -0.284344 -0.092672
vn 0.954233 -0.284344 -0.092672
vn -0.960555 -0.267474 -0.076103
vn 0.798281 0.559748 0.222330
vn 0.987924 0.119498 0.098620
vn 0.994678 0.095674 0.038240
vn -0.999429 0.006870 0.033086
vn -0.990657 0.105591 0.086312
vn 0.954830 -0.275161 -0.112192
vn -0.946726 -0.309973 -0.087331
vn -0.954258 -0.275365 -0.116470
vn -0.990657 0.105591 0.086312
vn -0.981464 0.170629 0.087261
vn -0.990657 0.105591 0.086312
vn -0.999284 0.037106 0.007366
vn 0.595617 0.749860 0.288011
vn 0.987924 0.119498 0.098620
vn 0.798281 0.559748 0.222330
vn -0.978214 0.182587 0.098794
vn -0.990657 0.105591 0.086312
vn -0.981464 0.170629 0.087261
vn -0.954258 -0.275365 -0.116470
vn 0.944898 -0.313250 -0.095087
vn -0.925255 -0.362843 -0.110671
vn -0.959985 -0.240199 -0.143993
vn -0.946726 -0.309973 -0.087331
vn -0.925281 -0.361675 -0.114222
vn -0.959985 -0.240199 -0.143993
vn -0.889733 -0.410497 -0.199669
vn -0.999284 0.037106 0.007366
vn 0.948279 -0.304419 -0.089980
vn -0.999284 0.037106 0.007366
vn -0.954258 -0.275365 -0.116470
vn -0.999429 0.006870 0.033086
vn 0.945143 -0.314405 -0.088619
vn -0.925281 -0.361675 -0.114222
vn -0.889733 -0.410497 -0.199669
vn -0.954258 -0.275365 -0.116470
vn 0.872476 -0.444534 -0.202916
vn 0.954830 -0.275161 -0.112192
vn -0.622940 -0.739273 -0.255774
vn -0.963230 -0.082260 -0.255774
vn 0.000000 0.000000 -1.000000
vn 0.000000 0.000000 -1.000000
vn 0.000000 0.000000 -1.000000
vn 0.000000 0.000000 -1.000000
vn 0.000000 0.000000 -1.000000
vn -0.978099 -0.134711 -0.158669
vn -0.594806 -0.784936 -0.173437
vn -0.700527 -0.704764 0.112114
vn -0.994614 -0.005245 0.103512
vn -0.994614 -0.005245 0.103512
vn -0.700527 -0.704764 0.112114
vn -0.768457 -0.598297 0.226967
vn -0.960304 0.115745 0.253809
vn 0.977206 0.124927 0.171645
vn 0.598378 0.780880 0.179361
vn 0.788714 0.589301 0.175082
vn 0.975639 -0.143580 0.165872
vn -0.259446 -0.042595 0.964818
vn -0.182189 -0.224968 0.957182
vn -0.000275 -0.042876 0.999080
vn 0.082260 -0.963230 -0.255774
vn -0.622940 -0.739273 -0.255774
vn 0.000000 0.000000 -1.000000
vn 0.000000 0.000000 -1.000000
vn 0.000000 0.000000 -1.000000
vn 0.000000 0.000000 -1.000000
vn 0.000000 0.000000 -1.000000
vn -0.594806 -0.784936 -0.173437
vn 0.134555 -0.974980 -0.176946
vn -0.002372 -0.992944 0.118563
vn -0.700527 -0.704764 0.112114
vn -0.700527 -0.704764 0.112114
vn -0.002372 -0.992944 0.118563
vn -0.131842 -0.968480 0.211341
vn -0.768457 -0.598297 0.226967
vn 0.598378 0.780880 0.179361
vn -0.135296 0.974218 0.180537
vn 0.136030 0.974114 0.180548
vn 0.788714 0.589301 0.175082
vn -0.182189 -0.224968 0.957182
vn -0.000076 -0.299532 0.954086
vn -0.000275 -0.042876 0.999080
vn 0.739273 -0.622940 -0.255774
vn 0.082260 -0.963230 -0.255774
vn 0.000000 0.000000 -1.000000
vn 0.000000 0.000000 -1.000000
vn 0.000000 0.000000 -1.000000
vn 0.000000 0.000000 -1.000000
vn 0.000000 0.000000 -1.000000
vn 0.134555 -0.974980 -0.176946
vn 0.786083 -0.595049 -0.167302
vn 0.697132 -0.707349 0.116900
vn -0.002372 -0.992944 0.118563
vn -0.002372 -0.992944 0.118563
vn 0.697132 -0.707349 0.116900
vn 0.581647 -0.784661 0.214461
vn -0.131842 -0.968480 0.211341
vn -0.135296 0.974218 0.180537
vn -0.789161 0.588875 0.174502
vn -0.597047 0.782027 0.178799
vn 0.136030 0.974114 0.180548
vn -0.000076 -0.299532 0.954086
vn 0.181657 -0.224600 0.957369
vn -0.000275 -0.042876 0.999080
vn 0.963230 0.082260 -0.255774
vn 0.739273 -0.622940 -0.255774
vn 0.000000 0.000000 -1.000000
vn 0.000000 0.000000 -1.000000
vn 0.000000 0.000000 -1.000000
vn 0.000000 0.000000 -1.000000
vn 0.000000 0.000000 -1.000000
vn 0.786083 -0.595049 -0.167302
vn 0.979375 0.135650 -0.149748
vn 0.993913 -0.008490 0.109842
vn 0.697132 -0.707349 0.116900
vn 0.697132 -0.707349 0.116900
vn 0.993913 -0.008490 0.109842
vn 0.960407 -0.148847 0.235504
vn 0.581647 -0.784661 0.214461
vn -0.789161 0.588875 0.174502
vn -0.975542 -0.145115 0.165102
vn -0.977113 0.126698 0.170874
vn -0.597047 0.782027 0.178799
vn 0.181657 -0.224600 0.957369
vn 0.258527 -0.042609 0.965064
vn -0.000275 -0.042876 0.999080
vn 0.622940 0.739273 -0.255774
vn 0.963230 0.082260 -0.255774
vn 0.000000 0.000000 -1.000000
vn 0.000000 0.000000 -1.000000
vn 0.000000 0.000000 -1.000000
vn 0.000000 0.000000 -1.000000
vn 0.000000 0.000000 -1.000000
vn 0.979375 0.135650 -0.149748
vn 0.598035 0.790119 -0.134410
vn 0.707460 0.699116 0.103621
vn 0.993913 -0.008490 0.109842
vn 0.993913 -0.008490 0.109842
vn 0.707460 0.699116 0.103621
vn 0.776709 0.572023 0.263652
vn 0.960407 -0.148847 0.235504
vn -0.975542 -0.145115 0.165102
vn -0.590499 -0.791458 0.157816
vn -0.781736 -0.602287 0.161679
vn -0.977113 0.126698 0.170874
vn 0.258527 -0.042609 0.965064
vn 0.184059 0.141800 0.972633
vn -0.000275 -0.042876 0.999080
vn -0.082260 0.963230 -0.255774
vn 0.622940 0.739273 -0.255774
vn 0.000000 0.000000 -1.000000
vn 0.000000 0.000000 -1.000000
vn 0.000000 0.000000 -1.000000
vn 0.000000 0.000000 -1.000000
vn 0.000000 0.000000 -1.000000
vn 0.598035 0.790119 -0.134410
vn -0.135574 0.982112 -0.130672
vn 0.001185 0.994970 0.100169
vn 0.707460 0.699116 0.103621
vn 0.707460 0.699116 0.103621
vn 0.001185 0.994970 0.100169
vn 0.133213 0.950294 0.281417
vn 0.776709 0.572023 0.263652
vn -0.590499 -0.791458 0.157816
vn 0.133560 -0.978588 0.156614
vn -0.132965 -0.978673 0.156590
vn -0.781736 -0.602287 0.161679
vn 0.184059 0.141800 0.972633
vn -0.000080 0.219163 0.975688
vn -0.000275 -0.042876 0.999080
vn -0.739273 0.622940 -0.255774
vn -0.082260 0.963230 -0.255774
vn 0.000000 0.000000 -1.000000
vn 0.000000 0.000000 -1.000000
vn 0.000000 0.000000 -1.000000
vn 0.000000 0.000000 -1.000000
vn 0.000000 0.000000 -1.000000
vn -0.135574 0.982112 -0.130672
vn -0.789061 0.597941 -0.140885
vn -0.705951 0.701244 0.099447
vn 0.001185 0.994970 0.100169
vn 0.001185 0.994970 0.100169
vn -0.705951 0.701244 0.099447
vn -0.588440 0.759615 0.276988
vn 0.133213 0.950294 0.281417
vn 0.133560 -0.978588 0.156614
vn 0.781201 -0.602836 0.162216
vn 0.591676 -0.790476 0.158322
vn -0.132965 -0.978673 0.156590
vn -0.000080 0.219163 0.975688
vn -0.184602 0.142196 0.972472
vn -0.000275 -0.042876 0.999080
vn -0.963230 -0.082260 -0.255774
vn -0.739273 0.622940 -0.255774
vn 0.000000 0.000000 -1.000000
vn 0.000000 0.000000 -1.000000
vn 0.000000 0.000000 -1.000000
vn 0.000000 0.000000 -1.000000
vn 0.000000 0.000000 -1.000000
vn -0.789061 0.597941 -0.140885
vn -0.978099 -0.134711 -0.158669
vn -0.994614 -0.005245 0.103512
vn -0.705951 0.701244 0.099447
vn -0.705951 0.701244 0.099447
vn -0.994614 -0.005245 0.103512
vn -0.960304 0.115745 0.253809
vn -0.588440 0.759615 0.276988
vn 0.781201 -0.602836 0.162216
vn 0.977206 0.124927 0.171645
vn 0.975639 -0.143580 0.165872
vn 0.591676 -0.790476 0.158322
vn -0.184602 0.142196 0.972472
vn -0.259446 -0.042595 0.964818
vn -0.000275 -0.042876 0.999080
vn 0.702384 0.703361 -0.109272
vn 0.702384 0.703361 -0.109272
vn 0.000099 0.993862 -0.110627
vn 0.000099 0.993862 -0.110627
vn -0.703175 0.703295 -0.104503
vn -0.703175 0.703295 -0.104503
vn -0.995711 -0.000657 -0.092516
vn -0.995711 -0.000657 -0.092516
vn -0.704120 -0.705493 -0.080588
vn -0.704120 -0.705493 -0.080588
vn 0.000800 -0.996974 -0.077727
vn 0.000800 -0.996974 -0.077727
vn 0.705120 -0.703763 -0.086741
vn 0.705120 -0.703763 -0.086741
vn 0.994963 0.001181 -0.100234
vn 0.994963 0.001181 -0.100234
vn -0.704120 -0.705493 -0.080588
vn -0.995711 -0.000657 -0.092516
vn 0.000800 -0.996974 -0.077727
vn -0.704120 -0.705493 -0.080588
vn 0.705120 -0.703763 -0.086741
vn 0.000800 -0.996974 -0.077727
vn 0.994963 0.001181 -0.100234
vn 0.705120 -0.703763 -0.086741
vn 0.702384 0.703361 -0.109272
vn 0.994963 0.001181 -0.100234
vn 0.000099 0.993862 -0.110627
vn 0.702384 0.703361 -0.109272
vn -0.703175 0.703295 -0.104503
vn 0.000099 0.993862 -0.110627
vn -0.995711 -0.000657 -0.092516
vn -0.703175 0.703295 -0.104503
vn -0.797187 -0.603732 0.001099
vn -0.990172 0.136581 -0.030086
vn -0.996093 -0.001250 -0.088299
vn -0.705463 -0.706443 -0.057092
vn -0.990172 0.136581 -0.030086
vn -0.602902 0.795717 -0.057831
vn -0.703109 0.701036 -0.119106
vn -0.996093 -0.001250 -0.088299
vn -0.602902 0.795717 -0.057831
vn 0.136476 0.988446 -0.065940
vn -0.001018 0.991296 -0.131645
vn -0.703109 0.701036 -0.119106
vn 0.136476 0.988446 -0.065940
vn 0.796314 0.602837 -0.049713
vn 0.701849 0.702358 -0.118751
vn -0.001018 0.991296 -0.131645
vn 0.796314 0.602837 -0.049713
vn 0.990413 -0.136881 -0.018569
vn 0.996143 0.000075 -0.087749
vn 0.701849 0.702358 -0.118751
vn 0.990413 -0.136881 -0.018569
vn 0.603738 -0.797129 0.009250
vn 0.706072 -0.705869 -0.056669
vn 0.996143 0.000075 -0.087749
vn 0.603738 -0.797129 0.009250
vn -0.136753 -0.990452 0.017399
vn 0.000319 -0.999035 -0.043925
vn 0.706072 -0.705869 -0.056669
vn -0.136753 -0.990452 0.017399
vn -0.797187 -0.603732 0.001099
vn -0.705463 -0.706443 -0.057092
vn 0.000319 -0.999035 -0.043925
vn -0.705463 -0.706443 -0.057092
vn -0.996093 -0.001250 -0.088299
vn -0.980241 -0.136242 -0.143405
vn -0.599474 -0.792358 -0.113137
vn -0.996093 -0.001250 -0.088299
vn -0.703109 0.701036 -0.119106
vn -0.785055 0.593622 -0.176922
vn -0.980241 -0.136242 -0.143405
vn -0.703109 0.701036 -0.119106
vn -0.001018 0.991296 -0.131645
vn -0.134169 0.971737 -0.194232
vn -0.785055 0.593622 -0.176922
vn -0.001018 0.991296 -0.131645
vn 0.701849 0.702358 -0.118751
vn 0.593858 0.782866 -0.185615
vn -0.134169 0.971737 -0.194232
vn 0.701849 0.702358 -0.118751
vn 0.996143 0.000075 -0.087749
vn 0.978614 0.134220 -0.155881
vn 0.593858 0.782866 -0.185615
vn 0.996143 0.000075 -0.087749
vn 0.706072 -0.705869 -0.056669
vn 0.790913 -0.599631 -0.122065
vn 0.978614 0.134220 -0.155881
vn 0.706072 -0.705869 -0.056669
vn 0.000319 -0.999035 -0.043925
vn 0.136029 -0.985208 -0.104222
vn 0.790913 -0.599631 -0.122065
vn 0.000319 -0.999035 -0.043925
vn -0.705463 -0.706443 -0.057092
vn -0.599474 -0.792358 -0.113137
vn 0.136029 -0.985208 -0.104222
vn 0.000000 0.000000 -1.000000
vn 0.000000 -0.000000 -1.000000
vn 0.000000 0.000000 -1.000000
vn 0.000000 0.000000 -1.000000
vn 0.000000 -0.000000 -1.000000
vn 0.000000 -0.000000 -1.000000
vn 0.000000 -0.000000 -1.000000
vn 0.000000 0.000000 -1.000000
vn 0.000000 -0.000000 -1.000000
vn -0.000000 -0.000000 -1.000000
vn 0.000000 -0.000000 -1.000000
vn 0.000000 -0.000000 -1.000000
vn -0.000000 -0.000000 -1.000000
vn -0.000000 -0.000000 -1.000000
vn -0.000000 -0.000000 -1.000000
vn 0.000000 -0.000000 -1.000000
vn -0.000000 -0.000000 -1.000000
vn -0.000000 0.000000 -1.000000
vn -0.000000 -0.000000 -1.000000
vn -0.000000 -0.000000 -1.000000
vn -0.000000 0.000000 -1.000000
vn -0.000000 0.000000 -1.000000
vn -0.000000 0.000000 -1.000000
vn -0.000000 -0.000000 -1.000000
vn -0.000000 0.000000 -1.000000
vn 0.000000 0.000000 -1.000000
vn -0.000000 0.000000 -1.000000
vn -0.000000 0.000000 -1.000000
vn 0.000000 0.000000 -1.000000
vn 0.000000 0.000000 -1.000000
vn 0.000000 0.000000 -1.000000
vn -0.000000 0.000000 -1.000000
vn -0.789626 -0.598030 -0.137298
vn -0.981221 0.135478 -0.137298
vn -0.963230 -0.082260 -0.255774
vn -0.622940 -0.739273 -0.255774
vn -0.981221 0.135478 -0.137298
vn -0.598030 0.789626 -0.137298
vn -0.739273 0.622940 -0.255774
vn -0.963230 -0.082260 -0.255774
vn -0.598030 0.789626 -0.137298
vn 0.135478 0.981221 -0.137298
vn -0.082260 0.963230 -0.255774
vn -0.739273 0.622940 -0.255774
vn 0.135478 0.981221 -0.137298
vn 0.789626 0.598030 -0.137298
vn 0.622940 0.739273 -0.255774
vn -0.082260 0.963230 -0.255774
vn 0.789626 0.598030 -0.137298
vn 0.981221 -0.135478 -0.137298
vn 0.963230 0.082260 -0.255774
vn 0.622940 0.739273 -0.255774
vn 0.981221 -0.135478 -0.137298
vn 0.598030 -0.789626 -0.137298
vn 0.739273 -0.622940 -0.255774
vn 0.963230 0.082260 -0.255774
vn 0.598030 -0.789626 -0.137298
vn -0.135478 -0.981221 -0.137298
vn 0.082260 -0.963230 -0.255774
vn 0.739273 -0.622940 -0.255774
vn -0.135478 -0.981221 -0.137298
vn -0.789626 -0.598030 -0.137298
vn -0.622940 -0.739273 -0.255774
vn 0.082260 -0.963230 -0.255774
vn -0.941629 -0.311547 -0.127567
vn -0.944757 -0.312653 -0.098402
vn -0.949282 -0.300386 -0.092910
vn -0.992800 -0.036375 0.114128
vn -0.999425 0.006333 0.033325
vn -0.987924 0.119498 0.098620
vn -0.999167 0.038876 0.012378
vn -0.987924 0.119498 0.098620
vn -0.999425 0.006333 0.033325
vn 0.968579 -0.236397 -0.077274
vn -0.872476 -0.444534 -0.202916
vn -0.999167 0.038876 0.012378
vn -0.941629 -0.311547 -0.127567
vn -0.959006 -0.248042 -0.137049
vn -0.999425 0.006333 0.033325
vn -0.798281 0.559748 0.222330
vn -0.595617 0.749860 0.288011
vn 0.023803 0.949444 0.313033
vn -0.959006 -0.248042 -0.137049
vn 0.999744 -0.013870 0.017873
vn 0.992839 -0.035882 0.113944
vn -0.952360 -0.290738 -0.092101
vn -0.952360 -0.290738 -0.092101
vn 0.968579 -0.236397 -0.077274
vn -0.798281 0.559748 0.222330
vn -0.987924 0.119498 0.098620
vn -0.999167 0.038876 0.012378
vn 0.999744 -0.013870 0.017873
vn 0.990657 0.105591 0.086312
vn -0.941629 -0.311547 -0.127567
vn 0.924056 -0.375743 -0.070268
vn 0.958549 -0.266229 -0.101520
vn 0.990657 0.105591 0.086312
vn 0.981464 0.170629 0.087261
vn 0.990657 0.105591 0.086312
vn 0.995494 0.089059 0.032566
vn -0.595617 0.749860 0.288011
vn -0.987924 0.119498 0.098620
vn -0.798281 0.559748 0.222330
vn 0.978214 0.182587 0.098794
vn 0.990657 0.105591 0.086312
vn 0.981464 0.170629 0.087261
vn 0.958549 -0.266229 -0.101520
vn -0.944898 -0.313250 -0.095087
vn 0.925255 -0.362843 -0.110671
vn 0.912600 -0.358974 -0.195700
vn 0.924056 -0.375743 -0.070268
vn 0.941152 -0.330054 -0.072779
vn 0.912600 -0.358974 -0.195700
vn 0.889733 -0.410497 -0.199669
vn 0.995494 0.089059 0.032566
vn -0.944757 -0.312653 -0.098402
vn 0.995494 0.089059 0.032566
vn 0.958549 -0.266229 -0.101520
vn 0.999744 -0.013870 0.017873
vn -0.949282 -0.300386 -0.092910
vn 0.941152 -0.330054 -0.072779
vn 0.889733 -0.410497 -0.199669
vn 0.958549 -0.266229 -0.101520
vn -0.872476 -0.444534 -0.202916
vn -0.941629 -0.311547 -0.127567
vn 0.739273 -0.622940 -0.255774
vn 0.963230 0.082260 -0.255774
vn -0.000000 0.000000 -1.000000
vn 0.000000 0.000000 -1.000000
vn 0.000000 0.000000 -1.000000
vn 0.000000 0.000000 -1.000000
vn 0.000000 0.000000 -1.000000
vn 0.978989 0.135602 -0.152289
vn 0.785784 -0.594870 -0.169329
vn 0.696407 -0.707377 0.120974
vn 0.993406 -0.009003 0.114291
vn 0.993406 -0.009003 0.114291
vn 0.696407 -0.707377 0.120974
vn 0.580049 -0.783667 0.222281
vn 0.957206 -0.149239 0.247959
vn -0.975374 -0.145151 0.166063
vn -0.789061 0.588766 0.175321
vn -0.596979 0.781933 0.179434
vn -0.976948 0.126623 0.171869
vn 0.259446 -0.042595 0.964818
vn 0.182189 -0.224968 0.957182
vn 0.000275 -0.042876 0.999080
vn 0.082260 -0.963230 -0.255774
vn 0.739273 -0.622940 -0.255774
vn -0.000000 0.000000 -1.000000
vn 0.000000 0.000000 -1.000000
vn 0.000000 0.000000 -1.000000
vn 0.000000 0.000000 -1.000000
vn 0.000000 0.000000 -1.000000
vn 0.785784 -0.594870 -0.169329
vn 0.134488 -0.974926 -0.177293
vn -0.002628 -0.992802 0.119738
vn 0.696407 -0.707377 0.120974
vn 0.696407 -0.707377 0.120974
vn -0.002628 -0.992802 0.119738
vn -0.132395 -0.968793 0.209550
vn 0.580049 -0.783667 0.222281
vn -0.789061 0.588766 0.175321
vn -0.135278 0.974194 0.180681
vn 0.136050 0.974138 0.180404
vn -0.596979 0.781933 0.179434
vn 0.182189 -0.224968 0.957182
vn 0.000076 -0.299532 0.954086
vn 0.000275 -0.042876 0.999080
vn -0.622940 -0.739273 -0.255774
vn 0.082260 -0.963230 -0.255774
vn -0.000000 0.000000 -1.000000
vn 0.000000 0.000000 -1.000000
vn 0.000000 0.000000 -1.000000
vn 0.000000 0.000000 -1.000000
vn 0.000000 0.000000 -1.000000
vn 0.134488 -0.974926 -0.177293
vn -0.594998 -0.785128 -0.171908
vn -0.700847 -0.704848 0.109560
vn -0.002628 -0.992802 0.119738
vn -0.002628 -0.992802 0.119738
vn -0.700847 -0.704848 0.109560
vn -0.770806 -0.599033 0.216834
vn -0.132395 -0.968793 0.209550
vn -0.135278 0.974194 0.180681
vn 0.598439 0.780979 0.178725
vn 0.788815 0.589409 0.174265
vn 0.136050 0.974138 0.180404
vn 0.000076 -0.299532 0.954086
vn -0.181657 -0.224600 0.957369
vn 0.000275 -0.042876 0.999080
vn -0.963230 -0.082260 -0.255774
vn -0.622940 -0.739273 -0.255774
vn -0.000000 0.000000 -1.000000
vn 0.000000 0.000000 -1.000000
vn 0.000000 0.000000 -1.000000
vn 0.000000 0.000000 -1.000000
vn 0.000000 0.000000 -1.000000
vn -0.594998 -0.785128 -0.171908
vn -0.978498 -0.134772 -0.156137
vn -0.995092 -0.005093 0.098825
vn -0.700847 -0.704848 0.109560
vn -0.700847 -0.704848 0.109560
vn -0.995092 -0.005093 0.098825
vn -0.963273 0.116965 0.241713
vn -0.770806 -0.599033 0.216834
vn 0.598439 0.780979 0.178725
vn 0.977369 0.125011 0.170650
vn 0.975806 -0.143553 0.164912
vn 0.788815 0.589409 0.174265
vn -0.181657 -0.224600 0.957369
vn -0.258527 -0.042609 0.965064
vn 0.000275 -0.042876 0.999080
vn -0.739273 0.622940 -0.255774
vn -0.963230 -0.082260 -0.255774
vn -0.000000 0.000000 -1.000000
vn 0.000000 0.000000 -1.000000
vn 0.000000 0.000000 -1.000000
vn 0.000000 0.000000 -1.000000
vn 0.000000 0.000000 -1.000000
vn -0.978498 -0.134772 -0.156137
vn -0.789314 0.598089 -0.138829
vn -0.706288 0.701460 0.095455
vn -0.995092 -0.005093 0.098825
vn -0.995092 -0.005093 0.098825
vn -0.706288 0.701460 0.095455
vn -0.589613 0.761275 0.269847
vn -0.963273 0.116965 0.241713
vn 0.977369 0.125011 0.170650
vn 0.781333 -0.602868 0.161459
vn 0.591755 -0.790529 0.157763
vn 0.975806 -0.143553 0.164912
vn -0.258527 -0.042609 0.965064
vn -0.184059 0.141800 0.972633
vn 0.000275 -0.042876 0.999080
vn -0.082260 0.963230 -0.255774
vn -0.739273 0.622940 -0.255774
vn -0.000000 0.000000 -1.000000
vn 0.000000 0.000000 -1.000000
vn 0.000000 0.000000 -1.000000
vn 0.000000 0.000000 -1.000000
vn 0.000000 0.000000 -1.000000
vn -0.789314 0.598089 -0.138829
vn -0.135624 0.982152 -0.130317
vn 0.000947 0.995080 0.099073
vn -0.706288 0.701460 0.095455
vn -0.706288 0.701460 0.095455
vn 0.000947 0.995080 0.099073
vn 0.132827 0.949863 0.283049
vn -0.589613 0.761275 0.269847
vn 0.781333 -0.602868 0.161459
vn 0.133591 -0.978604 0.156487
vn -0.132937 -0.978656 0.156717
vn 0.591755 -0.790529 0.157763
vn -0.184059 0.141800 0.972633
vn 0.000080 0.219163 0.975688
vn 0.000275 -0.042876 0.999080
vn 0.622940 0.739273 -0.255774
vn -0.082260 0.963230 -0.255774
vn -0.000000 0.000000 -1.000000
vn 0.000000 0.000000 -1.000000
vn 0.000000 0.000000 -1.000000
vn 0.000000 0.000000 -1.000000
vn 0.000000 0.000000 -1.000000
vn -0.135624 0.982152 -0.130317
vn 0.597877 0.789972 -0.135970
vn 0.707335 0.698896 0.105935
vn 0.000947 0.995080 0.099073
vn 0.000947 0.995080 0.099073
vn 0.707335 0.698896 0.105935
vn 0.774705 0.570207 0.273306
vn 0.132827 0.949863 0.283049
vn 0.133591 -0.978604 0.156487
vn -0.590413 -0.791410 0.158374
vn -0.781604 -0.602253 0.162438
vn -0.132937 -0.978656 0.156717
vn 0.000080 0.219163 0.975688
vn 0.184602 0.142196 0.972472
vn 0.000275 -0.042876 0.999080
vn 0.963230 0.082260 -0.255774
vn 0.622940 0.739273 -0.255774
vn -0.000000 0.000000 -1.000000
vn 0.000000 0.000000 -1.000000
vn 0.000000 0.000000 -1.000000
vn 0.000000 0.000000 -1.000000
vn 0.000000 0.000000 -1.000000
vn 0.597877 0.789972 -0.135970
vn 0.978989 0.135602 -0.152289
vn 0.993406 -0.009003 0.114291
vn 0.707335 0.698896 0.105935
vn 0.707335 0.698896 0.105935
vn 0.993406 -0.009003 0.114291
vn 0.957206 -0.149239 0.247959
vn 0.774705 0.570207 0.273306
vn -0.590413 -0.791410 0.158374
vn -0.975374 -0.145151 0.166063
vn -0.976948 0.126623 0.171869
vn -0.781604 -0.602253 0.162438
vn 0.184602 0.142196 0.972472
vn 0.259446 -0.042595 0.964818
vn 0.000275 -0.042876 0.999080
vn -0.703372 0.703425 -0.102282
vn -0.703372 0.703425 -0.102282
vn 0.000048 0.993869 -0.110568
vn 0.000048 0.993869 -0.110568
vn 0.702194 0.703221 -0.111371
vn 0.702194 0.703221 -0.111371
vn 0.994647 0.001210 -0.103327
vn 0.994647 0.001210 -0.103327
vn 0.704987 -0.703609 -0.089043
vn 0.704987 -0.703609 -0.089043
vn 0.000778 -0.996968 -0.077815
vn 0.000778 -0.996968 -0.077815
vn -0.704276 -0.705586 -0.078375
vn -0.704276 -0.705586 -0.078375
vn -0.995999 -0.000653 -0.089361
vn -0.995999 -0.000653 -0.089361
vn 0.704987 -0.703609 -0.089043
vn 0.994647 0.001210 -0.103327
vn 0.000778 -0.996968 -0.077815
vn 0.704987 -0.703609 -0.089043
vn -0.704276 -0.705586 -0.078375
vn 0.000778 -0.996968 -0.077815
vn -0.995999 -0.000653 -0.089361
vn -0.704276 -0.705586 -0.078375
vn -0.703372 0.703425 -0.102282
vn -0.995999 -0.000653 -0.089361
vn 0.000048 0.993869 -0.110568
vn -0.703372 0.703425 -0.102282
vn 0.702194 0.703221 -0.111371
vn 0.000048 0.993869 -0.110568
vn 0.994647 0.001210 -0.103327
vn 0.702194 0.703221 -0.111371
vn 0.603738 -0.797129 0.009250
vn 0.990413 -0.136881 -0.018569
vn 0.996143 0.000075 -0.087749
vn 0.706072 -0.705869 -0.056669
vn 0.990413 -0.136881 -0.018569
vn 0.796314 0.602837 -0.049713
vn 0.701849 0.702358 -0.118751
vn 0.996143 0.000075 -0.087749
vn 0.796314 0.602837 -0.049713
vn 0.136476 0.988446 -0.065940
vn -0.001018 0.991296 -0.131645
vn 0.701849 0.702358 -0.118751
vn 0.136476 0.988446 -0.065940
vn -0.602902 0.795717 -0.057831
vn -0.703109 0.701036 -0.119106
vn -0.001018 0.991296 -0.131645
vn -0.602902 0.795717 -0.057831
vn -0.990172 0.136581 -0.030086
vn -0.996093 -0.001250 -0.088299
vn -0.703109 0.701036 -0.119106
vn -0.990172 0.136581 -0.030086
vn -0.797187 -0.603732 0.001099
vn -0.705463 -0.706443 -0.057092
vn -0.996093 -0.001250 -0.088299
vn -0.797187 -0.603732 0.001099
vn -0.136753 -0.990452 0.017399
vn 0.000319 -0.999035 -0.043925
vn -0.705463 -0.706443 -0.057092
vn -0.136753 -0.990452 0.017399
vn 0.603738 -0.797129 0.009250
vn 0.706072 -0.705869 -0.056669
vn 0.000319 -0.999035 -0.043925
vn 0.706072 -0.705869 -0.056669
vn 0.996143 0.000075 -0.087749
vn 0.978614 0.134220 -0.155881
vn 0.790913 -0.599631 -0.122065
vn 0.996143 0.000075 -0.087749
vn 0.701849 0.702358 -0.118751
vn 0.593858 0.782866 -0.185615
vn 0.978614 0.134220 -0.155881
vn 0.701849 0.702358 -0.118751
vn -0.001018 0.991296 -0.131645
vn -0.134169 0.971737 -0.194232
vn 0.593858 0.782866 -0.185615
vn -0.001018 0.991296 -0.131645
vn -0.703109 0.701036 -0.119106
vn -0.785055 0.593622 -0.176922
vn -0.134169 0.971737 -0.194232
vn -0.703109 0.701036 -0.119106
vn -0.996093 -0.001250 -0.088299
vn -0.980241 -0.136242 -0.143405
vn -0.785055 0.593622 -0.176922
vn -0.996093 -0.001250 -0.088299
vn -0.705463 -0.706443 -0.057092
vn -0.599474 -0.792358 -0.113137
vn -0.980241 -0.136242 -0.143405
vn -0.705463 -0.706443 -0.057092
vn 0.000319 -0.999035 -0.043925
vn 0.136029 -0.985208 -0.104222
vn -0.599474 -0.792358 -0.113137
vn 0.000319 -0.999035 -0.043925
vn 0.706072 -0.705869 -0.056669
vn 0.790913 -0.599631 -0.122065
vn 0.136029 -0.985208 -0.104222
vn -0.000000 0.000000 -1.000000
vn -0.000000 0.000000 -1.000000
vn -0.000000 -0.000000 -1.000000
vn -0.000000 0.000000 -1.000000
vn -0.000000 0.000000 -1.000000
vn -0.000000 -0.000000 -1.000000
vn -0.000000 -0.000000 -1.000000
vn -0.000000 -0.000000 -1.000000
vn -0.000000 -0.000000 -1.000000
vn -0.000000 -0.000000 -1.000000
vn 0.000000 -0.000000 -1.000000
vn -0.000000 -0.000000 -1.000000
vn -0.000000 -0.000000 -1.000000
vn 0.000000 -0.000000 -1.000000
vn 0.000000 -0.000000 -1.000000
vn 0.000000 -0.000000 -1.000000
vn 0.000000 -0.000000 -1.000000
vn 0.000000 -0.000000 -1.000000
vn 0.000000 0.000000 -1.000000
vn 0.000000 -0.000000 -1.000000
vn 0.000000 -0.000000 -1.000000
vn 0.000000 0.000000 -1.000000
vn 0.000000 0.000000 -1.000000
vn 0.000000 0.000000 -1.000000
vn 0.000000 0.000000 -1.000000
vn 0.000000 0.000000 -1.000000
vn -0.000000 0.000000 -1.000000
vn 0.000000 0.000000 -1.000000
vn 0.000000 0.000000 -1.000000
vn -0.000000 0.000000 -1.000000
vn -0.000000 0.000000 -1.000000
vn -0.000000 0.000000 -1.000000
vn 0.598030 -0.789626 -0.137298
vn 0.981221 -0.135478 -0.137298
vn 0.963230 0.082260 -0.255774
vn 0.739273 -0.622940 -0.255774
vn 0.981221 -0.135478 -0.137298
vn 0.789626 0.598030 -0.137298
vn 0.622940 0.739273 -0.255774
vn 0.963230 0.082260 -0.255774
vn 0.789626 0.598030 -0.137298
vn 0.135478 0.981221 -0.137298
vn -0.082260 0.963230 -0.255774
vn 0.622940 0.739273 -0.255774
vn 0.135478 0.981221 -0.137298
vn -0.598030 0.789626 -0.137298
vn -0.739273 0.622940 -0.255774
vn -0.082260 0.963230 -0.255774
vn -0.598030 0.789626 -0.137298
vn -0.981221 0.135478 -0.137298
vn -0.963230 -0.082260 -0.255774
vn -0.739273 0.622940 -0.255774
vn -0.981221 0.135478 -0.137298
vn -0.789626 -0.598030 -0.137298
vn -0.622940 -0.739273 -0.255774
vn -0.963230 -0.082260 -0.255774
vn -0.789626 -0.598030 -0.137298
vn -0.135478 -0.981221 -0.137298
vn 0.082260 -0.963230 -0.255774
vn -0.622940 -0.739273 -0.255774
vn -0.135478 -0.981221 -0.137298
vn 0.598030 -0.789626 -0.137298
vn 0.739273 -0.622940 -0.255774
vn 0.082260 -0.963230 -0.255774
vn 0.956566 -0.263061 -0.125621
vn 0.945682 -0.302017 -0.120296
vn 0.943630 -0.310016 -0.115987
vn 0.992800 -0.036375 0.114128
vn 0.999681 -0.014642 0.020600
vn 0.987924 0.119498 0.098620
vn 0.994788 0.094787 0.037584
vn 0.987924 0.119498 0.098620
vn 0.999681 -0.014642 0.020600
vn -0.961095 -0.259938 -0.093428
vn 0.886089 -0.415399 -0.205645
vn 0.994788 0.094787 0.037584
vn 0.956566 -0.263061 -0.125621
vn 0.912684 -0.358329 -0.196491
vn 0.999681 -0.014642 0.020600
vn 0.798281 0.559748 0.222330
vn 0.595617 0.749860 0.288011
vn -0.023803 0.949444 0.313033
vn 0.912684 -0.358329 -0.196491
vn -0.999429 0.006870 0.033086
vn -0.992839 -0.035882 0.113944
vn 0.955769 -0.273637 -0.107830
vn 0.955769 -0.273637 -0.107830
vn -0.961095 -0.259938 -0.093428
vn 0.798281 0.559748 0.222330
vn 0.987924 0.119498 0.098620
vn 0.994788 0.094787 0.037584
vn -0.999429 0.006870 0.033086
vn -0.990657 0.105591 0.086312
vn 0.956566 -0.263061 -0.125621
vn -0.944709 -0.307558 -0.113725
vn -0.957267 -0.262180 -0.122073
vn -0.990657 0.105591 0.086312
vn -0.981464 0.170629 0.087261
vn -0.990657 0.105591 0.086312
vn -0.999283 0.037252 0.006688
vn 0.595617 0.749860 0.288011
vn 0.987924 0.119498 0.098620
vn 0.798281 0.559748 0.222330
vn -0.978214 0.182587 0.098794
vn -0.990657 0.105591 0.086312
vn -0.981464 0.170629 0.087261
vn -0.957267 -0.262180 -0.122073
vn 0.943741 -0.310340 -0.114201
vn -0.922926 -0.361082 -0.133516
vn -0.962382 -0.227859 -0.147992
vn -0.944709 -0.307558 -0.113725
vn -0.922452 -0.357209 -0.146575
vn -0.962382 -0.227859 -0.147992
vn -0.900506 -0.384723 -0.202676
vn -0.999283 0.037252 0.006688
vn 0.945682 -0.302017 -0.120296
vn -0.999283 0.037252 0.006688
vn -0.957267 -0.262180 -0.122073
vn -0.999429 0.006870 0.033086
vn 0.943630 -0.310016 -0.115987
vn -0.922452 -0.357209 -0.146575
vn -0.900506 -0.384723 -0.202676
vn -0.957267 -0.262180 -0.122073
vn 0.886089 -0.415399 -0.205645
vn 0.956566 -0.263061 -0.125621
vn -0.622687 -0.739039 -0.257063
vn -0.962886 -0.082273 -0.257063
vn -0.000000 -0.000000 -1.000000
vn 0.000000 0.000000 -1.000000
vn 0.000000 0.000000 -1.000000
vn 0.000000 0.000000 -1.000000
vn 0.000000 0.000000 -1.000000
vn -0.978099 -0.134711 -0.158669
vn -0.594806 -0.784936 -0.173437
vn -0.700527 -0.704764 0.112114
vn -0.994614 -0.005245 0.103512
vn -0.994614 -0.005245 0.103512
vn -0.700527 -0.704764 0.112114
vn -0.768457 -0.598297 0.226967
vn -0.960304 0.115745 0.253809
vn 0.977206 0.124927 0.171645
vn 0.598378 0.780880 0.179361
vn 0.788714 0.589301 0.175082
vn 0.975639 -0.143580 0.165872
vn -0.259446 -0.042595 0.964818
vn -0.182189 -0.224968 0.957182
vn -0.000275 -0.042876 0.999080
vn 0.082273 -0.962886 -0.257063
vn -0.622687 -0.739039 -0.257063
vn -0.000000 -0.000000 -1.000000
vn 0.000000 0.000000 -1.000000
vn 0.000000 0.000000 -1.000000
vn 0.000000 0.000000 -1.000000
vn 0.000000 0.000000 -1.000000
vn -0.594806 -0.784936 -0.173437
vn 0.134555 -0.974980 -0.176946
vn -0.002372 -0.992944 0.118563
vn -0.700527 -0.704764 0.112114
vn -0.700527 -0.704764 0.112114
vn -0.002372 -0.992944 0.118563
vn -0.131842 -0.968480 0.211341
vn -0.768457 -0.598297 0.226967
vn 0.598378 0.780880 0.179361
vn -0.135296 0.974218 0.180537
vn 0.136030 0.974114 0.180548
vn 0.788714 0.589301 0.175082
vn -0.182189 -0.224968 0.957182
vn -0.000076 -0.299532 0.954086
vn -0.000275 -0.042876 0.999080
vn 0.739039 -0.622687 -0.257063
vn 0.082273 -0.962886 -0.257063
vn -0.000000 -0.000000 -1.000000
vn 0.000000 0.000000 -1.000000
vn 0.000000 0.000000 -1.000000
vn 0.000000 0.000000 -1.000000
vn 0.000000 0.000000 -1.000000
vn 0.134555 -0.974980 -0.176946
vn 0.786083 -0.595049 -0.167302
vn 0.697132 -0.707349 0.116900
vn -0.002372 -0.992944 0.118563
vn -0.002372 -0.992944 0.118563
vn 0.697132 -0.707349 0.116900
vn 0.581647 -0.784661 0.214461
vn -0.131842 -0.968480 0.211341
vn -0.135296 0.974218 0.180537
vn -0.789161 0.588875 0.174502
vn -0.597047 0.782027 0.178799
vn 0.136030 0.974114 0.180548
vn -0.000076 -0.299532 0.954086
vn 0.181657 -0.224600 0.957369
vn -0.000275 -0.042876 0.999080
vn 0.962886 0.082273 -0.257063
vn 0.739039 -0.622687 -0.257063
vn -0.000000 -0.000000 -1.000000
vn 0.000000 0.000000 -1.000000
vn 0.000000 0.000000 -1.000000
vn 0.000000 0.000000 -1.000000
vn 0.000000 0.000000 -1.000000
vn 0.786083 -0.595049 -0.167302
vn 0.979375 0.135650 -0.149748
vn 0.993913 -0.008490 0.109842
vn 0.697132 -0.707349 0.116900
vn 0.697132 -0.707349 0.116900
vn 0.993913 -0.008490 0.109842
vn 0.960407 -0.148847 0.235504
vn 0.581647 -0.784661 0.214461
vn -0.789161 0.588875 0.174502
vn -0.975542 -0.145115 0.165102
vn -0.977113 0.126698 0.170874
vn -0.597047 0.782027 0.178799
vn 0.181657 -0.224600 0.957369
vn 0.258527 -0.042609 0.965064
vn -0.000275 -0.042876 0.999080
vn 0.622687 0.739039 -0.257063
vn 0.962886 0.082273 -0.257063
vn -0.000000 -0.000000 -1.000000
vn 0.000000 0.000000 -1.000000
vn 0.000000 0.000000 -1.000000
vn 0.000000 0.000000 -1.000000
vn 0.000000 0.000000 -1.000000
vn 0.979375 0.135650 -0.149748
vn 0.598035 0.790119 -0.134410
vn 0.707460 0.699116 0.103621
vn 0.993913 -0.008490 0.109842
vn 0.993913 -0.008490 0.109842
vn 0.707460 0.699116 0.103621
vn 0.776709 0.572023 0.263652
vn 0.960407 -0.148847 0.235504
vn -0.975542 -0.145115 0.165102
vn -0.590499 -0.791458 0.157816
vn -0.781736 -0.602287 0.161679
vn -0.977113 0.126698 0.170874
vn 0.258527 -0.042609 0.965064
vn 0.184059 0.141800 0.972633
vn -0.000275 -0.042876 0.999080
vn -0.082273 0.962886 -0.257063
vn 0.622687 0.739039 -0.257063
vn -0.000000 -0.000000 -1.000000
vn 0.000000 0.000000 -1.000000
vn 0.000000 0.000000 -1.000000
vn 0.000000 0.000000 -1.000000
vn 0.000000 0.000000 -1.000000
vn 0.598035 0.790119 -0.134410
vn -0.135574 0.982112 -0.130672
vn 0.001185 0.994970 0.100169
vn 0.707460 0.699116 0.103621
vn 0.707460 0.699116 0.103621
vn 0.001185 0.994970 0.100169
vn 0.133213 0.950294 0.281417
vn 0.776709 0.572023 0.263652
vn -0.590499 -0.791458 0.157816
vn 0.133560 -0.978588 0.156614
vn -0.132965 -0.978673 0.156590
vn -0.781736 -0.602287 0.161679
vn 0.184059 0.141800 0.972633
vn -0.000080 0.219163 0.975688
vn -0.000275 -0.042876 0.999080
vn -0.739039 0.622687 -0.257063
vn -0.082273 0.962886 -0.257063
vn -0.000000 -0.000000 -1.000000
vn 0.000000 0.000000 -1.000000
vn 0.000000 0.000000 -1.000000
vn 0.000000 0.000000 -1.000000
vn 0.000000 0.000000 -1.000000
vn -0.135574 0.982112 -0.130672
vn -0.789061 0.597941 -0.140885
vn -0.705951 0.701244 0.099447
vn 0.001185 0.994970 0.100169
vn 0.001185 0.994970 0.100169
vn -0.705951 0.701244 0.099447
vn -0.588440 0.759615 0.276988
vn 0.133213 0.950294 0.281417
vn 0.133560 -0.978588 0.156614
vn 0.781201 -0.602836 0.162216
vn 0.591676 -0.790476 0.158322
vn -0.132965 -0.978673 0.156590
vn -0.000080 0.219163 0.975688
vn -0.184602 0.142196 0.972472
vn -0.000275 -0.042876 0.999080
vn -0.962886 -0.082273 -0.257063
vn -0.739039 0.622687 -0.257063
vn -0.000000 -0.000000 -1.000000
vn 0.000000 0.000000 -1.000000
vn 0.000000 0.000000 -1.000000
vn 0.000000 0.000000 -1.000000
vn 0.000000 0.000000 -1.000000
vn -0.789061 0.597941 -0.140885
vn -0.978099 -0.134711 -0.158669
vn -0.994614 -0.005245 0.103512
vn -0.705951 0.701244 0.099447
vn -0.705951 0.701244 0.099447
vn -0.994614 -0.005245 0.103512
vn -0.960304 0.115745 0.253809
vn -0.588440 0.759615 0.276988
vn 0.781201 -0.602836 0.162216
vn 0.977206 0.124927 0.171645
vn 0.975639 -0.143580 0.165872
vn 0.591676 -0.790476 0.158322
vn -0.184602 0.142196 0.972472
vn -0.259446 -0.042595 0.964818
vn -0.000275 -0.042876 0.999080
vn 0.702384 0.703361 -0.109272
vn 0.702384 0.703361 -0.109272
vn 0.000099 0.993862 -0.110627
vn 0.000099 0.993862 -0.110627
vn -0.703175 0.703295 -0.104503
vn -0.703175 0.703295 -0.104503
vn -0.995711 -0.000657 -0.092516
vn -0.995711 -0.000657 -0.092516
vn -0.704120 -0.705493 -0.080588
vn -0.704120 -0.705493 -0.080588
vn 0.000800 -0.996974 -0.077727
vn 0.000800 -0.996974 -0.077727
vn 0.705120 -0.703763 -0.086741
vn 0.705120 -0.703763 -0.086741
vn 0.994963 0.001181 -0.100234
vn 0.994963 0.001181 -0.100234
vn -0.704120 -0.705493 -0.080588
vn -0.995711 -0.000657 -0.092516
vn 0.000800 -0.996974 -0.077727
vn -0.704120 -0.705493 -0.080588
vn 0.705120 -0.703763 -0.086741
vn 0.000800 -0.996974 -0.077727
vn 0.994963 0.001181 -0.100234
vn 0.705120 -0.703763 -0.086741
vn 0.702384 0.703361 -0.109272
vn 0.994963 0.001181 -0.100234
vn 0.000099 0.993862 -0.110627
vn 0.702384 0.703361 -0.109272
vn -0.703175 0.703295 -0.104503
vn 0.000099 0.993862 -0.110627
vn -0.995711 -0.000657 -0.092516
vn -0.703175 0.703295 -0.104503
vn -0.797187 -0.603732 0.001099
vn -0.990172 0.136581 -0.030086
vn -0.996093 -0.001250 -0.088299
vn -0.705463 -0.706443 -0.057092
vn -0.990172 0.136581 -0.030086
vn -0.602902 0.795717 -0.057831
vn -0.703109 0.701036 -0.119106
vn -0.996093 -0.001250 -0.088299
vn -0.602902 0.795717 -0.057831
vn 0.136476 0.988446 -0.065940
vn -0.001018 0.991296 -0.131645
vn -0.703109 0.701036 -0.119106
vn 0.136476 0.988446 -0.065940
vn 0.796314 0.602837 -0.049713
vn 0.701849 0.702358 -0.118751
vn -0.001018 0.991296 -0.131645
vn 0.796314 0.602837 -0.049713
vn 0.990413 -0.136881 -0.018569
vn 0.996143 0.000075 -0.087749
vn 0.701849 0.702358 -0.118751
vn 0.990413 -0.136881 -0.018569
vn 0.603738 -0.797129 0.009250
vn 0.706072 -0.705869 -0.056669
vn 0.996143 0.000075 -0.087749
vn 0.603738 -0.797129 0.009250
vn -0.136753 -0.990452 0.017399
vn 0.000319 -0.999035 -0.043925
vn 0.706072 -0.705869 -0.056669
vn -0.136753 -0.990452 0.017399
vn -0.797187 -0.603732 0.001099
vn -0.705463 -0.706443 -0.057092
vn 0.000319 -0.999035 -0.043925
vn -0.705463 -0.706443 -0.057092
vn -0.996093 -0.001250 -0.088299
vn -0.980241 -0.136242 -0.143405
vn -0.599474 -0.792358 -0.113137
vn -0.996093 -0.001250 -0.088299
vn -0.703109 0.701036 -0.119106
vn -0.785055 0.593622 -0.176922
vn -0.980241 -0.136242 -0.143405
vn -0.703109 0.701036 -0.119106
vn -0.001018 0.991296 -0.131645
vn -0.134169 0.971737 -0.194232
vn -0.785055 0.593622 -0.176922
vn -0.001018 0.991296 -0.131645
vn 0.701849 0.702358 -0.118751
vn 0.593858 0.782866 -0.185615
vn -0.134169 0.971737 -0.194232
vn 0.701849 0.702358 -0.118751
vn 0.996143 0.000075 -0.087749
vn 0.978614 0.134220 -0.155881
vn 0.593858 0.782866 -0.185615
vn 0.996143 0.000075 -0.087749
vn 0.706072 -0.705869 -0.056669
vn 0.790913 -0.599631 -0.122065
vn 0.978614 0.134220 -0.155881
vn 0.706072 -0.705869 -0.056669
vn 0.000319 -0.999035 -0.043925
vn 0.136029 -0.985208 -0.104222
vn 0.790913 -0.599631 -0.122065
vn 0.000319 -0.999035 -0.043925
vn -0.705463 -0.706443 -0.057092
vn -0.599474 -0.792358 -0.113137
vn 0.136029 -0.985208 -0.104222
vn 0.000000 0.000000 -1.000000
vn 0.000000 -0.000000 -1.000000
vn 0.000000 0.000000 -1.000000
vn 0.000000 0.000000 -1.000000
vn 0.000000 -0.000000 -1.000000
vn 0.000000 -0.000000 -1.000000
vn 0.000000 -0.000000 -1.000000
vn 0.000000 0.000000 -1.000000
vn 0.000000 -0.000000 -1.000000
vn -0.000000 -0.000000 -1.000000
vn 0.000000 -0.000000 -1.000000
vn 0.000000 -0.000000 -1.000000
vn -0.000000 -0.000000 -1.000000
vn -0.000000 -0.000000 -1.000000
vn -0.000000 -0.000000 -1.000000
vn 0.000000 -0.000000 -1.000000
vn -0.000000 -0.000000 -1.000000
vn -0.000000 0.000000 -1.000000
vn -0.000000 -0.000000 -1.000000
vn -0.000000 -0.000000 -1.000000
vn -0.000000 0.000000 -1.000000
vn -0.000000 0.000000 -1.000000
vn -0.000000 0.000000 -1.000000
vn -0.000000 -0.000000 -1.000000
vn -0.000000 0.000000 -1.000000
vn 0.000000 0.000000 -1.000000
vn -0.000000 0.000000 -1.000000
vn -0.000000 0.000000 -1.000000
vn 0.000000 0.000000 -1.000000
vn 0.000000 0.000000 -1.000000
vn 0.000000 0.000000 -1.000000
vn -0.000000 0.000000 -1.000000
vn -0.789626 -0.598030 -0.137298
vn -0.981221 0.135478 -0.137298
vn -0.962886 -0.082273 -0.257063
vn -0.622687 -0.739039 -0.257063
vn -0.981221 0.135478 -0.137298
vn -0.598030 0.789626 -0.137298
vn -0.739039 0.622687 -0.257063
vn -0.962886 -0.082273 -0.257063
vn -0.598030 0.789626 -0.137298
vn 0.135478 0.981221 -0.137298
vn -0.082273 0.962886 -0.257063
vn -0.739039 0.622687 -0.257063
vn 0.135478 0.981221 -0.137298
vn 0.789626 0.598030 -0.137298
vn 0.622687 0.739039 -0.257063
vn -0.082273 0.962886 -0.257063
vn 0.789626 0.598030 -0.137298
vn 0.981221 -0.135478 -0.137298
vn 0.962886 0.082273 -0.257063
vn 0.622687 0.739039 -0.257063
vn 0.981221 -0.135478 -0.137298
vn 0.598030 -0.789626 -0.137298
vn 0.739039 -0.622687 -0.257063
vn 0.962886 0.082273 -0.257063
vn 0.598030 -0.789626 -0.137298
vn -0.135478 -0.981221 -0.137298
vn 0.082273 -0.962886 -0.257063
vn 0.739039 -0.622687 -0.257063
vn -0.135478 -0.981221 -0.137298
vn -0.789626 -0.598030 -0.137298
vn -0.622687 -0.739039 -0.257063
vn 0.082273 -0.962886 -0.257063
vn -0.944816 -0.297030 -0.138189
vn -0.942942 -0.308167 -0.126067
vn -0.946400 -0.298573 -0.123215
vn -0.992800 -0.036375 0.114128
vn -0.999425 0.006333 0.033325
vn -0.987924 0.119498 0.098620
vn -0.999170 0.038938 0.011955
vn -0.987924 0.119498 0.098620
vn -0.999425 0.006333 0.033325
vn 0.969323 -0.228599 -0.090304
vn -0.886089 -0.415399 -0.205645
vn -0.999170 0.038938 0.011955
vn -0.944816 -0.297030 -0.138189
vn -0.961664 -0.235204 -0.141000
vn -0.999425 0.006333 0.033325
vn -0.798281 0.559748 0.222330
vn -0.595617 0.749860 0.288011
vn 0.023803 0.949444 0.313033
vn -0.961664 -0.235204 -0.141000
vn 0.999777 -0.012581 0.016976
vn 0.992839 -0.035882 0.113944
vn -0.952534 -0.282251 -0.114079
vn -0.952534 -0.282251 -0.114079
vn 0.969323 -0.228599 -0.090304
vn -0.798281 0.559748 0.222330
vn -0.987924 0.119498 0.098620
vn -0.999170 0.038938 0.011955
vn 0.999777 -0.012581 0.016976
vn 0.990657 0.105591 0.086312
vn -0.944816 -0.297030 -0.138189
vn 0.923245 -0.373947 -0.088213
vn 0.960259 -0.256357 -0.110380
vn 0.990657 0.105591 0.086312
vn 0.981464 0.170629 0.087261
vn 0.990657 0.105591 0.086312
vn 0.995633 0.087816 0.031663
vn -0.595617 0.749860 0.288011
vn -0.987924 0.119498 0.098620
vn -0.798281 0.559748 0.222330
vn 0.978214 0.182587 0.098794
vn 0.990657 0.105591 0.086312
vn 0.981464 0.170629 0.087261
vn 0.960259 -0.256357 -0.110380
vn -0.943741 -0.310340 -0.114201
vn 0.922926 -0.361082 -0.133516
vn 0.919936 -0.336617 -0.201016
vn 0.923245 -0.373947 -0.088213
vn 0.939426 -0.329355 -0.094895
vn 0.919936 -0.336617 -0.201016
vn 0.900506 -0.384723 -0.202676
vn 0.995633 0.087816 0.031663
vn -0.942942 -0.308167 -0.126067
vn 0.995633 0.087816 0.031663
vn 0.960259 -0.256357 -0.110380
vn 0.999777 -0.012581 0.016976
vn -0.946400 -0.298573 -0.123215
vn 0.939426 -0.329355 -0.094895
vn 0.900506 -0.384723 -0.202676
vn 0.960259 -0.256357 -0.110380
vn -0.886089 -0.415399 -0.205645
vn -0.944816 -0.297030 -0.138189
vn 0.739039 -0.622687 -0.257063
vn 0.962886 0.082273 -0.257063
vn 0.000000 -0.000000 -1.000000
vn 0.000000 0.000000 -1.000000
vn 0.000000 0.000000 -1.000000
vn 0.000000 0.000000 -1.000000
vn 0.000000 0.000000 -1.000000
vn 0.978989 0.135602 -0.152289
vn 0.785784 -0.594870 -0.169329
vn 0.696407 -0.707377 0.120974
vn 0.993406 -0.009003 0.114291
vn 0.993406 -0.009003 0.114291
vn 0.696407 -0.707377 0.120974
vn 0.580049 -0.783667 0.222281
vn 0.957206 -0.149239 0.247959
vn -0.975374 -0.145151 0.166063
vn -0.789061 0.588766 0.175321
vn -0.596979 0.781933 0.179434
vn -0.976948 0.126623 0.171869
vn 0.259446 -0.042595 0.964818
vn 0.182189 -0.224968 0.957182
vn 0.000275 -0.042876 0.999080
vn 0.082273 -0.962886 -0.257063
vn 0.739039 -0.622687 -0.257063
vn 0.000000 -0.000000 -1.000000
vn 0.000000 0.000000 -1.000000
vn 0.000000 0.000000 -1.000000
vn 0.000000 0.000000 -1.000000
vn 0.000000 0.000000 -1.000000
vn 0.785784 -0.594870 -0.169329
vn 0.134488 -0.974926 -0.177293
vn -0.002628 -0.992802 0.119738
vn 0.696407 -0.707377 0.120974
vn 0.696407 -0.707377 0.120974
vn -0.002628 -0.992802 0.119738
vn -0.132395 -0.968793 0.209550
vn 0.580049 -0.783667 0.222281
vn -0.789061 0.588766 0.175321
vn -0.135278 0.974194 0.180681
vn 0.136050 0.974138 0.180404
vn -0.596979 0.781933 0.179434
vn 0.182189 -0.224968 0.957182
vn 0.000076 -0.299532 0.954086
vn 0.000275 -0.042876 0.999080
vn -0.622687 -0.739039 -0.257063
vn 0.082273 -0.962886 -0.257063
vn 0.000000 -0.000000 -1.000000
vn 0.000000 0.000000 -1.000000
vn 0.000000 0.000000 -1.000000
vn 0.000000 0.000000 -1.000000
vn 0.000000 0.000000 -1.000000
vn 0.134488 -0.974926 -0.177293
vn -0.594998 -0.785128 -0.171908
vn -0.700847 -0.704848 0.109560
vn -0.002628 -0.992802 0.119738
vn -0.002628 -0.992802 0.119738
vn -0.700847 -0.704848 0.109560
vn -0.770806 -0.599033 0.216834
vn -0.132395 -0.968793 0.209550
vn -0.135278 0.974194 0.180681
vn 0.598439 0.780979 0.178725
vn 0.788815 0.589409 0.174265
vn 0.136050 0.974138 0.180404
vn 0.000076 -0.299532 0.954086
vn -0.181657 -0.224600 0.957369
vn 0.000275 -0.042876 0.999080
vn -0.962886 -0.082273 -0.257063
vn -0.622687 -0.739039 -0.257063
vn 0.000000 -0.000000 -1.000000
vn 0.000000 0.000000 -1.000000
vn 0.000000 0.000000 -1.000000
vn 0.000000 0.000000 -1.000000
vn 0.000000 0.000000 -1.000000
vn -0.594998 -0.785128 -0.171908
vn -0.978498 -0.134772 -0.156137
vn -0.995092 -0.005093 0.098825
vn -0.700847 -0.704848 0.109560
vn -0.700847 -0.704848 0.109560
vn -0.995092 -0.005093 0.098825
vn -0.963273 0.116965 0.241713
vn -0.770806 -0.599033 0.216834
vn 0.598439 0.780979 0.178725
vn 0.977369 0.125011 0.170650
vn 0.975806 -0.143553 0.164912
vn 0.788815 0.589409 0.174265
vn -0.181657 -0.224600 0.957369
vn -0.258527 -0.042609 0.965064
vn 0.000275 -0.042876 0.999080
vn -0.739039 0.622687 -0.257063
vn -0.962886 -0.082273 -0.257063
vn 0.000000 -0.000000 -1.000000
vn 0.000000 0.000000 -1.000000
vn 0.000000 0.000000 -1.000000
vn 0.000000 0.000000 -1.000000
vn 0.000000 0.000000 -1.000000
vn -0.978498 -0.134772 -0.156137
vn -0.789314 0.598089 -0.138829
vn -0.706288 0.701460 0.095455
vn -0.995092 -0.005093 0.098825
vn -0.995092 -0.005093 0.098825
vn -0.706288 0.701460 0.095455
vn -0.589613 0.761275 0.269847
vn -0.963273 0.116965 0.241713
vn 0.977369 0.125011 0.170650
vn 0.781333 -0.602868 0.161459
vn 0.591755 -0.790529 0.157763
vn 0.975806 -0.143553 0.164912
vn -0.258527 -0.042609 0.965064
vn -0.184059 0.141800 0.972633
vn 0.000275 -0.042876 0.999080
vn -0.082273 0.962886 -0.257063
vn -0.739039 0.622687 -0.257063
vn 0.000000 -0.000000 -1.000000
vn 0.000000 0.000000 -1.000000
vn 0.000000 0.000000 -1.000000
vn 0.000000 0.000000 -1.000000
vn 0.000000 0.000000 -1.000000
vn -0.789314 0.598089 -0.138829
vn -0.135624 0.982152 -0.130317
vn 0.000947 0.995080 0.099073
vn -0.706288 0.701460 0.095455
vn -0.706288 0.701460 0.095455
vn 0.000947 0.995080 0.099073
vn 0.132827 0.949863 0.283049
vn -0.589613 0.761275 0.269847
vn 0.781333 -0.602868 0.161459
vn 0.133591 -0.978604 0.156487
vn -0.132937 -0.978656 0.156717
vn 0.591755 -0.790529 0.157763
vn -0.184059 0.141800 0.972633
vn 0.000080 0.219163 0.975688
vn 0.000275 -0.042876 0.999080
vn 0.622687 0.739039 -0.257063
vn -0.082273 0.962886 -0.257063
vn 0.000000 -0.000000 -1.000000
vn 0.000000 0.000000 -1.000000
vn 0.000000 0.000000 -1.000000
vn 0.000000 0.000000 -1.000000
vn 0.000000 0.000000 -1.000000
vn -0.135624 0.982152 -0.130317
vn 0.597877 0.789972 -0.135970
vn 0.707335 0.698896 0.105935
vn 0.000947 0.995080 0.099073
vn 0.000947 0.995080 0.099073
vn 0.707335 0.698896 0.105935
vn 0.774705 0.570207 0.273306
vn 0.132827 0.949863 0.283049
vn 0.133591 -0.978604 0.156487
vn -0.590413 -0.791410 0.158374
vn -0.781604 -0.602253 0.162438
vn -0.132937 -0.978656 0.156717
vn 0.000080 0.219163 0.975688
vn 0.184602 0.142196 0.972472
vn 0.000275 -0.042876 0.999080
vn 0.962886 0.082273 -0.257063
vn 0.622687 0.739039 -0.257063
vn 0.000000 -0.000000 -1.000000
vn 0.000000 0.000000 -1.000000
vn 0.000000 0.000000 -1.000000
vn 0.000000 0.000000 -1.000000
vn 0.000000 0.000000 -1.000000
vn 0.597877 0.789972 -0.135970
vn 0.978989 0.135602 -0.152289
vn 0.993406 -0.009003 0.114291
vn 0.707335 0.698896 0.105935
vn 0.707335 0.698896 0.105935
vn 0.993406 -0.009003 0.114291
vn 0.957206 -0.149239 0.247959
vn 0.774705 0.570207 0.273306
vn -0.590413 -0.791410 0.158374
vn -0.975374 -0.145151 0.166063
vn -0.976948 0.126623 0.171869
vn -0.781604 -0.602253 0.162438
vn 0.184602 0.142196 0.972472
vn 0.259446 -0.042595 0.964818
vn 0.000275 -0.042876 0.999080
vn -0.703372 0.703425 -0.102282
vn -0.703372 0.703425 -0.102282
vn 0.000048 0.993869 -0.110568
vn 0.000048 0.993869 -0.110568
vn 0.702194 0.703221 -0.111371
vn 0.702194 0.703221 -0.111371
vn 0.994647 0.001210 -0.103327
vn 0.994647 0.001210 -0.103327
vn 0.704987 -0.703609 -0.089043
vn 0.704987 -0.703609 -0.089043
vn 0.000778 -0.996968 -0.077815
vn 0.000778 -0.996968 -0.077815
vn -0.704276 -0.705586 -0.078375
vn -0.704276 -0.705586 -0.078375
vn -0.995999 -0.000653 -0.089361
vn -0.995999 -0.000653 -0.089361
vn 0.704987 -0.703609 -0.089043
vn 0.994647 0.001210 -0.103327
vn 0.000778 -0.996968 -0.077815
vn 0.704987 -0.703609 -0.089043
vn -0.704276 -0.705586 -0.078375
vn 0.000778 -0.996968 -0.077815
vn -0.995999 -0.000653 -0.089361
vn -0.704276 -0.705586 -0.078375
vn -0.703372 0.703425 -0.102282
vn -0.995999 -0.000653 -0.089361
vn 0.000048 0.993869 -0.110568
vn -0.703372 0.703425 -0.102282
vn 0.702194 0.703221 -0.111371
vn 0.000048 0.993869 -0.110568
vn 0.994647 0.001210 -0.103327
vn 0.702194 0.703221 -0.111371
vn 0.603738 -0.797129 0.009250
vn 0.990413 -0.136881 -0.018569
vn 0.996143 0.000075 -0.087749
vn 0.706072 -0.705869 -0.056669
vn 0.990413 -0.136881 -0.018569
vn 0.796314 0.602837 -0.049713
vn 0.701849 0.702358 -0.118751
vn 0.996143 0.000075 -0.087749
vn 0.796314 0.602837 -0.049713
vn 0.136476 0.988446 -0.065940
vn -0.001018 0.991296 -0.131645
vn 0.701849 0.702358 -0.118751
vn 0.136476 0.988446 -0.065940
vn -0.602902 0.795717 -0.057831
vn -0.703109 0.701036 -0.119106
vn -0.001018 0.991296 -0.131645
vn -0.602902 0.795717 -0.057831
vn -0.990172 0.136581 -0.030086
vn -0.996093 -0.001250 -0.088299
vn -0.703109 0.701036 -0.119106
vn -0.990172 0.136581 -0.030086
vn -0.797187 -0.603732 0.001099
vn -0.705463 -0.706443 -0.057092
vn -0.996093 -0.001250 -0.088299
vn -0.797187 -0.603732 0.001099
vn -0.136753 -0.990452 0.017399
vn 0.000319 -0.999035 -0.043925
vn -0.705463 -0.706443 -0.057092
vn -0.136753 -0.990452 0.017399
vn 0.603738 -0.797129 0.009250
vn 0.706072 -0.705869 -0.056669
vn 0.000319 -0.999035 -0.043925
vn 0.706072 -0.705869 -0.056669
vn 0.996143 0.000075 -0.087749
vn 0.978614 0.134220 -0.155881
vn 0.790913 -0.599631 -0.122065
vn 0.996143 0.000075 -0.087749
vn 0.701849 0.702358 -0.118751
vn 0.593858 0.782866 -0.185615
vn 0.978614 0.134220 -0.155881
vn 0.701849 0.702358 -0.118751
vn -0.001018 0.991296 -0.131645
vn -0.134169 0.971737 -0.194232
vn 0.593858 0.782866 -0.185615
vn -0.001018 0.991296 -0.131645
vn -0.703109 0.701036 -0.119106
vn -0.785055 0.593622 -0.176922
vn -0.134169 0.971737 -0.194232
vn -0.703109 0.701036 -0.119106
vn -0.996093 -0.001250 -0.088299
vn -0.980241 -0.136242 -0.143405
vn -0.785055 0.593622 -0.176922
vn -0.996093 -0.001250 -0.088299
vn -0.705463 -0.706443 -0.057092
vn -0.599474 -0.792358 -0.113137
vn -0.980241 -0.136242 -0.143405
vn -0.705463 -0.706443 -0.057092
vn 0.000319 -0.999035 -0.043925
vn 0.136029 -0.985208 -0.104222
vn -0.599474 -0.792358 -0.113137
vn 0.000319 -0.999035 -0.043925
vn 0.706072 -0.705869 -0.056669
vn 0.790913 -0.599631 -0.122065
vn 0.136029 -0.985208 -0.104222
vn -0.000000 0.000000 -1.000000
vn -0.000000 0.000000 -1.000000
vn -0.000000 -0.000000 -1.000000
vn -0.000000 0.000000 -1.000000
vn -0.000000 0.000000 -1.000000
vn -0.000000 -0.000000 -1.000000
vn -0.000000 -0.000000 -1.000000
vn -0.000000 -0.000000 -1.000000
vn -0.000000 -0.000000 -1.000000
vn -0.000000 -0.000000 -1.000000
vn 0.000000 -0.000000 -1.000000
vn -0.000000 -0.000000 -1.000000
vn -0.000000 -0.000000 -1.000000
vn 0.000000 -0.000000 -1.000000
vn 0.000000 -0.000000 -1.000000
vn 0.000000 -0.000000 -1.000000
vn 0.000000 -0.000000 -1.000000
vn 0.000000 -0.000000 -1.000000
vn 0.000000 0.000000 -1.000000
vn 0.000000 -0.000000 -1.000000
vn 0.000000 -0.000000 -1.000000
vn 0.000000 0.000000 -1.000000
vn 0.000000 0.000000 -1.000000
vn 0.000000 0.000000 -1.000000
vn 0.000000 0.000000 -1.000000
vn 0.000000 0.000000 -1.000000
vn -0.000000 0.000000 -1.000000
vn 0.000000 0.000000 -1.000000
vn 0.000000 0.000000 -1.000000
vn -0.000000 0.000000 -1.000000
vn -0.000000 0.000000 -1.000000
vn -0.000000 0.000000 -1.000000
vn 0.598030 -0.789626 -0.137298
vn 0.981221 -0.135478 -0.137298
vn 0.962886 0.082273 -0.257063
vn 0.739039 -0.622687 -0.257063
vn 0.981221 -0.135478 -0.137298
vn 0.789626 0.598030 -0.137298
vn 0.622687 0.739039 -0.257063
vn 0.962886 0.082273 -0.257063
vn 0.789626 0.598030 -0.137298
vn 0.135478 0.981221 -0.137298
vn -0.082273 0.962886 -0.257063
vn 0.622687 0.739039 -0.257063
vn 0.135478 0.981221 -0.137298
vn -0.598030 0.789626 -0.137298
vn -0.739039 0.622687 -0.257063
vn -0.082273 0.962886 -0.257063
vn -0.598030 0.789626 -0.137298
vn -0.981221 0.135478 -0.137298
vn -0.962886 -0.082273 -0.257063
vn -0.739039 0.622687 -0.257063
vn -0.981221 0.135478 -0.137298
vn -0.789626 -0.598030 -0.137298
vn -0.622687 -0.739039 -0.257063
vn -0.962886 -0.082273 -0.257063
vn -0.789626 -0.598030 -0.137298
vn -0.135478 -0.981221 -0.137298
vn 0.082273 -0.962886 -0.257063
vn -0.622687 -0.739039 -0.257063
vn -0.135478 -0.981221 -0.137298
vn 0.598030 -0.789626 -0.137298
vn 0.739039 -0.622687 -0.257063
vn 0.082273 -0.962886 -0.257063
vn -0.133048 0.973717 0.184862
vn 0.138400 0.897017 0.419768
vn 0.147880 0.868980 0.472234
vn 0.147880 0.868980 0.472234
vn -0.995011 -0.033662 -0.093913
vn -0.757208 0.637819 0.140793
vn -0.982974 0.182363 -0.022509
vn -0.757208 0.637819 0.140793
vn -0.939103 0.308675 0.151014
vn -0.939103 0.308675 0.151014
vn -0.991636 0.098138 -0.083821
vn -0.939103 0.308675 0.151014
vn 0.138400 0.897017 0.419768
vn -0.757208 0.637819 0.140793
vn -0.019321 0.999532 0.023701
vn -0.991636 0.098138 -0.083821
vn -0.894210 0.414527 0.168982
vn -0.894210 0.414527 0.168982
vn -0.997543 0.020604 -0.066960
vn -0.568027 0.736960 0.366382
vn -0.568027 0.736960 0.366382
vn -0.315468 0.943291 0.103354
vn -0.568027 0.736960 0.366382
vn -0.315468 0.943291 0.103354
vn -0.997543 0.020604 -0.066960
vn -0.894210 0.414527 0.168982
vn -0.894210 0.414527 0.168982
vn -0.568027 0.736960 0.366382
vn -0.997543 0.020604 -0.066960
vn -0.982974 0.182363 -0.022509
vn -0.995011 -0.033662 -0.093913
vn -0.991636 0.098138 -0.083821
vn -0.994375 -0.016549 -0.104612
vn -0.994375 -0.016549 -0.104612
vn -0.991636 0.098138 -0.083821
vn -0.993081 -0.038161 -0.111061
vn -0.133048 0.973717 0.184862
vn 0.138400 0.897017 0.419768
vn 0.147880 0.868980 0.472234
vn 0.147880 0.868980 0.472234
vn 0.995835 -0.029859 -0.086147
vn 0.910295 0.375544 0.174157
vn 0.998656 0.051564 -0.005154
vn 0.910295 0.375544 0.174157
vn 0.955398 0.281624 0.088900
vn 0.955398 0.281624 0.088900
vn 0.997782 0.005267 -0.066355
vn 0.955398 0.281624 0.088900
vn 0.138400 0.897017 0.419768
vn 0.910295 0.375544 0.174157
vn 0.545299 0.832556 0.097468
vn 0.997782 0.005267 -0.066355
vn 0.732776 0.586589 0.344894
vn 0.732776 0.586589 0.344894
vn 0.966151 0.257941 0.004330
vn 0.580557 0.767858 0.270827
vn 0.580557 0.767858 0.270827
vn 0.341589 0.925517 0.163510
vn 0.580557 0.767858 0.270827
vn 0.341589 0.925517 0.163510
vn 0.966151 0.257941 0.004330
vn 0.732776 0.586589 0.344894
vn 0.732776 0.586589 0.344894
vn 0.580557 0.767858 0.270827
vn 0.966151 0.257941 0.004330
vn 0.998656 0.051564 -0.005154
vn 0.995835 -0.029859 -0.086147
vn 0.997782 0.005267 -0.066355
vn 0.990496 -0.046252 -0.129530
vn 0.990496 -0.046252 -0.129530
vn 0.997782 0.005267 -0.066355
vn 0.991868 -0.041582 -0.120288
vn 0.000000 0.984770 -0.173861
vn 0.000000 0.952717 -0.303859
vn 0.000000 0.991582 -0.129482
vn 0.000000 0.991582 -0.129482
vn 0.000000 0.999170 -0.040747
vn 0.000000 0.999170 -0.040747
vn 0.000000 0.984770 -0.173861
vn 0.000000 0.991582 -0.129482
vn 0.000000 0.999170 -0.040747
vn 0.000000 0.999170 -0.040747
vn 0.000000 0.984770 -0.173861
vn 0.000000 0.991582 -0.129482
vn 0.000000 0.984770 -0.173861
vn 0.000000 0.952717 -0.303859
vn 0.000000 0.990377 -0.138397
vn 0.000000 0.975063 -0.221928
vn 0.000000 0.980967 -0.194173
vn 0.000000 0.990377 -0.138397
vn 0.000000 0.980967 -0.194173
vn 0.000000 0.975063 -0.221928
vn 0.924902 -0.369966 -0.087641
vn 0.996657 -0.081318 -0.007912
vn -0.994756 -0.098962 -0.025814
vn -0.906114 -0.406590 -0.116803
vn -0.999581 -0.028236 0.006367
vn -0.999573 -0.028482 0.006476
vn -0.999531 -0.029844 0.006805
vn -0.999581 -0.028236 0.006367
vn -0.999612 -0.027238 0.005829
vn -0.999573 -0.028482 0.006476
vn -0.999523 -0.030406 0.005417
vn -0.999612 -0.027238 0.005829
vn -0.999581 -0.028236 0.006367
vn -0.999523 -0.030406 0.005417
vn -0.999533 -0.030126 0.005192
vn -0.999612 -0.027238 0.005829
vn -0.999523 -0.030406 0.005417
vn -0.999425 -0.033515 0.005164
vn -0.999533 -0.030126 0.005192
vn -0.999523 -0.030406 0.005417
vn -0.999421 -0.033627 0.005135
vn -0.999425 -0.033515 0.005164
vn -0.918294 0.395728 0.011652
vn -0.955765 0.293885 0.012054
vn -0.922497 0.385955 0.006203
vn -0.998846 -0.048031 -0.000361
vn -0.999100 -0.042343 -0.002387
vn -0.998858 -0.047767 0.000423
vn -0.999100 -0.042343 -0.002387
vn -0.998846 -0.048031 -0.000361
vn -0.998846 -0.048031 -0.000718
vn -0.999100 -0.042343 -0.002387
vn -0.998846 -0.048031 -0.000718
vn -0.999086 -0.042733 0.000420
vn -0.999100 -0.042343 -0.002387
vn -0.999086 -0.042733 0.000420
vn -0.999346 -0.036144 0.001303
vn -0.999100 -0.042343 -0.002387
vn -0.999346 -0.036144 0.001303
vn -0.999378 -0.034492 0.007315
vn -0.912191 0.409702 0.007151
vn -0.918294 0.395728 0.011652
vn -0.911194 0.411918 0.007058
vn -0.911194 0.411918 0.007058
vn -0.918294 0.395728 0.011652
vn -0.913111 0.407651 0.007037
vn -0.913111 0.407651 0.007037
vn -0.918294 0.395728 0.011652
vn -0.922497 0.385955 0.006203
vn -0.999949 -0.010143 0.000314
vn -0.998526 0.053007 0.011686
vn -0.955765 0.293885 0.012054
vn -0.922497 0.385955 0.006203
vn -0.955765 0.293885 0.012054
vn -0.998526 0.053007 0.011686
vn -0.926123 0.375980 0.030577
vn -0.955765 0.293885 0.012054
vn -0.918294 0.395728 0.011652
vn -0.998526 0.053007 0.011686
vn -0.999973 0.000796 0.007324
vn -0.999929 -0.000846 0.011850
vn -0.999378 -0.034492 0.007315
vn -0.998526 0.053007 0.011686
vn -0.999446 -0.029470 0.015480
vn -0.999949 -0.010143 0.000314
vn -0.999100 -0.042343 -0.002387
vn -0.999332 -0.035755 -0.007544
vn -0.999174 -0.040374 0.004527
vn -0.999088 -0.042703 0.000402
vn -0.999100 -0.042343 -0.002387
vn -0.999100 -0.042343 -0.002387
vn -0.999378 -0.034492 0.007315
vn -0.999174 -0.040374 0.004527
vn -0.999100 -0.042343 -0.002387
vn -0.999088 -0.042703 0.000402
vn -0.999332 -0.035755 -0.007544
vn -0.999174 -0.040374 0.004527
vn -0.999378 -0.034492 0.007315
vn -0.999446 -0.029470 0.015480
vn -0.999949 -0.010143 0.000314
vn -0.999332 -0.035755 -0.007544
vn -0.999591 -0.027843 0.006496
vn -0.998526 0.053007 0.011686
vn -0.999949 -0.010143 0.000314
vn -0.999973 0.000796 0.007324
vn -0.999949 -0.010143 0.000314
vn -0.999591 -0.027843 0.006496
vn -0.999973 0.000796 0.007324
vn -0.999592 -0.022232 0.017921
vn -0.998526 0.053007 0.011686
vn -0.999929 -0.000846 0.011850
vn -0.998526 0.053007 0.011686
vn -0.999592 -0.022232 0.017921
vn -0.999446 -0.029470 0.015480
vn -0.969748 -0.243591 -0.015881
vn -0.969041 -0.246388 -0.015891
vn -0.969095 -0.246173 -0.015950
vn -0.969748 -0.243591 -0.015881
vn -0.970401 -0.240989 -0.015711
vn -0.969041 -0.246388 -0.015891
vn -0.972323 -0.233120 -0.015581
vn -0.970401 -0.240989 -0.015711
vn -0.969748 -0.243591 -0.015881
vn -0.972323 -0.233120 -0.015581
vn -0.973581 -0.227815 -0.015525
vn -0.970401 -0.240989 -0.015711
vn -0.974802 -0.222529 -0.015567
vn -0.973581 -0.227815 -0.015525
vn -0.972323 -0.233120 -0.015581
vn -0.974904 -0.222073 -0.015692
vn -0.973581 -0.227815 -0.015525
vn -0.974802 -0.222529 -0.015567
vn -0.940878 0.338723 0.003933
vn -0.999644 0.011364 -0.024127
vn -0.950252 0.311476 0.002126
vn -0.937674 0.347512 0.001630
vn -0.940878 0.338723 0.003933
vn -0.950252 0.311476 0.002126
vn -0.935958 0.352109 0.001049
vn -0.940878 0.338723 0.003933
vn -0.937674 0.347512 0.001630
vn -0.992631 -0.120388 -0.013818
vn -0.950252 0.311476 0.002126
vn -0.999644 0.011364 -0.024127
vn -0.955275 -0.295208 -0.017352
vn -0.953038 -0.302380 -0.016867
vn -0.952889 -0.302819 -0.017409
vn -0.955275 -0.295208 -0.017352
vn -0.952889 -0.302819 -0.017409
vn -0.957964 -0.286500 -0.014916
vn -0.957964 -0.286500 -0.014916
vn -0.952889 -0.302819 -0.017409
vn -0.953248 -0.301613 -0.018677
vn -0.957964 -0.286500 -0.014916
vn -0.953248 -0.301613 -0.018677
vn -0.953602 -0.300429 -0.019658
vn -0.957964 -0.286500 -0.014916
vn -0.967156 -0.253867 -0.012660
vn -0.955275 -0.295208 -0.017352
vn -0.999644 0.011364 -0.024127
vn -0.983380 -0.179064 -0.029995
vn -0.992631 -0.120388 -0.013818
vn -0.940878 0.338723 0.003933
vn -0.936989 0.349309 0.005955
vn -0.937293 0.348422 0.009163
vn -0.936989 0.349309 0.005955
vn -0.940878 0.338723 0.003933
vn -0.936531 0.350579 0.001995
vn -0.936531 0.350579 0.001995
vn -0.940878 0.338723 0.003933
vn -0.935958 0.352109 0.001049
vn -0.967483 -0.252565 -0.013707
vn -0.969344 -0.245170 -0.016260
vn -0.967156 -0.253867 -0.012660
vn -0.957964 -0.286500 -0.014916
vn -0.967483 -0.252565 -0.013707
vn -0.967156 -0.253867 -0.012660
vn -0.957964 -0.286500 -0.014916
vn -0.971325 -0.237025 -0.018633
vn -0.967483 -0.252565 -0.013707
vn -0.975691 -0.218390 -0.018239
vn -0.975913 -0.216211 -0.029094
vn -0.999644 0.011364 -0.024127
vn -0.975691 -0.218390 -0.018239
vn -0.967156 -0.253867 -0.012660
vn -0.975913 -0.216211 -0.029094
vn -0.971325 -0.237025 -0.018633
vn -0.992631 -0.120388 -0.013818
vn -0.973540 -0.227906 -0.016696
vn -0.967156 -0.253867 -0.012660
vn -0.969344 -0.245170 -0.016260
vn -0.969893 -0.242571 -0.021605
vn -0.967156 -0.253867 -0.012660
vn -0.969893 -0.242571 -0.021605
vn -0.975913 -0.216211 -0.029094
vn -0.971325 -0.237025 -0.018633
vn -0.973540 -0.227906 -0.016696
vn -0.967483 -0.252565 -0.013707
vn -0.983380 -0.179064 -0.029995
vn -0.999644 0.011364 -0.024127
vn -0.975913 -0.216211 -0.029094
vn -0.992631 -0.120388 -0.013818
vn -0.983380 -0.179064 -0.029995
vn -0.979051 -0.203191 -0.013147
vn -0.992631 -0.120388 -0.013818
vn -0.973542 -0.228433 -0.005882
vn -0.973540 -0.227906 -0.016696
vn -0.992631 -0.120388 -0.013818
vn -0.979051 -0.203191 -0.013147
vn -0.973542 -0.228433 -0.005882
vn -0.956070 0.279288 -0.089035
vn -0.993386 -0.012965 -0.114090
vn -0.956694 0.276083 -0.092273
vn -0.993386 -0.012965 -0.114090
vn -0.956070 0.279288 -0.089035
vn -0.992416 -0.036179 -0.117478
vn -0.992416 -0.036179 -0.117478
vn -0.969244 -0.207560 -0.132228
vn -0.993386 -0.012965 -0.114090
vn -0.972917 -0.189990 -0.131666
vn -0.969244 -0.207560 -0.132228
vn -0.992416 -0.036179 -0.117478
vn -0.933196 -0.326873 -0.149332
vn -0.906234 -0.393351 -0.154968
vn -0.910951 -0.382348 -0.154849
vn -0.946923 -0.288588 -0.141614
vn -0.957391 -0.252561 -0.140058
vn -0.946920 -0.289623 -0.139502
vn -0.935240 -0.324615 -0.141250
vn -0.946923 -0.288588 -0.141614
vn -0.946920 -0.289623 -0.139502
vn -0.843827 -0.514367 -0.152915
vn -0.694906 -0.706725 -0.132838
vn -0.815924 -0.558120 -0.150897
vn -0.694906 -0.706725 -0.132838
vn -0.843827 -0.514367 -0.152915
vn -0.760773 -0.630696 -0.153124
vn -0.906234 -0.393351 -0.154968
vn -0.760773 -0.630696 -0.153124
vn -0.843827 -0.514367 -0.152915
vn -0.910951 -0.382348 -0.154849
vn -0.906234 -0.393351 -0.154968
vn -0.843827 -0.514367 -0.152915
vn -0.900129 -0.408931 -0.150143
vn -0.843827 -0.514367 -0.152915
vn -0.815924 -0.558120 -0.150897
vn -0.843827 -0.514367 -0.152915
vn -0.900129 -0.408931 -0.150143
vn -0.901420 -0.406040 -0.150247
vn -0.843827 -0.514367 -0.152915
vn -0.901420 -0.406040 -0.150247
vn -0.910951 -0.382348 -0.154849
vn -0.933196 -0.326873 -0.149332
vn -0.944057 -0.295451 -0.146509
vn -0.927801 -0.344116 -0.144117
vn -0.933196 -0.326873 -0.149332
vn -0.955108 -0.261800 -0.138671
vn -0.944057 -0.295451 -0.146509
vn -0.927801 -0.344116 -0.144117
vn -0.906234 -0.393351 -0.154968
vn -0.933196 -0.326873 -0.149332
vn -0.935240 -0.324615 -0.141250
vn -0.906234 -0.393351 -0.154968
vn -0.926799 -0.347762 -0.141791
vn -0.935240 -0.324615 -0.141250
vn -0.939950 -0.309466 -0.143960
vn -0.946923 -0.288588 -0.141614
vn -0.939950 -0.309466 -0.143960
vn -0.935240 -0.324615 -0.141250
vn -0.926799 -0.347762 -0.141791
vn -0.944057 -0.295451 -0.146509
vn -0.955108 -0.261800 -0.138671
vn -0.952400 -0.269740 -0.142035
vn -0.927801 -0.344116 -0.144117
vn -0.926799 -0.347762 -0.141791
vn -0.906234 -0.393351 -0.154968
vn -0.962638 -0.232426 -0.138944
vn -0.969244 -0.207560 -0.132228
vn -0.957391 -0.252561 -0.140058
vn -0.962638 -0.232426 -0.138944
vn -0.965775 -0.223169 -0.132193
vn -0.969244 -0.207560 -0.132228
vn -0.965775 -0.223169 -0.132193
vn -0.993386 -0.012965 -0.114090
vn -0.969244 -0.207560 -0.132228
vn -0.965775 -0.223169 -0.132193
vn -0.955108 -0.261800 -0.138671
vn -0.993386 -0.012965 -0.114090
vn -0.965775 -0.223169 -0.132193
vn -0.952400 -0.269740 -0.142035
vn -0.955108 -0.261800 -0.138671
vn -0.954549 -0.262702 -0.140797
vn -0.962638 -0.232426 -0.138944
vn -0.957391 -0.252561 -0.140058
vn -0.954549 -0.262702 -0.140797
vn -0.957391 -0.252561 -0.140058
vn -0.946923 -0.288588 -0.141614
vn -0.927467 0.373732 0.011392
vn -0.968944 0.245336 0.030937
vn -0.928978 0.369934 0.012200
vn -0.935425 0.352269 0.029766
vn -0.968944 0.245336 0.030937
vn -0.927467 0.373732 0.011392
vn -0.935414 0.347925 0.062834
vn -0.968944 0.245336 0.030937
vn -0.935425 0.352269 0.029766
vn -0.968944 0.245336 0.030937
vn -0.935414 0.347925 0.062834
vn -0.934662 0.345746 0.082867
vn -0.921327 0.388550 0.013624
vn -0.927467 0.373732 0.011392
vn -0.928978 0.369934 0.012200
vn -0.998886 -0.035376 0.031218
vn -0.998694 -0.039780 0.032061
vn -0.998689 -0.039876 0.032085
vn -0.998886 -0.035376 0.031218
vn -0.998689 -0.039876 0.032085
vn -0.998930 -0.031716 0.033661
vn -0.994358 0.099684 0.036261
vn -0.928978 0.369934 0.012200
vn -0.968944 0.245336 0.030937
vn -0.998886 -0.035376 0.031218
vn -0.999440 -0.000364 0.033455
vn -0.999598 -0.009198 0.026811
vn -0.999440 -0.000364 0.033455
vn -0.998886 -0.035376 0.031218
vn -0.998930 -0.031716 0.033661
vn -0.998886 -0.035376 0.031218
vn -0.998701 -0.040565 0.030830
vn -0.998694 -0.039780 0.032061
vn -0.998661 -0.041059 0.031474
vn -0.998701 -0.040565 0.030830
vn -0.998886 -0.035376 0.031218
vn -0.999598 -0.009198 0.026811
vn -0.998994 -0.036972 0.025397
vn -0.998886 -0.035376 0.031218
vn -0.999232 0.029599 0.025678
vn -0.999598 -0.009198 0.026811
vn -0.999560 0.010997 0.027541
vn -0.999440 -0.000364 0.033455
vn -0.994358 0.099684 0.036261
vn -0.998857 0.024902 0.040811
vn -0.999440 -0.000364 0.033455
vn -0.999506 -0.001350 0.031397
vn -0.999598 -0.009198 0.026811
vn -0.999440 -0.000364 0.033455
vn -0.998857 0.024902 0.040811
vn -0.999506 -0.001350 0.031397
vn -0.999598 -0.009198 0.026811
vn -0.999506 -0.001350 0.031397
vn -0.999527 -0.001392 0.030707
vn -0.999560 0.010997 0.027541
vn -0.999598 -0.009198 0.026811
vn -0.999527 -0.001392 0.030707
vn -0.999232 0.029599 0.025678
vn -0.998592 0.044734 0.028514
vn -0.968944 0.245336 0.030937
vn -0.968944 0.245336 0.030937
vn -0.997782 0.060018 0.028782
vn -0.994358 0.099684 0.036261
vn -0.997782 0.060018 0.028782
vn -0.968944 0.245336 0.030937
vn -0.998592 0.044734 0.028514
vn -0.994358 0.099684 0.036261
vn -0.997782 0.060018 0.028782
vn -0.997650 0.058285 0.036006
vn -0.994358 0.099684 0.036261
vn -0.998005 0.038253 0.050218
vn -0.998857 0.024902 0.040811
vn -0.994358 0.099684 0.036261
vn -0.997650 0.058285 0.036006
vn -0.998005 0.038253 0.050218
vn -0.999232 0.029599 0.025678
vn -0.999560 0.010997 0.027541
vn -0.998592 0.044734 0.028514
vn -0.998553 0.043341 0.031829
vn -0.998574 0.042753 0.031983
vn -0.999010 0.030961 0.031951
vn -0.999471 0.008721 0.031335
vn -0.999516 0.000640 0.031088
vn -0.998994 -0.036972 0.025397
vn -0.998886 -0.035376 0.031218
vn -0.998661 -0.041059 0.031474
vn -0.933219 -0.358049 0.030038
vn -0.999356 0.016868 0.031684
vn -0.998807 0.036864 0.032035
vn -0.934771 -0.353843 0.031607
vn -0.938684 0.329181 0.102527
vn -0.957527 0.269903 0.101457
vn -0.973635 0.222284 0.051235
vn -0.961741 0.256223 0.096977
vn -0.990657 0.108701 0.082362
vn -0.957527 0.269903 0.101457
vn -0.942553 0.321546 0.090562
vn -0.961741 0.256223 0.096977
vn -0.941244 0.325444 0.090253
vn -0.942599 0.320951 0.092184
vn -0.961741 0.256223 0.096977
vn -0.942553 0.321546 0.090562
vn -0.961741 0.256223 0.096977
vn -0.942599 0.320951 0.092184
vn -0.942598 0.320655 0.093221
vn -0.941244 0.325444 0.090253
vn -0.961741 0.256223 0.096977
vn -0.957527 0.269903 0.101457
vn -0.938684 0.329181 0.102527
vn -0.937735 0.333854 0.095889
vn -0.957527 0.269903 0.101457
vn -0.937735 0.333854 0.095889
vn -0.941244 0.325444 0.090253
vn -0.957527 0.269903 0.101457
vn -0.992210 -0.061820 0.108160
vn -0.991987 -0.066660 0.107327
vn -0.991933 -0.061724 0.110725
vn -0.961741 0.256223 0.096977
vn -0.994290 0.050220 0.094159
vn -0.990657 0.108701 0.082362
vn -0.994300 -0.028390 0.102773
vn -0.991933 -0.061724 0.110725
vn -0.992520 -0.046641 0.112819
vn -0.991933 -0.061724 0.110725
vn -0.990644 -0.069885 0.117219
vn -0.992520 -0.046641 0.112819
vn -0.990657 0.108701 0.082362
vn -0.973635 0.222284 0.051235
vn -0.957527 0.269903 0.101457
vn -0.973635 0.222284 0.051235
vn -0.990657 0.108701 0.082362
vn -0.986138 0.163875 0.026035
vn -0.986138 0.163875 0.026035
vn -0.990657 0.108701 0.082362
vn -0.993397 0.048860 0.103807
vn -0.994300 -0.028390 0.102773
vn -0.992210 -0.061820 0.108160
vn -0.991933 -0.061724 0.110725
vn -0.992210 -0.061820 0.108160
vn -0.992039 -0.067946 0.106027
vn -0.991987 -0.066660 0.107327
vn -0.994290 0.050220 0.094159
vn -0.994037 0.052264 0.095703
vn -0.990657 0.108701 0.082362
vn -0.994290 0.050220 0.094159
vn -0.995032 0.029867 0.094970
vn -0.994037 0.052264 0.095703
vn -0.994091 -0.016761 0.107247
vn -0.994300 -0.028390 0.102773
vn -0.992520 -0.046641 0.112819
vn -0.994091 -0.016761 0.107247
vn -0.994586 0.003760 0.103850
vn -0.994726 0.006775 0.102343
vn -0.994586 0.003760 0.103850
vn -0.994091 -0.016761 0.107247
vn -0.992520 -0.046641 0.112819
vn -0.995565 0.001336 0.094062
vn -0.995305 0.012415 0.095993
vn -0.994300 -0.028390 0.102773
vn -0.995565 0.001336 0.094062
vn -0.994300 -0.028390 0.102773
vn -0.995793 -0.010193 0.091063
vn -0.995793 -0.010193 0.091063
vn -0.994300 -0.028390 0.102773
vn -0.994091 -0.016761 0.107247
vn -0.993397 0.048860 0.103807
vn -0.994477 0.021335 0.102761
vn -0.994586 0.003760 0.103850
vn -0.994477 0.021335 0.102761
vn -0.993397 0.048860 0.103807
vn -0.994009 0.022587 0.106938
vn -0.995305 0.012415 0.095993
vn -0.995032 0.029867 0.094970
vn -0.994290 0.050220 0.094159
vn -0.995032 0.029867 0.094970
vn -0.995305 0.012415 0.095993
vn -0.995565 0.001336 0.094062
vn -0.993972 0.043152 0.100781
vn -0.993397 0.048860 0.103807
vn -0.990657 0.108701 0.082362
vn -0.993972 0.043152 0.100781
vn -0.990657 0.108701 0.082362
vn -0.994037 0.052264 0.095703
vn -0.993972 0.043152 0.100781
vn -0.994009 0.022587 0.106938
vn -0.993397 0.048860 0.103807
vn -0.994477 0.021335 0.102761
vn -0.994726 0.006775 0.102343
vn -0.994586 0.003760 0.103850
vn -0.995024 0.009631 0.099173
vn -0.995028 0.010062 0.099085
vn -0.995016 0.009874 0.099222
vn -0.995017 0.016067 0.098401
vn -0.995024 0.009631 0.099173
vn -0.995016 0.009874 0.099222
vn -0.995017 0.016067 0.098401
vn -0.995122 0.028759 0.094370
vn -0.995045 0.020345 0.097323
vn -0.995162 0.031809 0.092950
vn -0.994915 0.047285 0.088923
vn -0.995016 0.009874 0.099222
vn -0.953132 -0.267644 -0.141086
vn -0.949932 -0.280295 -0.138073
vn -0.953258 -0.267241 -0.140999
vn -0.949932 -0.280295 -0.138073
vn -0.944312 -0.295525 -0.144707
vn -0.943848 -0.300717 -0.136824
vn -0.948522 -0.287882 -0.132019
vn -0.953271 -0.267077 -0.141222
vn -0.953132 -0.267644 -0.141086
vn -0.944540 -0.293975 -0.146363
vn -0.943848 -0.300717 -0.136824
vn -0.943450 -0.298121 -0.145007
vn 0.953766 -0.265541 -0.140781
vn 0.949888 -0.278876 -0.141214
vn 0.953854 -0.265253 -0.140721
vn 0.953854 -0.265253 -0.140721
vn 0.949888 -0.278876 -0.141214
vn 0.944026 -0.297267 -0.142995
vn 0.944026 -0.297267 -0.142995
vn 0.944026 -0.297267 -0.142995
vn 0.941539 -0.304216 -0.144764
vn 0.949888 -0.278876 -0.141214
vn 0.942296 -0.302083 -0.144307
vn 0.944564 -0.295040 -0.144051
vn 0.957671 0.271661 -0.095221
vn 0.993322 -0.013835 -0.114546
vn 0.956802 0.276258 -0.090621
vn 0.992413 -0.035469 -0.117718
vn 0.956802 0.276258 -0.090621
vn 0.993322 -0.013835 -0.114546
vn 0.993322 -0.013835 -0.114546
vn 0.969446 -0.206668 -0.132146
vn 0.992413 -0.035469 -0.117718
vn 0.992413 -0.035469 -0.117718
vn 0.969446 -0.206668 -0.132146
vn 0.973337 -0.187141 -0.132641
vn 0.910113 -0.384440 -0.154597
vn 0.913032 -0.378871 -0.151095
vn 0.933455 -0.326260 -0.149049
vn 0.946928 -0.289506 -0.139693
vn 0.957510 -0.252187 -0.139917
vn 0.946951 -0.288470 -0.141664
vn 0.946928 -0.289506 -0.139693
vn 0.946951 -0.288470 -0.141664
vn 0.935209 -0.324816 -0.140994
vn 0.851920 -0.501799 -0.149769
vn 0.773829 -0.621351 -0.122925
vn 0.867601 -0.475465 -0.145607
vn 0.821835 -0.554413 -0.131202
vn 0.867601 -0.475465 -0.145607
vn 0.773829 -0.621351 -0.122925
vn 0.867601 -0.475465 -0.145607
vn 0.821835 -0.554413 -0.131202
vn 0.913032 -0.378871 -0.151095
vn 0.867601 -0.475465 -0.145607
vn 0.913032 -0.378871 -0.151095
vn 0.910113 -0.384440 -0.154597
vn 0.851920 -0.501799 -0.149769
vn 0.867601 -0.475465 -0.145607
vn 0.898887 -0.411730 -0.149932
vn 0.900674 -0.407740 -0.150111
vn 0.898887 -0.411730 -0.149932
vn 0.867601 -0.475465 -0.145607
vn 0.910113 -0.384440 -0.154597
vn 0.900674 -0.407740 -0.150111
vn 0.867601 -0.475465 -0.145607
vn 0.928123 -0.342971 -0.144771
vn 0.944471 -0.294201 -0.146357
vn 0.933455 -0.326260 -0.149049
vn 0.944471 -0.294201 -0.146357
vn 0.955442 -0.260724 -0.138396
vn 0.933455 -0.326260 -0.149049
vn 0.933455 -0.326260 -0.149049
vn 0.913032 -0.378871 -0.151095
vn 0.928123 -0.342971 -0.144771
vn 0.926692 -0.347783 -0.142437
vn 0.913032 -0.378871 -0.151095
vn 0.935209 -0.324816 -0.140994
vn 0.946951 -0.288470 -0.141664
vn 0.939892 -0.309758 -0.143709
vn 0.935209 -0.324816 -0.140994
vn 0.926692 -0.347783 -0.142437
vn 0.935209 -0.324816 -0.140994
vn 0.939892 -0.309758 -0.143709
vn 0.953000 -0.267900 -0.141492
vn 0.955442 -0.260724 -0.138396
vn 0.944471 -0.294201 -0.146357
vn 0.913032 -0.378871 -0.151095
vn 0.926692 -0.347783 -0.142437
vn 0.928123 -0.342971 -0.144771
vn 0.957510 -0.252187 -0.139917
vn 0.969446 -0.206668 -0.132146
vn 0.962784 -0.232005 -0.138637
vn 0.969446 -0.206668 -0.132146
vn 0.966112 -0.221942 -0.131791
vn 0.962784 -0.232005 -0.138637
vn 0.969446 -0.206668 -0.132146
vn 0.993322 -0.013835 -0.114546
vn 0.966112 -0.221942 -0.131791
vn 0.993322 -0.013835 -0.114546
vn 0.955442 -0.260724 -0.138396
vn 0.966112 -0.221942 -0.131791
vn 0.955442 -0.260724 -0.138396
vn 0.953000 -0.267900 -0.141492
vn 0.966112 -0.221942 -0.131791
vn 0.957510 -0.252187 -0.139917
vn 0.962784 -0.232005 -0.138637
vn 0.954720 -0.262161 -0.140646
vn 0.946951 -0.288470 -0.141664
vn 0.957510 -0.252187 -0.139917
vn 0.954720 -0.262161 -0.140646
vn 0.965239 -0.257919 -0.042327
vn 0.951386 -0.301932 -0.060849
vn 0.963536 -0.264463 -0.040716
vn 0.976278 -0.215636 -0.019557
vn 0.965239 -0.257919 -0.042327
vn 0.963536 -0.264463 -0.040716
vn 0.975845 -0.217347 -0.022062
vn 0.965239 -0.257919 -0.042327
vn 0.976278 -0.215636 -0.019557
vn 0.972571 -0.232437 -0.008830
vn 0.975845 -0.217347 -0.022062
vn 0.976278 -0.215636 -0.019557
vn 0.963536 -0.264463 -0.040716
vn 0.984874 -0.170208 -0.032428
vn 0.976278 -0.215636 -0.019557
vn 0.999432 -0.033601 0.002391
vn 0.996437 -0.070614 -0.046109
vn 0.984253 0.029245 -0.174330
vn 0.984874 -0.170208 -0.032428
vn 0.986482 -0.163313 -0.013481
vn 0.984976 -0.172389 -0.010242
vn 0.984874 -0.170208 -0.032428
vn 0.984976 -0.172389 -0.010242
vn 0.976278 -0.215636 -0.019557
vn 0.984976 -0.172389 -0.010242
vn 0.986855 -0.161024 -0.013709
vn 0.976278 -0.215636 -0.019557
vn 0.984253 0.029245 -0.174330
vn 0.991566 -0.103546 -0.077949
vn 0.990864 -0.096972 -0.093732
vn 0.991566 -0.103546 -0.077949
vn 0.984874 -0.170208 -0.032428
vn 0.990864 -0.096972 -0.093732
vn 0.988384 -0.151249 -0.014894
vn 0.999432 -0.033601 0.002391
vn 0.986855 -0.161024 -0.013709
vn 0.987015 -0.159360 -0.020119
vn 0.986482 -0.163313 -0.013481
vn 0.984874 -0.170208 -0.032428
vn 0.991566 -0.103546 -0.077949
vn 0.987015 -0.159360 -0.020119
vn 0.984874 -0.170208 -0.032428
vn 0.984976 -0.172389 -0.010242
vn 0.988384 -0.151249 -0.014894
vn 0.986855 -0.161024 -0.013709
vn 0.991566 -0.103546 -0.077949
vn 0.984253 0.029245 -0.174330
vn 0.996437 -0.070614 -0.046109
vn 0.990599 -0.136114 -0.013674
vn 0.996437 -0.070614 -0.046109
vn 0.999432 -0.033601 0.002391
vn 0.988384 -0.151249 -0.014894
vn 0.989114 -0.146724 -0.011198
vn 0.999432 -0.033601 0.002391
vn 0.989114 -0.146724 -0.011198
vn 0.990599 -0.136114 -0.013674
vn 0.999432 -0.033601 0.002391
vn 0.984253 0.029245 -0.174330
vn 0.847491 0.523177 -0.089693
vn 0.735825 0.561704 -0.378220
vn 0.603648 0.780281 -0.163620
vn 0.624578 0.770516 -0.127312
vn 0.734997 0.676975 0.038518
vn 0.869466 0.485980 0.088613
vn 0.930373 0.349853 0.109586
vn 0.999432 -0.033601 0.002391
vn 0.986568 -0.162765 -0.013839
vn 0.986445 -0.163525 -0.013637
vn 0.986970 -0.160333 -0.013573
vn 0.986445 -0.163525 -0.013637
vn 0.987424 -0.157535 -0.013287
vn 0.986970 -0.160333 -0.013573
vn 0.986970 -0.160333 -0.013573
vn 0.987424 -0.157535 -0.013287
vn 0.988700 -0.149330 -0.013129
vn 0.987424 -0.157535 -0.013287
vn 0.989453 -0.144268 -0.013049
vn 0.988700 -0.149330 -0.013129
vn 0.988700 -0.149330 -0.013129
vn 0.989453 -0.144268 -0.013049
vn 0.990176 -0.139211 -0.013082
vn 0.990176 -0.139211 -0.013082
vn 0.989453 -0.144268 -0.013049
vn 0.990238 -0.138758 -0.013202
vn 0.919165 0.393870 0.001223
vn 0.947990 0.318143 0.010029
vn 0.915388 0.402243 0.016298
vn 0.999299 -0.037436 0.000352
vn 0.999141 -0.041421 -0.001031
vn 0.999294 -0.037574 -0.000058
vn 0.999290 -0.037687 -0.000429
vn 0.999294 -0.037574 -0.000058
vn 0.999141 -0.041421 -0.001031
vn 0.999281 -0.037909 -0.000424
vn 0.999290 -0.037687 -0.000429
vn 0.999141 -0.041421 -0.001031
vn 0.999287 -0.037757 -0.000415
vn 0.999281 -0.037909 -0.000424
vn 0.999141 -0.041421 -0.001031
vn 0.999232 -0.038999 0.003835
vn 0.999287 -0.037757 -0.000415
vn 0.999141 -0.041421 -0.001031
vn 0.904148 0.427164 0.006911
vn 0.915388 0.402243 0.016298
vn 0.905588 0.424099 0.007038
vn 0.906979 0.421119 0.006880
vn 0.915388 0.402243 0.016298
vn 0.904148 0.427164 0.006911
vn 0.919165 0.393870 0.001223
vn 0.915388 0.402243 0.016298
vn 0.906979 0.421119 0.006880
vn 0.947990 0.318143 0.010029
vn 0.998093 0.061406 0.006253
vn 1.000000 0.000645 -0.000743
vn 0.998093 0.061406 0.006253
vn 0.947990 0.318143 0.010029
vn 0.919165 0.393870 0.001223
vn 0.915388 0.402243 0.016298
vn 0.947990 0.318143 0.010029
vn 0.927233 0.370468 0.054697
vn 0.999849 -0.012973 0.011521
vn 0.999906 -0.011586 0.007373
vn 0.998093 0.061406 0.006253
vn 0.999247 -0.036967 0.011763
vn 0.998093 0.061406 0.006253
vn 0.999232 -0.038999 0.003835
vn 0.999060 -0.043308 -0.002024
vn 0.999141 -0.041421 -0.001031
vn 1.000000 0.000645 -0.000743
vn 0.999141 -0.041421 -0.001031
vn 0.998862 -0.047594 0.003017
vn 0.998988 -0.044918 0.002213
vn 0.998988 -0.044918 0.002213
vn 0.999232 -0.038999 0.003835
vn 0.999141 -0.041421 -0.001031
vn 0.999060 -0.043308 -0.002024
vn 0.998862 -0.047594 0.003017
vn 0.999141 -0.041421 -0.001031
vn 0.999247 -0.036967 0.011763
vn 0.999232 -0.038999 0.003835
vn 0.998988 -0.044918 0.002213
vn 0.999253 -0.038086 0.006494
vn 0.999060 -0.043308 -0.002024
vn 1.000000 0.000645 -0.000743
vn 0.999906 -0.011586 0.007373
vn 1.000000 0.000645 -0.000743
vn 0.998093 0.061406 0.006253
vn 0.999906 -0.011586 0.007373
vn 0.999253 -0.038086 0.006494
vn 1.000000 0.000645 -0.000743
vn 0.999849 -0.012973 0.011521
vn 0.998093 0.061406 0.006253
vn 0.999313 -0.032861 0.017142
vn 0.999247 -0.036967 0.011763
vn 0.999313 -0.032861 0.017142
vn 0.998093 0.061406 0.006253
vn 0.999163 -0.040319 0.006848
vn 0.999220 -0.038952 0.006518
vn 0.999231 -0.038693 0.006408
vn 0.999220 -0.038952 0.006518
vn 0.999275 -0.037621 0.005804
vn 0.999231 -0.038693 0.006408
vn 0.999231 -0.038693 0.006408
vn 0.999275 -0.037621 0.005804
vn 0.999156 -0.040728 0.005358
vn 0.999275 -0.037621 0.005804
vn 0.999163 -0.040586 0.005037
vn 0.999156 -0.040728 0.005358
vn 0.999163 -0.040586 0.005037
vn 0.999027 -0.043817 0.005103
vn 0.999156 -0.040728 0.005358
vn 0.999027 -0.043817 0.005103
vn 0.999037 -0.043562 0.005169
vn 0.999156 -0.040728 0.005358
vn 0.920058 0.391674 0.009177
vn 0.966861 0.254241 0.023269
vn 0.918626 0.395033 0.008706
vn 0.918626 0.395033 0.008706
vn 0.966861 0.254241 0.023269
vn 0.928506 0.370098 0.030059
vn 0.928506 0.370098 0.030059
vn 0.966861 0.254241 0.023269
vn 0.928453 0.365097 0.068402
vn 0.927444 0.362537 0.091736
vn 0.928453 0.365097 0.068402
vn 0.966861 0.254241 0.023269
vn 0.920058 0.391674 0.009177
vn 0.918626 0.395033 0.008706
vn 0.911039 0.412168 0.011206
vn 0.998793 -0.037560 0.031641
vn 0.998812 -0.037067 0.031627
vn 0.998830 -0.034892 0.033493
vn 0.999078 -0.029631 0.031058
vn 0.998793 -0.037560 0.031641
vn 0.998830 -0.034892 0.033493
vn 0.966861 0.254241 0.023269
vn 0.920058 0.391674 0.009177
vn 0.994194 0.101364 0.036099
vn 0.999078 -0.029631 0.031058
vn 0.999441 -0.001147 0.033414
vn 0.999855 -0.001549 0.016942
vn 0.998623 -0.040477 0.033362
vn 0.998830 -0.034892 0.033493
vn 0.995142 0.026610 0.094782
vn 0.942818 0.320199 0.092553
vn 0.961577 0.255385 0.100741
vn -0.948522 -0.287882 -0.132019
vn -0.943450 -0.298121 -0.145007
vn -0.944312 -0.295525 -0.144707
vn -0.944312 -0.295525 -0.144707
vn 0.993305 0.051926 0.103194
vn 0.961577 0.255385 0.100741
vn 0.978506 0.179831 0.100931
vn -0.999010 0.030961 0.031951
vn -0.998807 0.036864 0.032035
vn -0.999471 0.008721 0.031335
vn 0.998861 0.023914 0.041285
vn 0.994194 0.101364 0.036099
vn 0.999441 -0.001147 0.033414
vn 0.999855 -0.001549 0.016942
vn 0.999472 -0.000366 0.032500
vn 0.999441 -0.001147 0.033414
vn 0.999472 -0.000366 0.032500
vn 0.998861 0.023914 0.041285
vn 0.999441 -0.001147 0.033414
vn 0.999470 -0.001492 0.032510
vn 0.999472 -0.000366 0.032500
vn 0.999855 -0.001549 0.016942
vn 0.999470 -0.001492 0.032510
vn 0.999855 -0.001549 0.016942
vn 0.999903 0.012487 0.006220
vn 0.966861 0.254241 0.023269
vn 0.999273 0.035949 -0.012729
vn 0.999855 -0.001549 0.016942
vn 0.994194 0.101364 0.036099
vn 0.997911 0.057661 0.029143
vn 0.966861 0.254241 0.023269
vn 0.999273 0.035949 -0.012729
vn 0.966861 0.254241 0.023269
vn 0.997911 0.057661 0.029143
vn 0.997760 0.056238 0.036235
vn 0.997911 0.057661 0.029143
vn 0.994194 0.101364 0.036099
vn 0.998861 0.023914 0.041285
vn 0.998065 0.036607 0.050270
vn 0.994194 0.101364 0.036099
vn 0.998065 0.036607 0.050270
vn 0.997760 0.056238 0.036235
vn 0.994194 0.101364 0.036099
vn 0.999273 0.035949 -0.012729
vn 0.999903 0.012487 0.006220
vn 0.999855 -0.001549 0.016942
vn 0.999435 -0.000979 0.033585
vn 0.999376 0.012243 0.033133
vn 0.998893 0.034173 0.032311
vn 0.998702 0.039326 0.032379
vn 0.999362 0.012825 0.033328
vn 0.998712 0.039108 0.032323
vn 0.999030 0.029544 0.032667
vn 0.998893 0.034173 0.032311
vn 0.999442 -0.000385 0.033394
vn 0.999376 0.012243 0.033133
vn 0.999030 0.029544 0.032667
vn 0.999362 0.012825 0.033328
vn 0.994282 0.009743 0.106336
vn 0.994293 0.010670 0.106151
vn 0.994285 0.009988 0.106291
vn 0.994282 0.009743 0.106336
vn 0.994285 0.009988 0.106291
vn 0.994428 0.014366 0.104430
vn 0.994625 0.028461 0.099550
vn 0.994282 0.009743 0.106336
vn 0.994287 0.012792 0.105973
vn 0.994428 0.014366 0.104430
vn 0.995473 0.016060 0.093680
vn 0.996156 -0.002232 0.087566
vn 0.941283 0.321927 0.101732
vn 0.002316 -0.459535 0.888157
vn 0.033654 0.285934 -0.957658
vn 0.951694 0.291319 0.097020
vn 0.978506 0.179831 0.100931
vn 0.995142 0.026610 0.094782
vn 0.951832 0.292458 0.092108
vn 0.033654 0.285934 -0.957658
vn -0.108624 0.871117 -0.478910
vn 0.075314 -0.763953 0.640862
vn -0.071051 -0.081980 0.994098
vn 0.075314 -0.763953 0.640862
vn 0.002316 -0.459535 0.888157
vn 0.002316 -0.459535 0.888157
vn 0.002316 -0.459535 0.888157
vn 0.033654 0.285934 -0.957658
vn 0.949782 -0.279895 -0.139901
vn 0.949782 -0.279895 -0.139901
vn 0.941189 0.325149 0.091875
vn 0.033654 0.285934 -0.957658
vn 0.942818 0.320199 0.092553
vn -0.949932 -0.280295 -0.138073
vn -0.953271 -0.267077 -0.141222
vn -0.949932 -0.280295 -0.138073
vn 0.992521 -0.049877 0.111418
vn 0.992885 -0.054517 0.105867
vn 0.993023 -0.049415 0.107066
vn 0.995447 -0.015525 0.094048
vn 0.995306 -0.000135 0.096775
vn 0.993305 0.051926 0.103194
vn 0.992870 -0.037246 0.113230
vn 0.992521 -0.049877 0.111418
vn 0.994108 -0.022767 0.105975
vn 0.992870 -0.037246 0.113230
vn 0.990739 -0.061530 0.121038
vn 0.992521 -0.049877 0.111418
vn 0.961577 0.255385 0.100741
vn 0.946548 0.308503 0.094200
vn 0.735825 0.561704 -0.378220
vn 0.984253 0.029245 -0.174330
vn 0.847491 0.523177 -0.089693
vn 0.999030 0.029544 0.032667
vn 0.999376 0.012243 0.033133
vn 0.998712 0.039108 0.032323
vn 0.998893 0.034173 0.032311
vn 0.992521 -0.049877 0.111418
vn 0.993023 -0.049415 0.107066
vn 0.994108 -0.022767 0.105975
vn 0.992885 -0.054517 0.105867
vn 0.993006 -0.056945 0.103419
vn 0.993023 -0.049415 0.107066
vn 0.999442 -0.000385 0.033394
vn 0.999376 0.012243 0.033133
vn 0.998623 -0.040477 0.033362
vn 0.995447 -0.015525 0.094048
vn 0.994555 0.027748 0.100449
vn 0.995142 0.026610 0.094782
vn 0.992870 -0.037246 0.113230
vn 0.994108 -0.022767 0.105975
vn 0.994012 -0.011019 0.108718
vn 0.994571 0.010541 0.103528
vn 0.994437 0.004586 0.105229
vn 0.994012 -0.011019 0.108718
vn 0.992870 -0.037246 0.113230
vn 0.994012 -0.011019 0.108718
vn 0.994437 0.004586 0.105229
vn 0.994108 -0.022767 0.105975
vn 0.994594 0.012509 0.103088
vn 0.994849 0.001438 0.101362
vn 0.995100 -0.009982 0.098372
vn 0.994108 -0.022767 0.105975
vn 0.994849 0.001438 0.101362
vn 0.994012 -0.011019 0.108718
vn 0.994108 -0.022767 0.105975
vn 0.995100 -0.009982 0.098372
vn 0.994437 0.004586 0.105229
vn 0.994513 0.015476 0.103464
vn 0.993305 0.051926 0.103194
vn 0.994325 0.013278 0.105552
vn 0.993305 0.051926 0.103194
vn 0.994513 0.015476 0.103464
vn 0.995142 0.026610 0.094782
vn 0.994555 0.027748 0.100449
vn 0.994594 0.012509 0.103088
vn 0.994849 0.001438 0.101362
vn 0.994594 0.012509 0.103088
vn 0.994555 0.027748 0.100449
vn 0.998455 -0.048845 0.026496
vn 0.998830 -0.034892 0.033493
vn 0.949888 -0.278876 -0.141214
vn 0.944026 -0.297267 -0.142995
vn 0.944564 -0.295040 -0.144051
vn 0.942296 -0.302083 -0.144307
vn 0.993305 0.051926 0.103194
vn 0.994325 0.013278 0.105552
vn 0.995306 -0.000135 0.096775
vn 0.994437 0.004586 0.105229
vn 0.994571 0.010541 0.103528
vn 0.994513 0.015476 0.103464
vn 0.836437 0.525550 0.155465
vn 0.836111 0.525981 0.155765
vn 0.723101 0.653887 0.222615
vn 0.726612 0.647498 0.229742
vn 0.836437 0.525550 0.155465
vn 0.723101 0.653887 0.222615
vn 0.586221 0.760554 0.279111
vn 0.726612 0.647498 0.229742
vn 0.723101 0.653887 0.222615
vn 0.586221 0.760554 0.279111
vn 0.723101 0.653887 0.222615
vn 0.582861 0.766329 0.270207
vn 0.588089 0.761389 0.272832
vn 0.586221 0.760554 0.279111
vn 0.582861 0.766329 0.270207
vn 0.526273 0.733091 0.430829
vn 0.441682 0.773223 0.455020
vn 0.475655 0.757121 0.447795
vn 0.441682 0.773223 0.455020
vn 0.401487 0.827293 0.392930
vn 0.475655 0.757121 0.447795
vn 0.526273 0.733091 0.430829
vn 0.475655 0.757121 0.447795
vn 0.548470 0.740695 0.388010
vn 0.548470 0.740695 0.388010
vn 0.554444 0.757942 0.343681
vn 0.526273 0.733091 0.430829
vn 0.357203 0.777545 0.517522
vn 0.450819 0.773555 0.445394
vn 0.437745 0.749112 0.497202
vn 0.357203 0.777545 0.517522
vn 0.437745 0.749112 0.497202
vn 0.310881 0.784702 0.536279
vn 0.439494 0.706037 0.555299
vn 0.437745 0.749112 0.497202
vn 0.449261 0.758019 0.472833
vn 0.310881 0.784702 0.536279
vn 0.265523 0.780092 0.566528
vn 0.357203 0.777545 0.517522
vn 0.437745 0.749112 0.497202
vn 0.450819 0.773555 0.445394
vn 0.449261 0.758019 0.472833
vn 0.398289 0.820644 0.409767
vn 0.449261 0.758019 0.472833
vn 0.450819 0.773555 0.445394
vn -0.406129 0.765379 0.499254
vn -0.426266 0.775040 0.466487
vn -0.302256 0.786894 0.537995
vn -0.284059 0.786958 0.547729
vn -0.406129 0.765379 0.499254
vn -0.302256 0.786894 0.537995
vn -0.467415 0.754860 0.460120
vn -0.406129 0.765379 0.499254
vn -0.464154 0.730018 0.501632
vn -0.302256 0.786894 0.537995
vn -0.246257 0.782295 0.572165
vn -0.284059 0.786958 0.547729
vn -0.467415 0.754860 0.460120
vn -0.426266 0.775040 0.466487
vn -0.406129 0.765379 0.499254
vn -0.426266 0.775040 0.466487
vn -0.467415 0.754860 0.460120
vn -0.441763 0.787752 0.429292
vn -0.728078 0.651000 0.214711
vn -0.842151 0.519449 0.144759
vn -0.844457 0.516300 0.142571
vn -0.728078 0.651000 0.214711
vn -0.844457 0.516300 0.142571
vn -0.732487 0.644218 0.220107
vn -0.728078 0.651000 0.214711
vn -0.732487 0.644218 0.220107
vn -0.586293 0.761450 0.276504
vn -0.583651 0.766213 0.268829
vn -0.728078 0.651000 0.214711
vn -0.586293 0.761450 0.276504
vn -0.583651 0.766213 0.268829
vn -0.586293 0.761450 0.276504
vn -0.589233 0.760935 0.271629
vn -0.512044 0.748148 0.422002
vn -0.495455 0.757577 0.424972
vn -0.539829 0.740723 0.399893
vn -0.512044 0.748148 0.422002
vn -0.474713 0.787798 0.392456
vn -0.495455 0.757577 0.424972
vn -0.551434 0.747199 0.370964
vn -0.512044 0.748148 0.422002
vn -0.539829 0.740723 0.399893
vn -0.539829 0.740723 0.399893
vn -0.556940 0.764136 0.325444
vn -0.551434 0.747199 0.370964
vn 0.392166 0.901275 0.184144
vn 0.392166 0.901275 0.184144
vn 0.385179 0.906913 0.170721
vn 0.399051 0.895402 0.197519
vn 0.392166 0.901275 0.184144
vn 0.392166 0.901275 0.184144
vn 0.995023 0.017757 0.098055
vn 0.994287 0.012792 0.105973
vn 0.994428 0.014366 0.104430
vn 0.994625 0.028461 0.099550
vn -0.591292 -0.806157 0.022027
vn 0.995023 0.017757 0.098055
vn -0.904863 -0.425167 0.021333
vn -0.933219 -0.358049 0.030038
vn -0.933994 -0.355897 0.031519
vn -0.626469 -0.779246 0.017700
vn -0.807426 -0.589793 0.014400
vn -0.718136 -0.695681 0.017565
vn -0.609823 -0.792281 0.020187
vn -0.598812 -0.800614 0.020982
vn -0.807426 -0.589793 0.014400
vn -0.933219 -0.358049 0.030038
vn -0.933994 -0.355897 0.031519
vn -0.934706 -0.354031 0.031412
vn -0.934771 -0.353843 0.031607
vn -0.626469 -0.779246 0.017700
vn -0.609823 -0.792281 0.020187
vn -0.904863 -0.425167 0.021333
vn -0.933219 -0.358049 0.030038
vn -0.910083 -0.414064 0.017329
vn -0.904863 -0.425167 0.021333
vn -0.718136 -0.695681 0.017565
vn -0.945105 -0.313467 -0.092274
vn -0.904863 -0.425167 0.021333
vn -0.910083 -0.414064 0.017329
vn -0.807426 -0.589793 0.014400
vn -0.995045 0.020345 0.097323
vn 0.994428 0.014366 0.104430
vn 0.995023 0.017757 0.098055
vn -0.995122 0.028759 0.094370
vn -0.995162 0.031809 0.092950
vn -0.995017 0.016067 0.098401
vn -0.994999 0.016205 0.098566
vn -0.995122 0.028759 0.094370
vn -0.994999 0.016205 0.098566
vn -0.925990 -0.360420 -0.112426
vn -0.609823 -0.792281 0.020187
vn -0.598812 -0.800614 0.020982
vn -0.945360 -0.325160 -0.023763
vn -0.945614 -0.324627 -0.020755
vn -0.851012 -0.524036 -0.034130
vn -0.945360 -0.325160 -0.023763
vn -0.958419 -0.283688 -0.030885
vn -0.945614 -0.324627 -0.020755
vn -0.614845 -0.786330 -0.060424
vn -0.603934 -0.794535 -0.063063
vn -0.754050 -0.655079 -0.047752
vn -0.754050 -0.655079 -0.047752
vn -0.603934 -0.794535 -0.063063
vn -0.851012 -0.524036 -0.034130
vn -0.851012 -0.524036 -0.034130
vn -0.945614 -0.324627 -0.020755
vn -0.754050 -0.655079 -0.047752
vn -0.958419 -0.283688 -0.030885
vn -0.956629 -0.290863 -0.016121
vn -0.945614 -0.324627 -0.020755
vn -0.955822 -0.293938 -0.002292
vn -0.945614 -0.324627 -0.020755
vn -0.956629 -0.290863 -0.016121
vn -0.567492 -0.820887 -0.064019
vn -0.603934 -0.794535 -0.063063
vn -0.614845 -0.786330 -0.060424
vn -0.567492 -0.820887 -0.064019
vn -0.576837 -0.814096 -0.067135
vn -0.603934 -0.794535 -0.063063
vn -0.603934 -0.794535 -0.063063
vn -0.576837 -0.814096 -0.067135
vn -0.595752 -0.800009 -0.071175
vn -0.813336 -0.568302 -0.124566
vn -0.855336 -0.497622 -0.144127
vn -0.925990 -0.360420 -0.112426
vn -0.855336 -0.497622 -0.144127
vn -0.813336 -0.568302 -0.124566
vn -0.607511 -0.778644 -0.156981
vn -0.914762 -0.367592 -0.167591
vn -0.925990 -0.360420 -0.112426
vn -0.855336 -0.497622 -0.144127
vn -0.567149 -0.804015 -0.178611
vn -0.607511 -0.778644 -0.156981
vn -0.558360 -0.813399 -0.163145
vn -0.557525 -0.815579 -0.154907
vn -0.558360 -0.813399 -0.163145
vn -0.607511 -0.778644 -0.156981
vn -0.615787 -0.773090 -0.152113
vn -0.607511 -0.778644 -0.156981
vn -0.813336 -0.568302 -0.124566
vn -0.615787 -0.773090 -0.152113
vn -0.557525 -0.815579 -0.154907
vn -0.607511 -0.778644 -0.156981
vn -0.925990 -0.360420 -0.112426
vn -0.931255 -0.353865 -0.086856
vn -0.813336 -0.568302 -0.124566
vn -0.558360 -0.813399 -0.163145
vn -0.557525 -0.815579 -0.154907
vn -0.543198 -0.824809 -0.156928
vn -0.931255 -0.353865 -0.086856
vn -0.999513 0.000264 0.031211
vn -0.999356 0.016868 0.031684
vn -0.911244 -0.153651 0.382134
vn -0.908586 0.086954 0.408547
vn -0.917066 -0.206903 0.340855
vn -0.930483 -0.121215 0.345700
vn -0.936236 -0.039258 0.349171
vn -0.927347 0.126365 0.352220
vn -0.836531 0.397144 0.377481
vn -0.910699 0.171968 0.375572
vn -0.842662 -0.417672 0.339810
vn -0.905878 -0.196531 0.375181
vn 0.009046 -0.920616 -0.390366
vn 0.065170 -0.834046 -0.547833
vn 0.158672 0.962572 -0.219726
vn 0.082335 0.996286 0.025195
vn -0.063389 -0.983732 -0.168088
vn -0.105106 -0.992384 -0.064237
vn -0.382760 -0.880920 0.278343
vn -0.569688 -0.621629 0.537618
vn -0.321822 0.820803 0.471925
vn -0.464505 0.640840 0.611196
vn 0.158672 0.962572 -0.219726
vn 0.220776 0.866679 -0.447353
vn -0.382760 -0.880920 0.278343
vn -0.132303 -0.990791 -0.028803
vn 0.003116 0.000000 0.999995
vn 0.003116 0.000000 0.999995
vn 0.999982 0.000000 -0.006067
vn 0.999939 0.000000 -0.011034
vn 0.999963 0.000000 -0.008559
vn 0.999963 0.000000 -0.008559
vn 0.999993 0.000000 0.003868
vn 0.999999 0.000000 -0.001100
vn -0.032871 -0.000000 0.999460
vn -0.010962 0.000000 0.999940
vn 0.000000 0.409627 -0.912253
vn 0.000000 0.741022 -0.671480
vn 0.106279 0.989159 -0.101339
vn 0.085600 0.992486 -0.087436
vn 0.000000 -0.741022 -0.671480
vn 0.000000 -0.409627 -0.912253
vn 1.000000 0.000000 0.000000
vn 1.000000 0.000000 0.000000
vn 0.000000 -0.204814 -0.978801
vn 0.000000 0.204814 -0.978801
vn -0.173016 -0.979381 0.104298
vn -0.418305 -0.811303 0.408422
vn 0.000000 -0.204814 -0.978801
vn 0.000000 0.204814 -0.978801
vn 1.000000 0.000000 0.000000
vn 1.000000 0.000000 0.000000
vn 0.000000 -0.741022 -0.671480
vn 0.000000 -0.409627 -0.912253
vn -0.154526 0.962511 0.222924
vn -0.415444 0.747134 0.518843
vn 0.000000 0.409627 -0.912253
vn 0.000000 0.741022 -0.671480
vn 1.000000 0.000000 0.000000
vn 1.000000 0.000000 0.000000
vn 0.000000 -0.994186 -0.107677
vn 0.000000 -0.867604 -0.497255
vn -0.062593 -0.997849 -0.019459
vn -0.133970 -0.989148 0.060319
vn 0.000000 0.867604 -0.497255
vn 0.000000 0.994186 -0.107677
vn 1.000000 0.000000 0.000000
vn 1.000000 0.000000 0.000000
vn 0.000000 -0.867604 0.497255
vn 0.000000 -0.994186 0.107677
vn 0.622185 0.292925 0.726003
vn 0.315984 0.859288 0.402217
vn 0.000000 0.994186 0.107677
vn 0.000000 0.867604 0.497255
vn 1.000000 0.000000 0.000000
vn 1.000000 0.000000 0.000000
vn 0.000000 -0.409627 0.912253
vn 0.000000 -0.741022 0.671480
vn 0.125924 -0.990849 0.048584
vn 0.078452 -0.996917 -0.000904
vn 0.000000 0.741022 0.671480
vn 0.000000 0.409627 0.912253
vn 1.000000 0.000000 0.000000
vn 1.000000 0.000000 0.000000
vn 0.000000 0.204814 0.978801
vn 0.000000 -0.204814 0.978801
vn -0.118427 0.985031 -0.125258
vn -0.098798 0.989216 -0.108122
vn 0.000000 0.204814 0.978801
vn 0.000000 -0.204814 0.978801
vn 1.000000 0.000000 0.000000
vn 1.000000 0.000000 0.000000
vn 0.000000 0.741022 0.671480
vn 0.000000 0.409627 0.912253
vn 0.332478 -0.895170 0.296865
vn 0.161682 -0.983091 0.085971
vn 0.000000 -0.409627 0.912253
vn 0.000000 -0.741022 0.671480
vn 1.000000 0.000000 0.000000
vn 1.000000 0.000000 0.000000
vn 0.000000 0.994186 0.107677
vn 0.000000 0.867604 0.497255
vn 0.035208 0.996474 0.076158
vn -0.090660 0.992060 -0.087164
vn 0.000000 -0.867604 0.497255
vn 0.000000 -0.994186 0.107677
vn 1.000000 0.000000 0.000000
vn 1.000000 0.000000 0.000000
vn 0.000000 0.867604 -0.497255
vn 0.000000 0.994186 -0.107677
vn 0.029890 0.997338 0.066510
vn -0.083592 0.994069 -0.069562
vn 0.000000 -0.994186 -0.107677
vn 0.000000 -0.867604 -0.497255
vn 1.000000 0.000000 0.000000
vn 1.000000 0.000000 0.000000
vn 0.000000 0.409627 -0.912253
vn 0.000000 0.741022 -0.671480
vn 0.029890 0.997338 0.066510
vn 0.273317 0.892690 0.358332
vn 0.000000 -0.741022 -0.671480
vn 0.000000 -0.409627 -0.912253
vn 1.000000 0.000000 0.000000
vn 1.000000 0.000000 0.000000
vn 0.000000 -0.204814 -0.978801
vn 0.000000 0.204814 -0.978801
vn 0.626393 -0.384147 0.678280
vn 0.254146 -0.944861 0.206511
vn 0.000000 -0.204814 -0.978801
vn 0.000000 0.204814 -0.978801
vn 1.000000 0.000000 0.000000
vn 1.000000 0.000000 0.000000
vn 0.000000 -0.741022 -0.671480
vn 0.000000 -0.409627 -0.912253
vn 0.048775 -0.998288 -0.032272
vn 0.049673 -0.998184 -0.034079
vn 0.000000 0.409627 -0.912253
vn 0.000000 0.741022 -0.671480
vn 1.000000 0.000000 0.000000
vn 1.000000 0.000000 0.000000
vn 0.000000 -0.994186 -0.107677
vn 0.000000 -0.867604 -0.497255
vn 0.029890 0.997338 0.066510
vn -0.001869 0.999601 0.028169
vn 0.000000 0.867604 -0.497255
vn 0.000000 0.994186 -0.107677
vn 1.000000 0.000000 0.000000
vn 1.000000 0.000000 0.000000
vn 0.000000 -0.867604 0.497255
vn 0.000000 -0.994186 0.107677
vn 0.000000 0.994186 0.107677
vn 0.000000 0.867604 0.497255
vn 1.000000 0.000000 0.000000
vn 1.000000 0.000000 0.000000
vn 0.000000 -0.409627 0.912253
vn 0.000000 -0.741022 0.671480
vn 0.000000 -0.409627 0.912253
vn 0.000000 -0.741022 0.671480
vn 0.000000 0.741022 0.671480
vn 0.000000 0.409627 0.912253
vn 1.000000 0.000000 0.000000
vn 1.000000 0.000000 0.000000
vn 0.000000 0.204814 0.978801
vn 0.000000 -0.204814 0.978801
vn 0.075749 0.995173 -0.062388
vn -0.009544 0.999084 0.041720
vn 0.000000 0.204814 0.978801
vn 0.000000 -0.204814 0.978801
vn 1.000000 0.000000 0.000000
vn 1.000000 0.000000 0.000000
vn 0.000000 0.741022 0.671480
vn 0.000000 0.409627 0.912253
vn 0.000000 0.741022 0.671480
vn 0.000000 0.409627 0.912253
vn 0.000000 -0.409627 0.912253
vn 0.000000 -0.741022 0.671480
vn 1.000000 0.000000 0.000000
vn 1.000000 0.000000 0.000000
vn 0.000000 0.994186 0.107677
vn 0.000000 0.867604 0.497255
vn -0.428544 0.730176 0.532160
vn -0.415444 0.747134 0.518843
vn 0.000000 -0.867604 0.497255
vn 0.000000 -0.994186 0.107677
vn 0.797175 0.000000 -0.603748
vn 0.990602 0.000000 -0.136774
vn 0.136774 0.000000 -0.990602
vn 0.603748 0.000000 -0.797175
vn -0.603748 0.000000 -0.797175
vn -0.136774 0.000000 -0.990602
vn -0.990602 0.000000 -0.136774
vn -0.797175 0.000000 -0.603748
vn -0.797175 0.000000 0.603748
vn -0.990602 0.000000 0.136774
vn -0.136774 0.000000 0.990602
vn -0.603748 0.000000 0.797175
vn 0.603748 0.000000 0.797175
vn 0.136774 0.000000 0.990602
vn 0.990602 0.000000 0.136774
vn 0.797175 0.000000 0.603748
vn 1.000000 0.000000 0.000000
vn 1.000000 0.000000 0.000000
vn 0.000000 0.867604 -0.497255
vn 0.000000 0.994186 -0.107677
vn -0.054073 0.996699 0.060561
vn 0.098502 0.966995 0.234983
vn 0.000000 -0.994186 -0.107677
vn 0.000000 -0.867604 -0.497255
vn 1.000000 0.000000 0.000000
vn 1.000000 0.000000 0.000000
vn 0.000000 0.409627 -0.912253
vn 0.000000 0.741022 -0.671480
vn -1.000000 0.000000 0.000000
vn -1.000000 0.000000 0.000000
vn 0.000000 -0.741022 -0.671480
vn 0.000000 -0.409627 -0.912253
vn 1.000000 0.000000 0.000000
vn 1.000000 0.000000 0.000000
vn 0.000000 -0.204814 -0.978801
vn 0.000000 0.204814 -0.978801
vn 0.000000 -0.204814 -0.978801
vn 0.000000 0.204814 -0.978801
vn 1.000000 0.000000 0.000000
vn 1.000000 0.000000 0.000000
vn 0.000000 -0.741022 -0.671480
vn 0.000000 -0.409627 -0.912253
vn 0.000000 0.741022 0.671480
vn 0.000000 0.409627 0.912253
vn 0.000000 0.409627 -0.912253
vn 0.000000 0.741022 -0.671480
vn 1.000000 0.000000 0.000000
vn 1.000000 0.000000 0.000000
vn 0.000000 -0.994186 -0.107677
vn 0.000000 -0.867604 -0.497255
vn 0.000000 0.867604 -0.497255
vn 0.000000 0.994186 -0.107677
vn 1.000000 0.000000 0.000000
vn 1.000000 0.000000 0.000000
vn 0.000000 -0.867604 0.497255
vn 0.000000 -0.994186 0.107677
vn 0.000000 -0.409627 0.912253
vn 0.000000 -0.741022 0.671480
vn 0.000000 0.994186 0.107677
vn 0.000000 0.867604 0.497255
vn 1.000000 0.000000 0.000000
vn 1.000000 0.000000 0.000000
vn 0.000000 -0.409627 0.912253
vn 0.000000 -0.741022 0.671480
vn -1.000000 0.000000 0.000000
vn -1.000000 0.000000 0.000000
vn 0.000000 0.741022 0.671480
vn 0.000000 0.409627 0.912253
vn 1.000000 0.000000 0.000000
vn 1.000000 0.000000 0.000000
vn 0.000000 0.204814 0.978801
vn 0.000000 -0.204814 0.978801
vn 0.000000 0.204814 0.978801
vn 0.000000 -0.204814 0.978801
vn 1.000000 0.000000 0.000000
vn 1.000000 0.000000 0.000000
vn 0.000000 0.741022 0.671480
vn 0.000000 0.409627 0.912253
vn 0.000000 0.994186 0.107677
vn 0.000000 0.867604 0.497255
vn 0.000000 -0.409627 0.912253
vn 0.000000 -0.741022 0.671480
vn 1.000000 0.000000 0.000000
vn 1.000000 0.000000 0.000000
vn 0.000000 0.994186 0.107677
vn 0.000000 0.867604 0.497255
vn -0.071944 0.996815 0.034416
vn -0.056881 0.997016 0.052179
vn 0.000000 -0.867604 0.497255
vn 0.000000 -0.994186 0.107677
vn 1.000000 0.000000 0.000000
vn 1.000000 0.000000 0.000000
vn 0.000000 0.867604 -0.497255
vn 0.000000 0.994186 -0.107677
vn 0.104031 -0.992018 -0.071256
vn 0.118121 -0.991857 -0.047618
vn 0.000000 -0.994186 -0.107677
vn 0.000000 -0.867604 -0.497255
vn 1.000000 0.000000 0.000000
vn 1.000000 0.000000 0.000000
vn 0.000000 0.409627 -0.912253
vn 0.000000 0.741022 -0.671480
vn -1.000000 0.000000 0.000000
vn -1.000000 0.000000 0.000000
vn 0.000000 -0.741022 -0.671480
vn 0.000000 -0.409627 -0.912253
vn 1.000000 0.000000 0.000000
vn 1.000000 0.000000 0.000000
vn 0.000000 -0.204814 -0.978801
vn 0.000000 0.204814 -0.978801
vn 0.000000 -0.867604 0.497255
vn 0.000000 -0.994186 0.107677
vn 0.000000 -0.204814 -0.978801
vn 0.000000 0.204814 -0.978801
vn 1.000000 0.000000 0.000000
vn 1.000000 0.000000 0.000000
vn 0.000000 -0.741022 -0.671480
vn 0.000000 -0.409627 -0.912253
vn -1.000000 0.000000 0.000000
vn -1.000000 0.000000 0.000000
vn 0.000000 0.409627 -0.912253
vn 0.000000 0.741022 -0.671480
vn 1.000000 0.000000 0.000000
vn 1.000000 0.000000 0.000000
vn 0.000000 -0.994186 -0.107677
vn 0.000000 -0.867604 -0.497255
vn 0.000000 0.867604 -0.497255
vn 0.000000 0.994186 -0.107677
vn 1.000000 0.000000 0.000000
vn 1.000000 0.000000 0.000000
vn 0.000000 -0.867604 0.497255
vn 0.000000 -0.994186 0.107677
vn 0.000000 0.867604 -0.497255
vn 0.000000 0.994186 -0.107677
vn 0.000000 0.994186 0.107677
vn 0.000000 0.867604 0.497255
vn 1.000000 0.000000 0.000000
vn 1.000000 0.000000 0.000000
vn 0.000000 -0.409627 0.912253
vn 0.000000 -0.741022 0.671480
vn -0.062593 -0.997849 -0.019459
vn -0.073953 -0.997262 -0.000232
vn 0.000000 0.741022 0.671480
vn 0.000000 0.409627 0.912253
vn 1.000000 0.000000 0.000000
vn 1.000000 0.000000 0.000000
vn 0.000000 0.204814 0.978801
vn 0.000000 -0.204814 0.978801
vn 0.000000 -0.994186 -0.107677
vn 0.000000 -0.867604 -0.497255
vn 0.000000 0.204814 0.978801
vn 0.000000 -0.204814 0.978801
vn 1.000000 0.000000 0.000000
vn 1.000000 0.000000 0.000000
vn 0.000000 0.741022 0.671480
vn 0.000000 0.409627 0.912253
vn -1.000000 0.000000 0.000000
vn -1.000000 0.000000 0.000000
vn 0.000000 -0.409627 0.912253
vn 0.000000 -0.741022 0.671480
vn 1.000000 0.000000 0.000000
vn 1.000000 0.000000 0.000000
vn 0.000000 0.994186 0.107677
vn 0.000000 0.867604 0.497255
vn 0.000000 -0.867604 0.497255
vn 0.000000 -0.994186 0.107677
vn -1.000000 0.000000 0.000000
vn -1.000000 0.000000 0.000000
vn 0.000000 0.867604 -0.497255
vn 0.000000 0.994186 -0.107677
vn -0.000000 0.409627 -0.912253
vn -0.000000 0.741022 -0.671480
vn 0.000000 -0.994186 -0.107677
vn 0.000000 -0.867604 -0.497255
vn -1.000000 0.000000 0.000000
vn -1.000000 0.000000 0.000000
vn 0.000000 0.409627 -0.912253
vn 0.000000 0.741022 -0.671480
vn 0.013640 0.999842 0.011443
vn -0.266565 0.901375 0.341271
vn 0.000000 -0.741022 -0.671480
vn 0.000000 -0.409627 -0.912253
vn -1.000000 0.000000 0.000000
vn -1.000000 0.000000 0.000000
vn 0.000000 -0.204814 -0.978801
vn 0.000000 0.204814 -0.978801
vn 0.000000 -0.741022 -0.671480
vn 0.000000 -0.409627 -0.912253
vn 0.000000 -0.204814 -0.978801
vn -0.000000 0.204814 -0.978801
vn -1.000000 0.000000 0.000000
vn -1.000000 0.000000 0.000000
vn 0.000000 -0.741022 -0.671480
vn 0.000000 -0.409627 -0.912253
vn -1.000000 0.000000 0.000000
vn -1.000000 0.000000 0.000000
vn -0.000000 0.409627 -0.912253
vn -0.000000 0.741022 -0.671480
vn -1.000000 0.000000 0.000000
vn -1.000000 0.000000 0.000000
vn 0.000000 -0.994186 -0.107677
vn 0.000000 -0.867604 -0.497255
vn 0.000000 0.867604 -0.497255
vn 0.000000 0.994186 -0.107677
vn -1.000000 0.000000 0.000000
vn -1.000000 0.000000 0.000000
vn 0.000000 -0.867604 0.497255
vn 0.000000 -0.994186 0.107677
vn 0.000000 -0.204814 -0.978801
vn -0.000000 0.204814 -0.978801
vn 0.000000 0.994186 0.107677
vn 0.000000 0.867604 0.497255
vn -1.000000 0.000000 0.000000
vn -1.000000 0.000000 0.000000
vn 0.000000 -0.409627 0.912253
vn 0.000000 -0.741022 0.671480
vn -0.041110 -0.998338 -0.040389
vn -0.045424 -0.998412 -0.033323
vn 0.000000 0.741022 0.671480
vn 0.000000 0.409627 0.912253
vn -1.000000 0.000000 0.000000
vn -1.000000 0.000000 0.000000
vn 0.000000 0.204814 0.978801
vn 0.000000 -0.204814 0.978801
vn 0.000000 -0.204814 -0.978801
vn 0.000000 0.204814 -0.978801
vn 0.000000 0.204814 0.978801
vn 0.000000 -0.204814 0.978801
vn -1.000000 0.000000 0.000000
vn -1.000000 0.000000 0.000000
vn 0.000000 0.741022 0.671480
vn 0.000000 0.409627 0.912253
vn -1.000000 0.000000 0.000000
vn -1.000000 0.000000 0.000000
vn 0.000000 -0.409627 0.912253
vn 0.000000 -0.741022 0.671480
vn -1.000000 0.000000 0.000000
vn -1.000000 0.000000 0.000000
vn 0.000000 0.994186 0.107677
vn 0.000000 0.867604 0.497255
vn 0.000000 -0.867604 0.497255
vn 0.000000 -0.994186 0.107677
vn -1.000000 0.000000 0.000000
vn -1.000000 0.000000 0.000000
vn 0.000000 0.867604 -0.497255
vn 0.000000 0.994186 -0.107677
vn 0.000000 -0.741022 -0.671480
vn 0.000000 -0.409627 -0.912253
vn 0.000000 -0.994186 -0.107677
vn 0.000000 -0.867604 -0.497255
vn -1.000000 0.000000 0.000000
vn -1.000000 0.000000 0.000000
vn 0.000000 0.409627 -0.912253
vn 0.000000 0.741022 -0.671480
vn -0.326242 -0.898327 0.294235
vn -0.395186 -0.836414 0.379790
vn 0.000000 -0.741022 -0.671480
vn 0.000000 -0.409627 -0.912253
vn -1.000000 0.000000 0.000000
vn -1.000000 0.000000 0.000000
vn 0.000000 -0.204814 -0.978801
vn 0.000000 0.204814 -0.978801
vn 0.000000 0.409627 -0.912253
vn 0.000000 0.741022 -0.671480
vn 0.000000 -0.204814 -0.978801
vn -0.000000 0.204814 -0.978801
vn -1.000000 0.000000 0.000000
vn -1.000000 0.000000 0.000000
vn 0.000000 -0.741022 -0.671480
vn 0.000000 -0.409627 -0.912253
vn -1.000000 0.000000 0.000000
vn -1.000000 0.000000 0.000000
vn -0.000000 0.409627 -0.912253
vn -0.000000 0.741022 -0.671480
vn -1.000000 0.000000 0.000000
vn -1.000000 0.000000 0.000000
vn 0.000000 -0.994186 -0.107677
vn 0.000000 -0.867604 -0.497255
vn 0.000000 0.867604 -0.497255
vn 0.000000 0.994186 -0.107677
vn -1.000000 0.000000 0.000000
vn -1.000000 0.000000 0.000000
vn 0.000000 -0.867604 0.497255
vn 0.000000 -0.994186 0.107677
vn 0.000000 -0.994186 -0.107677
vn 0.000000 -0.867604 -0.497255
vn 0.000000 0.994186 0.107677
vn 0.000000 0.867604 0.497255
vn -1.000000 0.000000 0.000000
vn -1.000000 0.000000 0.000000
vn 0.000000 -0.409627 0.912253
vn 0.000000 -0.741022 0.671480
vn 1.000000 0.000000 0.000000
vn 1.000000 0.000000 0.000000
vn 1.000000 0.000000 0.000000
vn 1.000000 0.000000 0.000000
vn 1.000000 0.000000 0.000000
vn 1.000000 0.000000 0.000000
vn 1.000000 0.000000 0.000000
vn 1.000000 0.000000 0.000000
vn 1.000000 0.000000 0.000000
vn 1.000000 0.000000 0.000000
vn 1.000000 0.000000 0.000000
vn 1.000000 0.000000 0.000000
vn 1.000000 0.000000 0.000000
vn 1.000000 0.000000 0.000000
vn 0.000000 0.741022 0.671480
vn 0.000000 0.409627 0.912253
vn -1.000000 0.000000 0.000000
vn -1.000000 0.000000 0.000000
vn 0.000000 0.204814 0.978801
vn 0.000000 -0.204814 0.978801
vn 1.000000 0.000000 0.000000
vn 1.000000 0.000000 0.000000
vn 1.000000 0.000000 0.000000
vn 1.000000 0.000000 0.000000
vn 1.000000 0.000000 0.000000
vn 1.000000 0.000000 0.000000
vn 1.000000 0.000000 0.000000
vn 1.000000 0.000000 0.000000
vn 1.000000 0.000000 0.000000
vn 1.000000 0.000000 0.000000
vn 1.000000 0.000000 0.000000
vn 1.000000 0.000000 0.000000
vn 1.000000 0.000000 0.000000
vn 1.000000 0.000000 0.000000
vn 0.000000 0.204814 0.978801
vn 0.000000 -0.204814 0.978801
vn -1.000000 0.000000 0.000000
vn -1.000000 0.000000 0.000000
vn 0.000000 0.741022 0.671480
vn 0.000000 0.409627 0.912253
vn -1.000000 0.000000 -0.000000
vn -1.000000 0.000000 0.000000
vn -1.000000 0.000000 -0.000000
vn -1.000000 0.000000 0.000000
vn -1.000000 0.000000 -0.000000
vn -1.000000 0.000000 0.000000
vn -1.000000 0.000000 -0.000000
vn -1.000000 0.000000 0.000000
vn -1.000000 0.000000 -0.000000
vn -1.000000 0.000000 -0.000000
vn -1.000000 0.000000 -0.000000
vn -1.000000 0.000000 -0.000000
vn -1.000000 0.000000 -0.000000
vn -1.000000 0.000000 -0.000000
vn 0.000000 -0.409627 0.912253
vn 0.000000 -0.741022 0.671480
vn -1.000000 0.000000 0.000000
vn -1.000000 0.000000 0.000000
vn 0.000000 0.994186 0.107677
vn 0.000000 0.867604 0.497255
vn -1.000000 0.000000 -0.000000
vn -1.000000 0.000000 0.000000
vn -1.000000 0.000000 -0.000000
vn -1.000000 0.000000 0.000000
vn -1.000000 0.000000 -0.000000
vn -1.000000 0.000000 0.000000
vn -1.000000 0.000000 -0.000000
vn -1.000000 0.000000 0.000000
vn -1.000000 0.000000 -0.000000
vn -1.000000 0.000000 -0.000000
vn -1.000000 0.000000 -0.000000
vn -1.000000 0.000000 -0.000000
vn -1.000000 0.000000 -0.000000
vn -1.000000 0.000000 -0.000000
vn 0.000000 -0.867604 0.497255
vn 0.000000 -0.994186 0.107677
vn -0.797175 0.000000 -0.603748
vn -0.990602 0.000000 -0.136774
vn -0.136774 0.000000 -0.990602
vn -0.603748 0.000000 -0.797175
vn 0.603748 0.000000 -0.797175
vn 0.136774 0.000000 -0.990602
vn 0.990602 0.000000 -0.136774
vn 0.797175 0.000000 -0.603748
vn 0.797175 0.000000 0.603748
vn 0.990602 0.000000 0.136774
vn 0.136774 0.000000 0.990602
vn 0.603748 0.000000 0.797175
vn -0.603748 0.000000 0.797175
vn -0.136774 0.000000 0.990602
vn -0.990602 0.000000 0.136774
vn -0.797175 0.000000 0.603748
vn -1.000000 -0.000000 -0.000000
vn -1.000000 0.000000 0.000000
vn 0.000000 0.867604 -0.497255
vn 0.000000 0.994186 -0.107677
vn 1.000000 0.000000 0.000000
vn 1.000000 0.000000 0.000000
vn 0.000000 -0.994186 -0.107677
vn 0.000000 -0.867604 -0.497255
vn -1.000000 -0.000000 -0.000000
vn -1.000000 -0.000000 -0.000000
vn 0.000000 0.409627 -0.912253
vn 0.000000 0.741022 -0.671480
vn 0.000000 -0.741022 -0.671480
vn 0.000000 -0.409627 -0.912253
vn -1.000000 -0.000000 0.000000
vn -1.000000 -0.000000 -0.000000
vn 0.000000 -0.204814 -0.978801
vn 0.000000 0.204814 -0.978801
vn -1.000000 0.000000 0.000000
vn -1.000000 0.000000 0.000000
vn 0.000000 -0.204814 -0.978801
vn -0.000000 0.204814 -0.978801
vn -1.000000 -0.000000 0.000000
vn -1.000000 -0.000000 0.000000
vn 0.000000 -0.741022 -0.671480
vn 0.000000 -0.409627 -0.912253
vn 0.061955 -0.997953 -0.015859
vn 0.078452 -0.996917 -0.000904
vn -0.000000 0.409627 -0.912253
vn -0.000000 0.741022 -0.671480
vn -1.000000 0.000000 0.000000
vn -1.000000 -0.000000 0.000000
vn 0.000000 -0.994186 -0.107677
vn 0.000000 -0.867604 -0.497255
vn 0.626393 -0.384147 0.678280
vn 0.498715 -0.698739 0.512881
vn 0.000000 0.867604 -0.497255
vn 0.000000 0.994186 -0.107677
vn -1.000000 -0.000000 -0.000000
vn -1.000000 0.000000 0.000000
vn 0.000000 -0.867604 0.497255
vn 0.000000 -0.994186 0.107677
vn -0.118427 0.985031 -0.125258
vn -0.083592 0.994069 -0.069562
vn 0.000000 0.994186 0.107677
vn 0.000000 0.867604 0.497255
vn -1.000000 -0.000000 -0.000000
vn -1.000000 -0.000000 -0.000000
vn 0.000000 -0.409627 0.912253
vn 0.000000 -0.741022 0.671480
vn 0.332478 -0.895170 0.296865
vn 0.197058 -0.970869 0.136316
vn 0.000000 0.741022 0.671480
vn 0.000000 0.409627 0.912253
vn -1.000000 -0.000000 0.000000
vn -1.000000 -0.000000 -0.000000
vn 0.000000 0.204814 0.978801
vn 0.000000 -0.204814 0.978801
vn 0.315984 0.859288 0.402217
vn 0.283520 0.886502 0.365692
vn 0.000000 0.204814 0.978801
vn 0.000000 -0.204814 0.978801
vn -1.000000 -0.000000 0.000000
vn -1.000000 -0.000000 0.000000
vn 0.000000 0.741022 0.671480
vn 0.000000 0.409627 0.912253
vn 0.000000 -0.994186 -0.107677
vn 0.000000 -0.867604 -0.497255
vn 0.000000 -0.409627 0.912253
vn 0.000000 -0.741022 0.671480
vn -1.000000 0.000000 0.000000
vn -1.000000 -0.000000 0.000000
vn 0.000000 0.994186 0.107677
vn 0.000000 0.867604 0.497255
vn 0.000000 -0.867604 0.497255
vn 0.000000 -0.994186 0.107677
vn -1.000000 -0.000000 -0.000000
vn -1.000000 0.000000 0.000000
vn 0.000000 0.867604 -0.497255
vn 0.000000 0.994186 -0.107677
vn -1.000000 0.000000 0.000000
vn -1.000000 0.000000 0.000000
vn 0.000000 -0.994186 -0.107677
vn 0.000000 -0.867604 -0.497255
vn -1.000000 -0.000000 -0.000000
vn -1.000000 -0.000000 -0.000000
vn 0.000000 0.409627 -0.912253
vn 0.000000 0.741022 -0.671480
vn 0.000000 -0.741022 -0.671480
vn 0.000000 -0.409627 -0.912253
vn -1.000000 -0.000000 0.000000
vn -1.000000 -0.000000 -0.000000
vn 0.000000 -0.204814 -0.978801
vn 0.000000 0.204814 -0.978801
vn 0.000000 -0.741022 -0.671480
vn 0.000000 -0.409627 -0.912253
vn 0.000000 -0.204814 -0.978801
vn -0.000000 0.204814 -0.978801
vn -1.000000 -0.000000 0.000000
vn -1.000000 -0.000000 0.000000
vn 0.000000 -0.741022 -0.671480
vn 0.000000 -0.409627 -0.912253
vn 0.000000 0.000000 1.000000
vn 0.000000 0.000000 1.000000
vn -0.000000 0.409627 -0.912253
vn -0.000000 0.741022 -0.671480
vn -1.000000 0.000000 0.000000
vn -1.000000 -0.000000 0.000000
vn 0.000000 -0.994186 -0.107677
vn 0.000000 -0.867604 -0.497255
vn 0.000000 0.409627 -0.912253
vn 0.000000 0.741022 -0.671480
vn 0.000000 0.867604 -0.497255
vn 0.000000 0.994186 -0.107677
vn -1.000000 -0.000000 -0.000000
vn -1.000000 0.000000 0.000000
vn 0.000000 -0.867604 0.497255
vn 0.000000 -0.994186 0.107677
vn -1.000000 0.000000 0.000000
vn -1.000000 0.000000 0.000000
vn 0.000000 0.994186 0.107677
vn 0.000000 0.867604 0.497255
vn -1.000000 -0.000000 -0.000000
vn -1.000000 -0.000000 -0.000000
vn 0.000000 -0.409627 0.912253
vn 0.000000 -0.741022 0.671480
vn 0.000000 0.741022 0.671480
vn 0.000000 0.409627 0.912253
vn -1.000000 -0.000000 0.000000
vn -1.000000 -0.000000 -0.000000
vn 0.000000 0.204814 0.978801
vn 0.000000 -0.204814 0.978801
vn 1.000000 0.000000 0.000000
vn 1.000000 0.000000 0.000000
vn 0.000000 0.204814 0.978801
vn 0.000000 -0.204814 0.978801
vn -1.000000 -0.000000 0.000000
vn -1.000000 -0.000000 0.000000
vn 0.000000 0.741022 0.671480
vn 0.000000 0.409627 0.912253
vn 0.000000 -0.741022 -0.671480
vn 0.000000 -0.409627 -0.912253
vn 0.000000 -0.409627 0.912253
vn 0.000000 -0.741022 0.671480
vn -1.000000 0.000000 0.000000
vn -1.000000 -0.000000 0.000000
vn 0.000000 0.994186 0.107677
vn 0.000000 0.867604 0.497255
vn -1.000000 0.000000 0.000000
vn -1.000000 0.000000 0.000000
vn 0.000000 -0.867604 0.497255
vn 0.000000 -0.994186 0.107677
vn 1.000000 0.000000 0.000000
vn 1.000000 0.000000 0.000000
vn 0.000000 0.867604 -0.497255
vn 0.000000 0.994186 -0.107677
vn 0.000000 -0.994186 -0.107677
vn 0.000000 -0.867604 -0.497255
vn 1.000000 0.000000 0.000000
vn 1.000000 0.000000 0.000000
vn 0.000000 0.409627 -0.912253
vn 0.000000 0.741022 -0.671480
vn 0.000000 -0.204814 -0.978801
vn -0.000000 0.204814 -0.978801
vn 0.000000 -0.741022 -0.671480
vn 0.000000 -0.409627 -0.912253
vn 1.000000 0.000000 0.000000
vn 1.000000 0.000000 0.000000
vn 0.000000 -0.204814 -0.978801
vn 0.000000 0.204814 -0.978801
vn 0.000000 0.000000 1.000000
vn 0.000000 0.000000 1.000000
vn 0.000000 -0.204814 -0.978801
vn 0.000000 0.204814 -0.978801
vn 1.000000 0.000000 -0.000000
vn 1.000000 0.000000 0.000000
vn 0.000000 -0.741022 -0.671480
vn 0.000000 -0.409627 -0.912253
vn 0.000000 -0.204814 -0.978801
vn 0.000000 0.204814 -0.978801
vn 0.000000 0.409627 -0.912253
vn 0.000000 0.741022 -0.671480
vn 1.000000 0.000000 0.000000
vn 1.000000 0.000000 -0.000000
vn 0.000000 -0.994186 -0.107677
vn 0.000000 -0.867604 -0.497255
vn 0.000000 -0.994186 -0.107677
vn 0.000000 -0.867604 -0.497255
vn 0.000000 0.867604 -0.497255
vn 0.000000 0.994186 -0.107677
vn 1.000000 0.000000 0.000000
vn 1.000000 0.000000 0.000000
vn 0.000000 -0.867604 0.497255
vn 0.000000 -0.994186 0.107677
vn -1.000000 0.000000 0.000000
vn -1.000000 0.000000 0.000000
vn 0.000000 0.994186 0.107677
vn 0.000000 0.867604 0.497255
vn 1.000000 0.000000 0.000000
vn 1.000000 0.000000 0.000000
vn 0.000000 -0.409627 0.912253
vn 0.000000 -0.741022 0.671480
vn 0.000000 0.867604 -0.497255
vn 0.000000 0.994186 -0.107677
vn 0.000000 0.741022 0.671480
vn 0.000000 0.409627 0.912253
vn 1.000000 0.000000 0.000000
vn 1.000000 0.000000 0.000000
vn 0.000000 0.204814 0.978801
vn 0.000000 -0.204814 0.978801
vn -1.000000 0.000000 0.000000
vn -1.000000 0.000000 0.000000
vn 0.000000 0.204814 0.978801
vn 0.000000 -0.204814 0.978801
vn 1.000000 0.000000 -0.000000
vn 1.000000 0.000000 0.000000
vn 0.000000 0.741022 0.671480
vn 0.000000 0.409627 0.912253
vn 0.000000 -0.409627 0.912253
vn 0.000000 -0.741022 0.671480
vn 1.000000 0.000000 0.000000
vn 1.000000 0.000000 -0.000000
vn 0.000000 0.994186 0.107677
vn 0.000000 0.867604 0.497255
vn 0.000000 -0.867604 0.497255
vn 0.000000 -0.994186 0.107677
vn 1.000000 0.000000 0.000000
vn 1.000000 0.000000 0.000000
vn 0.000000 0.867604 -0.497255
vn 0.000000 0.994186 -0.107677
vn -0.990602 0.000000 0.136774
vn -0.797175 0.000000 0.603748
vn 0.000000 -0.994186 -0.107677
vn 0.000000 -0.867604 -0.497255
vn 1.000000 0.000000 0.000000
vn 1.000000 0.000000 0.000000
vn 0.000000 0.409627 -0.912253
vn 0.000000 0.741022 -0.671480
vn 0.000000 -0.741022 -0.671480
vn 0.000000 -0.409627 -0.912253
vn 1.000000 0.000000 0.000000
vn 1.000000 0.000000 0.000000
vn 0.000000 -0.204814 -0.978801
vn 0.000000 0.204814 -0.978801
vn -0.603748 0.000000 0.797175
vn -0.136774 0.000000 0.990602
vn 0.000000 -0.204814 -0.978801
vn 0.000000 0.204814 -0.978801
vn 1.000000 0.000000 -0.000000
vn 1.000000 0.000000 0.000000
vn 0.000000 -0.741022 -0.671480
vn 0.000000 -0.409627 -0.912253
vn 0.000000 0.409627 -0.912253
vn 0.000000 0.741022 -0.671480
vn 1.000000 0.000000 0.000000
vn 1.000000 0.000000 -0.000000
vn 0.000000 -0.994186 -0.107677
vn 0.000000 -0.867604 -0.497255
vn 0.136774 0.000000 0.990602
vn 0.603748 0.000000 0.797175
vn 0.000000 0.867604 -0.497255
vn 0.000000 0.994186 -0.107677
vn 1.000000 0.000000 0.000000
vn 1.000000 0.000000 0.000000
vn 0.000000 -0.867604 0.497255
vn 0.000000 -0.994186 0.107677
vn 0.000000 0.994186 0.107677
vn 0.000000 0.867604 0.497255
vn 1.000000 0.000000 0.000000
vn 1.000000 0.000000 0.000000
vn 0.000000 -0.409627 0.912253
vn 0.000000 -0.741022 0.671480
vn 0.797175 0.000000 0.603748
vn 0.990602 0.000000 0.136774
vn 0.000000 0.741022 0.671480
vn 0.000000 0.409627 0.912253
vn 1.000000 0.000000 0.000000
vn 1.000000 0.000000 0.000000
vn 0.000000 0.204814 0.978801
vn 0.000000 -0.204814 0.978801
vn -0.160353 -0.983310 0.085960
vn -0.173016 -0.979381 0.104298
vn 0.000000 0.204814 0.978801
vn 0.000000 -0.204814 0.978801
vn 1.000000 0.000000 -0.000000
vn 1.000000 0.000000 0.000000
vn 0.000000 0.741022 0.671480
vn 0.000000 0.409627 0.912253
vn 0.000000 0.204814 0.978801
vn 0.000000 -0.204814 0.978801
vn 0.000000 -0.409627 0.912253
vn 0.000000 -0.741022 0.671480
vn 1.000000 0.000000 0.000000
vn 1.000000 0.000000 -0.000000
vn 0.000000 0.994186 0.107677
vn 0.000000 0.867604 0.497255
vn -1.000000 0.000000 0.000000
vn -1.000000 0.000000 0.000000
vn 0.000000 -0.867604 0.497255
vn 0.000000 -0.994186 0.107677
vn 0.797175 0.000000 -0.603748
vn 0.990602 0.000000 -0.136774
vn 0.136774 0.000000 -0.990602
vn 0.603748 0.000000 -0.797175
vn -0.603748 0.000000 -0.797175
vn -0.136774 0.000000 -0.990602
vn -0.990602 0.000000 -0.136774
vn -0.797175 0.000000 -0.603748
vn -0.797175 0.000000 0.603748
vn -0.990602 0.000000 0.136774
vn -0.136774 0.000000 0.990602
vn -0.603748 0.000000 0.797175
vn 0.603748 0.000000 0.797175
vn 0.136774 0.000000 0.990602
vn 0.990602 0.000000 0.136774
vn 0.797175 0.000000 0.603748
vn 1.000000 -0.000000 -0.000000
vn 1.000000 0.000000 0.000000
vn 0.000000 0.867604 -0.497255
vn 0.000000 0.994186 -0.107677
vn 0.000000 -0.994186 -0.107677
vn 0.000000 -0.867604 -0.497255
vn 1.000000 -0.000000 -0.000000
vn 1.000000 -0.000000 -0.000000
vn 0.000000 0.409627 -0.912253
vn 0.000000 0.741022 -0.671480
vn 0.000000 0.741022 0.671480
vn 0.000000 0.409627 0.912253
vn 0.000000 -0.741022 -0.671480
vn 0.000000 -0.409627 -0.912253
vn 1.000000 -0.000000 0.000000
vn 1.000000 -0.000000 -0.000000
vn 0.000000 -0.204814 -0.978801
vn 0.000000 0.204814 -0.978801
vn 0.085600 0.992486 -0.087436
vn 0.114043 0.981670 -0.152701
vn 0.000000 -0.204814 -0.978801
vn 0.000000 0.204814 -0.978801
vn 1.000000 -0.000000 0.000000
vn 1.000000 -0.000000 0.000000
vn 0.000000 -0.741022 -0.671480
vn 0.000000 -0.409627 -0.912253
vn 0.000000 -0.409627 0.912253
vn 0.000000 -0.741022 0.671480
vn 0.000000 0.409627 -0.912253
vn 0.000000 0.741022 -0.671480
vn 1.000000 0.000000 0.000000
vn 1.000000 -0.000000 0.000000
vn 0.000000 -0.994186 -0.107677
vn 0.000000 -0.867604 -0.497255
vn 0.136774 0.000000 -0.990602
vn 0.603748 0.000000 -0.797175
vn 0.000000 0.867604 -0.497255
vn 0.000000 0.994186 -0.107677
vn 1.000000 -0.000000 -0.000000
vn 1.000000 0.000000 0.000000
vn 0.000000 -0.867604 0.497255
vn 0.000000 -0.994186 0.107677
vn -0.136774 0.000000 0.990602
vn -0.603748 0.000000 0.797175
vn 0.000000 0.994186 0.107677
vn 0.000000 0.867604 0.497255
vn 1.000000 -0.000000 -0.000000
vn 1.000000 -0.000000 -0.000000
vn 0.000000 -0.409627 0.912253
vn 0.000000 -0.741022 0.671480
vn 0.000000 0.741022 0.671480
vn 0.000000 0.409627 0.912253
vn 1.000000 -0.000000 0.000000
vn 1.000000 -0.000000 -0.000000
vn 0.000000 0.204814 0.978801
vn 0.000000 -0.204814 0.978801
vn 0.000000 0.204814 0.978801
vn 0.000000 -0.204814 0.978801
vn 1.000000 -0.000000 0.000000
vn 1.000000 -0.000000 0.000000
vn 0.000000 0.741022 0.671480
vn 0.000000 0.409627 0.912253
vn 0.797175 0.000000 -0.603748
vn 0.990602 0.000000 -0.136774
vn 0.000000 -0.409627 0.912253
vn 0.000000 -0.741022 0.671480
vn 1.000000 0.000000 0.000000
vn 1.000000 -0.000000 0.000000
vn 0.000000 0.994186 0.107677
vn 0.000000 0.867604 0.497255
vn 0.603748 0.000000 0.797175
vn 0.136774 0.000000 0.990602
vn 0.000000 -0.867604 0.497255
vn 0.000000 -0.994186 0.107677
vn 1.000000 -0.000000 -0.000000
vn 1.000000 0.000000 0.000000
vn 0.000000 0.867604 -0.497255
vn 0.000000 0.994186 -0.107677
vn 0.000000 -0.994186 -0.107677
vn 0.000000 -0.867604 -0.497255
vn 1.000000 -0.000000 -0.000000
vn 1.000000 -0.000000 -0.000000
vn 0.000000 0.409627 -0.912253
vn 0.000000 0.741022 -0.671480
vn 0.000000 -0.741022 -0.671480
vn 0.000000 -0.409627 -0.912253
vn 1.000000 -0.000000 0.000000
vn 1.000000 -0.000000 -0.000000
vn 0.000000 -0.204814 -0.978801
vn 0.000000 0.204814 -0.978801
vn 0.990602 0.000000 0.136774
vn 0.797175 0.000000 0.603748
vn 0.000000 -0.204814 -0.978801
vn 0.000000 0.204814 -0.978801
vn 1.000000 -0.000000 0.000000
vn 1.000000 -0.000000 0.000000
vn 0.000000 -0.741022 -0.671480
vn 0.000000 -0.409627 -0.912253
vn 0.000000 0.409627 -0.912253
vn 0.000000 0.741022 -0.671480
vn 1.000000 0.000000 0.000000
vn 1.000000 -0.000000 0.000000
vn 0.000000 -0.994186 -0.107677
vn 0.000000 -0.867604 -0.497255
vn 0.125924 -0.990849 0.048584
vn 0.043720 -0.998362 -0.036911
vn 0.000000 0.867604 -0.497255
vn 0.000000 0.994186 -0.107677
vn 1.000000 -0.000000 -0.000000
vn 1.000000 0.000000 0.000000
vn 0.000000 -0.867604 0.497255
vn 0.000000 -0.994186 0.107677
vn 0.000000 -0.994186 -0.107677
vn 0.000000 -0.867604 -0.497255
vn 0.000000 0.994186 0.107677
vn 0.000000 0.867604 0.497255
vn 1.000000 -0.000000 -0.000000
vn 1.000000 -0.000000 -0.000000
vn 0.000000 -0.409627 0.912253
vn 0.000000 -0.741022 0.671480
vn -0.395186 -0.836414 0.379790
vn -0.569444 -0.554915 0.606468
vn 0.000000 0.741022 0.671480
vn 0.000000 0.409627 0.912253
vn 1.000000 -0.000000 0.000000
vn 1.000000 -0.000000 -0.000000
vn 0.000000 0.204814 0.978801
vn 0.000000 -0.204814 0.978801
vn -0.266565 0.901375 0.341271
vn -0.086105 0.986495 0.139333
vn 0.000000 0.204814 0.978801
vn 0.000000 -0.204814 0.978801
vn 1.000000 -0.000000 0.000000
vn 1.000000 -0.000000 0.000000
vn 0.000000 0.741022 0.671480
vn 0.000000 0.409627 0.912253
vn 0.000000 0.867604 -0.497255
vn 0.000000 0.994186 -0.107677
vn 0.000000 -0.409627 0.912253
vn 0.000000 -0.741022 0.671480
vn 1.000000 0.000000 0.000000
vn 1.000000 -0.000000 0.000000
vn 0.000000 0.994186 0.107677
vn 0.000000 0.867604 0.497255
vn -1.000000 0.000000 0.000000
vn -1.000000 0.000000 0.000000
vn 0.000000 -0.867604 0.497255
vn 0.000000 -0.994186 0.107677
vn -1.000000 0.000000 0.000000
vn -1.000000 0.000000 -0.000000
vn 0.000000 0.867604 -0.497255
vn 0.000000 0.994186 -0.107677
vn 0.000000 -0.994186 -0.107677
vn 0.000000 -0.867604 -0.497255
vn -1.000000 0.000000 0.000000
vn -1.000000 0.000000 0.000000
vn 0.000000 0.409627 -0.912253
vn 0.000000 0.741022 -0.671480
vn -1.000000 0.000000 0.000000
vn -1.000000 0.000000 0.000000
vn 0.000000 -0.741022 -0.671480
vn 0.000000 -0.409627 -0.912253
vn -1.000000 0.000000 0.000000
vn -1.000000 0.000000 0.000000
vn 0.000000 -0.204814 -0.978801
vn 0.000000 0.204814 -0.978801
vn 0.000000 -0.204814 -0.978801
vn -0.000000 0.204814 -0.978801
vn -1.000000 0.000000 0.000000
vn -1.000000 0.000000 0.000000
vn 0.000000 -0.741022 -0.671480
vn 0.000000 -0.409627 -0.912253
vn 0.000000 -0.867604 0.497255
vn 0.000000 -0.994186 0.107677
vn -0.000000 0.409627 -0.912253
vn -0.000000 0.741022 -0.671480
vn -1.000000 0.000000 -0.000000
vn -1.000000 0.000000 -0.000000
vn 0.000000 -0.994186 -0.107677
vn 0.000000 -0.867604 -0.497255
vn 0.085600 0.992486 -0.087436
vn 0.013640 0.999842 0.011443
vn 0.000000 0.867604 -0.497255
vn 0.000000 0.994186 -0.107677
vn -1.000000 0.000000 0.000000
vn -1.000000 0.000000 -0.000000
vn 0.000000 -0.867604 0.497255
vn 0.000000 -0.994186 0.107677
vn 0.000000 0.994186 0.107677
vn 0.000000 0.867604 0.497255
vn 0.000000 0.994186 0.107677
vn 0.000000 0.867604 0.497255
vn -1.000000 0.000000 0.000000
vn -1.000000 0.000000 0.000000
vn 0.000000 -0.409627 0.912253
vn 0.000000 -0.741022 0.671480
vn -1.000000 0.000000 0.000000
vn -1.000000 0.000000 0.000000
vn 0.000000 0.741022 0.671480
vn 0.000000 0.409627 0.912253
vn -1.000000 0.000000 0.000000
vn -1.000000 0.000000 0.000000
vn 0.000000 0.204814 0.978801
vn 0.000000 -0.204814 0.978801
vn -0.000000 0.409627 -0.912253
vn -0.000000 0.741022 -0.671480
vn 0.000000 0.204814 0.978801
vn 0.000000 -0.204814 0.978801
vn -1.000000 0.000000 0.000000
vn -1.000000 0.000000 0.000000
vn 0.000000 0.741022 0.671480
vn 0.000000 0.409627 0.912253
vn 1.000000 -0.000000 -0.000000
vn 1.000000 0.000000 0.000000
vn 1.000000 -0.000000 -0.000000
vn 1.000000 -0.000000 -0.000000
vn 1.000000 -0.000000 -0.000000
vn 1.000000 -0.000000 -0.000000
vn 1.000000 -0.000000 -0.000000
vn 1.000000 -0.000000 0.000000
vn 1.000000 -0.000000 -0.000000
vn 1.000000 0.000000 0.000000
vn 1.000000 -0.000000 -0.000000
vn 1.000000 0.000000 0.000000
vn 1.000000 -0.000000 -0.000000
vn 1.000000 -0.000000 0.000000
vn 0.000000 -0.409627 0.912253
vn 0.000000 -0.741022 0.671480
vn -1.000000 0.000000 -0.000000
vn -1.000000 0.000000 -0.000000
vn 0.000000 0.994186 0.107677
vn 0.000000 0.867604 0.497255
vn 1.000000 -0.000000 -0.000000
vn 1.000000 0.000000 0.000000
vn 1.000000 -0.000000 -0.000000
vn 1.000000 -0.000000 -0.000000
vn 1.000000 -0.000000 -0.000000
vn 1.000000 -0.000000 -0.000000
vn 1.000000 -0.000000 -0.000000
vn 1.000000 -0.000000 0.000000
vn 1.000000 -0.000000 -0.000000
vn 1.000000 0.000000 0.000000
vn 1.000000 -0.000000 -0.000000
vn 1.000000 0.000000 0.000000
vn 1.000000 -0.000000 -0.000000
vn 1.000000 -0.000000 0.000000
vn 0.000000 -0.867604 0.497255
vn 0.000000 -0.994186 0.107677
vn -1.000000 0.000000 0.000000
vn -1.000000 0.000000 -0.000000
vn 0.000000 0.867604 -0.497255
vn 0.000000 0.994186 -0.107677
vn -1.000000 0.000000 -0.000000
vn -1.000000 0.000000 0.000000
vn -1.000000 0.000000 -0.000000
vn -1.000000 0.000000 0.000000
vn -1.000000 0.000000 -0.000000
vn -1.000000 0.000000 0.000000
vn -1.000000 0.000000 -0.000000
vn -1.000000 0.000000 0.000000
vn -1.000000 0.000000 -0.000000
vn -1.000000 0.000000 -0.000000
vn -1.000000 0.000000 -0.000000
vn -1.000000 0.000000 -0.000000
vn -1.000000 0.000000 -0.000000
vn -1.000000 0.000000 -0.000000
vn 0.000000 -0.994186 -0.107677
vn 0.000000 -0.867604 -0.497255
vn -1.000000 0.000000 0.000000
vn -1.000000 0.000000 0.000000
vn 0.000000 0.409627 -0.912253
vn 0.000000 0.741022 -0.671480
vn -1.000000 0.000000 -0.000000
vn -1.000000 0.000000 0.000000
vn -1.000000 0.000000 -0.000000
vn -1.000000 0.000000 0.000000
vn -1.000000 0.000000 -0.000000
vn -1.000000 0.000000 0.000000
vn -1.000000 0.000000 -0.000000
vn -1.000000 0.000000 0.000000
vn -1.000000 0.000000 -0.000000
vn -1.000000 0.000000 -0.000000
vn -1.000000 0.000000 -0.000000
vn -1.000000 0.000000 -0.000000
vn -1.000000 0.000000 -0.000000
vn -1.000000 0.000000 -0.000000
vn 0.000000 -0.741022 -0.671480
vn 0.000000 -0.409627 -0.912253
vn -1.000000 0.000000 0.000000
vn -1.000000 0.000000 0.000000
vn 0.000000 -0.204814 -0.978801
vn 0.000000 0.204814 -0.978801
vn -1.000000 0.000000 0.000000
vn -1.000000 0.000000 -0.000000
vn -1.000000 0.000000 0.000000
vn -1.000000 -0.000000 -0.000000
vn -1.000000 0.000000 0.000000
vn -1.000000 -0.000000 0.000000
vn -1.000000 0.000000 0.000000
vn -1.000000 -0.000000 0.000000
vn -1.000000 0.000000 0.000000
vn -1.000000 -0.000000 -0.000000
vn -1.000000 0.000000 0.000000
vn -1.000000 -0.000000 0.000000
vn -1.000000 0.000000 0.000000
vn -1.000000 0.000000 0.000000
vn 0.000000 -0.204814 -0.978801
vn -0.000000 0.204814 -0.978801
vn -1.000000 0.000000 0.000000
vn -1.000000 0.000000 0.000000
vn 0.000000 -0.741022 -0.671480
vn 0.000000 -0.409627 -0.912253
vn -1.000000 0.000000 0.000000
vn -1.000000 0.000000 -0.000000
vn -1.000000 0.000000 0.000000
vn -1.000000 -0.000000 -0.000000
vn -1.000000 0.000000 0.000000
vn -1.000000 -0.000000 0.000000
vn -1.000000 0.000000 0.000000
vn -1.000000 -0.000000 0.000000
vn -1.000000 0.000000 0.000000
vn -1.000000 -0.000000 -0.000000
vn -1.000000 0.000000 0.000000
vn -1.000000 -0.000000 0.000000
vn -1.000000 0.000000 0.000000
vn -1.000000 0.000000 0.000000
vn -0.000000 0.409627 -0.912253
vn -0.000000 0.741022 -0.671480
vn -1.000000 0.000000 -0.000000
vn -1.000000 0.000000 -0.000000
vn 0.000000 -0.994186 -0.107677
vn 0.000000 -0.867604 -0.497255
vn 1.000000 0.000000 -0.000000
vn 1.000000 0.000000 -0.000000
vn 1.000000 0.000000 -0.000000
vn 1.000000 0.000000 -0.000000
vn 1.000000 0.000000 -0.000000
vn 1.000000 0.000000 -0.000000
vn 1.000000 0.000000 -0.000000
vn 1.000000 0.000000 0.000000
vn 1.000000 0.000000 -0.000000
vn 1.000000 0.000000 0.000000
vn 1.000000 0.000000 -0.000000
vn 1.000000 0.000000 0.000000
vn 1.000000 0.000000 -0.000000
vn 1.000000 0.000000 0.000000
vn 0.000000 0.867604 -0.497255
vn 0.000000 0.994186 -0.107677
vn -1.000000 0.000000 0.000000
vn -1.000000 0.000000 -0.000000
vn 0.000000 -0.867604 0.497255
vn 0.000000 -0.994186 0.107677
vn 1.000000 0.000000 -0.000000
vn 1.000000 0.000000 -0.000000
vn 1.000000 0.000000 -0.000000
vn 1.000000 0.000000 -0.000000
vn 1.000000 0.000000 -0.000000
vn 1.000000 0.000000 -0.000000
vn 1.000000 0.000000 -0.000000
vn 1.000000 0.000000 0.000000
vn 1.000000 0.000000 -0.000000
vn 1.000000 0.000000 0.000000
vn 1.000000 0.000000 -0.000000
vn 1.000000 0.000000 0.000000
vn 1.000000 0.000000 -0.000000
vn 1.000000 0.000000 0.000000
vn 0.000000 0.994186 0.107677
vn 0.000000 0.867604 0.497255
vn -1.000000 0.000000 0.000000
vn -1.000000 0.000000 0.000000
vn 0.000000 -0.409627 0.912253
vn 0.000000 -0.741022 0.671480
vn -1.000000 0.000000 0.000000
vn -1.000000 0.000000 0.000000
vn -1.000000 0.000000 0.000000
vn -1.000000 0.000000 0.000000
vn -1.000000 0.000000 0.000000
vn -1.000000 0.000000 0.000000
vn -1.000000 0.000000 0.000000
vn -1.000000 0.000000 0.000000
vn -1.000000 0.000000 0.000000
vn -1.000000 0.000000 0.000000
vn -1.000000 0.000000 0.000000
vn -1.000000 0.000000 0.000000
vn -1.000000 0.000000 0.000000
vn -1.000000 0.000000 0.000000
vn 0.000000 0.741022 0.671480
vn 0.000000 0.409627 0.912253
vn -1.000000 0.000000 0.000000
vn -1.000000 0.000000 0.000000
vn 0.000000 0.204814 0.978801
vn 0.000000 -0.204814 0.978801
vn -1.000000 0.000000 0.000000
vn -1.000000 0.000000 0.000000
vn -1.000000 0.000000 0.000000
vn -1.000000 0.000000 0.000000
vn -1.000000 0.000000 0.000000
vn -1.000000 0.000000 0.000000
vn -1.000000 0.000000 0.000000
vn -1.000000 0.000000 0.000000
vn -1.000000 0.000000 0.000000
vn -1.000000 0.000000 0.000000
vn -1.000000 0.000000 0.000000
vn -1.000000 0.000000 0.000000
vn -1.000000 0.000000 0.000000
vn -1.000000 0.000000 0.000000
vn 0.000000 0.204814 0.978801
vn 0.000000 -0.204814 0.978801
vn -1.000000 0.000000 0.000000
vn -1.000000 0.000000 0.000000
vn 0.000000 0.741022 0.671480
vn 0.000000 0.409627 0.912253
vn 1.000000 0.000000 0.000000
vn 1.000000 0.000000 0.000000
vn 1.000000 0.000000 0.000000
vn 1.000000 0.000000 0.000000
vn 1.000000 0.000000 0.000000
vn 1.000000 0.000000 0.000000
vn 1.000000 0.000000 0.000000
vn 1.000000 0.000000 0.000000
vn 1.000000 0.000000 0.000000
vn 1.000000 0.000000 0.000000
vn 1.000000 0.000000 0.000000
vn 1.000000 0.000000 0.000000
vn 1.000000 0.000000 0.000000
vn 1.000000 0.000000 0.000000
vn 0.000000 -0.409627 0.912253
vn 0.000000 -0.741022 0.671480
vn -1.000000 0.000000 -0.000000
vn -1.000000 0.000000 -0.000000
vn 0.000000 0.994186 0.107677
vn 0.000000 0.867604 0.497255
vn 1.000000 0.000000 0.000000
vn 1.000000 0.000000 0.000000
vn 1.000000 0.000000 0.000000
vn 1.000000 0.000000 0.000000
vn 1.000000 0.000000 0.000000
vn 1.000000 0.000000 0.000000
vn 1.000000 0.000000 0.000000
vn 1.000000 0.000000 0.000000
vn 1.000000 0.000000 0.000000
vn 1.000000 0.000000 0.000000
vn 1.000000 0.000000 0.000000
vn 1.000000 0.000000 0.000000
vn 1.000000 0.000000 0.000000
vn 1.000000 0.000000 0.000000
vn 0.000000 -0.867604 0.497255
vn 0.000000 -0.994186 0.107677
vn 0.000000 0.204814 0.978801
vn 0.000000 -0.204814 0.978801
vn -1.000000 0.000000 0.000000
vn -1.000000 0.000000 0.000000
vn 0.000000 0.000000 -1.000000
vn 0.000000 0.000000 -1.000000
vn 0.000000 0.000000 -1.000000
vn 0.000000 0.000000 -1.000000
vn 1.000000 0.000000 0.000000
vn 1.000000 0.000000 0.000000
vn 0.127481 -0.991121 -0.037794
vn 0.385471 -0.880200 0.276876
vn -0.153642 0.963202 -0.220534
vn -0.214448 0.867178 -0.449461
vn 0.672841 0.012658 0.739679
vn 0.312575 0.831973 0.458386
vn 0.385471 -0.880200 0.276876
vn 0.672841 0.012658 0.739679
vn 0.101746 -0.992768 -0.063709
vn 0.012406 -0.947723 -0.318852
vn -0.083455 0.996350 0.017935
vn -0.153642 0.963202 -0.220534
vn 0.012406 -0.947723 -0.318852
vn -0.072081 -0.834606 -0.546111
vn -0.126846 -0.991177 -0.038449
vn -0.105106 -0.992384 -0.064237
vn 0.070209 0.996875 0.036197
vn 0.081028 0.996535 0.018788
vn -0.167007 0.937378 0.305665
vn 0.056806 0.996979 0.052978
vn -0.026389 0.000000 -0.999652
vn -0.081875 0.000000 -0.996643
vn 0.010962 0.000000 0.999940
vn 0.032871 0.000000 0.999460
vn 0.028367 0.000000 -0.999598
vn 0.029351 0.000000 -0.999569
vn -0.999963 0.000000 -0.008559
vn -0.999963 0.000000 -0.008559
vn -0.029351 -0.000000 -0.999569
vn -0.028367 0.000000 -0.999598
vn -0.003116 0.000000 0.999995
vn -0.003116 0.000000 0.999995
vn 0.081875 0.000000 -0.996643
vn 0.026389 0.000000 -0.999652
vn -0.999939 0.000000 -0.011034
vn -0.999982 0.000000 -0.006067
vn -0.999999 0.000000 -0.001100
vn -0.999993 0.000000 0.003868
vn 0.000000 0.867604 -0.497255
vn 0.000000 0.994186 -0.107677
vn 1.000000 0.000000 0.000000
vn 1.000000 0.000000 0.000000
vn 0.000000 -0.867604 0.497255
vn 0.000000 -0.994186 0.107677
vn 0.000000 0.867604 -0.497255
vn 0.000000 0.994186 -0.107677
vn 0.000000 0.994186 0.107677
vn 0.000000 0.867604 0.497255
vn -1.000000 0.000000 0.000000
vn -1.000000 0.000000 0.000000
vn 0.000000 -0.409627 0.912253
vn 0.000000 -0.741022 0.671480
vn 0.000000 0.741022 0.671480
vn 0.000000 0.409627 0.912253
vn -1.000000 0.000000 0.000000
vn -1.000000 0.000000 0.000000
vn 0.000000 0.204814 0.978801
vn 0.000000 -0.204814 0.978801
vn 0.000000 0.994186 0.107677
vn 0.000000 0.867604 0.497255
vn 0.000000 0.204814 0.978801
vn 0.000000 -0.204814 0.978801
vn -0.797175 0.000000 0.603748
vn -0.990602 0.000000 0.136774
vn 0.000000 -0.867604 0.497255
vn 0.000000 -0.994186 0.107677
vn 0.000000 -0.409627 0.912253
vn 0.000000 -0.741022 0.671480
vn -0.603748 0.000000 -0.797175
vn -0.136774 0.000000 -0.990602
vn 0.000000 -0.994186 -0.107677
vn 0.000000 -0.867604 -0.497255
vn -1.000000 -0.000000 -0.000000
vn -1.000000 0.000000 0.000000
vn -1.000000 -0.000000 -0.000000
vn -1.000000 -0.000000 -0.000000
vn 0.000000 0.204814 0.978801
vn 0.000000 -0.204814 0.978801
vn -0.990602 0.000000 -0.136774
vn -0.797175 0.000000 -0.603748
vn -0.094548 -0.995457 0.011246
vn -0.062593 -0.997849 -0.019459
vn 0.000000 -0.741022 -0.671480
vn 0.000000 -0.409627 -0.912253
vn -1.000000 0.000000 0.000000
vn -1.000000 -0.000000 0.000000
vn 0.000000 0.867604 -0.497255
vn 0.000000 0.994186 -0.107677
vn -0.000000 0.409627 -0.912253
vn -0.000000 0.741022 -0.671480
vn -1.000000 -0.000000 0.000000
vn -1.000000 -0.000000 -0.000000
vn 0.000000 0.741022 0.671480
vn 0.000000 0.409627 0.912253
vn 0.000000 -0.867604 0.497255
vn 0.000000 -0.994186 0.107677
vn -1.000000 0.000000 0.000000
vn -1.000000 0.000000 0.000000
vn 0.000000 -0.204814 -0.978801
vn 0.000000 0.204814 -0.978801
vn -1.000000 -0.000000 0.000000
vn -1.000000 -0.000000 0.000000
vn 0.000000 0.994186 0.107677
vn 0.000000 0.867604 0.497255
vn 1.000000 0.000000 0.000000
vn 1.000000 0.000000 -0.000000
vn 1.000000 0.000000 0.000000
vn 1.000000 0.000000 -0.000000
vn 1.000000 0.000000 0.000000
vn 1.000000 0.000000 -0.000000
vn 1.000000 0.000000 0.000000
vn 1.000000 0.000000 0.000000
vn 1.000000 0.000000 0.000000
vn 1.000000 0.000000 0.000000
vn 1.000000 0.000000 0.000000
vn 1.000000 0.000000 0.000000
vn 1.000000 0.000000 0.000000
vn 1.000000 0.000000 0.000000
vn 0.000000 -0.204814 -0.978801
vn -0.000000 0.204814 -0.978801
vn -1.000000 -0.000000 0.000000
vn -1.000000 -0.000000 0.000000
vn 0.000000 0.994186 0.107677
vn 0.000000 0.867604 0.497255
vn 0.000000 0.409627 -0.912253
vn 0.000000 0.741022 -0.671480
vn -1.000000 -0.000000 0.000000
vn -1.000000 -0.000000 -0.000000
vn 0.000000 0.741022 0.671480
vn 0.000000 0.409627 0.912253
vn 0.000000 0.867604 -0.497255
vn 0.000000 0.994186 -0.107677
vn 0.000000 -0.741022 -0.671480
vn 0.000000 -0.409627 -0.912253
vn -1.000000 0.000000 0.000000
vn -1.000000 -0.000000 0.000000
vn -1.000000 -0.000000 -0.000000
vn -1.000000 -0.000000 -0.000000
vn 0.000000 0.204814 0.978801
vn 0.000000 -0.204814 0.978801
vn -1.000000 -0.000000 -0.000000
vn -1.000000 0.000000 0.000000
vn 0.000000 -0.994186 -0.107677
vn 0.000000 -0.867604 -0.497255
vn 0.000000 -0.409627 0.912253
vn 0.000000 -0.741022 0.671480
vn 0.000000 -0.867604 0.497255
vn 0.000000 -0.994186 0.107677
vn 0.000000 -0.867604 0.497255
vn 0.000000 -0.994186 0.107677
vn 0.000000 -0.409627 0.912253
vn 0.000000 -0.741022 0.671480
vn 0.000000 -0.994186 -0.107677
vn 0.000000 -0.867604 -0.497255
vn 1.000000 0.000000 0.000000
vn 1.000000 0.000000 0.000000
vn 1.000000 0.000000 0.000000
vn 1.000000 0.000000 0.000000
vn 0.000000 0.204814 0.978801
vn 0.000000 -0.204814 0.978801
vn 0.000000 -0.741022 -0.671480
vn 0.000000 -0.409627 -0.912253
vn 1.000000 0.000000 0.000000
vn 1.000000 0.000000 -0.000000
vn 0.000000 0.867604 -0.497255
vn 0.000000 0.994186 -0.107677
vn 0.000000 0.409627 -0.912253
vn 0.000000 0.741022 -0.671480
vn 1.000000 0.000000 0.000000
vn 1.000000 0.000000 0.000000
vn 0.000000 0.741022 0.671480
vn 0.000000 0.409627 0.912253
vn 0.000000 -0.204814 -0.978801
vn 0.000000 0.204814 -0.978801
vn 1.000000 0.000000 -0.000000
vn 1.000000 0.000000 0.000000
vn 0.000000 0.994186 0.107677
vn 0.000000 0.867604 0.497255
vn 0.000000 -0.204814 -0.978801
vn 0.000000 0.204814 -0.978801
vn 1.000000 0.000000 -0.000000
vn 1.000000 0.000000 0.000000
vn 1.000000 0.000000 0.000000
vn 1.000000 0.000000 0.000000
vn 0.000000 0.000000 1.000000
vn 0.000000 0.000000 1.000000
vn 0.000000 -1.000000 0.000000
vn 0.000000 -1.000000 0.000000
vn -0.797175 0.000000 -0.603748
vn -0.990602 0.000000 -0.136774
vn -0.136774 0.000000 -0.990602
vn -0.603748 0.000000 -0.797175
vn -0.201635 -0.979461 0.000000
vn -0.299354 -0.954142 0.000000
vn 0.100824 -0.994904 0.000000
vn -0.100817 -0.994905 0.000000
vn 0.299374 -0.954136 0.000000
vn 0.201648 -0.979458 0.000000
vn 0.000465 0.028922 -0.999582
vn -0.004764 0.012255 -0.999914
vn -0.000462 -0.033139 0.999451
vn 0.004767 -0.016473 0.999853
vn 0.603748 0.000000 -0.797175
vn 0.136774 0.000000 -0.990602
vn -1.000000 0.000000 0.000000
vn -1.000000 0.000000 0.000000
vn 0.990602 0.000000 -0.136774
vn 0.797175 0.000000 -0.603748
vn 0.000000 0.000000 -1.000000
vn 0.000000 0.000000 -1.000000
vn 0.000000 -1.000000 0.000000
vn 0.000000 -1.000000 0.000000
vn 0.000000 -1.000000 0.000000
vn 0.000000 -1.000000 0.000000
vn 0.000000 -1.000000 0.000000
vn 0.000000 -1.000000 0.000000
vn 0.000000 -1.000000 0.000000
vn 0.000000 -1.000000 0.000000
vn 0.966859 0.254962 0.013353
vn 0.897969 0.439456 0.023016
vn 0.962632 -0.270444 -0.014166
vn 0.998628 0.052300 0.002739
vn -0.767177 -0.631671 0.111492
vn -0.429199 -0.902076 0.045233
vn -0.987853 -0.144002 0.058386
vn -0.848382 -0.522220 0.086799
vn -0.288961 -0.955223 0.063643
vn -0.000551 -0.999887 0.015042
vn -0.524802 -0.644283 -0.556312
vn -0.093123 -0.621153 -0.778137
vn -0.897474 0.056043 -0.437493
vn -0.833893 -0.390127 -0.390415
vn 1.000000 0.000000 0.000000
vn 1.000000 0.000000 0.000000
vn -1.000000 0.000000 0.000000
vn -1.000000 0.000000 0.000000
vn 0.000000 1.000000 0.000000
vn 0.000000 1.000000 0.000000
vn 0.000000 0.000000 1.000000
vn 0.000000 0.000000 1.000000
vn 0.000000 -1.000000 0.000000
vn 0.000000 -1.000000 0.000000
vn 0.000000 0.000000 -1.000000
vn 0.000000 0.000000 -1.000000
vn 0.000000 1.000000 0.000000
vn 0.000000 1.000000 0.000000
vn 0.000000 0.000000 -1.000000
vn 0.000000 0.000000 -1.000000
vn 0.000000 -1.000000 0.000000
vn 0.000000 -1.000000 0.000000
vn 0.000000 0.000000 1.000000
vn 0.000000 0.000000 1.000000
vn -0.832468 -0.131932 0.538136
vn -0.910662 -0.353711 -0.213504
vn -0.832468 -0.131932 0.538136
vn -0.485612 0.453881 0.747110
vn -0.832468 -0.131932 0.538136
vn -0.839992 0.307404 0.447120
vn -0.839992 0.307404 0.447120
vn -0.934240 -0.325504 -0.145747
vn -0.906114 -0.406590 -0.116803
vn -0.993629 0.110685 -0.021212
vn 0.324306 -0.944657 -0.049487
vn -0.000028 -0.998631 -0.052317
vn 0.918873 -0.394014 -0.020639
vn 0.648637 -0.760056 -0.039811
vn -0.732227 0.680882 0.015585
vn -0.993629 0.110685 -0.021212
vn 0.884261 0.000000 0.466993
vn 0.818198 0.000000 0.574937
vn 0.739896 -0.653066 -0.161425
vn 0.942563 -0.332583 -0.031028
vn 0.004723 0.997210 -0.074492
vn -0.740706 0.671537 -0.019794
vn -1.000000 0.000000 0.000000
vn -1.000000 0.000000 0.000000
vn 1.000000 0.000000 0.000000
vn 1.000000 0.000000 0.000000
vn 0.000000 1.000000 0.000000
vn 0.000000 1.000000 0.000000
vn 0.000000 0.000000 1.000000
vn 0.000000 0.000000 1.000000
vn 0.000000 -1.000000 0.000000
vn 0.000000 -1.000000 0.000000
vn 0.000000 0.000000 -1.000000
vn 0.000000 0.000000 -1.000000
vn 0.000000 1.000000 0.000000
vn 0.000000 1.000000 0.000000
vn 0.000000 0.000000 -1.000000
vn 0.000000 0.000000 -1.000000
vn 0.000000 -1.000000 0.000000
vn 0.000000 -1.000000 0.000000
vn 0.000000 0.000000 1.000000
vn 0.000000 0.000000 1.000000
vn 0.944036 -0.119064 0.307604
vn 0.901902 -0.408868 -0.139283
vn 0.487096 0.431553 0.759275
vn 0.815218 -0.122914 0.565961
vn 0.487096 0.431553 0.759275
vn 0.838925 0.310669 0.446866
vn 0.838925 0.310669 0.446866
vn 0.974779 0.052132 -0.216998
vn 0.622185 0.292925 0.726003
vn 0.315984 0.859288 0.402217
vn 0.125924 -0.990849 0.048584
vn 0.078452 -0.996917 -0.000904
vn -0.118427 0.985031 -0.125258
vn -0.098798 0.989216 -0.108122
vn 0.332478 -0.895170 0.296865
vn 0.161682 -0.983091 0.085971
vn 0.035208 0.996474 0.076158
vn -0.090660 0.992060 -0.087164
vn 0.029890 0.997338 0.066510
vn -0.083592 0.994069 -0.069562
vn 0.029890 0.997338 0.066510
vn 0.273317 0.892690 0.358332
vn 0.626393 -0.384147 0.678280
vn 0.254146 -0.944861 0.206511
vn 0.048775 -0.998288 -0.032272
vn 0.049673 -0.998184 -0.034079
vn 0.029890 0.997338 0.066510
vn -0.001869 0.999601 0.028169
vn 0.061955 -0.997953 -0.015859
vn 0.078452 -0.996917 -0.000904
vn 0.626393 -0.384147 0.678280
vn 0.498715 -0.698739 0.512881
vn -0.118427 0.985031 -0.125258
vn -0.083592 0.994069 -0.069562
vn 0.332478 -0.895170 0.296865
vn 0.197058 -0.970869 0.136316
vn 0.315984 0.859288 0.402217
vn 0.283520 0.886502 0.365692
vn 0.125924 -0.990849 0.048584
vn 0.043720 -0.998362 -0.036911
vn -0.428544 0.730176 0.532160
vn -0.415444 0.747134 0.518843
vn -0.094548 -0.995457 0.011246
vn -0.062593 -0.997849 -0.019459
vn 0.085600 0.992486 -0.087436
vn 0.114043 0.981670 -0.152701
vn -0.160353 -0.983310 0.085960
vn -0.173016 -0.979381 0.104298
vn 0.075749 0.995173 -0.062388
vn -0.009544 0.999084 0.041720
vn 0.085600 0.992486 -0.087436
vn 0.013640 0.999842 0.011443
vn -0.266565 0.901375 0.341271
vn -0.086105 0.986495 0.139333
vn -0.326242 -0.898327 0.294235
vn -0.395186 -0.836414 0.379790
vn -0.041110 -0.998338 -0.040389
vn -0.045424 -0.998412 -0.033323
vn 0.013640 0.999842 0.011443
vn -0.266565 0.901375 0.341271
vn -0.062593 -0.997849 -0.019459
vn -0.073953 -0.997262 -0.000232
vn -0.395186 -0.836414 0.379790
vn -0.569444 -0.554915 0.606468
vn 0.106279 0.989159 -0.101339
vn 0.085600 0.992486 -0.087436
vn -0.173016 -0.979381 0.104298
vn -0.418305 -0.811303 0.408422
vn -0.154526 0.962511 0.222924
vn -0.415444 0.747134 0.518843
vn -0.062593 -0.997849 -0.019459
vn -0.133970 -0.989148 0.060319
vn 0.712330 -0.689193 0.132661
vn 0.097933 -0.981236 0.166088
vn 0.895837 -0.443858 -0.021582
vn 0.382896 -0.909020 0.164539
vn -0.742812 0.668305 -0.039972
vn -0.943014 0.164089 -0.289482
vn 0.057798 0.998272 0.010642
vn -0.695342 0.646343 -0.314231
vn -0.833893 -0.390127 -0.390415
vn -0.410828 -0.883193 -0.226255
vn -0.990968 -0.026526 -0.131447
vn -0.833893 -0.390127 -0.390415
vn 0.395852 -0.901041 -0.177274
vn 0.180686 -0.975134 -0.128323
vn 0.395852 -0.901041 -0.177274
vn 0.739896 -0.653066 -0.161425
vn 0.033956 -0.999015 -0.028561
vn 0.062068 -0.998035 -0.008528
vn 0.041403 -0.988754 -0.143707
vn 0.365958 -0.927061 -0.081443
vn 0.831766 -0.547843 -0.089625
vn 0.999635 0.017880 -0.020240
vn 0.979005 0.199774 -0.040495
vn 0.693292 0.720591 0.009792
vn 0.572167 0.820113 0.006205
vn -0.003760 0.999870 0.015681
vn -0.003575 0.999824 0.018393
vn -0.682390 0.730914 0.010438
vn -0.994756 -0.098962 -0.025814
vn -0.926816 -0.375007 -0.019522
vn -0.994756 -0.098962 -0.025814
vn -0.821616 -0.568324 0.044224
vn -0.677927 0.734853 0.020143
vn -0.971749 0.235803 0.010079
vn 0.028141 -0.999601 0.002359
vn 0.329202 -0.940322 0.086148
vn 0.810141 -0.584408 0.046255
vn 0.994880 -0.090797 0.044383
vn 0.982229 0.187394 0.010419
vn 0.732884 0.679601 -0.031977
vn 0.695898 0.717905 -0.018370
vn 0.004723 0.997210 -0.074492
vn -0.003575 0.999824 0.018393
vn 0.602462 0.797815 0.023040
vn 0.690923 0.722799 0.013695
vn 0.977194 0.212348 -0.000329
vn -0.884261 0.000000 0.466993
vn -0.818198 0.000000 0.574937
vn -0.000551 -0.999887 0.015042
vn 0.414886 -0.909075 0.038103
vn 0.754785 -0.652557 0.066850
vn 0.979380 -0.193621 0.057679
vn 0.968865 0.246888 0.018641
vn 0.723201 0.689593 0.037971
vn 0.645864 0.763084 -0.023720
vn -0.010967 0.999797 0.016901
vn 0.058151 0.998110 0.019881
vn -0.732227 0.680882 0.015585
vn 0.924902 -0.369966 -0.087641
vn 0.997219 0.070552 -0.024031
vn -0.025700 -0.998433 0.049710
vn 0.337885 -0.935154 0.106398
vn 0.798622 -0.597492 0.072147
vn 0.974356 -0.175951 0.140255
vn 0.978020 0.193660 0.077276
vn 0.800218 0.578977 0.156324
vn 0.723201 0.689593 0.037971
vn 0.067649 0.986325 0.150289
vn -0.999062 -0.043266 0.002022
vn -0.986424 0.164104 -0.006179
vn 0.690923 0.722799 0.013695
vn -0.003784 0.999981 0.004935
vn 0.998182 -0.059818 -0.007430
vn 0.895837 -0.443858 -0.021582
vn 0.998182 -0.059818 -0.007430
vn 0.942563 -0.332583 -0.031028
vn 0.382896 -0.909020 0.164539
vn 0.060975 -0.996781 0.052057
vn 0.868362 -0.399040 0.294473
vn 0.508202 -0.844563 0.168653
vn -0.014194 0.876035 0.482039
vn 0.649355 0.652983 0.389809
vn 0.656160 0.630555 0.414555
vn 0.948108 0.162897 0.273050
vn 0.718554 -0.630635 0.293223
vn 0.903332 -0.276157 0.328220
vn 0.693292 0.720591 0.009792
vn 0.058151 0.998110 0.019881
vn 0.999635 0.017880 -0.020240
vn 0.786747 0.617083 0.015392
vn 0.999635 0.017880 -0.020240
vn 0.734912 -0.668772 -0.112465
vn 0.002778 -0.997221 -0.074448
vn 0.180686 -0.975134 -0.128323
vn -0.032323 -0.995116 0.093274
vn 0.071451 -0.987419 0.141060
vn -0.774098 -0.585868 0.239857
vn -0.971210 -0.167037 0.169850
vn -0.130047 -0.968523 0.212251
vn -0.270640 -0.956872 0.105590
vn 0.067649 0.986325 0.150289
vn -0.740614 0.614591 0.271604
vn -0.002784 0.999272 -0.038041
vn 0.681364 0.731929 0.004854
vn 0.695898 0.717905 -0.018370
vn 0.974275 0.225318 0.004548
vn 0.982229 0.187394 0.010419
vn 0.998182 -0.059818 -0.007430
vn 0.810141 -0.584408 0.046255
vn 0.202045 -0.979351 0.006976
vn 0.079343 0.778793 0.622243
vn 0.656160 0.630555 0.414555
vn 0.647097 0.504299 0.571794
vn 0.914995 0.194518 0.353477
vn -0.742812 0.668305 -0.039972
vn -0.124611 0.992024 0.018975
vn -0.996318 0.074935 -0.041659
vn -0.742812 0.668305 -0.039972
vn 0.741661 -0.621934 0.251271
vn 0.941791 -0.220670 0.253641
vn -0.964009 0.223806 0.143517
vn -0.740614 0.614591 0.271604
vn 0.948987 0.210827 0.234468
vn 0.649355 0.652983 0.389809
vn -0.971210 -0.167037 0.169850
vn -0.964773 0.149481 0.216490
vn 0.612891 0.718563 0.328682
vn 0.019869 0.858752 0.512005
vn -0.270640 -0.956872 0.105590
vn -0.774098 -0.585868 0.239857
vn 0.846946 0.036016 0.530458
vn 0.903332 -0.276157 0.328220
vn 0.440099 -0.897561 0.026410
vn 0.508202 -0.844563 0.168653
vn 0.571860 -0.759465 0.310144
vn 0.419819 -0.861300 0.286207
vn 0.793837 -0.585239 0.165282
vn 0.964028 -0.164274 0.208958
vn -0.990968 -0.026526 -0.131447
vn -0.843223 -0.527549 -0.103283
vn 0.071451 -0.987419 0.141060
vn 0.381488 -0.895672 0.228558
vn 0.977194 0.212348 -0.000329
vn 0.786747 0.617083 0.015392
vn 0.602462 0.797815 0.023040
vn 0.058151 0.998110 0.019881
vn -0.005014 -0.999873 -0.015159
vn 0.097933 -0.981236 0.166088
vn 0.810141 -0.584408 0.046255
vn 0.329202 -0.940322 0.086148
vn 0.754785 -0.652557 0.066850
vn 0.414886 -0.909075 0.038103
vn 0.798622 -0.597492 0.072147
vn 0.337885 -0.935154 0.106398
vn -0.009921 -0.999693 0.022694
vn 0.060975 -0.996781 0.052057
vn 0.067649 0.986325 0.150289
vn 0.612891 0.718563 0.328682
vn 0.028141 -0.999601 0.002359
vn 0.202045 -0.979351 0.006976
vn 0.741661 -0.621934 0.251271
vn 0.419819 -0.861300 0.286207
vn 0.800218 0.578977 0.156324
vn 0.948987 0.210827 0.234468
vn -0.350159 -0.926098 -0.140469
vn -0.711981 -0.673301 -0.199374
vn 0.067958 -0.973772 -0.217141
vn -0.350159 -0.926098 -0.140469
vn 0.067958 -0.973772 -0.217141
vn 0.335451 -0.928576 -0.158804
vn 0.572167 0.820113 0.006205
vn 0.057798 0.998272 0.010642
vn 0.979005 0.199774 -0.040495
vn 0.794750 0.604968 -0.048840
vn 0.571860 -0.759465 0.310144
vn 0.707600 -0.567590 0.420886
vn 0.074463 -0.967170 0.242977
vn 0.289803 -0.957041 -0.009332
vn 0.681364 0.731929 0.004854
vn 0.961636 0.274320 0.002350
vn 0.982229 0.187394 0.010419
vn 0.994880 -0.090797 0.044383
vn 0.968865 0.246888 0.018641
vn 0.979380 -0.193621 0.057679
vn 0.978020 0.193660 0.077276
vn 0.974356 -0.175951 0.140255
vn 0.996657 -0.081318 -0.007912
vn 0.974275 0.225318 0.004548
vn 0.948108 0.162897 0.273050
vn 0.903332 -0.276157 0.328220
vn 0.977700 0.141863 0.154849
vn 0.964028 -0.164274 0.208958
vn 0.810141 -0.584408 0.046255
vn 0.998182 -0.059818 -0.007430
vn 0.948987 0.210827 0.234468
vn 0.941791 -0.220670 0.253641
vn 0.793837 -0.585239 0.165282
vn 0.381488 -0.895672 0.228558
vn 0.606400 -0.610391 0.509610
vn 0.903332 -0.276157 0.328220
vn -0.410828 -0.883193 -0.226255
vn 0.015244 -0.833866 -0.551757
vn 0.515380 -0.727793 -0.452439
vn 0.067958 -0.973772 -0.217141
vn 0.954628 0.081960 -0.286302
vn 0.794750 0.604968 -0.048840
vn 0.766054 0.572103 -0.293019
vn 0.057798 0.998272 0.010642
vn 0.831766 -0.547843 -0.089625
vn 0.990968 -0.026526 -0.131447
vn 0.996512 0.029055 -0.078222
vn 0.991341 0.090882 -0.094782
vn 0.948102 0.286139 -0.138662
vn 0.970962 0.207508 -0.119048
vn 0.736317 -0.646112 -0.200940
vn 0.515380 -0.727793 -0.452439
vn 0.033956 -0.999015 -0.028561
vn 0.180686 -0.975134 -0.128323
vn 0.395852 -0.901041 -0.177274
vn 0.062068 -0.998035 -0.008528
vn 0.831766 -0.547843 -0.089625
vn 0.365958 -0.927061 -0.081443
vn 0.734912 -0.668772 -0.112465
vn 0.365958 -0.927061 -0.081443
vn 0.983369 -0.172092 0.058045
vn 0.981368 0.190694 0.023491
vn 0.335451 -0.928576 -0.158804
vn 0.736317 -0.646112 -0.200940
vn 0.902338 -0.279629 -0.328016
vn 0.990968 -0.026526 -0.131447
vn 0.968865 0.246888 0.018641
vn 0.732884 0.679601 -0.031977
vn 0.515380 -0.727793 -0.452439
vn 0.783862 -0.282231 -0.553088
vn 0.112484 0.900914 -0.419168
vn 0.601356 0.569021 -0.560879
vn 0.766054 0.572103 -0.293019
vn 0.881058 0.128148 -0.455318
vn 0.954628 0.081960 -0.286302
vn 0.783862 -0.282231 -0.553088
vn 0.015244 -0.833866 -0.551757
vn 0.313081 -0.574615 -0.756173
vn 0.385322 -0.922434 0.025324
vn 0.037617 -0.998875 0.028860
vn 0.983369 -0.172092 0.058045
vn 0.808563 -0.573971 0.129548
vn 0.754785 -0.652557 0.066850
vn 0.329202 -0.940322 0.086148
vn 0.001612 0.999093 -0.042542
vn 0.732884 0.679601 -0.031977
vn -0.790700 -0.609206 -0.060509
vn -0.906114 -0.406590 -0.116803
vn 0.000000 0.999170 -0.040747
vn 0.000000 0.991582 -0.129482
vn -0.002291 0.000000 -0.999997
vn 0.001313 0.000000 -0.999999
vn -0.347776 -0.926445 0.144053
vn -0.145897 -0.985117 0.090878
vn -0.439386 -0.897988 0.023617
vn -0.821616 -0.568324 0.044224
vn -0.862154 -0.506294 -0.018859
vn -0.772247 -0.635206 0.012140
vn -0.902451 -0.428699 -0.042423
vn -0.918185 -0.396144 -0.002598
vn 0.815420 -0.578682 -0.014776
vn 0.720887 -0.692933 0.012851
vn -0.621664 -0.766047 -0.163419
vn -0.106419 -0.989205 -0.100742
vn 0.000000 0.991582 -0.129482
vn 0.000000 0.999170 -0.040747
vn -0.419849 -0.874757 -0.241925
vn -0.906114 -0.406590 -0.116803
vn -0.005360 -0.998251 0.058881
vn -0.106419 -0.989205 -0.100742
vn 0.002778 -0.997221 -0.074448
vn -0.350159 -0.926098 -0.140469
vn -0.787021 -0.613959 -0.060427
vn -0.996318 0.074935 -0.041659
vn -0.990993 0.133459 -0.011027
vn -0.737337 0.675517 0.003457
vn -0.695589 0.718394 0.008162
vn -0.124611 0.992024 0.018975
vn -0.648631 -0.760061 -0.039811
vn -0.918873 -0.394012 -0.020639
vn 0.000013 -0.998631 -0.052316
vn -0.324303 -0.944658 -0.049487
vn -0.998628 0.052300 0.002739
vn -0.962636 -0.270428 -0.014166
vn 0.037617 -0.998875 0.028860
vn -0.230975 -0.972490 0.030214
vn -0.767177 -0.631671 0.111492
vn -0.998045 -0.058670 0.021523
vn -0.965649 0.259601 0.011373
vn -0.698163 0.715833 -0.012270
vn -0.644699 0.762968 -0.047348
vn -0.002784 0.999272 -0.038041
vn -0.087563 0.995986 0.018547
vn -0.677927 0.734853 0.020143
vn -0.732227 0.680882 0.015585
vn -0.986424 0.164104 -0.006179
vn -0.025700 -0.998433 0.049710
vn -0.429199 -0.902076 0.045233
vn -0.799362 -0.599124 0.045519
vn -0.979918 -0.195220 0.040620
vn -0.978785 0.199418 0.047045
vn -0.740706 0.671537 -0.019794
vn -0.720556 0.692056 0.043107
vn 0.001612 0.999093 -0.042542
vn 0.000000 0.990377 -0.138397
vn 0.000000 0.980967 -0.194173
vn -0.001313 -0.000000 -0.999999
vn 0.002291 0.000000 -0.999997
vn -0.884261 0.000000 0.466993
vn -0.794130 0.000000 0.607748
vn -0.032323 -0.995116 0.093274
vn -0.385160 -0.920852 0.060685
vn -0.797770 -0.589861 0.125003
vn -0.979931 -0.183719 0.077343
vn -0.964009 0.223806 0.143517
vn -0.720556 0.692056 0.043107
vn -0.672152 0.728012 0.134945
vn -0.010967 0.999797 0.016901
vn -0.897969 0.439456 0.023016
vn -0.966859 0.254960 0.013353
vn -0.752654 0.437576 -0.491976
vn -0.943014 0.164089 -0.289482
vn -0.189575 0.757756 -0.624393
vn -0.695342 0.646343 -0.314231
vn -0.439386 -0.897988 0.023617
vn -0.058539 -0.996237 0.063917
vn -0.671179 -0.641095 0.372176
vn 0.074463 -0.967170 0.242977
vn 0.019869 0.858752 0.512005
vn -0.642804 0.632768 0.431749
vn -0.660479 0.631413 0.406307
vn -0.938956 0.099906 0.329213
vn -0.686468 -0.669971 0.282667
vn -0.932370 -0.257092 0.254147
vn -0.638437 0.769468 0.017805
vn -0.003760 0.999870 0.015681
vn -0.993629 0.110685 -0.021212
vn -0.695589 0.718394 0.008162
vn -0.787021 -0.613959 -0.060427
vn -0.993629 0.110685 -0.021212
vn -0.038924 -0.995753 -0.083426
vn -0.350307 -0.934820 -0.058283
vn -0.018457 -0.999826 0.002812
vn -0.270640 -0.956872 0.105590
vn 0.818198 0.000000 0.574937
vn 0.238311 0.000000 0.971189
vn 0.991432 -0.027166 -0.127771
vn 0.561738 0.783481 -0.265721
vn 0.122843 0.000000 0.992426
vn 0.011877 0.000000 0.999929
vn -0.003784 0.999981 0.004935
vn -0.698163 0.715833 -0.012270
vn -0.682390 0.730914 0.010438
vn -0.961571 0.274454 0.007503
vn -0.971749 0.235803 0.010079
vn -0.998045 -0.058670 0.021523
vn -0.821616 -0.568324 0.044224
vn -0.230975 -0.972490 0.030214
vn -0.014194 0.876035 0.482039
vn -0.549587 0.602976 0.578250
vn -0.642804 0.632768 0.431749
vn -0.838680 0.133367 0.528042
vn 0.907678 -0.418973 -0.024144
vn 0.913961 -0.404223 -0.035769
vn -0.662631 -0.686197 0.300090
vn -0.953242 -0.191097 0.234117
vn -0.946317 0.174657 0.271992
vn -0.740614 0.614591 0.271604
vn 0.016480 -0.000000 0.999864
vn 0.007029 0.000000 0.999975
vn -0.660479 0.631413 0.406307
vn -0.079652 0.905868 0.416002
vn 0.794130 0.000000 0.607748
vn 0.884261 0.000000 0.466993
vn -0.938956 0.099906 0.329213
vn -0.828925 -0.291592 0.477345
vn -0.394532 -0.918603 -0.022639
vn -0.686468 -0.669971 0.282667
vn -0.662631 -0.686197 0.300090
vn -0.360615 -0.866584 0.344947
vn -0.007029 0.000000 0.999975
vn -0.016480 0.000000 0.999864
vn 0.991432 -0.027166 -0.127771
vn 0.755409 -0.613956 -0.228943
vn 0.953494 0.000000 -0.301413
vn 0.952301 0.000000 0.305161
vn -0.211519 0.000000 -0.977374
vn -0.009498 0.000000 -0.999955
vn -0.952301 0.000000 0.305161
vn -0.953494 0.000000 -0.301413
vn -0.795919 0.000000 -0.605403
vn -0.404641 0.000000 -0.914476
vn -0.145897 -0.985117 0.090878
vn -0.009921 -0.999693 0.022694
vn -0.230975 -0.972490 0.030214
vn -0.767177 -0.631671 0.111492
vn -0.429199 -0.902076 0.045233
vn -0.799362 -0.599124 0.045519
vn -0.385160 -0.920852 0.060685
vn -0.797770 -0.589861 0.125003
vn -0.058539 -0.996237 0.063917
vn 0.010893 -0.998976 0.043902
vn -0.413695 0.897637 -0.152000
vn -0.413695 0.897637 -0.152000
vn -0.011877 0.000000 0.999929
vn -0.122843 0.000000 0.992426
vn -0.230975 -0.972490 0.030214
vn -0.005014 -0.999873 -0.015159
vn -0.383177 -0.889117 0.250292
vn -0.662631 -0.686197 0.300090
vn 0.404641 0.000000 -0.914476
vn 0.795919 0.000000 -0.605403
vn -0.868089 -0.493689 -0.051889
vn -0.744635 -0.664668 0.061107
vn -0.960872 -0.265116 -0.080236
vn -0.956181 -0.289269 -0.045184
vn 0.923725 -0.382235 -0.025075
vn 0.934082 -0.355393 -0.034437
vn -0.332833 -0.926835 0.173778
vn -0.535542 -0.663334 0.522669
vn -0.332833 -0.926835 0.173778
vn -0.037802 -0.993584 0.106595
vn -0.833893 -0.390127 -0.390415
vn -0.480021 -0.552044 -0.681782
vn -0.998045 -0.058670 0.021523
vn -0.965649 0.259601 0.011373
vn -0.979918 -0.195220 0.040620
vn -0.978785 0.199418 0.047045
vn -0.979931 -0.183719 0.077343
vn -0.964009 0.223806 0.143517
vn -0.740706 0.671537 -0.019794
vn -0.965649 0.259601 0.011373
vn -0.932370 -0.257092 0.254147
vn -0.938956 0.099906 0.329213
vn -0.238311 0.000000 0.971189
vn -0.818198 0.000000 0.574937
vn -0.998045 -0.058670 0.021523
vn -0.821616 -0.568324 0.044224
vn -0.953242 -0.191097 0.234117
vn -0.946317 0.174657 0.271992
vn 0.009498 0.000000 -0.999955
vn 0.211519 0.000000 -0.977374
vn -0.828925 -0.291592 0.477345
vn -0.686468 -0.669971 0.282667
vn 0.927481 -0.371258 -0.044112
vn 0.913221 -0.344828 -0.217074
vn -0.800966 -0.598234 -0.023858
vn -0.796452 -0.588259 0.140056
vn -0.984978 0.134784 -0.107939
vn -0.996153 0.035200 -0.080257
vn -0.974886 0.191998 -0.112848
vn -0.952306 0.274687 -0.132889
vn -0.106419 -0.989205 -0.100742
vn -0.038924 -0.995753 -0.083426
vn -0.106419 -0.989205 -0.100742
vn -0.419849 -0.874757 -0.241925
vn -0.350159 -0.926098 -0.140469
vn -0.787021 -0.613959 -0.060427
vn -0.787021 -0.613959 -0.060427
vn -0.283822 -0.950469 -0.126703
vn -0.985532 0.165811 0.035118
vn -0.987853 -0.144002 0.058386
vn 0.910624 -0.412628 -0.022421
vn 0.893670 -0.446286 -0.046726
vn -0.911565 -0.344914 -0.223791
vn -0.921739 -0.386954 -0.025784
vn 0.924914 -0.378865 -0.031539
vn 0.913221 -0.344828 -0.217074
vn 0.836376 -0.521199 0.169784
vn 0.846602 -0.532200 0.005384
vn -0.798393 -0.601191 -0.033742
vn -0.854155 -0.518576 -0.038719
vn -0.911565 -0.344914 -0.223791
vn -0.925295 -0.376855 -0.042530
vn 0.924914 -0.378865 -0.031539
vn 0.913221 -0.344828 -0.217074
vn 0.836376 -0.521199 0.169784
vn 0.846602 -0.532200 0.005384
vn -0.911565 -0.344914 -0.223791
vn -0.925295 -0.376855 -0.042530
vn -0.798393 -0.601191 -0.033742
vn -0.854155 -0.518576 -0.038719
vn 0.910638 -0.412601 -0.022339
vn 0.893687 -0.446256 -0.046683
vn 0.752110 -0.658873 0.014708
vn 0.846370 -0.532447 -0.012579
vn -0.902419 -0.428761 -0.042474
vn -0.918662 -0.394503 -0.020665
vn -0.910599 -0.411893 -0.033981
vn -0.907455 -0.419177 -0.028579
vn 0.936478 -0.339926 -0.086367
vn 0.940326 -0.318912 -0.118666
vn 0.710715 -0.700597 0.063619
vn 0.861010 -0.508174 -0.020539
vn -0.754339 -0.614730 -0.230388
vn -0.886084 -0.463314 -0.013950
vn -0.895574 -0.443689 -0.032969
vn -0.895528 -0.444483 -0.021572
vn -0.911565 -0.344914 -0.223791
vn -0.921739 -0.386954 -0.025784
vn -0.800966 -0.598234 -0.023858
vn -0.796452 -0.588259 0.140056
vn 0.815420 -0.578682 -0.014776
vn 0.720887 -0.692933 0.012851
vn 0.927481 -0.371258 -0.044112
vn 0.913221 -0.344828 -0.217074
vn 0.000000 -0.867604 0.497255
vn 0.000000 -0.994186 0.107677
vn 0.000000 -0.409627 0.912253
vn 0.000000 -0.741022 0.671480
vn 0.000000 -0.994186 -0.107677
vn 0.000000 -0.867604 -0.497255
vn 1.000000 0.000000 0.000000
vn 1.000000 0.000000 0.000000
vn 0.000000 0.204814 0.978801
vn 0.000000 -0.204814 0.978801
vn 1.000000 0.000000 0.000000
vn 1.000000 0.000000 0.000000
vn 1.000000 0.000000 0.000000
vn 1.000000 0.000000 -0.000000
vn 0.000000 -0.741022 -0.671480
vn 0.000000 -0.409627 -0.912253
vn 0.000000 0.867604 -0.497255
vn 0.000000 0.994186 -0.107677
vn 0.000000 0.741022 0.671480
vn 0.000000 0.409627 0.912253
vn 1.000000 0.000000 0.000000
vn 1.000000 0.000000 0.000000
vn 0.000000 0.409627 -0.912253
vn 0.000000 0.741022 -0.671480
vn 0.000000 0.994186 0.107677
vn 0.000000 0.867604 0.497255
vn 0.999639 -0.016333 0.021329
vn 0.954830 -0.275161 -0.112192
vn -0.999284 0.037106 0.007366
vn -0.959985 -0.240199 -0.143993
vn -0.946726 -0.309973 -0.087331
vn -0.960555 -0.267474 -0.076103
vn 0.954830 -0.275161 -0.112192
vn 0.948279 -0.304419 -0.089980
vn 0.000000 0.000000 -1.000000
vn 0.000000 0.000000 -1.000000
vn -0.978099 -0.134711 -0.158669
vn -0.704120 -0.705493 -0.080588
vn -0.994614 -0.005245 0.103512
vn -0.768457 -0.598297 0.226967
vn 0.977206 0.124927 0.171645
vn 0.788714 0.589301 0.175082
vn 0.000000 0.000000 -1.000000
vn 0.000000 0.000000 -1.000000
vn -0.594806 -0.784936 -0.173437
vn 0.000800 -0.996974 -0.077727
vn -0.700527 -0.704764 0.112114
vn -0.131842 -0.968480 0.211341
vn 0.598378 0.780880 0.179361
vn 0.136030 0.974114 0.180548
vn 0.000000 0.000000 -1.000000
vn 0.000000 0.000000 -1.000000
vn 0.134555 -0.974980 -0.176946
vn 0.705120 -0.703763 -0.086741
vn -0.002372 -0.992944 0.118563
vn 0.581647 -0.784661 0.214461
vn -0.135296 0.974218 0.180537
vn -0.597047 0.782027 0.178799
vn 0.000000 0.000000 -1.000000
vn 0.000000 0.000000 -1.000000
vn 0.786083 -0.595049 -0.167302
vn 0.994963 0.001181 -0.100234
vn 0.697132 -0.707349 0.116900
vn 0.960407 -0.148847 0.235504
vn -0.789161 0.588875 0.174502
vn -0.977113 0.126698 0.170874
vn 0.000000 0.000000 -1.000000
vn 0.000000 0.000000 -1.000000
vn 0.979375 0.135650 -0.149748
vn 0.702384 0.703361 -0.109272
vn 0.993913 -0.008490 0.109842
vn 0.776709 0.572023 0.263652
vn -0.975542 -0.145115 0.165102
vn -0.781736 -0.602287 0.161679
vn 0.000000 0.000000 -1.000000
vn 0.000000 0.000000 -1.000000
vn 0.598035 0.790119 -0.134410
vn 0.000099 0.993862 -0.110627
vn 0.707460 0.699116 0.103621
vn 0.133213 0.950294 0.281417
vn -0.590499 -0.791458 0.157816
vn -0.132965 -0.978673 0.156590
vn 0.000000 0.000000 -1.000000
vn 0.000000 0.000000 -1.000000
vn -0.135574 0.982112 -0.130672
vn -0.703175 0.703295 -0.104503
vn 0.001185 0.994970 0.100169
vn -0.588440 0.759615 0.276988
vn 0.133560 -0.978588 0.156614
vn 0.591676 -0.790476 0.158322
vn 0.000000 0.000000 -1.000000
vn 0.000000 0.000000 -1.000000
vn -0.789061 0.597941 -0.140885
vn -0.995711 -0.000657 -0.092516
vn -0.705951 0.701244 0.099447
vn -0.960304 0.115745 0.253809
vn 0.781201 -0.602836 0.162216
vn 0.975639 -0.143580 0.165872
vn -0.700527 -0.704764 0.112114
vn -0.995711 -0.000657 -0.092516
vn -0.002372 -0.992944 0.118563
vn -0.704120 -0.705493 -0.080588
vn 0.697132 -0.707349 0.116900
vn 0.000800 -0.996974 -0.077727
vn 0.993913 -0.008490 0.109842
vn 0.705120 -0.703763 -0.086741
vn 0.707460 0.699116 0.103621
vn 0.994963 0.001181 -0.100234
vn 0.001185 0.994970 0.100169
vn 0.702384 0.703361 -0.109272
vn -0.705951 0.701244 0.099447
vn 0.000099 0.993862 -0.110627
vn -0.994614 -0.005245 0.103512
vn -0.703175 0.703295 -0.104503
vn -0.797187 -0.603732 0.001099
vn -0.996093 -0.001250 -0.088299
vn -0.990172 0.136581 -0.030086
vn -0.703109 0.701036 -0.119106
vn -0.602902 0.795717 -0.057831
vn -0.001018 0.991296 -0.131645
vn 0.136476 0.988446 -0.065940
vn 0.701849 0.702358 -0.118751
vn 0.796314 0.602837 -0.049713
vn 0.996143 0.000075 -0.087749
vn 0.990413 -0.136881 -0.018569
vn 0.706072 -0.705869 -0.056669
vn 0.603738 -0.797129 0.009250
vn 0.000319 -0.999035 -0.043925
vn -0.136753 -0.990452 0.017399
vn -0.705463 -0.706443 -0.057092
vn -0.705463 -0.706443 -0.057092
vn -0.980241 -0.136242 -0.143405
vn -0.996093 -0.001250 -0.088299
vn -0.785055 0.593622 -0.176922
vn -0.703109 0.701036 -0.119106
vn -0.134169 0.971737 -0.194232
vn -0.001018 0.991296 -0.131645
vn 0.593858 0.782866 -0.185615
vn 0.701849 0.702358 -0.118751
vn 0.978614 0.134220 -0.155881
vn 0.996143 0.000075 -0.087749
vn 0.790913 -0.599631 -0.122065
vn 0.706072 -0.705869 -0.056669
vn 0.136029 -0.985208 -0.104222
vn 0.000319 -0.999035 -0.043925
vn -0.599474 -0.792358 -0.113137
vn 0.000000 0.000000 -1.000000
vn 0.000000 0.000000 -1.000000
vn 0.000000 -0.000000 -1.000000
vn 0.000000 -0.000000 -1.000000
vn 0.000000 -0.000000 -1.000000
vn 0.000000 -0.000000 -1.000000
vn -0.000000 -0.000000 -1.000000
vn -0.000000 -0.000000 -1.000000
vn -0.000000 -0.000000 -1.000000
vn -0.000000 -0.000000 -1.000000
vn -0.000000 0.000000 -1.000000
vn -0.000000 0.000000 -1.000000
vn -0.000000 0.000000 -1.000000
vn -0.000000 0.000000 -1.000000
vn 0.000000 0.000000 -1.000000
vn 0.000000 0.000000 -1.000000
vn -0.789626 -0.598030 -0.137298
vn -0.963230 -0.082260 -0.255774
vn -0.981221 0.135478 -0.137298
vn -0.739273 0.622940 -0.255774
vn -0.598030 0.789626 -0.137298
vn -0.082260 0.963230 -0.255774
vn 0.135478 0.981221 -0.137298
vn 0.622940 0.739273 -0.255774
vn 0.789626 0.598030 -0.137298
vn 0.963230 0.082260 -0.255774
vn 0.981221 -0.135478 -0.137298
vn 0.739273 -0.622940 -0.255774
vn 0.598030 -0.789626 -0.137298
vn 0.082260 -0.963230 -0.255774
vn -0.135478 -0.981221 -0.137298
vn -0.622940 -0.739273 -0.255774
vn -0.999167 0.038876 0.012378
vn -0.959006 -0.248042 -0.137049
vn 0.999744 -0.013870 0.017873
vn 0.958549 -0.266229 -0.101520
vn 0.958549 -0.266229 -0.101520
vn 0.941152 -0.330054 -0.072779
vn -0.949282 -0.300386 -0.092910
vn -0.952360 -0.290738 -0.092101
vn 0.000000 0.000000 -1.000000
vn 0.000000 0.000000 -1.000000
vn 0.994647 0.001210 -0.103327
vn 0.785784 -0.594870 -0.169329
vn 0.957206 -0.149239 0.247959
vn 0.696407 -0.707377 0.120974
vn -0.976948 0.126623 0.171869
vn -0.789061 0.588766 0.175321
vn 0.000000 0.000000 -1.000000
vn 0.000000 0.000000 -1.000000
vn 0.704987 -0.703609 -0.089043
vn 0.134488 -0.974926 -0.177293
vn 0.580049 -0.783667 0.222281
vn -0.002628 -0.992802 0.119738
vn -0.596979 0.781933 0.179434
vn -0.135278 0.974194 0.180681
vn 0.000000 0.000000 -1.000000
vn 0.000000 0.000000 -1.000000
vn 0.000778 -0.996968 -0.077815
vn -0.594998 -0.785128 -0.171908
vn -0.132395 -0.968793 0.209550
vn -0.700847 -0.704848 0.109560
vn 0.136050 0.974138 0.180404
vn 0.598439 0.780979 0.178725
vn 0.000000 0.000000 -1.000000
vn 0.000000 0.000000 -1.000000
vn -0.704276 -0.705586 -0.078375
vn -0.978498 -0.134772 -0.156137
vn -0.770806 -0.599033 0.216834
vn -0.995092 -0.005093 0.098825
vn 0.788815 0.589409 0.174265
vn 0.977369 0.125011 0.170650
vn 0.000000 0.000000 -1.000000
vn 0.000000 0.000000 -1.000000
vn -0.995999 -0.000653 -0.089361
vn -0.789314 0.598089 -0.138829
vn -0.963273 0.116965 0.241713
vn -0.706288 0.701460 0.095455
vn 0.975806 -0.143553 0.164912
vn 0.781333 -0.602868 0.161459
vn 0.000000 0.000000 -1.000000
vn 0.000000 0.000000 -1.000000
vn -0.703372 0.703425 -0.102282
vn -0.135624 0.982152 -0.130317
vn -0.589613 0.761275 0.269847
vn 0.000947 0.995080 0.099073
vn 0.591755 -0.790529 0.157763
vn 0.133591 -0.978604 0.156487
vn 0.000000 0.000000 -1.000000
vn 0.000000 0.000000 -1.000000
vn 0.000048 0.993869 -0.110568
vn 0.597877 0.789972 -0.135970
vn 0.132827 0.949863 0.283049
vn 0.707335 0.698896 0.105935
vn -0.132937 -0.978656 0.156717
vn -0.590413 -0.791410 0.158374
vn 0.000000 0.000000 -1.000000
vn 0.000000 0.000000 -1.000000
vn 0.702194 0.703221 -0.111371
vn 0.978989 0.135602 -0.152289
vn 0.774705 0.570207 0.273306
vn 0.993406 -0.009003 0.114291
vn -0.781604 -0.602253 0.162438
vn -0.975374 -0.145151 0.166063
vn 0.704987 -0.703609 -0.089043
vn 0.993406 -0.009003 0.114291
vn 0.000778 -0.996968 -0.077815
vn 0.696407 -0.707377 0.120974
vn -0.704276 -0.705586 -0.078375
vn -0.002628 -0.992802 0.119738
vn -0.995999 -0.000653 -0.089361
vn -0.700847 -0.704848 0.109560
vn -0.703372 0.703425 -0.102282
vn -0.995092 -0.005093 0.098825
vn 0.000048 0.993869 -0.110568
vn -0.706288 0.701460 0.095455
vn 0.702194 0.703221 -0.111371
vn 0.000947 0.995080 0.099073
vn 0.994647 0.001210 -0.103327
vn 0.707335 0.698896 0.105935
vn 0.706072 -0.705869 -0.056669
vn 0.990413 -0.136881 -0.018569
vn 0.996143 0.000075 -0.087749
vn 0.796314 0.602837 -0.049713
vn 0.701849 0.702358 -0.118751
vn 0.136476 0.988446 -0.065940
vn -0.001018 0.991296 -0.131645
vn -0.602902 0.795717 -0.057831
vn -0.703109 0.701036 -0.119106
vn -0.990172 0.136581 -0.030086
vn -0.996093 -0.001250 -0.088299
vn -0.797187 -0.603732 0.001099
vn -0.705463 -0.706443 -0.057092
vn -0.136753 -0.990452 0.017399
vn 0.000319 -0.999035 -0.043925
vn 0.603738 -0.797129 0.009250
vn 0.790913 -0.599631 -0.122065
vn 0.996143 0.000075 -0.087749
vn 0.978614 0.134220 -0.155881
vn 0.701849 0.702358 -0.118751
vn 0.593858 0.782866 -0.185615
vn -0.001018 0.991296 -0.131645
vn -0.134169 0.971737 -0.194232
vn -0.703109 0.701036 -0.119106
vn -0.785055 0.593622 -0.176922
vn -0.996093 -0.001250 -0.088299
vn -0.980241 -0.136242 -0.143405
vn -0.705463 -0.706443 -0.057092
vn -0.599474 -0.792358 -0.113137
vn 0.000319 -0.999035 -0.043925
vn 0.136029 -0.985208 -0.104222
vn 0.706072 -0.705869 -0.056669
vn -0.000000 0.000000 -1.000000
vn -0.000000 0.000000 -1.000000
vn -0.000000 -0.000000 -1.000000
vn -0.000000 -0.000000 -1.000000
vn -0.000000 -0.000000 -1.000000
vn -0.000000 -0.000000 -1.000000
vn 0.000000 -0.000000 -1.000000
vn 0.000000 -0.000000 -1.000000
vn 0.000000 -0.000000 -1.000000
vn 0.000000 -0.000000 -1.000000
vn 0.000000 0.000000 -1.000000
vn 0.000000 0.000000 -1.000000
vn 0.000000 0.000000 -1.000000
vn 0.000000 0.000000 -1.000000
vn -0.000000 0.000000 -1.000000
vn -0.000000 0.000000 -1.000000
vn 0.739273 -0.622940 -0.255774
vn 0.981221 -0.135478 -0.137298
vn 0.963230 0.082260 -0.255774
vn 0.789626 0.598030 -0.137298
vn 0.622940 0.739273 -0.255774
vn 0.135478 0.981221 -0.137298
vn -0.082260 0.963230 -0.255774
vn -0.598030 0.789626 -0.137298
vn -0.739273 0.622940 -0.255774
vn -0.981221 0.135478 -0.137298
vn -0.963230 -0.082260 -0.255774
vn -0.789626 -0.598030 -0.137298
vn -0.622940 -0.739273 -0.255774
vn -0.135478 -0.981221 -0.137298
vn 0.082260 -0.963230 -0.255774
vn 0.598030 -0.789626 -0.137298
vn 0.999681 -0.014642 0.020600
vn 0.956566 -0.263061 -0.125621
vn -0.999283 0.037252 0.006688
vn -0.962382 -0.227859 -0.147992
vn -0.944709 -0.307558 -0.113725
vn -0.961095 -0.259938 -0.093428
vn 0.956566 -0.263061 -0.125621
vn 0.945682 -0.302017 -0.120296
vn 0.000000 0.000000 -1.000000
vn 0.000000 0.000000 -1.000000
vn -0.978099 -0.134711 -0.158669
vn -0.704120 -0.705493 -0.080588
vn -0.994614 -0.005245 0.103512
vn -0.768457 -0.598297 0.226967
vn 0.977206 0.124927 0.171645
vn 0.788714 0.589301 0.175082
vn 0.000000 0.000000 -1.000000
vn 0.000000 0.000000 -1.000000
vn -0.594806 -0.784936 -0.173437
vn 0.000800 -0.996974 -0.077727
vn -0.700527 -0.704764 0.112114
vn -0.131842 -0.968480 0.211341
vn 0.598378 0.780880 0.179361
vn 0.136030 0.974114 0.180548
vn 0.000000 0.000000 -1.000000
vn 0.000000 0.000000 -1.000000
vn 0.134555 -0.974980 -0.176946
vn 0.705120 -0.703763 -0.086741
vn -0.002372 -0.992944 0.118563
vn 0.581647 -0.784661 0.214461
vn -0.135296 0.974218 0.180537
vn -0.597047 0.782027 0.178799
vn 0.000000 0.000000 -1.000000
vn 0.000000 0.000000 -1.000000
vn 0.786083 -0.595049 -0.167302
vn 0.994963 0.001181 -0.100234
vn 0.697132 -0.707349 0.116900
vn 0.960407 -0.148847 0.235504
vn -0.789161 0.588875 0.174502
vn -0.977113 0.126698 0.170874
vn 0.000000 0.000000 -1.000000
vn 0.000000 0.000000 -1.000000
vn 0.979375 0.135650 -0.149748
vn 0.702384 0.703361 -0.109272
vn 0.993913 -0.008490 0.109842
vn 0.776709 0.572023 0.263652
vn -0.975542 -0.145115 0.165102
vn -0.781736 -0.602287 0.161679
vn 0.000000 0.000000 -1.000000
vn 0.000000 0.000000 -1.000000
vn 0.598035 0.790119 -0.134410
vn 0.000099 0.993862 -0.110627
vn 0.707460 0.699116 0.103621
vn 0.133213 0.950294 0.281417
vn -0.590499 -0.791458 0.157816
vn -0.132965 -0.978673 0.156590
vn 0.000000 0.000000 -1.000000
vn 0.000000 0.000000 -1.000000
vn -0.135574 0.982112 -0.130672
vn -0.703175 0.703295 -0.104503
vn 0.001185 0.994970 0.100169
vn -0.588440 0.759615 0.276988
vn 0.133560 -0.978588 0.156614
vn 0.591676 -0.790476 0.158322
vn 0.000000 0.000000 -1.000000
vn 0.000000 0.000000 -1.000000
vn -0.789061 0.597941 -0.140885
vn -0.995711 -0.000657 -0.092516
vn -0.705951 0.701244 0.099447
vn -0.960304 0.115745 0.253809
vn 0.781201 -0.602836 0.162216
vn 0.975639 -0.143580 0.165872
vn -0.700527 -0.704764 0.112114
vn -0.995711 -0.000657 -0.092516
vn -0.002372 -0.992944 0.118563
vn -0.704120 -0.705493 -0.080588
vn 0.697132 -0.707349 0.116900
vn 0.000800 -0.996974 -0.077727
vn 0.993913 -0.008490 0.109842
vn 0.705120 -0.703763 -0.086741
vn 0.707460 0.699116 0.103621
vn 0.994963 0.001181 -0.100234
vn 0.001185 0.994970 0.100169
vn 0.702384 0.703361 -0.109272
vn -0.705951 0.701244 0.099447
vn 0.000099 0.993862 -0.110627
vn -0.994614 -0.005245 0.103512
vn -0.703175 0.703295 -0.104503
vn -0.797187 -0.603732 0.001099
vn -0.996093 -0.001250 -0.088299
vn -0.990172 0.136581 -0.030086
vn -0.703109 0.701036 -0.119106
vn -0.602902 0.795717 -0.057831
vn -0.001018 0.991296 -0.131645
vn 0.136476 0.988446 -0.065940
vn 0.701849 0.702358 -0.118751
vn 0.796314 0.602837 -0.049713
vn 0.996143 0.000075 -0.087749
vn 0.990413 -0.136881 -0.018569
vn 0.706072 -0.705869 -0.056669
vn 0.603738 -0.797129 0.009250
vn 0.000319 -0.999035 -0.043925
vn -0.136753 -0.990452 0.017399
vn -0.705463 -0.706443 -0.057092
vn -0.705463 -0.706443 -0.057092
vn -0.980241 -0.136242 -0.143405
vn -0.996093 -0.001250 -0.088299
vn -0.785055 0.593622 -0.176922
vn -0.703109 0.701036 -0.119106
vn -0.134169 0.971737 -0.194232
vn -0.001018 0.991296 -0.131645
vn 0.593858 0.782866 -0.185615
vn 0.701849 0.702358 -0.118751
vn 0.978614 0.134220 -0.155881
vn 0.996143 0.000075 -0.087749
vn 0.790913 -0.599631 -0.122065
vn 0.706072 -0.705869 -0.056669
vn 0.136029 -0.985208 -0.104222
vn 0.000319 -0.999035 -0.043925
vn -0.599474 -0.792358 -0.113137
vn 0.000000 0.000000 -1.000000
vn 0.000000 0.000000 -1.000000
vn 0.000000 -0.000000 -1.000000
vn 0.000000 -0.000000 -1.000000
vn 0.000000 -0.000000 -1.000000
vn 0.000000 -0.000000 -1.000000
vn -0.000000 -0.000000 -1.000000
vn -0.000000 -0.000000 -1.000000
vn -0.000000 -0.000000 -1.000000
vn -0.000000 -0.000000 -1.000000
vn -0.000000 0.000000 -1.000000
vn -0.000000 0.000000 -1.000000
vn -0.000000 0.000000 -1.000000
vn -0.000000 0.000000 -1.000000
vn 0.000000 0.000000 -1.000000
vn 0.000000 0.000000 -1.000000
vn -0.789626 -0.598030 -0.137298
vn -0.962886 -0.082273 -0.257063
vn -0.981221 0.135478 -0.137298
vn -0.739039 0.622687 -0.257063
vn -0.598030 0.789626 -0.137298
vn -0.082273 0.962886 -0.257063
vn 0.135478 0.981221 -0.137298
vn 0.622687 0.739039 -0.257063
vn 0.789626 0.598030 -0.137298
vn 0.962886 0.082273 -0.257063
vn 0.981221 -0.135478 -0.137298
vn 0.739039 -0.622687 -0.257063
vn 0.598030 -0.789626 -0.137298
vn 0.082273 -0.962886 -0.257063
vn -0.135478 -0.981221 -0.137298
vn -0.622687 -0.739039 -0.257063
vn -0.999170 0.038938 0.011955
vn -0.961664 -0.235204 -0.141000
vn 0.999777 -0.012581 0.016976
vn 0.960259 -0.256357 -0.110380
vn 0.960259 -0.256357 -0.110380
vn 0.939426 -0.329355 -0.094895
vn -0.946400 -0.298573 -0.123215
vn -0.952534 -0.282251 -0.114079
vn 0.000000 0.000000 -1.000000
vn 0.000000 0.000000 -1.000000
vn 0.994647 0.001210 -0.103327
vn 0.785784 -0.594870 -0.169329
vn 0.957206 -0.149239 0.247959
vn 0.696407 -0.707377 0.120974
vn -0.976948 0.126623 0.171869
vn -0.789061 0.588766 0.175321
vn 0.000000 0.000000 -1.000000
vn 0.000000 0.000000 -1.000000
vn 0.704987 -0.703609 -0.089043
vn 0.134488 -0.974926 -0.177293
vn 0.580049 -0.783667 0.222281
vn -0.002628 -0.992802 0.119738
vn -0.596979 0.781933 0.179434
vn -0.135278 0.974194 0.180681
vn 0.000000 0.000000 -1.000000
vn 0.000000 0.000000 -1.000000
vn 0.000778 -0.996968 -0.077815
vn -0.594998 -0.785128 -0.171908
vn -0.132395 -0.968793 0.209550
vn -0.700847 -0.704848 0.109560
vn 0.136050 0.974138 0.180404
vn 0.598439 0.780979 0.178725
vn 0.000000 0.000000 -1.000000
vn 0.000000 0.000000 -1.000000
vn -0.704276 -0.705586 -0.078375
vn -0.978498 -0.134772 -0.156137
vn -0.770806 -0.599033 0.216834
vn -0.995092 -0.005093 0.098825
vn 0.788815 0.589409 0.174265
vn 0.977369 0.125011 0.170650
vn 0.000000 0.000000 -1.000000
vn 0.000000 0.000000 -1.000000
vn -0.995999 -0.000653 -0.089361
vn -0.789314 0.598089 -0.138829
vn -0.963273 0.116965 0.241713
vn -0.706288 0.701460 0.095455
vn 0.975806 -0.143553 0.164912
vn 0.781333 -0.602868 0.161459
vn 0.000000 0.000000 -1.000000
vn 0.000000 0.000000 -1.000000
vn -0.703372 0.703425 -0.102282
vn -0.135624 0.982152 -0.130317
vn -0.589613 0.761275 0.269847
vn 0.000947 0.995080 0.099073
vn 0.591755 -0.790529 0.157763
vn 0.133591 -0.978604 0.156487
vn 0.000000 0.000000 -1.000000
vn 0.000000 0.000000 -1.000000
vn 0.000048 0.993869 -0.110568
vn 0.597877 0.789972 -0.135970
vn 0.132827 0.949863 0.283049
vn 0.707335 0.698896 0.105935
vn -0.132937 -0.978656 0.156717
vn -0.590413 -0.791410 0.158374
vn 0.000000 0.000000 -1.000000
vn 0.000000 0.000000 -1.000000
vn 0.702194 0.703221 -0.111371
vn 0.978989 0.135602 -0.152289
vn 0.774705 0.570207 0.273306
vn 0.993406 -0.009003 0.114291
vn -0.781604 -0.602253 0.162438
vn -0.975374 -0.145151 0.166063
vn 0.704987 -0.703609 -0.089043
vn 0.993406 -0.009003 0.114291
vn 0.000778 -0.996968 -0.077815
vn 0.696407 -0.707377 0.120974
vn -0.704276 -0.705586 -0.078375
vn -0.002628 -0.992802 0.119738
vn -0.995999 -0.000653 -0.089361
vn -0.700847 -0.704848 0.109560
vn -0.703372 0.703425 -0.102282
vn -0.995092 -0.005093 0.098825
vn 0.000048 0.993869 -0.110568
vn -0.706288 0.701460 0.095455
vn 0.702194 0.703221 -0.111371
vn 0.000947 0.995080 0.099073
vn 0.994647 0.001210 -0.103327
vn 0.707335 0.698896 0.105935
vn 0.706072 -0.705869 -0.056669
vn 0.990413 -0.136881 -0.018569
vn 0.996143 0.000075 -0.087749
vn 0.796314 0.602837 -0.049713
vn 0.701849 0.702358 -0.118751
vn 0.136476 0.988446 -0.065940
vn -0.001018 0.991296 -0.131645
vn -0.602902 0.795717 -0.057831
vn -0.703109 0.701036 -0.119106
vn -0.990172 0.136581 -0.030086
vn -0.996093 -0.001250 -0.088299
vn -0.797187 -0.603732 0.001099
vn -0.705463 -0.706443 -0.057092
vn -0.136753 -0.990452 0.017399
vn 0.000319 -0.999035 -0.043925
vn 0.603738 -0.797129 0.009250
vn 0.790913 -0.599631 -0.122065
vn 0.996143 0.000075 -0.087749
vn 0.978614 0.134220 -0.155881
vn 0.701849 0.702358 -0.118751
vn 0.593858 0.782866 -0.185615
vn -0.001018 0.991296 -0.131645
vn -0.134169 0.971737 -0.194232
vn -0.703109 0.701036 -0.119106
vn -0.785055 0.593622 -0.176922
vn -0.996093 -0.001250 -0.088299
vn -0.980241 -0.136242 -0.143405
vn -0.705463 -0.706443 -0.057092
vn -0.599474 -0.792358 -0.113137
vn 0.000319 -0.999035 -0.043925
vn 0.136029 -0.985208 -0.104222
vn 0.706072 -0.705869 -0.056669
vn -0.000000 0.000000 -1.000000
vn -0.000000 0.000000 -1.000000
vn -0.000000 -0.000000 -1.000000
vn -0.000000 -0.000000 -1.000000
vn -0.000000 -0.000000 -1.000000
vn -0.000000 -0.000000 -1.000000
vn 0.000000 -0.000000 -1.000000
vn 0.000000 -0.000000 -1.000000
vn 0.000000 -0.000000 -1.000000
vn 0.000000 -0.000000 -1.000000
vn 0.000000 0.000000 -1.000000
vn 0.000000 0.000000 -1.000000
vn 0.000000 0.000000 -1.000000
vn 0.000000 0.000000 -1.000000
vn -0.000000 0.000000 -1.000000
vn -0.000000 0.000000 -1.000000
vn 0.739039 -0.622687 -0.257063
vn 0.981221 -0.135478 -0.137298
vn 0.962886 0.082273 -0.257063
vn 0.789626 0.598030 -0.137298
vn 0.622687 0.739039 -0.257063
vn 0.135478 0.981221 -0.137298
vn -0.082273 0.962886 -0.257063
vn -0.598030 0.789626 -0.137298
vn -0.739039 0.622687 -0.257063
vn -0.981221 0.135478 -0.137298
vn -0.962886 -0.082273 -0.257063
vn -0.789626 -0.598030 -0.137298
vn -0.622687 -0.739039 -0.257063
vn -0.135478 -0.981221 -0.137298
vn 0.082273 -0.962886 -0.257063
vn 0.598030 -0.789626 -0.137298
vn -0.133048 0.973717 0.184862
vn -0.568027 0.736960 0.366382
vn -0.995011 -0.033662 -0.093913
vn -0.939103 0.308675 0.151014
vn -0.982974 0.182363 -0.022509
vn -0.894210 0.414527 0.168982
vn 0.147880 0.868980 0.472234
vn -0.568027 0.736960 0.366382
vn -0.757208 0.637819 0.140793
vn -0.315468 0.943291 0.103354
vn -0.991636 0.098138 -0.083821
vn -0.894210 0.414527 0.168982
vn -0.939103 0.308675 0.151014
vn -0.568027 0.736960 0.366382
vn -0.997543 0.020604 -0.066960
vn -0.994375 -0.016549 -0.104612
vn -0.995011 -0.033662 -0.093913
vn -0.994375 -0.016549 -0.104612
vn 0.341589 0.925517 0.163510
vn 0.138400 0.897017 0.419768
vn 0.997782 0.005267 -0.066355
vn 0.910295 0.375544 0.174157
vn 0.147880 0.868980 0.472234
vn 0.966151 0.257941 0.004330
vn 0.138400 0.897017 0.419768
vn 0.732776 0.586589 0.344894
vn 0.580557 0.767858 0.270827
vn 0.545299 0.832556 0.097468
vn 0.966151 0.257941 0.004330
vn 0.955398 0.281624 0.088900
vn 0.732776 0.586589 0.344894
vn 0.910295 0.375544 0.174157
vn 0.997782 0.005267 -0.066355
vn 0.998656 0.051564 -0.005154
vn 0.991868 -0.041582 -0.120288
vn 0.997782 0.005267 -0.066355
vn 0.000000 0.991582 -0.129482
vn 0.000000 0.999170 -0.040747
vn 0.000000 0.991582 -0.129482
vn 0.000000 0.999170 -0.040747
vn 0.000000 0.990377 -0.138397
vn 0.000000 0.980967 -0.194173
vn 0.977194 0.212348 -0.000329
vn 0.996657 -0.081318 -0.007912
vn -0.986424 0.164104 -0.006179
vn -0.906114 -0.406590 -0.116803
vn -0.998807 0.036864 0.032035
vn -0.998574 0.042753 0.031983
vn 0.847491 0.523177 -0.089693
vn 0.603648 0.780281 -0.163620
vn 0.847491 0.523177 -0.089693
vn 0.624578 0.770516 -0.127312
vn 0.847491 0.523177 -0.089693
vn 0.734997 0.676975 0.038518
vn 0.847491 0.523177 -0.089693
vn 0.869466 0.485980 0.088613
vn 0.847491 0.523177 -0.089693
vn 0.930373 0.349853 0.109586
vn 0.847491 0.523177 -0.089693
vn 0.999432 -0.033601 0.002391
vn 0.998830 -0.034892 0.033493
vn 0.999855 -0.001549 0.016942
vn 0.998830 -0.034892 0.033493
vn 0.999441 -0.001147 0.033414
vn 0.995306 -0.000135 0.096775
vn 0.995142 0.026610 0.094782
vn 0.993305 0.051926 0.103194
vn 0.978506 0.179831 0.100931
vn 0.995473 0.016060 0.093680
vn 0.995023 0.017757 0.098055
vn 0.946548 0.308503 0.094200
vn 0.942818 0.320199 0.092553
vn 0.946548 0.308503 0.094200
vn 0.941189 0.325149 0.091875
vn 0.946548 0.308503 0.094200
vn 0.951832 0.292458 0.092108
vn 0.946548 0.308503 0.094200
vn 0.951694 0.291319 0.097020
vn -0.108624 0.871117 -0.478910
vn -0.108624 0.871117 -0.478910
vn -0.943848 -0.300717 -0.136824
vn -0.949932 -0.280295 -0.138073
vn -0.999513 0.000264 0.031211
vn -0.999471 0.008721 0.031335
vn -0.999356 0.016868 0.031684
vn -0.999010 0.030961 0.031951
vn -0.718136 -0.695681 0.017565
vn -0.626469 -0.779246 0.017700
vn -0.995045 0.020345 0.097323
vn -0.995017 0.016067 0.098401
#end 13934 vertex normals

#begin 4644 faces
usemtl Polygon_XSIPOLYCLS.b747blck_material1
f 1//1 2//2 3//3 
usemtl Polygon_XSIPOLYCLS.b747blck_material1
f 4//4 2//5 1//6 
usemtl Polygon_XSIPOLYCLS.b747blck_material1
f 5//7 2//8 4//9 
usemtl Polygon_XSIPOLYCLS.b747blck_material1
f 6//10 2//11 5//12 
usemtl Polygon_XSIPOLYCLS.b747blck_material1
f 7//13 2//14 6//15 
usemtl Polygon_XSIPOLYCLS.b747blck_material1
f 8//16 2//17 7//18 
usemtl Polygon_XSIPOLYCLS.b747blck_material1
f 9//19 10//20 11//21 
usemtl Polygon_XSIPOLYCLS.b747blck_material1
f 12//22 10//23 9//24 
usemtl Polygon_XSIPOLYCLS.b747blck_material1
f 13//25 10//26 12//27 
usemtl Polygon_XSIPOLYCLS.b747blck_material1
f 14//28 10//29 13//30 
usemtl Polygon_XSIPOLYCLS.b747blck_material1
f 15//31 10//32 14//33 
usemtl Polygon_XSIPOLYCLS.b747blck_material1
f 16//34 10//35 15//36 
usemtl Polygon_XSIPOLYCLS.b747blck_material1
f 17//37 18//38 19//39 
usemtl Polygon_XSIPOLYCLS.b747blck_material1
f 20//40 18//41 17//42 
usemtl Polygon_XSIPOLYCLS.b747blck_material1
f 21//43 18//44 20//45 
usemtl Polygon_XSIPOLYCLS.b747blck_material1
f 22//46 18//47 21//48 
usemtl Polygon_XSIPOLYCLS.b747blck_material1
f 23//49 18//50 22//51 
usemtl Polygon_XSIPOLYCLS.b747blck_material1
f 24//52 18//53 23//54 
usemtl Polygon_XSIPOLYCLS.b747blck_material1
f 25//55 26//56 27//57 
usemtl Polygon_XSIPOLYCLS.b747blck_material1
f 28//58 26//59 25//60 
usemtl Polygon_XSIPOLYCLS.b747blck_material1
f 29//61 26//62 28//63 
usemtl Polygon_XSIPOLYCLS.b747blck_material1
f 30//64 26//65 29//66 
usemtl Polygon_XSIPOLYCLS.b747blck_material1
f 31//67 26//68 30//69 
usemtl Polygon_XSIPOLYCLS.b747blck_material1
f 32//70 26//71 31//72 
usemtl Polygon_XSIPOLYCLS.b747blck_material1
f 33//73 34//74 35//75 
usemtl Polygon_XSIPOLYCLS.b747blck_material1
f 36//76 34//77 33//78 
usemtl Polygon_XSIPOLYCLS.b747blck_material1
f 37//79 34//80 36//81 
usemtl Polygon_XSIPOLYCLS.b747blck_material1
f 38//82 34//83 37//84 
usemtl Polygon_XSIPOLYCLS.b747blck_material1
f 39//85 34//86 38//87 
usemtl Polygon_XSIPOLYCLS.b747blck_material1
f 40//88 34//89 39//90 
usemtl Polygon_XSIPOLYCLS.b747blck_material1
f 41//91 42//92 43//93 
usemtl Polygon_XSIPOLYCLS.b747blck_material1
f 44//94 42//95 41//96 
usemtl Polygon_XSIPOLYCLS.b747blck_material1
f 45//97 42//98 44//99 
usemtl Polygon_XSIPOLYCLS.b747blck_material1
f 46//100 42//101 45//102 
usemtl Polygon_XSIPOLYCLS.b747blck_material1
f 47//103 42//104 46//105 
usemtl Polygon_XSIPOLYCLS.b747blck_material1
f 48//106 42//107 47//108 
usemtl Polygon_XSIPOLYCLS.b747blck_material1
f 49//109 50//110 51//111 
usemtl Polygon_XSIPOLYCLS.b747blck_material1
f 52//112 50//113 49//114 
usemtl Polygon_XSIPOLYCLS.b747blck_material1
f 53//115 50//116 52//117 
usemtl Polygon_XSIPOLYCLS.b747blck_material1
f 54//118 50//119 53//120 
usemtl Polygon_XSIPOLYCLS.b747blck_material1
f 55//121 50//122 54//123 
usemtl Polygon_XSIPOLYCLS.b747blck_material1
f 56//124 50//125 55//126 
usemtl Polygon_XSIPOLYCLS.b747blck_material1
f 57//127 58//128 59//129 
usemtl Polygon_XSIPOLYCLS.b747blck_material1
f 60//130 58//131 57//132 
usemtl Polygon_XSIPOLYCLS.b747blck_material1
f 61//133 58//134 60//135 
usemtl Polygon_XSIPOLYCLS.b747blck_material1
f 62//136 58//137 61//138 
usemtl Polygon_XSIPOLYCLS.b747blck_material1
f 63//139 58//140 62//141 
usemtl Polygon_XSIPOLYCLS.b747blck_material1
f 64//142 58//143 63//144 
usemtl Polygon_XSIPOLYCLS.b747blck_material1
f 65//145 66//146 67//147 
usemtl Polygon_XSIPOLYCLS.b747blck_material1
f 68//148 66//149 65//150 
usemtl Polygon_XSIPOLYCLS.b747blck_material1
f 69//151 66//152 68//153 
usemtl Polygon_XSIPOLYCLS.b747blck_material1
f 70//154 66//155 69//156 
usemtl Polygon_XSIPOLYCLS.b747blck_material1
f 71//157 66//158 70//159 
usemtl Polygon_XSIPOLYCLS.b747blck_material1
f 72//160 66//161 71//162 
usemtl Polygon_XSIPOLYCLS.b747blck_material1
f 73//163 74//164 75//165 
usemtl Polygon_XSIPOLYCLS.b747blck_material1
f 76//166 74//167 73//168 
usemtl Polygon_XSIPOLYCLS.b747blck_material1
f 77//169 74//170 76//171 
usemtl Polygon_XSIPOLYCLS.b747blck_material1
f 78//172 74//173 77//174 
usemtl Polygon_XSIPOLYCLS.b747blck_material1
f 79//175 74//176 78//177 
usemtl Polygon_XSIPOLYCLS.b747blck_material1
f 80//178 74//179 79//180 
usemtl Polygon_XSIPOLYCLS.b747blck_material1
f 81//181 82//182 83//183 
usemtl Polygon_XSIPOLYCLS.b747blck_material1
f 84//184 82//185 81//186 
usemtl Polygon_XSIPOLYCLS.b747blck_material1
f 85//187 82//188 84//189 
usemtl Polygon_XSIPOLYCLS.b747blck_material1
f 86//190 82//191 85//192 
usemtl Polygon_XSIPOLYCLS.b747blck_material1
f 87//193 82//194 86//195 
usemtl Polygon_XSIPOLYCLS.b747blck_material1
f 88//196 82//197 87//198 
usemtl Polygon_XSIPOLYCLS.b747blck_material1
f 89//199 90//200 91//201 
usemtl Polygon_XSIPOLYCLS.b747blck_material1
f 92//202 90//203 89//204 
usemtl Polygon_XSIPOLYCLS.b747blck_material1
f 93//205 90//206 92//207 
usemtl Polygon_XSIPOLYCLS.b747blck_material1
f 94//208 90//209 93//210 
usemtl Polygon_XSIPOLYCLS.b747blck_material1
f 95//211 90//212 94//213 
usemtl Polygon_XSIPOLYCLS.b747blck_material1
f 96//214 90//215 95//216 
usemtl Polygon_XSIPOLYCLS.b747blck_material1
f 97//217 98//218 99//219 
usemtl Polygon_XSIPOLYCLS.b747blck_material1
f 100//220 98//221 97//222 
usemtl Polygon_XSIPOLYCLS.b747blck_material1
f 101//223 98//224 100//225 
usemtl Polygon_XSIPOLYCLS.b747blck_material1
f 102//226 98//227 101//228 
usemtl Polygon_XSIPOLYCLS.b747blck_material1
f 103//229 98//230 102//231 
usemtl Polygon_XSIPOLYCLS.b747blck_material1
f 104//232 98//233 103//234 
usemtl Polygon_XSIPOLYCLS.b747blck_material1
f 105//235 106//236 107//237 
usemtl Polygon_XSIPOLYCLS.b747blck_material1
f 108//238 106//239 105//240 
usemtl Polygon_XSIPOLYCLS.b747blck_material1
f 109//241 106//242 108//243 
usemtl Polygon_XSIPOLYCLS.b747blck_material1
f 110//244 106//245 109//246 
usemtl Polygon_XSIPOLYCLS.b747blck_material1
f 111//247 106//248 110//249 
usemtl Polygon_XSIPOLYCLS.b747blck_material1
f 112//250 106//251 111//252 
usemtl Polygon_XSIPOLYCLS.b747blck_material1
f 113//253 114//254 115//255 
usemtl Polygon_XSIPOLYCLS.b747blck_material1
f 116//256 114//257 113//258 
usemtl Polygon_XSIPOLYCLS.b747blck_material1
f 117//259 114//260 116//261 
usemtl Polygon_XSIPOLYCLS.b747blck_material1
f 118//262 114//263 117//264 
usemtl Polygon_XSIPOLYCLS.b747blck_material1
f 119//265 114//266 118//267 
usemtl Polygon_XSIPOLYCLS.b747blck_material1
f 120//268 114//269 119//270 
usemtl Polygon_XSIPOLYCLS.b747blck_material1
f 121//271 122//272 123//273 
usemtl Polygon_XSIPOLYCLS.b747blck_material1
f 124//274 122//275 121//276 
usemtl Polygon_XSIPOLYCLS.b747blck_material1
f 125//277 122//278 124//279 
usemtl Polygon_XSIPOLYCLS.b747blck_material1
f 126//280 122//281 125//282 
usemtl Polygon_XSIPOLYCLS.b747blck_material1
f 127//283 122//284 126//285 
usemtl Polygon_XSIPOLYCLS.b747blck_material1
f 128//286 122//287 127//288 
usemtl Polygon_XSIPOLYCLS.b747blck_material1
f 129//289 130//290 131//291 
usemtl Polygon_XSIPOLYCLS.b747blck_material1
f 132//292 130//293 129//294 
usemtl Polygon_XSIPOLYCLS.b747blck_material1
f 133//295 130//296 132//297 
usemtl Polygon_XSIPOLYCLS.b747blck_material1
f 134//298 130//299 133//300 
usemtl Polygon_XSIPOLYCLS.b747blck_material1
f 135//301 130//302 134//303 
usemtl Polygon_XSIPOLYCLS.b747blck_material1
f 136//304 130//305 135//306 
usemtl Polygon_XSIPOLYCLS.b747blck_material1
f 137//307 138//308 139//309 
usemtl Polygon_XSIPOLYCLS.b747blck_material1
f 140//310 138//311 137//312 
usemtl Polygon_XSIPOLYCLS.b747blck_material1
f 141//313 138//314 140//315 
usemtl Polygon_XSIPOLYCLS.b747blck_material1
f 142//316 138//317 141//318 
usemtl Polygon_XSIPOLYCLS.b747blck_material1
f 143//319 138//320 142//321 
usemtl Polygon_XSIPOLYCLS.b747blck_material1
f 144//322 138//323 143//324 
usemtl Polygon_XSIPOLYCLS.b747blck_material1
f 145//325 146//326 147//327 
usemtl Polygon_XSIPOLYCLS.b747blck_material1
f 148//328 146//329 145//330 
usemtl Polygon_XSIPOLYCLS.b747blck_material1
f 149//331 146//332 148//333 
usemtl Polygon_XSIPOLYCLS.b747blck_material1
f 150//334 146//335 149//336 
usemtl Polygon_XSIPOLYCLS.b747blck_material1
f 151//337 146//338 150//339 
usemtl Polygon_XSIPOLYCLS.b747blck_material1
f 152//340 146//341 151//342 
usemtl Polygon_XSIPOLYCLS.b747blck_material1
f 153//343 154//344 155//345 
usemtl Polygon_XSIPOLYCLS.b747blck_material1
f 156//346 154//347 153//348 
usemtl Polygon_XSIPOLYCLS.b747blck_material1
f 157//349 154//350 156//351 
usemtl Polygon_XSIPOLYCLS.b747blck_material1
f 158//352 154//353 157//354 
usemtl Polygon_XSIPOLYCLS.b747blck_material1
f 159//355 154//356 158//357 
usemtl Polygon_XSIPOLYCLS.b747blck_material1
f 160//358 154//359 159//360 
usemtl Polygon_XSIPOLYCLS.b747blck_material1
f 161//361 162//362 163//363 
usemtl Polygon_XSIPOLYCLS.b747blck_material1
f 164//364 162//365 161//366 
usemtl Polygon_XSIPOLYCLS.b747blck_material1
f 165//367 162//368 164//369 
usemtl Polygon_XSIPOLYCLS.b747blck_material1
f 166//370 162//371 165//372 
usemtl Polygon_XSIPOLYCLS.b747blck_material1
f 167//373 162//374 166//375 
usemtl Polygon_XSIPOLYCLS.b747blck_material1
f 168//376 162//377 167//378 
usemtl Polygon_XSIPOLYCLS.b747blck_material1
f 169//379 170//380 171//381 
usemtl Polygon_XSIPOLYCLS.b747blck_material1
f 172//382 170//383 169//384 
usemtl Polygon_XSIPOLYCLS.b747blck_material1
f 173//385 170//386 172//387 
usemtl Polygon_XSIPOLYCLS.b747blck_material1
f 174//388 170//389 173//390 
usemtl Polygon_XSIPOLYCLS.b747blck_material1
f 175//391 170//392 174//393 
usemtl Polygon_XSIPOLYCLS.b747blck_material1
f 176//394 170//395 175//396 
usemtl Polygon_XSIPOLYCLS.b747blck_material1
f 177//397 178//398 179//399 
usemtl Polygon_XSIPOLYCLS.b747blck_material1
f 180//400 178//401 177//402 
usemtl Polygon_XSIPOLYCLS.b747blck_material1
f 181//403 178//404 180//405 
usemtl Polygon_XSIPOLYCLS.b747blck_material1
f 182//406 178//407 181//408 
usemtl Polygon_XSIPOLYCLS.b747blck_material1
f 183//409 178//410 182//411 
usemtl Polygon_XSIPOLYCLS.b747blck_material1
f 184//412 178//413 183//414 
usemtl Polygon_XSIPOLYCLS.b747blck_material1
f 185//415 186//416 187//417 
usemtl Polygon_XSIPOLYCLS.b747blck_material1
f 188//418 186//419 185//420 
usemtl Polygon_XSIPOLYCLS.b747blck_material1
f 189//421 186//422 188//423 
usemtl Polygon_XSIPOLYCLS.b747blck_material1
f 190//424 186//425 189//426 
usemtl Polygon_XSIPOLYCLS.b747blck_material1
f 191//427 186//428 190//429 
usemtl Polygon_XSIPOLYCLS.b747blck_material1
f 192//430 186//431 191//432 
usemtl Polygon_XSIPOLYCLS.b747blck_material1
f 193//433 194//434 195//435 
usemtl Polygon_XSIPOLYCLS.b747blck_material1
f 196//436 194//437 193//438 
usemtl Polygon_XSIPOLYCLS.b747blck_material1
f 197//439 194//440 196//441 
usemtl Polygon_XSIPOLYCLS.b747blck_material1
f 198//442 194//443 197//444 
usemtl Polygon_XSIPOLYCLS.b747blck_material1
f 199//445 194//446 198//447 
usemtl Polygon_XSIPOLYCLS.b747blck_material1
f 200//448 194//449 199//450 
usemtl Polygon_XSIPOLYCLS.b747blck_material1
f 201//451 202//452 203//453 
usemtl Polygon_XSIPOLYCLS.b747blck_material1
f 204//454 202//455 201//456 
usemtl Polygon_XSIPOLYCLS.b747blck_material1
f 205//457 202//458 204//459 
usemtl Polygon_XSIPOLYCLS.b747blck_material1
f 206//460 202//461 205//462 
usemtl Polygon_XSIPOLYCLS.b747blck_material1
f 207//463 202//464 206//465 
usemtl Polygon_XSIPOLYCLS.b747blck_material1
f 208//466 202//467 207//468 
usemtl Polygon_XSIPOLYCLS.b747blck_material1
f 209//469 210//470 211//471 
usemtl Polygon_XSIPOLYCLS.b747blck_material1
f 212//472 210//473 209//474 
usemtl Polygon_XSIPOLYCLS.b747blck_material1
f 213//475 210//476 212//477 
usemtl Polygon_XSIPOLYCLS.b747blck_material1
f 214//478 210//479 213//480 
usemtl Polygon_XSIPOLYCLS.b747blck_material1
f 215//481 210//482 214//483 
usemtl Polygon_XSIPOLYCLS.b747blck_material1
f 216//484 210//485 215//486 
usemtl Polygon_XSIPOLYCLS.b747blck_material1
f 217//487 218//488 219//489 
usemtl Polygon_XSIPOLYCLS.b747blck_material1
f 220//490 218//491 217//492 
usemtl Polygon_XSIPOLYCLS.b747blck_material1
f 221//493 218//494 220//495 
usemtl Polygon_XSIPOLYCLS.b747blck_material1
f 222//496 218//497 221//498 
usemtl Polygon_XSIPOLYCLS.b747blck_material1
f 223//499 218//500 222//501 
usemtl Polygon_XSIPOLYCLS.b747blck_material1
f 224//502 218//503 223//504 
usemtl Polygon_XSIPOLYCLS.b747blck_material1
f 225//505 226//506 227//507 
usemtl Polygon_XSIPOLYCLS.b747blck_material1
f 228//508 226//509 225//510 
usemtl Polygon_XSIPOLYCLS.b747blck_material1
f 229//511 226//512 228//513 
usemtl Polygon_XSIPOLYCLS.b747blck_material1
f 230//514 226//515 229//516 
usemtl Polygon_XSIPOLYCLS.b747blck_material1
f 231//517 226//518 230//519 
usemtl Polygon_XSIPOLYCLS.b747blck_material1
f 232//520 226//521 231//522 
usemtl Polygon_XSIPOLYCLS.b747blck_material1
f 233//523 234//524 235//525 
usemtl Polygon_XSIPOLYCLS.b747blck_material1
f 236//526 234//527 233//528 
usemtl Polygon_XSIPOLYCLS.b747blck_material1
f 237//529 234//530 236//531 
usemtl Polygon_XSIPOLYCLS.b747blck_material1
f 234//536 237//532 240//533 
usemtl Polygon_XSIPOLYCLS.b747blck_material1
f 239//535 237//534 238//537 
usemtl Polygon_XSIPOLYCLS.b747blck_material1
f 246//550 248//3164 245//3163 
usemtl Polygon_XSIPOLYCLS.b747blck_material1
f 241//541 242//542 243//543 
usemtl Polygon_XSIPOLYCLS.b747blck_material1
f 244//544 242//545 241//546 
usemtl Polygon_XSIPOLYCLS.b747blck_material1
f 245//547 1410//539 1409//540 
usemtl Polygon_XSIPOLYCLS.b747blck_material1
f 1407//551 1402//552 1408//557 
usemtl Polygon_XSIPOLYCLS.b747blck_material1
f 1405//3162 1402//3161 1406//3160 
usemtl Polygon_XSIPOLYCLS.b747blck_material1
f 1406//558 1402//555 1407//556 
usemtl Polygon_XSIPOLYCLS.b747blck_material1
f 249//559 250//560 251//561 
usemtl Polygon_XSIPOLYCLS.b747blck_material1
f 252//562 250//563 249//564 
usemtl Polygon_XSIPOLYCLS.b747blck_material1
f 253//565 250//566 252//567 
usemtl Polygon_XSIPOLYCLS.b747blck_material1
f 242//548 1409//569 1410//570 
usemtl Polygon_XSIPOLYCLS.b747blck_material1
f 255//571 253//568 254//573 
usemtl Polygon_XSIPOLYCLS.b747blck_material1
f 250//572 253//574 256//575 
usemtl Polygon_XSIPOLYCLS.b747blck_material1
f 257//577 258//578 259//579 
usemtl Polygon_XSIPOLYCLS.b747blck_material1
f 260//580 258//581 257//582 
usemtl Polygon_XSIPOLYCLS.b747blck_material1
f 261//583 258//584 260//585 
usemtl Polygon_XSIPOLYCLS.b747blck_material1
f 262//586 258//587 261//588 
usemtl Polygon_XSIPOLYCLS.b747blck_material1
f 263//589 258//590 262//591 
usemtl Polygon_XSIPOLYCLS.b747blck_material1
f 264//592 258//593 263//594 
usemtl Polygon_XSIPOLYCLS.b747blck_material1
f 265//595 266//596 267//597 
usemtl Polygon_XSIPOLYCLS.b747blck_material1
f 268//598 266//599 265//600 
usemtl Polygon_XSIPOLYCLS.b747blck_material1
f 269//601 266//602 268//603 
usemtl Polygon_XSIPOLYCLS.b747blck_material1
f 270//604 266//605 269//606 
usemtl Polygon_XSIPOLYCLS.b747blck_material1
f 271//607 266//608 270//609 
usemtl Polygon_XSIPOLYCLS.b747blck_material1
f 272//610 266//611 271//612 
usemtl Polygon_XSIPOLYCLS.b747blck_material1
f 273//613 274//614 275//615 
usemtl Polygon_XSIPOLYCLS.b747blck_material1
f 276//616 274//617 273//618 
usemtl Polygon_XSIPOLYCLS.b747blck_material1
f 277//619 274//620 276//621 
usemtl Polygon_XSIPOLYCLS.b747blck_material1
f 278//622 274//623 277//624 
usemtl Polygon_XSIPOLYCLS.b747blck_material1
f 279//625 274//626 278//627 
usemtl Polygon_XSIPOLYCLS.b747blck_material1
f 280//628 274//629 279//630 
usemtl Polygon_XSIPOLYCLS.b747blck_material1
f 281//631 282//632 283//633 
usemtl Polygon_XSIPOLYCLS.b747blck_material1
f 284//634 282//635 281//636 
usemtl Polygon_XSIPOLYCLS.b747blck_material1
f 285//637 282//638 284//639 
usemtl Polygon_XSIPOLYCLS.b747blck_material1
f 286//640 282//641 285//642 
usemtl Polygon_XSIPOLYCLS.b747blck_material1
f 287//643 282//644 286//645 
usemtl Polygon_XSIPOLYCLS.b747blck_material1
f 288//646 282//647 287//648 
usemtl Polygon_XSIPOLYCLS.b747blck_material1
f 289//649 290//650 291//651 
usemtl Polygon_XSIPOLYCLS.b747blck_material1
f 292//652 290//653 289//654 
usemtl Polygon_XSIPOLYCLS.b747blck_material1
f 293//655 290//656 292//657 
usemtl Polygon_XSIPOLYCLS.b747blck_material1
f 294//658 290//659 293//660 
usemtl Polygon_XSIPOLYCLS.b747blck_material1
f 295//661 290//662 294//663 
usemtl Polygon_XSIPOLYCLS.b747blck_material1
f 296//664 290//665 295//666 
usemtl Polygon_XSIPOLYCLS.b747blck_material1
f 297//667 298//668 299//669 
usemtl Polygon_XSIPOLYCLS.b747blck_material1
f 300//670 298//671 297//672 
usemtl Polygon_XSIPOLYCLS.b747blck_material1
f 301//673 298//674 300//675 
usemtl Polygon_XSIPOLYCLS.b747blck_material1
f 302//676 298//677 301//678 
usemtl Polygon_XSIPOLYCLS.b747blck_material1
f 303//679 298//680 302//681 
usemtl Polygon_XSIPOLYCLS.b747blck_material1
f 304//682 298//683 303//684 
usemtl Polygon_XSIPOLYCLS.b747blck_material1
f 305//685 306//686 307//687 
usemtl Polygon_XSIPOLYCLS.b747blck_material1
f 308//688 306//689 305//690 
usemtl Polygon_XSIPOLYCLS.b747blck_material1
f 309//691 306//692 308//693 
usemtl Polygon_XSIPOLYCLS.b747blck_material1
f 310//694 306//695 309//696 
usemtl Polygon_XSIPOLYCLS.b747blck_material1
f 311//697 306//698 310//699 
usemtl Polygon_XSIPOLYCLS.b747blck_material1
f 312//700 306//701 311//702 
usemtl Polygon_XSIPOLYCLS.b747blck_material1
f 313//703 314//704 315//705 
usemtl Polygon_XSIPOLYCLS.b747blck_material1
f 316//706 314//707 313//708 
usemtl Polygon_XSIPOLYCLS.b747blck_material1
f 317//709 314//710 316//711 
usemtl Polygon_XSIPOLYCLS.b747blck_material1
f 318//712 314//713 317//714 
usemtl Polygon_XSIPOLYCLS.b747blck_material1
f 319//715 314//716 318//717 
usemtl Polygon_XSIPOLYCLS.b747blck_material1
f 320//718 314//719 319//720 
usemtl Polygon_XSIPOLYCLS.b747blck_material1
f 321//721 322//722 323//723 
usemtl Polygon_XSIPOLYCLS.b747blck_material1
f 324//724 322//725 321//726 
usemtl Polygon_XSIPOLYCLS.b747blck_material1
f 325//727 322//728 324//729 
usemtl Polygon_XSIPOLYCLS.b747blck_material1
f 326//730 322//731 325//732 
usemtl Polygon_XSIPOLYCLS.b747blck_material1
f 327//733 322//734 326//735 
usemtl Polygon_XSIPOLYCLS.b747blck_material1
f 328//736 322//737 327//738 
usemtl Polygon_XSIPOLYCLS.b747blck_material1
f 329//739 330//740 331//741 
usemtl Polygon_XSIPOLYCLS.b747blck_material1
f 332//742 330//743 329//744 
usemtl Polygon_XSIPOLYCLS.b747blck_material1
f 333//745 330//746 332//747 
usemtl Polygon_XSIPOLYCLS.b747blck_material1
f 334//748 330//749 333//750 
usemtl Polygon_XSIPOLYCLS.b747blck_material1
f 335//751 330//752 334//753 
usemtl Polygon_XSIPOLYCLS.b747blck_material1
f 336//754 330//755 335//756 
usemtl Polygon_XSIPOLYCLS.b747blck_material1
f 337//757 338//758 339//759 
usemtl Polygon_XSIPOLYCLS.b747blck_material1
f 340//760 338//761 337//762 
usemtl Polygon_XSIPOLYCLS.b747blck_material1
f 341//763 338//764 340//765 
usemtl Polygon_XSIPOLYCLS.b747blck_material1
f 342//766 338//767 341//768 
usemtl Polygon_XSIPOLYCLS.b747blck_material1
f 343//769 338//770 342//771 
usemtl Polygon_XSIPOLYCLS.b747blck_material1
f 344//772 338//773 343//774 
usemtl Polygon_XSIPOLYCLS.b747blck_material1
f 345//775 346//776 347//777 
usemtl Polygon_XSIPOLYCLS.b747blck_material1
f 348//778 346//779 345//780 
usemtl Polygon_XSIPOLYCLS.b747blck_material1
f 349//781 346//782 348//783 
usemtl Polygon_XSIPOLYCLS.b747blck_material1
f 350//784 346//785 349//786 
usemtl Polygon_XSIPOLYCLS.b747blck_material1
f 351//787 346//788 350//789 
usemtl Polygon_XSIPOLYCLS.b747blck_material1
f 352//790 346//791 351//792 
usemtl Polygon_XSIPOLYCLS.b747blck_material1
f 353//793 354//794 355//795 
usemtl Polygon_XSIPOLYCLS.b747blck_material1
f 356//796 354//797 353//798 
usemtl Polygon_XSIPOLYCLS.b747blck_material1
f 357//799 354//800 356//801 
usemtl Polygon_XSIPOLYCLS.b747blck_material1
f 358//802 354//803 357//804 
usemtl Polygon_XSIPOLYCLS.b747blck_material1
f 359//805 354//806 358//807 
usemtl Polygon_XSIPOLYCLS.b747blck_material1
f 360//808 354//809 359//810 
usemtl Polygon_XSIPOLYCLS.b747blck_material1
f 361//811 362//812 363//813 
usemtl Polygon_XSIPOLYCLS.b747blck_material1
f 364//814 362//815 361//816 
usemtl Polygon_XSIPOLYCLS.b747blck_material1
f 365//817 362//818 364//819 
usemtl Polygon_XSIPOLYCLS.b747blck_material1
f 366//820 362//821 365//822 
usemtl Polygon_XSIPOLYCLS.b747blck_material1
f 367//823 362//824 366//825 
usemtl Polygon_XSIPOLYCLS.b747blck_material1
f 368//826 362//827 367//828 
usemtl Polygon_XSIPOLYCLS.b747blck_material1
f 369//829 370//830 371//831 
usemtl Polygon_XSIPOLYCLS.b747blck_material1
f 372//832 370//833 369//834 
usemtl Polygon_XSIPOLYCLS.b747blck_material1
f 373//835 370//836 372//837 
usemtl Polygon_XSIPOLYCLS.b747blck_material1
f 374//838 370//839 373//840 
usemtl Polygon_XSIPOLYCLS.b747blck_material1
f 375//841 370//842 374//843 
usemtl Polygon_XSIPOLYCLS.b747blck_material1
f 376//844 370//845 375//846 
usemtl Polygon_XSIPOLYCLS.b747blck_material1
f 377//847 378//848 379//849 
usemtl Polygon_XSIPOLYCLS.b747blck_material1
f 380//850 378//851 377//852 
usemtl Polygon_XSIPOLYCLS.b747blck_material1
f 381//853 378//854 380//855 
usemtl Polygon_XSIPOLYCLS.b747blck_material1
f 382//856 378//857 381//858 
usemtl Polygon_XSIPOLYCLS.b747blck_material1
f 383//859 378//860 382//861 
usemtl Polygon_XSIPOLYCLS.b747blck_material1
f 384//862 378//863 383//864 
usemtl Polygon_XSIPOLYCLS.b747blck_material1
f 385//865 386//866 387//867 
usemtl Polygon_XSIPOLYCLS.b747blck_material1
f 388//868 386//869 385//870 
usemtl Polygon_XSIPOLYCLS.b747blck_material1
f 389//871 386//872 388//873 
usemtl Polygon_XSIPOLYCLS.b747blck_material1
f 390//874 386//875 389//876 
usemtl Polygon_XSIPOLYCLS.b747blck_material1
f 391//877 386//878 390//879 
usemtl Polygon_XSIPOLYCLS.b747blck_material1
f 392//880 386//881 391//882 
usemtl Polygon_XSIPOLYCLS.b747blck_material1
f 393//883 394//884 395//885 
usemtl Polygon_XSIPOLYCLS.b747blck_material1
f 396//886 394//887 393//888 
usemtl Polygon_XSIPOLYCLS.b747blck_material1
f 397//889 394//890 396//891 
usemtl Polygon_XSIPOLYCLS.b747blck_material1
f 398//892 394//893 397//894 
usemtl Polygon_XSIPOLYCLS.b747blck_material1
f 399//895 394//896 398//897 
usemtl Polygon_XSIPOLYCLS.b747blck_material1
f 400//898 394//899 399//900 
usemtl Polygon_XSIPOLYCLS.b747blck_material1
f 401//901 402//902 403//903 
usemtl Polygon_XSIPOLYCLS.b747blck_material1
f 404//904 402//905 401//906 
usemtl Polygon_XSIPOLYCLS.b747blck_material1
f 405//907 402//908 404//909 
usemtl Polygon_XSIPOLYCLS.b747blck_material1
f 406//910 402//911 405//912 
usemtl Polygon_XSIPOLYCLS.b747blck_material1
f 407//913 402//914 406//915 
usemtl Polygon_XSIPOLYCLS.b747blck_material1
f 408//916 402//917 407//918 
usemtl Polygon_XSIPOLYCLS.b747blck_material1
f 409//919 410//920 411//921 
usemtl Polygon_XSIPOLYCLS.b747blck_material1
f 412//922 410//923 409//924 
usemtl Polygon_XSIPOLYCLS.b747blck_material1
f 413//925 410//926 412//927 
usemtl Polygon_XSIPOLYCLS.b747blck_material1
f 414//928 410//929 413//930 
usemtl Polygon_XSIPOLYCLS.b747blck_material1
f 415//931 410//932 414//933 
usemtl Polygon_XSIPOLYCLS.b747blck_material1
f 416//934 410//935 415//936 
usemtl Polygon_XSIPOLYCLS.b747blck_material1
f 417//937 418//938 419//939 
usemtl Polygon_XSIPOLYCLS.b747blck_material1
f 420//940 418//941 417//942 
usemtl Polygon_XSIPOLYCLS.b747blck_material1
f 421//943 418//944 420//945 
usemtl Polygon_XSIPOLYCLS.b747blck_material1
f 422//946 418//947 421//948 
usemtl Polygon_XSIPOLYCLS.b747blck_material1
f 423//949 418//950 422//951 
usemtl Polygon_XSIPOLYCLS.b747blck_material1
f 424//952 418//953 423//954 
usemtl Polygon_XSIPOLYCLS.b747blck_material1
f 425//955 426//956 427//957 
usemtl Polygon_XSIPOLYCLS.b747blck_material1
f 428//958 426//959 425//960 
usemtl Polygon_XSIPOLYCLS.b747blck_material1
f 429//961 426//962 428//963 
usemtl Polygon_XSIPOLYCLS.b747blck_material1
f 430//964 426//965 429//966 
usemtl Polygon_XSIPOLYCLS.b747blck_material1
f 431//967 426//968 430//969 
usemtl Polygon_XSIPOLYCLS.b747blck_material1
f 432//970 426//971 431//972 
usemtl Polygon_XSIPOLYCLS.b747blck_material1
f 433//973 434//974 435//975 
usemtl Polygon_XSIPOLYCLS.b747blck_material1
f 436//976 434//977 433//978 
usemtl Polygon_XSIPOLYCLS.b747blck_material1
f 437//979 434//980 436//981 
usemtl Polygon_XSIPOLYCLS.b747blck_material1
f 438//982 434//983 437//984 
usemtl Polygon_XSIPOLYCLS.b747blck_material1
f 439//985 434//986 438//987 
usemtl Polygon_XSIPOLYCLS.b747blck_material1
f 440//988 434//989 439//990 
usemtl Polygon_XSIPOLYCLS.b747blck_material1
f 441//991 442//992 443//993 
usemtl Polygon_XSIPOLYCLS.b747blck_material1
f 444//994 442//995 441//996 
usemtl Polygon_XSIPOLYCLS.b747blck_material1
f 445//997 442//998 444//999 
usemtl Polygon_XSIPOLYCLS.b747blck_material1
f 446//1000 442//1001 445//1002 
usemtl Polygon_XSIPOLYCLS.b747blck_material1
f 447//1003 442//1004 446//1005 
usemtl Polygon_XSIPOLYCLS.b747blck_material1
f 448//1006 442//1007 447//1008 
usemtl Polygon_XSIPOLYCLS.b747blck_material1
f 449//1009 450//1010 451//1011 
usemtl Polygon_XSIPOLYCLS.b747blck_material1
f 452//1012 450//1013 449//1014 
usemtl Polygon_XSIPOLYCLS.b747blck_material1
f 453//1015 450//1016 452//1017 
usemtl Polygon_XSIPOLYCLS.b747blck_material1
f 454//1018 450//1019 453//1020 
usemtl Polygon_XSIPOLYCLS.b747blck_material1
f 455//1021 450//1022 454//1023 
usemtl Polygon_XSIPOLYCLS.b747blck_material1
f 456//1024 450//1025 455//1026 
usemtl Polygon_XSIPOLYCLS.b747blck_material1
f 457//1027 458//1028 459//1029 
usemtl Polygon_XSIPOLYCLS.b747blck_material1
f 460//1030 458//1031 457//1032 
usemtl Polygon_XSIPOLYCLS.b747blck_material1
f 461//1033 458//1034 460//1035 
usemtl Polygon_XSIPOLYCLS.b747blck_material1
f 462//1036 458//1037 461//1038 
usemtl Polygon_XSIPOLYCLS.b747blck_material1
f 463//1039 458//1040 462//1041 
usemtl Polygon_XSIPOLYCLS.b747blck_material1
f 464//1042 458//1043 463//1044 
usemtl Polygon_XSIPOLYCLS.b747blck_material1
f 465//1045 466//1046 467//1047 
usemtl Polygon_XSIPOLYCLS.b747blck_material1
f 468//1048 466//1049 465//1050 
usemtl Polygon_XSIPOLYCLS.b747blck_material1
f 469//1051 466//1052 468//1053 
usemtl Polygon_XSIPOLYCLS.b747blck_material1
f 470//1054 466//1055 469//1056 
usemtl Polygon_XSIPOLYCLS.b747blck_material1
f 471//1057 466//1058 470//1059 
usemtl Polygon_XSIPOLYCLS.b747blck_material1
f 472//1060 466//1061 471//1062 
usemtl Polygon_XSIPOLYCLS.b747blck_material1
f 473//1063 474//1064 475//1065 
usemtl Polygon_XSIPOLYCLS.b747blck_material1
f 476//1066 474//1067 473//1068 
usemtl Polygon_XSIPOLYCLS.b747blck_material1
f 477//1069 474//1070 476//1071 
usemtl Polygon_XSIPOLYCLS.b747blck_material1
f 478//1072 474//1073 477//1074 
usemtl Polygon_XSIPOLYCLS.b747blck_material1
f 479//1075 474//1076 478//1077 
usemtl Polygon_XSIPOLYCLS.b747blck_material1
f 480//1078 474//1079 479//1080 
usemtl Polygon_XSIPOLYCLS.b747blck_material1
f 481//1081 482//1082 483//1083 
usemtl Polygon_XSIPOLYCLS.b747blck_material1
f 484//1084 482//1085 481//1086 
usemtl Polygon_XSIPOLYCLS.b747blck_material1
f 485//1087 482//1088 484//1089 
usemtl Polygon_XSIPOLYCLS.b747blck_material1
f 486//1090 482//1091 485//1092 
usemtl Polygon_XSIPOLYCLS.b747blck_material1
f 487//1093 482//1094 486//1095 
usemtl Polygon_XSIPOLYCLS.b747blck_material1
f 488//1096 482//1097 487//1098 
usemtl Polygon_XSIPOLYCLS.b747blck_material1
f 489//1099 490//1100 491//1101 
usemtl Polygon_XSIPOLYCLS.b747blck_material1
f 492//1102 490//1103 489//1104 
usemtl Polygon_XSIPOLYCLS.b747blck_material1
f 493//1105 490//1106 492//1107 
usemtl Polygon_XSIPOLYCLS.b747blck_material1
f 494//1108 490//1109 493//1110 
usemtl Polygon_XSIPOLYCLS.b747blck_material1
f 495//1111 490//1112 494//1113 
usemtl Polygon_XSIPOLYCLS.b747blck_material1
f 496//1114 490//1115 495//1116 
usemtl Polygon_XSIPOLYCLS.b747blck_material1
f 497//1117 498//1118 499//1119 
usemtl Polygon_XSIPOLYCLS.b747blck_material1
f 500//1120 498//1121 497//1122 
usemtl Polygon_XSIPOLYCLS.b747blck_material1
f 501//1123 498//1124 500//1125 
usemtl Polygon_XSIPOLYCLS.b747blck_material1
f 502//1126 498//1127 501//1128 
usemtl Polygon_XSIPOLYCLS.b747blck_material1
f 503//1129 498//1130 502//1131 
usemtl Polygon_XSIPOLYCLS.b747blck_material1
f 504//1132 498//1133 503//1134 
usemtl Polygon_XSIPOLYCLS.b747blck_material1
f 505//1135 506//1136 507//1137 
usemtl Polygon_XSIPOLYCLS.b747blck_material1
f 508//1138 506//1139 505//1140 
usemtl Polygon_XSIPOLYCLS.b747blck_material1
f 509//1141 506//1142 508//1143 
usemtl Polygon_XSIPOLYCLS.b747blck_material1
f 510//1144 506//1145 509//1146 
usemtl Polygon_XSIPOLYCLS.b747blck_material1
f 511//1147 506//1148 510//1149 
usemtl Polygon_XSIPOLYCLS.b747blck_material1
f 512//1150 506//1151 511//1152 
usemtl Polygon_XSIPOLYCLS.b747blck_material1
f 513//1153 514//1154 515//1155 
usemtl Polygon_XSIPOLYCLS.b747blck_material1
f 516//1156 514//1157 513//1158 
usemtl Polygon_XSIPOLYCLS.b747blck_material1
f 517//1159 514//1160 516//1161 
usemtl Polygon_XSIPOLYCLS.b747blck_material1
f 518//1162 514//1163 517//1164 
usemtl Polygon_XSIPOLYCLS.b747blck_material1
f 519//1165 514//1166 518//1167 
usemtl Polygon_XSIPOLYCLS.b747blck_material1
f 520//1168 514//1169 519//1170 
usemtl Polygon_XSIPOLYCLS.b747blck_material1
f 521//1171 522//1172 523//1173 
usemtl Polygon_XSIPOLYCLS.b747blck_material1
f 524//1174 522//1175 521//1176 
usemtl Polygon_XSIPOLYCLS.b747blck_material1
f 525//1177 522//1178 524//1179 
usemtl Polygon_XSIPOLYCLS.b747blck_material1
f 526//1180 522//1181 525//1182 
usemtl Polygon_XSIPOLYCLS.b747blck_material1
f 527//1183 522//1184 526//1185 
usemtl Polygon_XSIPOLYCLS.b747blck_material1
f 528//1186 522//1187 527//1188 
usemtl Polygon_XSIPOLYCLS.b747blck_material1
f 529//1189 530//1190 531//1191 
usemtl Polygon_XSIPOLYCLS.b747blck_material1
f 532//1192 530//1193 529//1194 
usemtl Polygon_XSIPOLYCLS.b747blck_material1
f 533//1195 530//1196 532//1197 
usemtl Polygon_XSIPOLYCLS.b747blck_material1
f 534//1198 530//1199 533//1200 
usemtl Polygon_XSIPOLYCLS.b747blck_material1
f 535//1201 530//1202 534//1203 
usemtl Polygon_XSIPOLYCLS.b747blck_material1
f 536//1204 530//1205 535//1206 
usemtl Polygon_XSIPOLYCLS.b747blck_material1
f 537//1207 538//1208 539//1209 
usemtl Polygon_XSIPOLYCLS.b747blck_material1
f 540//1210 538//1211 537//1212 
usemtl Polygon_XSIPOLYCLS.b747blck_material1
f 541//1213 538//1214 540//1215 
usemtl Polygon_XSIPOLYCLS.b747blck_material1
f 542//1216 538//1217 541//1218 
usemtl Polygon_XSIPOLYCLS.b747blck_material1
f 543//1219 538//1220 542//1221 
usemtl Polygon_XSIPOLYCLS.b747blck_material1
f 544//1222 538//1223 543//1224 
usemtl Polygon_XSIPOLYCLS.b747blck_material1
f 545//1225 546//1226 547//1227 
usemtl Polygon_XSIPOLYCLS.b747blck_material1
f 548//1228 546//1229 545//1230 
usemtl Polygon_XSIPOLYCLS.b747blck_material1
f 549//1231 546//1232 548//1233 
usemtl Polygon_XSIPOLYCLS.b747blck_material1
f 550//1234 546//1235 549//1236 
usemtl Polygon_XSIPOLYCLS.b747blck_material1
f 551//1237 546//1238 550//1239 
usemtl Polygon_XSIPOLYCLS.b747blck_material1
f 552//1240 546//1241 551//1242 
usemtl Polygon_XSIPOLYCLS.b747blck_material1
f 553//1243 554//1244 555//1245 
usemtl Polygon_XSIPOLYCLS.b747blck_material1
f 556//1246 554//1247 553//1248 
usemtl Polygon_XSIPOLYCLS.b747blck_material1
f 557//1249 554//1250 556//1251 
usemtl Polygon_XSIPOLYCLS.b747blck_material1
f 558//1252 554//1253 557//1254 
usemtl Polygon_XSIPOLYCLS.b747blck_material1
f 559//1255 554//1256 558//1257 
usemtl Polygon_XSIPOLYCLS.b747blck_material1
f 560//1258 554//1259 559//1260 
usemtl Polygon_XSIPOLYCLS.b747blck_material1
f 561//1261 562//1262 563//1263 
usemtl Polygon_XSIPOLYCLS.b747blck_material1
f 564//1264 562//1265 561//1266 
usemtl Polygon_XSIPOLYCLS.b747blck_material1
f 565//1267 562//1268 564//1269 
usemtl Polygon_XSIPOLYCLS.b747blck_material1
f 566//1270 562//1271 565//1272 
usemtl Polygon_XSIPOLYCLS.b747blck_material1
f 567//1273 562//1274 566//1275 
usemtl Polygon_XSIPOLYCLS.b747blck_material1
f 568//1276 562//1277 567//1278 
usemtl Polygon_XSIPOLYCLS.b747blck_material1
f 569//1279 570//1280 571//1281 
usemtl Polygon_XSIPOLYCLS.b747blck_material1
f 572//1282 570//1283 569//1284 
usemtl Polygon_XSIPOLYCLS.b747blck_material1
f 573//1285 570//1286 572//1287 
usemtl Polygon_XSIPOLYCLS.b747blck_material1
f 574//1288 570//1289 573//1290 
usemtl Polygon_XSIPOLYCLS.b747blck_material1
f 575//1291 570//1292 574//1293 
usemtl Polygon_XSIPOLYCLS.b747blck_material1
f 576//1294 570//1295 575//1296 
usemtl Polygon_XSIPOLYCLS.b747blck_material1
f 577//1297 578//1298 579//1299 
usemtl Polygon_XSIPOLYCLS.b747blck_material1
f 580//1300 578//1301 577//1302 
usemtl Polygon_XSIPOLYCLS.b747blck_material1
f 581//1303 578//1304 580//1305 
usemtl Polygon_XSIPOLYCLS.b747blck_material1
f 582//1306 578//1307 581//1308 
usemtl Polygon_XSIPOLYCLS.b747blck_material1
f 583//1309 578//1310 582//1311 
usemtl Polygon_XSIPOLYCLS.b747blck_material1
f 584//1312 578//1313 583//1314 
usemtl Polygon_XSIPOLYCLS.b747blck_material1
f 585//1315 586//1316 587//1317 
usemtl Polygon_XSIPOLYCLS.b747blck_material1
f 588//1318 586//1319 585//1320 
usemtl Polygon_XSIPOLYCLS.b747blck_material1
f 589//1321 586//1322 588//1323 
usemtl Polygon_XSIPOLYCLS.b747blck_material1
f 590//1324 586//1325 589//1326 
usemtl Polygon_XSIPOLYCLS.b747blck_material1
f 591//1327 586//1328 590//1329 
usemtl Polygon_XSIPOLYCLS.b747blck_material1
f 592//1330 586//1331 591//1332 
usemtl Polygon_XSIPOLYCLS.b747blck_material1
f 593//1333 594//1334 595//1335 
usemtl Polygon_XSIPOLYCLS.b747blck_material1
f 596//1336 594//1337 593//1338 
usemtl Polygon_XSIPOLYCLS.b747blck_material1
f 597//1339 594//1340 596//1341 
usemtl Polygon_XSIPOLYCLS.b747blck_material1
f 598//1342 594//1343 597//1344 
usemtl Polygon_XSIPOLYCLS.b747blck_material1
f 599//1345 594//1346 598//1347 
usemtl Polygon_XSIPOLYCLS.b747blck_material1
f 600//1348 594//1349 599//1350 
usemtl Polygon_XSIPOLYCLS.b747blck_material1
f 601//1351 602//1352 603//1353 
usemtl Polygon_XSIPOLYCLS.b747blck_material1
f 604//1354 602//1355 601//1356 
usemtl Polygon_XSIPOLYCLS.b747blck_material1
f 605//1357 602//1358 604//1359 
usemtl Polygon_XSIPOLYCLS.b747blck_material1
f 606//1360 602//1361 605//1362 
usemtl Polygon_XSIPOLYCLS.b747blck_material1
f 607//1363 602//1364 606//1365 
usemtl Polygon_XSIPOLYCLS.b747blck_material1
f 608//1366 602//1367 607//1368 
usemtl Polygon_XSIPOLYCLS.b747blck_material1
f 609//1369 610//1370 611//1371 
usemtl Polygon_XSIPOLYCLS.b747blck_material1
f 612//1372 610//1373 609//1374 
usemtl Polygon_XSIPOLYCLS.b747blck_material1
f 613//1375 610//1376 612//1377 
usemtl Polygon_XSIPOLYCLS.b747blck_material1
f 614//1378 610//1379 613//1380 
usemtl Polygon_XSIPOLYCLS.b747blck_material1
f 615//1381 610//1382 614//1383 
usemtl Polygon_XSIPOLYCLS.b747blck_material1
f 616//1384 610//1385 615//1386 
usemtl Polygon_XSIPOLYCLS.b747blck_material1
f 617//1387 618//1388 619//1389 
usemtl Polygon_XSIPOLYCLS.b747blck_material1
f 620//1390 618//1391 617//1392 
usemtl Polygon_XSIPOLYCLS.b747blck_material1
f 621//1393 618//1394 620//1395 
usemtl Polygon_XSIPOLYCLS.b747blck_material1
f 622//1396 618//1397 621//1398 
usemtl Polygon_XSIPOLYCLS.b747blck_material1
f 623//1399 618//1400 622//1401 
usemtl Polygon_XSIPOLYCLS.b747blck_material1
f 624//1402 618//1403 623//1404 
usemtl Polygon_XSIPOLYCLS.b747blck_material1
f 625//1405 626//1406 627//1407 
usemtl Polygon_XSIPOLYCLS.b747blck_material1
f 628//1408 626//1409 625//1410 
usemtl Polygon_XSIPOLYCLS.b747blck_material1
f 629//1411 626//1412 628//1413 
usemtl Polygon_XSIPOLYCLS.b747blck_material1
f 630//1414 626//1415 629//1416 
usemtl Polygon_XSIPOLYCLS.b747blck_material1
f 631//1417 626//1418 630//1419 
usemtl Polygon_XSIPOLYCLS.b747blck_material1
f 632//1420 626//1421 631//1422 
usemtl Polygon_XSIPOLYCLS.b747blck_material1
f 633//1423 634//1424 635//1425 
usemtl Polygon_XSIPOLYCLS.b747blck_material1
f 636//1426 634//1427 633//1428 
usemtl Polygon_XSIPOLYCLS.b747blck_material1
f 637//1429 634//1430 636//1431 
usemtl Polygon_XSIPOLYCLS.b747blck_material1
f 638//1432 634//1433 637//1434 
usemtl Polygon_XSIPOLYCLS.b747blck_material1
f 639//1435 634//1436 638//1437 
usemtl Polygon_XSIPOLYCLS.b747blck_material1
f 640//1438 634//1439 639//1440 
usemtl Polygon_XSIPOLYCLS.b747blck_material1
f 641//1441 642//1442 643//1443 
usemtl Polygon_XSIPOLYCLS.b747blck_material1
f 644//1444 642//1445 641//1446 
usemtl Polygon_XSIPOLYCLS.b747blck_material1
f 645//1447 642//1448 644//1449 
usemtl Polygon_XSIPOLYCLS.b747blck_material1
f 646//1450 642//1451 645//1452 
usemtl Polygon_XSIPOLYCLS.b747blck_material1
f 647//1453 642//1454 646//1455 
usemtl Polygon_XSIPOLYCLS.b747blck_material1
f 648//1456 642//1457 647//1458 
usemtl Polygon_XSIPOLYCLS.b747blck_material1
f 649//1459 650//1460 651//1461 
usemtl Polygon_XSIPOLYCLS.b747blck_material1
f 652//1462 650//1463 649//1464 
usemtl Polygon_XSIPOLYCLS.b747blck_material1
f 653//1465 650//1466 652//1467 
usemtl Polygon_XSIPOLYCLS.b747blck_material1
f 654//1468 650//1469 653//1470 
usemtl Polygon_XSIPOLYCLS.b747blck_material1
f 655//1471 650//1472 654//1473 
usemtl Polygon_XSIPOLYCLS.b747blck_material1
f 656//1474 650//1475 655//1476 
usemtl Polygon_XSIPOLYCLS.b747blck_material1
f 657//1477 658//1478 659//1479 
usemtl Polygon_XSIPOLYCLS.b747blck_material1
f 660//1480 658//1481 657//1482 
usemtl Polygon_XSIPOLYCLS.b747blck_material1
f 661//1483 658//1484 660//1485 
usemtl Polygon_XSIPOLYCLS.b747blck_material1
f 662//1486 658//1487 661//1488 
usemtl Polygon_XSIPOLYCLS.b747blck_material1
f 663//1489 658//1490 662//1491 
usemtl Polygon_XSIPOLYCLS.b747blck_material1
f 664//1492 658//1493 663//1494 
usemtl Polygon_XSIPOLYCLS.b747blck_material1
f 665//1495 666//1496 667//1497 
usemtl Polygon_XSIPOLYCLS.b747blck_material1
f 668//1498 666//1499 665//1500 
usemtl Polygon_XSIPOLYCLS.b747blck_material1
f 669//1501 666//1502 668//1503 
usemtl Polygon_XSIPOLYCLS.b747blck_material1
f 670//1504 666//1505 669//1506 
usemtl Polygon_XSIPOLYCLS.b747blck_material1
f 671//1507 666//1508 670//1509 
usemtl Polygon_XSIPOLYCLS.b747blck_material1
f 672//1510 666//1511 671//1512 
usemtl Polygon_XSIPOLYCLS.b747blck_material1
f 673//1513 674//1514 675//1515 
usemtl Polygon_XSIPOLYCLS.b747blck_material1
f 676//1516 674//1517 673//1518 
usemtl Polygon_XSIPOLYCLS.b747blck_material1
f 677//1519 674//1520 676//1521 
usemtl Polygon_XSIPOLYCLS.b747blck_material1
f 678//1522 674//1523 677//1524 
usemtl Polygon_XSIPOLYCLS.b747blck_material1
f 679//1525 674//1526 678//1527 
usemtl Polygon_XSIPOLYCLS.b747blck_material1
f 680//1528 674//1529 679//1530 
usemtl Polygon_XSIPOLYCLS.b747blck_material1
f 681//1531 682//1532 683//1533 
usemtl Polygon_XSIPOLYCLS.b747blck_material1
f 684//1534 682//1535 681//1536 
usemtl Polygon_XSIPOLYCLS.b747blck_material1
f 685//1537 682//1538 684//1539 
usemtl Polygon_XSIPOLYCLS.b747blck_material1
f 686//1540 682//1541 685//1542 
usemtl Polygon_XSIPOLYCLS.b747blck_material1
f 687//1543 682//1544 686//1545 
usemtl Polygon_XSIPOLYCLS.b747blck_material1
f 688//1546 682//1547 687//1548 
usemtl Polygon_XSIPOLYCLS.b747blck_material1
f 689//1549 690//1550 691//1551 
usemtl Polygon_XSIPOLYCLS.b747blck_material1
f 692//1552 690//1553 689//1554 
usemtl Polygon_XSIPOLYCLS.b747blck_material1
f 693//1555 690//1556 692//1557 
usemtl Polygon_XSIPOLYCLS.b747blck_material1
f 694//1558 690//1559 693//1560 
usemtl Polygon_XSIPOLYCLS.b747blck_material1
f 695//1561 690//1562 694//1563 
usemtl Polygon_XSIPOLYCLS.b747blck_material1
f 696//1564 690//1565 695//1566 
usemtl Polygon_XSIPOLYCLS.b747blck_material1
f 697//1567 698//1568 699//1569 
usemtl Polygon_XSIPOLYCLS.b747blck_material1
f 700//1570 698//1571 697//1572 
usemtl Polygon_XSIPOLYCLS.b747blck_material1
f 701//1573 698//1574 700//1575 
usemtl Polygon_XSIPOLYCLS.b747blck_material1
f 702//1576 698//1577 701//1578 
usemtl Polygon_XSIPOLYCLS.b747blck_material1
f 703//1579 698//1580 702//1581 
usemtl Polygon_XSIPOLYCLS.b747blck_material1
f 704//1582 698//1583 703//1584 
usemtl Polygon_XSIPOLYCLS.b747blck_material1
f 707//1587 706//1586 705//1585 
usemtl Polygon_XSIPOLYCLS.b747blck_material1
f 705//1590 706//1589 708//1588 
usemtl Polygon_XSIPOLYCLS.b747blck_material1
f 708//1593 706//1592 709//1591 
usemtl Polygon_XSIPOLYCLS.b747blck_material1
f 709//1596 706//1595 710//1594 
usemtl Polygon_XSIPOLYCLS.b747blck_material1
f 710//1599 706//1598 711//1597 
usemtl Polygon_XSIPOLYCLS.b747blck_material1
f 711//1602 706//1601 712//1600 
usemtl Polygon_XSIPOLYCLS.b747blck_material1
f 715//1605 714//1604 713//1603 
usemtl Polygon_XSIPOLYCLS.b747blck_material1
f 713//1608 714//1607 716//1606 
usemtl Polygon_XSIPOLYCLS.b747blck_material1
f 716//1611 714//1610 717//1609 
usemtl Polygon_XSIPOLYCLS.b747blck_material1
f 717//1614 714//1613 718//1612 
usemtl Polygon_XSIPOLYCLS.b747blck_material1
f 718//1617 714//1616 719//1615 
usemtl Polygon_XSIPOLYCLS.b747blck_material1
f 719//1620 714//1619 720//1618 
usemtl Polygon_XSIPOLYCLS.b747blck_material1
f 723//1623 722//1622 721//1621 
usemtl Polygon_XSIPOLYCLS.b747blck_material1
f 721//1626 722//1625 724//1624 
usemtl Polygon_XSIPOLYCLS.b747blck_material1
f 724//1629 722//1628 725//1627 
usemtl Polygon_XSIPOLYCLS.b747blck_material1
f 725//1632 722//1631 726//1630 
usemtl Polygon_XSIPOLYCLS.b747blck_material1
f 726//1635 722//1634 727//1633 
usemtl Polygon_XSIPOLYCLS.b747blck_material1
f 727//1638 722//1637 728//1636 
usemtl Polygon_XSIPOLYCLS.b747blck_material1
f 731//1641 730//1640 729//1639 
usemtl Polygon_XSIPOLYCLS.b747blck_material1
f 729//1644 730//1643 732//1642 
usemtl Polygon_XSIPOLYCLS.b747blck_material1
f 732//1647 730//1646 733//1645 
usemtl Polygon_XSIPOLYCLS.b747blck_material1
f 733//1650 730//1649 734//1648 
usemtl Polygon_XSIPOLYCLS.b747blck_material1
f 734//1653 730//1652 735//1651 
usemtl Polygon_XSIPOLYCLS.b747blck_material1
f 735//1656 730//1655 736//1654 
usemtl Polygon_XSIPOLYCLS.b747blck_material1
f 739//1659 738//1658 737//1657 
usemtl Polygon_XSIPOLYCLS.b747blck_material1
f 737//1662 738//1661 740//1660 
usemtl Polygon_XSIPOLYCLS.b747blck_material1
f 740//1665 738//1664 741//1663 
usemtl Polygon_XSIPOLYCLS.b747blck_material1
f 741//1668 738//1667 742//1666 
usemtl Polygon_XSIPOLYCLS.b747blck_material1
f 742//1671 738//1670 743//1669 
usemtl Polygon_XSIPOLYCLS.b747blck_material1
f 743//1674 738//1673 744//1672 
usemtl Polygon_XSIPOLYCLS.b747blck_material1
f 747//1677 746//1676 745//1675 
usemtl Polygon_XSIPOLYCLS.b747blck_material1
f 745//1680 746//1679 748//1678 
usemtl Polygon_XSIPOLYCLS.b747blck_material1
f 748//1683 746//1682 749//1681 
usemtl Polygon_XSIPOLYCLS.b747blck_material1
f 749//1686 746//1685 750//1684 
usemtl Polygon_XSIPOLYCLS.b747blck_material1
f 750//1689 746//1688 751//1687 
usemtl Polygon_XSIPOLYCLS.b747blck_material1
f 751//1692 746//1691 752//1690 
usemtl Polygon_XSIPOLYCLS.b747blck_material1
f 755//1695 754//1694 753//1693 
usemtl Polygon_XSIPOLYCLS.b747blck_material1
f 753//1698 754//1697 756//1696 
usemtl Polygon_XSIPOLYCLS.b747blck_material1
f 756//1701 754//1700 757//1699 
usemtl Polygon_XSIPOLYCLS.b747blck_material1
f 757//1704 754//1703 758//1702 
usemtl Polygon_XSIPOLYCLS.b747blck_material1
f 758//1707 754//1706 759//1705 
usemtl Polygon_XSIPOLYCLS.b747blck_material1
f 759//1710 754//1709 760//1708 
usemtl Polygon_XSIPOLYCLS.b747blck_material1
f 763//1713 762//1712 761//1711 
usemtl Polygon_XSIPOLYCLS.b747blck_material1
f 761//1716 762//1715 764//1714 
usemtl Polygon_XSIPOLYCLS.b747blck_material1
f 764//1719 762//1718 765//1717 
usemtl Polygon_XSIPOLYCLS.b747blck_material1
f 765//1722 762//1721 766//1720 
usemtl Polygon_XSIPOLYCLS.b747blck_material1
f 766//1725 762//1724 767//1723 
usemtl Polygon_XSIPOLYCLS.b747blck_material1
f 767//1728 762//1727 768//1726 
usemtl Polygon_XSIPOLYCLS.b747blck_material1
f 771//1731 770//1730 769//1729 
usemtl Polygon_XSIPOLYCLS.b747blck_material1
f 769//1734 770//1733 772//1732 
usemtl Polygon_XSIPOLYCLS.b747blck_material1
f 772//1737 770//1736 773//1735 
usemtl Polygon_XSIPOLYCLS.b747blck_material1
f 773//1740 770//1739 774//1738 
usemtl Polygon_XSIPOLYCLS.b747blck_material1
f 774//1743 770//1742 775//1741 
usemtl Polygon_XSIPOLYCLS.b747blck_material1
f 775//1746 770//1745 776//1744 
usemtl Polygon_XSIPOLYCLS.b747blck_material1
f 779//1749 778//1748 777//1747 
usemtl Polygon_XSIPOLYCLS.b747blck_material1
f 777//1752 778//1751 780//1750 
usemtl Polygon_XSIPOLYCLS.b747blck_material1
f 780//1755 778//1754 781//1753 
usemtl Polygon_XSIPOLYCLS.b747blck_material1
f 781//1758 778//1757 782//1756 
usemtl Polygon_XSIPOLYCLS.b747blck_material1
f 782//1761 778//1760 783//1759 
usemtl Polygon_XSIPOLYCLS.b747blck_material1
f 783//1764 778//1763 784//1762 
usemtl Polygon_XSIPOLYCLS.b747blck_material1
f 787//1767 786//1766 785//1765 
usemtl Polygon_XSIPOLYCLS.b747blck_material1
f 785//1770 786//1769 788//1768 
usemtl Polygon_XSIPOLYCLS.b747blck_material1
f 788//1773 786//1772 789//1771 
usemtl Polygon_XSIPOLYCLS.b747blck_material1
f 789//1776 786//1775 790//1774 
usemtl Polygon_XSIPOLYCLS.b747blck_material1
f 790//1779 786//1778 791//1777 
usemtl Polygon_XSIPOLYCLS.b747blck_material1
f 791//1782 786//1781 792//1780 
usemtl Polygon_XSIPOLYCLS.b747blck_material1
f 795//1785 794//1784 793//1783 
usemtl Polygon_XSIPOLYCLS.b747blck_material1
f 793//1788 794//1787 796//1786 
usemtl Polygon_XSIPOLYCLS.b747blck_material1
f 796//1791 794//1790 797//1789 
usemtl Polygon_XSIPOLYCLS.b747blck_material1
f 797//1794 794//1793 798//1792 
usemtl Polygon_XSIPOLYCLS.b747blck_material1
f 798//1797 794//1796 799//1795 
usemtl Polygon_XSIPOLYCLS.b747blck_material1
f 799//1800 794//1799 800//1798 
usemtl Polygon_XSIPOLYCLS.b747blck_material1
f 803//1803 802//1802 801//1801 
usemtl Polygon_XSIPOLYCLS.b747blck_material1
f 801//1806 802//1805 804//1804 
usemtl Polygon_XSIPOLYCLS.b747blck_material1
f 804//1809 802//1808 805//1807 
usemtl Polygon_XSIPOLYCLS.b747blck_material1
f 805//1812 802//1811 806//1810 
usemtl Polygon_XSIPOLYCLS.b747blck_material1
f 806//1815 802//1814 807//1813 
usemtl Polygon_XSIPOLYCLS.b747blck_material1
f 807//1818 802//1817 808//1816 
usemtl Polygon_XSIPOLYCLS.b747blck_material1
f 811//1821 810//1820 809//1819 
usemtl Polygon_XSIPOLYCLS.b747blck_material1
f 809//1824 810//1823 812//1822 
usemtl Polygon_XSIPOLYCLS.b747blck_material1
f 812//1827 810//1826 813//1825 
usemtl Polygon_XSIPOLYCLS.b747blck_material1
f 813//1830 810//1829 814//1828 
usemtl Polygon_XSIPOLYCLS.b747blck_material1
f 814//1833 810//1832 815//1831 
usemtl Polygon_XSIPOLYCLS.b747blck_material1
f 815//1836 810//1835 816//1834 
usemtl Polygon_XSIPOLYCLS.b747blck_material1
f 819//1839 818//1838 817//1837 
usemtl Polygon_XSIPOLYCLS.b747blck_material1
f 817//1842 818//1841 820//1840 
usemtl Polygon_XSIPOLYCLS.b747blck_material1
f 820//1845 818//1844 821//1843 
usemtl Polygon_XSIPOLYCLS.b747blck_material1
f 821//1848 818//1847 822//1846 
usemtl Polygon_XSIPOLYCLS.b747blck_material1
f 822//1851 818//1850 823//1849 
usemtl Polygon_XSIPOLYCLS.b747blck_material1
f 823//1854 818//1853 824//1852 
usemtl Polygon_XSIPOLYCLS.b747blck_material1
f 827//1857 826//1856 825//1855 
usemtl Polygon_XSIPOLYCLS.b747blck_material1
f 825//1860 826//1859 828//1858 
usemtl Polygon_XSIPOLYCLS.b747blck_material1
f 828//1863 826//1862 829//1861 
usemtl Polygon_XSIPOLYCLS.b747blck_material1
f 829//1866 826//1865 830//1864 
usemtl Polygon_XSIPOLYCLS.b747blck_material1
f 830//1869 826//1868 831//1867 
usemtl Polygon_XSIPOLYCLS.b747blck_material1
f 831//1872 826//1871 832//1870 
usemtl Polygon_XSIPOLYCLS.b747blck_material1
f 835//1875 834//1874 833//1873 
usemtl Polygon_XSIPOLYCLS.b747blck_material1
f 833//1878 834//1877 836//1876 
usemtl Polygon_XSIPOLYCLS.b747blck_material1
f 836//1881 834//1880 837//1879 
usemtl Polygon_XSIPOLYCLS.b747blck_material1
f 837//1884 834//1883 838//1882 
usemtl Polygon_XSIPOLYCLS.b747blck_material1
f 838//1887 834//1886 839//1885 
usemtl Polygon_XSIPOLYCLS.b747blck_material1
f 839//1890 834//1889 840//1888 
usemtl Polygon_XSIPOLYCLS.b747blck_material1
f 843//1893 842//1892 841//1891 
usemtl Polygon_XSIPOLYCLS.b747blck_material1
f 841//1896 842//1895 844//1894 
usemtl Polygon_XSIPOLYCLS.b747blck_material1
f 844//1899 842//1898 845//1897 
usemtl Polygon_XSIPOLYCLS.b747blck_material1
f 845//1902 842//1901 846//1900 
usemtl Polygon_XSIPOLYCLS.b747blck_material1
f 846//1905 842//1904 847//1903 
usemtl Polygon_XSIPOLYCLS.b747blck_material1
f 847//1908 842//1907 848//1906 
usemtl Polygon_XSIPOLYCLS.b747blck_material1
f 851//1911 850//1910 849//1909 
usemtl Polygon_XSIPOLYCLS.b747blck_material1
f 849//1914 850//1913 852//1912 
usemtl Polygon_XSIPOLYCLS.b747blck_material1
f 852//1917 850//1916 853//1915 
usemtl Polygon_XSIPOLYCLS.b747blck_material1
f 853//1920 850//1919 854//1918 
usemtl Polygon_XSIPOLYCLS.b747blck_material1
f 854//1923 850//1922 855//1921 
usemtl Polygon_XSIPOLYCLS.b747blck_material1
f 855//1926 850//1925 856//1924 
usemtl Polygon_XSIPOLYCLS.b747blck_material1
f 859//1929 858//1928 857//1927 
usemtl Polygon_XSIPOLYCLS.b747blck_material1
f 857//1932 858//1931 860//1930 
usemtl Polygon_XSIPOLYCLS.b747blck_material1
f 860//1935 858//1934 861//1933 
usemtl Polygon_XSIPOLYCLS.b747blck_material1
f 861//1938 858//1937 862//1936 
usemtl Polygon_XSIPOLYCLS.b747blck_material1
f 862//1941 858//1940 863//1939 
usemtl Polygon_XSIPOLYCLS.b747blck_material1
f 863//1944 858//1943 864//1942 
usemtl Polygon_XSIPOLYCLS.b747blck_material1
f 867//1947 866//1946 865//1945 
usemtl Polygon_XSIPOLYCLS.b747blck_material1
f 865//1950 866//1949 868//1948 
usemtl Polygon_XSIPOLYCLS.b747blck_material1
f 868//1953 866//1952 869//1951 
usemtl Polygon_XSIPOLYCLS.b747blck_material1
f 869//1956 866//1955 870//1954 
usemtl Polygon_XSIPOLYCLS.b747blck_material1
f 870//1959 866//1958 871//1957 
usemtl Polygon_XSIPOLYCLS.b747blck_material1
f 871//1962 866//1961 872//1960 
usemtl Polygon_XSIPOLYCLS.b747blck_material1
f 875//1965 874//1964 873//1963 
usemtl Polygon_XSIPOLYCLS.b747blck_material1
f 873//1968 874//1967 876//1966 
usemtl Polygon_XSIPOLYCLS.b747blck_material1
f 876//1971 874//1970 877//1969 
usemtl Polygon_XSIPOLYCLS.b747blck_material1
f 877//1974 874//1973 878//1972 
usemtl Polygon_XSIPOLYCLS.b747blck_material1
f 878//1977 874//1976 879//1975 
usemtl Polygon_XSIPOLYCLS.b747blck_material1
f 879//1980 874//1979 880//1978 
usemtl Polygon_XSIPOLYCLS.b747blck_material1
f 883//1983 882//1982 881//1981 
usemtl Polygon_XSIPOLYCLS.b747blck_material1
f 881//1986 882//1985 884//1984 
usemtl Polygon_XSIPOLYCLS.b747blck_material1
f 884//1989 882//1988 885//1987 
usemtl Polygon_XSIPOLYCLS.b747blck_material1
f 885//1992 882//1991 886//1990 
usemtl Polygon_XSIPOLYCLS.b747blck_material1
f 886//1995 882//1994 887//1993 
usemtl Polygon_XSIPOLYCLS.b747blck_material1
f 887//1998 882//1997 888//1996 
usemtl Polygon_XSIPOLYCLS.b747blck_material1
f 891//2001 890//2000 889//1999 
usemtl Polygon_XSIPOLYCLS.b747blck_material1
f 889//2004 890//2003 892//2002 
usemtl Polygon_XSIPOLYCLS.b747blck_material1
f 892//2007 890//2006 893//2005 
usemtl Polygon_XSIPOLYCLS.b747blck_material1
f 893//2010 890//2009 894//2008 
usemtl Polygon_XSIPOLYCLS.b747blck_material1
f 894//2013 890//2012 895//2011 
usemtl Polygon_XSIPOLYCLS.b747blck_material1
f 895//2016 890//2015 896//2014 
usemtl Polygon_XSIPOLYCLS.b747blck_material1
f 899//2019 898//2018 897//2017 
usemtl Polygon_XSIPOLYCLS.b747blck_material1
f 897//2022 898//2021 900//2020 
usemtl Polygon_XSIPOLYCLS.b747blck_material1
f 900//2025 898//2024 901//2023 
usemtl Polygon_XSIPOLYCLS.b747blck_material1
f 901//2028 898//2027 902//2026 
usemtl Polygon_XSIPOLYCLS.b747blck_material1
f 902//2031 898//2030 903//2029 
usemtl Polygon_XSIPOLYCLS.b747blck_material1
f 903//2034 898//2033 904//2032 
usemtl Polygon_XSIPOLYCLS.b747blck_material1
f 907//2037 906//2036 905//2035 
usemtl Polygon_XSIPOLYCLS.b747blck_material1
f 905//2040 906//2039 908//2038 
usemtl Polygon_XSIPOLYCLS.b747blck_material1
f 908//2043 906//2042 909//2041 
usemtl Polygon_XSIPOLYCLS.b747blck_material1
f 909//2046 906//2045 910//2044 
usemtl Polygon_XSIPOLYCLS.b747blck_material1
f 910//2049 906//2048 911//2047 
usemtl Polygon_XSIPOLYCLS.b747blck_material1
f 911//2052 906//2051 912//2050 
usemtl Polygon_XSIPOLYCLS.b747blck_material1
f 915//2055 914//2054 913//2053 
usemtl Polygon_XSIPOLYCLS.b747blck_material1
f 913//2058 914//2057 916//2056 
usemtl Polygon_XSIPOLYCLS.b747blck_material1
f 916//2061 914//2060 917//2059 
usemtl Polygon_XSIPOLYCLS.b747blck_material1
f 917//2064 914//2063 918//2062 
usemtl Polygon_XSIPOLYCLS.b747blck_material1
f 918//2067 914//2066 919//2065 
usemtl Polygon_XSIPOLYCLS.b747blck_material1
f 919//2070 914//2069 920//2068 
usemtl Polygon_XSIPOLYCLS.b747blck_material1
f 923//2073 922//2072 921//2071 
usemtl Polygon_XSIPOLYCLS.b747blck_material1
f 921//2076 922//2075 924//2074 
usemtl Polygon_XSIPOLYCLS.b747blck_material1
f 924//2079 922//2078 925//2077 
usemtl Polygon_XSIPOLYCLS.b747blck_material1
f 925//2082 922//2081 926//2080 
usemtl Polygon_XSIPOLYCLS.b747blck_material1
f 926//2085 922//2084 927//2083 
usemtl Polygon_XSIPOLYCLS.b747blck_material1
f 927//2088 922//2087 928//2086 
usemtl Polygon_XSIPOLYCLS.b747blck_material1
f 931//2091 930//2090 929//2089 
usemtl Polygon_XSIPOLYCLS.b747blck_material1
f 929//2094 930//2093 932//2092 
usemtl Polygon_XSIPOLYCLS.b747blck_material1
f 932//2097 930//2096 933//2095 
usemtl Polygon_XSIPOLYCLS.b747blck_material1
f 933//2100 930//2099 934//2098 
usemtl Polygon_XSIPOLYCLS.b747blck_material1
f 934//2103 930//2102 935//2101 
usemtl Polygon_XSIPOLYCLS.b747blck_material1
f 935//2106 930//2105 936//2104 
usemtl Polygon_XSIPOLYCLS.b747blck_material1
f 939//2109 938//2108 937//2107 
usemtl Polygon_XSIPOLYCLS.b747blck_material1
f 937//2112 938//2111 940//2110 
usemtl Polygon_XSIPOLYCLS.b747blck_material1
f 940//2115 938//2114 941//2113 
usemtl Polygon_XSIPOLYCLS.b747blck_material1
f 941//2118 938//2117 942//2116 
usemtl Polygon_XSIPOLYCLS.b747blck_material1
f 942//2121 938//2120 943//2119 
usemtl Polygon_XSIPOLYCLS.b747blck_material1
f 943//2124 938//2123 944//2122 
usemtl Polygon_XSIPOLYCLS.b747blck_material1
f 947//2127 946//2126 945//2125 
usemtl Polygon_XSIPOLYCLS.b747blck_material1
f 945//2130 946//2129 948//2128 
usemtl Polygon_XSIPOLYCLS.b747blck_material1
f 948//2133 946//2132 949//2131 
usemtl Polygon_XSIPOLYCLS.b747blck_material1
f 949//2136 946//2135 950//2134 
usemtl Polygon_XSIPOLYCLS.b747blck_material1
f 950//2139 946//2138 951//2137 
usemtl Polygon_XSIPOLYCLS.b747blck_material1
f 951//2142 946//2141 952//2140 
usemtl Polygon_XSIPOLYCLS.b747blck_material1
f 955//2145 954//2144 953//2143 
usemtl Polygon_XSIPOLYCLS.b747blck_material1
f 953//2148 954//2147 956//2146 
usemtl Polygon_XSIPOLYCLS.b747blck_material1
f 956//2151 954//2150 957//2149 
usemtl Polygon_XSIPOLYCLS.b747blck_material1
f 957//2154 954//2153 958//2152 
usemtl Polygon_XSIPOLYCLS.b747blck_material1
f 958//2157 954//2156 959//2155 
usemtl Polygon_XSIPOLYCLS.b747blck_material1
f 959//2160 954//2159 960//2158 
usemtl Polygon_XSIPOLYCLS.b747blck_material1
f 963//2163 962//2162 961//2161 
usemtl Polygon_XSIPOLYCLS.b747blck_material1
f 961//2166 962//2165 964//2164 
usemtl Polygon_XSIPOLYCLS.b747blck_material1
f 964//2169 962//2168 965//2167 
usemtl Polygon_XSIPOLYCLS.b747blck_material1
f 965//2172 962//2171 966//2170 
usemtl Polygon_XSIPOLYCLS.b747blck_material1
f 966//2175 962//2174 967//2173 
usemtl Polygon_XSIPOLYCLS.b747blck_material1
f 967//2178 962//2177 968//2176 
usemtl Polygon_XSIPOLYCLS.b747blck_material1
f 971//2181 970//2180 969//2179 
usemtl Polygon_XSIPOLYCLS.b747blck_material1
f 969//2184 970//2183 972//2182 
usemtl Polygon_XSIPOLYCLS.b747blck_material1
f 972//2187 970//2186 973//2185 
usemtl Polygon_XSIPOLYCLS.b747blck_material1
f 973//2190 970//2189 974//2188 
usemtl Polygon_XSIPOLYCLS.b747blck_material1
f 974//2193 970//2192 975//2191 
usemtl Polygon_XSIPOLYCLS.b747blck_material1
f 975//2196 970//2195 976//2194 
usemtl Polygon_XSIPOLYCLS.b747blck_material1
f 979//2199 978//2198 977//2197 
usemtl Polygon_XSIPOLYCLS.b747blck_material1
f 977//2202 978//2201 980//2200 
usemtl Polygon_XSIPOLYCLS.b747blck_material1
f 980//2205 978//2204 981//2203 
usemtl Polygon_XSIPOLYCLS.b747blck_material1
f 981//2208 978//2207 982//2206 
usemtl Polygon_XSIPOLYCLS.b747blck_material1
f 982//2211 978//2210 983//2209 
usemtl Polygon_XSIPOLYCLS.b747blck_material1
f 983//2214 978//2213 984//2212 
usemtl Polygon_XSIPOLYCLS.b747blck_material1
f 987//2217 986//2216 985//2215 
usemtl Polygon_XSIPOLYCLS.b747blck_material1
f 985//2220 986//2219 988//2218 
usemtl Polygon_XSIPOLYCLS.b747blck_material1
f 988//2223 986//2222 989//2221 
usemtl Polygon_XSIPOLYCLS.b747blck_material1
f 989//2226 986//2225 990//2224 
usemtl Polygon_XSIPOLYCLS.b747blck_material1
f 990//2229 986//2228 991//2227 
usemtl Polygon_XSIPOLYCLS.b747blck_material1
f 991//2232 986//2231 992//2230 
usemtl Polygon_XSIPOLYCLS.b747blck_material1
f 995//2235 994//2234 993//2233 
usemtl Polygon_XSIPOLYCLS.b747blck_material1
f 993//2238 994//2237 996//2236 
usemtl Polygon_XSIPOLYCLS.b747blck_material1
f 996//2241 994//2240 997//2239 
usemtl Polygon_XSIPOLYCLS.b747blck_material1
f 997//2244 994//2243 998//2242 
usemtl Polygon_XSIPOLYCLS.b747blck_material1
f 998//2247 994//2246 999//2245 
usemtl Polygon_XSIPOLYCLS.b747blck_material1
f 999//2250 994//2249 1000//2248 
usemtl Polygon_XSIPOLYCLS.b747blck_material1
f 1003//2253 1002//2252 1001//2251 
usemtl Polygon_XSIPOLYCLS.b747blck_material1
f 1001//2256 1002//2255 1004//2254 
usemtl Polygon_XSIPOLYCLS.b747blck_material1
f 1004//2259 1002//2258 1005//2257 
usemtl Polygon_XSIPOLYCLS.b747blck_material1
f 1005//2262 1002//2261 1006//2260 
usemtl Polygon_XSIPOLYCLS.b747blck_material1
f 1006//2265 1002//2264 1007//2263 
usemtl Polygon_XSIPOLYCLS.b747blck_material1
f 1007//2268 1002//2267 1008//2266 
usemtl Polygon_XSIPOLYCLS.b747blck_material1
f 1011//2271 1010//2270 1009//2269 
usemtl Polygon_XSIPOLYCLS.b747blck_material1
f 1009//2274 1010//2273 1012//2272 
usemtl Polygon_XSIPOLYCLS.b747blck_material1
f 1012//2277 1010//2276 1013//2275 
usemtl Polygon_XSIPOLYCLS.b747blck_material1
f 1013//2280 1010//2279 1014//2278 
usemtl Polygon_XSIPOLYCLS.b747blck_material1
f 1014//2283 1010//2282 1015//2281 
usemtl Polygon_XSIPOLYCLS.b747blck_material1
f 1015//2286 1010//2285 1016//2284 
usemtl Polygon_XSIPOLYCLS.b747blck_material1
f 1019//2289 1018//2288 1017//2287 
usemtl Polygon_XSIPOLYCLS.b747blck_material1
f 1017//2292 1018//2291 1020//2290 
usemtl Polygon_XSIPOLYCLS.b747blck_material1
f 1020//2295 1018//2294 1021//2293 
usemtl Polygon_XSIPOLYCLS.b747blck_material1
f 1021//2298 1018//2297 1022//2296 
usemtl Polygon_XSIPOLYCLS.b747blck_material1
f 1022//2301 1018//2300 1023//2299 
usemtl Polygon_XSIPOLYCLS.b747blck_material1
f 1023//2304 1018//2303 1024//2302 
usemtl Polygon_XSIPOLYCLS.b747blck_material1
f 1027//2307 1026//2306 1025//2305 
usemtl Polygon_XSIPOLYCLS.b747blck_material1
f 1025//2310 1026//2309 1028//2308 
usemtl Polygon_XSIPOLYCLS.b747blck_material1
f 1028//2313 1026//2312 1029//2311 
usemtl Polygon_XSIPOLYCLS.b747blck_material1
f 1029//2316 1026//2315 1030//2314 
usemtl Polygon_XSIPOLYCLS.b747blck_material1
f 1030//2319 1026//2318 1031//2317 
usemtl Polygon_XSIPOLYCLS.b747blck_material1
f 1031//2322 1026//2321 1032//2320 
usemtl Polygon_XSIPOLYCLS.b747blck_material1
f 1035//2325 1034//2324 1033//2323 
usemtl Polygon_XSIPOLYCLS.b747blck_material1
f 1033//2328 1034//2327 1036//2326 
usemtl Polygon_XSIPOLYCLS.b747blck_material1
f 1036//2331 1034//2330 1037//2329 
usemtl Polygon_XSIPOLYCLS.b747blck_material1
f 1037//2334 1034//2333 1038//2332 
usemtl Polygon_XSIPOLYCLS.b747blck_material1
f 1038//2337 1034//2336 1039//2335 
usemtl Polygon_XSIPOLYCLS.b747blck_material1
f 1039//2340 1034//2339 1040//2338 
usemtl Polygon_XSIPOLYCLS.b747blck_material1
f 1043//2343 1042//2342 1041//2341 
usemtl Polygon_XSIPOLYCLS.b747blck_material1
f 1041//2346 1042//2345 1044//2344 
usemtl Polygon_XSIPOLYCLS.b747blck_material1
f 1044//2349 1042//2348 1045//2347 
usemtl Polygon_XSIPOLYCLS.b747blck_material1
f 1045//2352 1042//2351 1046//2350 
usemtl Polygon_XSIPOLYCLS.b747blck_material1
f 1046//2355 1042//2354 1047//2353 
usemtl Polygon_XSIPOLYCLS.b747blck_material1
f 1047//2358 1042//2357 1048//2356 
usemtl Polygon_XSIPOLYCLS.b747blck_material1
f 1051//2361 1050//2360 1049//2359 
usemtl Polygon_XSIPOLYCLS.b747blck_material1
f 1049//2364 1050//2363 1052//2362 
usemtl Polygon_XSIPOLYCLS.b747blck_material1
f 1052//2367 1050//2366 1053//2365 
usemtl Polygon_XSIPOLYCLS.b747blck_material1
f 1053//2370 1050//2369 1054//2368 
usemtl Polygon_XSIPOLYCLS.b747blck_material1
f 1054//2373 1050//2372 1055//2371 
usemtl Polygon_XSIPOLYCLS.b747blck_material1
f 1055//2376 1050//2375 1056//2374 
usemtl Polygon_XSIPOLYCLS.b747blck_material1
f 1059//2379 1058//2378 1057//2377 
usemtl Polygon_XSIPOLYCLS.b747blck_material1
f 1057//2382 1058//2381 1060//2380 
usemtl Polygon_XSIPOLYCLS.b747blck_material1
f 1060//2385 1058//2384 1061//2383 
usemtl Polygon_XSIPOLYCLS.b747blck_material1
f 1061//2388 1058//2387 1062//2386 
usemtl Polygon_XSIPOLYCLS.b747blck_material1
f 1062//2391 1058//2390 1063//2389 
usemtl Polygon_XSIPOLYCLS.b747blck_material1
f 1063//2394 1058//2393 1064//2392 
usemtl Polygon_XSIPOLYCLS.b747blck_material1
f 1067//2397 1066//2396 1065//2395 
usemtl Polygon_XSIPOLYCLS.b747blck_material1
f 1065//2400 1066//2399 1068//2398 
usemtl Polygon_XSIPOLYCLS.b747blck_material1
f 1068//2403 1066//2402 1069//2401 
usemtl Polygon_XSIPOLYCLS.b747blck_material1
f 1069//2406 1066//2405 1070//2404 
usemtl Polygon_XSIPOLYCLS.b747blck_material1
f 1070//2409 1066//2408 1071//2407 
usemtl Polygon_XSIPOLYCLS.b747blck_material1
f 1071//2412 1066//2411 1072//2410 
usemtl Polygon_XSIPOLYCLS.b747blck_material1
f 1075//2415 1074//2414 1073//2413 
usemtl Polygon_XSIPOLYCLS.b747blck_material1
f 1073//2418 1074//2417 1076//2416 
usemtl Polygon_XSIPOLYCLS.b747blck_material1
f 1076//2421 1074//2420 1077//2419 
usemtl Polygon_XSIPOLYCLS.b747blck_material1
f 1077//2424 1074//2423 1078//2422 
usemtl Polygon_XSIPOLYCLS.b747blck_material1
f 1078//2427 1074//2426 1079//2425 
usemtl Polygon_XSIPOLYCLS.b747blck_material1
f 1079//2430 1074//2429 1080//2428 
usemtl Polygon_XSIPOLYCLS.b747blck_material1
f 1083//2433 1082//2432 1081//2431 
usemtl Polygon_XSIPOLYCLS.b747blck_material1
f 1081//2436 1082//2435 1084//2434 
usemtl Polygon_XSIPOLYCLS.b747blck_material1
f 1084//2439 1082//2438 1085//2437 
usemtl Polygon_XSIPOLYCLS.b747blck_material1
f 1085//2442 1082//2441 1086//2440 
usemtl Polygon_XSIPOLYCLS.b747blck_material1
f 1086//2445 1082//2444 1087//2443 
usemtl Polygon_XSIPOLYCLS.b747blck_material1
f 1087//2448 1082//2447 1088//2446 
usemtl Polygon_XSIPOLYCLS.b747blck_material1
f 1091//2451 1090//2450 1089//2449 
usemtl Polygon_XSIPOLYCLS.b747blck_material1
f 1089//2454 1090//2453 1092//2452 
usemtl Polygon_XSIPOLYCLS.b747blck_material1
f 1092//2457 1090//2456 1093//2455 
usemtl Polygon_XSIPOLYCLS.b747blck_material1
f 1093//2460 1090//2459 1094//2458 
usemtl Polygon_XSIPOLYCLS.b747blck_material1
f 1094//2463 1090//2462 1095//2461 
usemtl Polygon_XSIPOLYCLS.b747blck_material1
f 1095//2466 1090//2465 1096//2464 
usemtl Polygon_XSIPOLYCLS.b747blck_material1
f 1099//2469 1098//2468 1097//2467 
usemtl Polygon_XSIPOLYCLS.b747blck_material1
f 1097//2472 1098//2471 1100//2470 
usemtl Polygon_XSIPOLYCLS.b747blck_material1
f 1100//2475 1098//2474 1101//2473 
usemtl Polygon_XSIPOLYCLS.b747blck_material1
f 1101//2478 1098//2477 1102//2476 
usemtl Polygon_XSIPOLYCLS.b747blck_material1
f 1102//2481 1098//2480 1103//2479 
usemtl Polygon_XSIPOLYCLS.b747blck_material1
f 1103//2484 1098//2483 1104//2482 
usemtl Polygon_XSIPOLYCLS.b747blck_material1
f 1107//2487 1106//2486 1105//2485 
usemtl Polygon_XSIPOLYCLS.b747blck_material1
f 1105//2490 1106//2489 1108//2488 
usemtl Polygon_XSIPOLYCLS.b747blck_material1
f 1108//2493 1106//2492 1109//2491 
usemtl Polygon_XSIPOLYCLS.b747blck_material1
f 1109//2496 1106//2495 1110//2494 
usemtl Polygon_XSIPOLYCLS.b747blck_material1
f 1110//2499 1106//2498 1111//2497 
usemtl Polygon_XSIPOLYCLS.b747blck_material1
f 1111//2502 1106//2501 1112//2500 
usemtl Polygon_XSIPOLYCLS.b747blck_material1
f 1115//2505 1114//2504 1113//2503 
usemtl Polygon_XSIPOLYCLS.b747blck_material1
f 1113//2508 1114//2507 1116//2506 
usemtl Polygon_XSIPOLYCLS.b747blck_material1
f 1116//2511 1114//2510 1117//2509 
usemtl Polygon_XSIPOLYCLS.b747blck_material1
f 1117//2514 1114//2513 1118//2512 
usemtl Polygon_XSIPOLYCLS.b747blck_material1
f 1118//2517 1114//2516 1119//2515 
usemtl Polygon_XSIPOLYCLS.b747blck_material1
f 1119//2520 1114//2519 1120//2518 
usemtl Polygon_XSIPOLYCLS.b747blck_material1
f 1123//2523 1122//2522 1121//2521 
usemtl Polygon_XSIPOLYCLS.b747blck_material1
f 1121//2526 1122//2525 1124//2524 
usemtl Polygon_XSIPOLYCLS.b747blck_material1
f 1124//2529 1122//2528 1125//2527 
usemtl Polygon_XSIPOLYCLS.b747blck_material1
f 1125//2532 1122//2531 1126//2530 
usemtl Polygon_XSIPOLYCLS.b747blck_material1
f 1126//2535 1122//2534 1127//2533 
usemtl Polygon_XSIPOLYCLS.b747blck_material1
f 1127//2538 1122//2537 1128//2536 
usemtl Polygon_XSIPOLYCLS.b747blck_material1
f 1131//2541 1130//2540 1129//2539 
usemtl Polygon_XSIPOLYCLS.b747blck_material1
f 1129//2544 1130//2543 1132//2542 
usemtl Polygon_XSIPOLYCLS.b747blck_material1
f 1132//2547 1130//2546 1133//2545 
usemtl Polygon_XSIPOLYCLS.b747blck_material1
f 1133//2550 1130//2549 1134//2548 
usemtl Polygon_XSIPOLYCLS.b747blck_material1
f 1134//2553 1130//2552 1135//2551 
usemtl Polygon_XSIPOLYCLS.b747blck_material1
f 1135//2556 1130//2555 1136//2554 
usemtl Polygon_XSIPOLYCLS.b747blck_material1
f 1139//2559 1138//2558 1137//2557 
usemtl Polygon_XSIPOLYCLS.b747blck_material1
f 1137//2562 1138//2561 1140//2560 
usemtl Polygon_XSIPOLYCLS.b747blck_material1
f 1140//2565 1138//2564 1141//2563 
usemtl Polygon_XSIPOLYCLS.b747blck_material1
f 1141//2568 1138//2567 1142//2566 
usemtl Polygon_XSIPOLYCLS.b747blck_material1
f 1142//2571 1138//2570 1143//2569 
usemtl Polygon_XSIPOLYCLS.b747blck_material1
f 1143//2574 1138//2573 1144//2572 
usemtl Polygon_XSIPOLYCLS.b747blck_material1
f 1147//2577 1146//2576 1145//2575 
usemtl Polygon_XSIPOLYCLS.b747blck_material1
f 1145//2580 1146//2579 1148//2578 
usemtl Polygon_XSIPOLYCLS.b747blck_material1
f 1148//2583 1146//2582 1149//2581 
usemtl Polygon_XSIPOLYCLS.b747blck_material1
f 1149//2586 1146//2585 1150//2584 
usemtl Polygon_XSIPOLYCLS.b747blck_material1
f 1150//2589 1146//2588 1151//2587 
usemtl Polygon_XSIPOLYCLS.b747blck_material1
f 1151//2592 1146//2591 1152//2590 
usemtl Polygon_XSIPOLYCLS.b747blck_material1
f 1155//2595 1154//2594 1153//2593 
usemtl Polygon_XSIPOLYCLS.b747blck_material1
f 1153//2598 1154//2597 1156//2596 
usemtl Polygon_XSIPOLYCLS.b747blck_material1
f 1156//2601 1154//2600 1157//2599 
usemtl Polygon_XSIPOLYCLS.b747blck_material1
f 1157//2604 1154//2603 1158//2602 
usemtl Polygon_XSIPOLYCLS.b747blck_material1
f 1158//2607 1154//2606 1159//2605 
usemtl Polygon_XSIPOLYCLS.b747blck_material1
f 1159//2610 1154//2609 1160//2608 
usemtl Polygon_XSIPOLYCLS.b747blck_material1
f 1163//2613 1162//2612 1161//2611 
usemtl Polygon_XSIPOLYCLS.b747blck_material1
f 1161//2616 1162//2615 1164//2614 
usemtl Polygon_XSIPOLYCLS.b747blck_material1
f 1164//2619 1162//2618 1165//2617 
usemtl Polygon_XSIPOLYCLS.b747blck_material1
f 1165//2622 1162//2621 1166//2620 
usemtl Polygon_XSIPOLYCLS.b747blck_material1
f 1166//2625 1162//2624 1167//2623 
usemtl Polygon_XSIPOLYCLS.b747blck_material1
f 1167//2628 1162//2627 1168//2626 
usemtl Polygon_XSIPOLYCLS.b747blck_material1
f 1171//2631 1170//2630 1169//2629 
usemtl Polygon_XSIPOLYCLS.b747blck_material1
f 1169//2634 1170//2633 1172//2632 
usemtl Polygon_XSIPOLYCLS.b747blck_material1
f 1172//2637 1170//2636 1173//2635 
usemtl Polygon_XSIPOLYCLS.b747blck_material1
f 1173//2640 1170//2639 1174//2638 
usemtl Polygon_XSIPOLYCLS.b747blck_material1
f 1174//2643 1170//2642 1175//2641 
usemtl Polygon_XSIPOLYCLS.b747blck_material1
f 1175//2646 1170//2645 1176//2644 
usemtl Polygon_XSIPOLYCLS.b747blck_material1
f 1179//2649 1178//2648 1177//2647 
usemtl Polygon_XSIPOLYCLS.b747blck_material1
f 1177//2652 1178//2651 1180//2650 
usemtl Polygon_XSIPOLYCLS.b747blck_material1
f 1180//2655 1178//2654 1181//2653 
usemtl Polygon_XSIPOLYCLS.b747blck_material1
f 1181//2658 1178//2657 1182//2656 
usemtl Polygon_XSIPOLYCLS.b747blck_material1
f 1182//2661 1178//2660 1183//2659 
usemtl Polygon_XSIPOLYCLS.b747blck_material1
f 1183//2664 1178//2663 1184//2662 
usemtl Polygon_XSIPOLYCLS.b747blck_material1
f 1187//2667 1186//2666 1185//2665 
usemtl Polygon_XSIPOLYCLS.b747blck_material1
f 1185//2670 1186//2669 1188//2668 
usemtl Polygon_XSIPOLYCLS.b747blck_material1
f 1188//2673 1186//2672 1189//2671 
usemtl Polygon_XSIPOLYCLS.b747blck_material1
f 1189//2676 1186//2675 1190//2674 
usemtl Polygon_XSIPOLYCLS.b747blck_material1
f 1190//2679 1186//2678 1191//2677 
usemtl Polygon_XSIPOLYCLS.b747blck_material1
f 1191//2682 1186//2681 1192//2680 
usemtl Polygon_XSIPOLYCLS.b747blck_material1
f 1195//2685 1194//2684 1193//2683 
usemtl Polygon_XSIPOLYCLS.b747blck_material1
f 1193//2688 1194//2687 1196//2686 
usemtl Polygon_XSIPOLYCLS.b747blck_material1
f 1196//2691 1194//2690 1197//2689 
usemtl Polygon_XSIPOLYCLS.b747blck_material1
f 1197//2694 1194//2693 1198//2692 
usemtl Polygon_XSIPOLYCLS.b747blck_material1
f 1198//2697 1194//2696 1199//2695 
usemtl Polygon_XSIPOLYCLS.b747blck_material1
f 1199//2700 1194//2699 1200//2698 
usemtl Polygon_XSIPOLYCLS.b747blck_material1
f 1203//2703 1202//2702 1201//2701 
usemtl Polygon_XSIPOLYCLS.b747blck_material1
f 1201//2706 1202//2705 1204//2704 
usemtl Polygon_XSIPOLYCLS.b747blck_material1
f 1204//2709 1202//2708 1205//2707 
usemtl Polygon_XSIPOLYCLS.b747blck_material1
f 1205//2712 1202//2711 1206//2710 
usemtl Polygon_XSIPOLYCLS.b747blck_material1
f 1206//2715 1202//2714 1207//2713 
usemtl Polygon_XSIPOLYCLS.b747blck_material1
f 1207//2718 1202//2717 1208//2716 
usemtl Polygon_XSIPOLYCLS.b747blck_material1
f 1211//2721 1210//2720 1209//2719 
usemtl Polygon_XSIPOLYCLS.b747blck_material1
f 1209//2724 1210//2723 1212//2722 
usemtl Polygon_XSIPOLYCLS.b747blck_material1
f 1212//2727 1210//2726 1213//2725 
usemtl Polygon_XSIPOLYCLS.b747blck_material1
f 1213//2730 1210//2729 1214//2728 
usemtl Polygon_XSIPOLYCLS.b747blck_material1
f 1214//2733 1210//2732 1215//2731 
usemtl Polygon_XSIPOLYCLS.b747blck_material1
f 1215//2736 1210//2735 1216//2734 
usemtl Polygon_XSIPOLYCLS.b747blck_material1
f 1219//2739 1218//2738 1217//2737 
usemtl Polygon_XSIPOLYCLS.b747blck_material1
f 1217//2742 1218//2741 1220//2740 
usemtl Polygon_XSIPOLYCLS.b747blck_material1
f 1220//2745 1218//2744 1221//2743 
usemtl Polygon_XSIPOLYCLS.b747blck_material1
f 1221//2748 1218//2747 1222//2746 
usemtl Polygon_XSIPOLYCLS.b747blck_material1
f 1222//2751 1218//2750 1223//2749 
usemtl Polygon_XSIPOLYCLS.b747blck_material1
f 1223//2754 1218//2753 1224//2752 
usemtl Polygon_XSIPOLYCLS.b747blck_material1
f 1227//2757 1226//2756 1225//2755 
usemtl Polygon_XSIPOLYCLS.b747blck_material1
f 1225//2760 1226//2759 1228//2758 
usemtl Polygon_XSIPOLYCLS.b747blck_material1
f 1228//2763 1226//2762 1229//2761 
usemtl Polygon_XSIPOLYCLS.b747blck_material1
f 1229//2766 1226//2765 1230//2764 
usemtl Polygon_XSIPOLYCLS.b747blck_material1
f 1230//2769 1226//2768 1231//2767 
usemtl Polygon_XSIPOLYCLS.b747blck_material1
f 1231//2772 1226//2771 1232//2770 
usemtl Polygon_XSIPOLYCLS.b747blck_material1
f 1235//2775 1234//2774 1233//2773 
usemtl Polygon_XSIPOLYCLS.b747blck_material1
f 1233//2778 1234//2777 1236//2776 
usemtl Polygon_XSIPOLYCLS.b747blck_material1
f 1236//2781 1234//2780 1237//2779 
usemtl Polygon_XSIPOLYCLS.b747blck_material1
f 1237//2784 1234//2783 1238//2782 
usemtl Polygon_XSIPOLYCLS.b747blck_material1
f 1238//2787 1234//2786 1239//2785 
usemtl Polygon_XSIPOLYCLS.b747blck_material1
f 1239//2790 1234//2789 1240//2788 
usemtl Polygon_XSIPOLYCLS.b747blck_material1
f 1243//2793 1242//2792 1241//2791 
usemtl Polygon_XSIPOLYCLS.b747blck_material1
f 1241//2796 1242//2795 1244//2794 
usemtl Polygon_XSIPOLYCLS.b747blck_material1
f 1244//2799 1242//2798 1245//2797 
usemtl Polygon_XSIPOLYCLS.b747blck_material1
f 1245//2802 1242//2801 1246//2800 
usemtl Polygon_XSIPOLYCLS.b747blck_material1
f 1246//2805 1242//2804 1247//2803 
usemtl Polygon_XSIPOLYCLS.b747blck_material1
f 1247//2808 1242//2807 1248//2806 
usemtl Polygon_XSIPOLYCLS.b747blck_material1
f 1251//2811 1250//2810 1249//2809 
usemtl Polygon_XSIPOLYCLS.b747blck_material1
f 1249//2814 1250//2813 1252//2812 
usemtl Polygon_XSIPOLYCLS.b747blck_material1
f 1252//2817 1250//2816 1253//2815 
usemtl Polygon_XSIPOLYCLS.b747blck_material1
f 1253//2820 1250//2819 1254//2818 
usemtl Polygon_XSIPOLYCLS.b747blck_material1
f 1254//2823 1250//2822 1255//2821 
usemtl Polygon_XSIPOLYCLS.b747blck_material1
f 1255//2826 1250//2825 1256//2824 
usemtl Polygon_XSIPOLYCLS.b747blck_material1
f 1259//2829 1258//2828 1257//2827 
usemtl Polygon_XSIPOLYCLS.b747blck_material1
f 1257//2832 1258//2831 1260//2830 
usemtl Polygon_XSIPOLYCLS.b747blck_material1
f 1260//2835 1258//2834 1261//2833 
usemtl Polygon_XSIPOLYCLS.b747blck_material1
f 1261//2838 1258//2837 1262//2836 
usemtl Polygon_XSIPOLYCLS.b747blck_material1
f 1262//2841 1258//2840 1263//2839 
usemtl Polygon_XSIPOLYCLS.b747blck_material1
f 1263//2844 1258//2843 1264//2842 
usemtl Polygon_XSIPOLYCLS.b747blck_material1
f 1267//2847 1266//2846 1265//2845 
usemtl Polygon_XSIPOLYCLS.b747blck_material1
f 1265//2850 1266//2849 1268//2848 
usemtl Polygon_XSIPOLYCLS.b747blck_material1
f 1268//2853 1266//2852 1269//2851 
usemtl Polygon_XSIPOLYCLS.b747blck_material1
f 1269//2856 1266//2855 1270//2854 
usemtl Polygon_XSIPOLYCLS.b747blck_material1
f 1270//2859 1266//2858 1271//2857 
usemtl Polygon_XSIPOLYCLS.b747blck_material1
f 1271//2862 1266//2861 1272//2860 
usemtl Polygon_XSIPOLYCLS.b747blck_material1
f 1275//2865 1274//2864 1273//2863 
usemtl Polygon_XSIPOLYCLS.b747blck_material1
f 1273//2868 1274//2867 1276//2866 
usemtl Polygon_XSIPOLYCLS.b747blck_material1
f 1276//2871 1274//2870 1277//2869 
usemtl Polygon_XSIPOLYCLS.b747blck_material1
f 1277//2874 1274//2873 1278//2872 
usemtl Polygon_XSIPOLYCLS.b747blck_material1
f 1278//2877 1274//2876 1279//2875 
usemtl Polygon_XSIPOLYCLS.b747blck_material1
f 1279//2880 1274//2879 1280//2878 
usemtl Polygon_XSIPOLYCLS.b747blck_material1
f 1283//2883 1282//2882 1281//2881 
usemtl Polygon_XSIPOLYCLS.b747blck_material1
f 1281//2886 1282//2885 1284//2884 
usemtl Polygon_XSIPOLYCLS.b747blck_material1
f 1284//2889 1282//2888 1285//2887 
usemtl Polygon_XSIPOLYCLS.b747blck_material1
f 1285//2892 1282//2891 1286//2890 
usemtl Polygon_XSIPOLYCLS.b747blck_material1
f 1286//2895 1282//2894 1287//2893 
usemtl Polygon_XSIPOLYCLS.b747blck_material1
f 1287//2898 1282//2897 1288//2896 
usemtl Polygon_XSIPOLYCLS.b747blck_material1
f 1291//2901 1290//2900 1289//2899 
usemtl Polygon_XSIPOLYCLS.b747blck_material1
f 1289//2904 1290//2903 1292//2902 
usemtl Polygon_XSIPOLYCLS.b747blck_material1
f 1292//2907 1290//2906 1293//2905 
usemtl Polygon_XSIPOLYCLS.b747blck_material1
f 1293//2910 1290//2909 1294//2908 
usemtl Polygon_XSIPOLYCLS.b747blck_material1
f 1294//2913 1290//2912 1295//2911 
usemtl Polygon_XSIPOLYCLS.b747blck_material1
f 1295//2916 1290//2915 1296//2914 
usemtl Polygon_XSIPOLYCLS.b747blck_material1
f 1299//2919 1298//2918 1297//2917 
usemtl Polygon_XSIPOLYCLS.b747blck_material1
f 1297//2922 1298//2921 1300//2920 
usemtl Polygon_XSIPOLYCLS.b747blck_material1
f 1300//2925 1298//2924 1301//2923 
usemtl Polygon_XSIPOLYCLS.b747blck_material1
f 1301//2928 1298//2927 1302//2926 
usemtl Polygon_XSIPOLYCLS.b747blck_material1
f 1302//2931 1298//2930 1303//2929 
usemtl Polygon_XSIPOLYCLS.b747blck_material1
f 1303//2934 1298//2933 1304//2932 
usemtl Polygon_XSIPOLYCLS.b747blck_material1
f 1307//2937 1306//2936 1305//2935 
usemtl Polygon_XSIPOLYCLS.b747blck_material1
f 1305//2940 1306//2939 1308//2938 
usemtl Polygon_XSIPOLYCLS.b747blck_material1
f 1308//2943 1306//2942 1309//2941 
usemtl Polygon_XSIPOLYCLS.b747blck_material1
f 1309//2946 1306//2945 1310//2944 
usemtl Polygon_XSIPOLYCLS.b747blck_material1
f 1310//2949 1306//2948 1311//2947 
usemtl Polygon_XSIPOLYCLS.b747blck_material1
f 1311//2952 1306//2951 1312//2950 
usemtl Polygon_XSIPOLYCLS.b747blck_material1
f 1315//2955 1314//2954 1313//2953 
usemtl Polygon_XSIPOLYCLS.b747blck_material1
f 1313//2958 1314//2957 1316//2956 
usemtl Polygon_XSIPOLYCLS.b747blck_material1
f 1316//2961 1314//2960 1317//2959 
usemtl Polygon_XSIPOLYCLS.b747blck_material1
f 1317//2964 1314//2963 1318//2962 
usemtl Polygon_XSIPOLYCLS.b747blck_material1
f 1318//2967 1314//2966 1319//2965 
usemtl Polygon_XSIPOLYCLS.b747blck_material1
f 1319//2970 1314//2969 1320//2968 
usemtl Polygon_XSIPOLYCLS.b747blck_material1
f 1323//2973 1322//2972 1321//2971 
usemtl Polygon_XSIPOLYCLS.b747blck_material1
f 1321//2976 1322//2975 1324//2974 
usemtl Polygon_XSIPOLYCLS.b747blck_material1
f 1324//2979 1322//2978 1325//2977 
usemtl Polygon_XSIPOLYCLS.b747blck_material1
f 1325//2982 1322//2981 1326//2980 
usemtl Polygon_XSIPOLYCLS.b747blck_material1
f 1326//2985 1322//2984 1327//2983 
usemtl Polygon_XSIPOLYCLS.b747blck_material1
f 1327//2988 1322//2987 1328//2986 
usemtl Polygon_XSIPOLYCLS.b747blck_material1
f 1331//2991 1330//2990 1329//2989 
usemtl Polygon_XSIPOLYCLS.b747blck_material1
f 1329//2994 1330//2993 1332//2992 
usemtl Polygon_XSIPOLYCLS.b747blck_material1
f 1332//2997 1330//2996 1333//2995 
usemtl Polygon_XSIPOLYCLS.b747blck_material1
f 1333//3000 1330//2999 1334//2998 
usemtl Polygon_XSIPOLYCLS.b747blck_material1
f 1334//3003 1330//3002 1335//3001 
usemtl Polygon_XSIPOLYCLS.b747blck_material1
f 1335//3006 1330//3005 1336//3004 
usemtl Polygon_XSIPOLYCLS.b747blck_material1
f 1339//3009 1338//3008 1337//3007 
usemtl Polygon_XSIPOLYCLS.b747blck_material1
f 1337//3012 1338//3011 1340//3010 
usemtl Polygon_XSIPOLYCLS.b747blck_material1
f 1340//3015 1338//3014 1341//3013 
usemtl Polygon_XSIPOLYCLS.b747blck_material1
f 1341//3018 1338//3017 1342//3016 
usemtl Polygon_XSIPOLYCLS.b747blck_material1
f 1342//3021 1338//3020 1343//3019 
usemtl Polygon_XSIPOLYCLS.b747blck_material1
f 1343//3024 1338//3023 1344//3022 
usemtl Polygon_XSIPOLYCLS.b747blck_material1
f 1347//3027 1346//3026 1345//3025 
usemtl Polygon_XSIPOLYCLS.b747blck_material1
f 1345//3030 1346//3029 1348//3028 
usemtl Polygon_XSIPOLYCLS.b747blck_material1
f 1348//3033 1346//3032 1349//3031 
usemtl Polygon_XSIPOLYCLS.b747blck_material1
f 1349//3036 1346//3035 1350//3034 
usemtl Polygon_XSIPOLYCLS.b747blck_material1
f 1350//3039 1346//3038 1351//3037 
usemtl Polygon_XSIPOLYCLS.b747blck_material1
f 1351//3042 1346//3041 1352//3040 
usemtl Polygon_XSIPOLYCLS.b747blck_material1
f 1355//3045 1354//3044 1353//3043 
usemtl Polygon_XSIPOLYCLS.b747blck_material1
f 1353//3048 1354//3047 1356//3046 
usemtl Polygon_XSIPOLYCLS.b747blck_material1
f 1356//3051 1354//3050 1357//3049 
usemtl Polygon_XSIPOLYCLS.b747blck_material1
f 1357//3054 1354//3053 1358//3052 
usemtl Polygon_XSIPOLYCLS.b747blck_material1
f 1358//3057 1354//3056 1359//3055 
usemtl Polygon_XSIPOLYCLS.b747blck_material1
f 1359//3060 1354//3059 1360//3058 
usemtl Polygon_XSIPOLYCLS.b747blck_material1
f 1363//3063 1362//3062 1361//3061 
usemtl Polygon_XSIPOLYCLS.b747blck_material1
f 1361//3066 1362//3065 1364//3064 
usemtl Polygon_XSIPOLYCLS.b747blck_material1
f 1364//3069 1362//3068 1365//3067 
usemtl Polygon_XSIPOLYCLS.b747blck_material1
f 1365//3072 1362//3071 1366//3070 
usemtl Polygon_XSIPOLYCLS.b747blck_material1
f 1366//3075 1362//3074 1367//3073 
usemtl Polygon_XSIPOLYCLS.b747blck_material1
f 1367//3078 1362//3077 1368//3076 
usemtl Polygon_XSIPOLYCLS.b747blck_material1
f 1371//3081 1370//3080 1369//3079 
usemtl Polygon_XSIPOLYCLS.b747blck_material1
f 1369//3084 1370//3083 1372//3082 
usemtl Polygon_XSIPOLYCLS.b747blck_material1
f 1372//3087 1370//3086 1373//3085 
usemtl Polygon_XSIPOLYCLS.b747blck_material1
f 1373//3090 1370//3089 1374//3088 
usemtl Polygon_XSIPOLYCLS.b747blck_material1
f 1374//3093 1370//3092 1375//3091 
usemtl Polygon_XSIPOLYCLS.b747blck_material1
f 1375//3096 1370//3095 1376//3094 
usemtl Polygon_XSIPOLYCLS.b747blck_material1
f 1379//3099 1378//3098 1377//3097 
usemtl Polygon_XSIPOLYCLS.b747blck_material1
f 1377//3102 1378//3101 1380//3100 
usemtl Polygon_XSIPOLYCLS.b747blck_material1
f 1380//3105 1378//3104 1381//3103 
usemtl Polygon_XSIPOLYCLS.b747blck_material1
f 1381//3108 1378//3107 1382//3106 
usemtl Polygon_XSIPOLYCLS.b747blck_material1
f 1382//3111 1378//3110 1383//3109 
usemtl Polygon_XSIPOLYCLS.b747blck_material1
f 1383//3114 1378//3113 1384//3112 
usemtl Polygon_XSIPOLYCLS.b747blck_material1
f 1387//3117 1386//3116 1385//3115 
usemtl Polygon_XSIPOLYCLS.b747blck_material1
f 1385//3120 1386//3119 1388//3118 
usemtl Polygon_XSIPOLYCLS.b747blck_material1
f 1388//3123 1386//3122 1389//3121 
usemtl Polygon_XSIPOLYCLS.b747blck_material1
f 1389//3126 1386//3125 1390//3124 
usemtl Polygon_XSIPOLYCLS.b747blck_material1
f 1390//3129 1386//3128 1391//3127 
usemtl Polygon_XSIPOLYCLS.b747blck_material1
f 1391//3132 1386//3131 1392//3130 
usemtl Polygon_XSIPOLYCLS.b747blck_material1
f 1395//3135 1394//3134 1393//3133 
usemtl Polygon_XSIPOLYCLS.b747blck_material1
f 1393//3138 1394//3137 1396//3136 
usemtl Polygon_XSIPOLYCLS.b747blck_material1
f 1396//3141 1394//3140 1397//3139 
usemtl Polygon_XSIPOLYCLS.b747blck_material1
f 1397//3144 1394//3143 1398//3142 
usemtl Polygon_XSIPOLYCLS.b747blck_material1
f 1398//3147 1394//3146 1399//3145 
usemtl Polygon_XSIPOLYCLS.b747blck_material1
f 1399//3150 1394//3149 1400//3148 
usemtl Polygon_XSIPOLYCLS.b747blck_material1
f 1403//3153 1402//3152 1401//3151 
usemtl Polygon_XSIPOLYCLS.b747blck_material1
f 1401//3156 1402//3155 1404//3154 
usemtl Polygon_XSIPOLYCLS.b747blck_material1
f 1404//3159 1402//3158 1405//3157 
usemtl b747blck_material
f 1415//3176 1418//3182 1412//3168 
usemtl b747blck_material
f 1414//3169 2782//6147 2783//6146 
usemtl b747blck_material
f 1412//3173 1433//6148 1415//3170 
usemtl b747blck_material
f 1416//3178 2167//4868 2168//4852 
usemtl b747blck_material
f 1417//3177 2167//4997 1411//3175 
usemtl b747blck_material
f 1414//3179 1441//5012 1440//3180 
usemtl b747blck_material
f 1416//3172 1420//3187 1421//3188 
usemtl b747blck_material
f 2605//3195 1423//3193 1422//3192 
usemtl b747blck_material
f 2606//3199 1422//3197 1424//3196 
usemtl b747blck_material
f 2554//3203 1425//3201 1423//3200 
usemtl b747blck_material
f 2608//6152 1424//3185 1426//3204 
usemtl b747blck_material
f 2556//6156 1419//6154 1425//6153 
usemtl Polygon_XSIPOLYCLS.b747blck_material1
f 1563//3441 1558//3439 1562//3438 
usemtl b747blck_material
f 2797//6317 2178//6371 2195//6381 
usemtl Polygon_XSIPOLYCLS.b747blck_material1
f 1589//3444 1572//3447 1568//3448 
usemtl b747blck_material
f 1592//3451 1596//3450 1597//3449 
usemtl Polygon_XSIPOLYCLS.b747blck_material1
f 1566//3455 1561//3453 1565//3452 
usemtl Polygon_XSIPOLYCLS.b747blck_material1
f 1567//3459 1562//3457 1566//3456 
usemtl b747blck_material
f 2202//6209 2201//6309 2200//6313 
usemtl Polygon_XSIPOLYCLS.b747blck_material1
f 1585//3463 1576//3465 1572//3466 
usemtl b747blck_material
f 1588//3469 1592//3468 1597//3467 
usemtl Polygon_XSIPOLYCLS.b747blck_material1
f 1570//3473 1565//3471 1569//3470 
usemtl Polygon_XSIPOLYCLS.b747blck_material1
f 1571//3477 1566//3475 1570//3474 
usemtl b747blck_material
f 2770//6315 2198//6382 2174//6336 
usemtl Polygon_XSIPOLYCLS.b747blck_material1
f 1581//3481 1580//3483 1576//3484 
usemtl b747blck_material
f 1584//3487 1588//3486 1597//3485 
usemtl Polygon_XSIPOLYCLS.b747blck_material1
f 1574//3491 1569//3489 1573//3488 
usemtl Polygon_XSIPOLYCLS.b747blck_material1
f 1575//3495 1570//3493 1574//3492 
usemtl b747blck_material
f 2796//3246 1443//6208 2202//6403 
usemtl Polygon_XSIPOLYCLS.b747blck_material1
f 1577//3499 1584//3501 1580//3502 
usemtl b747blck_material
f 1580//3505 1584//3504 1597//3503 
usemtl Polygon_XSIPOLYCLS.b747blck_material1
f 1578//3509 1573//3507 1577//3506 
usemtl Polygon_XSIPOLYCLS.b747blck_material1
f 1579//3513 1574//3511 1578//3510 
usemtl b747blck_material
f 2799//6119 1665//4129 1480//4236 
usemtl Polygon_XSIPOLYCLS.b747blck_material1
f 1573//3517 1588//3519 1584//3520 
usemtl b747blck_material
f 1576//3523 1580//3522 1597//3521 
usemtl Polygon_XSIPOLYCLS.b747blck_material1
f 1582//3527 1577//3525 1581//3524 
usemtl Polygon_XSIPOLYCLS.b747blck_material1
f 1583//3531 1578//3529 1582//3528 
usemtl b747blck_material
f 1606//6256 2766//6249 1437//6250 
usemtl Polygon_XSIPOLYCLS.b747blck_material1
f 1569//3535 1592//3537 1588//3538 
usemtl b747blck_material
f 1572//3541 1576//3540 1597//3539 
usemtl Polygon_XSIPOLYCLS.b747blck_material1
f 1586//3545 1581//3543 1585//3542 
usemtl Polygon_XSIPOLYCLS.b747blck_material1
f 1587//3549 1582//3547 1586//3546 
usemtl b747blck_material
f 2767//6251 1749//3913 1850//6244 
usemtl Polygon_XSIPOLYCLS.b747blck_material1
f 1565//3553 1596//3555 1592//3556 
usemtl b747blck_material
f 1568//3559 1572//3558 1597//3557 
usemtl Polygon_XSIPOLYCLS.b747blck_material1
f 1590//3563 1585//3561 1589//3560 
usemtl Polygon_XSIPOLYCLS.b747blck_material1
f 1591//3567 1586//3565 1590//3564 
usemtl b747blck_material
f 2771//6270 1437//3353 1791//3389 
usemtl Polygon_XSIPOLYCLS.b747blck_material1
f 1561//3571 1598//3573 1596//3574 
usemtl b747blck_material
f 1593//3577 1568//3576 1597//3575 
usemtl Polygon_XSIPOLYCLS.b747blck_material1
f 1594//3581 1589//3579 1560//3578 
usemtl Polygon_XSIPOLYCLS.b747blck_material1
f 1595//3585 1590//3583 1594//3582 
usemtl b747blck_material
f 2119//3388 1850//4020 1749//3914 
usemtl Polygon_XSIPOLYCLS.b747blck_material1
f 1557//3589 1593//3591 1598//3592 
usemtl b747blck_material
f 1640//3595 1635//3594 1639//3593 
usemtl Polygon_XSIPOLYCLS.b747blck_material1
f 1600//3599 1602//3597 1599//3596 
usemtl Polygon_XSIPOLYCLS.b747blck_material1
f 1601//3603 1636//3601 1600//3600 
usemtl b747blck_material
f 2161//3299 2274//6101 1850//4021 
usemtl Polygon_XSIPOLYCLS.b747blck_material1
f 1602//3607 1610//3609 1635//3610 
usemtl b747blck_material
f 1638//3613 1640//3612 1639//3611 
usemtl Polygon_XSIPOLYCLS.b747blck_material1
f 1604//3617 1599//3615 1603//3614 
usemtl Polygon_XSIPOLYCLS.b747blck_material1
f 1605//3621 1600//3619 1604//3618 
usemtl b747blck_material
f 2161//3354 1480//4238 1665//4237 
usemtl Polygon_XSIPOLYCLS.b747blck_material1
f 1631//3624 1614//3627 1610//3628 
usemtl b747blck_material
f 1634//3631 1638//3630 1639//3629 
usemtl Polygon_XSIPOLYCLS.b747blck_material1
f 1608//3635 1603//3633 1607//3632 
usemtl Polygon_XSIPOLYCLS.b747blck_material1
f 1609//3639 1604//3637 1608//3636 
usemtl b747blck_material
f 2196//3480 1791//3912 1707//4022 
usemtl Polygon_XSIPOLYCLS.b747blck_material1
f 1627//3643 1618//3645 1614//3646 
usemtl b747blck_material
f 1630//3649 1634//3648 1639//3647 
usemtl Polygon_XSIPOLYCLS.b747blck_material1
f 1612//3653 1607//3651 1611//3650 
usemtl Polygon_XSIPOLYCLS.b747blck_material1
f 1613//3657 1608//3655 1612//3654 
usemtl b747blck_material
f 2761//6108 1522//6103 2756//3552 
usemtl Polygon_XSIPOLYCLS.b747blck_material1
f 1623//3661 1622//3663 1618//3664 
usemtl b747blck_material
f 1626//3667 1630//3666 1639//3665 
usemtl Polygon_XSIPOLYCLS.b747blck_material1
f 1616//3671 1611//3669 1615//3668 
usemtl Polygon_XSIPOLYCLS.b747blck_material1
f 1617//3675 1612//3673 1616//3672 
usemtl b747blck_material
f 2161//3370 2281//4112 2277//6110 
usemtl Polygon_XSIPOLYCLS.b747blck_material1
f 1619//3679 1626//3681 1622//3682 
usemtl b747blck_material
f 1622//3685 1626//3684 1639//3683 
usemtl Polygon_XSIPOLYCLS.b747blck_material1
f 1620//3689 1615//3687 1619//3686 
usemtl Polygon_XSIPOLYCLS.b747blck_material1
f 1621//3693 1616//3691 1620//3690 
usemtl b747blck_material
f 1513//3215 1484//3216 1509//3217 
usemtl Polygon_XSIPOLYCLS.b747blck_material1
f 1615//3697 1630//3699 1626//3700 
usemtl b747blck_material
f 1618//3703 1622//3702 1639//3701 
usemtl Polygon_XSIPOLYCLS.b747blck_material1
f 1624//3707 1619//3705 1623//3704 
usemtl Polygon_XSIPOLYCLS.b747blck_material1
f 1625//3711 1620//3709 1624//3708 
usemtl Polygon_XSIPOLYCLS.b747blck_material1
f 1512//3214 1473//3212 1477//3211 
usemtl Polygon_XSIPOLYCLS.b747blck_material1
f 1611//3715 1634//3717 1630//3718 
usemtl b747blck_material
f 1614//3721 1618//3720 1639//3719 
usemtl Polygon_XSIPOLYCLS.b747blck_material1
f 1628//3725 1623//3723 1627//3722 
usemtl Polygon_XSIPOLYCLS.b747blck_material1
f 1629//3729 1624//3727 1628//3726 
usemtl b747blck_material
f 2176//6346 2192//6376 2191//6375 
usemtl Polygon_XSIPOLYCLS.b747blck_material1
f 1607//3733 1638//3735 1634//3736 
usemtl b747blck_material
f 1610//3739 1614//3738 1639//3737 
usemtl Polygon_XSIPOLYCLS.b747blck_material1
f 1632//3743 1627//3741 1631//3740 
usemtl Polygon_XSIPOLYCLS.b747blck_material1
f 1633//3747 1628//3745 1632//3744 
usemtl Polygon_XSIPOLYCLS.b747blck_material1
f 1506//3265 1503//3206 1507//3207 
usemtl Polygon_XSIPOLYCLS.b747blck_material1
f 1603//3751 1640//3753 1638//3754 
usemtl b747blck_material
f 1635//3757 1610//3756 1639//3755 
usemtl Polygon_XSIPOLYCLS.b747blck_material1
f 1636//3761 1631//3759 1602//3758 
usemtl Polygon_XSIPOLYCLS.b747blck_material1
f 1637//3765 1632//3763 1636//3762 
usemtl b747blck_material
f 2173//6335 2198//6387 2199//6388 
usemtl Polygon_XSIPOLYCLS.b747blck_material1
f 1599//3769 1635//3771 1640//3772 
usemtl b747blck_material
f 1641//3773 1656//3775 1642//3776 
usemtl b747blck_material
f 1657//3777 1642//3778 1656//3779 
usemtl b747blck_material
f 1643//3780 1642//3782 1644//3783 
usemtl b747blck_material
f 1657//3784 1644//3785 1642//3786 
usemtl b747blck_material
f 1645//3787 1644//3789 1646//3790 
usemtl b747blck_material
f 1657//3791 1646//3792 1644//3793 
usemtl b747blck_material
f 1647//3794 1646//3796 1648//3797 
usemtl b747blck_material
f 1657//3798 1648//3799 1646//3800 
usemtl b747blck_material
f 1649//3801 1648//3803 1650//3804 
usemtl b747blck_material
f 1657//3805 1650//3806 1648//3807 
usemtl b747blck_material
f 1651//3808 1650//3810 1652//3811 
usemtl b747blck_material
f 1657//3812 1652//3813 1650//3814 
usemtl b747blck_material
f 1653//3815 1652//3817 1654//3818 
usemtl b747blck_material
f 1657//3819 1654//3820 1652//3821 
usemtl b747blck_material
f 1655//3822 1654//3824 1656//3825 
usemtl b747blck_material
f 1657//3826 1656//3827 1654//3828 
usemtl b747blck_material
f 1699//3831 1694//3830 1698//3829 
usemtl Polygon_XSIPOLYCLS.b747blck_material1
f 1659//3835 1661//3833 1658//3832 
usemtl Polygon_XSIPOLYCLS.b747blck_material1
f 1660//3839 1695//3837 1659//3836 
usemtl b747blck_material
f 1442//4743 2791//6140 2741//6131 
usemtl Polygon_XSIPOLYCLS.b747blck_material1
f 1661//3843 1669//3845 1694//3846 
usemtl b747blck_material
f 1697//3849 1699//3848 1698//3847 
usemtl Polygon_XSIPOLYCLS.b747blck_material1
f 1663//3853 1658//3851 1662//3850 
usemtl Polygon_XSIPOLYCLS.b747blck_material1
f 1664//3857 1659//3855 1663//3854 
usemtl Polygon_XSIPOLYCLS.b747blck_material1
f 1543//3362 1540//3364 1544//3365 
usemtl Polygon_XSIPOLYCLS.b747blck_material1
f 1690//3860 1673//3863 1669//3864 
usemtl b747blck_material
f 1693//3867 1697//3866 1698//3865 
usemtl Polygon_XSIPOLYCLS.b747blck_material1
f 1667//3871 1662//3869 1666//3868 
usemtl Polygon_XSIPOLYCLS.b747blck_material1
f 1668//3875 1663//3873 1667//3872 
usemtl b747blck_material
f 1555//3359 1534//3360 1530//3361 
usemtl Polygon_XSIPOLYCLS.b747blck_material1
f 1686//3879 1677//3881 1673//3882 
usemtl b747blck_material
f 1689//3885 1693//3884 1698//3883 
usemtl Polygon_XSIPOLYCLS.b747blck_material1
f 1671//3889 1666//3887 1670//3886 
usemtl Polygon_XSIPOLYCLS.b747blck_material1
f 1672//3893 1667//3891 1671//3890 
usemtl Polygon_XSIPOLYCLS.b747blck_material1
f 1546//3358 1523//3356 1527//3355 
usemtl Polygon_XSIPOLYCLS.b747blck_material1
f 1682//3897 1681//3899 1677//3900 
usemtl b747blck_material
f 1685//3903 1689//3902 1698//3901 
usemtl Polygon_XSIPOLYCLS.b747blck_material1
f 1675//3907 1670//3905 1674//3904 
usemtl Polygon_XSIPOLYCLS.b747blck_material1
f 1676//3911 1671//3909 1675//3908 
usemtl b747blck_material
f 1513//6220 1496//6219 1492//6218 
usemtl Polygon_XSIPOLYCLS.b747blck_material1
f 1678//3915 1685//3917 1681//3918 
usemtl b747blck_material
f 1681//3921 1685//3920 1698//3919 
usemtl Polygon_XSIPOLYCLS.b747blck_material1
f 1679//3925 1674//3923 1678//3922 
usemtl Polygon_XSIPOLYCLS.b747blck_material1
f 1680//3929 1675//3927 1679//3926 
usemtl Polygon_XSIPOLYCLS.b747blck_material1
f 1540//3348 1537//3350 1541//3351 
usemtl Polygon_XSIPOLYCLS.b747blck_material1
f 1674//3933 1689//3935 1685//3936 
usemtl b747blck_material
f 1677//3939 1681//3938 1698//3937 
usemtl Polygon_XSIPOLYCLS.b747blck_material1
f 1683//3943 1678//3941 1682//3940 
usemtl Polygon_XSIPOLYCLS.b747blck_material1
f 1684//3947 1679//3945 1683//3944 
usemtl Polygon_XSIPOLYCLS.b747blck_material1
f 1539//3344 1536//3346 1540//3347 
usemtl Polygon_XSIPOLYCLS.b747blck_material1
f 1670//3951 1693//3953 1689//3954 
usemtl b747blck_material
f 1673//3957 1677//3956 1698//3955 
usemtl Polygon_XSIPOLYCLS.b747blck_material1
f 1687//3961 1682//3959 1686//3958 
usemtl Polygon_XSIPOLYCLS.b747blck_material1
f 1688//3965 1683//3963 1687//3962 
usemtl b747blck_material
f 1555//3341 1538//3342 1534//3343 
usemtl Polygon_XSIPOLYCLS.b747blck_material1
f 1666//3969 1697//3971 1693//3972 
usemtl b747blck_material
f 1669//3975 1673//3974 1698//3973 
usemtl Polygon_XSIPOLYCLS.b747blck_material1
f 1691//3979 1686//3977 1690//3976 
usemtl Polygon_XSIPOLYCLS.b747blck_material1
f 1692//3983 1687//3981 1691//3980 
usemtl Polygon_XSIPOLYCLS.b747blck_material1
f 1542//3340 1527//3338 1531//3337 
usemtl Polygon_XSIPOLYCLS.b747blck_material1
f 1662//3987 1699//3989 1697//3990 
usemtl b747blck_material
f 1694//3993 1669//3992 1698//3991 
usemtl Polygon_XSIPOLYCLS.b747blck_material1
f 1695//3997 1690//3995 1661//3994 
usemtl Polygon_XSIPOLYCLS.b747blck_material1
f 1696//4001 1691//3999 1695//3998 
usemtl b747blck_material
f 1439//4779 2294//4742 1442//6116 
usemtl Polygon_XSIPOLYCLS.b747blck_material1
f 1658//4005 1694//4007 1699//4008 
usemtl b747blck_material
f 1741//4011 1736//4010 1740//4009 
usemtl Polygon_XSIPOLYCLS.b747blck_material1
f 1701//4015 1703//4013 1700//4012 
usemtl Polygon_XSIPOLYCLS.b747blck_material1
f 1702//4019 1737//4017 1701//4016 
usemtl b747blck_material
f 2283//4834 2794//6115 2795//6114 
usemtl Polygon_XSIPOLYCLS.b747blck_material1
f 1703//4023 1711//4025 1736//4026 
usemtl b747blck_material
f 1739//4029 1741//4028 1740//4027 
usemtl Polygon_XSIPOLYCLS.b747blck_material1
f 1705//4033 1700//4031 1704//4030 
usemtl Polygon_XSIPOLYCLS.b747blck_material1
f 1706//4037 1701//4035 1705//4034 
usemtl Polygon_XSIPOLYCLS.b747blck_material1
f 1497//6217 1494//6215 1498//6214 
usemtl Polygon_XSIPOLYCLS.b747blck_material1
f 1732//4040 1715//4043 1711//4044 
usemtl b747blck_material
f 1735//4047 1739//4046 1740//4045 
usemtl Polygon_XSIPOLYCLS.b747blck_material1
f 1709//4051 1704//4049 1708//4048 
usemtl Polygon_XSIPOLYCLS.b747blck_material1
f 1710//4055 1705//4053 1709//4052 
usemtl Polygon_XSIPOLYCLS.b747blck_material1
f 1536//3330 1533//3332 1537//3333 
usemtl Polygon_XSIPOLYCLS.b747blck_material1
f 1728//4059 1719//4061 1715//4062 
usemtl b747blck_material
f 1731//4065 1735//4064 1740//4063 
usemtl Polygon_XSIPOLYCLS.b747blck_material1
f 1713//4069 1708//4067 1712//4066 
usemtl Polygon_XSIPOLYCLS.b747blck_material1
f 1714//4073 1709//4071 1713//4070 
usemtl Polygon_XSIPOLYCLS.b747blck_material1
f 1535//3326 1532//3328 1536//3329 
usemtl Polygon_XSIPOLYCLS.b747blck_material1
f 1724//4077 1723//4079 1719//4080 
usemtl b747blck_material
f 1727//4083 1731//4082 1740//4081 
usemtl Polygon_XSIPOLYCLS.b747blck_material1
f 1717//4087 1712//4085 1716//4084 
usemtl Polygon_XSIPOLYCLS.b747blck_material1
f 1718//4091 1713//4089 1717//4088 
usemtl b747blck_material
f 1555//3323 1542//3324 1538//3325 
usemtl Polygon_XSIPOLYCLS.b747blck_material1
f 1720//4095 1727//4097 1723//4098 
usemtl b747blck_material
f 1723//4101 1727//4100 1740//4099 
usemtl Polygon_XSIPOLYCLS.b747blck_material1
f 1721//4105 1716//4103 1720//4102 
usemtl Polygon_XSIPOLYCLS.b747blck_material1
f 1722//4109 1717//4107 1721//4106 
usemtl Polygon_XSIPOLYCLS.b747blck_material1
f 1538//3322 1531//3320 1535//3319 
usemtl Polygon_XSIPOLYCLS.b747blck_material1
f 1716//4113 1731//4115 1727//4116 
usemtl b747blck_material
f 1719//4119 1723//4118 1740//4117 
usemtl Polygon_XSIPOLYCLS.b747blck_material1
f 1725//4123 1720//4121 1724//4120 
usemtl Polygon_XSIPOLYCLS.b747blck_material1
f 1726//4127 1721//4125 1725//4124 
usemtl b747blck_material
f 2796//3282 2324//6314 2304//6318 
usemtl Polygon_XSIPOLYCLS.b747blck_material1
f 1712//4131 1735//4133 1731//4134 
usemtl b747blck_material
f 1715//4137 1719//4136 1740//4135 
usemtl Polygon_XSIPOLYCLS.b747blck_material1
f 1729//4141 1724//4139 1728//4138 
usemtl Polygon_XSIPOLYCLS.b747blck_material1
f 1730//4145 1725//4143 1729//4142 
usemtl Polygon_XSIPOLYCLS.b747blck_material1
f 1532//3312 1529//3314 1533//3315 
usemtl Polygon_XSIPOLYCLS.b747blck_material1
f 1708//4149 1739//4151 1735//4152 
usemtl b747blck_material
f 1711//4155 1715//4154 1740//4153 
usemtl Polygon_XSIPOLYCLS.b747blck_material1
f 1733//4159 1728//4157 1732//4156 
usemtl Polygon_XSIPOLYCLS.b747blck_material1
f 1734//4163 1729//4161 1733//4160 
usemtl Polygon_XSIPOLYCLS.b747blck_material1
f 1531//3308 1528//3310 1532//3311 
usemtl Polygon_XSIPOLYCLS.b747blck_material1
f 1704//4167 1741//4169 1739//4170 
usemtl b747blck_material
f 1736//4173 1711//4172 1740//4171 
usemtl Polygon_XSIPOLYCLS.b747blck_material1
f 1737//4177 1732//4175 1703//4174 
usemtl Polygon_XSIPOLYCLS.b747blck_material1
f 1738//4181 1733//4179 1737//4178 
usemtl b747blck_material
f 1555//3305 1546//3306 1542//3307 
usemtl Polygon_XSIPOLYCLS.b747blck_material1
f 1700//4185 1736//4187 1741//4188 
usemtl b747blck_material
f 1782//4189 1778//4190 1783//4191 
usemtl Polygon_XSIPOLYCLS.b747blck_material1
f 1742//4192 1779//4194 1743//4195 
usemtl Polygon_XSIPOLYCLS.b747blck_material1
f 1743//4196 1780//4198 1744//4199 
usemtl Polygon_XSIPOLYCLS.b747blck_material1
f 1534//3304 1535//3302 1539//3301 
usemtl Polygon_XSIPOLYCLS.b747blck_material1
f 1778//4206 1774//4204 1745//4203 
usemtl b747blck_material
f 1782//4207 1783//4208 1781//4209 
usemtl Polygon_XSIPOLYCLS.b747blck_material1
f 1746//4210 1743//4212 1747//4213 
usemtl Polygon_XSIPOLYCLS.b747blck_material1
f 1747//4214 1744//4216 1748//4217 
usemtl b747blck_material
f 2769//6326 2174//6325 2192//6378 
usemtl Polygon_XSIPOLYCLS.b747blck_material1
f 1753//4224 1770//4222 1774//4220 
usemtl b747blck_material
f 1782//4225 1781//4226 1777//4227 
usemtl Polygon_XSIPOLYCLS.b747blck_material1
f 1750//4228 1747//4230 1751//4231 
usemtl Polygon_XSIPOLYCLS.b747blck_material1
f 1751//4232 1748//4234 1752//4235 
usemtl Polygon_XSIPOLYCLS.b747blck_material1
f 1528//3294 1525//3296 1529//3297 
usemtl Polygon_XSIPOLYCLS.b747blck_material1
f 1757//4242 1766//4240 1770//4239 
usemtl b747blck_material
f 1782//4243 1777//4244 1773//4245 
usemtl Polygon_XSIPOLYCLS.b747blck_material1
f 1754//4246 1751//4248 1755//4249 
usemtl Polygon_XSIPOLYCLS.b747blck_material1
f 1755//4250 1752//4252 1756//4253 
usemtl Polygon_XSIPOLYCLS.b747blck_material1
f 1527//3290 1524//3292 1528//3293 
usemtl Polygon_XSIPOLYCLS.b747blck_material1
f 1761//4260 1762//4258 1766//4257 
usemtl b747blck_material
f 1782//4261 1773//4262 1769//4263 
usemtl Polygon_XSIPOLYCLS.b747blck_material1
f 1758//4264 1755//4266 1759//4267 
usemtl Polygon_XSIPOLYCLS.b747blck_material1
f 1759//4268 1756//4270 1760//4271 
usemtl b747blck_material
f 1555//3287 1550//3288 1546//3289 
usemtl Polygon_XSIPOLYCLS.b747blck_material1
f 1765//4278 1758//4276 1762//4275 
usemtl b747blck_material
f 1782//4279 1769//4280 1765//4281 
usemtl Polygon_XSIPOLYCLS.b747blck_material1
f 1762//4282 1759//4284 1763//4285 
usemtl Polygon_XSIPOLYCLS.b747blck_material1
f 1763//4286 1760//4288 1764//4289 
usemtl Polygon_XSIPOLYCLS.b747blck_material1
f 1530//3286 1539//3284 1543//3283 
usemtl Polygon_XSIPOLYCLS.b747blck_material1
f 1769//4296 1754//4294 1758//4293 
usemtl b747blck_material
f 1782//4297 1765//4298 1761//4299 
usemtl Polygon_XSIPOLYCLS.b747blck_material1
f 1766//4300 1763//4302 1767//4303 
usemtl Polygon_XSIPOLYCLS.b747blck_material1
f 1767//4304 1764//4306 1768//4307 
usemtl b747blck_material
f 2077//3262 2304//6323 2308//6324 
usemtl Polygon_XSIPOLYCLS.b747blck_material1
f 1773//4314 1750//4312 1754//4311 
usemtl b747blck_material
f 1782//4315 1761//4316 1757//4317 
usemtl Polygon_XSIPOLYCLS.b747blck_material1
f 1770//4318 1767//4320 1771//4321 
usemtl Polygon_XSIPOLYCLS.b747blck_material1
f 1771//4322 1768//4324 1772//4325 
usemtl Polygon_XSIPOLYCLS.b747blck_material1
f 1524//3276 1521//3278 1525//3279 
usemtl Polygon_XSIPOLYCLS.b747blck_material1
f 1777//4332 1746//4330 1750//4329 
usemtl b747blck_material
f 1782//4333 1757//4334 1753//4335 
usemtl Polygon_XSIPOLYCLS.b747blck_material1
f 1774//4336 1771//4338 1775//4339 
usemtl Polygon_XSIPOLYCLS.b747blck_material1
f 1775//4340 1772//4342 1776//4343 
usemtl Polygon_XSIPOLYCLS.b747blck_material1
f 1523//3272 1520//3274 1524//3275 
usemtl Polygon_XSIPOLYCLS.b747blck_material1
f 1781//4350 1742//4348 1746//4347 
usemtl b747blck_material
f 1782//4351 1753//4352 1778//4353 
usemtl Polygon_XSIPOLYCLS.b747blck_material1
f 1745//4354 1775//4356 1779//4357 
usemtl Polygon_XSIPOLYCLS.b747blck_material1
f 1779//4358 1776//4360 1780//4361 
usemtl b747blck_material
f 1555//3269 1554//3270 1550//3271 
usemtl Polygon_XSIPOLYCLS.b747blck_material1
f 1783//4368 1745//4366 1742//4365 
usemtl b747blck_material
f 1824//4369 1820//4370 1825//4371 
usemtl Polygon_XSIPOLYCLS.b747blck_material1
f 1784//4372 1821//4374 1785//4375 
usemtl Polygon_XSIPOLYCLS.b747blck_material1
f 1785//4376 1822//4378 1786//4379 
usemtl Polygon_XSIPOLYCLS.b747blck_material1
f 1526//3268 1543//3266 1547//3264 
usemtl Polygon_XSIPOLYCLS.b747blck_material1
f 1820//4386 1816//4384 1787//4383 
usemtl b747blck_material
f 1824//4387 1825//4388 1823//4389 
usemtl Polygon_XSIPOLYCLS.b747blck_material1
f 1788//4390 1785//4392 1789//4393 
usemtl Polygon_XSIPOLYCLS.b747blck_material1
f 1789//4394 1786//4396 1790//4397 
usemtl b747blck_material
f 2310//6343 2200//6312 2198//6319 
usemtl Polygon_XSIPOLYCLS.b747blck_material1
f 1795//4404 1812//4402 1816//4400 
usemtl b747blck_material
f 1824//4405 1823//4406 1819//4407 
usemtl Polygon_XSIPOLYCLS.b747blck_material1
f 1792//4408 1789//4410 1793//4411 
usemtl Polygon_XSIPOLYCLS.b747blck_material1
f 1793//4412 1790//4414 1794//4415 
usemtl Polygon_XSIPOLYCLS.b747blck_material1
f 1520//3258 1517//3260 1521//3261 
usemtl Polygon_XSIPOLYCLS.b747blck_material1
f 1799//4422 1808//4420 1812//4419 
usemtl b747blck_material
f 1824//4423 1819//4424 1815//4425 
usemtl Polygon_XSIPOLYCLS.b747blck_material1
f 1796//4426 1793//4428 1797//4429 
usemtl Polygon_XSIPOLYCLS.b747blck_material1
f 1797//4430 1794//4432 1798//4433 
usemtl Polygon_XSIPOLYCLS.b747blck_material1
f 1519//3254 1516//3256 1520//3257 
usemtl Polygon_XSIPOLYCLS.b747blck_material1
f 1803//4440 1804//4438 1808//4437 
usemtl b747blck_material
f 1824//4441 1815//4442 1811//4443 
usemtl Polygon_XSIPOLYCLS.b747blck_material1
f 1800//4444 1797//4446 1801//4447 
usemtl Polygon_XSIPOLYCLS.b747blck_material1
f 1801//4448 1798//4450 1802//4451 
usemtl b747blck_material
f 1555//3251 1556//3252 1554//3253 
usemtl Polygon_XSIPOLYCLS.b747blck_material1
f 1807//4458 1800//4456 1804//4455 
usemtl b747blck_material
f 1824//4459 1811//4460 1807//4461 
usemtl Polygon_XSIPOLYCLS.b747blck_material1
f 1804//4462 1801//4464 1805//4465 
usemtl Polygon_XSIPOLYCLS.b747blck_material1
f 1805//4466 1802//4468 1806//4469 
usemtl Polygon_XSIPOLYCLS.b747blck_material1
f 1551//3250 1547//3248 1518//3247 
usemtl Polygon_XSIPOLYCLS.b747blck_material1
f 1811//4476 1796//4474 1800//4473 
usemtl b747blck_material
f 1824//4477 1807//4478 1803//4479 
usemtl Polygon_XSIPOLYCLS.b747blck_material1
f 1808//4480 1805//4482 1809//4483 
usemtl Polygon_XSIPOLYCLS.b747blck_material1
f 1809//4484 1806//4486 1810//4487 
usemtl Polygon_XSIPOLYCLS.b747blck_material1
f 1818//4310 1786//4363 1822//4364 
usemtl Polygon_XSIPOLYCLS.b747blck_material1
f 1815//4494 1792//4492 1796//4491 
usemtl b747blck_material
f 1824//4495 1803//4496 1799//4497 
usemtl Polygon_XSIPOLYCLS.b747blck_material1
f 1812//4498 1809//4500 1813//4501 
usemtl Polygon_XSIPOLYCLS.b747blck_material1
f 1813//4502 1810//4504 1814//4505 
usemtl Polygon_XSIPOLYCLS.b747blck_material1
f 1776//4380 1744//4418 1780//4434 
usemtl Polygon_XSIPOLYCLS.b747blck_material1
f 1819//4512 1788//4510 1792//4509 
usemtl b747blck_material
f 1824//4513 1799//4514 1795//4515 
usemtl Polygon_XSIPOLYCLS.b747blck_material1
f 1816//4516 1813//4518 1817//4519 
usemtl Polygon_XSIPOLYCLS.b747blck_material1
f 1817//4520 1814//4522 1818//4523 
usemtl Polygon_XSIPOLYCLS.b747blck_material1
f 1738//4435 1730//4488 1734//4489 
usemtl Polygon_XSIPOLYCLS.b747blck_material1
f 1823//4530 1784//4528 1788//4527 
usemtl b747blck_material
f 1824//4531 1795//4532 1820//4533 
usemtl Polygon_XSIPOLYCLS.b747blck_material1
f 1787//4534 1817//4536 1821//4537 
usemtl Polygon_XSIPOLYCLS.b747blck_material1
f 1821//4538 1818//4540 1822//4541 
usemtl Polygon_XSIPOLYCLS.b747blck_material1
f 1696//4490 1688//4543 1692//4544 
usemtl Polygon_XSIPOLYCLS.b747blck_material1
f 1825//4548 1787//4546 1784//4545 
usemtl b747blck_material
f 1827//4552 1840//4550 1826//4549 
usemtl b747blck_material
f 1841//4555 1827//4554 1842//4553 
usemtl b747blck_material
f 1829//4559 1826//4557 1828//4556 
usemtl b747blck_material
f 1827//4562 1829//4561 1842//4560 
usemtl b747blck_material
f 1831//4566 1828//4564 1830//4563 
usemtl b747blck_material
f 1829//4569 1831//4568 1842//4567 
usemtl b747blck_material
f 1833//4573 1830//4571 1832//4570 
usemtl b747blck_material
f 1831//4576 1833//4575 1842//4574 
usemtl b747blck_material
f 1835//4580 1832//4578 1834//4577 
usemtl b747blck_material
f 1833//4583 1835//4582 1842//4581 
usemtl b747blck_material
f 1837//4587 1834//4585 1836//4584 
usemtl b747blck_material
f 1835//4590 1837//4589 1842//4588 
usemtl b747blck_material
f 1839//4594 1836//4592 1838//4591 
usemtl b747blck_material
f 1837//4597 1839//4596 1842//4595 
usemtl b747blck_material
f 1841//4601 1838//4599 1840//4598 
usemtl b747blck_material
f 1839//4604 1841//4603 1842//4602 
usemtl b747blck_material
f 1883//4605 1879//4606 1884//4607 
usemtl Polygon_XSIPOLYCLS.b747blck_material1
f 1843//4608 1880//4610 1844//4611 
usemtl Polygon_XSIPOLYCLS.b747blck_material1
f 1844//4612 1881//4614 1845//4615 
usemtl Polygon_XSIPOLYCLS.b747blck_material1
f 1562//3437 1557//3435 1561//3434 
usemtl Polygon_XSIPOLYCLS.b747blck_material1
f 1879//4622 1875//4620 1846//4619 
usemtl b747blck_material
f 1883//4623 1884//4624 1882//4625 
usemtl Polygon_XSIPOLYCLS.b747blck_material1
f 1847//4626 1844//4628 1848//4629 
usemtl Polygon_XSIPOLYCLS.b747blck_material1
f 1848//4630 1845//4632 1849//4633 
usemtl b747blck_material
f 1596//3433 1598//3432 1597//3431 
usemtl Polygon_XSIPOLYCLS.b747blck_material1
f 1854//4640 1871//4638 1875//4636 
usemtl b747blck_material
f 1883//4641 1882//4642 1878//4643 
usemtl Polygon_XSIPOLYCLS.b747blck_material1
f 1851//4644 1848//4646 1852//4647 
usemtl Polygon_XSIPOLYCLS.b747blck_material1
f 1852//4648 1849//4650 1853//4651 
usemtl Polygon_XSIPOLYCLS.b747blck_material1
f 1505//6395 1502//3300 1506//3280 
usemtl Polygon_XSIPOLYCLS.b747blck_material1
f 1858//4658 1867//4656 1871//4655 
usemtl b747blck_material
f 1883//4659 1878//4660 1874//4661 
usemtl Polygon_XSIPOLYCLS.b747blck_material1
f 1855//4662 1852//4664 1856//4665 
usemtl Polygon_XSIPOLYCLS.b747blck_material1
f 1856//4666 1853//4668 1857//4669 
usemtl b747blck_material
f 2760//3479 2766//6269 1522//6102 
usemtl Polygon_XSIPOLYCLS.b747blck_material1
f 1862//4676 1863//4674 1867//4673 
usemtl b747blck_material
f 1883//4677 1874//4678 1870//4679 
usemtl Polygon_XSIPOLYCLS.b747blck_material1
f 1859//4680 1856//4682 1860//4683 
usemtl Polygon_XSIPOLYCLS.b747blck_material1
f 1860//4684 1857//4686 1861//4687 
usemtl b747blck_material
f 2196//6106 2763//6266 2771//6267 
usemtl Polygon_XSIPOLYCLS.b747blck_material1
f 1866//4694 1859//4692 1863//4691 
usemtl b747blck_material
f 1883//4695 1870//4696 1866//4697 
usemtl Polygon_XSIPOLYCLS.b747blck_material1
f 1863//4698 1860//4700 1864//4701 
usemtl Polygon_XSIPOLYCLS.b747blck_material1
f 1864//4702 1861//4704 1865//4705 
usemtl b747blck_material
f 2767//3352 2274//3496 2273//6298 
usemtl Polygon_XSIPOLYCLS.b747blck_material1
f 1870//4712 1855//4710 1859//4709 
usemtl b747blck_material
f 1883//4713 1866//4714 1862//4715 
usemtl Polygon_XSIPOLYCLS.b747blck_material1
f 1867//4716 1864//4718 1868//4719 
usemtl Polygon_XSIPOLYCLS.b747blck_material1
f 1868//4720 1865//4722 1869//4723 
usemtl b747blck_material
f 2771//6294 1564//6104 1606//6105 
usemtl Polygon_XSIPOLYCLS.b747blck_material1
f 1874//4730 1851//4728 1855//4727 
usemtl b747blck_material
f 1883//4731 1862//4732 1858//4733 
usemtl Polygon_XSIPOLYCLS.b747blck_material1
f 1871//4734 1868//4736 1872//4737 
usemtl Polygon_XSIPOLYCLS.b747blck_material1
f 1872//4738 1869//4740 1873//4741 
usemtl b747blck_material
f 1665//4130 1707//6297 2281//6296 
usemtl Polygon_XSIPOLYCLS.b747blck_material1
f 1878//4748 1847//4746 1851//4745 
usemtl b747blck_material
f 1883//4749 1858//4750 1854//4751 
usemtl Polygon_XSIPOLYCLS.b747blck_material1
f 1875//4752 1872//4754 1876//4755 
usemtl Polygon_XSIPOLYCLS.b747blck_material1
f 1876//4756 1873//4758 1877//4759 
usemtl Polygon_XSIPOLYCLS.b747blck_material1
f 1490//3840 1487//6247 1491//6246 
usemtl Polygon_XSIPOLYCLS.b747blck_material1
f 1882//4766 1843//4764 1847//4763 
usemtl b747blck_material
f 1883//4767 1854//4768 1879//4769 
usemtl Polygon_XSIPOLYCLS.b747blck_material1
f 1846//4770 1876//4772 1880//4773 
usemtl Polygon_XSIPOLYCLS.b747blck_material1
f 1880//4774 1877//4776 1881//4777 
usemtl b747blck_material
f 1513//6390 1488//6391 1484//6394 
usemtl Polygon_XSIPOLYCLS.b747blck_material1
f 1884//4784 1846//4782 1843//4781 
usemtl b747blck_material
f 1925//4785 1921//4786 1926//4787 
usemtl Polygon_XSIPOLYCLS.b747blck_material1
f 1885//4788 1922//4790 1886//4791 
usemtl Polygon_XSIPOLYCLS.b747blck_material1
f 1886//4792 1923//4794 1887//4795 
usemtl Polygon_XSIPOLYCLS.b747blck_material1
f 1481//4075 1478//4058 1482//4057 
usemtl Polygon_XSIPOLYCLS.b747blck_material1
f 1921//4802 1917//4800 1888//4799 
usemtl b747blck_material
f 1925//4803 1926//4804 1924//4805 
usemtl Polygon_XSIPOLYCLS.b747blck_material1
f 1889//4806 1886//4808 1890//4809 
usemtl Polygon_XSIPOLYCLS.b747blck_material1
f 1890//4810 1887//4812 1891//4813 
usemtl b747blck_material
f 1513//4093 1512//4092 1508//4076 
usemtl Polygon_XSIPOLYCLS.b747blck_material1
f 1896//4820 1913//4818 1917//4816 
usemtl b747blck_material
f 1925//4821 1924//4822 1920//4823 
usemtl Polygon_XSIPOLYCLS.b747blck_material1
f 1893//4824 1890//4826 1894//4827 
usemtl Polygon_XSIPOLYCLS.b747blck_material1
f 1894//4828 1891//4830 1895//4831 
usemtl Polygon_XSIPOLYCLS.b747blck_material1
f 1484//4094 1501//4111 1505//4128 
usemtl Polygon_XSIPOLYCLS.b747blck_material1
f 1900//4838 1909//4836 1913//4835 
usemtl b747blck_material
f 1925//4839 1920//4840 1916//4841 
usemtl Polygon_XSIPOLYCLS.b747blck_material1
f 1897//4842 1894//4844 1898//4845 
usemtl Polygon_XSIPOLYCLS.b747blck_material1
f 1898//4846 1895//4848 1899//4849 
usemtl b747blck_material
f 1427//3390 1453//6399 1447//6112 
usemtl Polygon_XSIPOLYCLS.b747blck_material1
f 1904//4856 1905//4854 1909//4853 
usemtl b747blck_material
f 1925//4857 1916//4858 1912//4859 
usemtl Polygon_XSIPOLYCLS.b747blck_material1
f 1901//4860 1898//4862 1902//4863 
usemtl Polygon_XSIPOLYCLS.b747blck_material1
f 1902//4864 1899//4866 1903//4867 
usemtl Polygon_XSIPOLYCLS.b747blck_material1
f 1478//4164 1475//4147 1479//4146 
usemtl Polygon_XSIPOLYCLS.b747blck_material1
f 1908//4874 1901//4872 1905//4871 
usemtl b747blck_material
f 1925//4875 1912//4876 1908//4877 
usemtl Polygon_XSIPOLYCLS.b747blck_material1
f 1905//4878 1902//4880 1906//4881 
usemtl Polygon_XSIPOLYCLS.b747blck_material1
f 1906//4882 1903//4884 1907//4885 
usemtl Polygon_XSIPOLYCLS.b747blck_material1
f 1477//4183 1474//4166 1478//4165 
usemtl Polygon_XSIPOLYCLS.b747blck_material1
f 1912//4892 1897//4890 1901//4889 
usemtl b747blck_material
f 1925//4893 1908//4894 1904//4895 
usemtl Polygon_XSIPOLYCLS.b747blck_material1
f 1909//4896 1906//4898 1910//4899 
usemtl Polygon_XSIPOLYCLS.b747blck_material1
f 1910//4900 1907//4902 1911//4903 
usemtl b747blck_material
f 1513//4201 1514//4200 1512//4184 
usemtl Polygon_XSIPOLYCLS.b747blck_material1
f 1916//4910 1893//4908 1897//4907 
usemtl b747blck_material
f 1925//4911 1904//4912 1900//4913 
usemtl Polygon_XSIPOLYCLS.b747blck_material1
f 1913//4914 1910//4916 1914//4917 
usemtl Polygon_XSIPOLYCLS.b747blck_material1
f 1914//4918 1911//4920 1915//4921 
usemtl b747blck_material
f 2764//3498 1447//3298 1446//6243 
usemtl Polygon_XSIPOLYCLS.b747blck_material1
f 1920//4928 1889//4926 1893//4925 
usemtl b747blck_material
f 1925//4929 1900//4930 1896//4931 
usemtl Polygon_XSIPOLYCLS.b747blck_material1
f 1917//4932 1914//4934 1918//4935 
usemtl Polygon_XSIPOLYCLS.b747blck_material1
f 1918//4936 1915//4938 1919//4939 
usemtl Polygon_XSIPOLYCLS.b747blck_material1
f 1486//3948 1483//3931 1487//3930 
usemtl Polygon_XSIPOLYCLS.b747blck_material1
f 1924//4946 1885//4944 1889//4943 
usemtl b747blck_material
f 1925//4947 1896//4948 1921//4949 
usemtl Polygon_XSIPOLYCLS.b747blck_material1
f 1888//4950 1918//4952 1922//4953 
usemtl Polygon_XSIPOLYCLS.b747blck_material1
f 1922//4954 1919//4956 1923//4957 
usemtl Polygon_XSIPOLYCLS.b747blck_material1
f 1485//3967 1482//3950 1486//3949 
usemtl Polygon_XSIPOLYCLS.b747blck_material1
f 1926//4964 1888//4962 1885//4961 
usemtl b747blck_material
f 1968//4967 1963//4966 1967//4965 
usemtl Polygon_XSIPOLYCLS.b747blck_material1
f 1928//4971 1930//4969 1927//4968 
usemtl Polygon_XSIPOLYCLS.b747blck_material1
f 1929//4975 1964//4973 1928//4972 
usemtl b747blck_material
f 1513//3985 1508//3984 1504//3968 
usemtl Polygon_XSIPOLYCLS.b747blck_material1
f 1930//4979 1938//4981 1963//4982 
usemtl b747blck_material
f 1966//4985 1968//4984 1967//4983 
usemtl Polygon_XSIPOLYCLS.b747blck_material1
f 1932//4989 1927//4987 1931//4986 
usemtl Polygon_XSIPOLYCLS.b747blck_material1
f 1933//4993 1928//4991 1932//4990 
usemtl Polygon_XSIPOLYCLS.b747blck_material1
f 1488//3986 1497//4003 1501//4004 
usemtl Polygon_XSIPOLYCLS.b747blck_material1
f 1959//4996 1942//4999 1938//5000 
usemtl b747blck_material
f 1962//5003 1966//5002 1967//5001 
usemtl Polygon_XSIPOLYCLS.b747blck_material1
f 1936//5007 1931//5005 1935//5004 
usemtl Polygon_XSIPOLYCLS.b747blck_material1
f 1937//5011 1932//5009 1936//5008 
usemtl b747blck_material
f 1428//6227 1448//6225 1452//6113 
usemtl Polygon_XSIPOLYCLS.b747blck_material1
f 1955//5015 1946//5017 1942//5018 
usemtl b747blck_material
f 1958//5021 1962//5020 1967//5019 
usemtl Polygon_XSIPOLYCLS.b747blck_material1
f 1940//5025 1935//5023 1939//5022 
usemtl Polygon_XSIPOLYCLS.b747blck_material1
f 1941//5029 1936//5027 1940//5026 
usemtl Polygon_XSIPOLYCLS.b747blck_material1
f 1482//4056 1479//4039 1483//4038 
usemtl Polygon_XSIPOLYCLS.b747blck_material1
f 1951//5033 1950//5035 1946//5036 
usemtl b747blck_material
f 1954//5039 1958//5038 1967//5037 
usemtl Polygon_XSIPOLYCLS.b747blck_material1
f 1944//5043 1939//5041 1943//5040 
usemtl Polygon_XSIPOLYCLS.b747blck_material1
f 1945//5047 1940//5045 1944//5044 
usemtl Polygon_XSIPOLYCLS.b747blck_material1
f 1509//4202 1505//4219 1476//4221 
usemtl Polygon_XSIPOLYCLS.b747blck_material1
f 1947//5051 1954//5053 1950//5054 
usemtl b747blck_material
f 1950//5057 1954//5056 1967//5055 
usemtl Polygon_XSIPOLYCLS.b747blck_material1
f 1948//5061 1943//5059 1947//5058 
usemtl Polygon_XSIPOLYCLS.b747blck_material1
f 1949//5065 1944//5063 1948//5062 
usemtl b747blck_material
f 1431//6111 1452//3462 1455//3461 
usemtl Polygon_XSIPOLYCLS.b747blck_material1
f 1943//5069 1958//5071 1954//5072 
usemtl b747blck_material
f 1946//5075 1950//5074 1967//5073 
usemtl Polygon_XSIPOLYCLS.b747blck_material1
f 1952//5079 1947//5077 1951//5076 
usemtl Polygon_XSIPOLYCLS.b747blck_material1
f 1953//5083 1948//5081 1952//5080 
usemtl Polygon_XSIPOLYCLS.b747blck_material1
f 1474//4272 1511//4255 1475//4254 
usemtl Polygon_XSIPOLYCLS.b747blck_material1
f 1939//5087 1962//5089 1958//5090 
usemtl b747blck_material
f 1942//5093 1946//5092 1967//5091 
usemtl Polygon_XSIPOLYCLS.b747blck_material1
f 1956//5097 1951//5095 1955//5094 
usemtl Polygon_XSIPOLYCLS.b747blck_material1
f 1957//5101 1952//5099 1956//5098 
usemtl Polygon_XSIPOLYCLS.b747blck_material1
f 1473//4291 1510//4274 1474//4273 
usemtl Polygon_XSIPOLYCLS.b747blck_material1
f 1935//5105 1966//5107 1962//5108 
usemtl b747blck_material
f 1938//5111 1942//5110 1967//5109 
usemtl Polygon_XSIPOLYCLS.b747blck_material1
f 1960//5115 1955//5113 1959//5112 
usemtl Polygon_XSIPOLYCLS.b747blck_material1
f 1961//5119 1956//5117 1960//5116 
usemtl b747blck_material
f 1513//4309 1509//4308 1514//4292 
usemtl Polygon_XSIPOLYCLS.b747blck_material1
f 1931//5123 1968//5125 1966//5126 
usemtl b747blck_material
f 1963//5129 1938//5128 1967//5127 
usemtl Polygon_XSIPOLYCLS.b747blck_material1
f 1964//5133 1959//5131 1930//5130 
usemtl Polygon_XSIPOLYCLS.b747blck_material1
f 1965//5137 1960//5135 1964//5134 
usemtl b747blck_material
f 1469//4780 1471//4796 1472//4797 
usemtl Polygon_XSIPOLYCLS.b747blck_material1
f 1927//5141 1963//5143 1968//5144 
usemtl b747blck_material
f 2010//5147 2005//5146 2009//5145 
usemtl Polygon_XSIPOLYCLS.b747blck_material1
f 1970//5151 1972//5149 1969//5148 
usemtl Polygon_XSIPOLYCLS.b747blck_material1
f 1971//5155 2006//5153 1970//5152 
usemtl b747blck_material
f 1471//4798 1468//4815 1470//4817 
usemtl Polygon_XSIPOLYCLS.b747blck_material1
f 1972//5159 1980//5161 2005//5162 
usemtl b747blck_material
f 2008//5165 2010//5164 2009//5163 
usemtl Polygon_XSIPOLYCLS.b747blck_material1
f 1974//5169 1969//5167 1973//5166 
usemtl Polygon_XSIPOLYCLS.b747blck_material1
f 1975//5173 1970//5171 1974//5170 
usemtl b747blck_material
f 1467//4832 1469//4869 1472//4870 
usemtl Polygon_XSIPOLYCLS.b747blck_material1
f 2001//5176 1984//5179 1980//5180 
usemtl b747blck_material
f 2004//5183 2008//5182 2009//5181 
usemtl Polygon_XSIPOLYCLS.b747blck_material1
f 1978//5187 1973//5185 1977//5184 
usemtl Polygon_XSIPOLYCLS.b747blck_material1
f 1979//5191 1974//5189 1978//5188 
usemtl b747blck_material
f 1469//4886 1466//4888 1468//4904 
usemtl Polygon_XSIPOLYCLS.b747blck_material1
f 1997//5195 1988//5197 1984//5198 
usemtl b747blck_material
f 2000//5201 2004//5200 2009//5199 
usemtl Polygon_XSIPOLYCLS.b747blck_material1
f 1982//5205 1977//5203 1981//5202 
usemtl Polygon_XSIPOLYCLS.b747blck_material1
f 1983//5209 1978//5207 1982//5206 
usemtl b747blck_material
f 1465//4905 1467//4906 1472//4922 
usemtl Polygon_XSIPOLYCLS.b747blck_material1
f 1993//5213 1992//5215 1988//5216 
usemtl b747blck_material
f 1996//5219 2000//5218 2009//5217 
usemtl Polygon_XSIPOLYCLS.b747blck_material1
f 1986//5223 1981//5221 1985//5220 
usemtl Polygon_XSIPOLYCLS.b747blck_material1
f 1987//5227 1982//5225 1986//5224 
usemtl b747blck_material
f 1467//4923 1464//4940 1466//4941 
usemtl Polygon_XSIPOLYCLS.b747blck_material1
f 1989//5231 1996//5233 1992//5234 
usemtl b747blck_material
f 1992//5237 1996//5236 2009//5235 
usemtl Polygon_XSIPOLYCLS.b747blck_material1
f 1990//5241 1985//5239 1989//5238 
usemtl Polygon_XSIPOLYCLS.b747blck_material1
f 1991//5245 1986//5243 1990//5242 
usemtl b747blck_material
f 1463//4942 1465//4958 1472//4959 
usemtl Polygon_XSIPOLYCLS.b747blck_material1
f 1985//5249 2000//5251 1996//5252 
usemtl b747blck_material
f 1988//5255 1992//5254 2009//5253 
usemtl Polygon_XSIPOLYCLS.b747blck_material1
f 1994//5259 1989//5257 1993//5256 
usemtl Polygon_XSIPOLYCLS.b747blck_material1
f 1995//5263 1990//5261 1994//5260 
usemtl b747blck_material
f 1465//4960 1462//4977 1464//4978 
usemtl Polygon_XSIPOLYCLS.b747blck_material1
f 1981//5267 2004//5269 2000//5270 
usemtl b747blck_material
f 1984//5273 1988//5272 2009//5271 
usemtl Polygon_XSIPOLYCLS.b747blck_material1
f 1998//5277 1993//5275 1997//5274 
usemtl Polygon_XSIPOLYCLS.b747blck_material1
f 1999//5281 1994//5279 1998//5278 
usemtl b747blck_material
f 2321//6374 2202//6207 2200//6311 
usemtl Polygon_XSIPOLYCLS.b747blck_material1
f 1977//5285 2008//5287 2004//5288 
usemtl b747blck_material
f 1980//5291 1984//5290 2009//5289 
usemtl Polygon_XSIPOLYCLS.b747blck_material1
f 2002//5295 1997//5293 2001//5292 
usemtl Polygon_XSIPOLYCLS.b747blck_material1
f 2003//5299 1998//5297 2002//5296 
usemtl Polygon_XSIPOLYCLS.b747blck_material1
f 1502//6195 1499//6193 1503//6400 
usemtl Polygon_XSIPOLYCLS.b747blck_material1
f 1973//5303 2010//5305 2008//5306 
usemtl b747blck_material
f 2005//5309 1980//5308 2009//5307 
usemtl Polygon_XSIPOLYCLS.b747blck_material1
f 2006//5313 2001//5311 1972//5310 
usemtl Polygon_XSIPOLYCLS.b747blck_material1
f 2007//5317 2002//5315 2006//5314 
usemtl Polygon_XSIPOLYCLS.b747blck_material1
f 1501//6199 1498//6197 1502//6196 
usemtl Polygon_XSIPOLYCLS.b747blck_material1
f 1969//5321 2005//5323 2010//5324 
usemtl b747blck_material
f 2011//5325 2026//5327 2012//5328 
usemtl b747blck_material
f 2027//5329 2012//5330 2026//5331 
usemtl b747blck_material
f 2013//5332 2012//5334 2014//5335 
usemtl b747blck_material
f 2027//5336 2014//5337 2012//5338 
usemtl b747blck_material
f 2015//5339 2014//5341 2016//5342 
usemtl b747blck_material
f 2027//5343 2016//5344 2014//5345 
usemtl b747blck_material
f 2017//5346 2016//5348 2018//5349 
usemtl b747blck_material
f 2027//5350 2018//5351 2016//5352 
usemtl b747blck_material
f 2019//5353 2018//5355 2020//5356 
usemtl b747blck_material
f 2027//5357 2020//5358 2018//5359 
usemtl b747blck_material
f 2021//5360 2020//5362 2022//5363 
usemtl b747blck_material
f 2027//5364 2022//5365 2020//5366 
usemtl b747blck_material
f 2023//5367 2022//5369 2024//5370 
usemtl b747blck_material
f 2027//5371 2024//5372 2022//5373 
usemtl b747blck_material
f 2025//5374 2024//5376 2026//5377 
usemtl b747blck_material
f 2027//5378 2026//5379 2024//5380 
usemtl b747blck_material
f 2069//5383 2064//5382 2068//5381 
usemtl Polygon_XSIPOLYCLS.b747blck_material1
f 2029//5387 2031//5385 2028//5384 
usemtl Polygon_XSIPOLYCLS.b747blck_material1
f 2030//5391 2065//5389 2029//5388 
usemtl b747blck_material
f 1513//6202 1492//6201 1488//6200 
usemtl Polygon_XSIPOLYCLS.b747blck_material1
f 2031//5395 2039//5397 2064//5398 
usemtl b747blck_material
f 2067//5401 2069//5400 2068//5399 
usemtl Polygon_XSIPOLYCLS.b747blck_material1
f 2033//5405 2028//5403 2032//5402 
usemtl Polygon_XSIPOLYCLS.b747blck_material1
f 2034//5409 2029//5407 2033//5406 
usemtl Polygon_XSIPOLYCLS.b747blck_material1
f 1504//6203 1481//6205 1485//6206 
usemtl Polygon_XSIPOLYCLS.b747blck_material1
f 2060//5412 2043//5415 2039//5416 
usemtl b747blck_material
f 2063//5419 2067//5418 2068//5417 
usemtl Polygon_XSIPOLYCLS.b747blck_material1
f 2037//5423 2032//5421 2036//5420 
usemtl Polygon_XSIPOLYCLS.b747blck_material1
f 2038//5427 2033//5425 2037//5424 
usemtl b747blck_material
f 2178//6372 2194//6383 2195//6384 
usemtl Polygon_XSIPOLYCLS.b747blck_material1
f 2056//5431 2047//5433 2043//5434 
usemtl b747blck_material
f 2059//5437 2063//5436 2068//5435 
usemtl Polygon_XSIPOLYCLS.b747blck_material1
f 2041//5441 2036//5439 2040//5438 
usemtl Polygon_XSIPOLYCLS.b747blck_material1
f 2042//5445 2037//5443 2041//5442 
usemtl Polygon_XSIPOLYCLS.b747blck_material1
f 1498//6213 1495//6211 1499//6210 
usemtl Polygon_XSIPOLYCLS.b747blck_material1
f 2052//5449 2051//5451 2047//5452 
usemtl b747blck_material
f 2055//5455 2059//5454 2068//5453 
usemtl Polygon_XSIPOLYCLS.b747blck_material1
f 2045//5459 2040//5457 2044//5456 
usemtl Polygon_XSIPOLYCLS.b747blck_material1
f 2046//5463 2041//5461 2045//5460 
usemtl b747blck_material
f 2759//3694 1892//3696 2169//3712 
usemtl Polygon_XSIPOLYCLS.b747blck_material1
f 2048//5467 2055//5469 2051//5470 
usemtl b747blck_material
f 2051//5473 2055//5472 2068//5471 
usemtl Polygon_XSIPOLYCLS.b747blck_material1
f 2049//5477 2044//5475 2048//5474 
usemtl Polygon_XSIPOLYCLS.b747blck_material1
f 2050//5481 2045//5479 2049//5478 
usemtl b747blck_material
f 2172//3713 2170//3730 1934//3731 
usemtl Polygon_XSIPOLYCLS.b747blck_material1
f 2044//5485 2059//5487 2055//5488 
usemtl b747blck_material
f 2047//5491 2051//5490 2068//5489 
usemtl Polygon_XSIPOLYCLS.b747blck_material1
f 2053//5495 2048//5493 2052//5492 
usemtl Polygon_XSIPOLYCLS.b747blck_material1
f 2054//5499 2049//5497 2053//5496 
usemtl b747blck_material
f 1436//3732 2169//3748 1892//3749 
usemtl Polygon_XSIPOLYCLS.b747blck_material1
f 2040//5503 2063//5505 2059//5506 
usemtl b747blck_material
f 2043//5509 2047//5508 2068//5507 
usemtl Polygon_XSIPOLYCLS.b747blck_material1
f 2057//5513 2052//5511 2056//5510 
usemtl Polygon_XSIPOLYCLS.b747blck_material1
f 2058//5517 2053//5515 2057//5514 
usemtl b747blck_material
f 1436//3750 1934//3766 2170//3767 
usemtl Polygon_XSIPOLYCLS.b747blck_material1
f 2036//5521 2067//5523 2063//5524 
usemtl b747blck_material
f 2039//5527 2043//5526 2068//5525 
usemtl Polygon_XSIPOLYCLS.b747blck_material1
f 2061//5531 2056//5529 2060//5528 
usemtl Polygon_XSIPOLYCLS.b747blck_material1
f 2062//5535 2057//5533 2061//5532 
usemtl b747blck_material
f 2171//3768 2798//4617 1892//4618 
usemtl Polygon_XSIPOLYCLS.b747blck_material1
f 2032//5539 2069//5541 2067//5542 
usemtl b747blck_material
f 2064//5545 2039//5544 2068//5543 
usemtl Polygon_XSIPOLYCLS.b747blck_material1
f 2065//5549 2060//5547 2031//5546 
usemtl Polygon_XSIPOLYCLS.b747blck_material1
f 2066//5553 2061//5551 2065//5550 
usemtl b747blck_material
f 1438//4634 1934//4637 2793//4652 
usemtl Polygon_XSIPOLYCLS.b747blck_material1
f 2028//5557 2064//5559 2069//5560 
usemtl b747blck_material
f 2111//5563 2106//5562 2110//5561 
usemtl Polygon_XSIPOLYCLS.b747blck_material1
f 2071//5567 2073//5565 2070//5564 
usemtl Polygon_XSIPOLYCLS.b747blck_material1
f 2072//5571 2107//5569 2071//5568 
usemtl b747blck_material
f 1436//4653 1892//4654 2798//4670 
usemtl Polygon_XSIPOLYCLS.b747blck_material1
f 2073//5575 2081//5577 2106//5578 
usemtl b747blck_material
f 2109//5581 2111//5580 2110//5579 
usemtl Polygon_XSIPOLYCLS.b747blck_material1
f 2075//5585 2070//5583 2074//5582 
usemtl Polygon_XSIPOLYCLS.b747blck_material1
f 2076//5589 2071//5587 2075//5586 
usemtl b747blck_material
f 1436//4671 2793//4672 1934//4688 
usemtl Polygon_XSIPOLYCLS.b747blck_material1
f 2102//5592 2085//5595 2081//5596 
usemtl b747blck_material
f 2105//5599 2109//5598 2110//5597 
usemtl Polygon_XSIPOLYCLS.b747blck_material1
f 2079//5603 2074//5601 2078//5600 
usemtl Polygon_XSIPOLYCLS.b747blck_material1
f 2080//5607 2075//5605 2079//5604 
usemtl b747blck_material
f 1976//4689 2793//4706 2798//4707 
usemtl Polygon_XSIPOLYCLS.b747blck_material1
f 2098//5611 2089//5613 2085//5614 
usemtl b747blck_material
f 2101//5617 2105//5616 2110//5615 
usemtl Polygon_XSIPOLYCLS.b747blck_material1
f 2083//5621 2078//5619 2082//5618 
usemtl Polygon_XSIPOLYCLS.b747blck_material1
f 2084//5625 2079//5623 2083//5622 
usemtl b747blck_material
f 1436//4708 2798//4724 2793//4725 
usemtl Polygon_XSIPOLYCLS.b747blck_material1
f 2094//5629 2093//5631 2089//5632 
usemtl b747blck_material
f 2097//5635 2101//5634 2110//5633 
usemtl Polygon_XSIPOLYCLS.b747blck_material1
f 2087//5639 2082//5637 2086//5636 
usemtl Polygon_XSIPOLYCLS.b747blck_material1
f 2088//5643 2083//5641 2087//5640 
usemtl b747blck_material
f 1606//6257 2756//3550 1522//3551 
usemtl Polygon_XSIPOLYCLS.b747blck_material1
f 2090//5647 2097//5649 2093//5650 
usemtl b747blck_material
f 2093//5653 2097//5652 2110//5651 
usemtl Polygon_XSIPOLYCLS.b747blck_material1
f 2091//5657 2086//5655 2090//5654 
usemtl Polygon_XSIPOLYCLS.b747blck_material1
f 2092//5661 2087//5659 2091//5658 
usemtl Polygon_XSIPOLYCLS.b747blck_material1
f 1560//3427 1568//3429 1593//3430 
usemtl Polygon_XSIPOLYCLS.b747blck_material1
f 2086//5665 2101//5667 2097//5668 
usemtl b747blck_material
f 2089//5671 2093//5670 2110//5669 
usemtl Polygon_XSIPOLYCLS.b747blck_material1
f 2095//5675 2090//5673 2094//5672 
usemtl Polygon_XSIPOLYCLS.b747blck_material1
f 2096//5679 2091//5677 2095//5676 
usemtl b747blck_material
f 2200//3209 2199//6321 2198//6322 
usemtl Polygon_XSIPOLYCLS.b747blck_material1
f 2082//5683 2105//5685 2101//5686 
usemtl b747blck_material
f 2085//5689 2089//5688 2110//5687 
usemtl Polygon_XSIPOLYCLS.b747blck_material1
f 2099//5693 2094//5691 2098//5690 
usemtl Polygon_XSIPOLYCLS.b747blck_material1
f 2100//5697 2095//5695 2099//5694 
usemtl b747blck_material
f 2174//6328 2191//6377 2192//6379 
usemtl Polygon_XSIPOLYCLS.b747blck_material1
f 2078//5701 2109//5703 2105//5704 
usemtl b747blck_material
f 2081//5707 2085//5706 2110//5705 
usemtl Polygon_XSIPOLYCLS.b747blck_material1
f 2103//5711 2098//5709 2102//5708 
usemtl Polygon_XSIPOLYCLS.b747blck_material1
f 2104//5715 2099//5713 2103//5712 
usemtl Polygon_XSIPOLYCLS.b747blck_material1
f 1516//3240 1553//3242 1517//3243 
usemtl Polygon_XSIPOLYCLS.b747blck_material1
f 2074//5719 2111//5721 2109//5722 
usemtl b747blck_material
f 2106//5725 2081//5724 2110//5723 
usemtl Polygon_XSIPOLYCLS.b747blck_material1
f 2107//5729 2102//5727 2073//5726 
usemtl Polygon_XSIPOLYCLS.b747blck_material1
f 2108//5733 2103//5731 2107//5730 
usemtl Polygon_XSIPOLYCLS.b747blck_material1
f 1489//3859 1486//3842 1490//3841 
usemtl Polygon_XSIPOLYCLS.b747blck_material1
f 2070//5737 2106//5739 2111//5740 
usemtl b747blck_material
f 2152//5741 2148//5742 2153//5743 
usemtl Polygon_XSIPOLYCLS.b747blck_material1
f 2112//5744 2149//5746 2113//5747 
usemtl Polygon_XSIPOLYCLS.b747blck_material1
f 2113//5748 2150//5750 2114//5751 
usemtl b747blck_material
f 1513//3877 1504//3876 1500//3861 
usemtl Polygon_XSIPOLYCLS.b747blck_material1
f 2148//5758 2144//5756 2115//5755 
usemtl b747blck_material
f 2152//5759 2153//5760 2151//5761 
usemtl Polygon_XSIPOLYCLS.b747blck_material1
f 2116//5762 2113//5764 2117//5765 
usemtl Polygon_XSIPOLYCLS.b747blck_material1
f 2117//5766 2114//5768 2118//5769 
usemtl Polygon_XSIPOLYCLS.b747blck_material1
f 1515//3236 1552//3238 1516//3239 
usemtl Polygon_XSIPOLYCLS.b747blck_material1
f 2123//5776 2140//5774 2144//5772 
usemtl b747blck_material
f 2152//5777 2151//5778 2147//5779 
usemtl Polygon_XSIPOLYCLS.b747blck_material1
f 2120//5780 2117//5782 2121//5783 
usemtl Polygon_XSIPOLYCLS.b747blck_material1
f 2121//5784 2118//5786 2122//5787 
usemtl b747blck_material
f 1555//3233 1551//3234 1556//3235 
usemtl Polygon_XSIPOLYCLS.b747blck_material1
f 2127//5794 2136//5792 2140//5791 
usemtl b747blck_material
f 2152//5795 2147//5796 2143//5797 
usemtl Polygon_XSIPOLYCLS.b747blck_material1
f 2124//5798 2121//5800 2125//5801 
usemtl Polygon_XSIPOLYCLS.b747blck_material1
f 2125//5802 2122//5804 2126//5805 
usemtl Polygon_XSIPOLYCLS.b747blck_material1
f 1514//3232 1476//3230 1473//3229 
usemtl Polygon_XSIPOLYCLS.b747blck_material1
f 2131//5812 2132//5810 2136//5809 
usemtl b747blck_material
f 2152//5813 2143//5814 2139//5815 
usemtl Polygon_XSIPOLYCLS.b747blck_material1
f 2128//5816 2125//5818 2129//5819 
usemtl Polygon_XSIPOLYCLS.b747blck_material1
f 2129//5820 2126//5822 2130//5823 
usemtl b747blck_material
f 2178//6344 2769//6401 2192//6373 
usemtl Polygon_XSIPOLYCLS.b747blck_material1
f 2135//5830 2128//5828 2132//5827 
usemtl b747blck_material
f 2152//5831 2139//5832 2135//5833 
usemtl Polygon_XSIPOLYCLS.b747blck_material1
f 2132//5834 2129//5836 2133//5837 
usemtl Polygon_XSIPOLYCLS.b747blck_material1
f 2133//5838 2130//5840 2134//5841 
usemtl Polygon_XSIPOLYCLS.b747blck_material1
f 1510//3222 1507//3224 1511//3225 
usemtl Polygon_XSIPOLYCLS.b747blck_material1
f 2139//5848 2124//5846 2128//5845 
usemtl b747blck_material
f 2152//5849 2135//5850 2131//5851 
usemtl Polygon_XSIPOLYCLS.b747blck_material1
f 2136//5852 2133//5854 2137//5855 
usemtl Polygon_XSIPOLYCLS.b747blck_material1
f 2137//5856 2134//5858 2138//5859 
usemtl Polygon_XSIPOLYCLS.b747blck_material1
f 1476//3218 1506//3220 1510//3221 
usemtl Polygon_XSIPOLYCLS.b747blck_material1
f 2143//5866 2120//5864 2124//5863 
usemtl b747blck_material
f 2152//5867 2131//5868 2127//5869 
usemtl Polygon_XSIPOLYCLS.b747blck_material1
f 2140//5870 2137//5872 2141//5873 
usemtl Polygon_XSIPOLYCLS.b747blck_material1
f 2141//5874 2138//5876 2142//5877 
usemtl Polygon_XSIPOLYCLS.b747blck_material1
f 1492//3878 1493//3895 1497//3896 
usemtl Polygon_XSIPOLYCLS.b747blck_material1
f 2147//5884 2116//5882 2120//5881 
usemtl b747blck_material
f 2152//5885 2127//5886 2123//5887 
usemtl Polygon_XSIPOLYCLS.b747blck_material1
f 2144//5888 2141//5890 2145//5891 
usemtl Polygon_XSIPOLYCLS.b747blck_material1
f 2145//5892 2142//5894 2146//5895 
usemtl Polygon_XSIPOLYCLS.b747blck_material1
f 2808//5392 2156//5430 2804//5446 
usemtl Polygon_XSIPOLYCLS.b747blck_material1
f 2151//5902 2112//5900 2116//5899 
usemtl b747blck_material
f 2152//5903 2123//5904 2148//5905 
usemtl Polygon_XSIPOLYCLS.b747blck_material1
f 2115//5906 2145//5908 2149//5909 
usemtl Polygon_XSIPOLYCLS.b747blck_material1
f 2149//5910 2146//5912 2150//5913 
usemtl Polygon_XSIPOLYCLS.b747blck_material1
f 2146//5447 2114//5500 2150//5501 
usemtl Polygon_XSIPOLYCLS.b747blck_material1
f 2153//5920 2115//5918 2112//5917 
usemtl b747blck_material
f 2802//5921 2806//5922 2801//5923 
usemtl Polygon_XSIPOLYCLS.b747blck_material1
f 2154//5924 2805//5926 2155//5927 
usemtl Polygon_XSIPOLYCLS.b747blck_material1
f 2155//5928 2804//5930 2156//5931 
usemtl Polygon_XSIPOLYCLS.b747blck_material1
f 2108//5502 2100//5555 2104//5556 
usemtl Polygon_XSIPOLYCLS.b747blck_material1
f 2806//5938 2810//5936 2157//5935 
usemtl b747blck_material
f 2802//5939 2801//5940 2803//5941 
usemtl Polygon_XSIPOLYCLS.b747blck_material1
f 2158//5942 2155//5944 2159//5945 
usemtl Polygon_XSIPOLYCLS.b747blck_material1
f 2159//5946 2156//5948 2160//5949 
usemtl Polygon_XSIPOLYCLS.b747blck_material1
f 2066//5572 2058//5610 2062//5626 
usemtl Polygon_XSIPOLYCLS.b747blck_material1
f 2165//5956 2814//5954 2810//5952 
usemtl b747blck_material
f 2802//5957 2803//5958 2807//5959 
usemtl Polygon_XSIPOLYCLS.b747blck_material1
f 2162//5960 2159//5962 2163//5963 
usemtl Polygon_XSIPOLYCLS.b747blck_material1
f 2163//5964 2160//5966 2164//5967 
usemtl Polygon_XSIPOLYCLS.b747blck_material1
f 2007//5627 1999//5680 2003//5681 
usemtl Polygon_XSIPOLYCLS.b747blck_material1
f 2827//5974 2818//5972 2814//5971 
usemtl b747blck_material
f 2802//5975 2807//5976 2811//5977 
usemtl Polygon_XSIPOLYCLS.b747blck_material1
f 2166//5978 2163//5980 2829//5981 
usemtl Polygon_XSIPOLYCLS.b747blck_material1
f 2829//5982 2164//5984 2828//5985 
usemtl Polygon_XSIPOLYCLS.b747blck_material1
f 1965//5682 1957//5735 1961//5736 
usemtl Polygon_XSIPOLYCLS.b747blck_material1
f 2823//5992 2822//5990 2818//5989 
usemtl b747blck_material
f 2802//5993 2811//5994 2815//5995 
usemtl Polygon_XSIPOLYCLS.b747blck_material1
f 2826//5996 2829//5998 2825//5999 
usemtl Polygon_XSIPOLYCLS.b747blck_material1
f 2825//6000 2828//6002 2824//6003 
usemtl Polygon_XSIPOLYCLS.b747blck_material1
f 1919//5752 1887//5790 1923//5806 
usemtl Polygon_XSIPOLYCLS.b747blck_material1
f 2819//6010 2826//6008 2822//6007 
usemtl b747blck_material
f 2802//6011 2815//6012 2819//6013 
usemtl Polygon_XSIPOLYCLS.b747blck_material1
f 2822//6014 2825//6016 2821//6017 
usemtl Polygon_XSIPOLYCLS.b747blck_material1
f 2821//6018 2824//6020 2820//6021 
usemtl Polygon_XSIPOLYCLS.b747blck_material1
f 1877//5807 1845//5860 1881//5861 
usemtl Polygon_XSIPOLYCLS.b747blck_material1
f 2815//6028 2166//6026 2826//6025 
usemtl b747blck_material
f 2802//6029 2819//6030 2823//6031 
usemtl Polygon_XSIPOLYCLS.b747blck_material1
f 2818//6032 2821//6034 2817//6035 
usemtl Polygon_XSIPOLYCLS.b747blck_material1
f 2817//6036 2820//6038 2816//6039 
usemtl Polygon_XSIPOLYCLS.b747blck_material1
f 1637//5862 1629//5915 1633//5916 
usemtl Polygon_XSIPOLYCLS.b747blck_material1
f 2811//6046 2162//6044 2166//6043 
usemtl b747blck_material
f 2802//6047 2823//6048 2827//6049 
usemtl Polygon_XSIPOLYCLS.b747blck_material1
f 2814//6050 2817//6052 2813//6053 
usemtl Polygon_XSIPOLYCLS.b747blck_material1
f 2813//6054 2816//6056 2812//6057 
usemtl Polygon_XSIPOLYCLS.b747blck_material1
f 1595//5932 1587//5970 1591//5986 
usemtl Polygon_XSIPOLYCLS.b747blck_material1
f 2807//6064 2158//6062 2162//6061 
usemtl b747blck_material
f 2802//6065 2827//6066 2165//6067 
usemtl Polygon_XSIPOLYCLS.b747blck_material1
f 2810//6068 2813//6070 2809//6071 
usemtl Polygon_XSIPOLYCLS.b747blck_material1
f 2809//6072 2812//6074 2808//6075 
usemtl Polygon_XSIPOLYCLS.b747blck_material1
f 1549//5987 1517//6040 1553//6041 
usemtl Polygon_XSIPOLYCLS.b747blck_material1
f 2803//6082 2154//6080 2158//6079 
usemtl b747blck_material
f 2802//6083 2165//6084 2806//6085 
usemtl Polygon_XSIPOLYCLS.b747blck_material1
f 2157//6086 2809//6088 2805//6089 
usemtl Polygon_XSIPOLYCLS.b747blck_material1
f 2805//6090 2808//6092 2804//6093 
usemtl Polygon_XSIPOLYCLS.b747blck_material1
f 1507//6042 1475//6095 1511//6096 
usemtl Polygon_XSIPOLYCLS.b747blck_material1
f 2801//6100 2157//6098 2154//6097 
usemtl Polygon_XSIPOLYCLS.b747blck_material1
f 1508//6407 1477//6405 1481//6404 
usemtl b747blck_material
f 2035//3532 1449//3515 1448//3514 
usemtl b747blck_material
f 2300//6397 1446//3534 1451//3533 
usemtl b747blck_material
f 2301//6389 1450//6393 1449//6396 
usemtl b747blck_material
f 2197//3244 1451//3227 1445//3226 
usemtl b747blck_material
f 2795//6117 2787//6134 2790//6133 
usemtl b747blck_material
f 2789//6122 2792//6121 2788//6126 
usemtl b747blck_material
f 2785//6130 2741//6135 2791//6128 
usemtl b747blck_material
f 2787//6125 2785//6124 2790//6127 
usemtl b747blck_material
f 2293//4760 2786//6132 1434//5030 
usemtl b747blck_material
f 2292//4762 2789//6138 2788//6136 
usemtl b747blck_material
f 2786//6137 1435//5013 1434//5014 
usemtl b747blck_material
f 1421//3191 1433//6141 2784//6142 
usemtl b747blck_material
f 1432//3189 2783//6143 2782//6144 
usemtl b747blck_material
f 1413//3166 2781//6149 1432//6150 
usemtl b747blck_material
f 2207//6160 1426//6158 2780//6157 
usemtl b747blck_material
f 2386//6164 2779//6162 1419//6161 
usemtl b747blck_material
f 2546//6168 2780//6166 2778//6165 
usemtl b747blck_material
f 2385//6172 2777//6170 2779//6169 
usemtl b747blck_material
f 2445//6176 2778//6174 2776//6173 
usemtl b747blck_material
f 2383//6180 2775//6178 2777//6177 
usemtl b747blck_material
f 2437//6184 2776//6182 2774//6181 
usemtl b747blck_material
f 2434//6188 2773//6186 2775//6185 
usemtl b747blck_material
f 2435//6192 2774//6190 2773//6189 
usemtl Polygon_XSIPOLYCLS.b747blck_material1
f 1559//3423 1594//3421 1558//3420 
usemtl Polygon_XSIPOLYCLS.b747blck_material1
f 1558//3419 1560//3417 1557//3416 
usemtl b747blck_material
f 1598//3415 1593//3414 1597//3413 
usemtl Polygon_XSIPOLYCLS.b747blck_material1
f 1556//3412 1518//3410 1515//3409 
usemtl Polygon_XSIPOLYCLS.b747blck_material1
f 1496//6239 1489//6241 1493//6242 
usemtl Polygon_XSIPOLYCLS.b747blck_material1
f 1552//3402 1549//3404 1553//3405 
usemtl Polygon_XSIPOLYCLS.b747blck_material1
f 1518//3398 1548//3400 1552//3401 
usemtl b747blck_material
f 1555//3395 1526//3396 1551//3397 
usemtl Polygon_XSIPOLYCLS.b747blck_material1
f 1554//3394 1515//3392 1519//3391 
usemtl b747blck_material
f 1513//6238 1500//6237 1496//6236 
usemtl Polygon_XSIPOLYCLS.b747blck_material1
f 1548//3384 1545//3386 1549//3387 
usemtl Polygon_XSIPOLYCLS.b747blck_material1
f 1547//3380 1544//3382 1548//3383 
usemtl b747blck_material
f 1555//3377 1530//3378 1526//3379 
usemtl Polygon_XSIPOLYCLS.b747blck_material1
f 1550//3376 1519//3374 1523//3373 
usemtl Polygon_XSIPOLYCLS.b747blck_material1
f 1500//6221 1485//6223 1489//6224 
usemtl Polygon_XSIPOLYCLS.b747blck_material1
f 1544//3366 1541//3368 1545//3369 
usemtl b747blck_material
f 1436//3676 2170//3677 2758//3678 
usemtl b747blck_material
f 1436//3658 2757//3659 2169//3660 
usemtl b747blck_material
f 2762//3625 2758//3641 2170//3642 
usemtl Polygon_XSIPOLYCLS.b747blck_material1
f 2753//6261 2754//6259 2755//6258 
usemtl Polygon_XSIPOLYCLS.b747blck_material1
f 2747//6265 2755//6263 2752//6262 
usemtl b747blck_material
f 2177//3605 2169//3622 2757//3623 
usemtl b747blck_material
f 1436//3587 2758//3588 2757//3604 
usemtl Polygon_XSIPOLYCLS.b747blck_material1
f 2750//6275 2751//6273 2754//6272 
usemtl b747blck_material
f 2724//6278 2742//6277 2748//6276 
usemtl Polygon_XSIPOLYCLS.b747blck_material1
f 2749//6282 2750//6280 2753//6279 
usemtl b747blck_material
f 2724//6285 2748//6284 2739//6283 
usemtl Polygon_XSIPOLYCLS.b747blck_material1
f 2740//6289 2753//6287 2747//6286 
usemtl Polygon_XSIPOLYCLS.b747blck_material1
f 2738//6293 2752//6291 2746//6290 
usemtl b747blck_material
f 2175//3568 2757//3570 2758//3586 
usemtl b747blck_material
f 2320//6385 2796//3263 2202//6402 
usemtl Polygon_XSIPOLYCLS.b747blck_material1
f 2744//6303 2745//6301 2751//6300 
usemtl b747blck_material
f 2724//6306 2733//6305 2742//6304 
usemtl Polygon_XSIPOLYCLS.b747blck_material1
f 2743//8151 2744//6308 2750//6307 
usemtl Polygon_XSIPOLYCLS.b747blck_material1
f 2748//8147 2743//8149 2749//8150 
usemtl Polygon_XSIPOLYCLS.b747blck_material1
f 2739//8143 2749//8145 2740//8146 
usemtl b747blck_material
f 2724//8140 2739//8141 2729//8142 
usemtl Polygon_XSIPOLYCLS.b747blck_material1
f 2730//8136 2747//8138 2738//8139 
usemtl Polygon_XSIPOLYCLS.b747blck_material1
f 2728//8132 2746//8134 2737//8135 
usemtl Polygon_XSIPOLYCLS.b747blck_material1
f 1494//6231 1491//6229 1495//6228 
usemtl Polygon_XSIPOLYCLS.b747blck_material1
f 1493//6235 1490//6233 1494//6232 
usemtl Polygon_XSIPOLYCLS.b747blck_material1
f 2735//8122 2736//8124 2745//8125 
usemtl b747blck_material
f 2724//8119 2725//8120 2733//8121 
usemtl Polygon_XSIPOLYCLS.b747blck_material1
f 2734//8115 2735//8117 2744//8118 
usemtl Polygon_XSIPOLYCLS.b747blck_material1
f 2742//8111 2734//8113 2743//8114 
usemtl Polygon_XSIPOLYCLS.b747blck_material1
f 2731//6299 2736//8109 2732//8108 
usemtl Polygon_XSIPOLYCLS.b747blck_material1
f 2729//8104 2740//8106 2730//8107 
usemtl b747blck_material
f 2724//8101 2729//8102 2720//8103 
usemtl Polygon_XSIPOLYCLS.b747blck_material1
f 2721//8097 2738//8099 2728//8100 
usemtl Polygon_XSIPOLYCLS.b747blck_material1
f 2722//8093 2737//8095 2731//8096 
usemtl Polygon_XSIPOLYCLS.b747blck_material1
f 2727//8089 2732//8091 2736//8092 
usemtl b747blck_material
f 2724//8086 2718//8087 2725//8088 
usemtl Polygon_XSIPOLYCLS.b747blck_material1
f 2726//8082 2727//8084 2735//8085 
usemtl Polygon_XSIPOLYCLS.b747blck_material1
f 2733//8078 2726//8080 2734//8081 
usemtl Polygon_XSIPOLYCLS.b747blck_material1
f 2723//8074 2731//8076 2732//8077 
usemtl Polygon_XSIPOLYCLS.b747blck_material1
f 2720//8070 2730//8072 2721//8073 
usemtl b747blck_material
f 2724//8067 2720//8068 2715//8069 
usemtl Polygon_XSIPOLYCLS.b747blck_material1
f 2716//8063 2728//8065 2722//8066 
usemtl b747blck_material
f 2724//8060 2714//8061 2718//8062 
usemtl Polygon_XSIPOLYCLS.b747blck_material1
f 2719//8056 2723//8058 2727//8059 
usemtl Polygon_XSIPOLYCLS.b747blck_material1
f 2725//8052 2719//8054 2726//8055 
usemtl b747blck_material
f 2724//8049 2715//8050 2714//8051 
usemtl Polygon_XSIPOLYCLS.b747blck_material1
f 2717//8045 2722//8047 2723//8048 
usemtl Polygon_XSIPOLYCLS.b747blck_material1
f 2715//8041 2721//8043 2716//8044 
usemtl Polygon_XSIPOLYCLS.b747blck_material1
f 2718//8037 2717//8039 2719//8040 
usemtl Polygon_XSIPOLYCLS.b747blck_material1
f 2714//8033 2716//8035 2717//8036 
usemtl Polygon_XSIPOLYCLS.b747blck_material1
f 2699//8030 2712//8031 2713//8032 
usemtl Polygon_XSIPOLYCLS.b747blck_material1
f 2699//8027 2713//8028 2710//8029 
usemtl Polygon_XSIPOLYCLS.b747blck_material1
f 2699//8024 2709//8025 2712//8026 
usemtl Polygon_XSIPOLYCLS.b747blck_material1
f 2713//8020 2708//8022 2711//8023 
usemtl Polygon_XSIPOLYCLS.b747blck_material1
f 2710//8016 2711//8018 2705//8019 
usemtl Polygon_XSIPOLYCLS.b747blck_material1
f 2699//8013 2710//8014 2704//8015 
usemtl Polygon_XSIPOLYCLS.b747blck_material1
f 2699//8010 2703//8011 2709//8012 
usemtl Polygon_XSIPOLYCLS.b747blck_material1
f 2712//8006 2702//8008 2708//8009 
usemtl b747blck_material
f 2707//8003 2701//8004 2682//8005 
usemtl Polygon_XSIPOLYCLS.b747blck_material1
f 2711//7999 2700//8001 2706//8002 
usemtl b747blck_material
f 2698//7996 2707//7997 2682//7998 
usemtl Polygon_XSIPOLYCLS.b747blck_material1
f 2705//7992 2706//7994 2697//7995 
usemtl Polygon_XSIPOLYCLS.b747blck_material1
f 2704//7988 2705//7990 2696//7991 
usemtl Polygon_XSIPOLYCLS.b747blck_material1
f 2699//7985 2704//7986 2695//7987 
usemtl Polygon_XSIPOLYCLS.b747blck_material1
f 2699//7982 2694//7983 2703//7984 
usemtl Polygon_XSIPOLYCLS.b747blck_material1
f 2709//7978 2693//7980 2702//7981 
usemtl b747blck_material
f 2701//7975 2692//7976 2682//7977 
usemtl Polygon_XSIPOLYCLS.b747blck_material1
f 2708//7971 2691//7973 2700//7974 
usemtl Polygon_XSIPOLYCLS.b747blck_material1
f 2706//7967 2701//7969 2707//7970 
usemtl Polygon_XSIPOLYCLS.b747blck_material1
f 2697//7963 2707//7965 2698//7966 
usemtl b747blck_material
f 2688//7960 2698//7961 2682//7962 
usemtl Polygon_XSIPOLYCLS.b747blck_material1
f 2696//7956 2697//7958 2687//7959 
usemtl Polygon_XSIPOLYCLS.b747blck_material1
f 2695//7952 2696//7954 2686//7955 
usemtl Polygon_XSIPOLYCLS.b747blck_material1
f 2699//7949 2695//7950 2690//7951 
usemtl Polygon_XSIPOLYCLS.b747blck_material1
f 2699//7946 2689//7947 2694//7948 
usemtl Polygon_XSIPOLYCLS.b747blck_material1
f 2703//7942 2685//7944 2693//7945 
usemtl b747blck_material
f 2692//7939 2684//7940 2682//7941 
usemtl Polygon_XSIPOLYCLS.b747blck_material1
f 2702//7935 2683//7937 2691//7938 
usemtl Polygon_XSIPOLYCLS.b747blck_material1
f 2700//7931 2692//7933 2701//7934 
usemtl Polygon_XSIPOLYCLS.b747blck_material1
f 2699//7928 2690//7929 2689//7930 
usemtl Polygon_XSIPOLYCLS.b747blck_material1
f 2687//7924 2698//7926 2688//7927 
usemtl b747blck_material
f 2679//7921 2688//7922 2682//7923 
usemtl Polygon_XSIPOLYCLS.b747blck_material1
f 2686//7917 2687//7919 2678//7920 
usemtl b747blck_material
f 1429//3445 1454//3442 1453//3426 
usemtl b747blck_material
f 1430//3425 1455//3408 1454//3407 
usemtl b747blck_material
f 1452//5210 1454//5193 1455//5192 
usemtl b747blck_material
f 1457//5158 1470//5175 1456//5177 
usemtl b747blck_material
f 1471//5140 1457//5156 1472//5157 
usemtl b747blck_material
f 2179//6329 2187//6330 2185//6334 
usemtl b747blck_material
f 1459//5121 1456//5138 1458//5139 
usemtl b747blck_material
f 2182//6361 2181//6339 2183//6340 
usemtl b747blck_material
f 1457//5103 1459//5104 1472//5120 
usemtl b747blck_material
f 2181//6350 2189//6348 2188//6347 
usemtl b747blck_material
f 2180//6357 2188//6352 2187//6351 
usemtl b747blck_material
f 2186//6353 2187//6355 2179//6356 
usemtl b747blck_material
f 2184//6359 2180//6363 2186//6364 
usemtl b747blck_material
f 2189//6332 2190//6366 2188//6365 
usemtl b747blck_material
f 2188//6331 2185//6368 2187//6367 
usemtl b747blck_material
f 2183//6360 2180//6341 2184//6342 
usemtl b747blck_material
f 1461//5084 1458//5086 1460//5102 
usemtl b747blck_material
f 1459//5066 1461//5067 1472//5068 
usemtl b747blck_material
f 2297//3210 1444//3317 1450//3335 
usemtl b747blck_material
f 1463//5032 1460//5049 1462//5050 
usemtl b747blck_material
f 2800//5320 1445//5318 1444//5302 
usemtl b747blck_material
f 1461//4994 1463//4995 1472//5031 
usemtl b747blck_material
f 1444//5301 1451//5284 1450//5283 
usemtl b747blck_material
f 1446//5282 1453//5265 1451//5264 
usemtl b747blck_material
f 1448//5248 1450//5246 1452//5230 
usemtl b747blck_material
f 1450//5229 1453//5212 1452//5211 
usemtl b747blck_material
f 2205//6412 2204//6410 2203//6409 
usemtl b747blck_material
f 2243//6416 2206//6414 2205//6413 
usemtl b747blck_material
f 2408//7731 2601//7583 2523//7321 
usemtl b747blck_material
f 2406//6516 2523//7326 2595//7634 
usemtl b747blck_material
f 2342//6518 2351//7322 2601//7562 
usemtl b747blck_material
f 2481//6434 2464//6432 2498//7701 
usemtl b747blck_material
f 2425//6433 2499//7433 2500//7658 
usemtl b747blck_material
f 2213//6435 2228//6437 2225//6438 
usemtl b747blck_material
f 2218//6442 2221//6440 2219//6439 
usemtl b747blck_material
f 2222//6443 2221//6445 2217//6446 
usemtl b747blck_material
f 2223//6447 2217//6449 2218//6450 
usemtl b747blck_material
f 2224//6451 2218//6453 2219//6454 
usemtl b747blck_material
f 2220//6458 2219//6456 2221//6455 
usemtl b747blck_material
f 2216//6462 2213//6460 2225//6459 
usemtl b747blck_material
f 2215//6466 2225//6464 2228//6463 
usemtl b747blck_material
f 2214//6470 2228//6468 2227//6467 
usemtl b747blck_material
f 2226//6471 2227//6473 2213//6474 
usemtl b747blck_material
f 2233//6479 2230//6476 2229//6475 
usemtl b747blck_material
f 2230//6480 2232//6478 2231//6477 
usemtl b747blck_material
f 2229//6482 2230//6483 2235//6486 
usemtl b747blck_material
f 2233//6489 2236//6488 2232//6487 
usemtl b747blck_material
f 2235//6490 2233//6491 2229//6492 
usemtl b747blck_material
f 2536//6497 2593//6495 2537//6494 
usemtl b747blck_material
f 2242//6501 2238//6499 2239//6498 
usemtl b747blck_material
f 2244//6505 2241//6503 2242//6502 
usemtl b747blck_material
f 2529//6803 2593//6507 2535//6506 
usemtl b747blck_material
f 2394//6511 2497//6509 2237//6508 
usemtl b747blck_material
f 2326//6731 2381//6513 2387//6512 
usemtl b747blck_material
f 2490//7737 2525//7334 2355//7333 
usemtl b747blck_material
f 2259//6523 2261//6521 2247//6520 
usemtl b747blck_material
f 2253//6524 2251//6526 2252//6527 
usemtl b747blck_material
f 2251//6531 2254//6529 2256//6528 
usemtl b747blck_material
f 2252//6535 2256//6533 2257//6532 
usemtl b747blck_material
f 2253//6539 2257//6537 2258//6536 
usemtl b747blck_material
f 2255//6540 2258//6542 2254//6543 
usemtl b747blck_material
f 2259//6544 2260//6546 2250//6547 
usemtl b747blck_material
f 2262//6548 2250//6550 2249//6551 
usemtl b747blck_material
f 2261//6552 2249//6554 2248//6555 
usemtl b747blck_material
f 2247//6559 2248//6557 2260//6556 
usemtl b747blck_material
f 2263//6560 2264//6561 2267//6564 
usemtl b747blck_material
f 2265//6562 2267//6566 2264//6565 
usemtl b747blck_material
f 2269//6571 2268//6570 2263//6567 
usemtl b747blck_material
f 2266//6572 2270//6573 2267//6574 
usemtl b747blck_material
f 2263//6577 2270//6578 2269//6575 
usemtl b747blck_material
f 2271//6579 2284//6604 2285//6606 
usemtl b747blck_material
f 2288//6630 2274//6581 2277//6582 
usemtl b747blck_material
f 2275//6583 2282//6598 2280//6595 
usemtl b747blck_material
f 2286//6624 2277//6587 2281//6593 
usemtl b747blck_material
f 2279//6592 2280//6600 2282//6599 
usemtl b747blck_material
f 2278//6594 2766//6638 2280//6601 
usemtl b747blck_material
f 2278//6588 2285//6608 2284//6607 
usemtl b747blck_material
f 2272//6616 2281//6597 1707//6602 
usemtl b747blck_material
f 2296//6611 2290//6636 2291//6640 
usemtl b747blck_material
f 2278//6589 1791//6603 1437//6609 
usemtl b747blck_material
f 2295//6617 2274//6625 2290//6637 
usemtl b747blck_material
f 2272//6613 2287//6628 2286//6627 
usemtl b747blck_material
f 2275//6586 2766//6615 2765//6618 
usemtl b747blck_material
f 2286//6622 2289//6635 2288//6634 
usemtl b747blck_material
f 2284//6605 1707//6619 1791//6620 
usemtl b747blck_material
f 2288//6629 2291//6642 2290//6641 
usemtl b747blck_material
f 2312//6670 2299//6644 2298//6643 
usemtl b747blck_material
f 2769//6646 2317//6703 2315//6694 
usemtl b747blck_material
f 2307//6659 2303//6648 2302//6647 
usemtl b747blck_material
f 2770//6657 2315//6696 2313//6688 
usemtl b747blck_material
f 2309//6663 2305//6655 2306//6656 
usemtl b747blck_material
f 2307//6665 2320//6695 2305//6658 
usemtl b747blck_material
f 2311//6671 2306//6654 2305//6652 
usemtl b747blck_material
f 2310//6666 2313//6687 2299//6680 
usemtl b747blck_material
f 2318//6704 2322//6676 2323//6675 
usemtl b747blck_material
f 2320//6673 2311//6674 2305//6653 
usemtl b747blck_material
f 2317//6701 2797//6685 2322//6681 
usemtl b747blck_material
f 2313//6691 2298//6678 2299//6677 
usemtl b747blck_material
f 2324//6682 2307//6660 2302//6650 
usemtl b747blck_material
f 2315//6698 2314//6690 2313//6686 
usemtl b747blck_material
f 2321//6684 2299//6649 2311//6669 
usemtl b747blck_material
f 2317//6705 2316//6697 2315//6693 
usemtl b747blck_material
f 2404//6710 2427//7017 2340//6707 
usemtl b747blck_material
f 2356//6714 2340//6712 2325//6711 
usemtl b747blck_material
f 2557//6720 2500//6716 2566//6715 
usemtl b747blck_material
f 2463//6728 2501//6724 2557//6723 
usemtl b747blck_material
f 2499//6954 2504//6950 2567//6910 
usemtl b747blck_material
f 2566//7033 2499//6992 2567//6987 
usemtl b747blck_material
f 2388//6869 2472//7167 2366//6734 
usemtl b747blck_material
f 2365//6800 2456//6735 2381//6732 
usemtl b747blck_material
f 2388//6742 2326//6740 2334//6739 
usemtl b747blck_material
f 2553//6746 2474//7170 2333//6743 
usemtl b747blck_material
f 2506//6747 2471//7164 2585//6933 
usemtl b747blck_material
f 2336//6751 2372//6938 2423//6931 
usemtl b747blck_material
f 2337//6755 2413//7008 2372//6937 
usemtl b747blck_material
f 2338//6759 2415//6934 2413//7005 
usemtl b747blck_material
f 2373//6766 2568//6764 2407//6763 
usemtl b747blck_material
f 2583//6774 2575//6768 2587//6767 
usemtl b747blck_material
f 2545//6836 2569//6776 2568//6775 
usemtl Polygon_XSIPOLYCLS.b747blck_material1
f 2419//6833 2420//6802 2405//6801 
usemtl b747blck_material
f 2343//6779 2491//7227 2492//7229 
usemtl b747blck_material
f 2344//6783 2487//7220 2486//7219 
usemtl b747blck_material
f 2345//6787 2489//7224 2488//7223 
usemtl b747blck_material
f 2346//6791 2490//7226 2489//7225 
usemtl b747blck_material
f 2373//6827 2358//6795 2357//6796 
usemtl b747blck_material
f 2374//6829 2364//6797 2358//6798 
usemtl b747blck_material
f 2387//7035 2565//6832 2326//6831 
usemtl Polygon_XSIPOLYCLS.b747blck_material1
f 2418//6842 2419//6835 2405//6834 
usemtl b747blck_material
f 2351//6811 2431//7024 2359//6814 
usemtl b747blck_material
f 2352//6815 2451//7092 2360//6818 
usemtl b747blck_material
f 2353//6819 2362//6821 2361//6822 
usemtl b747blck_material
f 2354//6823 2363//6825 2362//6826 
usemtl b747blck_material
f 2424//6807 2529//6805 2357//6804 
usemtl b747blck_material
f 2388//6860 2366//6859 2365//6808 
usemtl b747blck_material
f 2365//6864 2422//6862 2364//6861 
usemtl Polygon_XSIPOLYCLS.b747blck_material1
f 2417//6865 2459//7109 2405//6809 
usemtl b747blck_material
f 2359//6843 2432//7026 2367//6846 
usemtl b747blck_material
f 2360//6847 2450//7090 2368//6850 
usemtl b747blck_material
f 2361//6851 2370//6853 2369//6854 
usemtl b747blck_material
f 2362//6855 2371//6857 2370//6858 
usemtl b747blck_material
f 2587//6840 2551//6838 2583//6837 
usemtl b747blck_material
f 2374//6893 2407//6891 2397//6841 
usemtl b747blck_material
f 2454//7101 2381//6896 2456//6894 
usemtl b747blck_material
f 2340//6897 2428//7019 2325//6778 
usemtl b747blck_material
f 2416//6876 2446//7076 2447//7078 
usemtl b747blck_material
f 2412//6880 2378//6878 2379//6877 
usemtl b747blck_material
f 2411//6884 2377//6882 2378//6881 
usemtl b747blck_material
f 2376//6888 2458//7106 2409//6885 
usemtl b747blck_material
f 2413//6923 2424//7009 2421//7004 
usemtl b747blck_material
f 2372//6927 2421//6925 2422//6736 
usemtl b747blck_material
f 2372//6936 2366//6930 2423//6928 
usemtl b747blck_material
f 2585//6929 2472//7166 2596//7010 
usemtl b747blck_material
f 2367//6907 2385//6998 2386//7032 
usemtl b747blck_material
f 2571//6912 2209//6909 2539//6908 
usemtl b747blck_material
f 2554//6916 2603//6914 2556//6913 
usemtl b747blck_material
f 2371//6920 2573//6918 2403//6917 
usemtl b747blck_material
f 2347//6761 2397//6899 2407//6906 
usemtl b747blck_material
f 2346//6757 2398//6901 2397//6900 
usemtl b747blck_material
f 2345//6753 2454//7098 2398//6902 
usemtl b747blck_material
f 2344//6749 2426//7015 2404//6904 
usemtl b747blck_material
f 2420//6942 2411//6940 2412//6939 
usemtl b747blck_material
f 2419//6946 2410//6944 2411//6943 
usemtl b747blck_material
f 2557//6722 2339//6718 2463//6717 
usemtl b747blck_material
f 2508//6730 2557//6726 2566//6725 
usemtl b747blck_material
f 2400//6955 2457//7105 2376//6958 
usemtl b747blck_material
f 2540//6953 2573//6922 2541//6921 
usemtl b747blck_material
f 2401//6963 2378//6965 2377//6966 
usemtl b747blck_material
f 2209//6962 2572//6960 2540//6959 
usemtl b747blck_material
f 2402//6971 2379//6973 2378//6974 
usemtl b747blck_material
f 2603//6970 2571//6968 2539//6967 
usemtl b747blck_material
f 2418//6982 2458//7107 2410//6979 
usemtl b747blck_material
f 2437//6986 2446//7077 2445//7075 
usemtl b747blck_material
f 2409//6988 2435//6890 2376//6889 
usemtl b747blck_material
f 2368//6978 2448//6976 2400//6975 
usemtl b747blck_material
f 2566//6995 2507//6993 2508//6991 
usemtl b747blck_material
f 2385//6997 2434//6990 2383//6989 
usemtl Polygon_XSIPOLYCLS.b747blck_material1
f 2416//7001 2447//7079 2405//6866 
usemtl b747blck_material
f 2364//6872 2421//6870 2358//6868 
usemtl b747blck_material
f 2358//7007 2424//6874 2357//6873 
usemtl b747blck_material
f 2537//7014 2559//7013 2536//7011 
usemtl b747blck_material
f 2512//6709 2427//7041 2426//7040 
usemtl b747blck_material
f 2344//6780 2491//7228 2429//7042 
usemtl b747blck_material
f 2352//6812 2431//7045 2430//7044 
usemtl b747blck_material
f 2360//6844 2432//7047 2431//7046 
usemtl b747blck_material
f 2577//6898 2428//7049 2427//7048 
usemtl b747blck_material
f 2552//7235 2583//7234 2536//7036 
usemtl b747blck_material
f 2371//7031 2402//7028 2370//7000 
usemtl b747blck_material
f 2343//6750 2426//7055 2429//7054 
usemtl b747blck_material
f 2400//6948 2435//7057 2434//7056 
usemtl b747blck_material
f 2370//7059 2401//7053 2369//7052 
usemtl b747blck_material
f 2528//7066 2567//7064 2504//6999 
usemtl b747blck_material
f 2550//7070 2528//7068 2504//7067 
usemtl b747blck_material
f 2550//7074 2470//7072 2506//7071 
usemtl b747blck_material
f 2338//7137 2463//7135 2339//7134 
usemtl b747blck_material
f 2337//7141 2462//7139 2338//7138 
usemtl b747blck_material
f 2409//6770 2447//7081 2446//7080 
usemtl b747blck_material
f 2579//6984 2445//7083 2446//7082 
usemtl Polygon_XSIPOLYCLS.b747blck_material1
f 2417//7002 2405//7085 2447//7084 
usemtl b747blck_material
f 2397//7119 2380//7111 2374//7102 
usemtl b747blck_material
f 2345//6784 2487//7221 2453//7112 
usemtl b747blck_material
f 2353//6816 2451//7115 2452//7114 
usemtl b747blck_material
f 2361//7117 2450//6849 2451//6848 
usemtl b747blck_material
f 2456//7304 2398//7161 2454//7155 
usemtl b747blck_material
f 2377//6887 2458//7121 2457//7120 
usemtl b747blck_material
f 2369//7091 2448//7088 2450//7087 
usemtl b747blck_material
f 2344//6754 2454//7125 2453//7124 
usemtl b747blck_material
f 2401//6956 2457//7127 2448//7126 
usemtl b747blck_material
f 2368//7129 2434//7123 2432//7122 
usemtl b747blck_material
f 2417//6981 2458//7131 2459//7130 
usemtl Polygon_XSIPOLYCLS.b747blck_material1
f 2418//6810 2405//7133 2459//7132 
usemtl b747blck_material
f 2504//7051 2498//7038 2550//7037 
usemtl b747blck_material
f 2479//7063 2550//7061 2498//7060 
usemtl b747blck_material
f 2329//7145 2462//7143 2461//7142 
usemtl b747blck_material
f 2330//7149 2463//7147 2462//7146 
usemtl b747blck_material
f 2336//7153 2461//7151 2337//7150 
usemtl b747blck_material
f 2467//7156 2469//7158 2455//7110 
usemtl b747blck_material
f 2476//7159 2455//6895 2469//7099 
usemtl b747blck_material
f 2460//7179 2479//7177 2328//7176 
usemtl b747blck_material
f 2553//6867 2472//7183 2473//7182 
usemtl b747blck_material
f 2388//6745 2474//7185 2473//7184 
usemtl b747blck_material
f 2336//6748 2471//7187 2470//7186 
usemtl b747blck_material
f 2366//7003 2471//7188 2423//7154 
usemtl b747blck_material
f 2452//7113 2488//6789 2353//6785 
usemtl b747blck_material
f 2470//7193 2460//7172 2336//7162 
usemtl b747blck_material
f 2328//7195 2461//7181 2460//7180 
usemtl b747blck_material
f 2353//7175 2489//7173 2354//7171 
usemtl b747blck_material
f 2479//7198 2483//7217 2328//7203 
usemtl b747blck_material
f 2331//7200 2485//7205 2480//7204 
usemtl b747blck_material
f 2330//7201 2484//7209 2485//7207 
usemtl b747blck_material
f 2329//7202 2483//7216 2484//7212 
usemtl b747blck_material
f 2498//7199 2482//7215 2479//7211 
usemtl b747blck_material
f 2430//7022 2492//7231 2491//7230 
usemtl b747blck_material
f 2452//7094 2486//7233 2487//7232 
usemtl b747blck_material
f 2352//6781 2491//7190 2486//7191 
usemtl b747blck_material
f 2355//6793 2489//7196 2490//7197 
usemtl b747blck_material
f 2558//7239 2536//7237 2497//7236 
usemtl b747blck_material
f 2666//7242 2670//7241 2667//7240 
usemtl b747blck_material
f 2671//7272 2666//7244 2663//7243 
usemtl b747blck_material
f 2513//7343 2604//7246 2389//7245 
usemtl b747blck_material
f 2511//7247 2597//7556 2575//7250 
usemtl b747blck_material
f 2496//7251 2575//7253 2527//7254 
usemtl b747blck_material
f 2570//7702 2399//7732 2436//7733 
usemtl b747blck_material
f 2502//7255 2478//7256 2438//7259 
usemtl b747blck_material
f 2478//7260 2562//7264 2570//7267 
usemtl b747blck_material
f 2664//7268 2609//7490 2669//7491 
usemtl b747blck_material
f 2537//7274 2519//7708 2559//7409 
usemtl b747blck_material
f 2656//7340 2661//7278 2662//7275 
usemtl b747blck_material
f 2505//7279 2536//7281 2559//7282 
usemtl b747blck_material
f 2333//7283 2519//7709 2553//7286 
usemtl b747blck_material
f 2585//7473 2528//7703 2506//7287 
usemtl b747blck_material
f 2594//7471 2508//7292 2507//7291 
usemtl b747blck_material
f 2543//7477 2509//7296 2508//7295 
usemtl b747blck_material
f 2584//7545 2339//7300 2509//7299 
usemtl b747blck_material
f 2465//7307 2521//7312 2520//7313 
usemtl b747blck_material
f 2348//7314 2350//7316 2465//7317 
usemtl b747blck_material
f 2611//7376 2520//7378 2521//7379 
usemtl Polygon_XSIPOLYCLS.b747blck_material1
f 2405//7341 2420//7342 2590//7373 
usemtl b747blck_material
f 2492//6519 2600//7561 2343//7319 
usemtl b747blck_material
f 2408//6426 2591//7637 2515//7323 
usemtl b747blck_material
f 2382//6422 2517//7328 2516//7327 
usemtl b747blck_material
f 2375//6420 2347//7332 2517//7331 
usemtl b747blck_material
f 2357//7336 2545//7368 2373//7367 
usemtl b747blck_material
f 2529//7338 2551//7370 2545//7369 
usemtl b747blck_material
f 2662//7346 2660//7345 2656//7344 
usemtl Polygon_XSIPOLYCLS.b747blck_material1
f 2405//7374 2590//7375 2589//7382 
usemtl b747blck_material
f 2359//7354 2601//7563 2351//7351 
usemtl b747blck_material
f 2531//7358 2595//7635 2523//7355 
usemtl b747blck_material
f 2532//7362 2525//7360 2524//7359 
usemtl b747blck_material
f 2533//7366 2355//7364 2525//7363 
usemtl b747blck_material
f 2208//7372 2478//7347 2570//7461 
usemtl b747blck_material
f 2428//7401 2389//7399 2396//7348 
usemtl b747blck_material
f 2387//7408 2495//7403 2390//7402 
usemtl Polygon_XSIPOLYCLS.b747blck_material1
f 2405//7349 2574//7649 2588//7405 
usemtl b747blck_material
f 2367//7386 2602//7565 2359//7383 
usemtl b747blck_material
f 2539//7390 2607//7633 2531//7387 
usemtl b747blck_material
f 2540//7394 2533//7392 2532//7391 
usemtl b747blck_material
f 2541//7398 2363//7396 2533//7395 
usemtl b747blck_material
f 2544//7380 2612//7431 2611//7432 
usemtl b747blck_material
f 2414//7552 2500//7436 2501//7659 
usemtl b747blck_material
f 2480//7642 2501//7640 2331//7695 
usemtl b747blck_material
f 2496//7318 2598//7558 2511//7437 
usemtl b747blck_material
f 2245//7618 2579//7415 2416//7416 
usemtl b747blck_material
f 2379//7417 2582//7419 2412//7420 
usemtl b747blck_material
f 2549//7421 2581//7423 2582//7424 
usemtl b747blck_material
f 2580//7425 2578//7644 2547//7428 
usemtl b747blck_material
f 2592//7544 2415//7464 2584//7463 
usemtl b747blck_material
f 2593//7276 2584//7466 2543//7467 
usemtl b747blck_material
f 2594//7468 2593//7475 2543//7476 
usemtl b747blck_material
f 2596//7550 2526//7705 2585//7469 
usemtl b747blck_material
f 2386//7572 2603//7567 2367//7447 
usemtl b747blck_material
f 2497//7452 2384//7449 2237//7448 
usemtl b747blck_material
f 2211//7456 2442//7454 2514//7453 
usemtl b747blck_material
f 2505//7460 2393//7458 2384//7457 
usemtl b747blck_material
f 2407//7446 2517//7302 2347//7301 
usemtl b747blck_material
f 2568//7440 2516//7298 2517//7297 
usemtl b747blck_material
f 2569//7442 2591//7636 2516//7293 
usemtl b747blck_material
f 2575//7444 2600//7560 2515//7289 
usemtl b747blck_material
f 2412//7479 2590//7481 2420//7482 
usemtl b747blck_material
f 2582//7483 2589//7485 2590//7486 
usemtl b747blck_material
f 2440//7257 2212//7258 2210//7261 
usemtl b747blck_material
f 2475//7262 2210//7266 2212//7269 
usemtl b747blck_material
f 2547//7498 2240//7626 2571//7495 
usemtl b747blck_material
f 2391//7462 2438//7492 2478//7493 
usemtl b747blck_material
f 2548//7506 2573//7504 2572//7503 
usemtl b747blck_material
f 2518//7502 2395//7500 2393//7499 
usemtl b747blck_material
f 2549//7514 2403//7512 2573//7511 
usemtl b747blck_material
f 2552//7510 2394//7508 2433//7507 
usemtl b747blck_material
f 2581//7519 2574//7648 2589//7522 
usemtl b747blck_material
f 2207//7615 2580//7525 2608//7526 
usemtl b747blck_material
f 2547//7429 2608//7487 2580//7528 
usemtl b747blck_material
f 2333//7518 2449//7516 2395//7515 
usemtl b747blck_material
f 2211//7270 2443//7533 2441//7534 
usemtl b747blck_material
f 2527//7537 2433//7530 2555//7529 
usemtl b747blck_material
f 2405//7406 2245//7619 2416//7541 
usemtl b747blck_material
f 2325//7413 2396//7411 2560//7410 
usemtl b747blck_material
f 2381//7551 2561//7546 2495//7414 
usemtl b747blck_material
f 2356//7306 2560//7554 2561//7553 
usemtl b747blck_material
f 2597//7580 2577//7248 2512//7249 
usemtl b747blck_material
f 2600//7582 2408//6427 2515//7320 
usemtl b747blck_material
f 2601//7584 2531//7353 2523//7352 
usemtl b747blck_material
f 2602//7586 2539//7385 2531//7384 
usemtl b747blck_material
f 2598//7588 2513//7311 2577//7438 
usemtl b747blck_material
f 2644//7590 2651//7575 2652//7574 
usemtl b747blck_material
f 2474//7571 2563//7568 2449//7540 
usemtl b747blck_material
f 2600//7594 2512//7445 2343//7290 
usemtl b747blck_material
f 2605//7596 2547//7489 2571//7488 
usemtl b747blck_material
f 2496//7599 2555//7593 2564//7592 
usemtl b747blck_material
f 2514//7535 2212//7604 2440//7605 
usemtl b747blck_material
f 2442//7606 2441//7607 2443//7608 
usemtl b747blck_material
f 2442//7609 2475//7611 2514//7612 
usemtl b747blck_material
f 2562//7613 2610//7674 2399//7675 
usemtl b747blck_material
f 2436//7676 2399//7677 2610//7678 
usemtl b747blck_material
f 2246//7620 2588//7309 2580//7310 
usemtl b747blck_material
f 2246//7622 2546//7523 2579//7524 
usemtl Polygon_XSIPOLYCLS.b747blck_material1
f 2245//7624 2405//7625 2588//7542 
usemtl b747blck_material
f 2499//7651 2444//6431 2481//7738 
usemtl b747blck_material
f 2591//7652 2382//6423 2516//7324 
usemtl b747blck_material
f 2595//7654 2532//7357 2524//7356 
usemtl b747blck_material
f 2607//7388 2540//7656 2532//7657 
usemtl b747blck_material
f 2525//7711 2382//7714 2524//7715 
usemtl b747blck_material
f 2578//7660 2581//7426 2548//7427 
usemtl b747blck_material
f 2334//7631 2565//7628 2563//7627 
usemtl b747blck_material
f 2591//7664 2575//7443 2515//7294 
usemtl b747blck_material
f 2240//7666 2548//7497 2572//7496 
usemtl b747blck_material
f 2599//7669 2564//7663 2604//7662 
usemtl b747blck_material
f 2574//7670 2580//7520 2588//7521 
usemtl Polygon_XSIPOLYCLS.b747blck_material1
f 2574//7672 2405//7673 2589//7350 
usemtl b747blck_material
f 2668//7494 2669//7527 2609//7532 
usemtl b747blck_material
f 2670//7570 2665//7573 2667//7577 
usemtl b747blck_material
f 2671//7578 2665//7591 2670//7600 
usemtl b747blck_material
f 2663//7601 2669//7603 2668//7682 
usemtl b747blck_material
f 2391//7679 2502//7680 2438//7681 
usemtl b747blck_material
f 2586//7650 2534//7697 2538//7696 
usemtl b747blck_material
f 2530//7639 2542//7700 2510//7699 
usemtl b747blck_material
f 2665//7683 2666//7684 2667//7685 
usemtl b747blck_material
f 2519//7722 2596//7273 2553//7407 
usemtl b747blck_material
f 2519//7724 2505//7284 2559//7285 
usemtl b747blck_material
f 2528//7726 2594//7472 2507//7288 
usemtl b747blck_material
f 2594//7694 2522//7729 2537//7543 
usemtl b747blck_material
f 2524//7325 2406//7330 2595//7653 
usemtl b747blck_material
f 2208//7690 2502//7692 2391//7693 
usemtl b747blck_material
f 2666//7686 2664//7688 2663//7689 
usemtl b747blck_material
f 2614//7739 2618//7743 2619//7744 
usemtl b747blck_material
f 2616//7741 2620//7747 2615//7746 
usemtl b747blck_material
f 2621//7748 2619//7750 2618//7749 
usemtl b747blck_material
f 2615//7740 2617//7752 2614//7751 
usemtl b747blck_material
f 2620//7753 2623//7756 2617//7760 
usemtl b747blck_material
f 2621//7758 2618//7762 2622//7761 
usemtl b747blck_material
f 2622//7757 2617//7755 2623//7763 
usemtl b747blck_material
f 2624//7764 2626//7766 2627//7767 
usemtl b747blck_material
f 2628//7768 2627//7769 2626//7770 
usemtl b747blck_material
f 2629//7771 2625//7773 2624//7774 
usemtl b747blck_material
f 2631//7775 2625//7777 2632//7778 
usemtl b747blck_material
f 2628//7779 2626//7780 2631//7781 
usemtl b747blck_material
f 2633//7782 2630//7783 2629//7784 
usemtl b747blck_material
f 2630//7785 2632//7787 2625//7788 
usemtl b747blck_material
f 2634//7789 2636//7791 2637//7792 
usemtl b747blck_material
f 2638//7793 2637//7794 2636//7795 
usemtl b747blck_material
f 2639//7796 2635//7798 2634//7799 
usemtl b747blck_material
f 2641//7800 2635//7802 2642//7803 
usemtl b747blck_material
f 2638//7804 2636//7805 2641//7806 
usemtl b747blck_material
f 2643//7807 2640//7808 2639//7809 
usemtl b747blck_material
f 2640//7810 2642//7812 2635//7813 
usemtl b747blck_material
f 2644//7814 2646//7816 2647//7817 
usemtl b747blck_material
f 2646//7820 2651//7819 2647//7818 
usemtl b747blck_material
f 2649//7821 2645//7823 2644//7824 
usemtl b747blck_material
f 2651//7825 2645//7827 2652//7828 
usemtl b747blck_material
f 2650//7835 2652//7830 2645//7829 
usemtl b747blck_material
f 2648//7832 2650//7833 2649//7834 
usemtl b747blck_material
f 2656//7839 2654//7837 2653//7836 
usemtl b747blck_material
f 2659//7842 2658//7841 2657//7840 
usemtl b747blck_material
f 2655//7845 2656//7844 2660//7843 
usemtl b747blck_material
f 2653//7849 2658//7847 2659//7846 
usemtl b747blck_material
f 2654//7735 2657//7851 2658//7850 
usemtl b747blck_material
f 2662//7720 2655//7721 2660//7734 
usemtl b747blck_material
f 2661//7716 2655//7718 2662//7719 
usemtl Polygon_XSIPOLYCLS.b747blck_material1
f 2672//7853 2674//7855 2675//7856 
usemtl Polygon_XSIPOLYCLS.b747blck_material1
f 2676//7857 2675//7859 2677//7860 
usemtl Polygon_XSIPOLYCLS.b747blck_material1
f 2673//7861 2679//7863 2674//7864 
usemtl Polygon_XSIPOLYCLS.b747blck_material1
f 2680//7865 2673//7867 2672//7868 
usemtl b747blck_material
f 2675//7869 2674//7870 2682//7871 
usemtl Polygon_XSIPOLYCLS.b747blck_material1
f 2683//7872 2677//7874 2684//7875 
usemtl Polygon_XSIPOLYCLS.b747blck_material1
f 2685//7876 2672//7878 2676//7879 
usemtl b747blck_material
f 2677//7880 2675//7881 2682//7882 
usemtl Polygon_XSIPOLYCLS.b747blck_material1
f 2681//7883 2678//7885 2673//7886 
usemtl b747blck_material
f 2674//7887 2679//7888 2682//7889 
usemtl Polygon_XSIPOLYCLS.b747blck_material1
f 2678//7890 2688//7892 2679//7893 
usemtl Polygon_XSIPOLYCLS.b747blck_material1
f 2689//7894 2681//7896 2680//7897 
usemtl Polygon_XSIPOLYCLS.b747blck_material1
f 2691//7898 2684//7900 2692//7901 
usemtl Polygon_XSIPOLYCLS.b747blck_material1
f 2693//7902 2676//7904 2683//7905 
usemtl b747blck_material
f 2684//7906 2677//7907 2682//7908 
usemtl Polygon_XSIPOLYCLS.b747blck_material1
f 2694//7909 2680//7911 2685//7912 
usemtl Polygon_XSIPOLYCLS.b747blck_material1
f 2690//7913 2686//7915 2681//7916 
usemtl b747blck_material
f 2831//8171 2837//8163 2848//8153 
usemtl b747blck_material
f 2833//8156 2834//8157 2835//8158 
usemtl b747blck_material
f 2841//8159 2835//8160 2834//8161 
usemtl b747blck_material
f 2834//8167 2848//8165 2841//8164 
usemtl b747blck_material
f 2840//8170 2850//8169 2843//8168 
usemtl b747blck_material
f 2836//8205 2844//8198 2845//8207 
usemtl b747blck_material
f 2842//8196 2847//8155 2846//8154 
usemtl b747blck_material
f 2836//8188 2838//8187 2840//8186 
usemtl b747blck_material
f 2843//8177 2835//8178 2841//8179 
usemtl b747blck_material
f 2838//8181 2845//8180 2839//8173 
usemtl b747blck_material
f 2849//8183 2830//8162 2832//8195 
usemtl b747blck_material
f 2840//8194 2838//8193 2850//8192 
usemtl b747blck_material
f 2850//8189 2835//8190 2843//8191 
usemtl b747blck_material
f 2837//8202 2832//8184 2830//8176 
usemtl b747blck_material
f 2846//8200 2849//8199 2842//8197 
usemtl b747blck_material
f 2848//8182 2846//8204 2847//8208 
usemtl b747blck_material
f 2845//8172 2838//8185 2836//8203 
usemtl b747blck_material
f 2844//8201 2832//8211 2837//8210 
usemtl b747blck_material
f 2830//8175 2848//8213 2837//8212 
usemtl b747blck_material
f 2858//8214 2926//8215 2851//8216 
usemtl b747blck_material
f 2853//8217 2859//8219 2854//8220 
usemtl b747blck_material
f 2854//8221 2897//8398 2896//8396 
usemtl b747blck_material
f 2855//8225 2861//8227 2856//8228 
usemtl b747blck_material
f 2856//8229 2862//8231 2857//8232 
usemtl Polygon_XSIPOLYCLS.b747blck_material1
f 2857//8233 2862//8234 2852//8235 
usemtl b747blck_material
f 2927//8236 2858//8237 2851//8238 
usemtl b747blck_material
f 2902//8239 2864//8241 2859//8242 
usemtl b747blck_material
f 2859//8243 2898//8400 2897//8399 
usemtl b747blck_material
f 2860//8247 2866//8249 2861//8250 
usemtl b747blck_material
f 2861//8251 2867//8253 2862//8254 
usemtl Polygon_XSIPOLYCLS.b747blck_material1
f 2862//8255 2867//8256 2852//8257 
usemtl b747blck_material
f 2928//8258 2927//8259 2851//8260 
usemtl b747blck_material
f 2863//8261 2869//8263 2864//8264 
usemtl b747blck_material
f 2864//8265 2899//8402 2898//8401 
usemtl b747blck_material
f 2865//8269 2871//8271 2866//8272 
usemtl b747blck_material
f 2866//8273 2872//8275 2867//8276 
usemtl Polygon_XSIPOLYCLS.b747blck_material1
f 2867//8277 2872//8278 2852//8279 
usemtl b747blck_material
f 2929//8280 2928//8281 2851//8282 
usemtl b747blck_material
f 2868//8283 2874//8285 2869//8286 
usemtl b747blck_material
f 2869//8287 2900//8404 2899//8403 
usemtl b747blck_material
f 2870//8291 2876//8293 2871//8294 
usemtl b747blck_material
f 2871//8295 2877//8297 2872//8298 
usemtl Polygon_XSIPOLYCLS.b747blck_material1
f 2872//8299 2877//8300 2852//8301 
usemtl b747blck_material
f 2930//8302 2929//8303 2851//8304 
usemtl b747blck_material
f 2873//8305 2879//8307 2874//8308 
usemtl b747blck_material
f 2874//8309 2893//8390 2900//8405 
usemtl b747blck_material
f 2875//8313 2881//8315 2876//8316 
usemtl b747blck_material
f 2876//8317 2882//8319 2877//8320 
usemtl Polygon_XSIPOLYCLS.b747blck_material1
f 2877//8321 2882//8322 2852//8323 
usemtl b747blck_material
f 2931//8324 2930//8325 2851//8326 
usemtl b747blck_material
f 2878//8327 2884//8329 2879//8330 
usemtl b747blck_material
f 2879//8331 2894//8392 2893//8391 
usemtl b747blck_material
f 2880//8335 2886//8337 2881//8338 
usemtl b747blck_material
f 2881//8339 2887//8341 2882//8342 
usemtl Polygon_XSIPOLYCLS.b747blck_material1
f 2882//8343 2887//8344 2852//8345 
usemtl b747blck_material
f 2932//8346 2931//8347 2851//8348 
usemtl b747blck_material
f 2883//8349 2889//8351 2884//8352 
usemtl b747blck_material
f 2884//8353 2895//8394 2894//8393 
usemtl b747blck_material
f 2885//8357 2891//8359 2886//8360 
usemtl b747blck_material
f 2886//8361 2892//8363 2887//8364 
usemtl Polygon_XSIPOLYCLS.b747blck_material1
f 2887//8365 2892//8366 2852//8367 
usemtl b747blck_material
f 2926//8368 2932//8369 2851//8370 
usemtl b747blck_material
f 2888//8371 2854//8373 2889//8374 
usemtl b747blck_material
f 2889//8375 2896//8397 2895//8395 
usemtl b747blck_material
f 2890//8379 2856//8381 2891//8382 
usemtl b747blck_material
f 2891//8383 2857//8385 2892//8386 
usemtl Polygon_XSIPOLYCLS.b747blck_material1
f 2892//8387 2857//8388 2852//8389 
usemtl b747blck_material
f 2860//8223 2896//8407 2897//8406 
usemtl b747blck_material
f 2865//8245 2897//8409 2898//8408 
usemtl b747blck_material
f 2870//8267 2898//8411 2899//8410 
usemtl b747blck_material
f 2875//8289 2899//8413 2900//8412 
usemtl b747blck_material
f 2880//8311 2900//8415 2893//8414 
usemtl b747blck_material
f 2885//8333 2893//8417 2894//8416 
usemtl b747blck_material
f 2890//8355 2894//8419 2895//8418 
usemtl b747blck_material
f 2855//8377 2895//8421 2896//8420 
usemtl b747blck_material
f 2902//8422 2901//8424 2909//8425 
usemtl b747blck_material
f 2853//8426 2908//8428 2901//8429 
usemtl b747blck_material
f 2888//8430 2907//8432 2908//8433 
usemtl b747blck_material
f 2883//8434 2906//8436 2907//8437 
usemtl b747blck_material
f 2878//8438 2905//8440 2906//8441 
usemtl b747blck_material
f 2873//8442 2904//8444 2905//8445 
usemtl b747blck_material
f 2868//8446 2903//8448 2904//8449 
usemtl b747blck_material
f 2863//8450 2909//8452 2903//8453 
usemtl b747blck_material
f 2909//8454 2910//8456 2917//8457 
usemtl b747blck_material
f 2901//8458 2916//8460 2910//8461 
usemtl b747blck_material
f 2908//8462 2915//8464 2916//8465 
usemtl b747blck_material
f 2907//8466 2914//8468 2915//8469 
usemtl b747blck_material
f 2906//8470 2913//8472 2914//8473 
usemtl b747blck_material
f 2905//8474 2912//8476 2913//8477 
usemtl b747blck_material
f 2904//8478 2911//8480 2912//8481 
usemtl b747blck_material
f 2903//8482 2917//8484 2911//8485 
usemtl b747blck_material
f 2917//8486 2918//8488 2925//8489 
usemtl b747blck_material
f 2910//8490 2924//8492 2918//8493 
usemtl b747blck_material
f 2916//8494 2923//8496 2924//8497 
usemtl b747blck_material
f 2915//8498 2922//8500 2923//8501 
usemtl b747blck_material
f 2914//8502 2921//8504 2922//8505 
usemtl b747blck_material
f 2913//8506 2920//8508 2921//8509 
usemtl b747blck_material
f 2912//8510 2919//8512 2920//8513 
usemtl b747blck_material
f 2911//8514 2925//8516 2919//8517 
usemtl b747blck_material
f 2925//8518 2926//8520 2858//8521 
usemtl b747blck_material
f 2918//8522 2932//8524 2926//8525 
usemtl b747blck_material
f 2924//8526 2931//8528 2932//8529 
usemtl b747blck_material
f 2923//8530 2930//8532 2931//8533 
usemtl b747blck_material
f 2922//8534 2929//8536 2930//8537 
usemtl b747blck_material
f 2921//8538 2928//8540 2929//8541 
usemtl b747blck_material
f 2920//8542 2927//8544 2928//8545 
usemtl b747blck_material
f 2919//8546 2858//8548 2927//8549 
usemtl b747blck_material
f 2951//8550 2940//8560 2934//8568 
usemtl b747blck_material
f 2938//8555 2937//8554 2936//8553 
usemtl b747blck_material
f 2937//8558 2938//8557 2944//8556 
usemtl b747blck_material
f 2944//8561 2934//8563 2937//8564 
usemtl b747blck_material
f 2946//8565 2953//8566 2943//8567 
usemtl b747blck_material
f 2948//8604 2935//8603 2939//8602 
usemtl b747blck_material
f 2949//8551 2950//8552 2945//8593 
usemtl b747blck_material
f 2943//8583 2941//8584 2939//8585 
usemtl b747blck_material
f 2944//8576 2938//8575 2946//8574 
usemtl b747blck_material
f 2942//8570 2948//8577 2941//8578 
usemtl b747blck_material
f 2935//8592 2949//8606 2952//8580 
usemtl b747blck_material
f 2953//8589 2941//8590 2943//8591 
usemtl b747blck_material
f 2946//8588 2938//8587 2953//8586 
usemtl b747blck_material
f 2933//8573 2935//8581 2940//8599 
usemtl b747blck_material
f 2945//8594 2952//8596 2949//8597 
usemtl b747blck_material
f 2950//8605 2933//8571 2951//8579 
usemtl b747blck_material
f 2939//8600 2941//8582 2948//8569 
usemtl b747blck_material
f 2940//8607 2935//8608 2947//8598 
usemtl b747blck_material
f 2940//8609 2951//8610 2933//8572 
usemtl b747blck_material
f 2954//8613 3029//8612 2961//8611 
usemtl b747blck_material
f 2957//8617 3005//8615 2956//8614 
usemtl b747blck_material
f 2999//8793 2962//8619 2957//8618 
usemtl b747blck_material
f 2959//8625 2963//8623 2958//8622 
usemtl b747blck_material
f 2960//8629 2964//8627 2959//8626 
usemtl Polygon_XSIPOLYCLS.b747blck_material1
f 2955//8632 2965//8631 2960//8630 
usemtl b747blck_material
f 2954//8635 2961//8634 3030//8633 
usemtl b747blck_material
f 2962//8639 2966//8637 3005//8636 
usemtl b747blck_material
f 3000//8796 2967//8641 2962//8640 
usemtl b747blck_material
f 2964//8647 2968//8645 2963//8644 
usemtl b747blck_material
f 2965//8651 2969//8649 2964//8648 
usemtl Polygon_XSIPOLYCLS.b747blck_material1
f 2955//8654 2970//8653 2965//8652 
usemtl b747blck_material
f 2954//8657 3030//8656 3031//8655 
usemtl b747blck_material
f 2967//8661 2971//8659 2966//8658 
usemtl b747blck_material
f 3001//8798 2972//8663 2967//8662 
usemtl b747blck_material
f 2969//8669 2973//8667 2968//8666 
usemtl b747blck_material
f 2970//8673 2974//8671 2969//8670 
usemtl Polygon_XSIPOLYCLS.b747blck_material1
f 2955//8676 2975//8675 2970//8674 
usemtl b747blck_material
f 2954//8679 3031//8678 3032//8677 
usemtl b747blck_material
f 2972//8683 2976//8681 2971//8680 
usemtl b747blck_material
f 3002//8800 2977//8685 2972//8684 
usemtl b747blck_material
f 2974//8691 2978//8689 2973//8688 
usemtl b747blck_material
f 2975//8695 2979//8693 2974//8692 
usemtl Polygon_XSIPOLYCLS.b747blck_material1
f 2955//8698 2980//8697 2975//8696 
usemtl b747blck_material
f 2954//8701 3032//8700 3033//8699 
usemtl b747blck_material
f 2977//8705 2981//8703 2976//8702 
usemtl b747blck_material
f 3003//8802 2982//8707 2977//8706 
usemtl b747blck_material
f 2979//8713 2983//8711 2978//8710 
usemtl b747blck_material
f 2980//8717 2984//8715 2979//8714 
usemtl Polygon_XSIPOLYCLS.b747blck_material1
f 2955//8720 2985//8719 2980//8718 
usemtl b747blck_material
f 2954//8723 3033//8722 3034//8721 
usemtl b747blck_material
f 2982//8727 2986//8725 2981//8724 
usemtl b747blck_material
f 2996//8788 2987//8729 2982//8728 
usemtl b747blck_material
f 2984//8735 2988//8733 2983//8732 
usemtl b747blck_material
f 2985//8739 2989//8737 2984//8736 
usemtl Polygon_XSIPOLYCLS.b747blck_material1
f 2955//8742 2990//8741 2985//8740 
usemtl b747blck_material
f 2954//8745 3034//8744 3035//8743 
usemtl b747blck_material
f 2987//8749 2991//8747 2986//8746 
usemtl b747blck_material
f 2997//8790 2992//8751 2987//8750 
usemtl b747blck_material
f 2989//8757 2993//8755 2988//8754 
usemtl b747blck_material
f 2990//8761 2994//8759 2989//8758 
usemtl Polygon_XSIPOLYCLS.b747blck_material1
f 2955//8764 2995//8763 2990//8762 
usemtl b747blck_material
f 2954//8767 3035//8766 3029//8765 
usemtl b747blck_material
f 2992//8771 2956//8769 2991//8768 
usemtl b747blck_material
f 2998//8792 2957//8773 2992//8772 
usemtl b747blck_material
f 2994//8779 2958//8777 2993//8776 
usemtl b747blck_material
f 2995//8783 2959//8781 2994//8780 
usemtl Polygon_XSIPOLYCLS.b747blck_material1
f 2955//8786 2960//8785 2995//8784 
usemtl b747blck_material
f 3000//8803 2958//8621 2963//8620 
usemtl b747blck_material
f 3001//8805 2963//8643 2968//8642 
usemtl b747blck_material
f 3002//8807 2968//8665 2973//8664 
usemtl b747blck_material
f 3003//8809 2973//8687 2978//8686 
usemtl b747blck_material
f 2996//8811 2978//8709 2983//8708 
usemtl b747blck_material
f 2997//8813 2983//8731 2988//8730 
usemtl b747blck_material
f 2998//8815 2988//8753 2993//8752 
usemtl b747blck_material
f 2999//8817 2993//8775 2958//8774 
usemtl b747blck_material
f 3012//8822 2956//8820 3005//8819 
usemtl b747blck_material
f 3004//8826 2991//8824 2956//8823 
usemtl b747blck_material
f 3011//8830 2986//8828 2991//8827 
usemtl b747blck_material
f 3010//8834 2981//8832 2986//8831 
usemtl b747blck_material
f 3009//8838 2976//8836 2981//8835 
usemtl b747blck_material
f 3008//8842 2971//8840 2976//8839 
usemtl b747blck_material
f 3007//8846 2966//8844 2971//8843 
usemtl b747blck_material
f 3006//8850 3005//8848 2966//8847 
usemtl b747blck_material
f 3020//8854 3004//8852 3012//8851 
usemtl b747blck_material
f 3013//8858 3011//8856 3004//8855 
usemtl b747blck_material
f 3019//8862 3010//8860 3011//8859 
usemtl b747blck_material
f 3018//8866 3009//8864 3010//8863 
usemtl b747blck_material
f 3017//8870 3008//8868 3009//8867 
usemtl b747blck_material
f 3016//8874 3007//8872 3008//8871 
usemtl b747blck_material
f 3015//8878 3006//8876 3007//8875 
usemtl b747blck_material
f 3014//8882 3012//8880 3006//8879 
usemtl b747blck_material
f 3028//8886 3013//8884 3020//8883 
usemtl b747blck_material
f 3021//8890 3019//8888 3013//8887 
usemtl b747blck_material
f 3027//8894 3018//8892 3019//8891 
usemtl b747blck_material
f 3026//8898 3017//8896 3018//8895 
usemtl b747blck_material
f 3025//8902 3016//8900 3017//8899 
usemtl b747blck_material
f 3024//8906 3015//8904 3016//8903 
usemtl b747blck_material
f 3023//8910 3014//8908 3015//8907 
usemtl b747blck_material
f 3022//8914 3020//8912 3014//8911 
usemtl b747blck_material
f 2961//8918 3021//8916 3028//8915 
usemtl b747blck_material
f 3029//8922 3027//8920 3021//8919 
usemtl b747blck_material
f 3035//8926 3026//8924 3027//8923 
usemtl b747blck_material
f 3034//8930 3025//8928 3026//8927 
usemtl b747blck_material
f 3033//8934 3024//8932 3025//8931 
usemtl b747blck_material
f 3032//8938 3023//8936 3024//8935 
usemtl b747blck_material
f 3031//8942 3022//8940 3023//8939 
usemtl b747blck_material
f 3030//8946 3028//8944 3022//8943 
usemtl b747blck_material
f 3037//8965 3043//8957 3054//8947 
usemtl b747blck_material
f 3039//8950 3040//8951 3041//8952 
usemtl b747blck_material
f 3047//8953 3041//8954 3040//8955 
usemtl b747blck_material
f 3040//8961 3054//8959 3047//8958 
usemtl b747blck_material
f 3046//8964 3056//8963 3049//8962 
usemtl b747blck_material
f 3042//8999 3050//8992 3051//9001 
usemtl b747blck_material
f 3048//8990 3053//8949 3052//8948 
usemtl b747blck_material
f 3042//8982 3044//8981 3046//8980 
usemtl b747blck_material
f 3049//8971 3041//8972 3047//8973 
usemtl b747blck_material
f 3044//8975 3051//8974 3045//8967 
usemtl b747blck_material
f 3055//8977 3036//8956 3038//8989 
usemtl b747blck_material
f 3046//8988 3044//8987 3056//8986 
usemtl b747blck_material
f 3056//8983 3041//8984 3049//8985 
usemtl b747blck_material
f 3043//8996 3038//8978 3036//8970 
usemtl b747blck_material
f 3052//8994 3055//8993 3048//8991 
usemtl b747blck_material
f 3054//8976 3052//8998 3053//9002 
usemtl b747blck_material
f 3051//8966 3044//8979 3042//8997 
usemtl b747blck_material
f 3050//8995 3038//9005 3043//9004 
usemtl b747blck_material
f 3036//8969 3054//9007 3043//9006 
usemtl b747blck_material
f 3064//9008 3132//9009 3057//9010 
usemtl b747blck_material
f 3059//9011 3065//9013 3060//9014 
usemtl b747blck_material
f 3060//9015 3103//9192 3102//9190 
usemtl b747blck_material
f 3061//9019 3067//9021 3062//9022 
usemtl b747blck_material
f 3062//9023 3068//9025 3063//9026 
usemtl Polygon_XSIPOLYCLS.b747blck_material1
f 3063//9027 3068//9028 3058//9029 
usemtl b747blck_material
f 3133//9030 3064//9031 3057//9032 
usemtl b747blck_material
f 3108//9033 3070//9035 3065//9036 
usemtl b747blck_material
f 3065//9037 3104//9194 3103//9193 
usemtl b747blck_material
f 3066//9041 3072//9043 3067//9044 
usemtl b747blck_material
f 3067//9045 3073//9047 3068//9048 
usemtl Polygon_XSIPOLYCLS.b747blck_material1
f 3068//9049 3073//9050 3058//9051 
usemtl b747blck_material
f 3134//9052 3133//9053 3057//9054 
usemtl b747blck_material
f 3069//9055 3075//9057 3070//9058 
usemtl b747blck_material
f 3070//9059 3105//9196 3104//9195 
usemtl b747blck_material
f 3071//9063 3077//9065 3072//9066 
usemtl b747blck_material
f 3072//9067 3078//9069 3073//9070 
usemtl Polygon_XSIPOLYCLS.b747blck_material1
f 3073//9071 3078//9072 3058//9073 
usemtl b747blck_material
f 3135//9074 3134//9075 3057//9076 
usemtl b747blck_material
f 3074//9077 3080//9079 3075//9080 
usemtl b747blck_material
f 3075//9081 3106//9198 3105//9197 
usemtl b747blck_material
f 3076//9085 3082//9087 3077//9088 
usemtl b747blck_material
f 3077//9089 3083//9091 3078//9092 
usemtl Polygon_XSIPOLYCLS.b747blck_material1
f 3078//9093 3083//9094 3058//9095 
usemtl b747blck_material
f 3136//9096 3135//9097 3057//9098 
usemtl b747blck_material
f 3079//9099 3085//9101 3080//9102 
usemtl b747blck_material
f 3080//9103 3099//9184 3106//9199 
usemtl b747blck_material
f 3081//9107 3087//9109 3082//9110 
usemtl b747blck_material
f 3082//9111 3088//9113 3083//9114 
usemtl Polygon_XSIPOLYCLS.b747blck_material1
f 3083//9115 3088//9116 3058//9117 
usemtl b747blck_material
f 3137//9118 3136//9119 3057//9120 
usemtl b747blck_material
f 3084//9121 3090//9123 3085//9124 
usemtl b747blck_material
f 3085//9125 3100//9186 3099//9185 
usemtl b747blck_material
f 3086//9129 3092//9131 3087//9132 
usemtl b747blck_material
f 3087//9133 3093//9135 3088//9136 
usemtl Polygon_XSIPOLYCLS.b747blck_material1
f 3088//9137 3093//9138 3058//9139 
usemtl b747blck_material
f 3138//9140 3137//9141 3057//9142 
usemtl b747blck_material
f 3089//9143 3095//9145 3090//9146 
usemtl b747blck_material
f 3090//9147 3101//9188 3100//9187 
usemtl b747blck_material
f 3091//9151 3097//9153 3092//9154 
usemtl b747blck_material
f 3092//9155 3098//9157 3093//9158 
usemtl Polygon_XSIPOLYCLS.b747blck_material1
f 3093//9159 3098//9160 3058//9161 
usemtl b747blck_material
f 3132//9162 3138//9163 3057//9164 
usemtl b747blck_material
f 3094//9165 3060//9167 3095//9168 
usemtl b747blck_material
f 3095//9169 3102//9191 3101//9189 
usemtl b747blck_material
f 3096//9173 3062//9175 3097//9176 
usemtl b747blck_material
f 3097//9177 3063//9179 3098//9180 
usemtl Polygon_XSIPOLYCLS.b747blck_material1
f 3098//9181 3063//9182 3058//9183 
usemtl b747blck_material
f 3066//9017 3102//9201 3103//9200 
usemtl b747blck_material
f 3071//9039 3103//9203 3104//9202 
usemtl b747blck_material
f 3076//9061 3104//9205 3105//9204 
usemtl b747blck_material
f 3081//9083 3105//9207 3106//9206 
usemtl b747blck_material
f 3086//9105 3106//9209 3099//9208 
usemtl b747blck_material
f 3091//9127 3099//9211 3100//9210 
usemtl b747blck_material
f 3096//9149 3100//9213 3101//9212 
usemtl b747blck_material
f 3061//9171 3101//9215 3102//9214 
usemtl b747blck_material
f 3108//9216 3107//9218 3115//9219 
usemtl b747blck_material
f 3059//9220 3114//9222 3107//9223 
usemtl b747blck_material
f 3094//9224 3113//9226 3114//9227 
usemtl b747blck_material
f 3089//9228 3112//9230 3113//9231 
usemtl b747blck_material
f 3084//9232 3111//9234 3112//9235 
usemtl b747blck_material
f 3079//9236 3110//9238 3111//9239 
usemtl b747blck_material
f 3074//9240 3109//9242 3110//9243 
usemtl b747blck_material
f 3069//9244 3115//9246 3109//9247 
usemtl b747blck_material
f 3115//9248 3116//9250 3123//9251 
usemtl b747blck_material
f 3107//9252 3122//9254 3116//9255 
usemtl b747blck_material
f 3114//9256 3121//9258 3122//9259 
usemtl b747blck_material
f 3113//9260 3120//9262 3121//9263 
usemtl b747blck_material
f 3112//9264 3119//9266 3120//9267 
usemtl b747blck_material
f 3111//9268 3118//9270 3119//9271 
usemtl b747blck_material
f 3110//9272 3117//9274 3118//9275 
usemtl b747blck_material
f 3109//9276 3123//9278 3117//9279 
usemtl b747blck_material
f 3123//9280 3124//9282 3131//9283 
usemtl b747blck_material
f 3116//9284 3130//9286 3124//9287 
usemtl b747blck_material
f 3122//9288 3129//9290 3130//9291 
usemtl b747blck_material
f 3121//9292 3128//9294 3129//9295 
usemtl b747blck_material
f 3120//9296 3127//9298 3128//9299 
usemtl b747blck_material
f 3119//9300 3126//9302 3127//9303 
usemtl b747blck_material
f 3118//9304 3125//9306 3126//9307 
usemtl b747blck_material
f 3117//9308 3131//9310 3125//9311 
usemtl b747blck_material
f 3131//9312 3132//9314 3064//9315 
usemtl b747blck_material
f 3124//9316 3138//9318 3132//9319 
usemtl b747blck_material
f 3130//9320 3137//9322 3138//9323 
usemtl b747blck_material
f 3129//9324 3136//9326 3137//9327 
usemtl b747blck_material
f 3128//9328 3135//9330 3136//9331 
usemtl b747blck_material
f 3127//9332 3134//9334 3135//9335 
usemtl b747blck_material
f 3126//9336 3133//9338 3134//9339 
usemtl b747blck_material
f 3125//9340 3064//9342 3133//9343 
usemtl b747blck_material
f 3157//9344 3146//9354 3140//9362 
usemtl b747blck_material
f 3144//9349 3143//9348 3142//9347 
usemtl b747blck_material
f 3143//9352 3144//9351 3150//9350 
usemtl b747blck_material
f 3150//9355 3140//9357 3143//9358 
usemtl b747blck_material
f 3152//9359 3159//9360 3149//9361 
usemtl b747blck_material
f 3154//9398 3141//9397 3145//9396 
usemtl b747blck_material
f 3155//9345 3156//9346 3151//9387 
usemtl b747blck_material
f 3149//9377 3147//9378 3145//9379 
usemtl b747blck_material
f 3150//9370 3144//9369 3152//9368 
usemtl b747blck_material
f 3148//9364 3154//9371 3147//9372 
usemtl b747blck_material
f 3141//9386 3155//9400 3158//9374 
usemtl b747blck_material
f 3159//9383 3147//9384 3149//9385 
usemtl b747blck_material
f 3152//9382 3144//9381 3159//9380 
usemtl b747blck_material
f 3139//9367 3141//9375 3146//9393 
usemtl b747blck_material
f 3151//9388 3158//9390 3155//9391 
usemtl b747blck_material
f 3156//9399 3139//9365 3157//9373 
usemtl b747blck_material
f 3145//9394 3147//9376 3154//9363 
usemtl b747blck_material
f 3146//9401 3141//9402 3153//9392 
usemtl b747blck_material
f 3146//9403 3157//9404 3139//9366 
usemtl b747blck_material
f 3160//9407 3235//9406 3167//9405 
usemtl b747blck_material
f 3163//9411 3211//9409 3162//9408 
usemtl b747blck_material
f 3205//9587 3168//9413 3163//9412 
usemtl b747blck_material
f 3165//9419 3169//9417 3164//9416 
usemtl b747blck_material
f 3166//9423 3170//9421 3165//9420 
usemtl Polygon_XSIPOLYCLS.b747blck_material1
f 3161//9426 3171//9425 3166//9424 
usemtl b747blck_material
f 3160//9429 3167//9428 3236//9427 
usemtl b747blck_material
f 3168//9433 3172//9431 3211//9430 
usemtl b747blck_material
f 3206//9590 3173//9435 3168//9434 
usemtl b747blck_material
f 3170//9441 3174//9439 3169//9438 
usemtl b747blck_material
f 3171//9445 3175//9443 3170//9442 
usemtl Polygon_XSIPOLYCLS.b747blck_material1
f 3161//9448 3176//9447 3171//9446 
usemtl b747blck_material
f 3160//9451 3236//9450 3237//9449 
usemtl b747blck_material
f 3173//9455 3177//9453 3172//9452 
usemtl b747blck_material
f 3207//9592 3178//9457 3173//9456 
usemtl b747blck_material
f 3175//9463 3179//9461 3174//9460 
usemtl b747blck_material
f 3176//9467 3180//9465 3175//9464 
usemtl Polygon_XSIPOLYCLS.b747blck_material1
f 3161//9470 3181//9469 3176//9468 
usemtl b747blck_material
f 3160//9473 3237//9472 3238//9471 
usemtl b747blck_material
f 3178//9477 3182//9475 3177//9474 
usemtl b747blck_material
f 3208//9594 3183//9479 3178//9478 
usemtl b747blck_material
f 3180//9485 3184//9483 3179//9482 
usemtl b747blck_material
f 3181//9489 3185//9487 3180//9486 
usemtl Polygon_XSIPOLYCLS.b747blck_material1
f 3161//9492 3186//9491 3181//9490 
usemtl b747blck_material
f 3160//9495 3238//9494 3239//9493 
usemtl b747blck_material
f 3183//9499 3187//9497 3182//9496 
usemtl b747blck_material
f 3209//9596 3188//9501 3183//9500 
usemtl b747blck_material
f 3185//9507 3189//9505 3184//9504 
usemtl b747blck_material
f 3186//9511 3190//9509 3185//9508 
usemtl Polygon_XSIPOLYCLS.b747blck_material1
f 3161//9514 3191//9513 3186//9512 
usemtl b747blck_material
f 3160//9517 3239//9516 3240//9515 
usemtl b747blck_material
f 3188//9521 3192//9519 3187//9518 
usemtl b747blck_material
f 3202//9582 3193//9523 3188//9522 
usemtl b747blck_material
f 3190//9529 3194//9527 3189//9526 
usemtl b747blck_material
f 3191//9533 3195//9531 3190//9530 
usemtl Polygon_XSIPOLYCLS.b747blck_material1
f 3161//9536 3196//9535 3191//9534 
usemtl b747blck_material
f 3160//9539 3240//9538 3241//9537 
usemtl b747blck_material
f 3193//9543 3197//9541 3192//9540 
usemtl b747blck_material
f 3203//9584 3198//9545 3193//9544 
usemtl b747blck_material
f 3195//9551 3199//9549 3194//9548 
usemtl b747blck_material
f 3196//9555 3200//9553 3195//9552 
usemtl Polygon_XSIPOLYCLS.b747blck_material1
f 3161//9558 3201//9557 3196//9556 
usemtl b747blck_material
f 3160//9561 3241//9560 3235//9559 
usemtl b747blck_material
f 3198//9565 3162//9563 3197//9562 
usemtl b747blck_material
f 3204//9586 3163//9567 3198//9566 
usemtl b747blck_material
f 3200//9573 3164//9571 3199//9570 
usemtl b747blck_material
f 3201//9577 3165//9575 3200//9574 
usemtl Polygon_XSIPOLYCLS.b747blck_material1
f 3161//9580 3166//9579 3201//9578 
usemtl b747blck_material
f 3206//9597 3164//9415 3169//9414 
usemtl b747blck_material
f 3207//9599 3169//9437 3174//9436 
usemtl b747blck_material
f 3208//9601 3174//9459 3179//9458 
usemtl b747blck_material
f 3209//9603 3179//9481 3184//9480 
usemtl b747blck_material
f 3202//9605 3184//9503 3189//9502 
usemtl b747blck_material
f 3203//9607 3189//9525 3194//9524 
usemtl b747blck_material
f 3204//9609 3194//9547 3199//9546 
usemtl b747blck_material
f 3205//9611 3199//9569 3164//9568 
usemtl b747blck_material
f 3218//9616 3162//9614 3211//9613 
usemtl b747blck_material
f 3210//9620 3197//9618 3162//9617 
usemtl b747blck_material
f 3217//9624 3192//9622 3197//9621 
usemtl b747blck_material
f 3216//9628 3187//9626 3192//9625 
usemtl b747blck_material
f 3215//9632 3182//9630 3187//9629 
usemtl b747blck_material
f 3214//9636 3177//9634 3182//9633 
usemtl b747blck_material
f 3213//9640 3172//9638 3177//9637 
usemtl b747blck_material
f 3212//9644 3211//9642 3172//9641 
usemtl b747blck_material
f 3226//9648 3210//9646 3218//9645 
usemtl b747blck_material
f 3219//9652 3217//9650 3210//9649 
usemtl b747blck_material
f 3225//9656 3216//9654 3217//9653 
usemtl b747blck_material
f 3224//9660 3215//9658 3216//9657 
usemtl b747blck_material
f 3223//9664 3214//9662 3215//9661 
usemtl b747blck_material
f 3222//9668 3213//9666 3214//9665 
usemtl b747blck_material
f 3221//9672 3212//9670 3213//9669 
usemtl b747blck_material
f 3220//9676 3218//9674 3212//9673 
usemtl b747blck_material
f 3234//9680 3219//9678 3226//9677 
usemtl b747blck_material
f 3227//9684 3225//9682 3219//9681 
usemtl b747blck_material
f 3233//9688 3224//9686 3225//9685 
usemtl b747blck_material
f 3232//9692 3223//9690 3224//9689 
usemtl b747blck_material
f 3231//9696 3222//9694 3223//9693 
usemtl b747blck_material
f 3230//9700 3221//9698 3222//9697 
usemtl b747blck_material
f 3229//9704 3220//9702 3221//9701 
usemtl b747blck_material
f 3228//9708 3226//9706 3220//9705 
usemtl b747blck_material
f 3167//9712 3227//9710 3234//9709 
usemtl b747blck_material
f 3235//9716 3233//9714 3227//9713 
usemtl b747blck_material
f 3241//9720 3232//9718 3233//9717 
usemtl b747blck_material
f 3240//9724 3231//9722 3232//9721 
usemtl b747blck_material
f 3239//9728 3230//9726 3231//9725 
usemtl b747blck_material
f 3238//9732 3229//9730 3230//9729 
usemtl b747blck_material
f 3237//9736 3228//9734 3229//9733 
usemtl b747blck_material
f 3236//9740 3234//9738 3228//9737 
usemtl b747blck_material
f 3242//9741 3253//9760 3254//9762 
usemtl b747blck_material
f 3246//9745 3248//9750 3250//9756 
usemtl b747blck_material
f 2493//9747 3251//9758 2494//9744 
usemtl b747blck_material
f 2494//9743 3253//9761 2503//9753 
usemtl b747blck_material
f 3247//9746 3254//9764 3253//9763 
usemtl b747blck_material
f 3250//9751 3251//9766 3252//9765 
usemtl b747blck_material
f 3248//9749 3253//9768 3251//9767 
usemtl b747blck_material
f 3252//9769 3244//9773 3250//9772 
usemtl b747blck_material
f 3246//9771 3244//9774 3243//9776 
usemtl b747blck_material
f 3245//9798 2503//9778 3242//9777 
usemtl b747blck_material
f 2327//9792 2341//9784 2392//9781 
usemtl b747blck_material
f 2494//9780 3256//9795 2493//9783 
usemtl b747blck_material
f 2503//9789 3257//9793 2494//9779 
usemtl b747blck_material
f 3255//9799 2332//9791 2341//9782 
usemtl b747blck_material
f 3256//9801 2335//9788 2327//9787 
usemtl b747blck_material
f 3257//9803 2341//9790 2335//9785 
usemtl b747blck_material
f 2327//9808 2493//9806 3256//9805 
usemtl b747blck_material
f 3243//9812 2327//9811 2392//9807 
usemtl b747blck_material
f 2619//9813 2621//9814 2622//9815 
usemtl b747blck_material
f 2622//9816 2614//9818 2619//9819 
usemtl b747blck_material
f 2631//9820 2624//9822 2627//9823 
usemtl b747blck_material
f 2631//9824 2627//9825 2628//9826 
usemtl b747blck_material
f 2634//9827 2641//9829 2642//9830 
usemtl b747blck_material
f 2641//9831 2637//9832 2638//7643 
usemtl b747blck_material
f 2364//6799 2456//9834 2365//9833 
usemtl b747blck_material
f 2551//7103 2536//9836 2583//9835 
usemtl Polygon_XSIPOLYCLS.b747blck_material1
f 3258//9837 3259//9838 3260//9839 
usemtl Polygon_XSIPOLYCLS.b747blck_material1
f 3258//9840 3261//9841 3259//9842 
usemtl Polygon_XSIPOLYCLS.b747blck_material1
f 3262//9843 3261//9844 3258//9845 
usemtl Polygon_XSIPOLYCLS.b747blck_material1
f 3262//9846 3263//9847 3261//9848 
usemtl Polygon_XSIPOLYCLS.b747blck_material1
f 3262//9849 3264//9850 3263//9851 
usemtl Polygon_XSIPOLYCLS.b747blck_material1
f 3262//9852 3265//9853 3264//9854 
usemtl b747blck_material
f 3266//9855 3267//9856 3268//9857 
usemtl b747blck_material
f 3269//9858 3270//9859 3271//9860 
usemtl b747blck_material
f 3270//9861 3269//9862 3272//9863 
usemtl b747blck_material
f 3270//9864 3272//9865 3273//9866 
usemtl b747blck_material
f 3270//9867 3273//9868 3274//9869 
usemtl b747blck_material
f 3270//9870 3274//9871 3275//9872 
usemtl b747blck_material
f 3276//9873 3266//9874 3277//9875 
usemtl b747blck_material
f 3277//9876 3266//9877 3278//9878 
usemtl b747blck_material
f 3278//9879 3266//9880 3268//9881 
usemtl b747blck_material
f 3279//9882 3280//9883 3267//9884 
usemtl b747blck_material
f 3268//9885 3267//9886 3280//9887 
usemtl b747blck_material
f 3281//9888 3267//9889 3266//9890 
usemtl b747blck_material
f 3280//9891 3282//9892 3283//9893 
usemtl b747blck_material
f 3275//9894 3280//9895 3284//9896 
usemtl b747blck_material
f 3279//9897 3270//9898 3285//9899 
usemtl b747blck_material
f 3286//9900 3287//9901 3270//9902 
usemtl b747blck_material
f 3270//9903 3275//9904 3286//9905 
usemtl b747blck_material
f 3270//9906 3287//9907 3285//9908 
usemtl b747blck_material
f 3286//9909 3275//9910 3284//9911 
usemtl b747blck_material
f 3279//9912 3285//9913 3288//9914 
usemtl b747blck_material
f 3280//9915 3279//9916 3282//9917 
usemtl b747blck_material
f 3279//9918 3288//9919 3282//9920 
usemtl b747blck_material
f 3289//9921 3280//9922 3283//9923 
usemtl b747blck_material
f 3280//9924 3289//9925 3284//9926 
usemtl Polygon_XSIPOLYCLS.b747blck_material1
f 3290//9927 3291//9928 3292//9929 
usemtl Polygon_XSIPOLYCLS.b747blck_material1
f 3290//9930 3293//9931 3291//9932 
usemtl Polygon_XSIPOLYCLS.b747blck_material1
f 3294//9933 3293//9934 3290//9935 
usemtl Polygon_XSIPOLYCLS.b747blck_material1
f 3294//9936 3295//9937 3293//9938 
usemtl Polygon_XSIPOLYCLS.b747blck_material1
f 3296//9939 3295//9940 3294//9941 
usemtl Polygon_XSIPOLYCLS.b747blck_material1
f 3297//9942 3295//9943 3296//9944 
usemtl b747blck_material
f 3298//9945 3299//9946 3300//9947 
usemtl b747blck_material
f 3301//9948 3298//9949 3300//9950 
usemtl b747blck_material
f 3302//9951 3298//9952 3301//9953 
usemtl b747blck_material
f 3303//9954 3300//9955 3299//9956 
usemtl b747blck_material
f 3304//9957 3305//9958 3306//9959 
usemtl b747blck_material
f 3304//9960 3306//9961 3307//9962 
usemtl b747blck_material
f 3307//9963 3306//9964 3308//9965 
usemtl b747blck_material
f 3307//9966 3308//9967 3309//9968 
usemtl b747blck_material
f 3307//9969 3310//9970 3304//9971 
usemtl b747blck_material
f 3299//9972 3311//9973 3303//9974 
usemtl b747blck_material
f 3298//9975 3312//9976 3313//9977 
usemtl b747blck_material
f 3312//9978 3298//9979 3314//9980 
usemtl b747blck_material
f 3314//9981 3298//9982 3302//9983 
usemtl b747blck_material
f 3315//9984 3316//9985 3310//9986 
usemtl b747blck_material
f 3307//9987 3315//9988 3310//9989 
usemtl b747blck_material
f 3307//9990 3317//9991 3315//9992 
usemtl b747blck_material
f 3318//9993 3319//9994 3299//9995 
usemtl b747blck_material
f 3318//9996 3310//9997 3319//9998 
usemtl b747blck_material
f 3317//9999 3303//10000 3320//10001 
usemtl b747blck_material
f 3310//10002 3316//10003 3321//10004 
usemtl b747blck_material
f 3310//10005 3321//10006 3319//10007 
usemtl b747blck_material
f 3317//10008 3320//10009 3315//10010 
usemtl b747blck_material
f 3311//10011 3299//10012 3319//10013 
usemtl b747blck_material
f 3303//10014 3311//10015 3322//10016 
usemtl b747blck_material
f 3303//10017 3323//10018 3320//10019 
usemtl b747blck_material
f 3303//10020 3322//10021 3323//10022 
usemtl b747blck_material
f 3324//10023 3325//10024 3326//10025 
usemtl b747blck_material
f 3325//10026 3324//10027 3327//10028 
usemtl b747blck_material
f 3327//10029 3328//10030 3325//10031 
usemtl b747blck_material
f 3329//10032 3328//10033 3327//10034 
usemtl b747blck_material
f 3330//10035 3331//10036 3332//10037 
usemtl b747blck_material
f 3333//10038 3334//10039 3335//10040 
usemtl b747blck_material
f 3336//10041 3333//10042 3335//10043 
usemtl b747blck_material
f 3337//10044 3338//10045 3339//10046 
usemtl b747blck_material
f 3338//10047 3337//10048 3340//10049 
usemtl b747blck_material
f 3331//10050 3340//10051 3337//10052 
usemtl b747blck_material
f 3332//10053 3331//10054 3337//10055 
usemtl b747blck_material
f 3341//10056 3337//10057 3339//10058 
usemtl b747blck_material
f 3337//10059 3341//10060 3342//10061 
usemtl b747blck_material
f 3337//10062 3342//10063 3332//10064 
usemtl b747blck_material
f 3330//10065 3343//10066 3344//10067 
usemtl b747blck_material
f 3330//10068 3345//10069 3343//10070 
usemtl b747blck_material
f 3344//10071 3331//10072 3330//10073 
usemtl b747blck_material
f 3336//10074 3331//10075 3346//10076 
usemtl b747blck_material
f 3336//10077 3347//10078 3333//10079 
usemtl b747blck_material
f 3347//10080 3336//10081 3346//10082 
usemtl b747blck_material
f 3343//10083 3345//10084 3348//10085 
usemtl b747blck_material
f 3344//10086 3346//10087 3331//10088 
usemtl b747blck_material
f 3349//10089 3328//10090 3334//10091 
usemtl b747blck_material
f 3349//10092 3350//10093 3328//10094 
usemtl b747blck_material
f 3350//10095 3325//10096 3328//10097 
usemtl b747blck_material
f 3350//10098 3345//10099 3325//10100 
usemtl b747blck_material
f 3350//10101 3348//10102 3345//10103 
usemtl b747blck_material
f 3351//10104 3349//10105 3334//10106 
usemtl b747blck_material
f 3351//10107 3334//10108 3333//10109 
usemtl b747blck_material
f 3352//10110 3353//10111 3354//10112 
usemtl b747blck_material
f 3355//10113 3353//10114 3352//10115 
usemtl b747blck_material
f 3356//10116 3353//10117 3355//10118 
usemtl b747blck_material
f 3353//10119 3356//10120 3357//10121 
usemtl b747blck_material
f 3358//10122 3352//10123 3354//10124 
usemtl b747blck_material
f 3359//10125 3360//10126 3361//10127 
usemtl b747blck_material
f 3359//10128 3361//10129 3362//10130 
usemtl b747blck_material
f 3363//10131 3354//10132 3353//10133 
usemtl b747blck_material
f 3359//10134 3364//10135 3365//10136 
usemtl b747blck_material
f 3364//10137 3359//10138 3362//10139 
usemtl b747blck_material
f 3359//10140 3366//10141 3360//10142 
usemtl b747blck_material
f 3367//10143 3366//10144 3359//10145 
usemtl b747blck_material
f 3365//10146 3368//10147 3359//10148 
usemtl b747blck_material
f 3369//10149 3365//10150 3370//10151 
usemtl b747blck_material
f 3364//10152 3363//10153 3371//10154 
usemtl b747blck_material
f 3364//10155 3372//10156 3365//10157 
usemtl b747blck_material
f 3364//10158 3371//10159 3372//10160 
usemtl b747blck_material
f 3365//10161 3372//10162 3373//10163 
usemtl b747blck_material
f 3370//10164 3365//10165 3373//10166 
usemtl b747blck_material
f 3369//10167 3374//10168 3353//10169 
usemtl b747blck_material
f 3353//10170 3375//10171 3363//10172 
usemtl b747blck_material
f 3375//10173 3353//10174 3374//10175 
usemtl b747blck_material
f 3363//10176 3375//10177 3376//10178 
usemtl b747blck_material
f 3363//10179 3377//10180 3371//10181 
usemtl b747blck_material
f 3363//10182 3376//10183 3377//10184 
usemtl b747blck_material
f 3369//10185 3370//10186 3374//10187 
usemtl Polygon_XSIPOLYCLS.b747blck_material1
f 3383//10198 3684//10189 3379//10188 
usemtl b747blck_material
f 3367//10195 3359//10194 3368//10193 
usemtl b747blck_material
f 3646//10901 3650//10196 3648//10199 
usemtl b747blck_material
f 3671//10986 3678//10987 3669//10988 
usemtl b747blck_material
f 3384//10200 3385//10201 3386//10202 
usemtl b747blck_material
f 3387//10203 3388//10204 3385//10205 
usemtl b747blck_material
f 3389//10206 3387//10207 3390//10208 
usemtl b747blck_material
f 3391//10209 3387//10210 3389//10211 
usemtl b747blck_material
f 3387//10212 3391//10213 3392//10214 
usemtl b747blck_material
f 3390//10215 3387//10216 3385//10217 
usemtl b747blck_material
f 3384//10218 3393//10219 3385//10220 
usemtl b747blck_material
f 3393//10221 3390//10222 3385//10223 
usemtl b747blck_material
f 3394//10224 3395//10225 3396//10226 
usemtl b747blck_material
f 3387//10227 3397//10228 3388//10229 
usemtl b747blck_material
f 3398//10230 3396//10231 3399//10232 
usemtl b747blck_material
f 3396//10233 3400//10234 3399//10235 
usemtl b747blck_material
f 3388//10236 3386//10237 3385//10238 
usemtl b747blck_material
f 3386//10239 3388//10240 3401//10241 
usemtl b747blck_material
f 3401//10242 3388//10243 3402//10244 
usemtl b747blck_material
f 3398//10245 3394//10246 3396//10247 
usemtl b747blck_material
f 3394//10248 3403//10249 3395//10250 
usemtl b747blck_material
f 3397//10251 3404//10252 3388//10253 
usemtl b747blck_material
f 3397//10254 3405//10255 3404//10256 
usemtl b747blck_material
f 3406//10257 3398//10258 3399//10259 
usemtl b747blck_material
f 3406//10260 3407//10261 3408//10262 
usemtl b747blck_material
f 3407//10263 3406//10264 3399//10265 
usemtl b747blck_material
f 3409//10266 3410//10267 3398//10268 
usemtl b747blck_material
f 3409//10269 3398//10270 3411//10271 
usemtl b747blck_material
f 3411//10272 3398//10273 3406//10274 
usemtl b747blck_material
f 3402//10275 3412//10276 3407//10277 
usemtl b747blck_material
f 3412//10278 3402//10279 3413//10280 
usemtl b747blck_material
f 3410//10281 3405//10282 3397//10283 
usemtl b747blck_material
f 3405//10284 3410//10285 3409//10286 
usemtl b747blck_material
f 3414//10287 3402//10288 3388//10289 
usemtl b747blck_material
f 3414//10290 3388//10291 3404//10292 
usemtl b747blck_material
f 3414//10293 3413//10294 3402//10295 
usemtl b747blck_material
f 3412//10296 3408//10297 3407//10298 
usemtl Polygon_XSIPOLYCLS.b747blck_material1
f 3415//10299 3416//10300 3417//10301 
usemtl Polygon_XSIPOLYCLS.b747blck_material1
f 3418//10302 3415//10303 3417//10304 
usemtl Polygon_XSIPOLYCLS.b747blck_material1
f 3417//10310 3655//10931 3418//10305 
usemtl Polygon_XSIPOLYCLS.b747blck_material1
f 3419//10308 3645//10930 3643//10307 
usemtl Polygon_XSIPOLYCLS.b747blck_material1
f 3421//10311 3422//10312 3423//10313 
usemtl Polygon_XSIPOLYCLS.b747blck_material1
f 3421//10319 3545//10318 3422//10314 
usemtl Polygon_XSIPOLYCLS.b747blck_material1
f 3425//10629 3686//10630 3424//10321 
usemtl Polygon_XSIPOLYCLS.b747blck_material1
f 3426//10320 3686//10631 3425//10322 
usemtl Polygon_XSIPOLYCLS.b747blck_material1
f 3427//10323 3428//10324 3429//10325 
usemtl Polygon_XSIPOLYCLS.b747blck_material1
f 3429//10326 3428//10327 3574//10715 
usemtl Polygon_XSIPOLYCLS.b747blck_material1
f 3430//10329 3452//10790 3431//10331 
usemtl Polygon_XSIPOLYCLS.b747blck_material1
f 3428//10332 3432//10334 3430//10330 
usemtl b747blck_material
f 3433//10335 3434//10336 3435//10337 
usemtl b747blck_material
f 3436//10338 3435//10339 3434//10340 
usemtl b747blck_material
f 3434//10341 3437//10342 3436//10343 
usemtl b747blck_material
f 3436//10344 3437//10345 3438//10346 
usemtl b747blck_material
f 3439//10347 3440//10348 3441//10349 
usemtl b747blck_material
f 3442//10350 3443//10351 3444//10352 
usemtl b747blck_material
f 3442//10353 3444//10354 3445//10355 
usemtl b747blck_material
f 3446//10356 3447//10357 3448//10358 
usemtl b747blck_material
f 3449//10359 3448//10360 3447//10361 
usemtl b747blck_material
f 3448//10362 3449//10363 3440//10364 
usemtl b747blck_material
f 3448//10365 3440//10366 3439//10367 
usemtl b747blck_material
f 3446//10368 3448//10369 3450//10370 
usemtl b747blck_material
f 3451//10371 3450//10372 3448//10373 
usemtl b747blck_material
f 3439//10374 3451//10375 3448//10376 
usemtl b747blck_material
f 3452//10377 3453//10378 3441//10379 
usemtl b747blck_material
f 3453//10380 3454//10381 3441//10382 
usemtl b747blck_material
f 3441//10383 3440//10384 3452//10385 
usemtl b747blck_material
f 3455//10386 3440//10387 3445//10388 
usemtl b747blck_material
f 3444//10389 3456//10390 3445//10391 
usemtl b747blck_material
f 3455//10392 3445//10393 3456//10394 
usemtl b747blck_material
f 3457//10395 3454//10396 3453//10397 
usemtl b747blck_material
f 3440//10398 3455//10399 3452//10400 
usemtl b747blck_material
f 3443//10401 3437//10402 3458//10403 
usemtl b747blck_material
f 3437//10404 3459//10405 3458//10406 
usemtl b747blck_material
f 3437//10407 3434//10408 3459//10409 
usemtl b747blck_material
f 3434//10410 3454//10411 3459//10412 
usemtl b747blck_material
f 3454//10413 3457//10414 3459//10415 
usemtl b747blck_material
f 3443//10416 3458//10417 3460//10418 
usemtl b747blck_material
f 3444//10419 3443//10420 3460//10421 
usemtl b747blck_material
f 3461//10422 3462//10423 3463//10424 
usemtl b747blck_material
f 3464//10425 3461//10426 3463//10427 
usemtl b747blck_material
f 3465//10428 3461//10429 3464//10430 
usemtl b747blck_material
f 3466//10431 3465//10432 3464//10433 
usemtl b747blck_material
f 3463//10434 3467//10435 3464//10436 
usemtl b747blck_material
f 3468//10437 3469//10438 3470//10439 
usemtl b747blck_material
f 3467//10440 3471//10441 3472//10442 
usemtl b747blck_material
f 3467//10443 3472//10444 3464//10445 
usemtl b747blck_material
f 3472//10446 3473//10447 3464//10448 
usemtl b747blck_material
f 3470//10449 3474//10450 3475//10451 
usemtl b747blck_material
f 3474//10452 3467//10453 3475//10454 
usemtl b747blck_material
f 3476//10455 3468//10456 3473//10457 
usemtl b747blck_material
f 3477//10458 3471//10459 3467//10460 
usemtl b747blck_material
f 3474//10461 3477//10462 3467//10463 
usemtl b747blck_material
f 3472//10464 3476//10465 3473//10466 
usemtl b747blck_material
f 3474//10467 3470//10468 3469//10469 
usemtl b747blck_material
f 3478//10470 3469//10471 3468//10472 
usemtl b747blck_material
f 3476//10473 3479//10474 3468//10475 
usemtl b747blck_material
f 3479//10476 3478//10477 3468//10478 
usemtl b747blck_material
f 3470//10479 3480//10480 3468//10487 
usemtl Polygon_XSIPOLYCLS.b747blck_material1
f 3487//10488 3488//10489 3489//10490 
usemtl Polygon_XSIPOLYCLS.b747blck_material1
f 3488//10491 3490//10492 3489//10493 
usemtl Polygon_XSIPOLYCLS.b747blck_material1
f 3489//10494 3490//10495 3491//10496 
usemtl Polygon_XSIPOLYCLS.b747blck_material1
f 3490//10497 3492//10498 3491//10499 
usemtl Polygon_XSIPOLYCLS.b747blck_material1
f 3491//10500 3492//10501 3493//10502 
usemtl Polygon_XSIPOLYCLS.b747blck_material1
f 3493//10503 3492//10504 3494//10505 
usemtl b747blck_material
f 3495//10506 3496//10507 3497//10508 
usemtl b747blck_material
f 3498//10509 3499//10510 3500//10511 
usemtl b747blck_material
f 3501//10512 3500//10513 3499//10514 
usemtl b747blck_material
f 3502//10515 3501//10516 3499//10517 
usemtl b747blck_material
f 3503//10518 3502//10519 3499//10520 
usemtl b747blck_material
f 3504//10521 3503//10522 3499//10523 
usemtl b747blck_material
f 3505//10524 3497//10525 3506//10526 
usemtl b747blck_material
f 3507//10527 3497//10528 3505//10529 
usemtl b747blck_material
f 3495//10530 3497//10531 3507//10532 
usemtl b747blck_material
f 3496//10533 3508//10534 3509//10535 
usemtl b747blck_material
f 3508//10536 3496//10537 3495//10538 
usemtl b747blck_material
f 3497//10539 3496//10540 3510//10541 
usemtl b747blck_material
f 3511//10542 3512//10543 3508//10544 
usemtl b747blck_material
f 3513//10545 3508//10546 3504//10547 
usemtl b747blck_material
f 3514//10548 3499//10549 3509//10550 
usemtl b747blck_material
f 3499//10551 3515//10552 3516//10553 
usemtl b747blck_material
f 3516//10554 3504//10555 3499//10556 
usemtl b747blck_material
f 3514//10557 3515//10558 3499//10559 
usemtl b747blck_material
f 3513//10560 3504//10561 3516//10562 
usemtl b747blck_material
f 3517//10563 3514//10564 3509//10565 
usemtl b747blck_material
f 3512//10566 3509//10567 3508//10568 
usemtl b747blck_material
f 3512//10569 3517//10570 3509//10571 
usemtl b747blck_material
f 3511//10572 3508//10573 3518//10574 
usemtl b747blck_material
f 3513//10575 3518//10576 3508//10577 
usemtl Polygon_XSIPOLYCLS.b747blck_material1
f 3519//10578 3520//10579 3521//10580 
usemtl Polygon_XSIPOLYCLS.b747blck_material1
f 3520//10581 3522//10582 3521//10583 
usemtl Polygon_XSIPOLYCLS.b747blck_material1
f 3521//10584 3522//10585 3523//10586 
usemtl Polygon_XSIPOLYCLS.b747blck_material1
f 3522//10587 3524//10588 3523//10589 
usemtl Polygon_XSIPOLYCLS.b747blck_material1
f 3524//10590 3525//10591 3523//10592 
usemtl Polygon_XSIPOLYCLS.b747blck_material1
f 3525//10593 3526//10594 3523//10595 
usemtl b747blck_material
f 3527//10596 3528//10597 3529//10598 
usemtl b747blck_material
f 3529//10599 3528//10600 3530//10601 
usemtl b747blck_material
f 3530//10602 3528//10603 3531//10604 
usemtl b747blck_material
f 3532//10605 3531//10606 3528//10607 
usemtl b747blck_material
f 3527//10608 3529//10609 3533//10610 
usemtl b747blck_material
f 3534//10611 3535//10612 3541//10613 
usemtl b747blck_material
f 3537//10614 3534//10615 3541//10616 
usemtl b747blck_material
f 3528//10617 3527//10618 3538//10619 
usemtl b747blck_material
f 3541//10624 3540//10621 3537//10620 
usemtl b747blck_material
f 3595//10726 3578//10625 3583//10632 
usemtl b747blck_material
f 3583//10727 3569//10702 3582//10627 
usemtl b747blck_material
f 3677//10980 3672//10981 3669//10982 
usemtl b747blck_material
f 3573//10626 3582//10633 3569//10634 
usemtl b747blck_material
f 3676//10977 3675//10978 3672//10979 
usemtl b747blck_material
f 3546//10638 3538//10639 3540//10640 
usemtl b747blck_material
f 3539//10641 3547//10642 3540//10643 
usemtl b747blck_material
f 3547//10644 3546//10645 3540//10646 
usemtl b747blck_material
f 3548//10647 3547//10648 3539//10649 
usemtl b747blck_material
f 3548//10650 3539//10651 3544//10652 
usemtl b747blck_material
f 3528//10653 3549//10654 3539//10655 
usemtl b747blck_material
f 3538//10656 3550//10657 3528//10658 
usemtl b747blck_material
f 3549//10659 3528//10660 3550//10661 
usemtl b747blck_material
f 3551//10662 3550//10663 3538//10664 
usemtl b747blck_material
f 3546//10665 3552//10666 3538//10667 
usemtl b747blck_material
f 3552//10668 3551//10669 3538//10670 
usemtl b747blck_material
f 3549//10671 3544//10672 3539//10673 
usemtl Polygon_XSIPOLYCLS.b747blck_material1
f 3570//10678 3568//10675 3556//10682 
usemtl Polygon_XSIPOLYCLS.b747blck_material1
f 3555//10681 3554//10679 3557//10677 
usemtl Polygon_XSIPOLYCLS.b747blck_material1
f 3568//10683 3558//10684 3555//10676 
usemtl b747blck_material
f 3541//10786 3542//10785 3543//10751 
usemtl Polygon_XSIPOLYCLS.b747blck_material1
f 3559//10686 3560//10687 3561//10688 
usemtl Polygon_XSIPOLYCLS.b747blck_material1
f 3559//10689 3561//10690 3562//10691 
usemtl Polygon_XSIPOLYCLS.b747blck_material1
f 3564//10696 3681//10898 3683//10896 
usemtl Polygon_XSIPOLYCLS.b747blck_material1
f 3562//10895 3682//10694 3559//10693 
usemtl b747blck_material
f 3677//10983 3676//10984 3672//10985 
usemtl b747blck_material
f 3565//10735 3566//10701 3567//10698 
usemtl b747blck_material
f 3569//10713 352//10700 3572//10705 3573//10717 
usemtl b747blck_material
f 3571//10707 352//10699 3573//10712 3572//10709 
usemtl b747blck_material
f 3569//10708 3573//10710 352//10711 
usemtl Polygon_XSIPOLYCLS.b747blck_material1
f 3424//10316 3422//10721 3536//10628 
usemtl Polygon_XSIPOLYCLS.b747blck_material1
f 3685//10993 3381//10637 3378//10994 
usemtl Polygon_XSIPOLYCLS.b747blck_material1
f 3378//10197 3382//10635 3383//10636 
usemtl b747blck_material
f 3575//10722 3576//10723 3577//10724 
usemtl b747blck_material
f 3480//10738 3470//10737 3481//10736 
usemtl b747blck_material
f 3579//10728 3575//10729 3580//10730 
usemtl b747blck_material
f 3579//10731 3581//10732 3575//10733 
usemtl Polygon_XSIPOLYCLS.b747blck_material1
f 3570//10685 3558//10739 3568//10740 
usemtl Polygon_XSIPOLYCLS.b747blck_material1
f 3558//10680 3554//10741 3555//10742 
usemtl Polygon_XSIPOLYCLS.b747blck_material1
f 3553//10674 3556//10749 3568//10750 
usemtl b747blck_material
f 3575//10743 3577//10744 3580//10745 
usemtl b747blck_material
f 3576//10746 3584//10747 3577//10748 
usemtl Polygon_XSIPOLYCLS.b747blck_material1
f 3430//10328 3574//10714 3428//10787 
usemtl b747blck_material
f 3585//10752 3586//10753 3578//10754 
usemtl b747blck_material
f 3579//10755 3580//10756 3587//10757 
usemtl b747blck_material
f 3588//10758 3589//10759 3587//10760 
usemtl b747blck_material
f 3579//10761 3587//10762 3589//10763 
usemtl b747blck_material
f 3580//10764 3590//10765 3591//10766 
usemtl b747blck_material
f 3592//10767 3580//10768 3591//10769 
usemtl b747blck_material
f 3587//10770 3580//10771 3592//10772 
usemtl b747blck_material
f 3589//10773 3593//10774 3583//10775 
usemtl b747blck_material
f 3594//10776 3583//10777 3593//10778 
usemtl b747blck_material
f 3578//10779 3586//10780 3590//10781 
usemtl b747blck_material
f 3591//10782 3590//10783 3586//10784 
usemtl Polygon_XSIPOLYCLS.b747blck_material1
f 3452//10333 3430//10788 3432//10789 
usemtl Polygon_XSIPOLYCLS.b747blck_material1
f 3536//10317 3422//10719 3545//10720 
usemtl b747blck_material
f 3583//10791 3594//10792 3595//10793 
usemtl b747blck_material
f 3589//10794 3588//10795 3593//10796 
usemtl Polygon_XSIPOLYCLS.b747blck_material1
f 3596//10797 3597//10798 3598//10799 
usemtl Polygon_XSIPOLYCLS.b747blck_material1
f 3599//10800 3596//10801 3598//10802 
usemtl Polygon_XSIPOLYCLS.b747blck_material1
f 3600//10803 3599//10804 3598//10805 
usemtl Polygon_XSIPOLYCLS.b747blck_material1
f 3600//10806 3598//10807 3601//10808 
usemtl Polygon_XSIPOLYCLS.b747blck_material1
f 3602//10809 3600//10810 3601//10811 
usemtl Polygon_XSIPOLYCLS.b747blck_material1
f 3603//10812 3604//10813 3605//10814 
usemtl Polygon_XSIPOLYCLS.b747blck_material1
f 3604//10815 3606//10816 3605//10817 
usemtl Polygon_XSIPOLYCLS.b747blck_material1
f 3603//10818 3605//10819 3607//10820 
usemtl Polygon_XSIPOLYCLS.b747blck_material1
f 3607//10821 3608//10822 3603//10823 
usemtl Polygon_XSIPOLYCLS.b747blck_material1
f 3609//10824 3610//10825 3611//10826 
usemtl Polygon_XSIPOLYCLS.b747blck_material1
f 3609//10827 3611//10828 3612//10829 
usemtl Polygon_XSIPOLYCLS.b747blck_material1
f 3613//10830 3611//10831 3614//10832 
usemtl Polygon_XSIPOLYCLS.b747blck_material1
f 3612//10833 3615//10834 3609//10835 
usemtl Polygon_XSIPOLYCLS.b747blck_material1
f 3611//10836 3610//10837 3614//10838 
usemtl Polygon_XSIPOLYCLS.b747blck_material1
f 3616//10839 3614//10840 3610//10841 
usemtl Polygon_XSIPOLYCLS.b747blck_material1
f 3617//10842 3618//10843 3619//10844 
usemtl Polygon_XSIPOLYCLS.b747blck_material1
f 3620//10845 3617//10846 3619//10847 
usemtl Polygon_XSIPOLYCLS.b747blck_material1
f 3621//10848 3617//10849 3622//10850 
usemtl Polygon_XSIPOLYCLS.b747blck_material1
f 3619//10851 3623//10852 3620//10853 
usemtl Polygon_XSIPOLYCLS.b747blck_material1
f 3621//10854 3618//10855 3617//10856 
usemtl Polygon_XSIPOLYCLS.b747blck_material1
f 3618//10857 3621//10858 3624//10859 
usemtl Polygon_XSIPOLYCLS.b747blck_material1
f 3625//10860 3626//10861 3627//10862 
usemtl Polygon_XSIPOLYCLS.b747blck_material1
f 3625//10863 3627//10864 3628//10865 
usemtl Polygon_XSIPOLYCLS.b747blck_material1
f 3625//10866 3628//10867 3629//10868 
usemtl Polygon_XSIPOLYCLS.b747blck_material1
f 3630//10869 3625//10870 3629//10871 
usemtl Polygon_XSIPOLYCLS.b747blck_material1
f 3630//10872 3629//10873 3631//10874 
usemtl Polygon_XSIPOLYCLS.b747blck_material1
f 3632//10875 3633//10876 3634//10877 
usemtl Polygon_XSIPOLYCLS.b747blck_material1
f 3632//10878 3635//10879 3633//10880 
usemtl Polygon_XSIPOLYCLS.b747blck_material1
f 3636//10881 3632//10882 3634//10883 
usemtl Polygon_XSIPOLYCLS.b747blck_material1
f 3634//10884 3637//10885 3636//10886 
usemtl b747blck_material
f 3638//10887 3639//10888 3640//10889 
usemtl b747blck_material
f 3641//10890 3639//10891 3638//10892 
usemtl Polygon_XSIPOLYCLS.b747blck_material1
f 3683//10692 3681//10893 3562//10695 
usemtl b747blck_material
f 3678//10992 3671//10932 3680//10919 
usemtl b747blck_material
f 3648//10911 3650//10900 3647//10899 
usemtl b747blck_material
f 3656//10906 3644//10905 3654//10902 
usemtl b747blck_material
f 3647//10917 3653//10907 3649//10918 
usemtl b747blck_material
f 3650//10908 3646//10909 3651//10910 
usemtl b747blck_material
f 3649//10904 3654//10912 3644//10913 
usemtl b747blck_material
f 3647//10914 3650//10915 3652//10916 
usemtl b747blck_material
f 3675//10989 3676//10990 3679//10991 
usemtl b747blck_material
f 3647//10920 3652//10921 3653//10922 
usemtl Polygon_XSIPOLYCLS.b747blck_material1
f 3682//10894 3562//10924 3681//10925 
usemtl Polygon_XSIPOLYCLS.b747blck_material1
f 3420//10309 3645//10926 3419//10927 
usemtl Polygon_XSIPOLYCLS.b747blck_material1
f 3643//10923 3418//10928 3655//10929 
usemtl b747blck_material
f 3642//10897 3644//10933 3656//10934 
usemtl b747blck_material
f 3657//10935 3658//10936 3659//10937 
usemtl b747blck_material
f 3657//10938 3660//10939 3658//10940 
usemtl b747blck_material
f 3661//10941 3662//10942 3663//10943 
usemtl b747blck_material
f 3663//10944 3662//10945 3659//10946 
usemtl b747blck_material
f 3659//10947 3658//10948 3663//10949 
usemtl b747blck_material
f 3660//10950 3664//10951 3658//10952 
usemtl b747blck_material
f 3665//10953 3658//10954 3664//10955 
usemtl b747blck_material
f 3666//10956 3662//10957 3661//10958 
usemtl b747blck_material
f 3666//10959 3667//10960 3662//10961 
usemtl b747blck_material
f 3662//10962 3667//10963 3668//10964 
usemtl b747blck_material
f 3669//10965 3670//10966 3671//10967 
usemtl b747blck_material
f 3670//10968 3669//10969 3672//10970 
usemtl b747blck_material
f 3673//10971 3671//10972 3670//10973 
usemtl b747blck_material
f 3674//10974 3672//10975 3675//10976 
usemtl Polygon_XSIPOLYCLS.b747blck_material1
f 240//538 237//10996 239//10995 
usemtl Polygon_XSIPOLYCLS.b747blck_material1
f 247//554 248//10998 246//10997 
usemtl Polygon_XSIPOLYCLS.b747blck_material1
f 248//553 1410//11000 245//10999 
usemtl Polygon_XSIPOLYCLS.b747blck_material1
f 244//549 1409//11002 242//11001 
usemtl Polygon_XSIPOLYCLS.b747blck_material1
f 256//576 253//11004 255//11003 
usemtl b747blck_material
f 1441//3167 1418//11006 1415//11005 
usemtl b747blck_material
f 1440//3171 2782//11008 1414//11007 
usemtl b747blck_material
f 2784//6145 1433//11010 1412//11009 
usemtl b747blck_material
f 1411//3181 2167//11012 1416//11011 
usemtl b747blck_material
f 1413//3174 2167//11014 1417//11013 
usemtl b747blck_material
f 1418//3184 1441//11016 1414//11015 
usemtl b747blck_material
f 2168//4851 1420//11018 1416//11017 
usemtl b747blck_material
f 2554//3194 1423//11020 2605//11019 
usemtl b747blck_material
f 2605//3198 1422//11022 2606//11021 
usemtl b747blck_material
f 2556//3202 1425//11024 2554//11023 
usemtl b747blck_material
f 2606//3186 1424//11026 2608//11025 
usemtl b747blck_material
f 2386//6155 1419//11028 2556//11027 
usemtl Polygon_XSIPOLYCLS.b747blck_material1
f 1559//3440 1558//11030 1563//11029 
usemtl b747blck_material
f 2768//6320 2178//11032 2797//11031 
usemtl Polygon_XSIPOLYCLS.b747blck_material1
f 1585//3446 1572//11034 1589//11033 
usemtl Polygon_XSIPOLYCLS.b747blck_material1
f 1562//3454 1561//11036 1566//11035 
usemtl Polygon_XSIPOLYCLS.b747blck_material1
f 1563//3458 1562//11038 1567//11037 
usemtl b747blck_material
f 1443//3460 2201//11040 2202//11039 
usemtl Polygon_XSIPOLYCLS.b747blck_material1
f 1581//3464 1576//11042 1585//11041 
usemtl Polygon_XSIPOLYCLS.b747blck_material1
f 1566//3472 1565//11044 1570//11043 
usemtl Polygon_XSIPOLYCLS.b747blck_material1
f 1567//3476 1566//11046 1571//11045 
usemtl b747blck_material
f 2310//6316 2198//11048 2770//11047 
usemtl Polygon_XSIPOLYCLS.b747blck_material1
f 1577//3482 1580//11050 1581//11049 
usemtl Polygon_XSIPOLYCLS.b747blck_material1
f 1570//3490 1569//11052 1574//11051 
usemtl Polygon_XSIPOLYCLS.b747blck_material1
f 1571//3494 1570//11054 1575//11053 
usemtl b747blck_material
f 2077//3245 1443//11056 2796//11055 
usemtl Polygon_XSIPOLYCLS.b747blck_material1
f 1573//3500 1584//11058 1577//11057 
usemtl Polygon_XSIPOLYCLS.b747blck_material1
f 1574//3508 1573//11060 1578//11059 
usemtl Polygon_XSIPOLYCLS.b747blck_material1
f 1575//3512 1574//11062 1579//11061 
usemtl b747blck_material
f 2196//6120 1665//11064 2799//11063 
usemtl Polygon_XSIPOLYCLS.b747blck_material1
f 1569//3518 1588//11066 1573//11065 
usemtl Polygon_XSIPOLYCLS.b747blck_material1
f 1578//3526 1577//11068 1582//11067 
usemtl Polygon_XSIPOLYCLS.b747blck_material1
f 1579//3530 1578//11070 1583//11069 
usemtl b747blck_material
f 1522//4726 2766//11072 1606//11071 
usemtl Polygon_XSIPOLYCLS.b747blck_material1
f 1565//3536 1592//11074 1569//11073 
usemtl Polygon_XSIPOLYCLS.b747blck_material1
f 1582//3544 1581//11076 1586//11075 
usemtl Polygon_XSIPOLYCLS.b747blck_material1
f 1583//3548 1582//11078 1587//11077 
usemtl b747blck_material
f 2772//6408 1749//11080 2767//11079 
usemtl Polygon_XSIPOLYCLS.b747blck_material1
f 1561//3554 1596//11082 1565//11081 
usemtl Polygon_XSIPOLYCLS.b747blck_material1
f 1586//3562 1585//11084 1590//11083 
usemtl Polygon_XSIPOLYCLS.b747blck_material1
f 1587//3566 1586//11086 1591//11085 
usemtl b747blck_material
f 1606//6254 1437//11088 2771//11087 
usemtl Polygon_XSIPOLYCLS.b747blck_material1
f 1557//3572 1598//11090 1561//11089 
usemtl Polygon_XSIPOLYCLS.b747blck_material1
f 1590//3580 1589//11092 1594//11091 
usemtl Polygon_XSIPOLYCLS.b747blck_material1
f 1591//3584 1590//11094 1595//11093 
usemtl b747blck_material
f 2161//3372 1850//11096 2119//11095 
usemtl Polygon_XSIPOLYCLS.b747blck_material1
f 1560//3590 1593//11098 1557//11097 
usemtl Polygon_XSIPOLYCLS.b747blck_material1
f 1636//3598 1602//11100 1600//11099 
usemtl Polygon_XSIPOLYCLS.b747blck_material1
f 1637//3602 1636//11102 1601//11101 
usemtl b747blck_material
f 2277//6255 2274//11104 2161//11103 
usemtl Polygon_XSIPOLYCLS.b747blck_material1
f 1631//3608 1610//11106 1602//11105 
usemtl Polygon_XSIPOLYCLS.b747blck_material1
f 1600//3616 1599//11108 1604//11107 
usemtl Polygon_XSIPOLYCLS.b747blck_material1
f 1601//3620 1600//11110 1605//11109 
usemtl b747blck_material
f 2119//3371 1480//11112 2161//11111 
usemtl Polygon_XSIPOLYCLS.b747blck_material1
f 1627//3626 1614//11114 1631//11113 
usemtl Polygon_XSIPOLYCLS.b747blck_material1
f 1604//3634 1603//11116 1608//11115 
usemtl Polygon_XSIPOLYCLS.b747blck_material1
f 1605//3638 1604//11118 1609//11117 
usemtl b747blck_material
f 2771//6271 1791//11120 2196//11119 
usemtl Polygon_XSIPOLYCLS.b747blck_material1
f 1623//3644 1618//11122 1627//11121 
usemtl Polygon_XSIPOLYCLS.b747blck_material1
f 1608//3652 1607//11124 1612//11123 
usemtl Polygon_XSIPOLYCLS.b747blck_material1
f 1609//3656 1608//11126 1613//11125 
usemtl b747blck_material
f 2760//6107 1522//11128 2761//11127 
usemtl Polygon_XSIPOLYCLS.b747blck_material1
f 1619//3662 1622//11130 1623//11129 
usemtl Polygon_XSIPOLYCLS.b747blck_material1
f 1612//3670 1611//11132 1616//11131 
usemtl Polygon_XSIPOLYCLS.b747blck_material1
f 1613//3674 1612//11134 1617//11133 
usemtl b747blck_material
f 1665//6109 2281//11136 2161//11135 
usemtl Polygon_XSIPOLYCLS.b747blck_material1
f 1615//3680 1626//11138 1619//11137 
usemtl Polygon_XSIPOLYCLS.b747blck_material1
f 1616//3688 1615//11140 1620//11139 
usemtl Polygon_XSIPOLYCLS.b747blck_material1
f 1617//3692 1616//11142 1621//11141 
usemtl Polygon_XSIPOLYCLS.b747blck_material1
f 1611//3698 1630//11144 1615//11143 
usemtl Polygon_XSIPOLYCLS.b747blck_material1
f 1620//3706 1619//11146 1624//11145 
usemtl Polygon_XSIPOLYCLS.b747blck_material1
f 1621//3710 1620//11148 1625//11147 
usemtl Polygon_XSIPOLYCLS.b747blck_material1
f 1514//3213 1473//11150 1512//11149 
usemtl Polygon_XSIPOLYCLS.b747blck_material1
f 1607//3716 1634//11152 1611//11151 
usemtl Polygon_XSIPOLYCLS.b747blck_material1
f 1624//3724 1623//11154 1628//11153 
usemtl Polygon_XSIPOLYCLS.b747blck_material1
f 1625//3728 1624//11156 1629//11155 
usemtl b747blck_material
f 2178//6345 2192//11158 2176//11157 
usemtl Polygon_XSIPOLYCLS.b747blck_material1
f 1603//3734 1638//11160 1607//11159 
usemtl Polygon_XSIPOLYCLS.b747blck_material1
f 1628//3742 1627//11162 1632//11161 
usemtl Polygon_XSIPOLYCLS.b747blck_material1
f 1629//3746 1628//11164 1633//11163 
usemtl Polygon_XSIPOLYCLS.b747blck_material1
f 1502//3205 1503//11166 1506//11165 
usemtl Polygon_XSIPOLYCLS.b747blck_material1
f 1599//3752 1640//11168 1603//11167 
usemtl Polygon_XSIPOLYCLS.b747blck_material1
f 1632//3760 1631//11170 1636//11169 
usemtl Polygon_XSIPOLYCLS.b747blck_material1
f 1633//3764 1632//11172 1637//11171 
usemtl b747blck_material
f 2174//6337 2198//11174 2173//11173 
usemtl Polygon_XSIPOLYCLS.b747blck_material1
f 1602//3770 1635//11176 1599//11175 
usemtl b747blck_material
f 1655//3774 1656//11178 1641//11177 
usemtl b747blck_material
f 1641//3781 1642//11180 1643//11179 
usemtl b747blck_material
f 1643//3788 1644//11182 1645//11181 
usemtl b747blck_material
f 1645//3795 1646//11184 1647//11183 
usemtl b747blck_material
f 1647//3802 1648//11186 1649//11185 
usemtl b747blck_material
f 1649//3809 1650//11188 1651//11187 
usemtl b747blck_material
f 1651//3816 1652//11190 1653//11189 
usemtl b747blck_material
f 1653//3823 1654//11192 1655//11191 
usemtl Polygon_XSIPOLYCLS.b747blck_material1
f 1695//3834 1661//11194 1659//11193 
usemtl Polygon_XSIPOLYCLS.b747blck_material1
f 1696//3838 1695//11196 1660//11195 
usemtl b747blck_material
f 2294//4744 2791//11198 1442//11197 
usemtl Polygon_XSIPOLYCLS.b747blck_material1
f 1690//3844 1669//11200 1661//11199 
usemtl Polygon_XSIPOLYCLS.b747blck_material1
f 1659//3852 1658//11202 1663//11201 
usemtl Polygon_XSIPOLYCLS.b747blck_material1
f 1660//3856 1659//11204 1664//11203 
usemtl Polygon_XSIPOLYCLS.b747blck_material1
f 1539//3363 1540//11206 1543//11205 
usemtl Polygon_XSIPOLYCLS.b747blck_material1
f 1686//3862 1673//11208 1690//11207 
usemtl Polygon_XSIPOLYCLS.b747blck_material1
f 1663//3870 1662//11210 1667//11209 
usemtl Polygon_XSIPOLYCLS.b747blck_material1
f 1664//3874 1663//11212 1668//11211 
usemtl Polygon_XSIPOLYCLS.b747blck_material1
f 1682//3880 1677//11214 1686//11213 
usemtl Polygon_XSIPOLYCLS.b747blck_material1
f 1667//3888 1666//11216 1671//11215 
usemtl Polygon_XSIPOLYCLS.b747blck_material1
f 1668//3892 1667//11218 1672//11217 
usemtl Polygon_XSIPOLYCLS.b747blck_material1
f 1550//3357 1523//11220 1546//11219 
usemtl Polygon_XSIPOLYCLS.b747blck_material1
f 1678//3898 1681//11222 1682//11221 
usemtl Polygon_XSIPOLYCLS.b747blck_material1
f 1671//3906 1670//11224 1675//11223 
usemtl Polygon_XSIPOLYCLS.b747blck_material1
f 1672//3910 1671//11226 1676//11225 
usemtl Polygon_XSIPOLYCLS.b747blck_material1
f 1674//3916 1685//11228 1678//11227 
usemtl Polygon_XSIPOLYCLS.b747blck_material1
f 1675//3924 1674//11230 1679//11229 
usemtl Polygon_XSIPOLYCLS.b747blck_material1
f 1676//3928 1675//11232 1680//11231 
usemtl Polygon_XSIPOLYCLS.b747blck_material1
f 1536//3349 1537//11234 1540//11233 
usemtl Polygon_XSIPOLYCLS.b747blck_material1
f 1670//3934 1689//11236 1674//11235 
usemtl Polygon_XSIPOLYCLS.b747blck_material1
f 1679//3942 1678//11238 1683//11237 
usemtl Polygon_XSIPOLYCLS.b747blck_material1
f 1680//3946 1679//11240 1684//11239 
usemtl Polygon_XSIPOLYCLS.b747blck_material1
f 1535//3345 1536//11242 1539//11241 
usemtl Polygon_XSIPOLYCLS.b747blck_material1
f 1666//3952 1693//11244 1670//11243 
usemtl Polygon_XSIPOLYCLS.b747blck_material1
f 1683//3960 1682//11246 1687//11245 
usemtl Polygon_XSIPOLYCLS.b747blck_material1
f 1684//3964 1683//11248 1688//11247 
usemtl Polygon_XSIPOLYCLS.b747blck_material1
f 1662//3970 1697//11250 1666//11249 
usemtl Polygon_XSIPOLYCLS.b747blck_material1
f 1687//3978 1686//11252 1691//11251 
usemtl Polygon_XSIPOLYCLS.b747blck_material1
f 1688//3982 1687//11254 1692//11253 
usemtl Polygon_XSIPOLYCLS.b747blck_material1
f 1546//3339 1527//11256 1542//11255 
usemtl Polygon_XSIPOLYCLS.b747blck_material1
f 1658//3988 1699//11258 1662//11257 
usemtl Polygon_XSIPOLYCLS.b747blck_material1
f 1691//3996 1690//11260 1695//11259 
usemtl Polygon_XSIPOLYCLS.b747blck_material1
f 1692//4000 1691//11262 1696//11261 
usemtl b747blck_material
f 2292//4833 2294//11264 1439//11263 
usemtl Polygon_XSIPOLYCLS.b747blck_material1
f 1661//4006 1694//11266 1658//11265 
usemtl Polygon_XSIPOLYCLS.b747blck_material1
f 1737//4014 1703//11268 1701//11267 
usemtl Polygon_XSIPOLYCLS.b747blck_material1
f 1738//4018 1737//11270 1702//11269 
usemtl b747blck_material
f 2293//4850 2794//11272 2283//11271 
usemtl Polygon_XSIPOLYCLS.b747blck_material1
f 1732//4024 1711//11274 1703//11273 
usemtl Polygon_XSIPOLYCLS.b747blck_material1
f 1701//4032 1700//11276 1705//11275 
usemtl Polygon_XSIPOLYCLS.b747blck_material1
f 1702//4036 1701//11278 1706//11277 
usemtl Polygon_XSIPOLYCLS.b747blck_material1
f 1493//6216 1494//11280 1497//11279 
usemtl Polygon_XSIPOLYCLS.b747blck_material1
f 1728//4042 1715//11282 1732//11281 
usemtl Polygon_XSIPOLYCLS.b747blck_material1
f 1705//4050 1704//11284 1709//11283 
usemtl Polygon_XSIPOLYCLS.b747blck_material1
f 1706//4054 1705//11286 1710//11285 
usemtl Polygon_XSIPOLYCLS.b747blck_material1
f 1532//3331 1533//11288 1536//11287 
usemtl Polygon_XSIPOLYCLS.b747blck_material1
f 1724//4060 1719//11290 1728//11289 
usemtl Polygon_XSIPOLYCLS.b747blck_material1
f 1709//4068 1708//11292 1713//11291 
usemtl Polygon_XSIPOLYCLS.b747blck_material1
f 1710//4072 1709//11294 1714//11293 
usemtl Polygon_XSIPOLYCLS.b747blck_material1
f 1531//3327 1532//11296 1535//11295 
usemtl Polygon_XSIPOLYCLS.b747blck_material1
f 1720//4078 1723//11298 1724//11297 
usemtl Polygon_XSIPOLYCLS.b747blck_material1
f 1713//4086 1712//11300 1717//11299 
usemtl Polygon_XSIPOLYCLS.b747blck_material1
f 1714//4090 1713//11302 1718//11301 
usemtl Polygon_XSIPOLYCLS.b747blck_material1
f 1716//4096 1727//11304 1720//11303 
usemtl Polygon_XSIPOLYCLS.b747blck_material1
f 1717//4104 1716//11306 1721//11305 
usemtl Polygon_XSIPOLYCLS.b747blck_material1
f 1718//4108 1717//11308 1722//11307 
usemtl Polygon_XSIPOLYCLS.b747blck_material1
f 1542//3321 1531//11310 1538//11309 
usemtl Polygon_XSIPOLYCLS.b747blck_material1
f 1712//4114 1731//11312 1716//11311 
usemtl Polygon_XSIPOLYCLS.b747blck_material1
f 1721//4122 1720//11314 1725//11313 
usemtl Polygon_XSIPOLYCLS.b747blck_material1
f 1722//4126 1721//11316 1726//11315 
usemtl b747blck_material
f 2319//6310 2324//11318 2796//11317 
usemtl Polygon_XSIPOLYCLS.b747blck_material1
f 1708//4132 1735//11320 1712//11319 
usemtl Polygon_XSIPOLYCLS.b747blck_material1
f 1725//4140 1724//11322 1729//11321 
usemtl Polygon_XSIPOLYCLS.b747blck_material1
f 1726//4144 1725//11324 1730//11323 
usemtl Polygon_XSIPOLYCLS.b747blck_material1
f 1528//3313 1529//11326 1532//11325 
usemtl Polygon_XSIPOLYCLS.b747blck_material1
f 1704//4150 1739//11328 1708//11327 
usemtl Polygon_XSIPOLYCLS.b747blck_material1
f 1729//4158 1728//11330 1733//11329 
usemtl Polygon_XSIPOLYCLS.b747blck_material1
f 1730//4162 1729//11332 1734//11331 
usemtl Polygon_XSIPOLYCLS.b747blck_material1
f 1527//3309 1528//11334 1531//11333 
usemtl Polygon_XSIPOLYCLS.b747blck_material1
f 1700//4168 1741//11336 1704//11335 
usemtl Polygon_XSIPOLYCLS.b747blck_material1
f 1733//4176 1732//11338 1737//11337 
usemtl Polygon_XSIPOLYCLS.b747blck_material1
f 1734//4180 1733//11340 1738//11339 
usemtl Polygon_XSIPOLYCLS.b747blck_material1
f 1703//4186 1736//11342 1700//11341 
usemtl Polygon_XSIPOLYCLS.b747blck_material1
f 1745//4193 1779//11344 1742//11343 
usemtl Polygon_XSIPOLYCLS.b747blck_material1
f 1779//4197 1780//11346 1743//11345 
usemtl Polygon_XSIPOLYCLS.b747blck_material1
f 1538//3303 1535//11348 1534//11347 
usemtl Polygon_XSIPOLYCLS.b747blck_material1
f 1753//4205 1774//11350 1778//11349 
usemtl Polygon_XSIPOLYCLS.b747blck_material1
f 1742//4211 1743//11352 1746//11351 
usemtl Polygon_XSIPOLYCLS.b747blck_material1
f 1743//4215 1744//11354 1747//11353 
usemtl b747blck_material
f 2770//6338 2174//11356 2769//11355 
usemtl Polygon_XSIPOLYCLS.b747blck_material1
f 1757//4223 1770//11358 1753//11357 
usemtl Polygon_XSIPOLYCLS.b747blck_material1
f 1746//4229 1747//11360 1750//11359 
usemtl Polygon_XSIPOLYCLS.b747blck_material1
f 1747//4233 1748//11362 1751//11361 
usemtl Polygon_XSIPOLYCLS.b747blck_material1
f 1524//3295 1525//11364 1528//11363 
usemtl Polygon_XSIPOLYCLS.b747blck_material1
f 1761//4241 1766//11366 1757//11365 
usemtl Polygon_XSIPOLYCLS.b747blck_material1
f 1750//4247 1751//11368 1754//11367 
usemtl Polygon_XSIPOLYCLS.b747blck_material1
f 1751//4251 1752//11370 1755//11369 
usemtl Polygon_XSIPOLYCLS.b747blck_material1
f 1523//3291 1524//11372 1527//11371 
usemtl Polygon_XSIPOLYCLS.b747blck_material1
f 1765//4259 1762//11374 1761//11373 
usemtl Polygon_XSIPOLYCLS.b747blck_material1
f 1754//4265 1755//11376 1758//11375 
usemtl Polygon_XSIPOLYCLS.b747blck_material1
f 1755//4269 1756//11378 1759//11377 
usemtl Polygon_XSIPOLYCLS.b747blck_material1
f 1769//4277 1758//11380 1765//11379 
usemtl Polygon_XSIPOLYCLS.b747blck_material1
f 1758//4283 1759//11382 1762//11381 
usemtl Polygon_XSIPOLYCLS.b747blck_material1
f 1759//4287 1760//11384 1763//11383 
usemtl Polygon_XSIPOLYCLS.b747blck_material1
f 1534//3285 1539//11386 1530//11385 
usemtl Polygon_XSIPOLYCLS.b747blck_material1
f 1773//4295 1754//11388 1769//11387 
usemtl Polygon_XSIPOLYCLS.b747blck_material1
f 1762//4301 1763//11390 1766//11389 
usemtl Polygon_XSIPOLYCLS.b747blck_material1
f 1763//4305 1764//11392 1767//11391 
usemtl b747blck_material
f 2796//3334 2304//11394 2077//11393 
usemtl Polygon_XSIPOLYCLS.b747blck_material1
f 1777//4313 1750//11396 1773//11395 
usemtl Polygon_XSIPOLYCLS.b747blck_material1
f 1766//4319 1767//11398 1770//11397 
usemtl Polygon_XSIPOLYCLS.b747blck_material1
f 1767//4323 1768//11400 1771//11399 
usemtl Polygon_XSIPOLYCLS.b747blck_material1
f 1520//3277 1521//11402 1524//11401 
usemtl Polygon_XSIPOLYCLS.b747blck_material1
f 1781//4331 1746//11404 1777//11403 
usemtl Polygon_XSIPOLYCLS.b747blck_material1
f 1770//4337 1771//11406 1774//11405 
usemtl Polygon_XSIPOLYCLS.b747blck_material1
f 1771//4341 1772//11408 1775//11407 
usemtl Polygon_XSIPOLYCLS.b747blck_material1
f 1519//3273 1520//11410 1523//11409 
usemtl Polygon_XSIPOLYCLS.b747blck_material1
f 1783//4349 1742//11412 1781//11411 
usemtl Polygon_XSIPOLYCLS.b747blck_material1
f 1774//4355 1775//11414 1745//11413 
usemtl Polygon_XSIPOLYCLS.b747blck_material1
f 1775//4359 1776//11416 1779//11415 
usemtl Polygon_XSIPOLYCLS.b747blck_material1
f 1778//4367 1745//11418 1783//11417 
usemtl Polygon_XSIPOLYCLS.b747blck_material1
f 1787//4373 1821//11420 1784//11419 
usemtl Polygon_XSIPOLYCLS.b747blck_material1
f 1821//4377 1822//11422 1785//11421 
usemtl Polygon_XSIPOLYCLS.b747blck_material1
f 1530//3267 1543//11424 1526//11423 
usemtl Polygon_XSIPOLYCLS.b747blck_material1
f 1795//4385 1816//11426 1820//11425 
usemtl Polygon_XSIPOLYCLS.b747blck_material1
f 1784//4391 1785//11428 1788//11427 
usemtl Polygon_XSIPOLYCLS.b747blck_material1
f 1785//4395 1786//11430 1789//11429 
usemtl b747blck_material
f 2321//6370 2200//11432 2310//11431 
usemtl Polygon_XSIPOLYCLS.b747blck_material1
f 1799//4403 1812//11434 1795//11433 
usemtl Polygon_XSIPOLYCLS.b747blck_material1
f 1788//4409 1789//11436 1792//11435 
usemtl Polygon_XSIPOLYCLS.b747blck_material1
f 1789//4413 1790//11438 1793//11437 
usemtl Polygon_XSIPOLYCLS.b747blck_material1
f 1516//3259 1517//11440 1520//11439 
usemtl Polygon_XSIPOLYCLS.b747blck_material1
f 1803//4421 1808//11442 1799//11441 
usemtl Polygon_XSIPOLYCLS.b747blck_material1
f 1792//4427 1793//11444 1796//11443 
usemtl Polygon_XSIPOLYCLS.b747blck_material1
f 1793//4431 1794//11446 1797//11445 
usemtl Polygon_XSIPOLYCLS.b747blck_material1
f 1515//3255 1516//11448 1519//11447 
usemtl Polygon_XSIPOLYCLS.b747blck_material1
f 1807//4439 1804//11450 1803//11449 
usemtl Polygon_XSIPOLYCLS.b747blck_material1
f 1796//4445 1797//11452 1800//11451 
usemtl Polygon_XSIPOLYCLS.b747blck_material1
f 1797//4449 1798//11454 1801//11453 
usemtl Polygon_XSIPOLYCLS.b747blck_material1
f 1811//4457 1800//11456 1807//11455 
usemtl Polygon_XSIPOLYCLS.b747blck_material1
f 1800//4463 1801//11458 1804//11457 
usemtl Polygon_XSIPOLYCLS.b747blck_material1
f 1801//4467 1802//11460 1805//11459 
usemtl Polygon_XSIPOLYCLS.b747blck_material1
f 1526//3249 1547//11462 1551//11461 
usemtl Polygon_XSIPOLYCLS.b747blck_material1
f 1815//4475 1796//11464 1811//11463 
usemtl Polygon_XSIPOLYCLS.b747blck_material1
f 1804//4481 1805//11466 1808//11465 
usemtl Polygon_XSIPOLYCLS.b747blck_material1
f 1805//4485 1806//11468 1809//11467 
usemtl Polygon_XSIPOLYCLS.b747blck_material1
f 1814//4326 1810//11470 1818//11469 
usemtl Polygon_XSIPOLYCLS.b747blck_material1
f 1810//4327 1806//11472 1818//11471 
usemtl Polygon_XSIPOLYCLS.b747blck_material1
f 1806//4328 1802//11474 1818//11473 
usemtl Polygon_XSIPOLYCLS.b747blck_material1
f 1802//4344 1798//11476 1818//11475 
usemtl Polygon_XSIPOLYCLS.b747blck_material1
f 1798//4345 1794//11478 1818//11477 
usemtl Polygon_XSIPOLYCLS.b747blck_material1
f 1794//4346 1790//11480 1818//11479 
usemtl Polygon_XSIPOLYCLS.b747blck_material1
f 1790//4362 1786//11482 1818//11481 
usemtl Polygon_XSIPOLYCLS.b747blck_material1
f 1819//4493 1792//11484 1815//11483 
usemtl Polygon_XSIPOLYCLS.b747blck_material1
f 1808//4499 1809//11486 1812//11485 
usemtl Polygon_XSIPOLYCLS.b747blck_material1
f 1809//4503 1810//11488 1813//11487 
usemtl Polygon_XSIPOLYCLS.b747blck_material1
f 1772//4381 1768//11490 1776//11489 
usemtl Polygon_XSIPOLYCLS.b747blck_material1
f 1768//4382 1764//11492 1776//11491 
usemtl Polygon_XSIPOLYCLS.b747blck_material1
f 1764//4398 1760//11494 1776//11493 
usemtl Polygon_XSIPOLYCLS.b747blck_material1
f 1760//4399 1756//11496 1776//11495 
usemtl Polygon_XSIPOLYCLS.b747blck_material1
f 1756//4401 1752//11498 1776//11497 
usemtl Polygon_XSIPOLYCLS.b747blck_material1
f 1752//4416 1748//11500 1776//11499 
usemtl Polygon_XSIPOLYCLS.b747blck_material1
f 1748//4417 1744//11502 1776//11501 
usemtl Polygon_XSIPOLYCLS.b747blck_material1
f 1823//4511 1788//11504 1819//11503 
usemtl Polygon_XSIPOLYCLS.b747blck_material1
f 1812//4517 1813//11506 1816//11505 
usemtl Polygon_XSIPOLYCLS.b747blck_material1
f 1813//4521 1814//11508 1817//11507 
usemtl Polygon_XSIPOLYCLS.b747blck_material1
f 1702//4436 1706//11510 1738//11509 
usemtl Polygon_XSIPOLYCLS.b747blck_material1
f 1706//4452 1710//11512 1738//11511 
usemtl Polygon_XSIPOLYCLS.b747blck_material1
f 1710//4453 1714//11514 1738//11513 
usemtl Polygon_XSIPOLYCLS.b747blck_material1
f 1714//4454 1718//11516 1738//11515 
usemtl Polygon_XSIPOLYCLS.b747blck_material1
f 1718//4470 1722//11518 1738//11517 
usemtl Polygon_XSIPOLYCLS.b747blck_material1
f 1722//4471 1726//11520 1738//11519 
usemtl Polygon_XSIPOLYCLS.b747blck_material1
f 1726//4472 1730//11522 1738//11521 
usemtl Polygon_XSIPOLYCLS.b747blck_material1
f 1825//4529 1784//11524 1823//11523 
usemtl Polygon_XSIPOLYCLS.b747blck_material1
f 1816//4535 1817//11526 1787//11525 
usemtl Polygon_XSIPOLYCLS.b747blck_material1
f 1817//4539 1818//11528 1821//11527 
usemtl Polygon_XSIPOLYCLS.b747blck_material1
f 1660//4506 1664//11530 1696//11529 
usemtl Polygon_XSIPOLYCLS.b747blck_material1
f 1664//4507 1668//11532 1696//11531 
usemtl Polygon_XSIPOLYCLS.b747blck_material1
f 1668//4508 1672//11534 1696//11533 
usemtl Polygon_XSIPOLYCLS.b747blck_material1
f 1672//4524 1676//11536 1696//11535 
usemtl Polygon_XSIPOLYCLS.b747blck_material1
f 1676//4525 1680//11538 1696//11537 
usemtl Polygon_XSIPOLYCLS.b747blck_material1
f 1680//4526 1684//11540 1696//11539 
usemtl Polygon_XSIPOLYCLS.b747blck_material1
f 1684//4542 1688//11542 1696//11541 
usemtl Polygon_XSIPOLYCLS.b747blck_material1
f 1820//4547 1787//11544 1825//11543 
usemtl b747blck_material
f 1841//4551 1840//11546 1827//11545 
usemtl b747blck_material
f 1827//4558 1826//11548 1829//11547 
usemtl b747blck_material
f 1829//4565 1828//11550 1831//11549 
usemtl b747blck_material
f 1831//4572 1830//11552 1833//11551 
usemtl b747blck_material
f 1833//4579 1832//11554 1835//11553 
usemtl b747blck_material
f 1835//4586 1834//11556 1837//11555 
usemtl b747blck_material
f 1837//4593 1836//11558 1839//11557 
usemtl b747blck_material
f 1839//4600 1838//11560 1841//11559 
usemtl Polygon_XSIPOLYCLS.b747blck_material1
f 1846//4609 1880//11562 1843//11561 
usemtl Polygon_XSIPOLYCLS.b747blck_material1
f 1880//4613 1881//11564 1844//11563 
usemtl Polygon_XSIPOLYCLS.b747blck_material1
f 1558//3436 1557//11566 1562//11565 
usemtl Polygon_XSIPOLYCLS.b747blck_material1
f 1854//4621 1875//11568 1879//11567 
usemtl Polygon_XSIPOLYCLS.b747blck_material1
f 1843//4627 1844//11570 1847//11569 
usemtl Polygon_XSIPOLYCLS.b747blck_material1
f 1844//4631 1845//11572 1848//11571 
usemtl Polygon_XSIPOLYCLS.b747blck_material1
f 1858//4639 1871//11574 1854//11573 
usemtl Polygon_XSIPOLYCLS.b747blck_material1
f 1847//4645 1848//11576 1851//11575 
usemtl Polygon_XSIPOLYCLS.b747blck_material1
f 1848//4649 1849//11578 1852//11577 
usemtl Polygon_XSIPOLYCLS.b747blck_material1
f 1501//6398 1502//11580 1505//11579 
usemtl Polygon_XSIPOLYCLS.b747blck_material1
f 1862//4657 1867//11582 1858//11581 
usemtl Polygon_XSIPOLYCLS.b747blck_material1
f 1851//4663 1852//11584 1855//11583 
usemtl Polygon_XSIPOLYCLS.b747blck_material1
f 1852//4667 1853//11586 1856//11585 
usemtl b747blck_material
f 2765//6295 2766//11588 2760//11587 
usemtl Polygon_XSIPOLYCLS.b747blck_material1
f 1866//4675 1863//11590 1862//11589 
usemtl Polygon_XSIPOLYCLS.b747blck_material1
f 1855//4681 1856//11592 1859//11591 
usemtl Polygon_XSIPOLYCLS.b747blck_material1
f 1856//4685 1857//11594 1860//11593 
usemtl b747blck_material
f 2799//3497 2763//11596 2196//11595 
usemtl Polygon_XSIPOLYCLS.b747blck_material1
f 1870//4693 1859//11598 1866//11597 
usemtl Polygon_XSIPOLYCLS.b747blck_material1
f 1859//4699 1860//11600 1863//11599 
usemtl Polygon_XSIPOLYCLS.b747blck_material1
f 1860//4703 1861//11602 1864//11601 
usemtl b747blck_material
f 1850//6245 2274//11604 2767//11603 
usemtl Polygon_XSIPOLYCLS.b747blck_material1
f 1874//4711 1855//11606 1870//11605 
usemtl Polygon_XSIPOLYCLS.b747blck_material1
f 1863//4717 1864//11608 1867//11607 
usemtl Polygon_XSIPOLYCLS.b747blck_material1
f 1864//4721 1865//11610 1868//11609 
usemtl b747blck_material
f 2763//6268 1564//11612 2771//11611 
usemtl Polygon_XSIPOLYCLS.b747blck_material1
f 1878//4729 1851//11614 1874//11613 
usemtl Polygon_XSIPOLYCLS.b747blck_material1
f 1867//4735 1868//11616 1871//11615 
usemtl Polygon_XSIPOLYCLS.b747blck_material1
f 1868//4739 1869//11618 1872//11617 
usemtl b747blck_material
f 2196//3336 1707//11620 1665//11619 
usemtl Polygon_XSIPOLYCLS.b747blck_material1
f 1882//4747 1847//11622 1878//11621 
usemtl Polygon_XSIPOLYCLS.b747blck_material1
f 1871//4753 1872//11624 1875//11623 
usemtl Polygon_XSIPOLYCLS.b747blck_material1
f 1872//4757 1873//11626 1876//11625 
usemtl Polygon_XSIPOLYCLS.b747blck_material1
f 1486//6248 1487//11628 1490//11627 
usemtl Polygon_XSIPOLYCLS.b747blck_material1
f 1884//4765 1843//11630 1882//11629 
usemtl Polygon_XSIPOLYCLS.b747blck_material1
f 1875//4771 1876//11632 1846//11631 
usemtl Polygon_XSIPOLYCLS.b747blck_material1
f 1876//4775 1877//11634 1880//11633 
usemtl Polygon_XSIPOLYCLS.b747blck_material1
f 1879//4783 1846//11636 1884//11635 
usemtl Polygon_XSIPOLYCLS.b747blck_material1
f 1888//4789 1922//11638 1885//11637 
usemtl Polygon_XSIPOLYCLS.b747blck_material1
f 1922//4793 1923//11640 1886//11639 
usemtl Polygon_XSIPOLYCLS.b747blck_material1
f 1477//4074 1478//11642 1481//11641 
usemtl Polygon_XSIPOLYCLS.b747blck_material1
f 1896//4801 1917//11644 1921//11643 
usemtl Polygon_XSIPOLYCLS.b747blck_material1
f 1885//4807 1886//11646 1889//11645 
usemtl Polygon_XSIPOLYCLS.b747blck_material1
f 1886//4811 1887//11648 1890//11647 
usemtl Polygon_XSIPOLYCLS.b747blck_material1
f 1900//4819 1913//11650 1896//11649 
usemtl Polygon_XSIPOLYCLS.b747blck_material1
f 1889//4825 1890//11652 1893//11651 
usemtl Polygon_XSIPOLYCLS.b747blck_material1
f 1890//4829 1891//11654 1894//11653 
usemtl Polygon_XSIPOLYCLS.b747blck_material1
f 1488//4110 1501//11656 1484//11655 
usemtl Polygon_XSIPOLYCLS.b747blck_material1
f 1904//4837 1909//11658 1900//11657 
usemtl Polygon_XSIPOLYCLS.b747blck_material1
f 1893//4843 1894//11660 1897//11659 
usemtl Polygon_XSIPOLYCLS.b747blck_material1
f 1894//4847 1895//11662 1898//11661 
usemtl b747blck_material
f 1429//3406 1453//11664 1427//11663 
usemtl Polygon_XSIPOLYCLS.b747blck_material1
f 1908//4855 1905//11666 1904//11665 
usemtl Polygon_XSIPOLYCLS.b747blck_material1
f 1897//4861 1898//11668 1901//11667 
usemtl Polygon_XSIPOLYCLS.b747blck_material1
f 1898//4865 1899//11670 1902//11669 
usemtl Polygon_XSIPOLYCLS.b747blck_material1
f 1474//4148 1475//11672 1478//11671 
usemtl Polygon_XSIPOLYCLS.b747blck_material1
f 1912//4873 1901//11674 1908//11673 
usemtl Polygon_XSIPOLYCLS.b747blck_material1
f 1901//4879 1902//11676 1905//11675 
usemtl Polygon_XSIPOLYCLS.b747blck_material1
f 1902//4883 1903//11678 1906//11677 
usemtl Polygon_XSIPOLYCLS.b747blck_material1
f 1473//4182 1474//11680 1477//11679 
usemtl Polygon_XSIPOLYCLS.b747blck_material1
f 1916//4891 1897//11682 1912//11681 
usemtl Polygon_XSIPOLYCLS.b747blck_material1
f 1905//4897 1906//11684 1909//11683 
usemtl Polygon_XSIPOLYCLS.b747blck_material1
f 1906//4901 1907//11686 1910//11685 
usemtl Polygon_XSIPOLYCLS.b747blck_material1
f 1920//4909 1893//11688 1916//11687 
usemtl Polygon_XSIPOLYCLS.b747blck_material1
f 1909//4915 1910//11690 1913//11689 
usemtl Polygon_XSIPOLYCLS.b747blck_material1
f 1910//4919 1911//11692 1914//11691 
usemtl b747blck_material
f 1427//3318 1447//11694 2764//11693 
usemtl Polygon_XSIPOLYCLS.b747blck_material1
f 1924//4927 1889//11696 1920//11695 
usemtl Polygon_XSIPOLYCLS.b747blck_material1
f 1913//4933 1914//11698 1917//11697 
usemtl Polygon_XSIPOLYCLS.b747blck_material1
f 1914//4937 1915//11700 1918//11699 
usemtl Polygon_XSIPOLYCLS.b747blck_material1
f 1482//3932 1483//11702 1486//11701 
usemtl Polygon_XSIPOLYCLS.b747blck_material1
f 1926//4945 1885//11704 1924//11703 
usemtl Polygon_XSIPOLYCLS.b747blck_material1
f 1917//4951 1918//11706 1888//11705 
usemtl Polygon_XSIPOLYCLS.b747blck_material1
f 1918//4955 1919//11708 1922//11707 
usemtl Polygon_XSIPOLYCLS.b747blck_material1
f 1481//3966 1482//11710 1485//11709 
usemtl Polygon_XSIPOLYCLS.b747blck_material1
f 1921//4963 1888//11712 1926//11711 
usemtl Polygon_XSIPOLYCLS.b747blck_material1
f 1964//4970 1930//11714 1928//11713 
usemtl Polygon_XSIPOLYCLS.b747blck_material1
f 1965//4974 1964//11716 1929//11715 
usemtl Polygon_XSIPOLYCLS.b747blck_material1
f 1959//4980 1938//11718 1930//11717 
usemtl Polygon_XSIPOLYCLS.b747blck_material1
f 1928//4988 1927//11720 1932//11719 
usemtl Polygon_XSIPOLYCLS.b747blck_material1
f 1929//4992 1928//11722 1933//11721 
usemtl Polygon_XSIPOLYCLS.b747blck_material1
f 1492//4002 1497//11724 1488//11723 
usemtl Polygon_XSIPOLYCLS.b747blck_material1
f 1955//4998 1942//11726 1959//11725 
usemtl Polygon_XSIPOLYCLS.b747blck_material1
f 1932//5006 1931//11728 1936//11727 
usemtl Polygon_XSIPOLYCLS.b747blck_material1
f 1933//5010 1932//11730 1937//11729 
usemtl b747blck_material
f 2035//6226 1448//11732 1428//11731 
usemtl Polygon_XSIPOLYCLS.b747blck_material1
f 1951//5016 1946//11734 1955//11733 
usemtl Polygon_XSIPOLYCLS.b747blck_material1
f 1936//5024 1935//11736 1940//11735 
usemtl Polygon_XSIPOLYCLS.b747blck_material1
f 1937//5028 1936//11738 1941//11737 
usemtl Polygon_XSIPOLYCLS.b747blck_material1
f 1478//4041 1479//11740 1482//11739 
usemtl Polygon_XSIPOLYCLS.b747blck_material1
f 1947//5034 1950//11742 1951//11741 
usemtl Polygon_XSIPOLYCLS.b747blck_material1
f 1940//5042 1939//11744 1944//11743 
usemtl Polygon_XSIPOLYCLS.b747blck_material1
f 1941//5046 1940//11746 1945//11745 
usemtl Polygon_XSIPOLYCLS.b747blck_material1
f 1484//4218 1505//11748 1509//11747 
usemtl Polygon_XSIPOLYCLS.b747blck_material1
f 1943//5052 1954//11750 1947//11749 
usemtl Polygon_XSIPOLYCLS.b747blck_material1
f 1944//5060 1943//11752 1948//11751 
usemtl Polygon_XSIPOLYCLS.b747blck_material1
f 1945//5064 1944//11754 1949//11753 
usemtl b747blck_material
f 1428//3478 1452//11756 1431//11755 
usemtl Polygon_XSIPOLYCLS.b747blck_material1
f 1939//5070 1958//11758 1943//11757 
usemtl Polygon_XSIPOLYCLS.b747blck_material1
f 1948//5078 1947//11760 1952//11759 
usemtl Polygon_XSIPOLYCLS.b747blck_material1
f 1949//5082 1948//11762 1953//11761 
usemtl Polygon_XSIPOLYCLS.b747blck_material1
f 1510//4256 1511//11764 1474//11763 
usemtl Polygon_XSIPOLYCLS.b747blck_material1
f 1935//5088 1962//11766 1939//11765 
usemtl Polygon_XSIPOLYCLS.b747blck_material1
f 1952//5096 1951//11768 1956//11767 
usemtl Polygon_XSIPOLYCLS.b747blck_material1
f 1953//5100 1952//11770 1957//11769 
usemtl Polygon_XSIPOLYCLS.b747blck_material1
f 1476//4290 1510//11772 1473//11771 
usemtl Polygon_XSIPOLYCLS.b747blck_material1
f 1931//5106 1966//11774 1935//11773 
usemtl Polygon_XSIPOLYCLS.b747blck_material1
f 1956//5114 1955//11776 1960//11775 
usemtl Polygon_XSIPOLYCLS.b747blck_material1
f 1957//5118 1956//11778 1961//11777 
usemtl Polygon_XSIPOLYCLS.b747blck_material1
f 1927//5124 1968//11780 1931//11779 
usemtl Polygon_XSIPOLYCLS.b747blck_material1
f 1960//5132 1959//11782 1964//11781 
usemtl Polygon_XSIPOLYCLS.b747blck_material1
f 1961//5136 1960//11784 1965//11783 
usemtl Polygon_XSIPOLYCLS.b747blck_material1
f 1930//5142 1963//11786 1927//11785 
usemtl Polygon_XSIPOLYCLS.b747blck_material1
f 2006//5150 1972//11788 1970//11787 
usemtl Polygon_XSIPOLYCLS.b747blck_material1
f 2007//5154 2006//11790 1971//11789 
usemtl b747blck_material
f 1469//4814 1468//11792 1471//11791 
usemtl Polygon_XSIPOLYCLS.b747blck_material1
f 2001//5160 1980//11794 1972//11793 
usemtl Polygon_XSIPOLYCLS.b747blck_material1
f 1970//5168 1969//11796 1974//11795 
usemtl Polygon_XSIPOLYCLS.b747blck_material1
f 1971//5172 1970//11798 1975//11797 
usemtl Polygon_XSIPOLYCLS.b747blck_material1
f 1997//5178 1984//11800 2001//11799 
usemtl Polygon_XSIPOLYCLS.b747blck_material1
f 1974//5186 1973//11802 1978//11801 
usemtl Polygon_XSIPOLYCLS.b747blck_material1
f 1975//5190 1974//11804 1979//11803 
usemtl b747blck_material
f 1467//4887 1466//11806 1469//11805 
usemtl Polygon_XSIPOLYCLS.b747blck_material1
f 1993//5196 1988//11808 1997//11807 
usemtl Polygon_XSIPOLYCLS.b747blck_material1
f 1978//5204 1977//11810 1982//11809 
usemtl Polygon_XSIPOLYCLS.b747blck_material1
f 1979//5208 1978//11812 1983//11811 
usemtl Polygon_XSIPOLYCLS.b747blck_material1
f 1989//5214 1992//11814 1993//11813 
usemtl Polygon_XSIPOLYCLS.b747blck_material1
f 1982//5222 1981//11816 1986//11815 
usemtl Polygon_XSIPOLYCLS.b747blck_material1
f 1983//5226 1982//11818 1987//11817 
usemtl b747blck_material
f 1465//4924 1464//11820 1467//11819 
usemtl Polygon_XSIPOLYCLS.b747blck_material1
f 1985//5232 1996//11822 1989//11821 
usemtl Polygon_XSIPOLYCLS.b747blck_material1
f 1986//5240 1985//11824 1990//11823 
usemtl Polygon_XSIPOLYCLS.b747blck_material1
f 1987//5244 1986//11826 1991//11825 
usemtl Polygon_XSIPOLYCLS.b747blck_material1
f 1981//5250 2000//11828 1985//11827 
usemtl Polygon_XSIPOLYCLS.b747blck_material1
f 1990//5258 1989//11830 1994//11829 
usemtl Polygon_XSIPOLYCLS.b747blck_material1
f 1991//5262 1990//11832 1995//11831 
usemtl b747blck_material
f 1463//4976 1462//11834 1465//11833 
usemtl Polygon_XSIPOLYCLS.b747blck_material1
f 1977//5268 2004//11836 1981//11835 
usemtl Polygon_XSIPOLYCLS.b747blck_material1
f 1994//5276 1993//11838 1998//11837 
usemtl Polygon_XSIPOLYCLS.b747blck_material1
f 1995//5280 1994//11840 1999//11839 
usemtl b747blck_material
f 2320//6380 2202//11842 2321//11841 
usemtl Polygon_XSIPOLYCLS.b747blck_material1
f 1973//5286 2008//11844 1977//11843 
usemtl Polygon_XSIPOLYCLS.b747blck_material1
f 1998//5294 1997//11846 2002//11845 
usemtl Polygon_XSIPOLYCLS.b747blck_material1
f 1999//5298 1998//11848 2003//11847 
usemtl Polygon_XSIPOLYCLS.b747blck_material1
f 1498//6194 1499//11850 1502//11849 
usemtl Polygon_XSIPOLYCLS.b747blck_material1
f 1969//5304 2010//11852 1973//11851 
usemtl Polygon_XSIPOLYCLS.b747blck_material1
f 2002//5312 2001//11854 2006//11853 
usemtl Polygon_XSIPOLYCLS.b747blck_material1
f 2003//5316 2002//11856 2007//11855 
usemtl Polygon_XSIPOLYCLS.b747blck_material1
f 1497//6198 1498//11858 1501//11857 
usemtl Polygon_XSIPOLYCLS.b747blck_material1
f 1972//5322 2005//11860 1969//11859 
usemtl b747blck_material
f 2025//5326 2026//11862 2011//11861 
usemtl b747blck_material
f 2011//5333 2012//11864 2013//11863 
usemtl b747blck_material
f 2013//5340 2014//11866 2015//11865 
usemtl b747blck_material
f 2015//5347 2016//11868 2017//11867 
usemtl b747blck_material
f 2017//5354 2018//11870 2019//11869 
usemtl b747blck_material
f 2019//5361 2020//11872 2021//11871 
usemtl b747blck_material
f 2021//5368 2022//11874 2023//11873 
usemtl b747blck_material
f 2023//5375 2024//11876 2025//11875 
usemtl Polygon_XSIPOLYCLS.b747blck_material1
f 2065//5386 2031//11878 2029//11877 
usemtl Polygon_XSIPOLYCLS.b747blck_material1
f 2066//5390 2065//11880 2030//11879 
usemtl Polygon_XSIPOLYCLS.b747blck_material1
f 2060//5396 2039//11882 2031//11881 
usemtl Polygon_XSIPOLYCLS.b747blck_material1
f 2029//5404 2028//11884 2033//11883 
usemtl Polygon_XSIPOLYCLS.b747blck_material1
f 2030//5408 2029//11886 2034//11885 
usemtl Polygon_XSIPOLYCLS.b747blck_material1
f 1508//6204 1481//11888 1504//11887 
usemtl Polygon_XSIPOLYCLS.b747blck_material1
f 2056//5414 2043//11890 2060//11889 
usemtl Polygon_XSIPOLYCLS.b747blck_material1
f 2033//5422 2032//11892 2037//11891 
usemtl Polygon_XSIPOLYCLS.b747blck_material1
f 2034//5426 2033//11894 2038//11893 
usemtl b747blck_material
f 2176//6369 2194//11896 2178//11895 
usemtl Polygon_XSIPOLYCLS.b747blck_material1
f 2052//5432 2047//11898 2056//11897 
usemtl Polygon_XSIPOLYCLS.b747blck_material1
f 2037//5440 2036//11900 2041//11899 
usemtl Polygon_XSIPOLYCLS.b747blck_material1
f 2038//5444 2037//11902 2042//11901 
usemtl Polygon_XSIPOLYCLS.b747blck_material1
f 1494//6212 1495//11904 1498//11903 
usemtl Polygon_XSIPOLYCLS.b747blck_material1
f 2048//5450 2051//11906 2052//11905 
usemtl Polygon_XSIPOLYCLS.b747blck_material1
f 2041//5458 2040//11908 2045//11907 
usemtl Polygon_XSIPOLYCLS.b747blck_material1
f 2042//5462 2041//11910 2046//11909 
usemtl b747blck_material
f 2171//3695 1892//11912 2759//11911 
usemtl Polygon_XSIPOLYCLS.b747blck_material1
f 2044//5468 2055//11914 2048//11913 
usemtl Polygon_XSIPOLYCLS.b747blck_material1
f 2045//5476 2044//11916 2049//11915 
usemtl Polygon_XSIPOLYCLS.b747blck_material1
f 2046//5480 2045//11918 2050//11917 
usemtl b747blck_material
f 2762//3714 2170//11920 2172//11919 
usemtl Polygon_XSIPOLYCLS.b747blck_material1
f 2040//5486 2059//11922 2044//11921 
usemtl Polygon_XSIPOLYCLS.b747blck_material1
f 2049//5494 2048//11924 2053//11923 
usemtl Polygon_XSIPOLYCLS.b747blck_material1
f 2050//5498 2049//11926 2054//11925 
usemtl Polygon_XSIPOLYCLS.b747blck_material1
f 2036//5504 2063//11928 2040//11927 
usemtl Polygon_XSIPOLYCLS.b747blck_material1
f 2053//5512 2052//11930 2057//11929 
usemtl Polygon_XSIPOLYCLS.b747blck_material1
f 2054//5516 2053//11932 2058//11931 
usemtl Polygon_XSIPOLYCLS.b747blck_material1
f 2032//5522 2067//11934 2036//11933 
usemtl Polygon_XSIPOLYCLS.b747blck_material1
f 2057//5530 2056//11936 2061//11935 
usemtl Polygon_XSIPOLYCLS.b747blck_material1
f 2058//5534 2057//11938 2062//11937 
usemtl b747blck_material
f 1976//4616 2798//11940 2171//11939 
usemtl Polygon_XSIPOLYCLS.b747blck_material1
f 2028//5540 2069//11942 2032//11941 
usemtl Polygon_XSIPOLYCLS.b747blck_material1
f 2061//5548 2060//11944 2065//11943 
usemtl Polygon_XSIPOLYCLS.b747blck_material1
f 2062//5552 2061//11946 2066//11945 
usemtl b747blck_material
f 2172//4635 1934//11948 1438//11947 
usemtl Polygon_XSIPOLYCLS.b747blck_material1
f 2031//5558 2064//11950 2028//11949 
usemtl Polygon_XSIPOLYCLS.b747blck_material1
f 2107//5566 2073//11952 2071//11951 
usemtl Polygon_XSIPOLYCLS.b747blck_material1
f 2108//5570 2107//11954 2072//11953 
usemtl Polygon_XSIPOLYCLS.b747blck_material1
f 2102//5576 2081//11956 2073//11955 
usemtl Polygon_XSIPOLYCLS.b747blck_material1
f 2071//5584 2070//11958 2075//11957 
usemtl Polygon_XSIPOLYCLS.b747blck_material1
f 2072//5588 2071//11960 2076//11959 
usemtl Polygon_XSIPOLYCLS.b747blck_material1
f 2098//5594 2085//11962 2102//11961 
usemtl Polygon_XSIPOLYCLS.b747blck_material1
f 2075//5602 2074//11964 2079//11963 
usemtl Polygon_XSIPOLYCLS.b747blck_material1
f 2076//5606 2075//11966 2080//11965 
usemtl b747blck_material
f 1438//4690 2793//11968 1976//11967 
usemtl Polygon_XSIPOLYCLS.b747blck_material1
f 2094//5612 2089//11970 2098//11969 
usemtl Polygon_XSIPOLYCLS.b747blck_material1
f 2079//5620 2078//11972 2083//11971 
usemtl Polygon_XSIPOLYCLS.b747blck_material1
f 2080//5624 2079//11974 2084//11973 
usemtl Polygon_XSIPOLYCLS.b747blck_material1
f 2090//5630 2093//11976 2094//11975 
usemtl Polygon_XSIPOLYCLS.b747blck_material1
f 2083//5638 2082//11978 2087//11977 
usemtl Polygon_XSIPOLYCLS.b747blck_material1
f 2084//5642 2083//11980 2088//11979 
usemtl b747blck_material
f 1564//6253 2756//11982 1606//11981 
usemtl Polygon_XSIPOLYCLS.b747blck_material1
f 2086//5648 2097//11984 2090//11983 
usemtl Polygon_XSIPOLYCLS.b747blck_material1
f 2087//5656 2086//11986 2091//11985 
usemtl Polygon_XSIPOLYCLS.b747blck_material1
f 2088//5660 2087//11988 2092//11987 
usemtl Polygon_XSIPOLYCLS.b747blck_material1
f 1589//3428 1568//11990 1560//11989 
usemtl Polygon_XSIPOLYCLS.b747blck_material1
f 2082//5666 2101//11992 2086//11991 
usemtl Polygon_XSIPOLYCLS.b747blck_material1
f 2091//5674 2090//11994 2095//11993 
usemtl Polygon_XSIPOLYCLS.b747blck_material1
f 2092//5678 2091//11996 2096//11995 
usemtl b747blck_material
f 2201//3208 2199//11998 2200//11997 
usemtl Polygon_XSIPOLYCLS.b747blck_material1
f 2078//5684 2105//12000 2082//11999 
usemtl Polygon_XSIPOLYCLS.b747blck_material1
f 2095//5692 2094//12002 2099//12001 
usemtl Polygon_XSIPOLYCLS.b747blck_material1
f 2096//5696 2095//12004 2100//12003 
usemtl b747blck_material
f 2173//6327 2191//12006 2174//12005 
usemtl Polygon_XSIPOLYCLS.b747blck_material1
f 2074//5702 2109//12008 2078//12007 
usemtl Polygon_XSIPOLYCLS.b747blck_material1
f 2099//5710 2098//12010 2103//12009 
usemtl Polygon_XSIPOLYCLS.b747blck_material1
f 2100//5714 2099//12012 2104//12011 
usemtl Polygon_XSIPOLYCLS.b747blck_material1
f 1552//3241 1553//12014 1516//12013 
usemtl Polygon_XSIPOLYCLS.b747blck_material1
f 2070//5720 2111//12016 2074//12015 
usemtl Polygon_XSIPOLYCLS.b747blck_material1
f 2103//5728 2102//12018 2107//12017 
usemtl Polygon_XSIPOLYCLS.b747blck_material1
f 2104//5732 2103//12020 2108//12019 
usemtl Polygon_XSIPOLYCLS.b747blck_material1
f 1485//3858 1486//12022 1489//12021 
usemtl Polygon_XSIPOLYCLS.b747blck_material1
f 2073//5738 2106//12024 2070//12023 
usemtl Polygon_XSIPOLYCLS.b747blck_material1
f 2115//5745 2149//12026 2112//12025 
usemtl Polygon_XSIPOLYCLS.b747blck_material1
f 2149//5749 2150//12028 2113//12027 
usemtl Polygon_XSIPOLYCLS.b747blck_material1
f 2123//5757 2144//12030 2148//12029 
usemtl Polygon_XSIPOLYCLS.b747blck_material1
f 2112//5763 2113//12032 2116//12031 
usemtl Polygon_XSIPOLYCLS.b747blck_material1
f 2113//5767 2114//12034 2117//12033 
usemtl Polygon_XSIPOLYCLS.b747blck_material1
f 1518//3237 1552//12036 1515//12035 
usemtl Polygon_XSIPOLYCLS.b747blck_material1
f 2127//5775 2140//12038 2123//12037 
usemtl Polygon_XSIPOLYCLS.b747blck_material1
f 2116//5781 2117//12040 2120//12039 
usemtl Polygon_XSIPOLYCLS.b747blck_material1
f 2117//5785 2118//12042 2121//12041 
usemtl Polygon_XSIPOLYCLS.b747blck_material1
f 2131//5793 2136//12044 2127//12043 
usemtl Polygon_XSIPOLYCLS.b747blck_material1
f 2120//5799 2121//12046 2124//12045 
usemtl Polygon_XSIPOLYCLS.b747blck_material1
f 2121//5803 2122//12048 2125//12047 
usemtl Polygon_XSIPOLYCLS.b747blck_material1
f 1509//3231 1476//12050 1514//12049 
usemtl Polygon_XSIPOLYCLS.b747blck_material1
f 2135//5811 2132//12052 2131//12051 
usemtl Polygon_XSIPOLYCLS.b747blck_material1
f 2124//5817 2125//12054 2128//12053 
usemtl Polygon_XSIPOLYCLS.b747blck_material1
f 2125//5821 2126//12056 2129//12055 
usemtl b747blck_material
f 2768//3281 2769//12058 2178//12057 
usemtl Polygon_XSIPOLYCLS.b747blck_material1
f 2139//5829 2128//12060 2135//12059 
usemtl Polygon_XSIPOLYCLS.b747blck_material1
f 2128//5835 2129//12062 2132//12061 
usemtl Polygon_XSIPOLYCLS.b747blck_material1
f 2129//5839 2130//12064 2133//12063 
usemtl Polygon_XSIPOLYCLS.b747blck_material1
f 1506//3223 1507//12066 1510//12065 
usemtl Polygon_XSIPOLYCLS.b747blck_material1
f 2143//5847 2124//12068 2139//12067 
usemtl Polygon_XSIPOLYCLS.b747blck_material1
f 2132//5853 2133//12070 2136//12069 
usemtl Polygon_XSIPOLYCLS.b747blck_material1
f 2133//5857 2134//12072 2137//12071 
usemtl Polygon_XSIPOLYCLS.b747blck_material1
f 1505//3219 1506//12074 1476//12073 
usemtl Polygon_XSIPOLYCLS.b747blck_material1
f 2147//5865 2120//12076 2143//12075 
usemtl Polygon_XSIPOLYCLS.b747blck_material1
f 2136//5871 2137//12078 2140//12077 
usemtl Polygon_XSIPOLYCLS.b747blck_material1
f 2137//5875 2138//12080 2141//12079 
usemtl Polygon_XSIPOLYCLS.b747blck_material1
f 1496//3894 1493//12082 1492//12081 
usemtl Polygon_XSIPOLYCLS.b747blck_material1
f 2151//5883 2116//12084 2147//12083 
usemtl Polygon_XSIPOLYCLS.b747blck_material1
f 2140//5889 2141//12086 2144//12085 
usemtl Polygon_XSIPOLYCLS.b747blck_material1
f 2141//5893 2142//12088 2145//12087 
usemtl Polygon_XSIPOLYCLS.b747blck_material1
f 2812//5393 2816//12090 2808//12089 
usemtl Polygon_XSIPOLYCLS.b747blck_material1
f 2816//5394 2820//12092 2808//12091 
usemtl Polygon_XSIPOLYCLS.b747blck_material1
f 2820//5410 2824//12094 2808//12093 
usemtl Polygon_XSIPOLYCLS.b747blck_material1
f 2824//5411 2828//12096 2808//12095 
usemtl Polygon_XSIPOLYCLS.b747blck_material1
f 2828//5413 2164//12098 2808//12097 
usemtl Polygon_XSIPOLYCLS.b747blck_material1
f 2164//5428 2160//12100 2808//12099 
usemtl Polygon_XSIPOLYCLS.b747blck_material1
f 2160//5429 2156//12102 2808//12101 
usemtl Polygon_XSIPOLYCLS.b747blck_material1
f 2153//5901 2112//12104 2151//12103 
usemtl Polygon_XSIPOLYCLS.b747blck_material1
f 2144//5907 2145//12106 2115//12105 
usemtl Polygon_XSIPOLYCLS.b747blck_material1
f 2145//5911 2146//12108 2149//12107 
usemtl Polygon_XSIPOLYCLS.b747blck_material1
f 2142//5448 2138//12110 2146//12109 
usemtl Polygon_XSIPOLYCLS.b747blck_material1
f 2138//5464 2134//12112 2146//12111 
usemtl Polygon_XSIPOLYCLS.b747blck_material1
f 2134//5465 2130//12114 2146//12113 
usemtl Polygon_XSIPOLYCLS.b747blck_material1
f 2130//5466 2126//12116 2146//12115 
usemtl Polygon_XSIPOLYCLS.b747blck_material1
f 2126//5482 2122//12118 2146//12117 
usemtl Polygon_XSIPOLYCLS.b747blck_material1
f 2122//5483 2118//12120 2146//12119 
usemtl Polygon_XSIPOLYCLS.b747blck_material1
f 2118//5484 2114//12122 2146//12121 
usemtl Polygon_XSIPOLYCLS.b747blck_material1
f 2148//5919 2115//12124 2153//12123 
usemtl Polygon_XSIPOLYCLS.b747blck_material1
f 2157//5925 2805//12126 2154//12125 
usemtl Polygon_XSIPOLYCLS.b747blck_material1
f 2805//5929 2804//12128 2155//12127 
usemtl Polygon_XSIPOLYCLS.b747blck_material1
f 2072//5518 2076//12130 2108//12129 
usemtl Polygon_XSIPOLYCLS.b747blck_material1
f 2076//5519 2080//12132 2108//12131 
usemtl Polygon_XSIPOLYCLS.b747blck_material1
f 2080//5520 2084//12134 2108//12133 
usemtl Polygon_XSIPOLYCLS.b747blck_material1
f 2084//5536 2088//12136 2108//12135 
usemtl Polygon_XSIPOLYCLS.b747blck_material1
f 2088//5537 2092//12138 2108//12137 
usemtl Polygon_XSIPOLYCLS.b747blck_material1
f 2092//5538 2096//12140 2108//12139 
usemtl Polygon_XSIPOLYCLS.b747blck_material1
f 2096//5554 2100//12142 2108//12141 
usemtl Polygon_XSIPOLYCLS.b747blck_material1
f 2165//5937 2810//12144 2806//12143 
usemtl Polygon_XSIPOLYCLS.b747blck_material1
f 2154//5943 2155//12146 2158//12145 
usemtl Polygon_XSIPOLYCLS.b747blck_material1
f 2155//5947 2156//12148 2159//12147 
usemtl Polygon_XSIPOLYCLS.b747blck_material1
f 2030//5573 2034//12150 2066//12149 
usemtl Polygon_XSIPOLYCLS.b747blck_material1
f 2034//5574 2038//12152 2066//12151 
usemtl Polygon_XSIPOLYCLS.b747blck_material1
f 2038//5590 2042//12154 2066//12153 
usemtl Polygon_XSIPOLYCLS.b747blck_material1
f 2042//5591 2046//12156 2066//12155 
usemtl Polygon_XSIPOLYCLS.b747blck_material1
f 2046//5593 2050//12158 2066//12157 
usemtl Polygon_XSIPOLYCLS.b747blck_material1
f 2050//5608 2054//12160 2066//12159 
usemtl Polygon_XSIPOLYCLS.b747blck_material1
f 2054//5609 2058//12162 2066//12161 
usemtl Polygon_XSIPOLYCLS.b747blck_material1
f 2827//5955 2814//12164 2165//12163 
usemtl Polygon_XSIPOLYCLS.b747blck_material1
f 2158//5961 2159//12166 2162//12165 
usemtl Polygon_XSIPOLYCLS.b747blck_material1
f 2159//5965 2160//12168 2163//12167 
usemtl Polygon_XSIPOLYCLS.b747blck_material1
f 1971//5628 1975//12170 2007//12169 
usemtl Polygon_XSIPOLYCLS.b747blck_material1
f 1975//5644 1979//12172 2007//12171 
usemtl Polygon_XSIPOLYCLS.b747blck_material1
f 1979//5645 1983//12174 2007//12173 
usemtl Polygon_XSIPOLYCLS.b747blck_material1
f 1983//5646 1987//12176 2007//12175 
usemtl Polygon_XSIPOLYCLS.b747blck_material1
f 1987//5662 1991//12178 2007//12177 
usemtl Polygon_XSIPOLYCLS.b747blck_material1
f 1991//5663 1995//12180 2007//12179 
usemtl Polygon_XSIPOLYCLS.b747blck_material1
f 1995//5664 1999//12182 2007//12181 
usemtl Polygon_XSIPOLYCLS.b747blck_material1
f 2823//5973 2818//12184 2827//12183 
usemtl Polygon_XSIPOLYCLS.b747blck_material1
f 2162//5979 2163//12186 2166//12185 
usemtl Polygon_XSIPOLYCLS.b747blck_material1
f 2163//5983 2164//12188 2829//12187 
usemtl Polygon_XSIPOLYCLS.b747blck_material1
f 1929//5698 1933//12190 1965//12189 
usemtl Polygon_XSIPOLYCLS.b747blck_material1
f 1933//5699 1937//12192 1965//12191 
usemtl Polygon_XSIPOLYCLS.b747blck_material1
f 1937//5700 1941//12194 1965//12193 
usemtl Polygon_XSIPOLYCLS.b747blck_material1
f 1941//5716 1945//12196 1965//12195 
usemtl Polygon_XSIPOLYCLS.b747blck_material1
f 1945//5717 1949//12198 1965//12197 
usemtl Polygon_XSIPOLYCLS.b747blck_material1
f 1949//5718 1953//12200 1965//12199 
usemtl Polygon_XSIPOLYCLS.b747blck_material1
f 1953//5734 1957//12202 1965//12201 
usemtl Polygon_XSIPOLYCLS.b747blck_material1
f 2819//5991 2822//12204 2823//12203 
usemtl Polygon_XSIPOLYCLS.b747blck_material1
f 2166//5997 2829//12206 2826//12205 
usemtl Polygon_XSIPOLYCLS.b747blck_material1
f 2829//6001 2828//12208 2825//12207 
usemtl Polygon_XSIPOLYCLS.b747blck_material1
f 1915//5753 1911//12210 1919//12209 
usemtl Polygon_XSIPOLYCLS.b747blck_material1
f 1911//5754 1907//12212 1919//12211 
usemtl Polygon_XSIPOLYCLS.b747blck_material1
f 1907//5770 1903//12214 1919//12213 
usemtl Polygon_XSIPOLYCLS.b747blck_material1
f 1903//5771 1899//12216 1919//12215 
usemtl Polygon_XSIPOLYCLS.b747blck_material1
f 1899//5773 1895//12218 1919//12217 
usemtl Polygon_XSIPOLYCLS.b747blck_material1
f 1895//5788 1891//12220 1919//12219 
usemtl Polygon_XSIPOLYCLS.b747blck_material1
f 1891//5789 1887//12222 1919//12221 
usemtl Polygon_XSIPOLYCLS.b747blck_material1
f 2815//6009 2826//12224 2819//12223 
usemtl Polygon_XSIPOLYCLS.b747blck_material1
f 2826//6015 2825//12226 2822//12225 
usemtl Polygon_XSIPOLYCLS.b747blck_material1
f 2825//6019 2824//12228 2821//12227 
usemtl Polygon_XSIPOLYCLS.b747blck_material1
f 1873//5808 1869//12230 1877//12229 
usemtl Polygon_XSIPOLYCLS.b747blck_material1
f 1869//5824 1865//12232 1877//12231 
usemtl Polygon_XSIPOLYCLS.b747blck_material1
f 1865//5825 1861//12234 1877//12233 
usemtl Polygon_XSIPOLYCLS.b747blck_material1
f 1861//5826 1857//12236 1877//12235 
usemtl Polygon_XSIPOLYCLS.b747blck_material1
f 1857//5842 1853//12238 1877//12237 
usemtl Polygon_XSIPOLYCLS.b747blck_material1
f 1853//5843 1849//12240 1877//12239 
usemtl Polygon_XSIPOLYCLS.b747blck_material1
f 1849//5844 1845//12242 1877//12241 
usemtl Polygon_XSIPOLYCLS.b747blck_material1
f 2811//6027 2166//12244 2815//12243 
usemtl Polygon_XSIPOLYCLS.b747blck_material1
f 2822//6033 2821//12246 2818//12245 
usemtl Polygon_XSIPOLYCLS.b747blck_material1
f 2821//6037 2820//12248 2817//12247 
usemtl Polygon_XSIPOLYCLS.b747blck_material1
f 1601//5878 1605//12250 1637//12249 
usemtl Polygon_XSIPOLYCLS.b747blck_material1
f 1605//5879 1609//12252 1637//12251 
usemtl Polygon_XSIPOLYCLS.b747blck_material1
f 1609//5880 1613//12254 1637//12253 
usemtl Polygon_XSIPOLYCLS.b747blck_material1
f 1613//5896 1617//12256 1637//12255 
usemtl Polygon_XSIPOLYCLS.b747blck_material1
f 1617//5897 1621//12258 1637//12257 
usemtl Polygon_XSIPOLYCLS.b747blck_material1
f 1621//5898 1625//12260 1637//12259 
usemtl Polygon_XSIPOLYCLS.b747blck_material1
f 1625//5914 1629//12262 1637//12261 
usemtl Polygon_XSIPOLYCLS.b747blck_material1
f 2807//6045 2162//12264 2811//12263 
usemtl Polygon_XSIPOLYCLS.b747blck_material1
f 2818//6051 2817//12266 2814//12265 
usemtl Polygon_XSIPOLYCLS.b747blck_material1
f 2817//6055 2816//12268 2813//12267 
usemtl Polygon_XSIPOLYCLS.b747blck_material1
f 1559//5933 1563//12270 1595//12269 
usemtl Polygon_XSIPOLYCLS.b747blck_material1
f 1563//5934 1567//12272 1595//12271 
usemtl Polygon_XSIPOLYCLS.b747blck_material1
f 1567//5950 1571//12274 1595//12273 
usemtl Polygon_XSIPOLYCLS.b747blck_material1
f 1571//5951 1575//12276 1595//12275 
usemtl Polygon_XSIPOLYCLS.b747blck_material1
f 1575//5953 1579//12278 1595//12277 
usemtl Polygon_XSIPOLYCLS.b747blck_material1
f 1579//5968 1583//12280 1595//12279 
usemtl Polygon_XSIPOLYCLS.b747blck_material1
f 1583//5969 1587//12282 1595//12281 
usemtl Polygon_XSIPOLYCLS.b747blck_material1
f 2803//6063 2158//12284 2807//12283 
usemtl Polygon_XSIPOLYCLS.b747blck_material1
f 2814//6069 2813//12286 2810//12285 
usemtl Polygon_XSIPOLYCLS.b747blck_material1
f 2813//6073 2812//12288 2809//12287 
usemtl Polygon_XSIPOLYCLS.b747blck_material1
f 1545//5988 1541//12290 1549//12289 
usemtl Polygon_XSIPOLYCLS.b747blck_material1
f 1541//6004 1537//12292 1549//12291 
usemtl Polygon_XSIPOLYCLS.b747blck_material1
f 1537//6005 1533//12294 1549//12293 
usemtl Polygon_XSIPOLYCLS.b747blck_material1
f 1533//6006 1529//12296 1549//12295 
usemtl Polygon_XSIPOLYCLS.b747blck_material1
f 1529//6022 1525//12298 1549//12297 
usemtl Polygon_XSIPOLYCLS.b747blck_material1
f 1525//6023 1521//12300 1549//12299 
usemtl Polygon_XSIPOLYCLS.b747blck_material1
f 1521//6024 1517//12302 1549//12301 
usemtl Polygon_XSIPOLYCLS.b747blck_material1
f 2801//6081 2154//12304 2803//12303 
usemtl Polygon_XSIPOLYCLS.b747blck_material1
f 2810//6087 2809//12306 2157//12305 
usemtl Polygon_XSIPOLYCLS.b747blck_material1
f 2809//6091 2808//12308 2805//12307 
usemtl Polygon_XSIPOLYCLS.b747blck_material1
f 1503//6058 1499//12310 1507//12309 
usemtl Polygon_XSIPOLYCLS.b747blck_material1
f 1499//6059 1495//12312 1507//12311 
usemtl Polygon_XSIPOLYCLS.b747blck_material1
f 1495//6060 1491//12314 1507//12313 
usemtl Polygon_XSIPOLYCLS.b747blck_material1
f 1491//6076 1487//12316 1507//12315 
usemtl Polygon_XSIPOLYCLS.b747blck_material1
f 1487//6077 1483//12318 1507//12317 
usemtl Polygon_XSIPOLYCLS.b747blck_material1
f 1483//6078 1479//12320 1507//12319 
usemtl Polygon_XSIPOLYCLS.b747blck_material1
f 1479//6094 1475//12322 1507//12321 
usemtl Polygon_XSIPOLYCLS.b747blck_material1
f 2806//6099 2157//12324 2801//12323 
usemtl Polygon_XSIPOLYCLS.b747blck_material1
f 1512//6406 1477//12326 1508//12325 
usemtl b747blck_material
f 2301//3516 1449//12328 2035//12327 
usemtl b747blck_material
f 2764//6252 1446//12330 2300//12329 
usemtl b747blck_material
f 2297//6392 1450//12332 2301//12331 
usemtl b747blck_material
f 2300//3228 1451//12334 2197//12333 
usemtl b747blck_material
f 2794//6118 2787//12336 2795//12335 
usemtl b747blck_material
f 1435//6129 2792//12338 2789//12337 
usemtl b747blck_material
f 2193//3183 2741//12340 2785//12339 
usemtl b747blck_material
f 2193//6139 2785//12342 2787//12341 
usemtl b747blck_material
f 2283//4778 2786//12344 2293//12343 
usemtl b747blck_material
f 1439//4761 2789//12346 2292//12345 
usemtl b747blck_material
f 2792//6123 1435//12348 2786//12347 
usemtl b747blck_material
f 1420//3190 1433//12350 1421//12349 
usemtl b747blck_material
f 2781//6151 2783//12352 1432//12351 
usemtl b747blck_material
f 1417//3165 2781//12354 1413//12353 
usemtl b747blck_material
f 2608//6159 1426//12356 2207//12355 
usemtl b747blck_material
f 2385//6163 2779//12358 2386//12357 
usemtl b747blck_material
f 2207//6167 2780//12360 2546//12359 
usemtl b747blck_material
f 2383//6171 2777//12362 2385//12361 
usemtl b747blck_material
f 2546//6175 2778//12364 2445//12363 
usemtl b747blck_material
f 2434//6179 2775//12366 2383//12365 
usemtl b747blck_material
f 2445//6183 2776//12368 2437//12367 
usemtl b747blck_material
f 2435//6187 2773//12370 2434//12369 
usemtl b747blck_material
f 2437//6191 2774//12372 2435//12371 
usemtl Polygon_XSIPOLYCLS.b747blck_material1
f 1595//3422 1594//12374 1559//12373 
usemtl Polygon_XSIPOLYCLS.b747blck_material1
f 1594//3418 1560//12376 1558//12375 
usemtl Polygon_XSIPOLYCLS.b747blck_material1
f 1551//3411 1518//12378 1556//12377 
usemtl Polygon_XSIPOLYCLS.b747blck_material1
f 1500//6240 1489//12380 1496//12379 
usemtl Polygon_XSIPOLYCLS.b747blck_material1
f 1548//3403 1549//12382 1552//12381 
usemtl Polygon_XSIPOLYCLS.b747blck_material1
f 1547//3399 1548//12384 1518//12383 
usemtl Polygon_XSIPOLYCLS.b747blck_material1
f 1556//3393 1515//12386 1554//12385 
usemtl Polygon_XSIPOLYCLS.b747blck_material1
f 1544//3385 1545//12388 1548//12387 
usemtl Polygon_XSIPOLYCLS.b747blck_material1
f 1543//3381 1544//12390 1547//12389 
usemtl Polygon_XSIPOLYCLS.b747blck_material1
f 1554//3375 1519//12392 1550//12391 
usemtl Polygon_XSIPOLYCLS.b747blck_material1
f 1504//6222 1485//12394 1500//12393 
usemtl Polygon_XSIPOLYCLS.b747blck_material1
f 1540//3367 1541//12396 1544//12395 
usemtl b747blck_material
f 2175//3640 2758//12398 2762//12397 
usemtl Polygon_XSIPOLYCLS.b747blck_material1
f 2750//6260 2754//12400 2753//12399 
usemtl Polygon_XSIPOLYCLS.b747blck_material1
f 2753//6264 2755//12402 2747//12401 
usemtl b747blck_material
f 2759//3606 2169//12404 2177//12403 
usemtl Polygon_XSIPOLYCLS.b747blck_material1
f 2744//6274 2751//12406 2750//12405 
usemtl Polygon_XSIPOLYCLS.b747blck_material1
f 2743//6281 2750//12408 2749//12407 
usemtl Polygon_XSIPOLYCLS.b747blck_material1
f 2749//6288 2753//12410 2740//12409 
usemtl Polygon_XSIPOLYCLS.b747blck_material1
f 2747//6292 2752//12412 2738//12411 
usemtl b747blck_material
f 2177//3569 2757//12414 2175//12413 
usemtl b747blck_material
f 2319//6386 2796//12416 2320//12415 
usemtl Polygon_XSIPOLYCLS.b747blck_material1
f 2735//6302 2745//12418 2744//12417 
usemtl Polygon_XSIPOLYCLS.b747blck_material1
f 2734//8152 2744//12420 2743//12419 
usemtl Polygon_XSIPOLYCLS.b747blck_material1
f 2742//8148 2743//12422 2748//12421 
usemtl Polygon_XSIPOLYCLS.b747blck_material1
f 2748//8144 2749//12424 2739//12423 
usemtl Polygon_XSIPOLYCLS.b747blck_material1
f 2740//8137 2747//12426 2730//12425 
usemtl Polygon_XSIPOLYCLS.b747blck_material1
f 2738//8133 2746//12428 2728//12427 
usemtl Polygon_XSIPOLYCLS.b747blck_material1
f 1490//6230 1491//12430 1494//12429 
usemtl Polygon_XSIPOLYCLS.b747blck_material1
f 1489//6234 1490//12432 1493//12431 
usemtl Polygon_XSIPOLYCLS.b747blck_material1
f 2727//8123 2736//12434 2735//12433 
usemtl Polygon_XSIPOLYCLS.b747blck_material1
f 2726//8116 2735//12436 2734//12435 
usemtl Polygon_XSIPOLYCLS.b747blck_material1
f 2733//8112 2734//12438 2742//12437 
usemtl Polygon_XSIPOLYCLS.b747blck_material1
f 2737//8131 2746//12440 2731//12439 
usemtl Polygon_XSIPOLYCLS.b747blck_material1
f 2746//8130 2752//12442 2731//12441 
usemtl Polygon_XSIPOLYCLS.b747blck_material1
f 2752//8129 2755//12444 2731//12443 
usemtl Polygon_XSIPOLYCLS.b747blck_material1
f 2755//8128 2754//12446 2731//12445 
usemtl Polygon_XSIPOLYCLS.b747blck_material1
f 2754//8127 2751//12448 2731//12447 
usemtl Polygon_XSIPOLYCLS.b747blck_material1
f 2751//8126 2745//12450 2731//12449 
usemtl Polygon_XSIPOLYCLS.b747blck_material1
f 2745//8110 2736//12452 2731//12451 
usemtl Polygon_XSIPOLYCLS.b747blck_material1
f 2739//8105 2740//12454 2729//12453 
usemtl Polygon_XSIPOLYCLS.b747blck_material1
f 2730//8098 2738//12456 2721//12455 
usemtl Polygon_XSIPOLYCLS.b747blck_material1
f 2728//8094 2737//12458 2722//12457 
usemtl Polygon_XSIPOLYCLS.b747blck_material1
f 2723//8090 2732//12460 2727//12459 
usemtl Polygon_XSIPOLYCLS.b747blck_material1
f 2719//8083 2727//12462 2726//12461 
usemtl Polygon_XSIPOLYCLS.b747blck_material1
f 2725//8079 2726//12464 2733//12463 
usemtl Polygon_XSIPOLYCLS.b747blck_material1
f 2722//8075 2731//12466 2723//12465 
usemtl Polygon_XSIPOLYCLS.b747blck_material1
f 2729//8071 2730//12468 2720//12467 
usemtl Polygon_XSIPOLYCLS.b747blck_material1
f 2721//8064 2728//12470 2716//12469 
usemtl Polygon_XSIPOLYCLS.b747blck_material1
f 2717//8057 2723//12472 2719//12471 
usemtl Polygon_XSIPOLYCLS.b747blck_material1
f 2718//8053 2719//12474 2725//12473 
usemtl Polygon_XSIPOLYCLS.b747blck_material1
f 2716//8046 2722//12476 2717//12475 
usemtl Polygon_XSIPOLYCLS.b747blck_material1
f 2720//8042 2721//12478 2715//12477 
usemtl Polygon_XSIPOLYCLS.b747blck_material1
f 2714//8038 2717//12480 2718//12479 
usemtl Polygon_XSIPOLYCLS.b747blck_material1
f 2715//8034 2716//12482 2714//12481 
usemtl Polygon_XSIPOLYCLS.b747blck_material1
f 2712//8021 2708//12484 2713//12483 
usemtl Polygon_XSIPOLYCLS.b747blck_material1
f 2713//8017 2711//12486 2710//12485 
usemtl Polygon_XSIPOLYCLS.b747blck_material1
f 2709//8007 2702//12488 2712//12487 
usemtl Polygon_XSIPOLYCLS.b747blck_material1
f 2708//8000 2700//12490 2711//12489 
usemtl Polygon_XSIPOLYCLS.b747blck_material1
f 2711//7993 2706//12492 2705//12491 
usemtl Polygon_XSIPOLYCLS.b747blck_material1
f 2710//7989 2705//12494 2704//12493 
usemtl Polygon_XSIPOLYCLS.b747blck_material1
f 2703//7979 2693//12496 2709//12495 
usemtl Polygon_XSIPOLYCLS.b747blck_material1
f 2702//7972 2691//12498 2708//12497 
usemtl Polygon_XSIPOLYCLS.b747blck_material1
f 2700//7968 2701//12500 2706//12499 
usemtl Polygon_XSIPOLYCLS.b747blck_material1
f 2706//7964 2707//12502 2697//12501 
usemtl Polygon_XSIPOLYCLS.b747blck_material1
f 2705//7957 2697//12504 2696//12503 
usemtl Polygon_XSIPOLYCLS.b747blck_material1
f 2704//7953 2696//12506 2695//12505 
usemtl Polygon_XSIPOLYCLS.b747blck_material1
f 2694//7943 2685//12508 2703//12507 
usemtl Polygon_XSIPOLYCLS.b747blck_material1
f 2693//7936 2683//12510 2702//12509 
usemtl Polygon_XSIPOLYCLS.b747blck_material1
f 2691//7932 2692//12512 2700//12511 
usemtl Polygon_XSIPOLYCLS.b747blck_material1
f 2697//7925 2698//12514 2687//12513 
usemtl Polygon_XSIPOLYCLS.b747blck_material1
f 2696//7918 2687//12516 2686//12515 
usemtl b747blck_material
f 1430//3443 1454//12518 1429//12517 
usemtl b747blck_material
f 1431//3424 1455//12520 1430//12519 
usemtl b747blck_material
f 1453//5194 1454//12522 1452//12521 
usemtl b747blck_material
f 1471//5174 1470//12524 1457//12523 
usemtl b747blck_material
f 1457//5122 1456//12526 1459//12525 
usemtl b747blck_material
f 2182//6349 2189//12528 2181//12527 
usemtl b747blck_material
f 2181//6358 2188//12530 2180//12529 
usemtl b747blck_material
f 2180//6354 2187//12532 2186//12531 
usemtl b747blck_material
f 2190//6333 2185//12534 2188//12533 
usemtl b747blck_material
f 2181//6362 2180//12536 2183//12535 
usemtl b747blck_material
f 1459//5085 1458//12538 1461//12537 
usemtl b747blck_material
f 2800//3316 1444//12540 2297//12539 
usemtl b747blck_material
f 1461//5048 1460//12542 1463//12541 
usemtl b747blck_material
f 2197//5319 1445//12544 2800//12543 
usemtl b747blck_material
f 1445//5300 1451//12546 1444//12545 
usemtl b747blck_material
f 1447//5266 1453//12548 1446//12547 
usemtl b747blck_material
f 1449//5247 1450//12550 1448//12549 
usemtl b747blck_material
f 1451//5228 1453//12552 1450//12551 
usemtl b747blck_material
f 2206//6411 2204//12554 2205//12553 
usemtl b747blck_material
f 2244//6415 2206//12556 2243//12555 
usemtl b747blck_material
f 2342//7730 2601//12558 2408//12557 
usemtl b747blck_material
f 2408//6515 2523//12560 2406//12559 
usemtl b747blck_material
f 2492//6517 2351//12562 2342//12561 
usemtl b747blck_material
f 2444//6430 2464//12564 2481//12563 
usemtl b747blck_material
f 2439//6429 2499//12566 2425//12565 
usemtl b747blck_material
f 2227//6436 2228//12568 2213//12567 
usemtl b747blck_material
f 2217//6441 2221//12570 2218//12569 
usemtl b747blck_material
f 2220//6444 2221//12572 2222//12571 
usemtl b747blck_material
f 2222//6448 2217//12574 2223//12573 
usemtl b747blck_material
f 2223//6452 2218//12576 2224//12575 
usemtl b747blck_material
f 2224//6457 2219//12578 2220//12577 
usemtl b747blck_material
f 2226//6461 2213//12580 2216//12579 
usemtl b747blck_material
f 2216//6465 2225//12582 2215//12581 
usemtl b747blck_material
f 2215//6469 2228//12584 2214//12583 
usemtl b747blck_material
f 2214//6472 2227//12586 2226//12585 
usemtl b747blck_material
f 2233//6481 2232//12588 2230//12587 
usemtl b747blck_material
f 2231//6484 2234//12590 2230//12589 
usemtl b747blck_material
f 2234//6485 2235//12592 2230//12591 
usemtl b747blck_material
f 2236//6493 2233//12594 2235//12593 
usemtl b747blck_material
f 2535//6496 2593//12596 2536//12595 
usemtl b747blck_material
f 2241//6500 2238//12598 2242//12597 
usemtl b747blck_material
f 2243//6504 2241//12600 2244//12599 
usemtl b747blck_material
f 2592//6737 2593//12602 2529//12601 
usemtl b747blck_material
f 2558//6510 2497//12604 2394//12603 
usemtl b747blck_material
f 2365//6514 2381//12606 2326//12605 
usemtl b747blck_material
f 2375//7736 2525//12608 2490//12607 
usemtl b747blck_material
f 2262//6522 2261//12610 2259//12609 
usemtl b747blck_material
f 2255//6525 2251//12612 2253//12611 
usemtl b747blck_material
f 2255//6530 2254//12614 2251//12613 
usemtl b747blck_material
f 2251//6534 2256//12616 2252//12615 
usemtl b747blck_material
f 2252//6538 2257//12618 2253//12617 
usemtl b747blck_material
f 2253//6541 2258//12620 2255//12619 
usemtl b747blck_material
f 2247//6545 2260//12622 2259//12621 
usemtl b747blck_material
f 2259//6549 2250//12624 2262//12623 
usemtl b747blck_material
f 2262//6553 2249//12626 2261//12625 
usemtl b747blck_material
f 2261//6558 2248//12628 2247//12627 
usemtl b747blck_material
f 2266//6563 2267//12630 2265//12629 
usemtl b747blck_material
f 2265//6569 2264//12632 2268//12631 
usemtl b747blck_material
f 2264//6568 2263//12634 2268//12633 
usemtl b747blck_material
f 2267//6576 2270//12636 2263//12635 
usemtl b747blck_material
f 2272//6580 2284//12638 2271//12637 
usemtl b747blck_material
f 2290//6639 2274//12640 2288//12639 
usemtl b747blck_material
f 2276//6584 2282//12642 2275//12641 
usemtl b747blck_material
f 2288//6632 2277//12644 2286//12643 
usemtl b747blck_material
f 2278//6591 2280//12646 2279//12645 
usemtl b747blck_material
f 1437//6631 2766//12648 2278//12647 
usemtl b747blck_material
f 2279//6590 2285//12650 2278//12649 
usemtl b747blck_material
f 2286//6623 2281//12652 2272//12651 
usemtl b747blck_material
f 2295//6612 2290//12654 2296//12653 
usemtl b747blck_material
f 2284//6610 1791//12656 2278//12655 
usemtl b747blck_material
f 2273//6621 2274//12658 2295//12657 
usemtl b747blck_material
f 2271//6614 2287//12660 2272//12659 
usemtl b747blck_material
f 2280//6596 2766//12662 2275//12661 
usemtl b747blck_material
f 2287//6626 2289//12664 2286//12663 
usemtl b747blck_material
f 2272//6585 1707//12666 2284//12665 
usemtl b747blck_material
f 2289//6633 2291//12668 2288//12667 
usemtl b747blck_material
f 2311//6668 2299//12670 2312//12669 
usemtl b747blck_material
f 2768//6645 2317//12672 2769//12671 
usemtl b747blck_material
f 2309//6662 2303//12674 2307//12673 
usemtl b747blck_material
f 2769//6651 2315//12676 2770//12675 
usemtl b747blck_material
f 2307//6664 2305//12678 2309//12677 
usemtl b747blck_material
f 2319//6702 2320//12680 2307//12679 
usemtl b747blck_material
f 2312//6672 2306//12682 2311//12681 
usemtl b747blck_material
f 2770//6661 2313//12684 2310//12683 
usemtl b747blck_material
f 2317//6700 2322//12686 2318//12685 
usemtl b747blck_material
f 2321//6667 2311//12688 2320//12687 
usemtl b747blck_material
f 2768//6689 2797//12690 2317//12689 
usemtl b747blck_material
f 2314//6692 2298//12692 2313//12691 
usemtl b747blck_material
f 2319//6679 2307//12694 2324//12693 
usemtl b747blck_material
f 2316//6699 2314//12696 2315//12695 
usemtl b747blck_material
f 2310//6683 2299//12698 2321//12697 
usemtl b747blck_material
f 2318//6706 2316//12700 2317//12699 
usemtl b747blck_material
f 2426//7016 2427//12702 2404//12701 
usemtl b747blck_material
f 2404//6713 2340//12704 2356//12703 
usemtl b747blck_material
f 2501//6719 2500//12706 2557//12705 
usemtl b747blck_material
f 2331//6727 2501//12708 2463//12707 
usemtl b747blck_material
f 2481//6951 2504//12710 2499//12709 
usemtl b747blck_material
f 2500//7030 2499//12712 2566//12711 
usemtl b747blck_material
f 2473//7168 2472//12714 2388//12713 
usemtl b747blck_material
f 2365//6741 2326//12716 2388//12715 
usemtl b747blck_material
f 2473//7169 2474//12718 2553//12717 
usemtl b747blck_material
f 2470//7163 2471//12720 2506//12719 
usemtl b747blck_material
f 2337//6752 2372//12722 2336//12721 
usemtl b747blck_material
f 2338//6756 2413//12724 2337//12723 
usemtl b747blck_material
f 2339//6760 2415//12726 2338//12725 
usemtl b747blck_material
f 2545//6765 2568//12728 2373//12727 
usemtl b747blck_material
f 2552//6773 2527//12730 2583//12729 
usemtl b747blck_material
f 2527//6772 2575//12732 2583//12731 
usemtl b747blck_material
f 2551//6777 2569//12734 2545//12733 
usemtl b747blck_material
f 2429//7021 2491//12736 2343//12735 
usemtl b747blck_material
f 2453//7097 2487//12738 2344//12737 
usemtl b747blck_material
f 2346//6788 2489//12740 2345//12739 
usemtl b747blck_material
f 2347//6792 2490//12742 2346//12741 
usemtl b747blck_material
f 2374//6828 2358//12744 2373//12743 
usemtl b747blck_material
f 2380//6830 2364//12746 2374//12745 
usemtl b747blck_material
f 2390//7034 2565//12748 2387//12747 
usemtl b747blck_material
f 2430//7023 2431//12750 2351//12749 
usemtl b747blck_material
f 2452//7095 2451//12752 2352//12751 
usemtl b747blck_material
f 2354//6820 2362//12754 2353//12753 
usemtl b747blck_material
f 2355//6824 2363//12756 2354//12755 
usemtl b747blck_material
f 2592//6806 2529//12758 2424//12757 
usemtl b747blck_material
f 2366//6863 2422//12760 2365//12759 
usemtl b747blck_material
f 2431//7025 2432//12762 2359//12761 
usemtl b747blck_material
f 2451//7093 2450//12764 2360//12763 
usemtl b747blck_material
f 2362//6852 2370//12766 2361//12765 
usemtl b747blck_material
f 2363//6856 2371//12768 2362//12767 
usemtl b747blck_material
f 2569//6839 2551//12770 2587//12769 
usemtl b747blck_material
f 2373//6892 2407//12772 2374//12771 
usemtl b747blck_material
f 2404//7100 2356//12774 2454//12773 
usemtl b747blck_material
f 2356//7012 2381//12776 2454//12775 
usemtl b747blck_material
f 2427//7018 2428//12778 2340//12777 
usemtl b747blck_material
f 2579//6875 2446//12780 2416//12779 
usemtl b747blck_material
f 2411//6879 2378//12782 2412//12781 
usemtl b747blck_material
f 2410//6883 2377//12784 2411//12783 
usemtl b747blck_material
f 2457//7104 2458//12786 2376//12785 
usemtl b747blck_material
f 2415//6924 2424//12788 2413//12787 
usemtl b747blck_material
f 2413//6926 2421//12790 2372//12789 
usemtl b747blck_material
f 2422//6935 2366//12792 2372//12791 
usemtl b747blck_material
f 2471//7165 2472//12794 2585//12793 
usemtl b747blck_material
f 2432//7027 2385//12796 2367//12795 
usemtl b747blck_material
f 2240//6911 2209//12798 2571//12797 
usemtl b747blck_material
f 2605//6915 2603//12800 2554//12799 
usemtl b747blck_material
f 2541//6919 2573//12802 2371//12801 
usemtl b747blck_material
f 2346//6762 2397//12804 2347//12803 
usemtl b747blck_material
f 2345//6758 2398//12806 2346//12805 
usemtl b747blck_material
f 2453//7096 2454//12808 2345//12807 
usemtl b747blck_material
f 2429//7020 2426//12810 2344//12809 
usemtl b747blck_material
f 2419//6941 2411//12812 2420//12811 
usemtl b747blck_material
f 2418//6945 2410//12814 2419//12813 
usemtl b747blck_material
f 2509//6721 2339//12816 2557//12815 
usemtl b747blck_material
f 2509//6729 2557//12818 2508//12817 
usemtl b747blck_material
f 2448//7086 2457//12820 2400//12819 
usemtl b747blck_material
f 2572//6952 2573//12822 2540//12821 
usemtl b747blck_material
f 2402//6964 2378//12824 2401//12823 
usemtl b747blck_material
f 2240//6961 2572//12826 2209//12825 
usemtl b747blck_material
f 2403//6972 2379//12828 2402//12827 
usemtl b747blck_material
f 2605//6969 2571//12830 2603//12829 
usemtl b747blck_material
f 2459//7108 2458//12832 2418//12831 
usemtl b747blck_material
f 2409//6985 2446//12834 2437//12833 
usemtl b747blck_material
f 2437//6947 2435//12836 2409//12835 
usemtl b747blck_material
f 2450//6977 2448//12838 2368//12837 
usemtl b747blck_material
f 2567//6994 2507//12840 2566//12839 
usemtl b747blck_material
f 2432//6996 2434//12842 2385//12841 
usemtl b747blck_material
f 2422//6871 2421//12844 2364//12843 
usemtl b747blck_material
f 2421//7006 2424//12846 2358//12845 
usemtl b747blck_material
f 2577//6708 2427//12848 2512//12847 
usemtl b747blck_material
f 2486//7218 2491//12850 2344//12849 
usemtl b747blck_material
f 2360//6813 2431//12852 2352//12851 
usemtl b747blck_material
f 2368//6845 2432//12854 2360//12853 
usemtl b747blck_material
f 2513//6771 2428//12856 2577//12855 
usemtl b747blck_material
f 2403//7029 2402//12858 2371//12857 
usemtl b747blck_material
f 2512//6905 2426//12860 2343//12859 
usemtl b747blck_material
f 2376//6949 2435//12862 2400//12861 
usemtl b747blck_material
f 2402//7058 2401//12864 2370//12863 
usemtl b747blck_material
f 2507//7065 2567//12866 2528//12865 
usemtl b747blck_material
f 2506//7069 2528//12868 2550//12867 
usemtl b747blck_material
f 2477//7073 2470//12870 2550//12869 
usemtl b747blck_material
f 2462//7136 2463//12872 2338//12871 
usemtl b747blck_material
f 2461//7140 2462//12874 2337//12873 
usemtl b747blck_material
f 2417//6769 2447//12876 2409//12875 
usemtl b747blck_material
f 2546//6983 2445//12878 2579//12877 
usemtl b747blck_material
f 2398//7118 2380//12880 2397//12879 
usemtl b747blck_material
f 2488//7222 2487//12882 2345//12881 
usemtl b747blck_material
f 2361//6817 2451//12884 2353//12883 
usemtl b747blck_material
f 2369//7116 2450//12886 2361//12885 
usemtl b747blck_material
f 2380//7303 2398//12888 2456//12887 
usemtl b747blck_material
f 2410//6886 2458//12890 2377//12889 
usemtl b747blck_material
f 2401//7089 2448//12892 2369//12891 
usemtl b747blck_material
f 2404//6903 2454//12894 2344//12893 
usemtl b747blck_material
f 2377//6957 2457//12896 2401//12895 
usemtl b747blck_material
f 2400//7128 2434//12898 2368//12897 
usemtl b747blck_material
f 2409//6980 2458//12900 2417//12899 
usemtl b747blck_material
f 2481//7039 2498//12902 2504//12901 
usemtl b747blck_material
f 2477//7062 2550//12904 2479//12903 
usemtl b747blck_material
f 2330//7144 2462//12906 2329//12905 
usemtl b747blck_material
f 2331//7148 2463//12908 2330//12907 
usemtl b747blck_material
f 2460//7152 2461//12910 2336//12909 
usemtl b747blck_material
f 2468//7157 2469//12912 2467//12911 
usemtl b747blck_material
f 2466//7160 2455//12914 2476//12913 
usemtl b747blck_material
f 2477//7178 2479//12916 2460//12915 
usemtl b747blck_material
f 2596//6733 2472//12918 2553//12917 
usemtl b747blck_material
f 2334//6744 2474//12920 2388//12919 
usemtl b747blck_material
f 2423//6932 2471//12922 2336//12921 
usemtl b747blck_material
f 2472//7189 2471//12924 2366//12923 
usemtl b747blck_material
f 2487//6790 2488//12926 2452//12925 
usemtl b747blck_material
f 2477//7192 2460//12928 2470//12927 
usemtl b747blck_material
f 2329//7194 2461//12930 2328//12929 
usemtl b747blck_material
f 2488//7174 2489//12932 2353//12931 
usemtl b747blck_material
f 2482//7214 2483//12934 2479//12933 
usemtl b747blck_material
f 2330//7206 2485//12936 2331//12935 
usemtl b747blck_material
f 2329//7208 2484//12938 2330//12937 
usemtl b747blck_material
f 2328//7210 2483//12940 2329//12939 
usemtl b747blck_material
f 2464//7213 2482//12942 2498//12941 
usemtl b747blck_material
f 2351//6782 2492//12944 2430//12943 
usemtl b747blck_material
f 2352//6786 2486//12946 2452//12945 
usemtl b747blck_material
f 2430//7043 2491//12948 2352//12947 
usemtl b747blck_material
f 2354//6794 2489//12950 2355//12949 
usemtl b747blck_material
f 2552//7238 2536//12952 2558//12951 
usemtl b747blck_material
f 2670//7271 2666//12954 2671//12953 
usemtl b747blck_material
f 2599//7277 2604//12956 2513//12955 
usemtl b747blck_material
f 2598//7557 2597//12958 2511//12957 
usemtl b747blck_material
f 2511//7252 2575//12960 2496//12959 
usemtl b747blck_material
f 2562//7712 2399//12962 2570//12961 
usemtl b747blck_material
f 2502//7263 2562//12964 2478//12963 
usemtl b747blck_material
f 2671//7450 2609//12966 2664//12965 
usemtl b747blck_material
f 2522//7707 2519//12968 2537//12967 
usemtl b747blck_material
f 2653//7339 2661//12970 2656//12969 
usemtl b747blck_material
f 2497//7280 2536//12972 2505//12971 
usemtl b747blck_material
f 2518//7710 2519//12974 2333//12973 
usemtl b747blck_material
f 2526//7704 2528//12976 2585//12975 
usemtl b747blck_material
f 2543//7478 2508//12978 2594//12977 
usemtl b747blck_material
f 2584//7548 2509//12980 2543//12979 
usemtl b747blck_material
f 2415//7474 2339//12982 2584//12981 
usemtl b747blck_material
f 2350//7308 2521//12984 2465//12983 
usemtl b747blck_material
f 2349//7315 2350//12986 2348//12985 
usemtl b747blck_material
f 2612//7377 2520//12988 2611//12987 
usemtl b747blck_material
f 2342//6418 2600//12990 2492//12989 
usemtl b747blck_material
f 2406//6425 2591//12992 2408//12991 
usemtl b747blck_material
f 2375//6421 2517//12994 2382//12993 
usemtl b747blck_material
f 2490//6419 2347//12996 2375//12995 
usemtl b747blck_material
f 2529//7335 2545//12998 2357//12997 
usemtl b747blck_material
f 2535//7337 2551//13000 2529//12999 
usemtl b747blck_material
f 2602//7564 2601//13002 2359//13001 
usemtl b747blck_material
f 2607//7632 2595//13004 2531//13003 
usemtl b747blck_material
f 2533//7361 2525//13006 2532//13005 
usemtl b747blck_material
f 2363//7365 2355//13008 2533//13007 
usemtl b747blck_material
f 2391//7371 2478//13010 2208//13009 
usemtl b747blck_material
f 2513//7400 2389//13012 2428//13011 
usemtl b747blck_material
f 2381//7404 2495//13014 2387//13013 
usemtl b747blck_material
f 2603//7566 2602//13016 2367//13015 
usemtl b747blck_material
f 2209//7630 2607//13018 2539//13017 
usemtl b747blck_material
f 2541//7393 2533//13020 2540//13019 
usemtl b747blck_material
f 2371//7397 2363//13022 2541//13021 
usemtl b747blck_material
f 2613//7381 2612//13024 2544//13023 
usemtl b747blck_material
f 2425//7434 2500//13026 2414//13025 
usemtl b747blck_material
f 2414//7641 2501//13028 2480//13027 
usemtl b747blck_material
f 2599//7559 2598//13030 2496//13029 
usemtl b747blck_material
f 2246//7616 2579//13032 2245//13031 
usemtl b747blck_material
f 2549//7418 2582//13034 2379//13033 
usemtl b747blck_material
f 2548//7422 2581//13036 2549//13035 
usemtl b747blck_material
f 2576//7646 2578//13038 2580//13037 
usemtl b747blck_material
f 2424//7549 2415//13040 2592//13039 
usemtl b747blck_material
f 2592//7465 2584//13042 2593//13041 
usemtl b747blck_material
f 2537//7470 2593//13044 2594//13043 
usemtl b747blck_material
f 2522//7706 2526//13046 2596//13045 
usemtl b747blck_material
f 2556//7538 2603//13048 2386//13047 
usemtl b747blck_material
f 2505//7451 2384//13050 2497//13049 
usemtl b747blck_material
f 2441//7455 2442//13052 2211//13051 
usemtl b747blck_material
f 2518//7459 2393//13054 2505//13053 
usemtl b747blck_material
f 2568//7439 2517//13056 2407//13055 
usemtl b747blck_material
f 2569//7441 2516//13058 2568//13057 
usemtl b747blck_material
f 2587//7638 2591//13060 2569//13059 
usemtl b747blck_material
f 2597//7555 2600//13062 2575//13061 
usemtl b747blck_material
f 2582//7480 2590//13064 2412//13063 
usemtl b747blck_material
f 2581//7484 2589//13066 2582//13065 
usemtl b747blck_material
f 2211//7265 2210//13068 2475//13067 
usemtl b747blck_material
f 2578//7645 2240//13070 2547//13069 
usemtl b747blck_material
f 2549//7505 2573//13072 2548//13071 
usemtl b747blck_material
f 2333//7501 2395//13074 2518//13073 
usemtl b747blck_material
f 2379//7513 2403//13076 2549//13075 
usemtl b747blck_material
f 2558//7509 2394//13078 2552//13077 
usemtl b747blck_material
f 2576//7647 2574//13080 2581//13079 
usemtl b747blck_material
f 2246//7617 2580//13082 2207//13081 
usemtl b747blck_material
f 2606//7430 2608//13084 2547//13083 
usemtl b747blck_material
f 2474//7517 2449//13086 2333//13085 
usemtl b747blck_material
f 2475//7531 2443//13088 2211//13087 
usemtl b747blck_material
f 2552//7536 2433//13090 2527//13089 
usemtl b747blck_material
f 2428//7412 2396//13092 2325//13091 
usemtl b747blck_material
f 2356//7547 2561//13094 2381//13093 
usemtl b747blck_material
f 2325//7305 2560//13096 2356//13095 
usemtl b747blck_material
f 2598//7581 2577//13098 2597//13097 
usemtl b747blck_material
f 2342//6417 2408//13100 2600//13099 
usemtl b747blck_material
f 2602//7585 2531//13102 2601//13101 
usemtl b747blck_material
f 2603//7587 2539//13104 2602//13103 
usemtl b747blck_material
f 2599//7589 2513//13106 2598//13105 
usemtl b747blck_material
f 2647//7576 2651//13108 2644//13107 
usemtl b747blck_material
f 2334//7569 2563//13110 2474//13109 
usemtl b747blck_material
f 2597//7595 2512//13112 2600//13111 
usemtl b747blck_material
f 2606//7597 2547//13114 2605//13113 
usemtl b747blck_material
f 2527//7598 2555//13116 2496//13115 
usemtl b747blck_material
f 2475//7539 2212//13118 2514//13117 
usemtl b747blck_material
f 2443//7610 2475//13120 2442//13119 
usemtl b747blck_material
f 2208//7614 2610//13122 2562//13121 
usemtl b747blck_material
f 2245//7621 2588//13124 2246//13123 
usemtl b747blck_material
f 2207//7623 2546//13126 2246//13125 
usemtl b747blck_material
f 2439//6428 2444//13128 2499//13127 
usemtl b747blck_material
f 2406//6424 2382//13130 2591//13129 
usemtl b747blck_material
f 2607//7655 2532//13132 2595//13131 
usemtl b747blck_material
f 2209//7389 2540//13134 2607//13133 
usemtl b747blck_material
f 2375//7713 2382//13136 2525//13135 
usemtl b747blck_material
f 2576//7661 2581//13138 2578//13137 
usemtl b747blck_material
f 2326//7629 2565//13140 2334//13139 
usemtl b747blck_material
f 2587//7665 2575//13142 2591//13141 
usemtl b747blck_material
f 2578//7667 2548//13144 2240//13143 
usemtl b747blck_material
f 2496//7668 2564//13146 2599//13145 
usemtl b747blck_material
f 2576//7671 2580//13148 2574//13147 
usemtl b747blck_material
f 2664//7579 2665//13150 2671//13149 
usemtl b747blck_material
f 2664//7602 2669//13152 2663//13151 
usemtl b747blck_material
f 2530//7698 2534//13154 2586//13153 
usemtl b747blck_material
f 2586//7435 2542//13156 2530//13155 
usemtl b747blck_material
f 2522//7723 2596//13158 2519//13157 
usemtl b747blck_material
f 2518//7725 2505//13160 2519//13159 
usemtl b747blck_material
f 2526//7727 2594//13162 2528//13161 
usemtl b747blck_material
f 2526//7728 2522//13164 2594//13163 
usemtl b747blck_material
f 2382//7329 2406//13166 2524//13165 
usemtl b747blck_material
f 2562//7691 2502//13168 2208//13167 
usemtl b747blck_material
f 2665//7687 2664//13170 2666//13169 
usemtl b747blck_material
f 2617//7742 2618//13172 2614//13171 
usemtl b747blck_material
f 2620//7745 2617//13174 2615//13173 
usemtl b747blck_material
f 2616//7754 2623//13176 2620//13175 
usemtl b747blck_material
f 2618//7759 2617//13178 2622//13177 
usemtl b747blck_material
f 2625//7765 2626//13180 2624//13179 
usemtl b747blck_material
f 2630//7772 2625//13182 2629//13181 
usemtl b747blck_material
f 2626//7776 2625//13184 2631//13183 
usemtl b747blck_material
f 2633//7786 2632//13186 2630//13185 
usemtl b747blck_material
f 2635//7790 2636//13188 2634//13187 
usemtl b747blck_material
f 2640//7797 2635//13190 2639//13189 
usemtl b747blck_material
f 2636//7801 2635//13192 2641//13191 
usemtl b747blck_material
f 2643//7811 2642//13194 2640//13193 
usemtl b747blck_material
f 2645//7815 2646//13196 2644//13195 
usemtl b747blck_material
f 2650//7822 2645//13198 2649//13197 
usemtl b747blck_material
f 2646//7826 2645//13200 2651//13199 
usemtl b747blck_material
f 2648//7831 2652//13202 2650//13201 
usemtl b747blck_material
f 2655//7838 2654//13204 2656//13203 
usemtl b747blck_material
f 2654//7848 2658//13206 2653//13205 
usemtl b747blck_material
f 2661//7852 2657//13208 2654//13207 
usemtl b747blck_material
f 2654//7717 2655//13210 2661//13209 
usemtl Polygon_XSIPOLYCLS.b747blck_material1
f 2673//7854 2674//13212 2672//13211 
usemtl Polygon_XSIPOLYCLS.b747blck_material1
f 2672//7858 2675//13214 2676//13213 
usemtl Polygon_XSIPOLYCLS.b747blck_material1
f 2678//7862 2679//13216 2673//13215 
usemtl Polygon_XSIPOLYCLS.b747blck_material1
f 2681//7866 2673//13218 2680//13217 
usemtl Polygon_XSIPOLYCLS.b747blck_material1
f 2676//7873 2677//13220 2683//13219 
usemtl Polygon_XSIPOLYCLS.b747blck_material1
f 2680//7877 2672//13222 2685//13221 
usemtl Polygon_XSIPOLYCLS.b747blck_material1
f 2686//7884 2678//13224 2681//13223 
usemtl Polygon_XSIPOLYCLS.b747blck_material1
f 2687//7891 2688//13226 2678//13225 
usemtl Polygon_XSIPOLYCLS.b747blck_material1
f 2690//7895 2681//13228 2689//13227 
usemtl Polygon_XSIPOLYCLS.b747blck_material1
f 2683//7899 2684//13230 2691//13229 
usemtl Polygon_XSIPOLYCLS.b747blck_material1
f 2685//7903 2676//13232 2693//13231 
usemtl Polygon_XSIPOLYCLS.b747blck_material1
f 2689//7910 2680//13234 2694//13233 
usemtl Polygon_XSIPOLYCLS.b747blck_material1
f 2695//7914 2686//13236 2690//13235 
usemtl b747blck_material
f 2831//8166 2848//13238 2834//13237 
usemtl b747blck_material
f 2832//8206 2844//13240 2836//13239 
usemtl b747blck_material
f 2846//8209 2830//13242 2849//13241 
usemtl b747blck_material
f 2830//8174 2846//13244 2848//13243 
usemtl b747blck_material
f 2902//8218 2859//13246 2853//13245 
usemtl b747blck_material
f 2859//8222 2897//13248 2854//13247 
usemtl b747blck_material
f 2860//8226 2861//13250 2855//13249 
usemtl b747blck_material
f 2861//8230 2862//13252 2856//13251 
usemtl b747blck_material
f 2863//8240 2864//13254 2902//13253 
usemtl b747blck_material
f 2864//8244 2898//13256 2859//13255 
usemtl b747blck_material
f 2865//8248 2866//13258 2860//13257 
usemtl b747blck_material
f 2866//8252 2867//13260 2861//13259 
usemtl b747blck_material
f 2868//8262 2869//13262 2863//13261 
usemtl b747blck_material
f 2869//8266 2899//13264 2864//13263 
usemtl b747blck_material
f 2870//8270 2871//13266 2865//13265 
usemtl b747blck_material
f 2871//8274 2872//13268 2866//13267 
usemtl b747blck_material
f 2873//8284 2874//13270 2868//13269 
usemtl b747blck_material
f 2874//8288 2900//13272 2869//13271 
usemtl b747blck_material
f 2875//8292 2876//13274 2870//13273 
usemtl b747blck_material
f 2876//8296 2877//13276 2871//13275 
usemtl b747blck_material
f 2878//8306 2879//13278 2873//13277 
usemtl b747blck_material
f 2879//8310 2893//13280 2874//13279 
usemtl b747blck_material
f 2880//8314 2881//13282 2875//13281 
usemtl b747blck_material
f 2881//8318 2882//13284 2876//13283 
usemtl b747blck_material
f 2883//8328 2884//13286 2878//13285 
usemtl b747blck_material
f 2884//8332 2894//13288 2879//13287 
usemtl b747blck_material
f 2885//8336 2886//13290 2880//13289 
usemtl b747blck_material
f 2886//8340 2887//13292 2881//13291 
usemtl b747blck_material
f 2888//8350 2889//13294 2883//13293 
usemtl b747blck_material
f 2889//8354 2895//13296 2884//13295 
usemtl b747blck_material
f 2890//8358 2891//13298 2885//13297 
usemtl b747blck_material
f 2891//8362 2892//13300 2886//13299 
usemtl b747blck_material
f 2853//8372 2854//13302 2888//13301 
usemtl b747blck_material
f 2854//8376 2896//13304 2889//13303 
usemtl b747blck_material
f 2855//8380 2856//13306 2890//13305 
usemtl b747blck_material
f 2856//8384 2857//13308 2891//13307 
usemtl b747blck_material
f 2855//8224 2896//13310 2860//13309 
usemtl b747blck_material
f 2860//8246 2897//13312 2865//13311 
usemtl b747blck_material
f 2865//8268 2898//13314 2870//13313 
usemtl b747blck_material
f 2870//8290 2899//13316 2875//13315 
usemtl b747blck_material
f 2875//8312 2900//13318 2880//13317 
usemtl b747blck_material
f 2880//8334 2893//13320 2885//13319 
usemtl b747blck_material
f 2885//8356 2894//13322 2890//13321 
usemtl b747blck_material
f 2890//8378 2895//13324 2855//13323 
usemtl b747blck_material
f 2853//8423 2901//13326 2902//13325 
usemtl b747blck_material
f 2888//8427 2908//13328 2853//13327 
usemtl b747blck_material
f 2883//8431 2907//13330 2888//13329 
usemtl b747blck_material
f 2878//8435 2906//13332 2883//13331 
usemtl b747blck_material
f 2873//8439 2905//13334 2878//13333 
usemtl b747blck_material
f 2868//8443 2904//13336 2873//13335 
usemtl b747blck_material
f 2863//8447 2903//13338 2868//13337 
usemtl b747blck_material
f 2902//8451 2909//13340 2863//13339 
usemtl b747blck_material
f 2901//8455 2910//13342 2909//13341 
usemtl b747blck_material
f 2908//8459 2916//13344 2901//13343 
usemtl b747blck_material
f 2907//8463 2915//13346 2908//13345 
usemtl b747blck_material
f 2906//8467 2914//13348 2907//13347 
usemtl b747blck_material
f 2905//8471 2913//13350 2906//13349 
usemtl b747blck_material
f 2904//8475 2912//13352 2905//13351 
usemtl b747blck_material
f 2903//8479 2911//13354 2904//13353 
usemtl b747blck_material
f 2909//8483 2917//13356 2903//13355 
usemtl b747blck_material
f 2910//8487 2918//13358 2917//13357 
usemtl b747blck_material
f 2916//8491 2924//13360 2910//13359 
usemtl b747blck_material
f 2915//8495 2923//13362 2916//13361 
usemtl b747blck_material
f 2914//8499 2922//13364 2915//13363 
usemtl b747blck_material
f 2913//8503 2921//13366 2914//13365 
usemtl b747blck_material
f 2912//8507 2920//13368 2913//13367 
usemtl b747blck_material
f 2911//8511 2919//13370 2912//13369 
usemtl b747blck_material
f 2917//8515 2925//13372 2911//13371 
usemtl b747blck_material
f 2918//8519 2926//13374 2925//13373 
usemtl b747blck_material
f 2924//8523 2932//13376 2918//13375 
usemtl b747blck_material
f 2923//8527 2931//13378 2924//13377 
usemtl b747blck_material
f 2922//8531 2930//13380 2923//13379 
usemtl b747blck_material
f 2921//8535 2929//13382 2922//13381 
usemtl b747blck_material
f 2920//8539 2928//13384 2921//13383 
usemtl b747blck_material
f 2919//8543 2927//13386 2920//13385 
usemtl b747blck_material
f 2925//8547 2858//13388 2919//13387 
usemtl b747blck_material
f 2951//8562 2934//13390 2944//13389 
usemtl b747blck_material
f 2947//8595 2935//13392 2948//13391 
usemtl b747blck_material
f 2933//8559 2949//13394 2935//13393 
usemtl b747blck_material
f 2949//8601 2933//13396 2950//13395 
usemtl b747blck_material
f 2962//8616 3005//13398 2957//13397 
usemtl b747blck_material
f 3000//8795 2962//13400 2999//13399 
usemtl b747blck_material
f 2964//8624 2963//13402 2959//13401 
usemtl b747blck_material
f 2965//8628 2964//13404 2960//13403 
usemtl b747blck_material
f 2967//8638 2966//13406 2962//13405 
usemtl b747blck_material
f 3001//8797 2967//13408 3000//13407 
usemtl b747blck_material
f 2969//8646 2968//13410 2964//13409 
usemtl b747blck_material
f 2970//8650 2969//13412 2965//13411 
usemtl b747blck_material
f 2972//8660 2971//13414 2967//13413 
usemtl b747blck_material
f 3002//8799 2972//13416 3001//13415 
usemtl b747blck_material
f 2974//8668 2973//13418 2969//13417 
usemtl b747blck_material
f 2975//8672 2974//13420 2970//13419 
usemtl b747blck_material
f 2977//8682 2976//13422 2972//13421 
usemtl b747blck_material
f 3003//8801 2977//13424 3002//13423 
usemtl b747blck_material
f 2979//8690 2978//13426 2974//13425 
usemtl b747blck_material
f 2980//8694 2979//13428 2975//13427 
usemtl b747blck_material
f 2982//8704 2981//13430 2977//13429 
usemtl b747blck_material
f 2996//8787 2982//13432 3003//13431 
usemtl b747blck_material
f 2984//8712 2983//13434 2979//13433 
usemtl b747blck_material
f 2985//8716 2984//13436 2980//13435 
usemtl b747blck_material
f 2987//8726 2986//13438 2982//13437 
usemtl b747blck_material
f 2997//8789 2987//13440 2996//13439 
usemtl b747blck_material
f 2989//8734 2988//13442 2984//13441 
usemtl b747blck_material
f 2990//8738 2989//13444 2985//13443 
usemtl b747blck_material
f 2992//8748 2991//13446 2987//13445 
usemtl b747blck_material
f 2998//8791 2992//13448 2997//13447 
usemtl b747blck_material
f 2994//8756 2993//13450 2989//13449 
usemtl b747blck_material
f 2995//8760 2994//13452 2990//13451 
usemtl b747blck_material
f 2957//8770 2956//13454 2992//13453 
usemtl b747blck_material
f 2999//8794 2957//13456 2998//13455 
usemtl b747blck_material
f 2959//8778 2958//13458 2994//13457 
usemtl b747blck_material
f 2960//8782 2959//13460 2995//13459 
usemtl b747blck_material
f 2999//8804 2958//13462 3000//13461 
usemtl b747blck_material
f 3000//8806 2963//13464 3001//13463 
usemtl b747blck_material
f 3001//8808 2968//13466 3002//13465 
usemtl b747blck_material
f 3002//8810 2973//13468 3003//13467 
usemtl b747blck_material
f 3003//8812 2978//13470 2996//13469 
usemtl b747blck_material
f 2996//8814 2983//13472 2997//13471 
usemtl b747blck_material
f 2997//8816 2988//13474 2998//13473 
usemtl b747blck_material
f 2998//8818 2993//13476 2999//13475 
usemtl b747blck_material
f 3004//8821 2956//13478 3012//13477 
usemtl b747blck_material
f 3011//8825 2991//13480 3004//13479 
usemtl b747blck_material
f 3010//8829 2986//13482 3011//13481 
usemtl b747blck_material
f 3009//8833 2981//13484 3010//13483 
usemtl b747blck_material
f 3008//8837 2976//13486 3009//13485 
usemtl b747blck_material
f 3007//8841 2971//13488 3008//13487 
usemtl b747blck_material
f 3006//8845 2966//13490 3007//13489 
usemtl b747blck_material
f 3012//8849 3005//13492 3006//13491 
usemtl b747blck_material
f 3013//8853 3004//13494 3020//13493 
usemtl b747blck_material
f 3019//8857 3011//13496 3013//13495 
usemtl b747blck_material
f 3018//8861 3010//13498 3019//13497 
usemtl b747blck_material
f 3017//8865 3009//13500 3018//13499 
usemtl b747blck_material
f 3016//8869 3008//13502 3017//13501 
usemtl b747blck_material
f 3015//8873 3007//13504 3016//13503 
usemtl b747blck_material
f 3014//8877 3006//13506 3015//13505 
usemtl b747blck_material
f 3020//8881 3012//13508 3014//13507 
usemtl b747blck_material
f 3021//8885 3013//13510 3028//13509 
usemtl b747blck_material
f 3027//8889 3019//13512 3021//13511 
usemtl b747blck_material
f 3026//8893 3018//13514 3027//13513 
usemtl b747blck_material
f 3025//8897 3017//13516 3026//13515 
usemtl b747blck_material
f 3024//8901 3016//13518 3025//13517 
usemtl b747blck_material
f 3023//8905 3015//13520 3024//13519 
usemtl b747blck_material
f 3022//8909 3014//13522 3023//13521 
usemtl b747blck_material
f 3028//8913 3020//13524 3022//13523 
usemtl b747blck_material
f 3029//8917 3021//13526 2961//13525 
usemtl b747blck_material
f 3035//8921 3027//13528 3029//13527 
usemtl b747blck_material
f 3034//8925 3026//13530 3035//13529 
usemtl b747blck_material
f 3033//8929 3025//13532 3034//13531 
usemtl b747blck_material
f 3032//8933 3024//13534 3033//13533 
usemtl b747blck_material
f 3031//8937 3023//13536 3032//13535 
usemtl b747blck_material
f 3030//8941 3022//13538 3031//13537 
usemtl b747blck_material
f 2961//8945 3028//13540 3030//13539 
usemtl b747blck_material
f 3037//8960 3054//13542 3040//13541 
usemtl b747blck_material
f 3038//9000 3050//13544 3042//13543 
usemtl b747blck_material
f 3052//9003 3036//13546 3055//13545 
usemtl b747blck_material
f 3036//8968 3052//13548 3054//13547 
usemtl b747blck_material
f 3108//9012 3065//13550 3059//13549 
usemtl b747blck_material
f 3065//9016 3103//13552 3060//13551 
usemtl b747blck_material
f 3066//9020 3067//13554 3061//13553 
usemtl b747blck_material
f 3067//9024 3068//13556 3062//13555 
usemtl b747blck_material
f 3069//9034 3070//13558 3108//13557 
usemtl b747blck_material
f 3070//9038 3104//13560 3065//13559 
usemtl b747blck_material
f 3071//9042 3072//13562 3066//13561 
usemtl b747blck_material
f 3072//9046 3073//13564 3067//13563 
usemtl b747blck_material
f 3074//9056 3075//13566 3069//13565 
usemtl b747blck_material
f 3075//9060 3105//13568 3070//13567 
usemtl b747blck_material
f 3076//9064 3077//13570 3071//13569 
usemtl b747blck_material
f 3077//9068 3078//13572 3072//13571 
usemtl b747blck_material
f 3079//9078 3080//13574 3074//13573 
usemtl b747blck_material
f 3080//9082 3106//13576 3075//13575 
usemtl b747blck_material
f 3081//9086 3082//13578 3076//13577 
usemtl b747blck_material
f 3082//9090 3083//13580 3077//13579 
usemtl b747blck_material
f 3084//9100 3085//13582 3079//13581 
usemtl b747blck_material
f 3085//9104 3099//13584 3080//13583 
usemtl b747blck_material
f 3086//9108 3087//13586 3081//13585 
usemtl b747blck_material
f 3087//9112 3088//13588 3082//13587 
usemtl b747blck_material
f 3089//9122 3090//13590 3084//13589 
usemtl b747blck_material
f 3090//9126 3100//13592 3085//13591 
usemtl b747blck_material
f 3091//9130 3092//13594 3086//13593 
usemtl b747blck_material
f 3092//9134 3093//13596 3087//13595 
usemtl b747blck_material
f 3094//9144 3095//13598 3089//13597 
usemtl b747blck_material
f 3095//9148 3101//13600 3090//13599 
usemtl b747blck_material
f 3096//9152 3097//13602 3091//13601 
usemtl b747blck_material
f 3097//9156 3098//13604 3092//13603 
usemtl b747blck_material
f 3059//9166 3060//13606 3094//13605 
usemtl b747blck_material
f 3060//9170 3102//13608 3095//13607 
usemtl b747blck_material
f 3061//9174 3062//13610 3096//13609 
usemtl b747blck_material
f 3062//9178 3063//13612 3097//13611 
usemtl b747blck_material
f 3061//9018 3102//13614 3066//13613 
usemtl b747blck_material
f 3066//9040 3103//13616 3071//13615 
usemtl b747blck_material
f 3071//9062 3104//13618 3076//13617 
usemtl b747blck_material
f 3076//9084 3105//13620 3081//13619 
usemtl b747blck_material
f 3081//9106 3106//13622 3086//13621 
usemtl b747blck_material
f 3086//9128 3099//13624 3091//13623 
usemtl b747blck_material
f 3091//9150 3100//13626 3096//13625 
usemtl b747blck_material
f 3096//9172 3101//13628 3061//13627 
usemtl b747blck_material
f 3059//9217 3107//13630 3108//13629 
usemtl b747blck_material
f 3094//9221 3114//13632 3059//13631 
usemtl b747blck_material
f 3089//9225 3113//13634 3094//13633 
usemtl b747blck_material
f 3084//9229 3112//13636 3089//13635 
usemtl b747blck_material
f 3079//9233 3111//13638 3084//13637 
usemtl b747blck_material
f 3074//9237 3110//13640 3079//13639 
usemtl b747blck_material
f 3069//9241 3109//13642 3074//13641 
usemtl b747blck_material
f 3108//9245 3115//13644 3069//13643 
usemtl b747blck_material
f 3107//9249 3116//13646 3115//13645 
usemtl b747blck_material
f 3114//9253 3122//13648 3107//13647 
usemtl b747blck_material
f 3113//9257 3121//13650 3114//13649 
usemtl b747blck_material
f 3112//9261 3120//13652 3113//13651 
usemtl b747blck_material
f 3111//9265 3119//13654 3112//13653 
usemtl b747blck_material
f 3110//9269 3118//13656 3111//13655 
usemtl b747blck_material
f 3109//9273 3117//13658 3110//13657 
usemtl b747blck_material
f 3115//9277 3123//13660 3109//13659 
usemtl b747blck_material
f 3116//9281 3124//13662 3123//13661 
usemtl b747blck_material
f 3122//9285 3130//13664 3116//13663 
usemtl b747blck_material
f 3121//9289 3129//13666 3122//13665 
usemtl b747blck_material
f 3120//9293 3128//13668 3121//13667 
usemtl b747blck_material
f 3119//9297 3127//13670 3120//13669 
usemtl b747blck_material
f 3118//9301 3126//13672 3119//13671 
usemtl b747blck_material
f 3117//9305 3125//13674 3118//13673 
usemtl b747blck_material
f 3123//9309 3131//13676 3117//13675 
usemtl b747blck_material
f 3124//9313 3132//13678 3131//13677 
usemtl b747blck_material
f 3130//9317 3138//13680 3124//13679 
usemtl b747blck_material
f 3129//9321 3137//13682 3130//13681 
usemtl b747blck_material
f 3128//9325 3136//13684 3129//13683 
usemtl b747blck_material
f 3127//9329 3135//13686 3128//13685 
usemtl b747blck_material
f 3126//9333 3134//13688 3127//13687 
usemtl b747blck_material
f 3125//9337 3133//13690 3126//13689 
usemtl b747blck_material
f 3131//9341 3064//13692 3125//13691 
usemtl b747blck_material
f 3157//9356 3140//13694 3150//13693 
usemtl b747blck_material
f 3153//9389 3141//13696 3154//13695 
usemtl b747blck_material
f 3139//9353 3155//13698 3141//13697 
usemtl b747blck_material
f 3155//9395 3139//13700 3156//13699 
usemtl b747blck_material
f 3168//9410 3211//13702 3163//13701 
usemtl b747blck_material
f 3206//9589 3168//13704 3205//13703 
usemtl b747blck_material
f 3170//9418 3169//13706 3165//13705 
usemtl b747blck_material
f 3171//9422 3170//13708 3166//13707 
usemtl b747blck_material
f 3173//9432 3172//13710 3168//13709 
usemtl b747blck_material
f 3207//9591 3173//13712 3206//13711 
usemtl b747blck_material
f 3175//9440 3174//13714 3170//13713 
usemtl b747blck_material
f 3176//9444 3175//13716 3171//13715 
usemtl b747blck_material
f 3178//9454 3177//13718 3173//13717 
usemtl b747blck_material
f 3208//9593 3178//13720 3207//13719 
usemtl b747blck_material
f 3180//9462 3179//13722 3175//13721 
usemtl b747blck_material
f 3181//9466 3180//13724 3176//13723 
usemtl b747blck_material
f 3183//9476 3182//13726 3178//13725 
usemtl b747blck_material
f 3209//9595 3183//13728 3208//13727 
usemtl b747blck_material
f 3185//9484 3184//13730 3180//13729 
usemtl b747blck_material
f 3186//9488 3185//13732 3181//13731 
usemtl b747blck_material
f 3188//9498 3187//13734 3183//13733 
usemtl b747blck_material
f 3202//9581 3188//13736 3209//13735 
usemtl b747blck_material
f 3190//9506 3189//13738 3185//13737 
usemtl b747blck_material
f 3191//9510 3190//13740 3186//13739 
usemtl b747blck_material
f 3193//9520 3192//13742 3188//13741 
usemtl b747blck_material
f 3203//9583 3193//13744 3202//13743 
usemtl b747blck_material
f 3195//9528 3194//13746 3190//13745 
usemtl b747blck_material
f 3196//9532 3195//13748 3191//13747 
usemtl b747blck_material
f 3198//9542 3197//13750 3193//13749 
usemtl b747blck_material
f 3204//9585 3198//13752 3203//13751 
usemtl b747blck_material
f 3200//9550 3199//13754 3195//13753 
usemtl b747blck_material
f 3201//9554 3200//13756 3196//13755 
usemtl b747blck_material
f 3163//9564 3162//13758 3198//13757 
usemtl b747blck_material
f 3205//9588 3163//13760 3204//13759 
usemtl b747blck_material
f 3165//9572 3164//13762 3200//13761 
usemtl b747blck_material
f 3166//9576 3165//13764 3201//13763 
usemtl b747blck_material
f 3205//9598 3164//13766 3206//13765 
usemtl b747blck_material
f 3206//9600 3169//13768 3207//13767 
usemtl b747blck_material
f 3207//9602 3174//13770 3208//13769 
usemtl b747blck_material
f 3208//9604 3179//13772 3209//13771 
usemtl b747blck_material
f 3209//9606 3184//13774 3202//13773 
usemtl b747blck_material
f 3202//9608 3189//13776 3203//13775 
usemtl b747blck_material
f 3203//9610 3194//13778 3204//13777 
usemtl b747blck_material
f 3204//9612 3199//13780 3205//13779 
usemtl b747blck_material
f 3210//9615 3162//13782 3218//13781 
usemtl b747blck_material
f 3217//9619 3197//13784 3210//13783 
usemtl b747blck_material
f 3216//9623 3192//13786 3217//13785 
usemtl b747blck_material
f 3215//9627 3187//13788 3216//13787 
usemtl b747blck_material
f 3214//9631 3182//13790 3215//13789 
usemtl b747blck_material
f 3213//9635 3177//13792 3214//13791 
usemtl b747blck_material
f 3212//9639 3172//13794 3213//13793 
usemtl b747blck_material
f 3218//9643 3211//13796 3212//13795 
usemtl b747blck_material
f 3219//9647 3210//13798 3226//13797 
usemtl b747blck_material
f 3225//9651 3217//13800 3219//13799 
usemtl b747blck_material
f 3224//9655 3216//13802 3225//13801 
usemtl b747blck_material
f 3223//9659 3215//13804 3224//13803 
usemtl b747blck_material
f 3222//9663 3214//13806 3223//13805 
usemtl b747blck_material
f 3221//9667 3213//13808 3222//13807 
usemtl b747blck_material
f 3220//9671 3212//13810 3221//13809 
usemtl b747blck_material
f 3226//9675 3218//13812 3220//13811 
usemtl b747blck_material
f 3227//9679 3219//13814 3234//13813 
usemtl b747blck_material
f 3233//9683 3225//13816 3227//13815 
usemtl b747blck_material
f 3232//9687 3224//13818 3233//13817 
usemtl b747blck_material
f 3231//9691 3223//13820 3232//13819 
usemtl b747blck_material
f 3230//9695 3222//13822 3231//13821 
usemtl b747blck_material
f 3229//9699 3221//13824 3230//13823 
usemtl b747blck_material
f 3228//9703 3220//13826 3229//13825 
usemtl b747blck_material
f 3234//9707 3226//13828 3228//13827 
usemtl b747blck_material
f 3235//9711 3227//13830 3167//13829 
usemtl b747blck_material
f 3241//9715 3233//13832 3235//13831 
usemtl b747blck_material
f 3240//9719 3232//13834 3241//13833 
usemtl b747blck_material
f 3239//9723 3231//13836 3240//13835 
usemtl b747blck_material
f 3238//9727 3230//13838 3239//13837 
usemtl b747blck_material
f 3237//9731 3229//13840 3238//13839 
usemtl b747blck_material
f 3236//9735 3228//13842 3237//13841 
usemtl b747blck_material
f 3167//9739 3234//13844 3236//13843 
usemtl b747blck_material
f 2503//9742 3253//13846 3242//13845 
usemtl b747blck_material
f 3247//9748 3248//13848 3246//13847 
usemtl b747blck_material
f 3252//9759 3251//13850 2493//13849 
usemtl b747blck_material
f 3251//9757 3253//13852 2494//13851 
usemtl b747blck_material
f 3249//9755 3254//13854 3247//13853 
usemtl b747blck_material
f 3248//9752 3251//13856 3250//13855 
usemtl b747blck_material
f 3247//9754 3253//13858 3248//13857 
usemtl b747blck_material
f 2493//9770 3244//13860 3252//13859 
usemtl b747blck_material
f 3250//9775 3244//13862 3246//13861 
usemtl b747blck_material
f 3255//9796 2503//13864 3245//13863 
usemtl b747blck_material
f 2335//9786 2341//13866 2327//13865 
usemtl b747blck_material
f 3257//9794 3256//13868 2494//13867 
usemtl b747blck_material
f 3255//9797 3257//13870 2503//13869 
usemtl b747blck_material
f 3245//9800 2332//13872 3255//13871 
usemtl b747blck_material
f 3257//9802 2335//13874 3256//13873 
usemtl b747blck_material
f 3255//9804 2341//13876 3257//13875 
usemtl b747blck_material
f 3244//9809 2493//13878 2327//13877 
usemtl b747blck_material
f 3244//9810 2327//13880 3243//13879 
usemtl b747blck_material
f 2623//9817 2614//13882 2622//13881 
usemtl b747blck_material
f 2632//9821 2624//13884 2631//13883 
usemtl b747blck_material
f 2637//9828 2641//13886 2634//13885 
usemtl b747blck_material
f 2380//6738 2456//13888 2364//13887 
usemtl b747blck_material
f 2535//7050 2536//13890 2551//13889 
usemtl Polygon_XSIPOLYCLS.b747blck_material1
f 3382//10190 3684//13892 3383//13891 
usemtl b747blck_material
f 3481//10481 3482//13894 3480//13893 
usemtl b747blck_material
f 3482//10482 3483//13896 3480//13895 
usemtl b747blck_material
f 3483//10483 3484//13898 3480//13897 
usemtl b747blck_material
f 3484//10484 3485//13900 3480//13899 
usemtl b747blck_material
f 3485//10485 3486//13902 3480//13901 
usemtl b747blck_material
f 3486//10486 3468//13904 3480//13903 
usemtl b747blck_material
f 3543//10623 3539//13906 3541//13905 
usemtl b747blck_material
f 3539//10622 3540//13908 3541//13907 
usemtl b747blck_material
f 3585//10725 3578//13910 3595//13909 
usemtl b747blck_material
f 3578//10703 3569//13912 3583//13911 
usemtl Polygon_XSIPOLYCLS.b747blck_material1
f 3563//10697 3681//13914 3564//13913 
usemtl b747blck_material
f 3582//10734 3573//13916 3565//13915 
usemtl b747blck_material
f 3573//10718 3572//13918 3565//13917 
usemtl b747blck_material
f 3572//10716 3571//13920 3565//13919 
usemtl b747blck_material
f 3571//10704 3566//13922 3565//13921 
usemtl b747blck_material
f 3571//10706 3572//13924 352//13923 
usemtl Polygon_XSIPOLYCLS.b747blck_material1
f 3686//10315 3422//13926 3424//13925 
usemtl Polygon_XSIPOLYCLS.b747blck_material1
f 3380//10192 3381//13928 3685//13927 
usemtl Polygon_XSIPOLYCLS.b747blck_material1
f 3381//10191 3382//13930 3378//13929 
usemtl b747blck_material
f 3653//10903 3654//13932 3649//13931 
usemtl Polygon_XSIPOLYCLS.b747blck_material1
f 3645//10306 3418//13934 3643//13933 
#end 4644 faces
