# XSI Wavefront OBJ Export v3.0
# File Created: Sun May 24 19:01:36 2009
# XSI Version: 7.5.191.0
mtllib boeing_2029triangles.mtl

o boeing
# Hierarchy (from self to top father)
g boeing

#begin 1911 vertices
v -16.485881 -15.046134 -132.175419
v -17.364219 -12.816764 -130.748235
v -17.186046 -12.812125 -132.175480
v -16.665516 -15.046134 -130.748111
v -22.327016 -18.035277 -36.854298
v -23.080352 -15.805907 -35.427114
v -23.056007 -15.801268 -36.854360
v -22.352876 -18.035277 -35.426992
v -22.283969 -18.196914 -53.483414
v -22.726316 -15.967543 -52.056228
v -22.701971 -15.962905 -53.483475
v -22.309829 -18.196913 -52.056106
v -22.276303 -18.039889 -56.734555
v -22.718652 -15.810519 -55.307368
v -22.694305 -15.805880 -56.734614
v -22.302163 -18.039889 -55.307247
v -21.948349 -17.910982 -59.992608
v -22.701684 -15.681613 -58.565424
v -22.677339 -15.676974 -59.992671
v -21.974210 -17.910982 -58.565303
v -21.883725 -17.781827 -63.252724
v -22.668323 -15.552457 -61.825539
v -22.613045 -15.547819 -63.252786
v -21.940520 -17.781827 -61.825418
v -21.796244 -17.652677 -66.510781
v -22.580842 -15.423307 -65.083596
v -22.525564 -15.418668 -66.510841
v -21.853039 -17.652677 -65.083474
v -21.708762 -17.523527 -69.768837
v -22.493361 -15.294157 -68.341651
v -22.438083 -15.289518 -69.768899
v -21.765558 -17.523527 -68.341530
v -21.621282 -17.394376 -73.026894
v -22.405880 -15.165006 -71.599709
v -22.350602 -15.160368 -73.026956
v -21.678077 -17.394376 -71.599587
v -21.533800 -17.265226 -76.284949
v -22.318399 -15.035856 -74.857765
v -22.263120 -15.031217 -76.285010
v -21.590596 -17.265226 -74.857644
v -21.446320 -17.136076 -79.543008
v -22.230919 -14.906706 -78.115824
v -22.175640 -14.902067 -79.543069
v -21.503115 -17.136075 -78.115701
v -21.394059 -17.005846 -82.800440
v -22.143537 -14.777304 -81.373343
v -22.088281 -14.772538 -82.801127
v -21.422998 -17.006871 -81.370097
v -21.369656 -16.875180 -86.057200
v -22.058650 -14.645972 -84.630059
v -22.031914 -14.641241 -86.057280
v -21.397337 -16.875180 -84.629892
v -21.099856 -16.747067 -89.817926
v -21.930924 -14.517697 -88.390740
v -21.762014 -14.513058 -89.817988
v -21.270149 -16.747067 -88.390619
v -20.749403 -16.618161 -93.075497
v -21.580471 -14.388790 -91.648309
v -21.411561 -14.384152 -93.075556
v -20.919695 -16.618161 -91.648187
v -20.412061 -16.444821 -96.333550
v -21.243129 -14.215450 -94.906364
v -21.074219 -14.210812 -96.333614
v -20.582354 -16.444820 -94.906245
v -20.054682 -16.338986 -99.591852
v -20.885750 -14.109616 -98.164667
v -20.716840 -14.104977 -99.591913
v -20.224975 -16.338986 -98.164545
v -19.697303 -16.233151 -102.850153
v -20.528371 -14.003781 -101.422970
v -20.359461 -13.999142 -102.850215
v -19.867596 -16.233151 -101.422846
v -19.339924 -16.127316 -106.108454
v -20.170992 -13.897946 -104.681271
v -20.002081 -13.893307 -106.108514
v -19.510216 -16.127316 -104.681147
v -18.982545 -16.021481 -109.366755
v -19.813613 -13.792111 -107.939569
v -19.644703 -13.787473 -109.366816
v -19.152837 -16.021481 -107.939448
v -18.625166 -15.915646 -112.625056
v -19.456234 -13.686276 -111.197870
v -19.287323 -13.681637 -112.625116
v -18.795458 -15.915646 -111.197749
v -18.267787 -15.809811 -115.883356
v -19.098855 -13.580441 -114.456172
v -18.929944 -13.575802 -115.883418
v -18.438079 -15.809811 -114.456049
v -17.923803 -15.640011 -119.188288
v -18.754871 -13.410641 -117.761102
v -18.585961 -13.406003 -119.188349
v -18.094096 -15.640012 -117.760980
v -17.600782 -15.414903 -122.398415
v -18.438663 -13.185243 -120.971358
v -18.269762 -13.180594 -122.398552
v -17.777074 -15.414525 -120.971679
v -17.217600 -15.329121 -125.656720
v -18.075475 -13.099044 -124.229553
v -17.906590 -13.094400 -125.656602
v -17.397202 -15.328724 -124.230614
v -16.847775 -15.200553 -128.915409
v -17.724482 -12.970548 -127.488065
v -17.548031 -12.966273 -128.915403
v -17.027409 -15.200553 -127.488103
v -7.608893 -18.792180 210.514178
v -6.220370 -16.579749 211.920969
v -6.892157 -16.573895 210.496757
v -7.027540 -18.836097 211.872926
v -10.698344 -1.258360 183.356448
v -8.632245 1.825548 179.657111
v -11.989643 -1.307930 180.038831
v -7.186438 2.019832 182.231357
v 7.523073 -1.328482 187.856835
v 0.474571 -1.091161 193.607362
v -8.943777 -18.795288 207.129738
v -8.436875 -18.779055 208.501159
v -8.382873 -18.175890 208.690838
v -8.905232 -17.913601 207.172900
v 0.372486 2.658659 187.781575
v 3.660563 2.180391 186.211666
v -10.245468 -18.845243 203.751841
v -9.509932 -16.589165 205.173694
v -10.178922 -16.582107 203.749862
v -7.859977 -16.531100 208.563475
v -8.528627 -16.524945 207.140561
v -9.693782 -18.837415 205.145571
v -11.537820 -18.909444 200.415089
v -11.000957 -16.650271 201.851921
v -11.622930 -16.642308 200.404426
v -10.905105 -18.907854 201.838429
v -12.401656 -18.871960 197.277678
v -12.191170 -16.630823 198.707684
v -12.596300 -16.632841 197.278799
v -12.023137 -18.872158 198.705228
v 4.580480 -2.099025 192.154978
v -0.313071 -1.058747 193.634989
v -0.224997 2.708664 187.818632
v -4.497115 -1.961370 192.240041
v -13.353231 -18.871693 193.631914
v -13.176120 -16.642560 195.059355
v -13.547693 -16.638310 193.632026
v 23.155456 -18.186901 19.530859
v 23.219472 -15.921104 19.541019
v 23.210142 -15.928766 20.978356
v 23.148508 -18.183947 20.966025
v -12.981703 -18.871891 195.059563
v -7.467468 -1.156546 187.935042
v -5.101389 2.206448 185.102540
v -3.590077 2.328927 186.322697
v -7.878533 -1.212470 187.515200
v 23.073107 -15.971002 34.510506
v 23.071363 -15.975641 35.937752
v 23.002798 -18.205011 34.510566
v -14.252962 -18.869224 189.944985
v -14.058908 -16.638995 191.371121
v -14.357490 -16.633797 189.943326
v -13.909999 -18.870367 191.372799
v -10.238176 -1.078407 184.241689
v -6.871265 2.043284 182.673896
v -5.356012 2.210304 184.874827
v 5.213383 2.142735 185.030558
v -14.992147 -18.867806 186.433803
v -14.792402 -16.638436 187.860986
v -15.090838 -16.633797 186.433740
v -14.693903 -18.867806 187.861108
v 10.324125 -1.136353 184.207072
v 6.987278 2.012733 182.645358
v 5.444134 2.151532 184.828737
v 7.950339 -1.361532 187.459577
v 10.698344 -1.258360 183.356448
v 11.989643 -1.307930 180.038831
v -15.760761 -18.867838 182.788948
v -15.554077 -16.638182 184.216117
v -15.859399 -16.633643 182.788864
v -15.455665 -18.867821 184.215957
v -15.802713 -1.036672 142.872498
v -14.659093 1.197337 141.445129
v -14.652784 1.192698 142.872376
v -15.810886 -1.036672 141.445191
v -16.542284 -18.867327 179.143198
v -16.332415 -16.638820 180.568810
v -16.603284 -16.632313 179.141436
v -16.236206 -18.867798 180.570978
v -15.860063 -1.036672 132.856752
v -14.716444 1.197337 131.429383
v -17.251081 -18.864195 175.514813
v -17.005897 -16.634825 176.941998
v -17.267184 -16.630186 175.514752
v -16.989816 -18.864195 176.942120
v -14.710134 1.192698 132.856630
v -15.868237 -1.036672 131.429444
v -15.917379 -1.036672 122.847105
v -14.773760 1.197337 121.419740
v -17.872287 -18.861265 172.121235
v -17.627104 -16.631895 173.548418
v -17.888391 -16.627256 172.121172
v -14.767450 1.192698 122.846985
v -15.925552 -1.036672 121.419801
v 22.420708 -18.008336 -32.168398
v 13.547693 -16.638310 193.632026
v -17.611023 -18.861265 173.548539
v 22.937639 -16.201725 54.528815
v 22.927278 -16.206364 55.956061
v 22.905310 -18.435734 54.528876
v -18.353515 -18.861157 168.543334
v -18.211388 -16.631787 169.970520
v -18.369773 -16.627149 168.543275
v -18.195158 -18.861157 169.970642
v 22.880787 -18.474430 57.851386
v 22.902754 -16.245060 59.278571
v 22.870493 -18.474430 59.278694
v 21.153576 -11.708129 100.923836
v 21.262239 -11.724342 95.203764
v 22.289460 -23.684258 95.169818
v 15.860063 -1.036672 132.856752
v -18.725983 -18.863965 165.186034
v -18.583855 -16.634595 166.613216
v -18.742240 -16.629956 165.185975
v 12.023137 -18.872158 198.705228
v 12.401656 -18.871960 197.277678
v -18.567625 -18.863965 166.613339
v 12.191170 -16.630823 198.707684
v 12.596300 -16.632841 197.278799
v -20.278011 -18.858370 150.147545
v -20.106205 -16.628999 151.574728
v -20.248110 -16.624361 150.147484
v -20.136038 -18.858370 151.574850
v 10.905105 -18.907854 201.838429
v 11.537820 -18.909444 200.415089
v -20.466780 -18.858489 146.571004
v -20.396224 -16.629118 147.998186
v -20.436924 -16.624479 146.570941
v -20.426016 -18.858488 147.998310
v -20.560752 -18.858610 143.280716
v -20.490196 -16.629240 144.707902
v -20.530897 -16.624602 143.280659
v 19.698492 -12.084277 155.157823
v 19.944090 -16.637566 156.050360
v 19.995866 -18.860129 156.048773
v 14.767450 1.192698 122.846985
v -20.519988 -18.858610 144.708026
v 19.301437 -23.637414 161.068027
v 19.857360 -18.904884 157.437728
v 19.806045 -16.687588 157.523531
v 15.917379 -1.036672 122.847105
v 11.000957 -16.650271 201.851921
v 11.622930 -16.642308 200.404426
v 23.169284 -14.704612 24.741851
v 23.203809 -14.706310 18.634278
v 21.695570 -11.010309 18.871467
v 21.638982 -10.981045 24.561488
v -20.654723 -18.858733 139.990435
v -20.584168 -16.629362 141.417620
v -20.624868 -16.624723 139.990372
v 23.018815 -18.205011 31.214281
v 23.060767 -15.901346 32.641085
v 23.007323 -18.205011 32.641588
v -20.613961 -18.858733 141.417745
v 14.710134 1.192698 132.856630
v -20.748696 -18.858885 136.700185
v -20.678725 -16.629565 138.127582
v -20.722656 -16.625352 136.700280
v 22.956456 -22.786719 24.570625
v 14.716444 1.197337 131.429383
v 22.956925 -22.788118 18.886623
v -20.707932 -18.858854 138.127457
v 23.058684 -15.883210 31.214028
v -20.842672 -18.859370 133.409846
v -20.782992 -16.630551 134.837361
v -20.829202 -16.626061 133.410191
v -20.801898 -18.859389 134.837540
v -20.939199 -18.860190 130.119836
v -20.889538 -16.630886 131.547187
v -20.935751 -16.626282 130.119907
v -20.895854 -18.860160 131.547821
v -21.045192 -18.860291 126.839183
v -20.995781 -16.630921 128.266369
v -21.041992 -16.626283 126.839123
v -20.998972 -18.860291 128.266490
v -21.151434 -18.860291 123.558399
v -21.102022 -16.630921 124.985584
v -21.148234 -16.626282 123.558337
v -21.105213 -18.860291 124.985706
v -21.259183 -18.860291 120.231079
v -21.209770 -16.630921 121.658264
v -21.255983 -16.626282 120.231018
v -21.212962 -18.860291 121.658385
v -21.352615 -18.860291 117.345849
v -21.303202 -16.630921 118.773035
v -21.349414 -16.626282 117.345788
v -21.306394 -18.860291 118.773157
v -21.455841 -18.860291 114.158136
v -21.406430 -16.630921 115.585324
v -21.452642 -16.626282 114.158075
v -21.409622 -18.860291 115.585446
v -21.550027 -18.860291 111.249640
v -21.500616 -16.630921 112.676825
v -21.546827 -16.626282 111.249579
v -21.503808 -18.860291 112.676948
v -21.674418 -18.860291 108.090156
v -21.610351 -16.630921 109.517340
v -21.671205 -16.626282 108.090094
v -21.613554 -18.860290 109.517462
v -21.801251 -18.860279 105.115777
v -21.737188 -16.630969 106.542887
v -21.796839 -16.626196 105.115656
v -21.740387 -18.860291 106.543097
v -22.352646 -18.883161 91.158255
v -22.291707 -16.654514 92.586072
v -22.339649 -16.650603 91.158684
v -22.304708 -18.883626 92.586606
v -22.391575 -18.838937 87.836102
v -22.361786 -16.609554 89.263317
v -22.378865 -16.604992 87.836056
v -22.374746 -18.838937 89.263411
v -22.432828 -18.795474 84.516062
v -22.425723 -16.566628 85.943889
v -22.461659 -16.562254 84.516858
v -22.413626 -18.795216 85.943754
v -22.513402 -18.751558 81.196401
v -22.509831 -16.522188 82.623586
v -22.545775 -16.517549 81.196339
v -22.477524 -18.751558 82.623708
v -22.597519 -18.706854 77.875883
v -22.593947 -16.477483 79.303068
v -22.629891 -16.472844 77.875820
v -22.561640 -18.706854 79.303190
v -22.681635 -18.662149 74.555365
v -22.678063 -16.432779 75.982550
v -22.714007 -16.428140 74.555302
v -22.645756 -18.662149 75.982672
v -22.766800 -18.603956 71.200899
v -22.763228 -16.374586 72.628085
v -22.799172 -16.369948 71.200839
v -22.730921 -18.603956 72.628206
v -22.807915 -18.542476 67.818549
v -22.829882 -16.313107 69.245735
v -22.840243 -16.308467 67.818487
v -22.797621 -18.542477 69.245858
v -22.831644 -18.558591 64.496162
v -22.853611 -16.329220 65.923345
v -22.863973 -16.324582 64.496103
v -22.821350 -18.558591 65.923469
v -22.857058 -18.458317 61.173773
v -22.879025 -16.228947 62.600960
v -22.889385 -16.224308 61.173711
v -22.846763 -18.458317 62.601080
v -22.880787 -18.474430 57.851386
v -22.902754 -16.245060 59.278571
v -22.913115 -16.240421 57.851323
v -22.870493 -18.474430 59.278694
v -22.905310 -18.435734 54.528876
v -22.927278 -16.206364 55.956061
v -22.937639 -16.201725 54.528815
v -22.895016 -18.435734 55.956184
v -22.953581 -18.358341 47.991400
v -22.975549 -16.128971 49.418586
v -22.985910 -16.124333 47.991339
v -22.943287 -18.358341 49.418708
v -22.992843 -18.281388 41.251327
v -23.025282 -16.051576 42.678305
v -23.035643 -16.046930 41.251227
v -22.990088 -18.280870 42.677098
v -22.394848 -18.008336 -33.595706
v -23.148183 -15.778966 -32.168518
v -23.123838 -15.774327 -33.595766
v -22.420708 -18.008336 -32.168398
v -22.450468 -18.021806 -30.283249
v -23.203803 -15.792437 -28.856065
v -23.179457 -15.787798 -30.283311
v -22.476328 -18.021806 -28.855942
v -22.543302 -18.003501 -27.016504
v -23.267879 -15.777642 -25.584671
v -23.243138 -15.774327 -27.011253
v -22.638098 -18.004205 -25.581255
v -22.770033 -18.010453 -23.702653
v -23.324129 -15.788677 -22.272848
v -23.299348 -15.785858 -23.698797
v -22.870803 -18.009296 -22.276536
v -23.041391 -17.992920 -20.421735
v -23.357571 -15.752703 -18.990440
v -23.365142 -15.749823 -20.417047
v -23.141672 -17.990913 -18.992174
v -23.145093 -17.967410 -17.097254
v -23.330967 -15.718112 -15.669259
v -23.338735 -15.712802 -17.096905
v -23.145713 -17.967410 -15.669947
v -23.151542 -17.921023 -13.837367
v -23.299161 -15.660487 -12.409401
v -23.306793 -15.653332 -13.836987
v -23.152163 -17.921022 -12.410059
v -23.157013 -17.883669 -10.543839
v -23.249178 -15.620234 -9.116705
v -23.265833 -15.611324 -10.543539
v -23.157693 -17.882835 -9.119317
v -23.150575 -17.911386 -7.258626
v -23.277977 -15.651796 -5.833481
v -23.249817 -15.640433 -7.260713
v -23.134121 -17.911954 -5.830711
v -23.114093 -17.898483 -3.959029
v -23.307997 -15.658663 -2.534201
v -23.302220 -15.646309 -3.960030
v -23.097701 -17.898483 -2.531722
v -23.083379 -17.831130 -0.646574
v -23.309470 -15.602062 0.779913
v -23.319916 -15.595610 -0.646923
v -23.066989 -17.831130 0.780732
v -23.047578 -17.817659 2.598554
v -23.273701 -15.588289 4.025739
v -23.290595 -15.583650 2.598494
v -23.031188 -17.817659 4.025861
v -23.025111 -17.814025 5.893266
v -23.237226 -15.586517 7.323020
v -23.252735 -15.583427 5.897377
v -23.111592 -17.811419 7.317034
v -23.168584 -17.811447 9.195546
v -23.267190 -15.581269 10.623061
v -23.274126 -15.577293 9.195738
v -23.168380 -17.811315 10.622495
v -23.018815 -18.205011 31.214281
v -23.060767 -15.901346 32.641085
v -23.058684 -15.883210 31.214028
v -23.007323 -18.205011 32.641588
v -23.002798 -18.205011 34.510566
v -23.071363 -15.975641 35.937752
v -23.073107 -15.971002 34.510506
v -23.001201 -18.205011 35.937875
v 9.693782 -18.837415 205.145571
v 7.859977 -16.531100 208.563475
v 22.895016 -18.435734 55.956184
v 22.377507 -18.348048 -46.258071
v 15.810886 -1.036672 141.445191
v 23.116705 -14.833087 -47.293679
v 22.920583 -16.128649 -46.261904
v 23.179457 -15.787798 -30.283311
v 23.203803 -15.792437 -28.856065
v 22.450468 -18.021806 -30.283249
v 8.528627 -16.524945 207.140561
v 10.245468 -18.845243 203.751841
v 23.168584 -17.811447 9.195546
v 23.267190 -15.581269 10.623061
v 23.168380 -17.811315 10.622495
v 22.035787 -11.398762 -47.006679
v 22.028600 -11.401773 -41.323585
v 23.141881 -14.846370 -41.085395
v 22.942035 -16.133578 -44.834624
v 22.400178 -18.347724 -44.831070
v 23.274126 -15.577293 9.195738
v 23.025111 -17.814025 5.893266
v 23.237226 -15.586517 7.323020
v 23.111592 -17.811419 7.317034
v 23.252735 -15.583427 5.897377
v 23.365142 -15.749823 -20.417047
v 23.357571 -15.752703 -18.990440
v 23.041391 -17.992920 -20.421735
v 17.872287 -18.861265 172.121235
v 17.627104 -16.631895 173.548418
v 17.611023 -18.861265 173.548539
v 23.047578 -17.817659 2.598554
v 23.273701 -15.588289 4.025739
v 23.031188 -17.817659 4.025861
v 17.888391 -16.627256 172.121172
v 22.476328 -18.021806 -28.855942
v 22.992843 -18.281388 41.251327
v 23.025282 -16.051576 42.678305
v 22.990088 -18.280870 42.677098
v 17.251081 -18.864195 175.514813
v 17.005897 -16.634825 176.941998
v 16.989816 -18.864195 176.942120
v 17.267184 -16.630186 175.514752
v 22.629891 -16.472844 77.875820
v 22.593947 -16.477483 79.303068
v 22.597519 -18.706854 77.875883
v 22.714007 -16.428140 74.555302
v 22.678063 -16.432779 75.982550
v 22.681635 -18.662149 74.555365
v 7.186438 2.019832 182.231357
v 14.946131 -19.657840 -135.078321
v 8.632245 1.825548 179.657111
v 13.970623 -19.515982 -140.525846
v 23.035643 -16.046930 41.251227
v 21.112809 -23.107972 -41.362371
v 17.660972 -7.981870 -140.657206
v 16.732263 -12.564114 -139.900516
v 16.058439 -14.751097 -139.898508
v 22.561640 -18.706854 79.303190
v 16.542284 -18.867327 179.143198
v 16.332415 -16.638820 180.568810
v 16.236206 -18.867798 180.570978
v 16.603284 -16.632313 179.141436
v 14.659093 1.197337 141.445129
v 16.285066 -14.728966 -138.455099
v 16.953651 -12.543688 -138.461318
v 15.760761 -18.867838 182.788948
v 15.554077 -16.638182 184.216117
v 15.455665 -18.867821 184.215957
v 15.859399 -16.633643 182.788864
v 14.652784 1.192698 142.872376
v 18.281966 -7.976886 -135.122585
v 22.863973 -16.324582 64.496103
v 22.853611 -16.329220 65.923345
v 22.831644 -18.558591 64.496162
v 14.992147 -18.867806 186.433803
v 14.792402 -16.638436 187.860986
v 14.693903 -18.867806 187.861108
v 15.090838 -16.633797 186.433740
v 15.925552 -1.036672 121.419801
v 19.066574 -12.077173 161.034268
v 14.252962 -18.869224 189.944985
v 14.058908 -16.638995 191.371121
v 13.909999 -18.870367 191.372799
v 14.357490 -16.633797 189.943326
v 23.001201 -18.205011 35.937875
v 23.123838 -15.774327 -33.595766
v 23.148183 -15.778966 -32.168518
v 22.394848 -18.008336 -33.595706
v 13.353231 -18.871693 193.631914
v 13.176120 -16.642560 195.059355
v 12.981703 -18.871891 195.059563
v 21.019163 -23.074762 -46.979289
v 15.802713 -1.036672 142.872498
v 18.742240 -16.629956 165.185975
v 18.583855 -16.634595 166.613216
v 18.725983 -18.863965 165.186034
v 18.353515 -18.861157 168.543334
v 18.211388 -16.631787 169.970520
v 18.195158 -18.861157 169.970642
v 21.151434 -18.860291 123.558399
v 21.102022 -16.630921 124.985584
v 21.105213 -18.860291 124.985706
v 18.369773 -16.627149 168.543275
v 21.041992 -16.626283 126.839123
v 20.995781 -16.630921 128.266369
v 21.045192 -18.860291 126.839183
v 20.939199 -18.860190 130.119836
v 20.889538 -16.630886 131.547187
v 20.895854 -18.860160 131.547821
v 20.935751 -16.626282 130.119907
v 20.842672 -18.859370 133.409846
v 20.782992 -16.630551 134.837361
v 20.801898 -18.859389 134.837540
v 20.829202 -16.626061 133.410191
v 23.141672 -17.990913 -18.992174
v 20.748696 -18.858885 136.700185
v 20.678725 -16.629565 138.127582
v 20.707932 -18.858854 138.127457
v 23.338735 -15.712802 -17.096905
v 23.330967 -15.718112 -15.669259
v 23.145093 -17.967410 -17.097254
v 20.722656 -16.625352 136.700280
v 23.145713 -17.967410 -15.669947
v 23.306793 -15.653332 -13.836987
v 23.299161 -15.660487 -12.409401
v 23.151542 -17.921023 -13.837367
v 23.152163 -17.921022 -12.410059
v 20.654723 -18.858733 139.990435
v 20.584168 -16.629362 141.417620
v 20.613961 -18.858733 141.417745
v 23.265833 -15.611324 -10.543539
v 23.249178 -15.620234 -9.116705
v 23.157013 -17.883669 -10.543839
v 20.624868 -16.624723 139.990372
v 23.157693 -17.882835 -9.119317
v 21.546827 -16.626282 111.249579
v 21.500616 -16.630921 112.676825
v 21.550027 -18.860291 111.249640
v 21.671205 -16.626282 108.090094
v 21.610351 -16.630921 109.517340
v 21.674418 -18.860291 108.090156
v 21.503808 -18.860291 112.676948
v 22.339649 -16.650603 91.158684
v 22.291707 -16.654514 92.586072
v 22.352646 -18.883161 91.158255
v 21.801251 -18.860279 105.115777
v 21.737188 -16.630969 106.542887
v 21.740387 -18.860291 106.543097
v 21.796839 -16.626196 105.115656
v 21.613554 -18.860290 109.517462
v 21.455841 -18.860291 114.158136
v 21.406430 -16.630921 115.585324
v 21.409622 -18.860291 115.585446
v 21.452642 -16.626282 114.158075
v 21.352615 -18.860291 117.345849
v 21.303202 -16.630921 118.773035
v 21.306394 -18.860291 118.773157
v 21.349414 -16.626282 117.345788
v 21.259183 -18.860291 120.231079
v 21.209770 -16.630921 121.658264
v 21.212962 -18.860291 121.658385
v 22.461659 -16.562254 84.516858
v 22.425723 -16.566628 85.943889
v 22.432828 -18.795474 84.516062
v 22.391575 -18.838937 87.836102
v 22.361786 -16.609554 89.263317
v 22.374746 -18.838937 89.263411
v 22.378865 -16.604992 87.836056
v 22.304708 -18.883626 92.586606
v 22.821350 -18.558591 65.923469
v 22.840243 -16.308467 67.818487
v 22.829882 -16.313107 69.245735
v 22.807915 -18.542476 67.818549
v 22.797621 -18.542477 69.245858
v 22.766800 -18.603956 71.200899
v 22.763228 -16.374586 72.628085
v 22.730921 -18.603956 72.628206
v 22.889385 -16.224308 61.173711
v 22.879025 -16.228947 62.600960
v 22.857058 -18.458317 61.173773
v 22.799172 -16.369948 71.200839
v 22.645756 -18.662149 75.982672
v 22.413626 -18.795216 85.943754
v 22.513402 -18.751558 81.196401
v 22.509831 -16.522188 82.623586
v 22.477524 -18.751558 82.623708
v 22.545775 -16.517549 81.196339
v 22.913115 -16.240421 57.851323
v 22.846763 -18.458317 62.601080
v 9.509932 -16.589165 205.173694
v 10.178922 -16.582107 203.749862
v 22.953581 -18.358341 47.991400
v 22.975549 -16.128971 49.418586
v 22.943287 -18.358341 49.418708
v 22.985910 -16.124333 47.991339
v 15.868237 -1.036672 131.429444
v 8.943777 -18.795288 207.129738
v 22.770033 -18.010453 -23.702653
v 23.324129 -15.788677 -22.272848
v 22.870803 -18.009296 -22.276536
v 22.543302 -18.003501 -27.016504
v 23.267879 -15.777642 -25.584671
v 22.638098 -18.004205 -25.581255
v 23.299348 -15.785858 -23.698797
v 21.148234 -16.626282 123.558337
v 23.249817 -15.640433 -7.260713
v 23.277977 -15.651796 -5.833481
v 23.150575 -17.911386 -7.258626
v 23.134121 -17.911954 -5.830711
v 20.560752 -18.858610 143.280716
v 20.490196 -16.629240 144.707902
v 20.519988 -18.858610 144.708026
v 23.302220 -15.646309 -3.960030
v 23.307997 -15.658663 -2.534201
v 23.114093 -17.898483 -3.959029
v 20.530897 -16.624602 143.280659
v 23.097701 -17.898483 -2.531722
v 23.319916 -15.595610 -0.646923
v 23.309470 -15.602062 0.779913
v 23.083379 -17.831130 -0.646574
v 20.466780 -18.858489 146.571004
v 20.396224 -16.629118 147.998186
v 20.426016 -18.858488 147.998310
v 20.436924 -16.624479 146.570941
v 23.066989 -17.831130 0.780732
v 14.773760 1.197337 121.419740
v 19.927148 -23.629413 155.368386
v 23.243138 -15.774327 -27.011253
v 21.255983 -16.626282 120.231018
v 23.290595 -15.583650 2.598494
v 20.278011 -18.858370 150.147545
v 20.106205 -16.628999 151.574728
v 20.136038 -18.858370 151.574850
v 20.248110 -16.624361 150.147484
v 18.567625 -18.863965 166.613339
v 22.328760 -16.593212 95.937837
v 22.282216 -16.589574 97.370742
v 22.336913 -18.811660 97.364862
v 22.381788 -18.805701 95.936185
v 20.998972 -18.860291 128.266490
v 17.186046 -12.812125 -132.175480
v 17.364219 -12.816764 -130.748235
v 16.485881 -15.046134 -132.175419
v 16.665516 -15.046134 -130.748111
v 23.056007 -15.801268 -36.854360
v 23.080352 -15.805907 -35.427114
v 22.327016 -18.035277 -36.854298
v 22.352876 -18.035277 -35.426992
v 22.701971 -15.962905 -53.483475
v 22.726316 -15.967543 -52.056228
v 22.283969 -18.196914 -53.483414
v 22.309829 -18.196913 -52.056106
v 22.694305 -15.805880 -56.734614
v 22.718652 -15.810519 -55.307368
v 22.276303 -18.039889 -56.734555
v 22.302163 -18.039889 -55.307247
v 22.677339 -15.676974 -59.992671
v 22.701684 -15.681613 -58.565424
v 21.948349 -17.910982 -59.992608
v 21.974210 -17.910982 -58.565303
v 22.613045 -15.547819 -63.252786
v 22.668323 -15.552457 -61.825539
v 21.883725 -17.781827 -63.252724
v 21.940520 -17.781827 -61.825418
v 22.525564 -15.418668 -66.510841
v 22.580842 -15.423307 -65.083596
v 21.796244 -17.652677 -66.510781
v 21.853039 -17.652677 -65.083474
v 22.438083 -15.289518 -69.768899
v 22.493361 -15.294157 -68.341651
v 21.708762 -17.523527 -69.768837
v 21.765558 -17.523527 -68.341530
v 22.350602 -15.160368 -73.026956
v 22.405880 -15.165006 -71.599709
v 21.621282 -17.394376 -73.026894
v 21.678077 -17.394376 -71.599587
v 22.263120 -15.031217 -76.285010
v 22.318399 -15.035856 -74.857765
v 21.533800 -17.265226 -76.284949
v 21.590596 -17.265226 -74.857644
v 22.175640 -14.902067 -79.543069
v 22.230919 -14.906706 -78.115824
v 21.446320 -17.136076 -79.543008
v 21.503115 -17.136075 -78.115701
v 22.088281 -14.772538 -82.801127
v 22.143537 -14.777304 -81.373343
v 21.394059 -17.005846 -82.800440
v 21.422998 -17.006871 -81.370097
v 22.031914 -14.641241 -86.057280
v 22.058650 -14.645972 -84.630059
v 21.369656 -16.875180 -86.057200
v 21.397337 -16.875180 -84.629892
v 21.762014 -14.513058 -89.817988
v 21.930924 -14.517697 -88.390740
v 21.099856 -16.747067 -89.817926
v 21.270149 -16.747067 -88.390619
v 21.411561 -14.384152 -93.075556
v 21.580471 -14.388790 -91.648309
v 20.749403 -16.618161 -93.075497
v 20.919695 -16.618161 -91.648187
v 21.074219 -14.210812 -96.333614
v 21.243129 -14.215450 -94.906364
v 20.412061 -16.444821 -96.333550
v 20.582354 -16.444820 -94.906245
v 20.716840 -14.104977 -99.591913
v 20.885750 -14.109616 -98.164667
v 20.054682 -16.338986 -99.591852
v 20.224975 -16.338986 -98.164545
v 20.359461 -13.999142 -102.850215
v 20.528371 -14.003781 -101.422970
v 19.697303 -16.233151 -102.850153
v 19.867596 -16.233151 -101.422846
v 20.002081 -13.893307 -106.108514
v 20.170992 -13.897946 -104.681271
v 19.339924 -16.127316 -106.108454
v 19.510216 -16.127316 -104.681147
v 19.644703 -13.787473 -109.366816
v 19.813613 -13.792111 -107.939569
v 18.982545 -16.021481 -109.366755
v 19.152837 -16.021481 -107.939448
v 19.287323 -13.681637 -112.625116
v 19.456234 -13.686276 -111.197870
v 18.625166 -15.915646 -112.625056
v 18.795458 -15.915646 -111.197749
v 18.929944 -13.575802 -115.883418
v 19.098855 -13.580441 -114.456172
v 18.267787 -15.809811 -115.883356
v 18.438079 -15.809811 -114.456049
v 18.585961 -13.406003 -119.188349
v 18.754871 -13.410641 -117.761102
v 17.923803 -15.640011 -119.188288
v 18.094096 -15.640012 -117.760980
v 18.269762 -13.180594 -122.398552
v 18.438663 -13.185243 -120.971358
v 17.600782 -15.414903 -122.398415
v 17.777074 -15.414525 -120.971679
v 17.906590 -13.094400 -125.656602
v 18.075475 -13.099044 -124.229553
v 17.217600 -15.329121 -125.656720
v 17.397202 -15.328724 -124.230614
v 17.548031 -12.966273 -128.915403
v 17.724482 -12.970548 -127.488065
v 16.847775 -15.200553 -128.915409
v 17.027409 -15.200553 -127.488103
v 6.892157 -16.573895 210.496757
v 6.220370 -16.579749 211.920969
v 7.608893 -18.792180 210.514178
v 7.027540 -18.836097 211.872926
v 21.995129 -13.990500 101.177288
v 22.107385 -23.685073 100.890331
v 22.223734 -14.267813 94.940494
v 8.905232 -17.913601 207.172900
v 8.382873 -18.175890 208.690838
v 8.436875 -18.779055 208.501159
v -146.341700 -33.435297 -1.845589
v -137.081378 -42.866446 -13.523982
v -145.946399 -33.988420 3.405780
v 141.307538 -32.073292 3.561883
v 136.668677 -33.988420 3.405780
v 141.289612 -31.345118 -1.752601
v 136.237565 -33.435350 -1.846216
v 141.307538 -32.663593 -13.523982
v 137.081378 -34.414126 -13.523982
v -141.307538 -32.663593 -13.523982
v -137.081378 -34.414126 -13.523982
v 141.307538 -33.656073 -13.523982
v 137.783167 -35.115915 -13.523982
v -141.307538 -32.073292 3.561883
v -136.668677 -33.988420 3.405780
v 141.307538 -39.820272 -40.702647
v -136.237520 -43.527916 -2.297624
v 145.946399 -33.988420 3.405780
v 146.341657 -33.435350 -1.846216
v 145.533698 -34.414126 -13.523982
v -145.533698 -34.414126 -13.523982
v 144.831909 -35.115915 -13.523982
v -147.867878 -38.611947 3.028914
v -136.668677 -43.235475 2.652048
v 147.867878 -38.611947 3.028914
v 148.434283 -38.481615 -2.072221
v 147.284231 -38.640286 -13.523982
v -141.307538 -39.820272 -40.702647
v 146.291751 -38.640286 -13.523982
v 141.307538 -43.109525 -29.764087
v 138.981685 -42.146125 -29.764087
v -144.596791 -39.820272 -29.764087
v -143.633391 -42.146125 -29.764087
v 143.633391 -42.146125 -29.764087
v -141.307538 -43.109525 -29.764087
v 144.596791 -39.820272 -29.764087
v -141.289611 -31.345047 -1.751970
v 143.633391 -37.494419 -29.764087
v 141.307538 -36.531019 -29.764087
v 138.981685 -37.494419 -29.764087
v 138.018285 -39.820272 -29.764087
v -134.144876 -38.481606 -2.071607
v 141.307538 -43.413252 -29.764087
v 138.430410 -42.221507 -29.764087
v 144.184666 -42.221507 -29.764087
v 145.376411 -39.344379 -29.764087
v 144.184666 -36.467251 -29.764087
v 141.307538 -35.275505 -29.764087
v 138.430410 -36.467251 -29.764087
v 137.238665 -39.344379 -29.764087
v -136.237520 -33.435297 -1.845589
v -136.323325 -38.640286 -13.523982
v -137.783167 -35.115915 -13.523982
v -141.307538 -33.656073 -13.523982
v -144.831909 -35.115915 -13.523982
v -146.291751 -38.640286 -13.523982
v -144.831909 -42.164657 -13.523982
v -141.307538 -43.624499 -13.523982
v 141.307538 -43.624499 -13.523982
v 137.783167 -42.164657 -13.523982
v 144.831909 -42.164657 -13.523982
v 136.323325 -38.640286 -13.523982
v 134.144939 -38.481615 -2.072221
v -137.783167 -42.164657 -13.523982
v -141.307538 -44.616979 -13.523982
v 145.946399 -43.235475 2.652048
v 146.341657 -43.527880 -2.298226
v 145.533698 -42.866446 -13.523982
v -137.238665 -39.344379 -29.764087
v 141.309253 -38.611947 -0.301012
v 141.307538 -45.150603 2.495946
v 141.289612 -45.618111 -2.391840
v 141.307538 -44.616979 -13.523982
v -138.430410 -36.467251 -29.764087
v -141.307538 -35.275505 -29.764087
v 136.668677 -43.235475 2.652048
v 136.237565 -43.527880 -2.298226
v 137.081378 -42.866446 -13.523982
v -144.184666 -36.467251 -29.764087
v -141.289611 -45.618165 -2.391243
v 134.747198 -38.611947 3.028914
v 135.330845 -38.640286 -13.523982
v 83.518964 -48.785632 36.064746
v 87.043335 -47.325790 36.064746
v 87.745124 -48.027579 36.064746
v 83.518964 -49.778112 36.064746
v 76.356217 -43.642728 47.517937
v 78.448886 -38.596360 47.743970
v -145.376411 -39.344379 -29.764087
v -144.184666 -42.221507 -29.764087
v 83.501035 -36.506086 47.837596
v -138.430410 -42.221507 -29.764087
v 88.553184 -38.596360 47.743970
v -141.307538 -43.413252 -29.764087
v 90.645853 -43.642728 47.517937
v -83.518964 -41.692151 19.824641
v 79.450090 -44.505511 19.824641
v 80.641836 -41.628383 19.824641
v 81.193110 -42.655551 19.824641
v 80.229710 -44.981405 19.824641
v 80.641836 -47.382639 19.824641
v 81.193110 -47.307258 19.824641
v -81.193110 -42.655551 19.824641
v -86.808217 -44.981405 19.824641
v 86.396092 -47.382639 19.824641
v 87.587837 -44.505511 19.824641
v 78.448886 -48.689095 47.291904
v 83.501035 -50.779369 47.198278
v 83.518964 -50.311735 52.084673
v 78.880103 -48.396608 52.240776
v 79.292804 -48.027579 36.064746
v -85.844817 -42.655551 19.824641
v -83.518964 -48.270658 19.824641
v 79.994593 -47.325790 36.064746
v 83.518964 -41.692151 19.824641
v -85.844817 -47.307258 19.824641
v -79.292804 -48.027579 36.064746
v 85.844817 -42.655551 19.824641
v 86.808217 -44.981405 19.824641
v -78.880103 -48.396608 52.240776
v -148.434345 -38.481606 -2.071607
v -141.307538 -45.150603 2.495946
v -141.309253 -38.611947 -0.301012
v -145.533698 -42.866446 -13.523982
v -83.518964 -49.778112 36.064746
v -83.518964 -50.311735 52.084673
v 83.518964 -40.436638 19.824641
v -134.747198 -38.611947 3.028914
v -87.745124 -48.027579 36.064746
v 83.518964 -48.270658 19.824641
v -88.157825 -48.396608 52.240776
v -135.330845 -38.640286 -13.523982
v 83.518964 -48.574385 19.824641
v 85.844817 -47.307258 19.824641
v 86.396092 -41.628383 19.824641
v 78.534751 -43.801419 36.064746
v 79.994593 -40.277048 36.064746
v -89.495657 -43.801419 36.064746
v 88.503177 -43.801419 36.064746
v 83.518964 -38.817206 36.064746
v 87.043335 -40.277048 36.064746
v -90.079304 -43.773080 52.617641
v 88.553184 -48.689095 47.291904
v -138.981685 -37.494419 -29.764087
v -87.745124 -39.575259 36.064746
v -146.341700 -43.527916 -2.297624
v 78.880103 -39.149553 52.994507
v 76.958623 -43.773080 52.617641
v 79.292804 -39.575259 36.064746
v 77.542271 -43.801419 36.064746
v -88.157825 -39.149553 52.994507
v 83.518964 -44.981405 8.840654
v -145.946399 -43.235475 2.652048
v 83.518964 -37.234425 53.150610
v 83.518964 -37.824726 36.064746
v 83.520679 -43.773080 49.287716
v 88.157825 -39.149553 52.994507
v 88.157825 -48.396608 52.240776
v -147.284231 -38.640286 -13.523982
v -141.307538 -36.531019 -29.764087
v 89.495657 -43.801419 36.064746
v 90.079304 -43.773080 52.617641
v -83.518964 -37.824726 36.064746
v 87.745124 -39.575259 36.064746
v -81.193110 -47.307258 19.824641
v -80.229710 -44.981405 19.824641
v -79.450090 -44.505511 19.824641
v -80.641836 -47.382639 19.824641
v -83.518964 -48.574385 19.824641
v -83.518964 -37.234425 53.150610
v -138.981685 -42.146125 -29.764087
v -86.396092 -47.382639 19.824641
v -83.518964 -44.981405 8.840654
v -87.587837 -44.505511 19.824641
v -79.292804 -39.575259 36.064746
v -86.396092 -41.628383 19.824641
v -77.542271 -43.801419 36.064746
v -83.518964 -40.436638 19.824641
v -78.880103 -39.149553 52.994507
v -80.641836 -41.628383 19.824641
v -76.958623 -43.773080 52.617641
v -138.018285 -39.820272 -29.764087
v -79.994593 -47.325790 36.064746
v -83.518964 -48.785632 36.064746
v -87.043335 -47.325790 36.064746
v -88.503177 -43.801419 36.064746
v -87.043335 -40.277048 36.064746
v -83.518964 -38.817206 36.064746
v -79.994593 -40.277048 36.064746
v -78.534751 -43.801419 36.064746
v -143.633391 -37.494419 -29.764087
v -83.509296 -43.773080 50.894488
v -78.448931 -38.596413 47.743343
v -76.356281 -43.642737 47.517322
v -78.448931 -48.689059 47.291301
v -83.501036 -36.506157 47.836964
v -83.501036 -50.779315 47.197680
v -88.553141 -38.596413 47.743343
v -88.553141 -48.689059 47.291301
v -90.645791 -43.642737 47.517322
v -17.313999 -33.564911 141.139554
v -17.687306 -33.583530 123.728703
v -17.814190 -28.424399 -87.466907
v 11.767910 -37.559950 -7.571637
v 11.767910 -47.273950 -7.571637
v -22.491860 -12.646165 -87.458802
v 0.000000 -41.971832 70.275342
v 11.267910 -37.559950 -7.071637
v 11.267910 -47.273950 -7.071637
v -63.060879 -32.646785 -27.014956
v 2.863437 -47.740317 9.095661
v 7.770351 -38.776694 197.550921
v 10.767910 -37.559950 -7.571637
v 10.767910 -47.273950 -7.571637
v -17.309541 -33.472517 126.231277
v 22.255249 -33.003210 70.317898
v 22.736047 -15.350964 70.319630
v 16.414943 -2.320354 70.296355
v 0.000000 5.370322 70.278831
v -12.385410 -45.409995 -0.992536
v 197.749475 -20.376690 -68.034317
v -12.297031 -45.782554 6.117450
v 3.520118 5.897782 -219.984012
v -4.075693 2.337672 -220.387716
v -3.520118 5.897782 -219.984012
v 0.000000 -40.788311 25.183237
v -5.975157 -36.257294 182.041619
v 14.334106 1.906436 127.316110
v 0.000000 8.337937 127.451592
v 21.418846 -37.674352 23.005752
v -107.773961 -26.156752 10.891384
v 4.075693 2.337672 -220.387716
v -19.539915 -42.149192 -8.510114
v 6.123379 -36.344565 182.027484
v -18.870888 -38.408748 -8.050397
v 106.196621 -27.315690 -35.252912
v -197.734175 -20.552323 -73.110354
v 103.860439 -29.381699 -14.017255
v 0.000000 -41.404759 127.372457
v 2.863437 -47.740317 24.989764
v 104.591152 -31.309830 -37.994123
v 104.591152 -29.631486 -46.640851
v 21.032134 -30.732688 87.373227
v 19.066048 -29.300265 127.301319
v 20.783330 -12.795814 127.231476
v 0.000000 -23.469209 -141.624036
v 19.480801 -35.875571 -21.312726
v 107.773961 -26.156752 10.891384
v -45.173671 -32.669089 -24.476422
v -106.196621 -27.315690 -35.252912
v 2.863437 -37.036765 9.095661
v -102.985683 -27.315690 -35.252912
v 0.000000 -40.227190 -21.188618
v -104.591152 -27.887630 -46.546206
v 0.000000 -35.520720 -87.499301
v -3.302840 -36.486361 182.033292
v 197.563217 -21.337001 -93.380566
v -12.651595 3.303476 -141.399892
v 37.808354 -47.818168 14.115444
v -6.123379 -36.344565 182.027484
v 0.000000 8.845899 -210.158922
v -19.024744 -39.451290 6.560706
v 37.808354 -33.001543 14.115444
v 0.000000 72.674920 -232.176725
v -0.078015 -50.530598 174.218234
v 0.000000 -40.405446 -7.665026
v -64.665859 -30.564780 -12.629499
v 21.384543 -36.995645 8.209260
v -37.808354 -47.818168 13.115444
v 90.147428 -28.324373 -29.918155
v -15.995416 0.451918 -87.425765
v -7.507481 -45.634848 9.300799
v 3.302840 -36.486361 182.033292
v 3.386259 -38.784187 172.286868
v -19.539915 -42.931479 6.425067
v -17.371905 -7.292525 -141.469378
v 2.863437 -37.036765 24.989764
v -3.386259 -38.784187 172.286868
v 38.308354 -47.818168 13.615444
v -4.475856 7.117020 -138.365876
v -13.699336 -19.900069 -141.389975
v 0.000000 6.725709 -87.421569
v -63.060879 -33.731527 -23.608997
v 19.024744 -39.451290 6.560706
v 38.308354 -33.001543 13.615444
v -22.845125 -14.726266 0.794346
v 19.539915 -42.149192 -8.510114
v 3.695577 -1.508316 -220.546996
v 104.591152 -27.887630 -46.546206
v -37.808354 -33.001543 13.115444
v 10.081211 -41.259238 21.586566
v 16.546721 -1.651307 0.791456
v 10.045801 -41.006942 11.733856
v 15.995416 0.451918 -87.425765
v -21.032134 -30.732688 87.373227
v 12.385410 -45.409995 -0.992536
v 102.985683 -27.315690 -35.252912
v 129.512539 -26.082902 -48.866193
v 12.297031 -45.782554 6.117450
v -38.308354 -47.818168 13.615444
v 37.808354 -47.818168 13.115444
v 16.764803 -12.888397 177.475530
v 37.308354 -33.001543 13.615444
v 10.891772 0.493918 177.217173
v 0.000000 6.458862 177.296618
v 197.734175 -20.552323 -73.110354
v 37.808354 -33.001543 13.115444
v 0.000000 -20.876382 219.532855
v 37.308354 -47.818168 13.615444
v -16.414943 -2.320354 70.296355
v 0.000000 5.507251 0.788930
v -21.418846 -37.674352 23.005752
v 127.907070 -30.077043 -51.607404
v 0.000000 1.627421 -224.045523
v -21.040650 -26.248441 124.557390
v -10.045801 -41.006942 11.733856
v -2.863437 -47.740317 9.095661
v 2.917798 -25.604025 212.609648
v -2.863437 -47.740317 24.989764
v -2.863437 -37.036765 9.095661
v 6.670169 -18.889457 212.731587
v 4.740577 -14.268721 212.459386
v -10.081211 -41.259238 21.586566
v 0.000000 -11.889860 212.803902
v -12.195649 -38.158208 124.604499
v 22.491860 -12.646165 -87.458802
v -22.896280 -21.363585 -62.309600
v -2.863437 -37.036765 24.989764
v 22.845125 -14.726266 0.794346
v 17.006951 -40.086047 -7.424953
v -19.237342 -30.684814 -61.911634
v 17.814190 -28.424399 -87.466907
v 0.000000 71.257268 -207.953441
v 83.555019 -31.316855 -9.559186
v -16.546721 -1.651307 0.791456
v -22.255248 -33.003210 70.317898
v -11.267910 -37.559950 -8.071637
v 127.907070 -28.398698 -60.254132
v -127.907070 -30.077043 -51.607404
v -38.308354 -33.001543 13.615444
v -4.740577 -14.268721 212.459386
v 127.907070 -26.654842 -60.159487
v -6.989590 -42.045127 187.213031
v 6.989590 -42.045127 187.213031
v -7.568691 -33.273032 198.248187
v 5.975157 -36.257294 182.041619
v 19.539915 -42.931479 6.425067
v 84.862636 -31.734021 5.744159
v 18.870888 -38.408748 -8.050397
v 5.869502 -30.521910 198.110469
v 18.870888 -39.171931 6.521625
v 0.000000 8.565421 -220.006461
v -11.267910 -47.273950 -8.071637
v -197.749475 -20.376690 -68.034317
v 83.556729 -29.784873 30.048053
v 126.301601 -26.082902 -48.866193
v 143.039883 -34.542094 -13.866813
v 127.176357 -28.148912 -27.630536
v -69.239501 5.762149 -231.785615
v -69.244543 5.780209 -231.766253
v 64.665859 -30.564780 -12.629499
v 63.060879 -33.731527 -23.608997
v 141.046719 -31.219443 0.441686
v 85.251308 -39.922737 36.351722
v -11.767910 -37.559950 -7.571637
v 0.000000 -26.506469 212.707738
v -37.808354 -33.001543 14.115444
v -21.054374 -32.551964 -9.703931
v -127.907070 -26.654842 -60.159487
v 15.316422 -28.131593 177.431700
v 68.643051 5.027686 -215.483084
v -17.006951 -40.086047 -7.424953
v -105.195290 -22.465720 5.595922
v -127.176357 -28.148912 -27.630536
v -22.058825 -24.938418 76.210330
v 69.239501 5.762149 -231.785615
v -5.784270 -22.634073 212.603118
v 7.568691 -33.273032 198.248187
v -104.591152 -29.631486 -46.640851
v 5.784270 -22.634073 212.603118
v 1.264861 6.413046 176.927034
v 13.699336 -19.900069 -141.389975
v 5.165440 5.231991 174.400648
v 1.284753 6.859762 174.509090
v 17.371905 -7.292525 -141.469377
v 12.651595 3.303476 -141.399892
v 5.129548 4.716444 176.810264
v 0.000000 7.679546 -141.383872
v -11.639023 -38.138248 140.277124
v -37.808354 -47.818168 14.115444
v 21.054374 -32.551964 -9.703931
v 83.258144 -36.380576 50.030414
v -197.563217 -21.337001 -93.380566
v 81.848965 -39.922737 36.351722
v 4.475856 7.117020 -138.365876
v 141.345303 -24.623740 -19.540675
v -18.480057 -29.175093 -79.287184
v -129.512539 -26.082902 -48.866193
v -20.504879 -26.267871 140.280902
v -19.630468 -21.068748 -97.958393
v 0.421985 -50.530598 174.718234
v 4.363104 -0.969199 -213.832013
v -11.267910 -47.273950 -7.071637
v 11.478320 -1.418348 -165.279568
v 22.058825 -24.938418 76.210330
v -141.343594 -26.155723 -54.090394
v -0.578015 -37.636029 174.718234
v 8.389805 -44.421348 24.784442
v 69.244543 5.780209 -231.766253
v 4.727937 -0.378135 -211.843976
v -8.389805 -44.421348 24.784442
v -143.039883 -34.542094 -13.866813
v -0.078015 -37.636029 175.218234
v -127.907070 -28.398698 -60.254132
v -11.267910 -37.559950 -7.071637
v -0.078015 -50.530598 175.218234
v 11.704713 -2.739036 -163.552517
v 0.421985 -37.636029 174.718234
v -37.308354 -47.818168 13.615444
v -126.301601 -26.082902 -48.866193
v -141.046719 -31.219443 0.441686
v 140.223067 -26.559668 -41.932446
v -68.643051 5.027686 -215.483084
v 141.343594 -26.155723 -54.090394
v 142.651211 -26.572888 -42.301087
v -13.371772 -32.595845 -78.892295
v 6.544277 -32.220908 194.452044
v -16.770964 -32.639013 -62.335608
v -17.164993 -26.774679 -98.470152
v -17.631942 -27.974088 -90.420475
v -20.852104 -21.321559 -78.888148
v -20.309937 -21.178958 -90.707538
v -14.334106 1.906437 127.316110
v 82.434493 -31.720800 6.254404
v -11.767910 -47.273950 -7.571637
v -0.078015 -37.636029 174.218234
v -0.578015 -50.530598 174.718234
v -37.308354 -33.001543 13.615444
v 68.637497 5.040432 -215.488219
v -10.767910 -47.273950 -7.571637
v 63.060879 -32.646785 -27.014956
v 63.022548 -32.921470 14.329303
v 62.588711 -34.337241 2.714984
v -10.767910 -37.559950 -7.571637
v 61.454922 -30.564780 -12.629499
v -6.670169 -18.889457 212.731587
v 47.334316 -30.956870 -17.725446
v 45.534023 -34.541953 -22.356427
v 45.173671 -32.669089 -24.476422
v -2.918260 -25.606793 212.604581
v 45.537930 -33.871177 14.908466
v -21.384543 -36.995645 8.209260
v 45.062344 -35.564170 8.174823
v 43.733242 -30.956870 -17.725446
v -45.534023 -34.541953 -22.356427
v -47.334316 -30.956870 -17.725446
v -45.062344 -35.564170 8.174823
v -45.537930 -33.871177 14.908466
v -43.733242 -30.956870 -17.725446
v 0.000000 -4.553313 -220.721920
v -63.022548 -32.921470 14.329303
v -61.454922 -30.564780 -12.629499
v -62.588711 -34.337241 2.714984
v -83.258144 -36.380576 50.030414
v -85.251308 -39.922737 36.351722
v -83.556729 -29.784873 30.048053
v 0.000000 6.797574 -128.517077
v 105.195290 -22.465720 5.595922
v -13.968600 -30.797279 -90.783581
v -141.345303 -24.623740 -19.540675
v -11.704713 -2.739036 -163.552517
v -104.591152 -31.309830 -37.994123
v -140.223067 -26.559668 -41.932446
v -139.637539 -32.887900 -10.427821
v -68.637497 5.040432 -215.488219
v -83.555019 -31.316855 -9.559186
v -4.727937 -0.378135 -211.843976
v -83.550014 -40.629813 20.853289
v -103.860439 -29.381699 -14.017255
v -81.848965 -39.922737 36.351722
v -82.434493 -31.720800 6.254404
v -84.862636 -31.734021 5.744159
v -141.338711 -35.542441 -29.838099
v -142.651211 -26.572888 -42.301087
v 7.507481 -45.634848 9.300799
v 139.637539 -32.887900 -10.427821
v -22.736047 -15.350964 70.319630
v -5.869502 -30.521910 198.110469
v -11.478320 -1.418348 -165.279568
v 0.000000 -32.658663 198.104327
v -4.363104 -0.969199 -213.832013
v 11.267910 -47.273950 -8.071637
v 141.338711 -35.542441 -29.838099
v -3.695577 -1.508316 -220.546996
v -18.870888 -39.171931 6.521625
v 83.550014 -40.629813 20.853289
v -90.147428 -28.324373 -29.918155
v -6.544277 -32.220908 194.452044
v -20.783330 -12.795814 127.231476
v -10.891771 0.493918 177.217173
v -16.764803 -12.888397 177.475530
v 11.267910 -37.559950 -8.071637
v -15.316421 -28.131593 177.431700
v -7.770351 -38.776694 197.550921
v -13.005660 -30.093126 -97.913410
v -19.480801 -35.875571 -21.312726
v 33.278848 -49.444175 18.426601
v 33.278848 -53.227560 18.426601
v 33.278848 -52.504998 20.650419
v 35.856052 -53.227560 18.426601
v 35.856052 -52.504998 20.650419
v 39.885417 -48.275044 5.215867
v 42.462621 -46.383352 6.590263
v 42.462621 -48.275044 5.215867
v 42.462621 -50.613305 5.215867
v 42.462621 -49.444175 8.814081
v 39.885417 -50.613305 5.215867
v 42.462621 -52.504998 6.590263
v 39.885417 -52.504998 6.590263
v 42.462621 -53.227560 8.814081
v 39.885417 -53.227560 8.814081
v 42.462621 -52.504998 11.037899
v 39.885417 -52.504998 11.037899
v 42.462621 -50.613305 12.412294
v 39.885417 -50.613305 12.412294
v 42.462621 -48.275044 12.412294
v 39.885417 -48.275044 12.412294
v 42.462621 -46.383352 11.037899
v 39.885417 -46.383352 11.037899
v 42.462621 -45.660789 8.814081
v 39.885417 -45.660789 8.814081
v 42.462621 -46.383352 16.202783
v 42.462621 -45.660789 18.426601
v 42.462621 -49.444175 18.426601
v 39.885417 -46.383352 16.202783
v 42.462621 -48.275044 14.828388
v 39.885417 -48.275044 14.828388
v 33.278848 -48.275044 12.412294
v 35.856052 -50.613305 12.412294
v 35.856052 -48.275044 12.412294
v 42.462621 -50.613305 14.828388
v 39.885417 -50.613305 14.828388
v 42.462621 -52.504998 16.202783
v 39.885417 -52.504998 16.202783
v 42.462621 -53.227560 18.426601
v 39.885417 -53.227560 18.426601
v 42.462621 -52.504998 20.650419
v 39.885417 -52.504998 20.650419
v 33.278848 -49.444175 8.814081
v 33.278848 -46.383352 11.037899
v 42.462621 -50.613305 22.024814
v 39.885417 -50.613305 22.024814
v 35.856052 -46.383352 11.037899
v 42.462621 -48.275044 22.024814
v 39.885417 -48.275044 22.024814
v 42.462621 -46.383352 20.650419
v 39.885417 -46.383352 20.650419
v 33.278848 -46.383352 20.650419
v 35.856052 -48.275044 22.024814
v 35.856052 -46.383352 20.650419
v 39.885417 -45.660789 18.426601
v -33.278848 -46.383352 16.202783
v -33.278848 -45.660789 18.426601
v -33.278848 -49.444175 18.426601
v -35.856052 -46.383352 16.202783
v -33.278848 -48.275044 14.828388
v -35.856052 -48.275044 14.828388
v 33.278848 -50.613305 12.412294
v -33.278848 -50.613305 14.828388
v -35.856052 -50.613305 14.828388
v 33.278848 -45.660789 8.814081
v -33.278848 -52.504998 16.202783
v -35.856052 -52.504998 16.202783
v 35.856052 -45.660789 8.814081
v -33.278848 -53.227560 18.426601
v -35.856052 -53.227560 18.426601
v -33.278848 -52.504998 20.650419
v -35.856052 -52.504998 20.650419
v 35.856052 -52.504998 11.037899
v -33.278848 -50.613305 22.024814
v -35.856052 -50.613305 22.024814
v 33.278848 -52.504998 11.037899
v -33.278848 -48.275044 22.024814
v -35.856052 -48.275044 22.024814
v -33.278848 -46.383352 20.650419
v -35.856052 -46.383352 20.650419
v 39.885417 -46.383352 6.590263
v -35.856052 -45.660789 18.426601
v -33.278848 -46.383352 6.590263
v -33.278848 -45.660789 8.814081
v -33.278848 -49.444175 8.814081
v -35.856052 -46.383352 6.590263
v -33.278848 -48.275044 5.215867
v -35.856052 -48.275044 5.215867
v 33.278848 -50.613305 22.024814
v -33.278848 -50.613305 5.215867
v -35.856052 -50.613305 5.215867
v 35.856052 -53.227560 8.814081
v -33.278848 -52.504998 6.590263
v -35.856052 -52.504998 6.590263
v 33.278848 -53.227560 8.814081
v -33.278848 -53.227560 8.814081
v -35.856052 -53.227560 8.814081
v -33.278848 -52.504998 11.037899
v -35.856052 -52.504998 11.037899
v -33.278848 -50.613305 12.412294
v -35.856052 -50.613305 12.412294
v -33.278848 -48.275044 12.412294
v -35.856052 -48.275044 12.412294
v 35.856052 -52.504998 6.590263
v -33.278848 -46.383352 11.037899
v -35.856052 -46.383352 11.037899
v 33.278848 -52.504998 6.590263
v -35.856052 -45.660789 8.814081
v -42.462621 -49.444175 8.814081
v -42.462621 -45.660789 8.814081
v -42.462621 -46.383352 6.590263
v -39.885417 -45.660789 8.814081
v -39.885417 -46.383352 6.590263
v -42.462621 -48.275044 5.215867
v -39.885417 -48.275044 5.215867
v -42.462621 -50.613305 5.215867
v -39.885417 -50.613305 5.215867
v 35.856052 -50.613305 5.215867
v -42.462621 -52.504998 6.590263
v -39.885417 -52.504998 6.590263
v 33.278848 -50.613305 5.215867
v -42.462621 -53.227560 8.814081
v -39.885417 -53.227560 8.814081
v -42.462621 -52.504998 11.037899
v -39.885417 -52.504998 11.037899
v -42.462621 -50.613305 12.412294
v -39.885417 -50.613305 12.412294
v -42.462621 -48.275044 12.412294
v -39.885417 -48.275044 12.412294
v 35.856052 -48.275044 5.215867
v -42.462621 -46.383352 11.037899
v -39.885417 -46.383352 11.037899
v 33.278848 -48.275044 5.215867
v -42.462621 -49.444175 18.426601
v -42.462621 -45.660789 18.426601
v -42.462621 -46.383352 16.202783
v -39.885417 -45.660789 18.426601
v -39.885417 -46.383352 16.202783
v 35.856052 -46.383352 16.202783
v 35.856052 -45.660789 18.426601
v -15.922177 -45.660789 -2.760480
v -13.344973 -46.383352 -0.536662
v -13.344973 -45.660789 -2.760480
v -42.462621 -48.275044 14.828388
v -39.885417 -48.275044 14.828388
v -15.922177 -49.444175 -2.760480
v -15.922177 -46.383352 -0.536662
v -42.462621 -50.613305 14.828388
v -39.885417 -50.613305 14.828388
v 35.856052 -46.383352 6.590263
v -42.462621 -52.504998 16.202783
v -39.885417 -52.504998 16.202783
v 33.278848 -46.383352 6.590263
v -42.462621 -53.227560 18.426601
v -39.885417 -53.227560 18.426601
v -42.462621 -52.504998 20.650419
v -39.885417 -52.504998 20.650419
v -13.344973 -48.275044 0.837733
v -15.922177 -48.275044 0.837733
v -42.462621 -50.613305 22.024814
v -39.885417 -50.613305 22.024814
v -39.885417 -46.383352 20.650419
v -42.462621 -48.275044 22.024814
v -39.885417 -48.275044 22.024814
v -42.462621 -46.383352 20.650419
v -13.344973 -50.613305 0.837733
v 6.738403 -49.444175 -2.760480
v 6.738403 -45.660789 -2.760480
v 6.738403 -46.383352 -4.984298
v 9.315607 -45.660789 -2.760480
v 9.315607 -46.383352 -4.984298
v -15.922177 -50.613305 0.837733
v 6.738403 -48.275044 -6.358693
v 9.315607 -48.275044 -6.358693
v 6.738403 -50.613305 -6.358693
v 9.315607 -50.613305 -6.358693
v 33.278848 -48.275044 22.024814
v 6.738403 -52.504998 -4.984298
v 9.315607 -52.504998 -4.984298
v 6.738403 -53.227560 -2.760480
v 9.315607 -53.227560 -2.760480
v -13.344973 -52.504998 -0.536662
v 6.738403 -52.504998 -0.536662
v 9.315607 -52.504998 -0.536662
v -15.922177 -52.504998 -0.536662
v 6.738403 -50.613305 0.837733
v 9.315607 -50.613305 0.837733
v 6.738403 -48.275044 0.837733
v 9.315607 -48.275044 0.837733
v 9.315607 -46.383352 -0.536662
v 6.738403 -46.383352 -0.536662
v 35.856052 -52.504998 16.202783
v -13.344973 -53.227560 -2.760480
v -15.922177 -53.227560 -2.760480
v 6.738403 -49.444175 -12.373001
v 6.738403 -45.660789 -12.373001
v 6.738403 -46.383352 -14.596819
v 9.315607 -45.660789 -12.373001
v 9.315607 -46.383352 -14.596819
v 33.278848 -48.275044 14.828388
v 33.278848 -50.613305 14.828388
v 6.738403 -48.275044 -15.971214
v 9.315607 -48.275044 -15.971214
v 9.315607 -46.383352 -10.149182
v 6.738403 -50.613305 -15.971214
v 9.315607 -50.613305 -15.971214
v -13.344973 -52.504998 -4.984298
v -15.922177 -52.504998 -4.984298
v 6.738403 -52.504998 -14.596819
v 9.315607 -52.504998 -14.596819
v 6.738403 -53.227560 -12.373001
v 9.315607 -53.227560 -12.373001
v 35.856052 -48.275044 14.828388
v 13.344973 -45.660789 -12.373001
v 13.344973 -48.275044 -8.774787
v 13.344973 -46.383352 -10.149182
v 6.738403 -52.504998 -10.149182
v 9.315607 -52.504998 -10.149182
v 33.278848 -46.383352 16.202783
v -13.344973 -50.613305 -6.358693
v 6.738403 -50.613305 -8.774787
v 9.315607 -50.613305 -8.774787
v -15.922177 -50.613305 -6.358693
v 6.738403 -48.275044 -8.774787
v 9.315607 -48.275044 -8.774787
v 6.738403 -46.383352 -10.149182
v 33.278848 -52.504998 16.202783
v 35.856052 -50.613305 14.828388
v 13.344973 -45.660789 -2.760480
v 13.344973 -48.275044 0.837733
v 13.344973 -46.383352 -0.536662
v -13.344973 -48.275044 -6.358693
v 15.922177 -46.383352 -14.596819
v 15.922177 -45.660789 -12.373001
v 15.922177 -49.444175 -12.373001
v 13.344973 -46.383352 -14.596819
v -15.922177 -48.275044 -6.358693
v 15.922177 -48.275044 -15.971214
v 13.344973 -48.275044 -15.971214
v -9.315607 -45.660789 -2.760480
v -9.315607 -48.275044 0.837733
v -9.315607 -46.383352 -0.536662
v 15.922177 -50.613305 -15.971214
v 13.344973 -50.613305 -15.971214
v -13.344973 -46.383352 -4.984298
v 15.922177 -52.504998 -14.596819
v 13.344973 -52.504998 -14.596819
v -15.922177 -46.383352 -4.984298
v 15.922177 -53.227560 -12.373001
v 13.344973 -53.227560 -12.373001
v -9.315607 -45.660789 -12.373001
v -9.315607 -48.275044 -8.774787
v -9.315607 -46.383352 -10.149182
v 15.922177 -52.504998 -10.149182
v 13.344973 -52.504998 -10.149182
v 15.922177 -50.613305 -8.774787
v 13.344973 -50.613305 -8.774787
v 15.922177 -48.275044 -8.774787
v 33.278848 -45.660789 18.426601
v 15.922177 -46.383352 -10.149182
v -13.344973 -46.383352 -10.149182
v -13.344973 -46.383352 -14.596819
v -13.344973 -45.660789 -12.373001
v -15.922177 -45.660789 -12.373001
v 15.922177 -46.383352 -4.984298
v 15.922177 -45.660789 -2.760480
v 15.922177 -49.444175 -2.760480
v 13.344973 -46.383352 -4.984298
v -15.922177 -49.444175 -12.373001
v -15.922177 -46.383352 -10.149182
v 15.922177 -48.275044 -6.358693
v 13.344973 -48.275044 -6.358693
v 15.922177 -50.613305 -6.358693
v 13.344973 -50.613305 -6.358693
v 15.922177 -52.504998 -4.984298
v 13.344973 -52.504998 -4.984298
v -13.344973 -48.275044 -8.774787
v 15.922177 -53.227560 -2.760480
v 13.344973 -53.227560 -2.760480
v -15.922177 -48.275044 -8.774787
v 15.922177 -52.504998 -0.536662
v 13.344973 -52.504998 -0.536662
v 15.922177 -50.613305 0.837733
v 13.344973 -50.613305 0.837733
v -13.344973 -50.613305 -8.774787
v 15.922177 -48.275044 0.837733
v -15.922177 -50.613305 -8.774787
v 15.922177 -46.383352 -0.536662
v 35.856052 -50.613305 22.024814
v -6.738403 -46.383352 -4.984298
v -6.738403 -45.660789 -2.760480
v -6.738403 -49.444175 -2.760480
v -9.315607 -46.383352 -4.984298
v -13.344973 -52.504998 -10.149182
v -6.738403 -48.275044 -6.358693
v -9.315607 -48.275044 -6.358693
v -15.922177 -52.504998 -10.149182
v -6.738403 -50.613305 -6.358693
v -9.315607 -50.613305 -6.358693
v -6.738403 -52.504998 -4.984298
v -9.315607 -52.504998 -4.984298
v -13.344973 -53.227560 -12.373001
v -6.738403 -53.227560 -2.760480
v -9.315607 -53.227560 -2.760480
v -15.922177 -53.227560 -12.373001
v -6.738403 -52.504998 -0.536662
v -9.315607 -52.504998 -0.536662
v -6.738403 -50.613305 0.837733
v -9.315607 -50.613305 0.837733
v -6.738403 -48.275044 0.837733
v -13.344973 -52.504998 -14.596819
v -6.738403 -46.383352 -0.536662
v -15.922177 -52.504998 -14.596819
v -6.738403 -46.383352 -14.596819
v -6.738403 -45.660789 -12.373001
v -6.738403 -49.444175 -12.373001
v -9.315607 -46.383352 -14.596819
v -13.344973 -50.613305 -15.971214
v -6.738403 -48.275044 -15.971214
v -9.315607 -48.275044 -15.971214
v -15.922177 -50.613305 -15.971214
v -6.738403 -50.613305 -15.971214
v -9.315607 -50.613305 -15.971214
v -6.738403 -52.504998 -14.596819
v -9.315607 -52.504998 -14.596819
v -6.738403 -53.227560 -12.373001
v -9.315607 -53.227560 -12.373001
v -13.344973 -48.275044 -15.971214
v -6.738403 -52.504998 -10.149182
v -9.315607 -52.504998 -10.149182
v -15.922177 -48.275044 -15.971214
v -6.738403 -50.613305 -8.774787
v -9.315607 -50.613305 -8.774787
v -6.738403 -48.275044 -8.774787
v -6.738403 -46.383352 -10.149182
v -15.922177 -46.383352 -14.596819
v 2.155077 -47.034258 174.747971
v 4.732281 -47.756820 176.971789
v 4.732281 -47.034258 174.747971
v 2.155077 -49.648513 171.149758
v 4.732281 -47.756820 172.524153
v 4.732281 -49.648513 171.149758
v 4.732281 -51.986774 171.149758
v 4.732281 -50.817643 174.747971
v 2.155077 -47.756820 172.524153
v 4.732281 -49.648513 178.346184
v 2.155077 -50.817643 174.747971
v 4.732281 -53.878466 172.524153
v 2.155077 -51.986774 171.149758
v 2.155077 -47.756820 176.971789
v 4.732281 -51.986774 178.346184
v 4.732281 -54.601029 174.747971
v 2.155077 -53.878466 172.524153
v 2.155077 -49.648513 178.346184
v 4.732281 -53.878466 176.971789
v 2.155077 -54.601029 174.747971
v 2.155077 -51.986774 178.346184
v 2.155077 -53.878466 176.971789
v -4.451492 -50.817643 174.747971
v -4.451492 -47.034258 174.747971
v -4.451492 -47.756820 172.524153
v -4.451492 -49.648513 171.149758
v -4.451492 -47.756820 176.971789
v -1.874288 -47.034258 174.747971
v -1.874288 -47.756820 172.524153
v -4.451492 -51.986774 171.149758
v -1.874288 -49.648513 171.149758
v -1.874288 -47.756820 176.971789
v -4.451492 -49.648513 178.346184
v -4.451492 -53.878466 172.524153
v -1.874288 -51.986774 171.149758
v -1.874288 -49.648513 178.346184
v -4.451492 -51.986774 178.346184
v -4.451492 -54.601029 174.747971
v -1.874288 -53.878466 172.524153
v -1.874288 -51.986774 178.346184
v -4.451492 -53.878466 176.971789
v -1.874288 -54.601029 174.747971
v -1.874288 -53.878466 176.971789
v -33.110626 -47.521680 17.029827
v -33.110626 -47.067840 18.426601
v -32.974285 -49.444175 18.426601
v -33.110626 -48.709847 16.166573
v -33.110626 -50.178502 16.166573
v -33.110626 -51.366670 17.029827
v -33.110626 -51.820509 18.426601
v -33.110626 -51.366670 19.823376
v -33.110626 -50.178502 20.686630
v -33.110626 -48.709847 20.686630
v -33.110626 -47.521680 19.823376
v -33.110626 -47.521680 7.417306
v -33.110626 -47.067840 8.814081
v -32.974285 -49.444175 8.814081
v -33.110626 -48.709847 6.554052
v -33.110626 -50.178502 6.554052
v -33.110626 -51.366670 7.417306
v -33.110626 -51.820509 8.814081
v -33.110626 -51.366670 10.210855
v -33.110626 -50.178502 11.074109
v -33.110626 -48.709847 11.074109
v -33.110626 -47.521680 10.210855
v -42.873509 -49.444175 8.814081
v -42.630843 -47.067840 8.814081
v -42.630843 -47.521680 7.417306
v -42.630843 -48.709847 6.554052
v -42.630843 -50.178502 6.554052
v -42.630843 -51.366670 7.417306
v -42.630843 -51.820509 8.814081
v -42.630843 -51.366670 10.210855
v -42.630843 -50.178502 11.074109
v -42.630843 -48.709847 11.074109
v -42.630843 -47.521680 10.210855
v -42.873509 -49.444175 18.426601
v -42.630843 -47.067840 18.426601
v -42.630843 -47.521680 17.029827
v -42.630843 -48.709847 16.166573
v -42.630843 -50.178502 16.166573
v -16.298622 -49.444175 -2.760480
v -16.090398 -47.521680 -1.363706
v -16.090398 -47.067840 -2.760480
v -42.630843 -51.366670 17.029827
v -42.630843 -51.820509 18.426601
v -42.630843 -51.366670 19.823376
v -42.630843 -50.178502 20.686630
v -16.090398 -48.709847 -0.500451
v -42.630843 -48.709847 20.686630
v -42.630843 -47.521680 19.823376
v -16.090398 -50.178502 -0.500451
v -16.090398 -51.366670 -1.363706
v -16.090398 -51.820509 -2.760480
v -16.090398 -51.366670 -4.157254
v -16.090398 -50.178502 -5.020509
v -16.090398 -48.709847 -5.020509
v -16.090398 -47.521680 -4.157254
v -16.298622 -49.444175 -12.373001
v -16.090398 -47.521680 -10.976226
v -16.090398 -47.067840 -12.373001
v -16.090398 -48.709847 -10.112972
v -16.090398 -50.178502 -10.112972
v -6.570181 -47.521680 -4.157254
v -6.570181 -47.067840 -2.760480
v -6.361308 -49.444175 -2.760480
v -6.570181 -48.709847 -5.020509
v -16.090398 -51.366670 -10.976226
v -6.570181 -50.178502 -5.020509
v -6.570181 -51.366670 -4.157254
v -6.570181 -51.820509 -2.760480
v -6.570181 -51.366670 -1.363706
v -16.090398 -51.820509 -12.373001
v -6.570181 -50.178502 -0.500451
v -6.570181 -48.709847 -0.500451
v -6.570181 -47.521680 -1.363706
v -16.090398 -51.366670 -13.769775
v -6.570181 -47.521680 -13.769775
v -6.570181 -47.067840 -12.373001
v -6.421298 -49.444175 -12.373001
v -6.570181 -48.709847 -14.633029
v -6.570181 -50.178502 -14.633029
v -16.090398 -50.178502 -14.633029
v -6.570181 -51.366670 -13.769775
v -6.570181 -51.820509 -12.373001
v -6.570181 -51.366670 -10.976226
v -16.090398 -48.709847 -14.633029
v -6.570181 -50.178502 -10.112972
v -6.570181 -48.709847 -10.112972
v -6.570181 -47.521680 -10.976226
v -16.090398 -47.521680 -13.769775
v 6.421298 -49.444175 -12.373001
v 6.570181 -47.067840 -12.373001
v 6.570181 -47.521680 -13.769775
v 6.570181 -48.709847 -14.633029
v 6.570181 -50.178502 -14.633029
v 6.570181 -51.366670 -13.769775
v 6.570181 -51.820509 -12.373001
v 6.570181 -51.366670 -10.976226
v 6.570181 -50.178502 -10.112972
v 6.570181 -48.709847 -10.112972
v 6.570181 -47.521680 -10.976226
v 6.361308 -49.444175 -2.760480
v 6.570181 -47.067840 -2.760480
v 6.570181 -47.521680 -4.157254
v 6.570181 -48.709847 -5.020509
v 6.570181 -50.178502 -5.020509
v 6.570181 -51.366670 -4.157254
v 6.570181 -51.820509 -2.760480
v 6.570181 -51.366670 -1.363706
v 6.570181 -50.178502 -0.500451
v 6.570181 -48.709847 -0.500451
v 6.570181 -47.521680 -1.363706
v 42.630843 -50.178502 6.554052
v 42.630843 -48.709847 6.554052
v 42.873509 -49.444175 8.814081
v 42.630843 -51.366670 7.417306
v 42.630843 -51.820509 8.814081
v 42.630843 -51.366670 10.210855
v 42.630843 -50.178502 11.074109
v 42.630843 -48.709847 11.074109
v 42.630843 -47.521680 10.210855
v 42.630843 -47.067840 8.814081
v 42.630843 -47.521680 17.029827
v 42.630843 -47.067840 18.426601
v 42.873509 -49.444175 18.426601
v 42.630843 -48.709847 16.166573
v 42.630843 -50.178502 16.166573
v 42.630843 -51.366670 17.029827
v 42.630843 -51.820509 18.426601
v 32.974285 -49.444175 8.814081
v 33.110626 -48.709847 11.074109
v 33.110626 -47.521680 10.210855
v 42.630843 -51.366670 19.823376
v 32.974285 -49.444175 18.426601
v 33.110626 -47.521680 19.823376
v 33.110626 -47.067840 18.426601
v 42.630843 -50.178502 20.686630
v 33.110626 -51.820509 18.426601
v 33.110626 -51.366670 19.823376
v 42.630843 -48.709847 20.686630
v 42.630843 -47.521680 19.823376
v 33.110626 -47.067840 8.814081
v 33.110626 -50.178502 11.074109
v 33.110626 -50.178502 20.686630
v 42.630843 -47.521680 7.417306
v 33.110626 -51.366670 10.210855
v 33.110626 -51.820509 8.814081
v 33.110626 -51.366670 7.417306
v 33.110626 -50.178502 6.554052
v 33.110626 -48.709847 6.554052
v 33.110626 -47.521680 7.417306
v 33.110626 -48.709847 20.686630
v 33.110626 -48.709847 16.166573
v 33.110626 -50.178502 16.166573
v 33.110626 -47.521680 17.029827
v 33.110626 -51.366670 17.029827
v 16.090398 -47.521680 -4.157254
v 16.090398 -47.067840 -2.760480
v 16.298622 -49.444175 -2.760480
v 16.090398 -48.709847 -5.020509
v 16.090398 -50.178502 -5.020509
v 16.090398 -51.366670 -4.157254
v 16.090398 -51.820509 -2.760480
v 16.090398 -51.366670 -1.363706
v 16.090398 -50.178502 -0.500451
v 16.090398 -48.709847 -0.500451
v 16.090398 -47.521680 -1.363706
v 16.090398 -47.521680 -13.769775
v 16.090398 -47.067840 -12.373001
v 16.298622 -49.444175 -12.373001
v 16.090398 -48.709847 -14.633029
v 16.090398 -50.178502 -14.633029
v 16.090398 -51.366670 -13.769775
v 16.090398 -51.820509 -12.373001
v 16.090398 -51.366670 -10.976226
v 16.090398 -50.178502 -10.112972
v 16.090398 -48.709847 -10.112972
v 16.090398 -47.521680 -10.976226
v 4.970878 -51.551971 172.487942
v 4.970878 -50.083316 172.487942
v 4.970878 -50.817643 174.747971
v 4.970878 -48.441309 174.747971
v 4.970878 -48.895148 176.144745
v 4.970878 -48.895148 173.351196
v 4.970878 -50.083316 177.007999
v 4.970878 -52.740138 173.351196
v 4.970878 -51.551971 177.007999
v 4.970878 -53.193978 174.747971
v 4.970878 -52.740138 176.144745
v -4.690089 -50.817643 174.747971
v -4.690089 -48.441309 174.747971
v -4.690089 -48.895148 173.351196
v -4.690089 -50.083316 172.487942
v -4.690089 -48.895148 176.144745
v -4.690089 -51.551971 172.487942
v -4.690089 -50.083316 177.007999
v -4.690089 -52.740138 173.351196
v -4.690089 -51.551971 177.007999
v -4.690089 -53.193978 174.747971
v -4.690089 -52.740138 176.144745
v -23.155456 -18.186901 19.530859
v -23.210142 -15.928766 20.978356
v -23.148508 -18.183947 20.966025
v -22.223734 -14.267813 94.940494
v -21.153576 -11.708129 100.923836
v -21.995129 -13.990500 101.177288
v -19.698492 -12.084277 155.157823
v -19.995866 -18.860129 156.048773
v -19.927148 -23.629413 155.368386
v -19.301437 -23.637414 161.068027
v -19.806045 -16.687588 157.523531
v -19.066574 -12.077173 161.034268
v -23.169284 -14.704612 24.741851
v -21.695570 -11.010309 18.871467
v -21.638982 -10.981045 24.561488
v -22.956925 -22.788118 18.886623
v -23.219472 -15.921104 19.541019
v -19.857360 -18.904884 157.437728
v -19.944090 -16.637566 156.050360
v -22.381788 -18.805701 95.936185
v -22.107385 -23.685073 100.890331
v -22.289460 -23.684258 95.169818
v -22.377507 -18.348048 -46.258071
v -23.116705 -14.833087 -47.293679
v -22.920583 -16.128649 -46.261904
v -22.028600 -11.401773 -41.323585
v -23.141881 -14.846370 -41.085395
v -22.328760 -16.593212 95.937837
v -22.942035 -16.133578 -44.834624
v -21.112809 -23.107972 -41.362371
v -21.019163 -23.074762 -46.979289
v -17.660972 -7.981870 -140.657206
v -16.058439 -14.751097 -139.898508
v -13.970623 -19.515982 -140.525846
v -18.281966 -7.976886 -135.122585
v -16.285066 -14.728966 -138.455099
v -16.953651 -12.543688 -138.461318
v -14.946131 -19.657840 -135.078321
v -22.400178 -18.347724 -44.831070
v -22.956456 -22.786719 24.570625
v -22.282216 -16.589574 97.370742
v -22.336913 -18.811660 97.364862
v -16.732263 -12.564114 -139.900516
v -23.203809 -14.706310 18.634278
v -21.262239 -11.724342 95.203764
v -22.035787 -11.398762 -47.006679
#end 1911 vertices

#begin 6253 normals
vn -0.947423 -0.296937 -0.119239
vn -0.947423 -0.296937 -0.119239
vn -0.947423 -0.296937 -0.119239
vn -0.947423 -0.296937 -0.119239
vn -0.947423 -0.296937 -0.119239
vn -0.947423 -0.296937 -0.119239
vn -0.950525 -0.310171 -0.017222
vn -0.950525 -0.310171 -0.017222
vn -0.950525 -0.310171 -0.017222
vn -0.950525 -0.310171 -0.017222
vn -0.950525 -0.310171 -0.017222
vn -0.950525 -0.310171 -0.017222
vn -0.982816 -0.183751 -0.017584
vn -0.982816 -0.183751 -0.017584
vn -0.982794 -0.183889 -0.017361
vn -0.982837 -0.183613 -0.017807
vn -0.982816 -0.183751 -0.017584
vn -0.982816 -0.183751 -0.017584
vn -0.982815 -0.183752 -0.017585
vn -0.982815 -0.183752 -0.017585
vn -0.982794 -0.183889 -0.017363
vn -0.982837 -0.183614 -0.017807
vn -0.982815 -0.183752 -0.017585
vn -0.982815 -0.183752 -0.017585
vn -0.950525 -0.310171 -0.017222
vn -0.950525 -0.310171 -0.017222
vn -0.950525 -0.310171 -0.017222
vn -0.950525 -0.310170 -0.017222
vn -0.950525 -0.310171 -0.017222
vn -0.950525 -0.310171 -0.017222
vn -0.949945 -0.310122 -0.037800
vn -0.949945 -0.310122 -0.037800
vn -0.949945 -0.310122 -0.037800
vn -0.949945 -0.310122 -0.037800
vn -0.949945 -0.310122 -0.037800
vn -0.949945 -0.310122 -0.037800
vn -0.949945 -0.310122 -0.037800
vn -0.949945 -0.310122 -0.037800
vn -0.949945 -0.310122 -0.037800
vn -0.949945 -0.310122 -0.037800
vn -0.949945 -0.310122 -0.037800
vn -0.949945 -0.310122 -0.037800
vn -0.949945 -0.310123 -0.037800
vn -0.949945 -0.310123 -0.037800
vn -0.949945 -0.310123 -0.037800
vn -0.949945 -0.310122 -0.037801
vn -0.949945 -0.310123 -0.037800
vn -0.949945 -0.310123 -0.037800
vn -0.949945 -0.310122 -0.037800
vn -0.949945 -0.310122 -0.037800
vn -0.949945 -0.310122 -0.037800
vn -0.949945 -0.310122 -0.037800
vn -0.949945 -0.310122 -0.037800
vn -0.949945 -0.310122 -0.037800
vn -0.949945 -0.310122 -0.037801
vn -0.949945 -0.310122 -0.037801
vn -0.949945 -0.310122 -0.037801
vn -0.949945 -0.310122 -0.037801
vn -0.949945 -0.310122 -0.037801
vn -0.949945 -0.310122 -0.037801
vn -0.949945 -0.310123 -0.037800
vn -0.949945 -0.310123 -0.037800
vn -0.949945 -0.310122 -0.037801
vn -0.949945 -0.310123 -0.037800
vn -0.949945 -0.310123 -0.037800
vn -0.949945 -0.310123 -0.037800
vn -0.952852 -0.302076 -0.028696
vn -0.952852 -0.302076 -0.028696
vn -0.954238 -0.296636 -0.037920
vn -0.951355 -0.307482 -0.019468
vn -0.952852 -0.302076 -0.028696
vn -0.952852 -0.302076 -0.028696
vn -0.958562 -0.284268 -0.018744
vn -0.958562 -0.284268 -0.018744
vn -0.958586 -0.284176 -0.018899
vn -0.958537 -0.284359 -0.018590
vn -0.958562 -0.284268 -0.018744
vn -0.958562 -0.284268 -0.018744
vn -0.952558 -0.282340 -0.113650
vn -0.952558 -0.282340 -0.113650
vn -0.952558 -0.282340 -0.113650
vn -0.952558 -0.282340 -0.113650
vn -0.952558 -0.282340 -0.113650
vn -0.952558 -0.282340 -0.113650
vn -0.952558 -0.282340 -0.113650
vn -0.952558 -0.282340 -0.113650
vn -0.952558 -0.282340 -0.113650
vn -0.952558 -0.282340 -0.113650
vn -0.952558 -0.282340 -0.113650
vn -0.952558 -0.282340 -0.113650
vn -0.952558 -0.282340 -0.113650
vn -0.952558 -0.282340 -0.113650
vn -0.952558 -0.282341 -0.113649
vn -0.952559 -0.282340 -0.113650
vn -0.952558 -0.282340 -0.113650
vn -0.952558 -0.282340 -0.113650
vn -0.952558 -0.282340 -0.113650
vn -0.952558 -0.282340 -0.113650
vn -0.952558 -0.282340 -0.113650
vn -0.952558 -0.282340 -0.113650
vn -0.952558 -0.282340 -0.113650
vn -0.952558 -0.282340 -0.113650
vn -0.952558 -0.282340 -0.113650
vn -0.952558 -0.282340 -0.113650
vn -0.952558 -0.282340 -0.113650
vn -0.952558 -0.282340 -0.113650
vn -0.952558 -0.282340 -0.113650
vn -0.952558 -0.282340 -0.113650
vn -0.952558 -0.282340 -0.113650
vn -0.952558 -0.282340 -0.113650
vn -0.952558 -0.282340 -0.113651
vn -0.952558 -0.282341 -0.113650
vn -0.952558 -0.282340 -0.113650
vn -0.952558 -0.282340 -0.113650
vn -0.952558 -0.282341 -0.113650
vn -0.952558 -0.282341 -0.113650
vn -0.952558 -0.282341 -0.113650
vn -0.952558 -0.282341 -0.113650
vn -0.952558 -0.282341 -0.113650
vn -0.952558 -0.282341 -0.113650
vn -0.952558 -0.282340 -0.113650
vn -0.952558 -0.282340 -0.113650
vn -0.952558 -0.282340 -0.113651
vn -0.952558 -0.282341 -0.113650
vn -0.952558 -0.282340 -0.113650
vn -0.952558 -0.282340 -0.113650
vn -0.952558 -0.282340 -0.113650
vn -0.952558 -0.282340 -0.113650
vn -0.952558 -0.282340 -0.113651
vn -0.952558 -0.282341 -0.113650
vn -0.952558 -0.282340 -0.113650
vn -0.952558 -0.282340 -0.113650
vn -0.952558 -0.282340 -0.113650
vn -0.952558 -0.282340 -0.113650
vn -0.952558 -0.282341 -0.113650
vn -0.952558 -0.282340 -0.113651
vn -0.952558 -0.282340 -0.113650
vn -0.952558 -0.282340 -0.113650
vn -0.951909 -0.283752 -0.115564
vn -0.951909 -0.283752 -0.115564
vn -0.951781 -0.284982 -0.113567
vn -0.952031 -0.282519 -0.117561
vn -0.951909 -0.283752 -0.115564
vn -0.951909 -0.283752 -0.115564
vn -0.949670 -0.290811 -0.116432
vn -0.949670 -0.290811 -0.116432
vn -0.949459 -0.292723 -0.113317
vn -0.949868 -0.288895 -0.119545
vn -0.949670 -0.290811 -0.116432
vn -0.949670 -0.290811 -0.116432
vn -0.947603 -0.296600 -0.118648
vn -0.947603 -0.296600 -0.118648
vn -0.947561 -0.296979 -0.118029
vn -0.947644 -0.296220 -0.119266
vn -0.947603 -0.296600 -0.118648
vn -0.947603 -0.296600 -0.118648
vn -0.869744 0.293655 0.396624
vn -0.869744 0.293655 0.396624
vn -0.866924 0.283327 0.410084
vn -0.869744 0.293655 0.396624
vn -0.869744 0.293655 0.396624
vn -0.872308 0.303897 0.383048
vn -0.628129 0.731059 0.266471
vn -0.628129 0.731059 0.266471
vn -0.623198 0.747046 0.231402
vn -0.632113 0.713968 0.301137
vn -0.628129 0.731059 0.266471
vn -0.628129 0.731059 0.266471
vn -0.941098 0.000011 0.338133
vn -0.931660 0.103847 0.348173
vn -0.908534 0.195157 0.369431
vn -0.419797 0.759955 0.496225
vn -0.467148 0.742063 0.480744
vn -0.380132 0.777632 0.500787
vn -0.916813 0.049155 0.396279
vn -0.916813 0.049155 0.396279
vn -0.904695 0.026974 0.425206
vn -0.880003 0.277910 0.385177
vn -0.908534 0.195157 0.369431
vn -0.931660 0.103847 0.348173
vn -0.551014 0.745989 0.374011
vn -0.551014 0.745989 0.374011
vn -0.543588 0.725810 0.421559
vn -0.916813 0.049155 0.396279
vn -0.916813 0.049155 0.396279
vn -0.927579 0.071265 0.366767
vn -0.915696 -0.036906 0.400172
vn -0.915696 -0.036906 0.400172
vn -0.918349 -0.032620 0.394425
vn -0.912991 -0.041189 0.405896
vn -0.915696 -0.036906 0.400172
vn -0.915696 -0.036906 0.400172
vn -0.961421 -0.078019 0.263786
vn -0.961421 -0.078019 0.263786
vn -0.958689 -0.083474 0.271934
vn -0.964053 -0.072555 0.255611
vn -0.961421 -0.078019 0.263786
vn -0.961421 -0.078019 0.263786
vn -0.330822 0.790550 0.515352
vn -0.380132 0.777632 0.500787
vn -0.340022 0.791647 0.507622
vn 0.407229 0.767318 0.495366
vn 0.362907 0.783971 0.503675
vn 0.368896 0.784494 0.498483
vn -0.964365 -0.084029 0.250877
vn -0.964365 -0.084029 0.250877
vn -0.964387 -0.083982 0.250807
vn 0.999223 -0.031789 -0.023289
vn 0.999868 -0.012661 0.010212
vn 0.999361 -0.035045 0.007040
vn -0.964343 -0.084076 0.250947
vn -0.964365 -0.084029 0.250877
vn -0.964365 -0.084029 0.250877
vn 0.407229 0.767318 0.495366
vn 0.450688 0.748857 0.485894
vn 0.376361 0.778495 0.502293
vn 0.999505 -0.031456 0.001119
vn 0.999505 -0.031456 0.001119
vn 0.999505 -0.031456 0.001119
vn -0.974235 -0.055084 0.218706
vn -0.974235 -0.055084 0.218706
vn -0.977842 -0.045572 0.204322
vn -0.970325 -0.064579 0.233022
vn -0.974235 -0.055084 0.218706
vn -0.974235 -0.055084 0.218706
vn 0.547566 0.738232 0.393935
vn 0.547566 0.738232 0.393935
vn 0.539067 0.716336 0.443023
vn -0.977945 -0.043197 0.204347
vn -0.977945 -0.043197 0.204347
vn -0.977945 -0.043197 0.204347
vn -0.977945 -0.043197 0.204347
vn -0.977945 -0.043197 0.204347
vn -0.977945 -0.043197 0.204347
vn 0.623198 0.747046 0.231402
vn 0.628129 0.731059 0.266471
vn 0.628129 0.731059 0.266471
vn -0.888725 0.458413 0.005089
vn -0.888767 0.458329 0.005254
vn -0.888767 0.458329 0.005254
vn -0.976991 -0.043132 0.208873
vn -0.976991 -0.043132 0.208873
vn -0.976993 -0.043126 0.208864
vn -0.976989 -0.043137 0.208882
vn -0.976991 -0.043132 0.208873
vn -0.976991 -0.043132 0.208873
vn -0.888767 0.458329 0.005254
vn -0.888767 0.458329 0.005254
vn -0.888809 0.458245 0.005418
vn -0.888725 0.458413 0.005090
vn -0.888767 0.458329 0.005254
vn -0.888767 0.458329 0.005254
vn -0.979631 -0.034314 0.197855
vn -0.979631 -0.034314 0.197855
vn -0.982139 -0.026659 0.186256
vn -0.976926 -0.041963 0.209413
vn -0.979631 -0.034314 0.197855
vn -0.979631 -0.034314 0.197855
vn -0.888767 0.458329 0.005254
vn -0.888767 0.458329 0.005254
vn -0.888809 0.458245 0.005419
vn -0.888725 0.458413 0.005089
vn -0.888767 0.458329 0.005254
vn -0.888767 0.458329 0.005254
vn -0.983632 -0.007085 0.180051
vn -0.983632 -0.007085 0.180051
vn -0.983632 -0.007085 0.180051
vn -0.983632 -0.007085 0.180051
vn -0.983632 -0.007085 0.180051
vn -0.983632 -0.007085 0.180051
vn -0.888767 0.458329 0.005254
vn -0.888767 0.458329 0.005254
vn -0.888809 0.458245 0.005419
vn -0.983632 -0.007085 0.180051
vn -0.983632 -0.007085 0.180051
vn -0.983632 -0.007085 0.180051
vn 0.950525 -0.310171 -0.017222
vn 0.950525 -0.310171 -0.017222
vn 0.950525 -0.310171 -0.017222
vn -0.983632 -0.007085 0.180051
vn -0.983632 -0.007085 0.180051
vn -0.983632 -0.007085 0.180051
vn 0.999869 -0.014469 0.007211
vn 0.999869 -0.014469 0.007211
vn 0.999869 -0.014469 0.007211
vn -0.993876 -0.007230 0.110269
vn -0.993876 -0.007230 0.110269
vn -0.993875 -0.007230 0.110269
vn -0.993876 -0.007229 0.110269
vn -0.993876 -0.007230 0.110269
vn -0.993876 -0.007230 0.110269
vn 0.999869 -0.014469 0.007211
vn 0.999869 -0.014469 0.007211
vn 0.999869 -0.014469 0.007211
vn 0.964387 -0.083982 0.250807
vn 0.964365 -0.084029 0.250877
vn 0.964365 -0.084029 0.250877
vn -0.993875 -0.007229 0.110270
vn -0.993875 -0.007229 0.110270
vn -0.993875 -0.007230 0.110270
vn 0.981011 0.193854 -0.006185
vn 0.936623 0.349886 0.017839
vn 0.991882 0.121096 0.038815
vn -0.993875 -0.007229 0.110269
vn -0.993875 -0.007229 0.110270
vn -0.993875 -0.007229 0.110270
vn 0.888767 0.458329 0.005254
vn 0.888767 0.458329 0.005254
vn 0.888725 0.458413 0.005090
vn -0.995001 0.013320 0.098972
vn -0.995001 0.013320 0.098972
vn -0.995001 0.013320 0.098972
vn -0.995001 0.013320 0.098972
vn -0.995001 0.013320 0.098972
vn -0.995001 0.013320 0.098972
vn 0.961421 -0.078019 0.263786
vn 0.961421 -0.078019 0.263786
vn 0.964053 -0.072555 0.255611
vn 0.958689 -0.083474 0.271934
vn 0.961421 -0.078019 0.263786
vn 0.961421 -0.078019 0.263786
vn -0.999503 0.013358 0.028546
vn -0.999503 0.013358 0.028546
vn -0.999503 0.013358 0.028546
vn -0.999503 0.013358 0.028546
vn -0.999503 0.013358 0.028546
vn -0.999503 0.013358 0.028546
vn 0.915696 -0.036906 0.400172
vn 0.915696 -0.036906 0.400172
vn 0.912991 -0.041189 0.405896
vn 0.918349 -0.032620 0.394425
vn 0.915696 -0.036906 0.400172
vn 0.915696 -0.036906 0.400172
vn -0.999503 0.013358 0.028546
vn -0.999503 0.013358 0.028546
vn -0.999503 0.013358 0.028546
vn 0.995573 0.038062 -0.085943
vn 0.999110 0.008448 -0.041327
vn 0.999880 -0.015456 -0.000224
vn -0.999503 0.013358 0.028546
vn -0.999503 0.013358 0.028546
vn -0.999503 0.013358 0.028546
vn 0.988097 0.001193 0.153828
vn 0.990119 0.035575 0.135640
vn 0.989977 0.060380 0.127673
vn 0.927579 0.071265 0.366767
vn 0.916813 0.049155 0.396279
vn 0.916813 0.049155 0.396279
vn 0.981637 0.190518 0.009577
vn 0.925385 0.378978 0.006185
vn 0.924787 0.380417 0.007241
vn -0.999503 0.013358 0.028545
vn -0.999503 0.013358 0.028545
vn -0.999503 0.013358 0.028546
vn 0.999791 -0.020180 0.003186
vn 0.999791 -0.020180 0.003186
vn 0.999699 -0.023191 0.008049
vn -0.999503 0.013359 0.028544
vn -0.999503 0.013358 0.028545
vn -0.999503 0.013358 0.028545
vn 0.998487 -0.036382 -0.041241
vn 0.999073 -0.017629 -0.039273
vn 0.999223 -0.031789 -0.023289
vn 0.993401 -0.000557 0.114695
vn 0.997776 0.045464 0.048749
vn 0.990119 0.035575 0.135640
vn -0.999483 0.012372 0.029672
vn -0.999483 0.012372 0.029672
vn -0.999458 0.011651 0.030797
vn 0.888809 0.458245 0.005419
vn 0.888767 0.458329 0.005254
vn 0.888767 0.458329 0.005254
vn -0.999507 0.013093 0.028546
vn -0.999483 0.012372 0.029672
vn -0.999483 0.012372 0.029672
vn 0.999851 -0.017169 -0.001678
vn 0.999791 -0.020180 0.003186
vn 0.999791 -0.020180 0.003186
vn -0.999510 0.007252 0.030464
vn -0.999510 0.007252 0.030464
vn -0.999457 0.006023 0.032380
vn -0.999556 0.008481 0.028547
vn -0.999510 0.007252 0.030464
vn -0.999510 0.007252 0.030464
vn -0.999506 0.002191 0.031353
vn -0.999506 0.002191 0.031353
vn -0.999475 0.001542 0.032366
vn -0.999536 0.002841 0.030340
vn -0.999506 0.002191 0.031353
vn -0.999506 0.002191 0.031353
vn -0.999475 0.001432 0.032366
vn -0.999475 0.001432 0.032366
vn -0.999475 0.001433 0.032365
vn -0.999475 0.001432 0.032366
vn -0.999475 0.001432 0.032366
vn -0.999475 0.001432 0.032366
vn -0.999475 0.001432 0.032366
vn -0.999475 0.001432 0.032366
vn -0.999475 0.001433 0.032366
vn -0.999475 0.001432 0.032366
vn -0.999475 0.001432 0.032366
vn -0.999475 0.001432 0.032366
vn -0.999475 0.001433 0.032367
vn -0.999475 0.001433 0.032367
vn -0.999475 0.001433 0.032367
vn -0.999475 0.001433 0.032366
vn -0.999475 0.001433 0.032367
vn -0.999475 0.001433 0.032367
vn -0.999475 0.001433 0.032366
vn -0.999475 0.001433 0.032366
vn -0.999475 0.001433 0.032366
vn -0.999475 0.001433 0.032366
vn -0.999475 0.001433 0.032366
vn -0.999475 0.001433 0.032366
vn -0.999475 0.001432 0.032365
vn -0.999475 0.001432 0.032365
vn -0.999475 0.001432 0.032366
vn -0.999475 0.001433 0.032365
vn -0.999475 0.001432 0.032365
vn -0.999475 0.001432 0.032365
vn -0.999475 0.001433 0.032365
vn -0.999475 0.001433 0.032365
vn -0.999475 0.001433 0.032365
vn -0.999475 0.001433 0.032365
vn -0.999475 0.001433 0.032365
vn -0.999475 0.001433 0.032365
vn -0.999091 0.001438 0.042604
vn -0.999091 0.001438 0.042604
vn -0.999091 0.001438 0.042603
vn -0.999091 0.001438 0.042604
vn -0.999091 0.001438 0.042604
vn -0.999091 0.001438 0.042604
vn -0.999108 0.001707 0.042184
vn -0.999108 0.001707 0.042184
vn -0.999125 0.001975 0.041765
vn -0.999091 0.001438 0.042603
vn -0.999108 0.001707 0.042184
vn -0.999108 0.001707 0.042184
vn -0.999420 0.005824 0.033564
vn -0.999420 0.005824 0.033564
vn -0.999419 0.005812 0.033584
vn -0.999420 0.005837 0.033544
vn -0.999420 0.005824 0.033564
vn -0.999420 0.005824 0.033564
vn -0.999913 0.005751 0.011887
vn -0.999913 0.005751 0.011887
vn -0.999912 0.005689 0.011983
vn -0.999914 0.005813 0.011790
vn -0.999913 0.005751 0.011887
vn -0.999913 0.005751 0.011887
vn -0.999772 -0.009171 0.019291
vn -0.999772 -0.009171 0.019291
vn -0.999601 -0.012914 0.025133
vn -0.999895 -0.005428 0.013449
vn -0.999772 -0.009171 0.019291
vn -0.999772 -0.009171 0.019291
vn -0.999579 -0.014484 0.025126
vn -0.999579 -0.014484 0.025126
vn -0.999579 -0.014484 0.025126
vn -0.999579 -0.014484 0.025126
vn -0.999579 -0.014484 0.025126
vn -0.999579 -0.014484 0.025126
vn -0.999579 -0.014484 0.025127
vn -0.999579 -0.014484 0.025127
vn -0.999579 -0.014484 0.025126
vn -0.999579 -0.014484 0.025127
vn -0.999579 -0.014484 0.025127
vn -0.999579 -0.014484 0.025127
vn -0.999579 -0.014484 0.025127
vn -0.999579 -0.014484 0.025127
vn -0.999579 -0.014484 0.025126
vn -0.999579 -0.014484 0.025127
vn -0.999579 -0.014484 0.025127
vn -0.999579 -0.014484 0.025127
vn -0.999579 -0.014484 0.025127
vn -0.999579 -0.014484 0.025127
vn -0.999579 -0.014484 0.025127
vn -0.999579 -0.014484 0.025127
vn -0.999579 -0.014484 0.025127
vn -0.999579 -0.014484 0.025127
vn -0.999869 -0.014469 0.007211
vn -0.999869 -0.014469 0.007211
vn -0.999869 -0.014469 0.007211
vn -0.999869 -0.014469 0.007211
vn -0.999869 -0.014469 0.007211
vn -0.999869 -0.014469 0.007211
vn -0.999869 -0.014469 0.007212
vn -0.999869 -0.014469 0.007212
vn -0.999869 -0.014469 0.007212
vn -0.999869 -0.014469 0.007211
vn -0.999869 -0.014469 0.007212
vn -0.999869 -0.014469 0.007212
vn -0.999869 -0.014469 0.007211
vn -0.999869 -0.014469 0.007211
vn -0.999869 -0.014468 0.007211
vn -0.999869 -0.014469 0.007212
vn -0.999869 -0.014469 0.007211
vn -0.999869 -0.014469 0.007211
vn -0.999869 -0.014469 0.007211
vn -0.999869 -0.014469 0.007211
vn -0.999869 -0.014469 0.007211
vn -0.999869 -0.014469 0.007211
vn -0.999869 -0.014469 0.007211
vn -0.999869 -0.014469 0.007211
vn -0.999869 -0.014469 0.007211
vn -0.999869 -0.014469 0.007211
vn -0.999869 -0.014469 0.007211
vn -0.999869 -0.014469 0.007211
vn -0.999869 -0.014469 0.007211
vn -0.999869 -0.014469 0.007211
vn -0.999869 -0.014469 0.007211
vn -0.999869 -0.014469 0.007211
vn -0.999869 -0.014469 0.007211
vn -0.999869 -0.014469 0.007211
vn -0.999869 -0.014469 0.007211
vn -0.999869 -0.014469 0.007211
vn -0.999837 -0.017468 0.004567
vn -0.999837 -0.017468 0.004567
vn -0.999791 -0.019150 0.007196
vn -0.999874 -0.015786 0.001938
vn -0.999837 -0.017468 0.004567
vn -0.999837 -0.017468 0.004567
vn -0.950525 -0.310171 -0.017222
vn -0.950525 -0.310171 -0.017222
vn -0.950525 -0.310171 -0.017222
vn -0.950525 -0.310171 -0.017222
vn -0.950525 -0.310171 -0.017222
vn -0.950525 -0.310171 -0.017222
vn -0.950525 -0.310171 -0.017222
vn -0.950525 -0.310171 -0.017222
vn -0.950525 -0.310170 -0.017222
vn -0.950525 -0.310171 -0.017222
vn -0.950525 -0.310171 -0.017222
vn -0.950525 -0.310171 -0.017222
vn -0.957471 -0.285685 -0.040414
vn -0.957471 -0.285685 -0.040414
vn -0.953957 -0.299448 -0.017240
vn -0.960278 -0.271711 -0.063558
vn -0.957471 -0.285685 -0.040414
vn -0.957471 -0.285685 -0.040414
vn -0.975545 -0.215522 -0.043155
vn -0.975545 -0.215522 -0.043155
vn -0.972701 -0.231412 -0.017362
vn -0.977486 -0.199433 -0.068908
vn -0.975545 -0.215522 -0.043155
vn -0.975545 -0.215522 -0.043155
vn -0.992319 -0.119411 -0.032310
vn -0.992319 -0.119411 -0.032310
vn -0.989730 -0.142860 0.004964
vn -0.992977 -0.095729 -0.069521
vn -0.992319 -0.119411 -0.032310
vn -0.992319 -0.119411 -0.032310
vn -0.996478 -0.083828 0.002335
vn -0.996478 -0.083828 0.002335
vn -0.996319 -0.085572 0.005103
vn -0.996625 -0.082083 -0.000433
vn -0.996478 -0.083828 0.002335
vn -0.996478 -0.083828 0.002335
vn -0.997777 -0.066597 0.002279
vn -0.997777 -0.066597 0.002279
vn -0.997652 -0.068302 0.004991
vn -0.997892 -0.064891 -0.000434
vn -0.997777 -0.066597 0.002279
vn -0.997777 -0.066597 0.002279
vn -0.999011 -0.044117 0.005453
vn -0.999011 -0.044117 0.005453
vn -0.998791 -0.047832 0.011360
vn -0.999183 -0.040400 -0.000453
vn -0.999011 -0.044117 0.005453
vn -0.999011 -0.044117 0.005453
vn -0.998554 -0.053595 -0.004292
vn -0.998554 -0.053595 -0.004292
vn -0.998845 -0.043669 -0.020055
vn -0.997916 -0.063502 0.011474
vn -0.998554 -0.053595 -0.004292
vn -0.998554 -0.053595 -0.004292
vn -0.996083 -0.088355 0.003338
vn -0.996083 -0.088355 0.003338
vn -0.996518 -0.083243 -0.004759
vn -0.995557 -0.093460 0.011434
vn -0.996083 -0.088355 0.003338
vn -0.996083 -0.088355 0.003338
vn -0.994252 -0.106675 0.009110
vn -0.994252 -0.106675 0.009110
vn -0.994426 -0.105218 0.006805
vn -0.994071 -0.108132 0.011415
vn -0.994252 -0.106675 0.009110
vn -0.994252 -0.106675 0.009110
vn -0.994071 -0.108135 0.011415
vn -0.994071 -0.108135 0.011415
vn -0.994071 -0.108135 0.011415
vn -0.994071 -0.108135 0.011415
vn -0.994071 -0.108135 0.011415
vn -0.994071 -0.108135 0.011415
vn -0.996571 -0.078893 -0.024937
vn -0.996571 -0.078893 -0.024937
vn -0.994776 -0.101533 0.010602
vn -0.996594 -0.056112 -0.060431
vn -0.996571 -0.078893 -0.024937
vn -0.996571 -0.078893 -0.024937
vn -0.998951 -0.045726 0.002435
vn -0.998951 -0.045726 0.002435
vn -0.998875 -0.047188 0.004723
vn -0.999020 -0.044265 0.000147
vn -0.998951 -0.045726 0.002435
vn -0.998951 -0.045726 0.002435
vn -0.999791 -0.020180 0.003186
vn -0.999791 -0.020180 0.003186
vn -0.999851 -0.017169 -0.001678
vn -0.999699 -0.023191 0.008049
vn -0.999791 -0.020180 0.003186
vn -0.999791 -0.020180 0.003186
vn -0.999505 -0.031456 0.001119
vn -0.999505 -0.031456 0.001119
vn -0.999505 -0.031456 0.001119
vn -0.999505 -0.031456 0.001118
vn -0.999505 -0.031456 0.001119
vn -0.999505 -0.031456 0.001119
vn 0.999081 -0.000279 -0.042855
vn 0.998336 -0.003650 0.057557
vn 0.993960 0.001364 -0.109739
vn 0.999869 -0.014469 0.007211
vn 0.999869 -0.014469 0.007211
vn 0.999869 -0.014469 0.007211
vn 0.966183 -0.251472 -0.057024
vn 0.998243 -0.006451 -0.058897
vn 0.982098 -0.184662 -0.037193
vn 0.913013 0.182377 0.364892
vn 0.881793 0.279134 0.380164
vn 0.861341 0.305274 0.406078
vn 0.950525 -0.310170 -0.017222
vn 0.950525 -0.310171 -0.017222
vn 0.950525 -0.310171 -0.017222
vn 0.904695 0.026974 0.425206
vn 0.916813 0.049155 0.396279
vn 0.916813 0.049155 0.396279
vn 0.998951 -0.045726 0.002435
vn 0.998951 -0.045726 0.002435
vn 0.999020 -0.044265 0.000147
vn 0.998243 -0.006451 -0.058897
vn 0.952759 0.303727 -0.000918
vn 0.998756 -0.049827 0.001944
vn 0.998708 0.033379 -0.038323
vn 0.993960 0.001364 -0.109739
vn 0.981011 0.193854 -0.006185
vn 0.977102 -0.212740 0.003742
vn 0.966183 -0.251472 -0.057024
vn 0.982098 -0.184662 -0.037193
vn 0.998875 -0.047188 0.004723
vn 0.998951 -0.045726 0.002435
vn 0.998951 -0.045726 0.002435
vn 0.996571 -0.078893 -0.024937
vn 0.996571 -0.078893 -0.024937
vn 0.996594 -0.056112 -0.060431
vn 0.994776 -0.101533 0.010602
vn 0.996571 -0.078893 -0.024937
vn 0.996571 -0.078893 -0.024937
vn 0.989730 -0.142860 0.004964
vn 0.992319 -0.119411 -0.032310
vn 0.992319 -0.119411 -0.032310
vn 0.983632 -0.007085 0.180051
vn 0.983632 -0.007085 0.180051
vn 0.983632 -0.007085 0.180051
vn 0.994071 -0.108135 0.011415
vn 0.994071 -0.108135 0.011415
vn 0.994071 -0.108135 0.011415
vn 0.983632 -0.007085 0.180051
vn 0.983632 -0.007085 0.180051
vn 0.983632 -0.007085 0.180051
vn 0.993401 -0.000557 0.114695
vn 0.999880 -0.015456 -0.000224
vn 0.999110 0.008448 -0.041327
vn 0.950525 -0.310171 -0.017222
vn 0.950525 -0.310171 -0.017222
vn 0.950525 -0.310171 -0.017222
vn 0.999837 -0.017468 0.004567
vn 0.999837 -0.017468 0.004567
vn 0.999874 -0.015786 0.001938
vn 0.983632 -0.007085 0.180051
vn 0.983632 -0.007085 0.180051
vn 0.983632 -0.007085 0.180051
vn 0.983632 -0.007085 0.180051
vn 0.983632 -0.007085 0.180051
vn 0.983632 -0.007085 0.180051
vn 0.999579 -0.014484 0.025126
vn 0.999579 -0.014484 0.025127
vn 0.999579 -0.014484 0.025127
vn 0.999579 -0.014484 0.025126
vn 0.999579 -0.014484 0.025127
vn 0.999579 -0.014484 0.025127
vn 0.628129 0.731059 0.266471
vn 0.628129 0.731059 0.266471
vn 0.632113 0.713968 0.301137
vn 0.999791 -0.019150 0.007196
vn 0.999837 -0.017468 0.004567
vn 0.999837 -0.017468 0.004567
vn 0.966183 -0.251472 -0.057024
vn 0.966752 -0.255593 0.007981
vn 0.960697 -0.262147 -0.091322
vn 0.902402 -0.237338 -0.359641
vn 0.892125 -0.310682 -0.328009
vn 0.854905 -0.320926 -0.407607
vn 0.999579 -0.014484 0.025127
vn 0.999579 -0.014484 0.025127
vn 0.999579 -0.014484 0.025127
vn 0.979631 -0.034314 0.197855
vn 0.979631 -0.034314 0.197855
vn 0.976926 -0.041963 0.209413
vn 0.982139 -0.026659 0.186256
vn 0.979631 -0.034314 0.197855
vn 0.979631 -0.034314 0.197855
vn 0.965626 -0.257373 -0.036411
vn 0.950062 -0.300153 -0.085387
vn 0.963091 -0.252111 -0.094322
vn 0.892125 -0.310682 -0.328009
vn 0.935991 -0.333979 -0.111260
vn 0.854905 -0.320926 -0.407607
vn 0.976991 -0.043132 0.208873
vn 0.976991 -0.043132 0.208873
vn 0.976989 -0.043137 0.208882
vn 0.976993 -0.043126 0.208864
vn 0.976991 -0.043132 0.208873
vn 0.976991 -0.043132 0.208873
vn 0.888809 0.458245 0.005418
vn 0.888767 0.458329 0.005254
vn 0.888767 0.458329 0.005254
vn 0.999869 -0.014469 0.007212
vn 0.999869 -0.014469 0.007212
vn 0.999869 -0.014469 0.007212
vn 0.963091 -0.252111 -0.094322
vn 0.902402 -0.237338 -0.359641
vn 0.965626 -0.257373 -0.036411
vn 0.977945 -0.043197 0.204347
vn 0.977945 -0.043197 0.204347
vn 0.977945 -0.043197 0.204347
vn 0.977945 -0.043197 0.204347
vn 0.977945 -0.043197 0.204347
vn 0.977945 -0.043197 0.204347
vn 0.888767 0.458329 0.005254
vn 0.888767 0.458329 0.005254
vn 0.888725 0.458413 0.005089
vn 0.974235 -0.055084 0.218706
vn 0.974235 -0.055084 0.218706
vn 0.970325 -0.064579 0.233022
vn 0.977842 -0.045572 0.204322
vn 0.974235 -0.055084 0.218706
vn 0.974235 -0.055084 0.218706
vn 0.999505 -0.031456 0.001119
vn 0.999505 -0.031456 0.001119
vn 0.999505 -0.031456 0.001118
vn 0.950525 -0.310171 -0.017222
vn 0.950525 -0.310171 -0.017222
vn 0.950525 -0.310171 -0.017222
vn 0.964365 -0.084029 0.250877
vn 0.964365 -0.084029 0.250877
vn 0.964343 -0.084076 0.250947
vn 0.888767 0.458329 0.005254
vn 0.888767 0.458329 0.005254
vn 0.888725 0.458413 0.005089
vn 0.977102 -0.212740 0.003742
vn 0.966752 -0.255593 0.007981
vn 0.968512 -0.248962 0.001245
vn 0.993875 -0.007230 0.110270
vn 0.993875 -0.007229 0.110270
vn 0.993875 -0.007229 0.110270
vn 0.993876 -0.007230 0.110269
vn 0.993876 -0.007230 0.110269
vn 0.993876 -0.007229 0.110269
vn 0.999411 -0.031923 0.012628
vn 0.999868 -0.012661 0.010212
vn 0.981637 0.190518 0.009577
vn 0.999475 0.001432 0.032366
vn 0.999475 0.001432 0.032366
vn 0.999475 0.001432 0.032366
vn 0.993875 -0.007230 0.110269
vn 0.993876 -0.007230 0.110269
vn 0.993876 -0.007230 0.110269
vn 0.999475 0.001433 0.032365
vn 0.999475 0.001432 0.032366
vn 0.999475 0.001432 0.032366
vn 0.999506 0.002191 0.031353
vn 0.999506 0.002191 0.031353
vn 0.999536 0.002841 0.030340
vn 0.999475 0.001542 0.032366
vn 0.999506 0.002191 0.031353
vn 0.999506 0.002191 0.031353
vn 0.999510 0.007252 0.030464
vn 0.999510 0.007252 0.030464
vn 0.999556 0.008481 0.028547
vn 0.999457 0.006023 0.032380
vn 0.999510 0.007252 0.030464
vn 0.999510 0.007252 0.030464
vn 0.992319 -0.119411 -0.032310
vn 0.992319 -0.119411 -0.032310
vn 0.992977 -0.095729 -0.069521
vn 0.999483 0.012372 0.029672
vn 0.999483 0.012372 0.029672
vn 0.999507 0.013093 0.028546
vn 0.996319 -0.085572 0.005103
vn 0.996478 -0.083828 0.002335
vn 0.996478 -0.083828 0.002335
vn 0.999458 0.011651 0.030797
vn 0.999483 0.012372 0.029672
vn 0.999483 0.012372 0.029672
vn 0.996478 -0.083828 0.002335
vn 0.996478 -0.083828 0.002335
vn 0.996625 -0.082083 -0.000433
vn 0.997652 -0.068302 0.004991
vn 0.997777 -0.066597 0.002279
vn 0.997777 -0.066597 0.002279
vn 0.997777 -0.066597 0.002279
vn 0.997777 -0.066597 0.002279
vn 0.997892 -0.064891 -0.000434
vn 0.999503 0.013358 0.028545
vn 0.999503 0.013358 0.028545
vn 0.999503 0.013359 0.028544
vn 0.998791 -0.047832 0.011360
vn 0.999011 -0.044117 0.005453
vn 0.999011 -0.044117 0.005453
vn 0.999503 0.013358 0.028546
vn 0.999503 0.013358 0.028545
vn 0.999503 0.013358 0.028545
vn 0.999011 -0.044117 0.005453
vn 0.999011 -0.044117 0.005453
vn 0.999183 -0.040400 -0.000453
vn 0.999475 0.001433 0.032365
vn 0.999475 0.001433 0.032365
vn 0.999475 0.001433 0.032365
vn 0.999091 0.001438 0.042603
vn 0.999091 0.001438 0.042604
vn 0.999091 0.001438 0.042604
vn 0.999475 0.001433 0.032365
vn 0.999475 0.001433 0.032365
vn 0.999475 0.001433 0.032365
vn 0.999419 0.005812 0.033584
vn 0.999420 0.005824 0.033564
vn 0.999420 0.005824 0.033564
vn 0.999108 0.001707 0.042184
vn 0.999108 0.001707 0.042184
vn 0.999091 0.001438 0.042603
vn 0.999125 0.001975 0.041765
vn 0.999108 0.001707 0.042184
vn 0.999108 0.001707 0.042184
vn 0.999091 0.001438 0.042604
vn 0.999091 0.001438 0.042604
vn 0.999091 0.001438 0.042604
vn 0.999475 0.001432 0.032365
vn 0.999475 0.001432 0.032365
vn 0.999475 0.001433 0.032365
vn 0.999475 0.001432 0.032366
vn 0.999475 0.001432 0.032365
vn 0.999475 0.001432 0.032365
vn 0.999475 0.001433 0.032366
vn 0.999475 0.001433 0.032366
vn 0.999475 0.001433 0.032366
vn 0.999475 0.001433 0.032366
vn 0.999475 0.001433 0.032366
vn 0.999475 0.001433 0.032366
vn 0.999475 0.001433 0.032367
vn 0.999475 0.001433 0.032367
vn 0.999475 0.001433 0.032366
vn 0.999601 -0.012914 0.025133
vn 0.999772 -0.009171 0.019291
vn 0.999772 -0.009171 0.019291
vn 0.999913 0.005751 0.011887
vn 0.999913 0.005751 0.011887
vn 0.999914 0.005813 0.011790
vn 0.999912 0.005689 0.011983
vn 0.999913 0.005751 0.011887
vn 0.999913 0.005751 0.011887
vn 0.999420 0.005824 0.033564
vn 0.999420 0.005824 0.033564
vn 0.999420 0.005837 0.033544
vn 0.999869 -0.014469 0.007212
vn 0.999869 -0.014469 0.007212
vn 0.999869 -0.014469 0.007211
vn 0.999869 -0.014469 0.007211
vn 0.999869 -0.014469 0.007211
vn 0.999869 -0.014469 0.007211
vn 0.999869 -0.014469 0.007211
vn 0.999869 -0.014469 0.007211
vn 0.999869 -0.014469 0.007211
vn 0.999579 -0.014484 0.025127
vn 0.999579 -0.014484 0.025127
vn 0.999579 -0.014484 0.025127
vn 0.999869 -0.014468 0.007211
vn 0.999869 -0.014469 0.007211
vn 0.999869 -0.014469 0.007211
vn 0.999579 -0.014484 0.025127
vn 0.999579 -0.014484 0.025127
vn 0.999579 -0.014484 0.025127
vn 0.999579 -0.014484 0.025127
vn 0.999579 -0.014484 0.025127
vn 0.999579 -0.014484 0.025127
vn 0.999772 -0.009171 0.019291
vn 0.999772 -0.009171 0.019291
vn 0.999895 -0.005428 0.013449
vn 0.999579 -0.014484 0.025126
vn 0.999579 -0.014484 0.025126
vn 0.999579 -0.014484 0.025126
vn 0.999579 -0.014484 0.025126
vn 0.999579 -0.014484 0.025126
vn 0.999579 -0.014484 0.025126
vn 0.935126 0.087230 0.343410
vn 0.942337 0.003636 0.334646
vn 0.937800 0.024043 0.346343
vn 0.999869 -0.014469 0.007211
vn 0.999869 -0.014469 0.007211
vn 0.999869 -0.014469 0.007211
vn 0.999869 -0.014469 0.007211
vn 0.999869 -0.014469 0.007211
vn 0.999869 -0.014469 0.007212
vn 0.998708 0.033379 -0.038323
vn 0.991882 0.121096 0.038815
vn 0.997859 0.030322 0.057943
vn 0.999869 -0.014469 0.007211
vn 0.999869 -0.014469 0.007211
vn 0.999869 -0.014469 0.007211
vn 0.997859 0.030322 0.057943
vn 0.998336 -0.003650 0.057557
vn 0.998756 0.012066 0.048387
vn 0.999869 -0.014469 0.007211
vn 0.999869 -0.014469 0.007211
vn 0.999869 -0.014469 0.007211
vn 0.872308 0.303897 0.383048
vn 0.869744 0.293655 0.396624
vn 0.869744 0.293655 0.396624
vn 0.975545 -0.215522 -0.043155
vn 0.975545 -0.215522 -0.043155
vn 0.977486 -0.199433 -0.068908
vn 0.957471 -0.285685 -0.040414
vn 0.957471 -0.285685 -0.040414
vn 0.960278 -0.271711 -0.063558
vn 0.972701 -0.231412 -0.017362
vn 0.975545 -0.215522 -0.043155
vn 0.975545 -0.215522 -0.043155
vn 0.999475 0.001433 0.032366
vn 0.999475 0.001432 0.032366
vn 0.999475 0.001432 0.032366
vn 0.998845 -0.043669 -0.020055
vn 0.998554 -0.053595 -0.004292
vn 0.998554 -0.053595 -0.004292
vn 0.998554 -0.053595 -0.004292
vn 0.998554 -0.053595 -0.004292
vn 0.997916 -0.063502 0.011474
vn 0.999503 0.013358 0.028546
vn 0.999503 0.013358 0.028546
vn 0.999503 0.013358 0.028546
vn 0.996518 -0.083243 -0.004759
vn 0.996083 -0.088355 0.003338
vn 0.996083 -0.088355 0.003338
vn 0.999503 0.013358 0.028546
vn 0.999503 0.013358 0.028546
vn 0.999503 0.013358 0.028546
vn 0.996083 -0.088355 0.003338
vn 0.996083 -0.088355 0.003338
vn 0.995557 -0.093460 0.011434
vn 0.994426 -0.105218 0.006805
vn 0.994252 -0.106675 0.009110
vn 0.994252 -0.106675 0.009110
vn 0.999503 0.013358 0.028546
vn 0.999503 0.013358 0.028546
vn 0.999503 0.013358 0.028546
vn 0.999503 0.013358 0.028546
vn 0.999503 0.013358 0.028546
vn 0.999503 0.013358 0.028546
vn 0.994252 -0.106675 0.009110
vn 0.994252 -0.106675 0.009110
vn 0.994071 -0.108132 0.011415
vn 0.866924 0.283327 0.410084
vn 0.869744 0.293655 0.396624
vn 0.869744 0.293655 0.396624
vn 0.947603 -0.296600 -0.118648
vn 0.947603 -0.296600 -0.118648
vn 0.947644 -0.296220 -0.119266
vn 0.888809 0.458245 0.005419
vn 0.888767 0.458329 0.005254
vn 0.888767 0.458329 0.005254
vn 0.947561 -0.296979 -0.118029
vn 0.947603 -0.296600 -0.118648
vn 0.947603 -0.296600 -0.118648
vn 0.950062 -0.300153 -0.085387
vn 0.932647 -0.267350 -0.242266
vn 0.963091 -0.252111 -0.094322
vn 0.953957 -0.299448 -0.017240
vn 0.957471 -0.285685 -0.040414
vn 0.957471 -0.285685 -0.040414
vn 0.982098 -0.184662 -0.037193
vn 0.998756 -0.049827 0.001944
vn 0.977102 -0.212740 0.003742
vn 0.999475 0.001433 0.032367
vn 0.999475 0.001433 0.032367
vn 0.999475 0.001433 0.032367
vn 0.994071 -0.108135 0.011415
vn 0.994071 -0.108135 0.011415
vn 0.994071 -0.108135 0.011415
vn 0.995001 0.013320 0.098972
vn 0.995001 0.013320 0.098972
vn 0.995001 0.013320 0.098972
vn 0.995001 0.013320 0.098972
vn 0.995001 0.013320 0.098972
vn 0.995001 0.013320 0.098972
vn 0.999868 -0.012661 0.010212
vn 0.995307 0.096146 -0.010969
vn 0.981637 0.190518 0.009577
vn 0.993875 -0.007229 0.110270
vn 0.993875 -0.007229 0.110270
vn 0.993875 -0.007229 0.110269
vn 0.998708 0.033379 -0.038323
vn 0.998756 0.012066 0.048387
vn 0.999081 -0.000279 -0.042855
vn 0.999361 -0.035045 0.007040
vn 0.998487 -0.036382 -0.041241
vn 0.999223 -0.031789 -0.023289
vn 0.997776 0.045464 0.048749
vn 0.989977 0.060380 0.127673
vn 0.990119 0.035575 0.135640
vn 0.999475 0.001432 0.032366
vn 0.999475 0.001432 0.032366
vn 0.999475 0.001432 0.032366
vn 0.947423 -0.296937 -0.119239
vn 0.947423 -0.296937 -0.119239
vn 0.947423 -0.296937 -0.119239
vn 0.947423 -0.296937 -0.119239
vn 0.947423 -0.296937 -0.119239
vn 0.947423 -0.296937 -0.119239
vn 0.950525 -0.310171 -0.017222
vn 0.950525 -0.310171 -0.017222
vn 0.950525 -0.310171 -0.017222
vn 0.950525 -0.310171 -0.017222
vn 0.950525 -0.310171 -0.017222
vn 0.950525 -0.310171 -0.017222
vn 0.982794 -0.183889 -0.017361
vn 0.982816 -0.183751 -0.017584
vn 0.982816 -0.183751 -0.017584
vn 0.982816 -0.183751 -0.017584
vn 0.982816 -0.183751 -0.017584
vn 0.982837 -0.183613 -0.017807
vn 0.982794 -0.183889 -0.017363
vn 0.982815 -0.183752 -0.017585
vn 0.982815 -0.183752 -0.017585
vn 0.982815 -0.183752 -0.017585
vn 0.982815 -0.183752 -0.017585
vn 0.982837 -0.183614 -0.017807
vn 0.950525 -0.310171 -0.017222
vn 0.950525 -0.310171 -0.017222
vn 0.950525 -0.310171 -0.017222
vn 0.950525 -0.310171 -0.017222
vn 0.950525 -0.310171 -0.017222
vn 0.950525 -0.310170 -0.017222
vn 0.949945 -0.310122 -0.037800
vn 0.949945 -0.310122 -0.037800
vn 0.949945 -0.310122 -0.037800
vn 0.949945 -0.310122 -0.037800
vn 0.949945 -0.310122 -0.037800
vn 0.949945 -0.310122 -0.037800
vn 0.949945 -0.310122 -0.037800
vn 0.949945 -0.310122 -0.037800
vn 0.949945 -0.310122 -0.037800
vn 0.949945 -0.310122 -0.037800
vn 0.949945 -0.310122 -0.037800
vn 0.949945 -0.310122 -0.037800
vn 0.949945 -0.310123 -0.037800
vn 0.949945 -0.310123 -0.037800
vn 0.949945 -0.310123 -0.037800
vn 0.949945 -0.310123 -0.037800
vn 0.949945 -0.310123 -0.037800
vn 0.949945 -0.310122 -0.037801
vn 0.949945 -0.310122 -0.037800
vn 0.949945 -0.310122 -0.037800
vn 0.949945 -0.310122 -0.037800
vn 0.949945 -0.310122 -0.037800
vn 0.949945 -0.310122 -0.037800
vn 0.949945 -0.310122 -0.037800
vn 0.949945 -0.310122 -0.037801
vn 0.949945 -0.310122 -0.037801
vn 0.949945 -0.310122 -0.037801
vn 0.949945 -0.310122 -0.037801
vn 0.949945 -0.310122 -0.037801
vn 0.949945 -0.310122 -0.037801
vn 0.949945 -0.310122 -0.037801
vn 0.949945 -0.310123 -0.037800
vn 0.949945 -0.310123 -0.037800
vn 0.949945 -0.310123 -0.037800
vn 0.949945 -0.310123 -0.037800
vn 0.949945 -0.310123 -0.037800
vn 0.954238 -0.296636 -0.037920
vn 0.952852 -0.302076 -0.028696
vn 0.952852 -0.302076 -0.028696
vn 0.952852 -0.302076 -0.028696
vn 0.952852 -0.302076 -0.028696
vn 0.951355 -0.307482 -0.019468
vn 0.958586 -0.284176 -0.018899
vn 0.958562 -0.284268 -0.018744
vn 0.958562 -0.284268 -0.018744
vn 0.958562 -0.284268 -0.018744
vn 0.958562 -0.284268 -0.018744
vn 0.958537 -0.284359 -0.018590
vn 0.952558 -0.282340 -0.113650
vn 0.952558 -0.282340 -0.113650
vn 0.952558 -0.282340 -0.113650
vn 0.952558 -0.282340 -0.113650
vn 0.952558 -0.282340 -0.113650
vn 0.952558 -0.282340 -0.113650
vn 0.952558 -0.282340 -0.113650
vn 0.952558 -0.282340 -0.113650
vn 0.952558 -0.282340 -0.113650
vn 0.952558 -0.282340 -0.113650
vn 0.952558 -0.282340 -0.113650
vn 0.952558 -0.282340 -0.113650
vn 0.952558 -0.282341 -0.113649
vn 0.952558 -0.282340 -0.113650
vn 0.952558 -0.282340 -0.113650
vn 0.952558 -0.282340 -0.113650
vn 0.952558 -0.282340 -0.113650
vn 0.952559 -0.282340 -0.113650
vn 0.952558 -0.282340 -0.113650
vn 0.952558 -0.282340 -0.113650
vn 0.952558 -0.282340 -0.113650
vn 0.952558 -0.282340 -0.113650
vn 0.952558 -0.282340 -0.113650
vn 0.952558 -0.282340 -0.113650
vn 0.952558 -0.282340 -0.113650
vn 0.952558 -0.282340 -0.113650
vn 0.952558 -0.282340 -0.113650
vn 0.952558 -0.282340 -0.113650
vn 0.952558 -0.282340 -0.113650
vn 0.952558 -0.282340 -0.113650
vn 0.952558 -0.282340 -0.113651
vn 0.952558 -0.282340 -0.113650
vn 0.952558 -0.282340 -0.113650
vn 0.952558 -0.282340 -0.113650
vn 0.952558 -0.282340 -0.113650
vn 0.952558 -0.282341 -0.113650
vn 0.952558 -0.282341 -0.113650
vn 0.952558 -0.282341 -0.113650
vn 0.952558 -0.282341 -0.113650
vn 0.952558 -0.282341 -0.113650
vn 0.952558 -0.282341 -0.113650
vn 0.952558 -0.282341 -0.113650
vn 0.952558 -0.282340 -0.113651
vn 0.952558 -0.282340 -0.113650
vn 0.952558 -0.282340 -0.113650
vn 0.952558 -0.282340 -0.113650
vn 0.952558 -0.282340 -0.113650
vn 0.952558 -0.282341 -0.113650
vn 0.952558 -0.282340 -0.113651
vn 0.952558 -0.282340 -0.113650
vn 0.952558 -0.282340 -0.113650
vn 0.952558 -0.282340 -0.113650
vn 0.952558 -0.282340 -0.113650
vn 0.952558 -0.282341 -0.113650
vn 0.952558 -0.282341 -0.113650
vn 0.952558 -0.282340 -0.113650
vn 0.952558 -0.282340 -0.113650
vn 0.952558 -0.282340 -0.113650
vn 0.952558 -0.282340 -0.113650
vn 0.952558 -0.282340 -0.113651
vn 0.951781 -0.284982 -0.113567
vn 0.951909 -0.283752 -0.115564
vn 0.951909 -0.283752 -0.115564
vn 0.951909 -0.283752 -0.115564
vn 0.951909 -0.283752 -0.115564
vn 0.952031 -0.282519 -0.117561
vn 0.949459 -0.292723 -0.113317
vn 0.949670 -0.290811 -0.116432
vn 0.949670 -0.290811 -0.116432
vn 0.949670 -0.290811 -0.116432
vn 0.949670 -0.290811 -0.116432
vn 0.949868 -0.288895 -0.119545
vn 0.000060 -0.071860 0.997415
vn -0.451410 -0.070044 0.889563
vn -0.313098 -0.382631 0.869231
vn -0.000015 -0.508646 0.860976
vn 0.313098 -0.382631 0.869231
vn -0.000060 -0.071860 0.997415
vn -0.059346 0.998223 -0.005428
vn -0.601773 0.787689 0.131969
vn 0.136256 0.981516 0.134389
vn -0.706329 -0.707881 0.001754
vn -0.985992 -0.135181 -0.097702
vn -0.601477 -0.793778 -0.090235
vn 0.000000 0.000000 -1.000000
vn 0.000000 0.000000 -1.000000
vn 0.000000 0.000000 -1.000000
vn -0.677154 0.677154 -0.287965
vn 0.000000 -0.000000 -1.000000
vn -0.957641 0.000000 -0.287965
vn 0.793699 0.594478 0.128988
vn 0.999957 -0.001836 0.009059
vn 0.707570 0.706540 0.012076
vn -0.313204 -0.382701 0.869162
vn -0.000015 -0.508646 0.860976
vn -0.000060 -0.071860 0.997415
vn 0.707572 0.706552 0.011242
vn 0.136256 0.981516 0.134389
vn 0.794125 0.595063 0.123554
vn -0.791850 0.601456 -0.105939
vn -0.999993 -0.001730 0.003448
vn -0.707931 0.706236 0.008002
vn 0.000000 0.000000 -1.000000
vn 0.000000 0.000000 -1.000000
vn 0.000000 0.000000 -1.000000
vn -0.677154 0.677154 -0.287965
vn 0.000000 0.957641 -0.287965
vn 0.000000 -0.000000 -1.000000
vn 0.000000 0.000000 -1.000000
vn 0.000000 0.000000 -1.000000
vn 0.000000 0.000000 -1.000000
vn -0.451598 -0.070035 0.889468
vn -0.313204 -0.382701 0.869162
vn -0.000060 -0.071860 0.997415
vn 0.999973 -0.001665 0.007169
vn 0.794125 0.595063 0.123554
vn 0.983930 -0.142841 0.107139
vn -0.707931 0.706236 0.008002
vn -0.135210 0.984643 -0.110441
vn -0.791850 0.601456 -0.105939
vn 0.000000 0.000000 -1.000000
vn 0.000000 0.000000 -1.000000
vn 0.000000 0.000000 -1.000000
vn 0.677154 0.677154 -0.287965
vn 0.000000 -0.000000 -1.000000
vn 0.000000 0.957641 -0.287965
vn -0.000716 -0.999995 0.002977
vn -0.601477 -0.793778 -0.090235
vn 0.136570 -0.986645 -0.088772
vn 0.000000 -0.000000 -1.000000
vn 0.677154 0.677154 -0.287965
vn 0.957641 0.000000 -0.287965
vn -0.677154 -0.677154 -0.287965
vn -0.957641 0.000000 -0.287965
vn 0.000000 -0.000000 -1.000000
vn 0.000000 -0.957641 -0.287965
vn -0.677154 -0.677154 -0.287965
vn 0.000000 -0.000000 -1.000000
vn 0.599602 0.792784 -0.109410
vn -0.000318 0.999929 0.011945
vn 0.707570 0.706540 0.012076
vn 0.985123 0.137444 -0.103158
vn 0.707570 0.706540 0.012076
vn 0.999957 -0.001836 0.009059
vn 0.706792 -0.706955 -0.025694
vn 0.989329 -0.136912 -0.049826
vn 0.706792 -0.706955 -0.025694
vn 0.000000 0.000000 -1.000000
vn 0.000000 0.000000 -1.000000
vn 0.000000 0.000000 -1.000000
vn 0.000000 0.000000 -1.000000
vn 0.000000 0.000000 -1.000000
vn 0.000000 0.000000 -1.000000
vn 0.000000 0.000000 -1.000000
vn 0.000000 0.000000 -1.000000
vn 0.000000 0.000000 -1.000000
vn 0.000000 0.000000 -1.000000
vn 0.000000 0.000000 -1.000000
vn 0.000000 0.000000 -1.000000
vn 0.000000 0.000000 -1.000000
vn 0.000000 0.000000 -1.000000
vn 0.000000 0.000000 -1.000000
vn 0.000000 0.000000 -1.000000
vn 0.000000 0.000000 -1.000000
vn 0.000000 0.000000 -1.000000
vn 0.000000 0.000000 -1.000000
vn 0.000000 0.000000 -1.000000
vn 0.000000 0.000000 -1.000000
vn 0.000000 0.000000 -1.000000
vn 0.000000 0.000000 -1.000000
vn 0.000000 0.000000 -1.000000
vn 0.794712 0.601460 -0.081720
vn 0.988761 0.136206 -0.061635
vn 0.601566 0.793735 -0.090022
vn 0.136111 0.985804 -0.098303
vn 0.601566 0.793735 -0.090022
vn -0.136111 0.985804 -0.098303
vn -0.601566 0.793735 -0.090022
vn -0.136111 0.985804 -0.098303
vn -0.794713 0.601460 -0.081720
vn -0.988761 0.136206 -0.061635
vn -0.794713 0.601460 -0.081720
vn -0.989329 -0.136912 -0.049826
vn -0.796764 -0.603563 -0.029642
vn -0.989329 -0.136912 -0.049826
vn -0.603531 -0.797056 -0.021263
vn 0.000000 -0.999915 -0.013007
vn -0.603531 -0.797056 -0.021263
vn 0.000000 -0.999915 -0.013007
vn 0.706792 -0.706955 -0.025694
vn 0.000000 -0.999915 -0.013007
vn 0.000000 -0.999915 -0.013007
vn 0.677386 -0.677386 -0.286872
vn -0.000000 -0.000000 -1.000000
vn 0.957969 -0.000000 -0.286872
vn -0.000000 -0.000000 -1.000000
vn 0.677386 -0.677386 -0.286872
vn -0.000000 -0.957969 -0.286872
vn -0.000000 -0.000000 -1.000000
vn -0.000000 -0.957969 -0.286872
vn -0.677386 -0.677386 -0.286872
vn -0.000000 -0.000000 -1.000000
vn -0.677386 -0.677386 -0.286872
vn -0.957969 -0.000000 -0.286872
vn -0.000000 -0.000000 -1.000000
vn -0.957969 -0.000000 -0.286872
vn -0.677386 0.677386 -0.286872
vn -0.000000 -0.000000 -1.000000
vn -0.677386 0.677386 -0.286872
vn -0.000000 0.957969 -0.286872
vn -0.000000 -0.000000 -1.000000
vn -0.000000 0.957969 -0.286872
vn 0.677386 0.677386 -0.286872
vn 0.677386 0.677386 -0.286872
vn 0.957969 -0.000000 -0.286872
vn -0.000000 -0.000000 -1.000000
vn 0.999957 -0.001836 0.009063
vn 0.794239 -0.600213 -0.094489
vn 0.985123 0.137444 -0.103158
vn 0.136570 -0.986645 -0.088772
vn 0.705630 -0.708559 0.005601
vn -0.000716 -0.999995 0.002981
vn -0.601477 -0.793778 -0.090235
vn -0.000716 -0.999995 0.002981
vn -0.706329 -0.707881 0.001758
vn -0.985992 -0.135181 -0.097702
vn -0.706329 -0.707881 0.001758
vn -0.999993 -0.001730 0.003452
vn -0.791850 0.601456 -0.105939
vn -0.999993 -0.001730 0.003452
vn -0.707931 0.706236 0.008006
vn -0.325577 0.254991 0.910483
vn -0.451598 -0.070035 0.889468
vn -0.000060 -0.071860 0.997415
vn 0.705769 -0.708432 0.003714
vn 0.983930 -0.142841 0.107139
vn 0.597205 -0.796382 0.095504
vn -0.135210 0.984643 -0.110441
vn -0.707931 0.706236 0.008006
vn -0.000318 0.999929 0.011950
vn 0.000000 0.000000 -1.000000
vn 0.000000 0.000000 -1.000000
vn 0.000000 0.000000 -1.000000
vn 0.599602 0.792784 -0.109410
vn -0.000318 0.999929 0.011950
vn 0.707570 0.706540 0.012081
vn 0.707570 0.706540 0.012081
vn 0.985123 0.137444 -0.103158
vn 0.599602 0.792784 -0.109410
vn -0.000016 0.393287 0.919416
vn -0.325577 0.254991 0.910483
vn -0.000060 -0.071860 0.997415
vn -0.000622 -0.999997 0.002256
vn 0.597205 -0.796382 0.095504
vn -0.135332 -0.986327 0.094045
vn 0.998416 -0.000356 -0.056258
vn 0.796764 -0.603563 -0.029642
vn 0.603531 -0.797056 -0.021263
vn 0.000000 0.000000 -1.000000
vn 0.000000 0.000000 -1.000000
vn 0.000000 0.000000 -1.000000
vn 0.794712 0.601460 -0.081720
vn 0.998416 -0.000356 -0.056258
vn 0.601565 0.793735 -0.090022
vn 0.136111 0.985804 -0.098303
vn 0.601565 0.793735 -0.090022
vn -0.136111 0.985804 -0.098303
vn 0.325465 0.254904 0.910547
vn -0.000016 0.393287 0.919416
vn -0.000060 -0.071860 0.997415
vn -0.706267 -0.707940 0.002661
vn -0.135332 -0.986327 0.094045
vn -0.789318 -0.605304 0.102882
vn -0.601566 0.793735 -0.090022
vn -0.136111 0.985804 -0.098303
vn -0.794712 0.601460 -0.081720
vn 0.000000 0.000000 -1.000000
vn 0.000000 0.000000 -1.000000
vn 0.000000 0.000000 -1.000000
vn -0.988761 0.136206 -0.061635
vn -0.794712 0.601460 -0.081720
vn -0.989329 -0.136912 -0.049826
vn -0.796764 -0.603563 -0.029642
vn -0.989329 -0.136912 -0.049826
vn -0.603531 -0.797056 -0.021263
vn 0.451410 -0.070044 0.889563
vn 0.325465 0.254904 0.910547
vn -0.000060 -0.071860 0.997415
vn -0.999984 -0.001845 0.005398
vn -0.789318 -0.605304 0.102882
vn -0.984592 0.128747 0.118336
vn -0.000000 -0.999915 -0.013007
vn -0.603531 -0.797056 -0.021263
vn 0.000000 -0.999915 -0.013007
vn 0.000000 0.000000 -1.000000
vn 0.000000 0.000000 -1.000000
vn 0.000000 0.000000 -1.000000
vn 0.603531 -0.797056 -0.021263
vn -0.000000 -0.999915 -0.013007
vn 0.000000 -0.999915 -0.013007
vn -0.763657 0.644714 0.034239
vn -0.984592 0.128747 0.118336
vn -0.601773 0.787689 0.131969
vn 0.000000 -0.000000 -1.000000
vn 0.677386 -0.677386 -0.286872
vn 0.000000 -0.957969 -0.286872
vn 0.000000 0.000000 -1.000000
vn 0.000000 0.000000 -1.000000
vn 0.000000 0.000000 -1.000000
vn 0.000000 0.957969 -0.286872
vn 0.677386 0.677386 -0.286872
vn 0.000000 -0.000000 -1.000000
vn 0.957969 -0.000000 -0.286872
vn 0.677386 -0.677386 -0.286872
vn 0.000000 -0.000000 -1.000000
vn -0.957969 -0.000000 -0.286872
vn 0.000000 -0.000000 -1.000000
vn -0.677386 -0.677386 -0.286872
vn 0.705630 -0.708559 0.005597
vn 0.136570 -0.986645 -0.088772
vn 0.794239 -0.600213 -0.094489
vn -0.677386 0.677386 -0.286872
vn 0.000000 -0.000000 -1.000000
vn -0.957969 -0.000000 -0.286872
vn 0.677154 -0.677154 -0.287965
vn 0.000000 -0.957641 -0.287965
vn 0.000000 -0.000000 -1.000000
vn -0.994691 0.001802 -0.102892
vn -0.663276 -0.748299 -0.010617
vn -0.996007 -0.084805 0.027899
vn 0.000000 0.000000 -1.000000
vn 0.000000 0.000000 -1.000000
vn 0.000000 0.000000 -1.000000
vn 0.313098 -0.382631 0.869231
vn 0.451410 -0.070044 0.889563
vn -0.000060 -0.071860 0.997415
vn 0.000000 0.000000 -1.000000
vn 0.000000 0.000000 -1.000000
vn 0.000000 0.000000 -1.000000
vn 0.704794 -0.703437 -0.091885
vn 0.136141 -0.990686 0.002478
vn -0.136570 -0.986645 -0.088772
vn 0.999973 -0.001667 0.007198
vn 0.704794 -0.703437 -0.091885
vn 0.985435 0.137450 -0.100125
vn 0.988761 0.136206 -0.061635
vn 0.794712 0.601460 -0.081720
vn 0.989329 -0.136912 -0.049826
vn 0.136111 0.985804 -0.098303
vn 0.601566 0.793735 -0.090022
vn -0.136111 0.985804 -0.098303
vn 0.000000 0.000000 -1.000000
vn 0.000000 0.000000 -1.000000
vn 0.000000 0.000000 -1.000000
vn 0.000000 0.000000 -1.000000
vn 0.000000 0.000000 -1.000000
vn 0.000000 0.000000 -1.000000
vn 0.136762 -0.990520 -0.012884
vn 0.706792 -0.706955 -0.025694
vn 0.706792 -0.706955 -0.025694
vn -0.663276 -0.748299 -0.010617
vn -0.135331 -0.986322 0.094097
vn -0.789312 -0.605303 0.102937
vn -0.603531 -0.797056 -0.021263
vn -0.136762 -0.990520 -0.012884
vn 0.136762 -0.990520 -0.012884
vn 0.000000 0.000000 -1.000000
vn 0.000000 0.000000 -1.000000
vn 0.000000 0.000000 -1.000000
vn -0.988761 0.136206 -0.061635
vn -0.704719 0.704172 -0.086680
vn -0.704719 0.704172 -0.086680
vn -0.677386 -0.677386 -0.286872
vn 0.000000 -0.000000 -1.000000
vn 0.000000 -0.957969 -0.286872
vn -0.796764 -0.603563 -0.029642
vn -0.989329 -0.136912 -0.049826
vn -0.988761 0.136206 -0.061635
vn -0.136111 0.985804 -0.098303
vn -0.704719 0.704172 -0.086680
vn 0.136111 0.985804 -0.098303
vn 0.957969 -0.000000 -0.286872
vn 0.000000 -0.000000 -1.000000
vn 0.677386 0.677386 -0.286872
vn 0.000000 0.957969 -0.286872
vn 0.000000 -0.000000 -1.000000
vn -0.677386 0.677386 -0.286872
vn 0.000000 0.000000 -1.000000
vn 0.000000 0.000000 -1.000000
vn 0.000000 0.000000 -1.000000
vn 0.000000 0.000000 -1.000000
vn 0.000000 0.000000 -1.000000
vn 0.000000 0.000000 -1.000000
vn 0.000000 0.000000 -1.000000
vn 0.000000 0.000000 -1.000000
vn 0.000000 0.000000 -1.000000
vn 0.000000 0.000000 -1.000000
vn 0.000000 0.000000 -1.000000
vn 0.000000 0.000000 -1.000000
vn -0.663276 -0.748299 -0.010617
vn -0.136570 -0.986645 -0.088772
vn 0.136141 -0.990686 0.002478
vn 0.706792 -0.706955 -0.025694
vn 0.989329 -0.136912 -0.049826
vn 0.706792 -0.706955 -0.025694
vn 0.707572 0.706551 0.011275
vn 0.985435 0.137450 -0.100125
vn 0.599749 0.792921 -0.107594
vn -0.000247 0.999920 0.012641
vn 0.599749 0.792921 -0.107594
vn -0.135154 0.984604 -0.110852
vn -0.748370 0.663243 -0.007134
vn -0.135154 0.984604 -0.110852
vn -0.702932 0.702748 -0.109694
vn -0.748370 0.663243 -0.007134
vn -0.994691 0.001802 -0.102892
vn -0.996007 -0.084805 0.027899
vn 0.999957 -0.001836 0.009059
vn 0.794239 -0.600213 -0.094489
vn 0.985123 0.137444 -0.103158
vn -0.985693 -0.135102 -0.100780
vn -0.706267 -0.707940 0.002661
vn -0.999984 -0.001845 0.005398
vn -0.000622 -0.999997 0.002256
vn -0.601353 -0.793652 -0.092143
vn 0.136604 -0.986679 -0.088339
vn 0.000000 -0.000000 -1.000000
vn 0.957641 0.000000 -0.287965
vn 0.677154 -0.677154 -0.287965
vn 0.705769 -0.708432 0.003714
vn 0.136604 -0.986679 -0.088339
vn 0.794418 -0.600365 -0.091995
vn 0.999973 -0.001665 0.007169
vn 0.794418 -0.600365 -0.091995
vn 0.985435 0.137450 -0.100125
vn -0.701702 0.703927 -0.110005
vn -0.999984 -0.001845 0.005398
vn -0.763657 0.644714 0.034239
vn 0.313097 -0.382631 0.869231
vn 0.451410 -0.070044 0.889563
vn -0.000060 -0.071860 0.997415
vn -0.748370 0.663243 -0.007134
vn -0.984585 0.128742 0.118396
vn -0.601770 0.787680 0.132034
vn -0.796764 -0.603563 -0.029642
vn -0.989329 -0.136912 -0.049826
vn -0.988761 0.136206 -0.061635
vn 0.000000 0.000000 -1.000000
vn 0.000000 0.000000 -1.000000
vn 0.000000 0.000000 -1.000000
vn -0.988761 0.136206 -0.061635
vn -0.794712 0.601460 -0.081720
vn -0.601566 0.793735 -0.090022
vn 0.000000 0.000000 -1.000000
vn 0.000000 0.000000 -1.000000
vn 0.000000 0.000000 -1.000000
vn -0.000015 -0.508646 0.860976
vn 0.313097 -0.382631 0.869231
vn -0.000060 -0.071860 0.997415
vn -0.000247 0.999920 0.012641
vn -0.601770 0.787680 0.132034
vn 0.136255 0.981507 0.134456
vn -0.136111 0.985804 -0.098303
vn -0.601566 0.793735 -0.090022
vn -0.794712 0.601460 -0.081720
vn 0.000000 0.000000 -1.000000
vn 0.000000 0.000000 -1.000000
vn 0.000000 0.000000 -1.000000
vn 0.601566 0.793735 -0.090022
vn 0.136111 0.985804 -0.098303
vn -0.136111 0.985804 -0.098303
vn 0.988761 0.136206 -0.061635
vn 0.794713 0.601460 -0.081720
vn 0.601566 0.793735 -0.090022
vn -0.313204 -0.382701 0.869162
vn -0.000015 -0.508646 0.860976
vn -0.000060 -0.071860 0.997415
vn 0.707572 0.706551 0.011275
vn 0.136255 0.981507 0.134456
vn 0.794120 0.595056 0.123617
vn 0.989329 -0.136912 -0.049826
vn 0.796764 -0.603563 -0.029642
vn 0.603531 -0.797056 -0.021263
vn 0.603531 -0.797056 -0.021263
vn 0.136762 -0.990520 -0.012884
vn -0.136762 -0.990520 -0.012884
vn 0.451410 -0.070044 0.889563
vn 0.325465 0.254904 0.910547
vn -0.000060 -0.071860 0.997415
vn -0.996007 -0.084805 0.027899
vn -0.789312 -0.605303 0.102937
vn -0.984585 0.128742 0.118396
vn -0.136762 -0.990520 -0.012884
vn -0.603531 -0.797056 -0.021263
vn -0.796764 -0.603563 -0.029642
vn 0.000000 0.000000 -1.000000
vn 0.000000 0.000000 -1.000000
vn 0.000000 0.000000 -1.000000
vn -0.677154 -0.677154 -0.287965
vn -0.957641 0.000000 -0.287965
vn 0.000000 0.000000 -1.000000
vn 0.000000 0.000000 -1.000000
vn -0.957641 0.000000 -0.287965
vn -0.677154 0.677154 -0.287965
vn 0.136141 -0.990686 0.002478
vn 0.597200 -0.796380 0.095556
vn -0.135331 -0.986322 0.094097
vn -0.000016 0.393287 0.919416
vn -0.325577 0.254991 0.910483
vn -0.000060 -0.071860 0.997415
vn 0.677154 0.677154 -0.287965
vn 0.957641 0.000000 -0.287965
vn 0.000000 0.000000 -1.000000
vn 0.000000 0.000000 -1.000000
vn 0.957641 0.000000 -0.287965
vn 0.677154 -0.677154 -0.287965
vn 0.000000 0.000000 -1.000000
vn 0.000000 0.000000 -1.000000
vn 0.000000 0.000000 -1.000000
vn 0.000000 0.000000 -1.000000
vn 0.677154 -0.677154 -0.287965
vn 0.000000 -0.957641 -0.287965
vn 0.761422 -0.647874 0.022244
vn 0.983923 -0.142844 0.107196
vn 0.597200 -0.796380 0.095556
vn -0.325577 0.254991 0.910483
vn -0.451598 -0.070035 0.889468
vn -0.000060 -0.071860 0.997415
vn 0.000000 0.000000 -1.000000
vn 0.000000 0.000000 -1.000000
vn 0.000000 0.000000 -1.000000
vn -0.677154 -0.677154 -0.287965
vn 0.000000 0.000000 -1.000000
vn 0.000000 -0.957641 -0.287965
vn 0.000000 0.000000 -1.000000
vn 0.000000 0.000000 -1.000000
vn 0.000000 0.000000 -1.000000
vn 0.707572 0.706552 0.011242
vn 0.985435 0.137450 -0.100125
vn 0.599749 0.792921 -0.107594
vn 0.999973 -0.001667 0.007198
vn 0.794120 0.595056 0.123617
vn 0.983923 -0.142844 0.107196
vn -0.451598 -0.070035 0.889468
vn -0.313204 -0.382701 0.869162
vn -0.000060 -0.071860 0.997415
vn 0.000000 0.000000 -1.000000
vn 0.000000 0.000000 -1.000000
vn 0.000000 0.000000 -1.000000
vn 0.000000 0.957641 -0.287965
vn 0.677154 0.677154 -0.287965
vn 0.000000 0.000000 -1.000000
vn 0.000000 0.000000 -1.000000
vn 0.000000 0.000000 -1.000000
vn 0.000000 0.000000 -1.000000
vn -0.059346 0.998223 -0.005428
vn 0.599749 0.792921 -0.107594
vn 0.000025 0.993786 -0.111311
vn 0.000000 0.000000 -1.000000
vn -0.677154 0.677154 -0.287965
vn 0.000000 0.957641 -0.287965
vn -0.059346 0.998223 -0.005428
vn -0.701702 0.703927 -0.110005
vn -0.763657 0.644714 0.034239
vn 0.000000 0.000000 -1.000000
vn 0.000000 0.000000 -1.000000
vn 0.000000 0.000000 -1.000000
vn 0.000000 0.000000 -1.000000
vn 0.000000 0.000000 -1.000000
vn 0.000000 0.000000 -1.000000
vn 0.596730 -0.796210 0.099816
vn -0.000716 -0.999995 0.002977
vn 0.705630 -0.708559 0.005597
vn 0.000060 -0.071860 0.997415
vn 0.000016 0.393287 0.919416
vn -0.325465 0.254904 0.910547
vn 0.000000 0.000000 -1.000000
vn 0.000000 0.000000 -1.000000
vn 0.000000 0.000000 -1.000000
vn -0.135501 -0.986394 0.093096
vn -0.706329 -0.707881 0.001754
vn -0.000716 -0.999995 0.002977
vn 0.000060 -0.071860 0.997415
vn 0.325577 0.254991 0.910483
vn 0.000016 0.393287 0.919416
vn 0.000000 0.000000 -1.000000
vn 0.000000 0.000000 -1.000000
vn 0.000000 0.000000 -1.000000
vn 0.000060 -0.071860 0.997415
vn -0.325465 0.254904 0.910547
vn -0.451410 -0.070044 0.889563
vn 0.000000 0.000000 -1.000000
vn 0.000000 0.000000 -1.000000
vn 0.000000 0.000000 -1.000000
vn -0.789979 -0.605359 0.097329
vn -0.999993 -0.001730 0.003448
vn -0.706329 -0.707881 0.001754
vn 0.325465 0.254904 0.910547
vn -0.000016 0.393287 0.919416
vn -0.000060 -0.071860 0.997415
vn 0.000000 0.000000 -1.000000
vn 0.000000 0.000000 -1.000000
vn 0.000000 0.000000 -1.000000
vn 0.000060 -0.071860 0.997415
vn 0.451598 -0.070035 0.889468
vn 0.325577 0.254991 0.910483
vn 0.983105 -0.143162 0.114060
vn 0.705630 -0.708559 0.005597
vn 0.999957 -0.001836 0.009059
vn 0.000000 0.000000 -1.000000
vn 0.000000 0.000000 -1.000000
vn 0.000000 0.000000 -1.000000
vn -0.985308 0.129267 0.111614
vn -0.707931 0.706236 0.008002
vn -0.999993 -0.001730 0.003448
vn 0.000060 -0.071860 0.997415
vn 0.313204 -0.382701 0.869162
vn 0.451598 -0.070035 0.889468
vn 0.000000 0.000000 -1.000000
vn 0.000000 0.000000 -1.000000
vn 0.000000 0.000000 -1.000000
vn -0.601997 0.788178 0.127970
vn -0.000318 0.999929 0.011945
vn -0.707931 0.706236 0.008002
vn 0.000060 -0.071860 0.997415
vn 0.000015 -0.508646 0.860976
vn 0.313204 -0.382701 0.869162
vn 0.000000 0.000000 -1.000000
vn 0.000000 0.000000 -1.000000
vn 0.000000 0.000000 -1.000000
vn 0.000000 0.000000 -1.000000
vn 0.000000 0.000000 -1.000000
vn 0.000000 0.000000 -1.000000
vn 0.136190 0.981395 0.135334
vn 0.707570 0.706540 0.012076
vn -0.000318 0.999929 0.011945
vn 0.000060 -0.071860 0.997415
vn -0.313098 -0.382631 0.869231
vn 0.000015 -0.508646 0.860976
vn 0.000000 0.000000 -1.000000
vn 0.000000 0.000000 -1.000000
vn 0.000000 0.000000 -1.000000
vn 0.000000 0.000000 -1.000000
vn 0.000000 0.000000 -1.000000
vn 0.000000 0.000000 -1.000000
vn 0.000000 0.000000 -1.000000
vn 0.000000 0.000000 -1.000000
vn 0.000000 0.000000 -1.000000
vn 0.000000 0.000000 -1.000000
vn 0.000000 0.000000 -1.000000
vn 0.000000 0.000000 -1.000000
vn 0.000000 0.000000 -1.000000
vn 0.000000 0.000000 -1.000000
vn 0.000000 0.000000 -1.000000
vn 0.000000 0.000000 -1.000000
vn 0.000000 0.000000 -1.000000
vn 0.000000 0.000000 -1.000000
vn 0.000000 0.000000 -1.000000
vn 0.000000 0.000000 -1.000000
vn 0.000000 0.000000 -1.000000
vn 0.000000 0.000000 -1.000000
vn 0.000000 0.000000 -1.000000
vn 0.000000 0.000000 -1.000000
vn 0.983104 -0.143162 0.114068
vn 0.705630 -0.708559 0.005601
vn 0.999957 -0.001836 0.009063
vn 0.000000 0.000000 -1.000000
vn 0.000000 0.000000 -1.000000
vn 0.000000 0.000000 -1.000000
vn 0.000000 0.000000 -1.000000
vn 0.000000 0.000000 -1.000000
vn 0.000000 0.000000 -1.000000
vn 0.596729 -0.796209 0.099824
vn -0.000716 -0.999995 0.002981
vn 0.705630 -0.708559 0.005601
vn -0.000209 -0.078220 0.996936
vn -0.181419 0.103130 0.977983
vn -0.253626 -0.077727 0.964175
vn -0.000062 0.179081 0.983834
vn -0.181419 0.103130 0.977983
vn -0.000209 -0.078220 0.996936
vn 0.793699 0.594477 0.128997
vn 0.999957 -0.001836 0.009063
vn 0.707570 0.706540 0.012081
vn -0.135501 -0.986393 0.093103
vn -0.706329 -0.707881 0.001758
vn -0.000716 -0.999995 0.002981
vn 0.000000 0.000000 -1.000000
vn 0.000000 0.000000 -1.000000
vn 0.000000 0.000000 -1.000000
vn 0.000000 0.000000 -1.000000
vn 0.000000 0.000000 -1.000000
vn 0.000000 0.000000 -1.000000
vn 0.181002 0.102822 0.978093
vn -0.000062 0.179081 0.983834
vn -0.000209 -0.078220 0.996936
vn 0.252927 -0.077746 0.964356
vn 0.181002 0.102822 0.978093
vn -0.000209 -0.078220 0.996936
vn 0.136190 0.981394 0.135344
vn 0.707570 0.706540 0.012081
vn -0.000318 0.999929 0.011950
vn 0.000000 0.000000 -1.000000
vn 0.000000 0.000000 -1.000000
vn 0.000000 0.000000 -1.000000
vn 0.000000 0.000000 -1.000000
vn 0.000000 0.000000 -1.000000
vn 0.000000 0.000000 -1.000000
vn 0.000000 0.000000 -1.000000
vn 0.000000 0.000000 -1.000000
vn 0.000000 0.000000 -1.000000
vn 0.176810 -0.254123 0.950873
vn 0.252927 -0.077746 0.964356
vn -0.000209 -0.078220 0.996936
vn -0.000057 -0.326173 0.945310
vn 0.176810 -0.254123 0.950873
vn -0.000209 -0.078220 0.996936
vn -0.601996 0.788176 0.127979
vn -0.000318 0.999929 0.011950
vn -0.707931 0.706236 0.008006
vn -0.789979 -0.605359 0.097336
vn -0.999993 -0.001730 0.003452
vn -0.706329 -0.707881 0.001758
vn 0.000000 0.000000 -1.000000
vn 0.000000 0.000000 -1.000000
vn 0.000000 0.000000 -1.000000
vn 0.000000 0.000000 -1.000000
vn 0.000000 0.000000 -1.000000
vn 0.000000 0.000000 -1.000000
vn -0.177211 -0.254395 0.950726
vn -0.000057 -0.326173 0.945310
vn -0.000209 -0.078220 0.996936
vn -0.253626 -0.077727 0.964175
vn -0.177211 -0.254395 0.950726
vn -0.000209 -0.078220 0.996936
vn -0.985307 0.129267 0.111622
vn -0.707931 0.706236 0.008006
vn -0.999993 -0.001730 0.003452
vn 0.000000 0.000000 -1.000000
vn 0.000000 0.000000 -1.000000
vn 0.000000 0.000000 -1.000000
vn 0.000000 0.000000 -1.000000
vn 0.000000 0.000000 -1.000000
vn 0.000000 0.000000 -1.000000
vn -0.625173 -0.780141 0.023197
vn -0.794437 -0.606921 0.022726
vn -0.633300 -0.773676 0.018885
vn -0.209037 0.936792 0.280577
vn 0.099631 0.989530 -0.104421
vn -0.076545 0.990836 0.111287
vn -0.707107 0.000000 0.707107
vn -0.707107 0.000000 0.707107
vn -0.707107 0.000000 0.707107
vn -0.707107 -0.000000 -0.707107
vn -0.707107 0.000000 -0.707107
vn -0.707107 0.000000 -0.707107
vn 1.000000 0.000000 0.000000
vn 1.000000 0.000000 0.000000
vn 1.000000 0.000000 0.000000
vn -0.075608 0.997062 -0.012249
vn -0.004456 0.965595 0.260014
vn 0.714846 0.698914 0.022691
vn 0.707107 -0.000000 0.707107
vn 0.707107 0.000000 0.707107
vn 0.707107 0.000000 0.707107
vn -0.745137 -0.659925 -0.096281
vn -0.865461 -0.491854 -0.095163
vn -0.940755 -0.326725 -0.090720
vn 0.000000 -0.999913 -0.013180
vn -0.054026 -0.992051 -0.113652
vn 0.341491 -0.932202 -0.119931
vn 0.168690 0.952824 -0.252328
vn 0.220775 0.866681 -0.447350
vn 0.180055 0.938996 -0.293032
vn -0.536304 0.505880 0.675621
vn -0.464509 0.640833 0.611200
vn -0.464509 0.640833 0.611200
vn 0.707107 -0.000000 0.707107
vn 0.707107 0.000000 0.707107
vn 0.707107 0.000000 0.707107
vn -0.707107 0.000000 0.707107
vn -0.707107 0.000000 0.707107
vn -0.707107 0.000000 0.707107
vn 0.075268 0.996258 0.042469
vn 0.079840 0.996065 0.038477
vn 0.149808 0.969672 -0.193117
vn -0.707107 0.000000 0.707107
vn -0.707107 0.000000 0.707107
vn -0.707107 0.000000 0.707107
vn 0.714846 0.698914 0.022691
vn 0.719703 0.651872 0.238936
vn 0.989746 0.129093 0.061143
vn -0.358915 0.814512 0.455796
vn -0.209037 0.936792 0.280577
vn -0.245353 0.911410 0.330354
vn -0.903763 0.136210 -0.405782
vn -0.747137 -0.487884 -0.451393
vn -0.991238 -0.020029 -0.130564
vn -0.707107 0.000000 0.707107
vn -0.707107 0.000000 0.707107
vn -0.707107 0.000000 0.707107
vn 0.060015 -0.822577 -0.565478
vn -0.175303 -0.959997 -0.218347
vn -0.747137 -0.487884 -0.451393
vn -0.707107 -0.000000 -0.707107
vn -0.707107 0.000000 -0.707107
vn -0.707107 0.000000 -0.707107
vn 0.934682 -0.354087 -0.031493
vn 0.980637 -0.165570 -0.104580
vn 0.968964 -0.237323 -0.069187
vn 0.707107 0.000000 -0.707107
vn 0.707107 0.000000 -0.707107
vn 0.707107 0.000000 -0.707107
vn -0.690153 0.607303 -0.393539
vn -0.903763 0.136210 -0.405782
vn -0.742815 0.668302 -0.039972
vn 0.000000 0.846296 -0.532712
vn -0.690153 0.607303 -0.393539
vn 0.057797 0.998272 0.010642
vn 0.311906 0.832601 0.457702
vn -0.151581 0.965925 -0.209791
vn 0.077942 0.973534 0.214842
vn -1.000000 0.000000 0.000000
vn -0.972922 -0.227677 -0.039831
vn -0.986628 -0.151321 -0.060553
vn 0.707107 -0.000000 0.707107
vn 0.707107 0.000000 0.707107
vn 0.707107 0.000000 0.707107
vn -1.000000 0.000000 0.000000
vn -0.970593 -0.239892 -0.020013
vn -0.986628 -0.151321 -0.060553
vn 0.928346 -0.371711 -0.002103
vn 0.980637 -0.165570 -0.104580
vn 0.967059 -0.249704 -0.049456
vn -1.000000 0.000000 0.000000
vn -0.972922 -0.227677 -0.039831
vn -0.986628 -0.151321 -0.060553
vn 0.707107 0.000000 -0.707107
vn 0.707107 0.000000 -0.707107
vn 0.707107 0.000000 -0.707107
vn 0.928346 -0.371711 -0.002103
vn 0.980637 -0.165570 -0.104580
vn 0.967058 -0.249704 -0.049456
vn 0.000000 -0.999913 -0.013180
vn -0.341491 -0.932202 -0.119931
vn -0.054026 -0.992051 -0.113652
vn -0.761474 0.647368 0.032760
vn -0.075608 0.997062 -0.012249
vn -0.664408 0.747299 -0.010251
vn 0.707107 0.000000 -0.707107
vn 0.707107 0.000000 -0.707107
vn 0.707107 0.000000 -0.707107
vn 0.707107 -0.000000 0.707107
vn 0.707107 0.000000 0.707107
vn 0.707107 0.000000 0.707107
vn -0.051495 0.998014 -0.036283
vn 0.100689 0.982767 0.155016
vn 0.143622 0.967530 0.207986
vn -0.051495 0.998014 -0.036283
vn -0.090741 0.993169 -0.073356
vn 0.100689 0.982767 0.155016
vn 0.700687 0.713334 -0.013880
vn 0.694800 0.719152 0.008557
vn 0.087147 0.996038 -0.017732
vn 0.087089 0.995483 -0.037802
vn -0.011124 0.998045 0.061502
vn 0.100095 0.990792 -0.091172
vn 0.968033 0.250558 0.011505
vn 0.997114 0.074786 -0.013035
vn 0.700687 0.713334 -0.013880
vn -0.998964 -0.027213 0.036483
vn -0.988244 0.151519 0.020375
vn -0.998634 -0.051845 -0.006455
vn 0.707107 0.000000 -0.707107
vn 0.707107 0.000000 -0.707107
vn 0.707107 0.000000 -0.707107
vn 0.668255 0.519417 0.532580
vn 0.719703 0.651872 0.238936
vn 0.098002 0.785609 0.610912
vn -0.865461 -0.491854 -0.095163
vn -0.745137 -0.659925 -0.096281
vn -0.588167 -0.801951 -0.104572
vn -0.876516 -0.481218 -0.012233
vn -0.878289 -0.477931 -0.013775
vn -0.878289 -0.477931 -0.013775
vn -0.815253 -0.547889 0.187562
vn -0.978417 0.144774 0.147445
vn -0.901585 -0.426159 0.074388
vn -0.901585 -0.426159 0.074388
vn -0.129751 -0.990931 0.034939
vn -0.815253 -0.547889 0.187562
vn -0.129751 -0.990931 0.034939
vn 0.071102 -0.997182 0.023929
vn 0.750549 -0.658454 0.055806
vn 0.874473 -0.457653 0.160781
vn 0.406267 -0.910216 0.080336
vn 0.750549 -0.658454 0.055806
vn -0.732134 0.681138 0.005575
vn -0.128479 0.991537 0.018666
vn -0.742815 0.668302 -0.039972
vn -0.732134 0.681138 0.005575
vn -0.742815 0.668302 -0.039972
vn -0.986851 0.155871 -0.042783
vn 0.054587 0.994274 0.091870
vn 0.346928 0.827882 0.440741
vn 0.100689 0.982767 0.155016
vn -0.707107 0.000000 -0.707107
vn -0.707107 0.000000 -0.707107
vn -0.707107 0.000000 -0.707107
vn -0.086164 0.992480 -0.086944
vn 0.054587 0.994274 0.091870
vn -0.112521 0.988405 -0.101950
vn -0.794347 -0.607207 0.017681
vn -0.794437 -0.606921 0.022726
vn -0.912845 -0.407519 0.025344
vn 0.719703 0.651872 0.238936
vn 0.668255 0.519417 0.532580
vn 0.965766 0.131072 0.223868
vn 0.874473 -0.457653 0.160781
vn 0.814950 -0.393949 0.425043
vn 0.636267 -0.700554 0.323092
vn 0.854493 0.070387 0.514672
vn 0.814950 -0.393949 0.425043
vn 0.965766 0.131072 0.223868
vn -0.995803 0.090514 -0.013518
vn -0.988244 0.151519 0.020375
vn -0.688108 0.725535 0.010357
vn -0.688108 0.725535 0.010357
vn -0.664408 0.747299 -0.010251
vn -0.010743 0.999887 0.010550
vn 0.082383 -0.985714 -0.146903
vn -0.054026 -0.992051 -0.113652
vn -0.725525 -0.677642 -0.120060
vn 0.848846 -0.518038 -0.105341
vn 0.691744 -0.713499 -0.111397
vn 0.082383 -0.985714 -0.146903
vn 0.707107 -0.000000 0.707107
vn 0.707107 0.000000 0.707107
vn 0.707107 0.000000 0.707107
vn 0.691744 -0.713499 -0.111397
vn 0.848846 -0.518038 -0.105341
vn 0.997114 0.074786 -0.013035
vn -0.602702 -0.782039 -0.158635
vn -0.607749 -0.778879 -0.154883
vn -0.790231 -0.598446 -0.131898
vn -0.984531 0.174970 0.009164
vn -0.984531 0.174968 0.009164
vn -0.984531 0.174968 0.009164
vn -0.004456 0.965595 0.260014
vn -0.075608 0.997062 -0.012249
vn -0.710405 0.670488 0.213941
vn -0.710405 0.670488 0.213941
vn -0.761474 0.647368 0.032760
vn -0.978417 0.144774 0.147445
vn 0.341491 -0.932202 -0.119931
vn 0.691744 -0.713499 -0.111397
vn 0.737647 -0.671116 -0.074024
vn -0.076545 0.990836 0.111287
vn -0.011124 0.998045 0.061502
vn -0.245353 0.911410 0.330354
vn -0.000022 -0.855154 0.518375
vn -0.513745 -0.730111 0.450559
vn 0.000056 -0.922886 0.385072
vn 0.575399 0.817822 0.009107
vn 0.694800 0.719152 0.008557
vn 0.977902 0.206177 -0.034631
vn -0.128479 0.991537 0.018666
vn -0.010743 0.999887 0.010550
vn 0.575399 0.817822 0.009107
vn 0.880048 -0.474637 -0.015317
vn 0.878289 -0.477931 -0.013775
vn 0.878289 -0.477931 -0.013775
vn 0.989746 0.129093 0.061143
vn 0.968033 0.250558 0.011505
vn 0.714846 0.698914 0.022691
vn 0.087147 0.996038 -0.017732
vn -0.075608 0.997062 -0.012249
vn 0.700687 0.713334 -0.013880
vn -0.794712 -0.591943 -0.134300
vn -0.920261 -0.378271 -0.100156
vn -0.790231 -0.598446 -0.131898
vn -0.371538 -0.927147 -0.048563
vn -0.369544 -0.928057 -0.046336
vn -0.369544 -0.928057 -0.046336
vn -0.707107 0.000000 0.707107
vn -0.707107 0.000000 0.707107
vn -0.707107 0.000000 0.707107
vn 0.984531 0.174970 0.009165
vn 0.984531 0.174968 0.009164
vn 0.984531 0.174968 0.009164
vn 0.071102 -0.997182 0.023929
vn -0.129751 -0.990931 0.034939
vn -0.388321 -0.920607 0.041110
vn -0.978417 0.144774 0.147445
vn -0.815253 -0.547889 0.187562
vn -0.886706 0.099154 0.451577
vn -0.685198 -0.698751 -0.205551
vn -0.725525 -0.677642 -0.120060
vn -0.991238 -0.020029 -0.130564
vn 0.750549 -0.658454 0.055806
vn 0.998102 -0.057460 0.022163
vn 0.989746 0.129093 0.061143
vn -0.707107 -0.000000 -0.707107
vn -0.707107 0.000000 -0.707107
vn -0.707107 0.000000 -0.707107
vn 0.951689 -0.293534 -0.090145
vn 0.989360 -0.137025 -0.048899
vn 0.999240 0.037348 0.011194
vn 0.542347 0.506404 0.670384
vn 0.311906 0.832601 0.457702
vn 0.467551 0.641123 0.608571
vn -0.956625 -0.286813 -0.051060
vn -0.741465 -0.660565 -0.117831
vn -0.737647 -0.671116 -0.074024
vn 0.903763 0.136210 -0.405782
vn 0.991238 -0.020029 -0.130564
vn 0.803846 -0.350831 -0.480363
vn -0.249685 0.739682 -0.624922
vn -0.214447 0.867179 -0.449458
vn -0.151581 0.965925 -0.209791
vn -0.741465 -0.660565 -0.117831
vn -0.995803 0.090514 -0.013518
vn -0.725525 -0.677642 -0.120060
vn -0.175303 -0.959997 -0.218347
vn 0.060015 -0.822577 -0.565478
vn 0.622062 -0.753401 -0.213134
vn 0.622062 -0.753401 -0.213134
vn 0.991238 -0.020029 -0.130564
vn 0.848846 -0.518038 -0.105341
vn 0.000000 0.846296 -0.532712
vn 0.057797 0.998272 0.010642
vn 0.690153 0.607303 -0.393539
vn 0.690153 0.607303 -0.393539
vn 0.794753 0.604964 -0.048840
vn 0.903763 0.136210 -0.405782
vn -0.962573 -0.257759 -0.083747
vn -0.999294 0.037363 -0.003882
vn -0.992524 -0.112845 -0.046495
vn -0.707107 0.000000 -0.707107
vn -0.707107 0.000000 -0.707107
vn -0.707107 0.000000 -0.707107
vn 0.098002 0.785609 0.610912
vn -0.004456 0.965595 0.260014
vn -0.575143 0.604396 0.551286
vn -0.688108 0.725535 0.010357
vn -0.732134 0.681138 0.005575
vn -0.995803 0.090514 -0.013518
vn -0.575143 0.604396 0.551286
vn -0.710405 0.670488 0.213941
vn -0.886706 0.099154 0.451577
vn 0.934682 -0.354087 -0.031493
vn 0.980637 -0.165570 -0.104580
vn 0.968964 -0.237323 -0.069187
vn -0.763058 -0.428356 0.483997
vn -0.815253 -0.547889 0.187562
vn -0.513745 -0.730111 0.450559
vn 0.965766 0.131072 0.223868
vn 0.874473 -0.457653 0.160781
vn 0.989746 0.129093 0.061143
vn -1.000000 0.000000 0.000000
vn -1.000000 0.000000 0.000000
vn -1.000000 0.000000 0.000000
vn -0.010743 0.999887 0.010550
vn -0.128479 0.991537 0.018666
vn -0.688108 0.725535 0.010357
vn 0.707107 0.000000 -0.707107
vn 0.707107 0.000000 -0.707107
vn 0.707107 0.000000 -0.707107
vn -0.761474 0.647368 0.032760
vn -0.664408 0.747299 -0.010251
vn -0.981119 0.188445 0.043515
vn 0.636267 -0.700554 0.323092
vn 0.432746 -0.763852 0.478813
vn 0.000056 -0.922886 0.385072
vn 0.991238 -0.020029 -0.130564
vn 0.794753 0.604964 -0.048840
vn 0.977902 0.206177 -0.034631
vn 0.794753 0.604964 -0.048840
vn 0.057797 0.998272 0.010642
vn 0.575399 0.817822 0.009107
vn 0.082383 -0.985714 -0.146903
vn -0.725525 -0.677642 -0.120060
vn -0.175303 -0.959997 -0.218347
vn -1.000000 0.000000 0.000000
vn -0.970593 -0.239891 -0.020013
vn -0.986628 -0.151321 -0.060553
vn 0.367547 -0.928958 -0.044108
vn 0.369544 -0.928057 -0.046336
vn 0.369544 -0.928057 -0.046336
vn -0.175303 -0.959997 -0.218347
vn 0.622062 -0.753401 -0.213134
vn 0.082383 -0.985714 -0.146903
vn 0.152623 -0.983763 0.094429
vn 0.301759 -0.952035 0.050704
vn 0.131593 -0.991189 0.015076
vn -0.998964 -0.027213 0.036483
vn -0.901585 -0.426159 0.074388
vn -0.988244 0.151519 0.020375
vn 0.997537 -0.069696 -0.007952
vn 0.997114 0.074786 -0.013035
vn 0.998102 -0.057460 0.022163
vn -0.388321 -0.920607 0.041110
vn -0.259041 -0.965412 0.029607
vn 0.071102 -0.997182 0.023929
vn 0.988645 0.146916 -0.031562
vn 0.996881 -0.063918 -0.046298
vn 0.996450 0.084085 -0.004145
vn 0.000000 0.000000 -1.000000
vn 0.000000 0.000000 -1.000000
vn 0.000000 0.000000 -1.000000
vn 0.000000 0.000000 -1.000000
vn 0.000000 0.000000 -1.000000
vn 0.000000 0.000000 -1.000000
vn -0.601996 0.788176 0.127979
vn -0.707931 0.706236 0.008006
vn -0.985307 0.129267 0.111622
vn 0.000000 0.000000 -1.000000
vn 0.000000 0.000000 -1.000000
vn 0.000000 0.000000 -1.000000
vn 0.000000 0.000000 -1.000000
vn 0.000000 0.000000 -1.000000
vn 0.000000 0.000000 -1.000000
vn -0.985307 0.129267 0.111622
vn -0.999993 -0.001730 0.003452
vn -0.789979 -0.605359 0.097336
vn 0.136190 0.981394 0.135344
vn -0.000318 0.999929 0.011950
vn -0.601996 0.788176 0.127979
vn 0.000000 0.000000 -1.000000
vn 0.000000 0.000000 -1.000000
vn 0.000000 0.000000 -1.000000
vn 0.000000 0.000000 -1.000000
vn 0.000000 0.000000 -1.000000
vn 0.000000 0.000000 -1.000000
vn 0.000000 0.000000 -1.000000
vn 0.000000 0.000000 -1.000000
vn 0.000000 0.000000 -1.000000
vn 0.793699 0.594477 0.128997
vn 0.707570 0.706540 0.012081
vn 0.136190 0.981394 0.135344
vn 0.000000 0.000000 -1.000000
vn 0.000000 0.000000 -1.000000
vn 0.000000 0.000000 -1.000000
vn 0.000000 0.000000 -1.000000
vn 0.000000 0.000000 -1.000000
vn 0.000000 0.000000 -1.000000
vn -0.789979 -0.605359 0.097336
vn -0.706329 -0.707881 0.001758
vn -0.135501 -0.986393 0.093103
vn 0.983104 -0.143162 0.114068
vn 0.999957 -0.001836 0.009063
vn 0.793699 0.594477 0.128997
vn -0.135501 -0.986393 0.093103
vn -0.000716 -0.999995 0.002981
vn 0.596729 -0.796209 0.099824
vn 0.000000 0.000000 -1.000000
vn 0.000000 0.000000 -1.000000
vn 0.000000 0.000000 -1.000000
vn 0.000000 0.000000 -1.000000
vn 0.000000 0.000000 -1.000000
vn 0.000000 0.000000 -1.000000
vn 0.596729 -0.796209 0.099824
vn 0.705630 -0.708559 0.005601
vn 0.983104 -0.143162 0.114068
vn 0.000000 0.000000 -1.000000
vn 0.000000 0.000000 -1.000000
vn 0.000000 0.000000 -1.000000
vn 0.000000 0.000000 -1.000000
vn 0.000000 0.000000 -1.000000
vn 0.000000 0.000000 -1.000000
vn 0.000000 0.000000 -1.000000
vn 0.000000 0.000000 -1.000000
vn 0.000000 0.000000 -1.000000
vn 0.000000 0.000000 -1.000000
vn 0.000000 0.000000 -1.000000
vn 0.000000 0.000000 -1.000000
vn 0.000000 0.000000 -1.000000
vn 0.000000 0.000000 -1.000000
vn 0.000000 0.000000 -1.000000
vn 0.000000 0.000000 -1.000000
vn 0.000000 0.000000 -1.000000
vn 0.000000 0.000000 -1.000000
vn 0.000000 0.000000 -1.000000
vn 0.000000 0.000000 -1.000000
vn 0.000000 0.000000 -1.000000
vn 0.000000 0.000000 -1.000000
vn 0.000000 0.000000 -1.000000
vn 0.000000 0.000000 -1.000000
vn 0.793699 0.594478 0.128988
vn 0.707570 0.706540 0.012076
vn 0.136190 0.981395 0.135334
vn 0.000000 0.000000 -1.000000
vn 0.000000 0.000000 -1.000000
vn 0.000000 0.000000 -1.000000
vn 0.000000 0.000000 -1.000000
vn 0.000000 0.000000 -1.000000
vn 0.000000 0.000000 -1.000000
vn 0.136190 0.981395 0.135334
vn -0.000318 0.999929 0.011945
vn -0.601997 0.788178 0.127970
vn 0.000000 0.000000 -1.000000
vn 0.000000 0.000000 -1.000000
vn 0.000000 0.000000 -1.000000
vn -0.601997 0.788178 0.127970
vn -0.707931 0.706236 0.008002
vn -0.985308 0.129267 0.111614
vn 0.000000 0.000000 -1.000000
vn 0.000000 0.000000 -1.000000
vn 0.000000 0.000000 -1.000000
vn 0.596730 -0.796210 0.099816
vn 0.705630 -0.708559 0.005597
vn 0.983105 -0.143162 0.114060
vn 0.000000 0.000000 -1.000000
vn 0.000000 0.000000 -1.000000
vn 0.000000 0.000000 -1.000000
vn -0.985308 0.129267 0.111614
vn -0.999993 -0.001730 0.003448
vn -0.789979 -0.605359 0.097329
vn 0.000000 0.000000 -1.000000
vn 0.000000 0.000000 -1.000000
vn 0.000000 0.000000 -1.000000
vn 0.000000 0.000000 -1.000000
vn 0.000000 0.000000 -1.000000
vn 0.000000 0.000000 -1.000000
vn -0.789979 -0.605359 0.097329
vn -0.706329 -0.707881 0.001754
vn -0.135501 -0.986394 0.093096
vn 0.000000 0.000000 -1.000000
vn 0.000000 0.000000 -1.000000
vn 0.000000 0.000000 -1.000000
vn -0.135501 -0.986394 0.093096
vn -0.000716 -0.999995 0.002977
vn 0.596730 -0.796210 0.099816
vn 0.000000 0.000000 -1.000000
vn 0.000000 0.000000 -1.000000
vn 0.000000 0.000000 -1.000000
vn 0.000000 0.000000 -1.000000
vn 0.000000 0.000000 -1.000000
vn 0.000000 0.000000 -1.000000
vn 0.000025 0.993786 -0.111311
vn -0.701702 0.703927 -0.110005
vn -0.059346 0.998223 -0.005428
vn 0.707572 0.706552 0.011242
vn 0.599749 0.792921 -0.107594
vn -0.059346 0.998223 -0.005428
vn 0.000000 0.000000 -1.000000
vn 0.000000 0.000000 -1.000000
vn 0.000000 0.000000 -1.000000
vn 0.000000 0.000000 -1.000000
vn 0.000000 0.000000 -1.000000
vn 0.000000 0.000000 -1.000000
vn 0.707572 0.706551 0.011275
vn 0.794120 0.595056 0.123617
vn 0.999973 -0.001667 0.007198
vn 0.999973 -0.001665 0.007169
vn 0.985435 0.137450 -0.100125
vn 0.707572 0.706552 0.011242
vn 0.000000 0.000000 -1.000000
vn 0.000000 0.000000 -1.000000
vn 0.000000 0.000000 -1.000000
vn 0.000000 0.000000 -1.000000
vn 0.000000 0.000000 -1.000000
vn 0.000000 0.000000 -1.000000
vn 0.999973 -0.001667 0.007198
vn 0.983923 -0.142844 0.107196
vn 0.761422 -0.647874 0.022244
vn 0.000000 0.000000 -1.000000
vn 0.000000 0.000000 -1.000000
vn 0.000000 0.000000 -1.000000
vn 0.761422 -0.647874 0.022244
vn 0.597200 -0.796380 0.095556
vn 0.136141 -0.990686 0.002478
vn 0.000000 0.000000 -1.000000
vn 0.000000 0.000000 -1.000000
vn 0.000000 0.000000 -1.000000
vn 0.136762 -0.990520 -0.012884
vn -0.603531 -0.797056 -0.021263
vn -0.136762 -0.990520 -0.012884
vn -0.663276 -0.748299 -0.010617
vn -0.789312 -0.605303 0.102937
vn -0.996007 -0.084805 0.027899
vn 0.796764 -0.603563 -0.029642
vn 0.136762 -0.990520 -0.012884
vn 0.603531 -0.797056 -0.021263
vn 0.988761 0.136206 -0.061635
vn 0.796764 -0.603563 -0.029642
vn 0.989329 -0.136912 -0.049826
vn -0.000247 0.999920 0.012641
vn 0.136255 0.981507 0.134456
vn 0.707572 0.706551 0.011275
vn 0.989329 -0.136912 -0.049826
vn 0.794713 0.601460 -0.081720
vn 0.988761 0.136206 -0.061635
vn 0.794713 0.601460 -0.081720
vn 0.136111 0.985804 -0.098303
vn 0.601566 0.793735 -0.090022
vn 0.000000 0.000000 -1.000000
vn 0.000000 0.000000 -1.000000
vn 0.000000 0.000000 -1.000000
vn 0.136111 0.985804 -0.098303
vn -0.601566 0.793735 -0.090022
vn -0.136111 0.985804 -0.098303
vn -0.748370 0.663243 -0.007134
vn -0.601770 0.787680 0.132034
vn -0.000247 0.999920 0.012641
vn 0.000000 0.000000 -1.000000
vn 0.000000 0.000000 -1.000000
vn 0.000000 0.000000 -1.000000
vn -0.989329 -0.136912 -0.049826
vn -0.794712 0.601460 -0.081720
vn -0.988761 0.136206 -0.061635
vn 0.000000 0.000000 -1.000000
vn 0.000000 0.000000 -1.000000
vn 0.000000 0.000000 -1.000000
vn -0.603531 -0.797056 -0.021263
vn -0.989329 -0.136912 -0.049826
vn -0.796764 -0.603563 -0.029642
vn -0.996007 -0.084805 0.027899
vn -0.984585 0.128742 0.118396
vn -0.748370 0.663243 -0.007134
vn -0.985693 -0.135102 -0.100780
vn -0.999984 -0.001845 0.005398
vn -0.701702 0.703927 -0.110005
vn 0.705769 -0.708432 0.003714
vn 0.794418 -0.600365 -0.091995
vn 0.999973 -0.001665 0.007169
vn -0.000622 -0.999997 0.002256
vn 0.136604 -0.986679 -0.088339
vn 0.705769 -0.708432 0.003714
vn -0.706267 -0.707940 0.002661
vn -0.601353 -0.793652 -0.092143
vn -0.000622 -0.999997 0.002256
vn -0.601353 -0.793652 -0.092143
vn -0.706267 -0.707940 0.002661
vn -0.985693 -0.135102 -0.100780
vn 0.705630 -0.708559 0.005597
vn 0.794239 -0.600213 -0.094489
vn 0.999957 -0.001836 0.009059
vn -0.702932 0.702748 -0.109694
vn -0.994691 0.001802 -0.102892
vn -0.748370 0.663243 -0.007134
vn -0.000247 0.999920 0.012641
vn -0.135154 0.984604 -0.110852
vn -0.748370 0.663243 -0.007134
vn 0.707572 0.706551 0.011275
vn 0.599749 0.792921 -0.107594
vn -0.000247 0.999920 0.012641
vn 0.999973 -0.001667 0.007198
vn 0.985435 0.137450 -0.100125
vn 0.707572 0.706551 0.011275
vn 0.988761 0.136206 -0.061635
vn 0.989329 -0.136912 -0.049826
vn 0.706792 -0.706955 -0.025694
vn -0.703838 -0.704061 -0.094390
vn -0.136570 -0.986645 -0.088772
vn -0.663276 -0.748299 -0.010617
vn 0.000000 0.000000 -1.000000
vn 0.000000 0.000000 -1.000000
vn 0.000000 0.000000 -1.000000
vn 0.000000 0.000000 -1.000000
vn 0.000000 0.000000 -1.000000
vn 0.000000 0.000000 -1.000000
vn 0.000000 0.000000 -1.000000
vn 0.000000 0.000000 -1.000000
vn 0.000000 0.000000 -1.000000
vn 0.000000 0.000000 -1.000000
vn 0.000000 0.000000 -1.000000
vn 0.000000 0.000000 -1.000000
vn -0.704719 0.704172 -0.086680
vn -0.704719 0.704172 -0.086680
vn -0.136111 0.985804 -0.098303
vn -0.603531 -0.797056 -0.021263
vn -0.989329 -0.136912 -0.049826
vn -0.796764 -0.603563 -0.029642
vn -0.989329 -0.136912 -0.049826
vn -0.704719 0.704172 -0.086680
vn -0.988761 0.136206 -0.061635
vn 0.000000 0.000000 -1.000000
vn 0.000000 0.000000 -1.000000
vn 0.000000 0.000000 -1.000000
vn -0.796764 -0.603563 -0.029642
vn -0.136762 -0.990520 -0.012884
vn -0.603531 -0.797056 -0.021263
vn 0.136141 -0.990686 0.002478
vn -0.135331 -0.986322 0.094097
vn -0.663276 -0.748299 -0.010617
vn -0.136762 -0.990520 -0.012884
vn 0.706792 -0.706955 -0.025694
vn 0.136762 -0.990520 -0.012884
vn 0.000000 0.000000 -1.000000
vn 0.000000 0.000000 -1.000000
vn 0.000000 0.000000 -1.000000
vn 0.000000 0.000000 -1.000000
vn 0.000000 0.000000 -1.000000
vn 0.000000 0.000000 -1.000000
vn 0.794712 0.601460 -0.081720
vn 0.601566 0.793735 -0.090022
vn 0.136111 0.985804 -0.098303
vn 0.601566 0.793735 -0.090022
vn 0.794712 0.601460 -0.081720
vn 0.988761 0.136206 -0.061635
vn 0.761422 -0.647874 0.022244
vn 0.704794 -0.703437 -0.091885
vn 0.999973 -0.001667 0.007198
vn 0.761422 -0.647874 0.022244
vn 0.136141 -0.990686 0.002478
vn 0.704794 -0.703437 -0.091885
vn 0.000000 0.000000 -1.000000
vn 0.000000 0.000000 -1.000000
vn 0.000000 0.000000 -1.000000
vn 0.000000 0.000000 -1.000000
vn 0.000000 0.000000 -1.000000
vn 0.000000 0.000000 -1.000000
vn -0.703838 -0.704061 -0.094390
vn -0.663276 -0.748299 -0.010617
vn -0.994691 0.001802 -0.102892
vn -0.000716 -0.999995 0.002977
vn 0.136570 -0.986645 -0.088772
vn 0.705630 -0.708559 0.005597
vn 0.000000 0.000000 -1.000000
vn 0.000000 0.000000 -1.000000
vn 0.000000 0.000000 -1.000000
vn -0.999984 -0.001845 0.005398
vn -0.984592 0.128747 0.118336
vn -0.763657 0.644714 0.034239
vn 0.796764 -0.603563 -0.029642
vn -0.000000 -0.999915 -0.013007
vn 0.603531 -0.797056 -0.021263
vn 0.000000 0.000000 -1.000000
vn 0.000000 0.000000 -1.000000
vn 0.000000 0.000000 -1.000000
vn -0.796764 -0.603563 -0.029642
vn -0.603531 -0.797056 -0.021263
vn -0.000000 -0.999915 -0.013007
vn -0.706267 -0.707940 0.002661
vn -0.789318 -0.605304 0.102882
vn -0.999984 -0.001845 0.005398
vn -0.988761 0.136206 -0.061635
vn -0.989329 -0.136912 -0.049826
vn -0.796764 -0.603563 -0.029642
vn -0.601566 0.793735 -0.090022
vn -0.794712 0.601460 -0.081720
vn -0.988761 0.136206 -0.061635
vn 0.000000 0.000000 -1.000000
vn 0.000000 0.000000 -1.000000
vn 0.000000 0.000000 -1.000000
vn 0.136111 0.985804 -0.098303
vn -0.136111 0.985804 -0.098303
vn -0.601566 0.793735 -0.090022
vn -0.000622 -0.999997 0.002256
vn -0.135332 -0.986327 0.094045
vn -0.706267 -0.707940 0.002661
vn 0.794712 0.601460 -0.081720
vn 0.601565 0.793735 -0.090022
vn 0.136111 0.985804 -0.098303
vn 0.998416 -0.000356 -0.056258
vn 0.998416 -0.000356 -0.056258
vn 0.794712 0.601460 -0.081720
vn 0.000000 0.000000 -1.000000
vn 0.000000 0.000000 -1.000000
vn 0.000000 0.000000 -1.000000
vn 0.998416 -0.000356 -0.056258
vn 0.796764 -0.603563 -0.029642
vn 0.998416 -0.000356 -0.056258
vn 0.705769 -0.708432 0.003714
vn 0.597205 -0.796382 0.095504
vn -0.000622 -0.999997 0.002256
vn 0.999957 -0.001836 0.009063
vn 0.985123 0.137444 -0.103158
vn 0.707570 0.706540 0.012081
vn -0.135210 0.984643 -0.110441
vn -0.000318 0.999929 0.011950
vn 0.599602 0.792784 -0.109410
vn 0.000000 0.000000 -1.000000
vn 0.000000 0.000000 -1.000000
vn 0.000000 0.000000 -1.000000
vn -0.791850 0.601456 -0.105939
vn -0.707931 0.706236 0.008006
vn -0.135210 0.984643 -0.110441
vn 0.999973 -0.001665 0.007169
vn 0.983930 -0.142841 0.107139
vn 0.705769 -0.708432 0.003714
vn -0.985992 -0.135181 -0.097702
vn -0.999993 -0.001730 0.003452
vn -0.791850 0.601456 -0.105939
vn -0.601477 -0.793778 -0.090235
vn -0.706329 -0.707881 0.001758
vn -0.985992 -0.135181 -0.097702
vn 0.136570 -0.986645 -0.088772
vn -0.000716 -0.999995 0.002981
vn -0.601477 -0.793778 -0.090235
vn 0.794239 -0.600213 -0.094489
vn 0.705630 -0.708559 0.005601
vn 0.136570 -0.986645 -0.088772
vn 0.705630 -0.708559 0.005601
vn 0.794239 -0.600213 -0.094489
vn 0.999957 -0.001836 0.009063
vn 0.706792 -0.706955 -0.025694
vn 0.000000 -0.999915 -0.013007
vn 0.706792 -0.706955 -0.025694
vn -0.796764 -0.603563 -0.029642
vn -0.603531 -0.797056 -0.021263
vn 0.000000 -0.999915 -0.013007
vn -0.988761 0.136206 -0.061635
vn -0.989329 -0.136912 -0.049826
vn -0.796764 -0.603563 -0.029642
vn -0.601566 0.793735 -0.090022
vn -0.794713 0.601460 -0.081720
vn -0.988761 0.136206 -0.061635
vn 0.136111 0.985804 -0.098303
vn -0.136111 0.985804 -0.098303
vn -0.601566 0.793735 -0.090022
vn 0.794712 0.601460 -0.081720
vn 0.601566 0.793735 -0.090022
vn 0.136111 0.985804 -0.098303
vn 0.989329 -0.136912 -0.049826
vn 0.988761 0.136206 -0.061635
vn 0.794712 0.601460 -0.081720
vn 0.000000 0.000000 -1.000000
vn 0.000000 0.000000 -1.000000
vn 0.000000 0.000000 -1.000000
vn 0.000000 0.000000 -1.000000
vn 0.000000 0.000000 -1.000000
vn 0.000000 0.000000 -1.000000
vn 0.000000 0.000000 -1.000000
vn 0.000000 0.000000 -1.000000
vn 0.000000 0.000000 -1.000000
vn 0.000000 0.000000 -1.000000
vn 0.000000 0.000000 -1.000000
vn 0.000000 0.000000 -1.000000
vn 0.000000 0.000000 -1.000000
vn 0.000000 0.000000 -1.000000
vn 0.000000 0.000000 -1.000000
vn 0.000000 0.000000 -1.000000
vn 0.000000 0.000000 -1.000000
vn 0.000000 0.000000 -1.000000
vn 0.000000 0.000000 -1.000000
vn 0.000000 0.000000 -1.000000
vn 0.000000 0.000000 -1.000000
vn 0.000000 0.000000 -1.000000
vn 0.000000 0.000000 -1.000000
vn 0.000000 0.000000 -1.000000
vn 0.988761 0.136206 -0.061635
vn 0.989329 -0.136912 -0.049826
vn 0.706792 -0.706955 -0.025694
vn 0.599602 0.792784 -0.109410
vn 0.707570 0.706540 0.012076
vn 0.985123 0.137444 -0.103158
vn -0.135210 0.984643 -0.110441
vn -0.000318 0.999929 0.011945
vn 0.599602 0.792784 -0.109410
vn -0.706329 -0.707881 0.001754
vn -0.601477 -0.793778 -0.090235
vn -0.000716 -0.999995 0.002977
vn 0.000000 0.000000 -1.000000
vn 0.000000 0.000000 -1.000000
vn 0.000000 0.000000 -1.000000
vn -0.000318 0.999929 0.011945
vn -0.135210 0.984643 -0.110441
vn -0.707931 0.706236 0.008002
vn 0.707572 0.706552 0.011242
vn 0.794125 0.595063 0.123554
vn 0.999973 -0.001665 0.007169
vn 0.000000 0.000000 -1.000000
vn 0.000000 0.000000 -1.000000
vn 0.000000 0.000000 -1.000000
vn 0.000000 0.000000 -1.000000
vn 0.000000 0.000000 -1.000000
vn 0.000000 0.000000 -1.000000
vn -0.985992 -0.135181 -0.097702
vn -0.999993 -0.001730 0.003448
vn -0.791850 0.601456 -0.105939
vn -0.059346 0.998223 -0.005428
vn 0.136256 0.981516 0.134389
vn 0.707572 0.706552 0.011242
vn 0.983105 -0.143162 0.114060
vn 0.999957 -0.001836 0.009059
vn 0.793699 0.594478 0.128988
vn 0.000000 0.000000 -1.000000
vn 0.000000 0.000000 -1.000000
vn 0.000000 0.000000 -1.000000
vn -0.999993 -0.001730 0.003448
vn -0.985992 -0.135181 -0.097702
vn -0.706329 -0.707881 0.001754
vn -0.763657 0.644714 0.034239
vn -0.601773 0.787689 0.131969
vn -0.059346 0.998223 -0.005428
vn 0.995573 0.038062 -0.085943
vn 0.989977 0.060380 0.127673
vn 0.997776 0.045464 0.048749
vn 0.999411 -0.031923 0.012628
vn 0.998487 -0.036382 -0.041241
vn 0.999361 -0.035045 0.007040
vn 0.997859 0.030322 0.057943
vn 0.998756 0.012066 0.048387
vn 0.998708 0.033379 -0.038323
vn 0.999073 -0.017629 -0.039273
vn 0.995307 0.096146 -0.010969
vn 0.999868 -0.012661 0.010212
vn 0.998243 -0.006451 -0.058897
vn 0.998756 -0.049827 0.001944
vn 0.982098 -0.184662 -0.037193
vn 0.892125 -0.310682 -0.328009
vn 0.932647 -0.267350 -0.242266
vn 0.950062 -0.300153 -0.085387
vn 0.991882 0.121096 0.038815
vn 0.998336 -0.003650 0.057557
vn 0.997859 0.030322 0.057943
vn 0.981011 0.193854 -0.006185
vn 0.991882 0.121096 0.038815
vn 0.998708 0.033379 -0.038323
vn 0.913013 0.182377 0.364892
vn 0.942337 0.003636 0.334646
vn 0.935126 0.087230 0.343410
vn 0.999361 -0.035045 0.007040
vn 0.999868 -0.012661 0.010212
vn 0.999411 -0.031923 0.012628
vn 0.998756 -0.049827 0.001944
vn 0.966752 -0.255593 0.007981
vn 0.977102 -0.212740 0.003742
vn 0.932647 -0.267350 -0.242266
vn 0.902402 -0.237338 -0.359641
vn 0.963091 -0.252111 -0.094322
vn 0.950062 -0.300153 -0.085387
vn 0.935991 -0.333979 -0.111260
vn 0.892125 -0.310682 -0.328009
vn 0.935991 -0.333979 -0.111260
vn 0.950062 -0.300153 -0.085387
vn 0.965626 -0.257373 -0.036411
vn 0.932647 -0.267350 -0.242266
vn 0.892125 -0.310682 -0.328009
vn 0.902402 -0.237338 -0.359641
vn 0.968512 -0.248962 0.001245
vn 0.966752 -0.255593 0.007981
vn 0.966183 -0.251472 -0.057024
vn 0.988097 0.001193 0.153828
vn 0.999880 -0.015456 -0.000224
vn 0.993401 -0.000557 0.114695
vn 0.949983 -0.308266 -0.050042
vn 0.970683 -0.239762 -0.017007
vn 0.970064 -0.242549 0.012046
vn -0.953660 -0.125867 -0.273295
vn -0.945608 -0.293427 -0.140448
vn -0.946093 -0.312225 -0.086165
vn -0.946093 -0.312225 -0.086165
vn -0.917594 -0.397398 0.009800
vn -0.938012 -0.345981 0.020737
vn 0.971241 -0.236143 -0.030444
vn 0.926349 -0.369253 -0.074358
vn 0.940717 -0.317151 -0.120279
vn 0.926349 -0.369253 -0.074358
vn 0.971241 -0.236143 -0.030444
vn 0.981072 -0.192982 0.016016
vn 0.996450 0.084085 -0.004145
vn 0.996881 -0.063918 -0.046298
vn 0.989516 -0.143909 -0.012210
vn 0.000000 0.998720 -0.050579
vn 0.000000 0.998720 -0.050579
vn 0.000000 0.998720 -0.050579
vn -0.969505 -0.233515 -0.074371
vn -0.935028 -0.352852 -0.034911
vn -0.925879 -0.377429 -0.017188
vn 0.000000 0.998720 -0.050579
vn 0.000000 0.998720 -0.050579
vn 0.000000 0.998720 -0.050579
vn -0.954705 -0.279919 -0.100914
vn -0.990410 -0.126541 -0.055453
vn -0.947134 -0.299274 -0.115642
vn -0.988322 -0.143758 -0.050533
vn -0.952172 -0.292214 -0.089325
vn -0.988322 -0.143758 -0.050533
vn 0.000000 0.989688 -0.143237
vn 0.000000 0.989688 -0.143237
vn 0.000000 0.989688 -0.143237
vn -0.895084 -0.445748 0.011578
vn -0.925879 -0.377429 -0.017188
vn -0.935028 -0.352852 -0.034911
vn 0.955021 0.285549 0.079983
vn 0.993917 0.108779 0.017190
vn 0.964296 0.259193 0.054343
vn 0.979299 0.196120 0.050101
vn 0.988645 0.146916 -0.031562
vn 0.996450 0.084085 -0.004145
vn -0.977191 0.202871 0.062783
vn -0.998671 0.049746 0.013497
vn -0.972826 0.215151 0.085553
vn 0.963270 -0.250368 -0.097097
vn 0.996275 -0.074529 -0.043370
vn 0.971174 -0.225327 -0.077770
vn -0.998671 0.049746 0.013497
vn -0.990410 -0.126541 -0.055453
vn -0.954705 -0.279919 -0.100914
vn -0.992888 0.112854 0.037914
vn -0.988322 -0.143758 -0.050533
vn -0.988322 -0.143758 -0.050533
vn -0.992888 0.112854 0.037914
vn 0.945608 -0.293427 -0.140448
vn 0.946093 -0.312225 -0.086165
vn 0.917594 -0.397398 0.009800
vn 0.989516 -0.143909 -0.012210
vn 0.996881 -0.063918 -0.046298
vn 0.967002 -0.243558 -0.074742
vn -0.997240 0.044860 0.059155
vn -0.971241 -0.236143 -0.030444
vn -0.981072 -0.192982 0.016016
vn 0.993917 0.108779 0.017190
vn 0.996275 -0.074529 -0.043370
vn 0.964296 0.259193 0.054343
vn -0.993898 -0.098742 0.049162
vn -0.970683 -0.239762 -0.017007
vn -0.970064 -0.242549 0.012046
vn -0.992888 0.112854 0.037914
vn -0.992888 0.112854 0.037914
vn -0.972630 0.215933 0.085808
vn 0.970064 -0.242549 0.012046
vn 0.970683 -0.239762 -0.017007
vn 0.993898 -0.098742 0.049162
vn 0.981072 -0.192982 0.016016
vn 0.971241 -0.236143 -0.030444
vn 0.997240 0.044860 0.059155
vn -0.917594 -0.397398 0.009800
vn -0.946093 -0.312225 -0.086165
vn -0.945608 -0.293427 -0.140448
vn -0.971174 -0.225327 -0.077770
vn -0.993917 0.108779 0.017190
vn -0.996275 -0.074529 -0.043370
vn 0.977191 0.202871 0.062783
vn 0.998671 0.049746 0.013497
vn 0.990410 -0.126541 -0.055453
vn 0.071102 -0.997182 0.023929
vn -0.259041 -0.965412 0.029607
vn 0.131593 -0.991189 0.015076
vn 0.998102 -0.057460 0.022163
vn 0.997114 0.074786 -0.013035
vn 0.968033 0.250558 0.011505
vn -0.988244 0.151519 0.020375
vn -0.901585 -0.426159 0.074388
vn -0.981119 0.188445 0.043515
vn 0.131593 -0.991189 0.015076
vn 0.301759 -0.952035 0.050704
vn 0.071102 -0.997182 0.023929
vn 0.082383 -0.985714 -0.146903
vn 0.622062 -0.753401 -0.213134
vn 0.848846 -0.518038 -0.105341
vn 0.369544 -0.928057 -0.046336
vn 0.369544 -0.928057 -0.046336
vn 0.371538 -0.927147 -0.048563
vn -0.934315 -0.355215 -0.029634
vn -0.970593 -0.239891 -0.020013
vn -0.911073 -0.407772 0.060557
vn 0.925879 -0.377429 -0.017188
vn 0.935028 -0.352852 -0.034911
vn 0.969505 -0.233515 -0.074371
vn 0.510018 -0.842516 0.173346
vn 0.874473 -0.457653 0.160781
vn 0.636267 -0.700554 0.323092
vn -0.986628 -0.151321 -0.060553
vn -0.970593 -0.239891 -0.020013
vn -0.934315 -0.355215 -0.029634
vn -0.175303 -0.959997 -0.218347
vn -0.725525 -0.677642 -0.120060
vn -0.685198 -0.698751 -0.205551
vn 0.575399 0.817822 0.009107
vn 0.057797 0.998272 0.010642
vn -0.128479 0.991537 0.018666
vn 0.399051 0.895402 0.197519
vn 0.392166 0.901275 0.184144
vn 0.392166 0.901275 0.184144
vn 0.972630 0.215933 0.085808
vn 0.999240 0.037348 0.011194
vn 0.977476 0.201803 0.061780
vn 0.977902 0.206177 -0.034631
vn 0.794753 0.604964 -0.048840
vn 0.575399 0.817822 0.009107
vn 0.000056 -0.922886 0.385072
vn 0.432746 -0.763852 0.478813
vn -0.000022 -0.855154 0.518375
vn -0.981119 0.188445 0.043515
vn -0.664408 0.747299 -0.010251
vn -0.988244 0.151519 0.020375
vn 0.432746 -0.763852 0.478813
vn -0.000018 -0.181562 0.983380
vn -0.000022 -0.855154 0.518375
vn 0.707107 0.000000 -0.707107
vn 0.707107 0.000000 -0.707107
vn 0.707107 0.000000 -0.707107
vn 0.392166 0.901275 0.184144
vn 0.392166 0.901275 0.184144
vn 0.385179 0.906913 0.170721
vn -0.688108 0.725535 0.010357
vn -0.128479 0.991537 0.018666
vn -0.732134 0.681138 0.005575
vn -1.000000 0.000000 0.000000
vn -1.000000 0.000000 0.000000
vn -1.000000 0.000000 0.000000
vn 0.989746 0.129093 0.061143
vn 0.874473 -0.457653 0.160781
vn 0.750549 -0.658454 0.055806
vn -0.513745 -0.730111 0.450559
vn -0.815253 -0.547889 0.187562
vn -0.641229 -0.696172 0.322753
vn 0.968964 -0.237323 -0.069187
vn 0.980637 -0.165570 -0.104580
vn 0.989963 0.007659 -0.141122
vn -0.964296 0.259193 0.054343
vn -0.996275 -0.074529 -0.043370
vn -0.993917 0.108779 0.017190
vn -0.886706 0.099154 0.451577
vn -0.710405 0.670488 0.213941
vn -0.978417 0.144774 0.147445
vn -0.995803 0.090514 -0.013518
vn -0.732134 0.681138 0.005575
vn -0.986851 0.155871 -0.042783
vn -0.575143 0.604396 0.551286
vn -0.004456 0.965595 0.260014
vn -0.710405 0.670488 0.213941
vn 0.854493 0.070387 0.514672
vn -0.000018 -0.181562 0.983380
vn 0.814950 -0.393949 0.425043
vn -0.707107 0.000000 -0.707107
vn -0.707107 0.000000 -0.707107
vn -0.707107 0.000000 -0.707107
vn -0.992524 -0.112845 -0.046495
vn -0.999294 0.037363 -0.003882
vn -0.980838 0.190530 0.040695
vn 0.903763 0.136210 -0.405782
vn 0.794753 0.604964 -0.048840
vn 0.991238 -0.020029 -0.130564
vn -0.741465 -0.660565 -0.117831
vn -0.956625 -0.286813 -0.051060
vn -0.995803 0.090514 -0.013518
vn -0.967002 -0.243558 -0.074742
vn -0.962573 -0.257759 -0.083747
vn -0.992524 -0.112845 -0.046495
vn 0.690153 0.607303 -0.393539
vn 0.057797 0.998272 0.010642
vn 0.794753 0.604964 -0.048840
vn 0.848846 -0.518038 -0.105341
vn 0.991238 -0.020029 -0.130564
vn 0.977902 0.206177 -0.034631
vn 0.994766 0.047885 -0.090268
vn 0.994006 0.053979 -0.095072
vn 0.980958 0.156812 -0.114593
vn 0.921936 0.357209 -0.149788
vn 0.980958 0.156812 -0.114593
vn 0.969245 0.211185 -0.126352
vn 0.622062 -0.753401 -0.213134
vn 0.060015 -0.822577 -0.565478
vn 0.803846 -0.350831 -0.480363
vn -0.725525 -0.677642 -0.120060
vn -0.995803 0.090514 -0.013518
vn -0.986851 0.155871 -0.042783
vn -0.151581 0.965925 -0.209791
vn -0.214447 0.867179 -0.449458
vn -0.128100 0.985623 -0.110168
vn 0.803846 -0.350831 -0.480363
vn 0.991238 -0.020029 -0.130564
vn 0.622062 -0.753401 -0.213134
vn -0.737647 -0.671116 -0.074024
vn -0.741465 -0.660565 -0.117831
vn -0.341491 -0.932202 -0.119931
vn 0.060015 -0.822577 -0.565478
vn -0.000000 0.058945 -0.998261
vn 0.803846 -0.350831 -0.480363
vn 0.000000 0.846296 -0.532712
vn 0.690153 0.607303 -0.393539
vn -0.000000 0.058945 -0.998261
vn 0.690153 0.607303 -0.393539
vn 0.903763 0.136210 -0.405782
vn -0.000000 0.058945 -0.998261
vn 0.903763 0.136210 -0.405782
vn 0.803846 -0.350831 -0.480363
vn -0.000000 0.058945 -0.998261
vn 0.467551 0.641123 0.608571
vn 0.311906 0.832601 0.457702
vn 0.077942 0.973534 0.214842
vn 0.999240 0.037348 0.011194
vn 0.989360 -0.137025 -0.048899
vn 0.977476 0.201803 0.061780
vn -0.707107 0.000000 -0.707107
vn -0.707107 0.000000 -0.707107
vn -0.707107 -0.000000 -0.707107
vn 0.989746 0.129093 0.061143
vn 0.998102 -0.057460 0.022163
vn 0.968033 0.250558 0.011505
vn 0.969245 0.211185 -0.126352
vn 0.980958 0.156812 -0.114593
vn 0.994006 0.053979 -0.095072
vn -0.991238 -0.020029 -0.130564
vn -0.725525 -0.677642 -0.120060
vn -0.986851 0.155871 -0.042783
vn 0.934682 -0.354087 -0.031493
vn 0.968964 -0.237323 -0.069187
vn 0.927417 -0.374026 0.001814
vn 0.997796 -0.021638 -0.062728
vn 0.999224 0.026380 -0.029240
vn 0.977007 0.181476 0.111909
vn -0.641229 -0.696172 0.322753
vn -0.815253 -0.547889 0.187562
vn -0.510018 -0.842516 0.173346
vn -0.886706 0.099154 0.451577
vn -0.815253 -0.547889 0.187562
vn -0.763058 -0.428356 0.483997
vn -0.388321 -0.920607 0.041110
vn -0.129751 -0.990931 0.034939
vn -0.901585 -0.426159 0.074388
vn 0.984531 0.174968 0.009164
vn 0.984531 0.174968 0.009164
vn 0.984532 0.174966 0.009164
vn -0.707107 0.000000 0.707107
vn -0.707107 0.000000 0.707107
vn -0.707107 0.000000 0.707107
vn -0.369544 -0.928057 -0.046336
vn -0.369544 -0.928057 -0.046336
vn -0.367547 -0.928958 -0.044108
vn -0.790231 -0.598446 -0.131898
vn -0.920261 -0.378271 -0.100156
vn -0.917065 -0.388018 -0.091835
vn 0.954705 -0.279919 -0.100914
vn 0.990410 -0.126541 -0.055453
vn 0.998671 0.049746 0.013497
vn 0.432746 -0.763852 0.478813
vn 0.814950 -0.393949 0.425043
vn -0.000018 -0.181562 0.983380
vn -0.000018 -0.181562 0.983380
vn 0.098002 0.785609 0.610912
vn -0.575143 0.604396 0.551286
vn 0.700687 0.713334 -0.013880
vn -0.075608 0.997062 -0.012249
vn 0.714846 0.698914 0.022691
vn 0.714846 0.698914 0.022691
vn 0.968033 0.250558 0.011505
vn 0.700687 0.713334 -0.013880
vn 0.878289 -0.477931 -0.013775
vn 0.878289 -0.477931 -0.013775
vn 0.876516 -0.481218 -0.012233
vn 0.575399 0.817822 0.009107
vn -0.010743 0.999887 0.010550
vn 0.694800 0.719152 0.008557
vn 0.977902 0.206177 -0.034631
vn 0.694800 0.719152 0.008557
vn 0.997114 0.074786 -0.013035
vn 0.000000 0.969310 -0.245842
vn 0.000000 0.969310 -0.245842
vn 0.000000 0.969310 -0.245842
vn 0.000056 -0.922886 0.385072
vn -0.513745 -0.730111 0.450559
vn -0.641229 -0.696172 0.322753
vn -0.000018 -0.181562 0.983380
vn -0.575143 0.604396 0.551286
vn -0.886706 0.099154 0.451577
vn -0.000000 0.058945 -0.998261
vn -0.747137 -0.487884 -0.451393
vn -0.903763 0.136210 -0.405782
vn -0.245353 0.911410 0.330354
vn -0.011124 0.998045 0.061502
vn 0.093870 0.994999 -0.034144
vn -0.000018 -0.181562 0.983380
vn -0.763058 -0.428356 0.483997
vn -0.513745 -0.730111 0.450559
vn 0.737647 -0.671116 -0.074024
vn 0.691744 -0.713499 -0.111397
vn 0.956625 -0.286813 -0.051060
vn -0.971174 -0.225327 -0.077770
vn -0.996275 -0.074529 -0.043370
vn -0.963270 -0.250368 -0.097097
vn -0.978417 0.144774 0.147445
vn -0.761474 0.647368 0.032760
vn -0.981119 0.188445 0.043515
vn -0.710405 0.670488 0.213941
vn -0.075608 0.997062 -0.012249
vn -0.761474 0.647368 0.032760
vn -0.984531 0.174968 0.009164
vn -0.984531 0.174968 0.009164
vn -0.984532 0.174966 0.009165
vn -0.000000 0.058945 -0.998261
vn -0.903763 0.136210 -0.405782
vn -0.690153 0.607303 -0.393539
vn -0.000000 0.058945 -0.998261
vn -0.690153 0.607303 -0.393539
vn 0.000000 0.846296 -0.532712
vn -0.790231 -0.598446 -0.131898
vn -0.607749 -0.778879 -0.154883
vn -0.794712 -0.591943 -0.134300
vn 0.972826 0.215151 0.085553
vn 0.998671 0.049746 0.013497
vn 0.977191 0.202871 0.062783
vn 0.997114 0.074786 -0.013035
vn 0.848846 -0.518038 -0.105341
vn 0.977902 0.206177 -0.034631
vn -0.980838 0.190530 0.040695
vn -0.999294 0.037363 -0.003882
vn -0.979299 0.196120 0.050101
vn 0.707107 0.000000 0.707107
vn 0.707107 0.000000 0.707107
vn 0.707107 0.000000 0.707107
vn 0.082383 -0.985714 -0.146903
vn 0.691744 -0.713499 -0.111397
vn -0.054026 -0.992051 -0.113652
vn -0.725525 -0.677642 -0.120060
vn -0.054026 -0.992051 -0.113652
vn -0.741465 -0.660565 -0.117831
vn -0.010743 0.999887 0.010550
vn -0.664408 0.747299 -0.010251
vn 0.087147 0.996038 -0.017732
vn -0.688108 0.725535 0.010357
vn -0.988244 0.151519 0.020375
vn -0.664408 0.747299 -0.010251
vn -0.964296 0.259193 0.054343
vn -0.993917 0.108779 0.017190
vn -0.955021 0.285549 0.079983
vn -0.934315 -0.355215 -0.029634
vn -0.970593 -0.239892 -0.020013
vn -0.911073 -0.407772 0.060557
vn 0.965766 0.131072 0.223868
vn 0.814950 -0.393949 0.425043
vn 0.874473 -0.457653 0.160781
vn -0.925879 -0.377429 -0.017188
vn -0.895084 -0.445748 0.011578
vn -0.904992 -0.425048 0.018008
vn 0.636267 -0.700554 0.323092
vn 0.814950 -0.393949 0.425043
vn 0.432746 -0.763852 0.478813
vn 0.965766 0.131072 0.223868
vn 0.668255 0.519417 0.532580
vn 0.854493 0.070387 0.514672
vn 0.691744 -0.713499 -0.111397
vn 0.997114 0.074786 -0.013035
vn 0.956625 -0.286813 -0.051060
vn -0.912845 -0.407519 0.025344
vn -0.794437 -0.606921 0.022726
vn -0.917120 -0.397423 0.030759
vn -0.112521 0.988405 -0.101950
vn 0.054587 0.994274 0.091870
vn 0.100689 0.982767 0.155016
vn 0.997537 -0.069696 -0.007952
vn 0.956625 -0.286813 -0.051060
vn 0.997114 0.074786 -0.013035
vn 0.000000 0.969310 -0.245842
vn 0.000000 0.969310 -0.245842
vn 0.000000 0.969310 -0.245842
vn -0.707107 0.000000 -0.707107
vn -0.707107 0.000000 -0.707107
vn -0.707107 0.000000 -0.707107
vn 0.100689 0.982767 0.155016
vn 0.346928 0.827882 0.440741
vn 0.327092 0.842525 0.427975
vn -0.986851 0.155871 -0.042783
vn -0.742815 0.668302 -0.039972
vn -0.991238 -0.020029 -0.130564
vn -0.742815 0.668302 -0.039972
vn -0.128479 0.991537 0.018666
vn 0.057797 0.998272 0.010642
vn 0.750549 -0.658454 0.055806
vn 0.406267 -0.910216 0.080336
vn -0.129751 -0.990931 0.034939
vn -0.000022 -0.855154 0.518375
vn -0.000018 -0.181562 0.983380
vn -0.513745 -0.730111 0.450559
vn -0.747137 -0.487884 -0.451393
vn -0.000000 0.058945 -0.998261
vn 0.060015 -0.822577 -0.565478
vn 0.750549 -0.658454 0.055806
vn 0.071102 -0.997182 0.023929
vn 0.301759 -0.952035 0.050704
vn -0.815253 -0.547889 0.187562
vn -0.129751 -0.990931 0.034939
vn -0.376308 -0.923050 0.079814
vn -0.901585 -0.426159 0.074388
vn -0.978417 0.144774 0.147445
vn -0.981119 0.188445 0.043515
vn -0.878289 -0.477931 -0.013775
vn -0.878289 -0.477931 -0.013775
vn -0.880048 -0.474637 -0.015317
vn -0.588167 -0.801951 -0.104572
vn -0.745137 -0.659925 -0.096281
vn -0.546641 -0.829517 -0.114392
vn 0.098002 0.785609 0.610912
vn 0.719703 0.651872 0.238936
vn -0.004456 0.965595 0.260014
vn -0.763058 -0.428356 0.483997
vn -0.000018 -0.181562 0.983380
vn -0.886706 0.099154 0.451577
vn 0.707107 0.000000 -0.707107
vn 0.707107 0.000000 -0.707107
vn 0.707107 0.000000 -0.707107
vn -0.998634 -0.051845 -0.006455
vn -0.988244 0.151519 0.020375
vn -0.995803 0.090514 -0.013518
vn 0.700687 0.713334 -0.013880
vn 0.997114 0.074786 -0.013035
vn 0.694800 0.719152 0.008557
vn 0.100095 0.990792 -0.091172
vn -0.011124 0.998045 0.061502
vn -0.076545 0.990836 0.111287
vn 0.087147 0.996038 -0.017732
vn 0.694800 0.719152 0.008557
vn -0.010743 0.999887 0.010550
vn 0.970683 -0.239762 -0.017007
vn 0.949983 -0.308266 -0.050042
vn 0.969469 -0.233649 -0.074413
vn -0.815253 -0.547889 0.187562
vn -0.376308 -0.923050 0.079814
vn -0.510018 -0.842516 0.173346
vn -0.980958 0.156812 -0.114593
vn -0.994006 0.053979 -0.095072
vn -0.994766 0.047885 -0.090268
vn -0.980958 0.156812 -0.114593
vn -0.921936 0.357209 -0.149788
vn -0.969245 0.211185 -0.126352
vn 0.935028 -0.352852 -0.034911
vn 0.925879 -0.377429 -0.017188
vn 0.895084 -0.445748 0.011578
vn 0.082419 -0.969847 0.229357
vn 0.406267 -0.910216 0.080336
vn 0.510018 -0.842516 0.173346
vn 0.100689 0.982767 0.155016
vn -0.090741 0.993169 -0.073356
vn -0.112521 0.988405 -0.101950
vn 0.143622 0.967530 0.207986
vn 0.100689 0.982767 0.155016
vn 0.327092 0.842525 0.427975
vn 0.854493 0.070387 0.514672
vn 0.668255 0.519417 0.532580
vn -0.000018 -0.181562 0.983380
vn -0.082419 -0.969847 0.229357
vn -0.510018 -0.842516 0.173346
vn -0.376308 -0.923050 0.079814
vn 0.707107 0.000000 0.707107
vn 0.707107 0.000000 0.707107
vn 0.707107 0.000000 0.707107
vn 0.707107 0.000000 -0.707107
vn 0.707107 0.000000 -0.707107
vn 0.707107 0.000000 -0.707107
vn 0.874473 -0.457653 0.160781
vn 0.510018 -0.842516 0.173346
vn 0.406267 -0.910216 0.080336
vn -0.664408 0.747299 -0.010251
vn -0.075608 0.997062 -0.012249
vn 0.087147 0.996038 -0.017732
vn -0.376308 -0.923050 0.079814
vn -0.129751 -0.990931 0.034939
vn 0.406267 -0.910216 0.080336
vn -0.054026 -0.992051 -0.113652
vn -0.341491 -0.932202 -0.119931
vn -0.741465 -0.660565 -0.117831
vn 0.967058 -0.249704 -0.049456
vn 0.980637 -0.165570 -0.104580
vn 0.989963 0.007659 -0.141122
vn 0.707107 0.000000 -0.707107
vn 0.707107 0.000000 -0.707107
vn 0.707107 0.000000 -0.707107
vn 0.911073 -0.407772 0.060557
vn 0.928346 -0.371711 -0.002103
vn 0.967058 -0.249704 -0.049456
vn -0.927417 -0.374026 0.001814
vn -0.939587 -0.337188 -0.058989
vn -0.972922 -0.227677 -0.039831
vn 0.000000 0.998720 -0.050579
vn 0.000000 0.998720 -0.050579
vn 0.000000 0.998720 -0.050579
vn -0.986628 -0.151321 -0.060553
vn -0.972922 -0.227677 -0.039831
vn -0.939587 -0.337188 -0.058989
vn 0.967059 -0.249704 -0.049456
vn 0.980637 -0.165570 -0.104580
vn 0.989963 0.007659 -0.141122
vn -0.986628 -0.151321 -0.060553
vn -0.970593 -0.239892 -0.020013
vn -0.934315 -0.355215 -0.029634
vn 0.707107 0.000000 0.707107
vn 0.707107 0.000000 0.707107
vn 0.707107 -0.000000 0.707107
vn 0.911073 -0.407772 0.060557
vn 0.928346 -0.371711 -0.002103
vn 0.967059 -0.249704 -0.049456
vn -0.986628 -0.151321 -0.060553
vn -0.972922 -0.227677 -0.039831
vn -0.939587 -0.337188 -0.058989
vn 0.668255 0.519417 0.532580
vn 0.098002 0.785609 0.610912
vn -0.000018 -0.181562 0.983380
vn -0.927417 -0.374026 0.001814
vn -0.939587 -0.337188 -0.058989
vn -0.972922 -0.227677 -0.039831
vn 0.904992 -0.425048 0.018008
vn 0.895084 -0.445748 0.011578
vn 0.925879 -0.377429 -0.017188
vn 0.077942 0.973534 0.214842
vn -0.151581 0.965925 -0.209791
vn -0.128100 0.985623 -0.110168
vn -0.969469 -0.233649 -0.074413
vn -0.949983 -0.308266 -0.050042
vn -0.970683 -0.239762 -0.017007
vn 0.057797 0.998272 0.010642
vn -0.690153 0.607303 -0.393539
vn -0.742815 0.668302 -0.039972
vn -0.969245 0.211185 -0.126352
vn -0.994006 0.053979 -0.095072
vn -0.980958 0.156812 -0.114593
vn -0.742815 0.668302 -0.039972
vn -0.903763 0.136210 -0.405782
vn -0.991238 -0.020029 -0.130564
vn 0.707107 0.000000 -0.707107
vn 0.707107 0.000000 -0.707107
vn 0.707107 0.000000 -0.707107
vn -0.970064 -0.242549 0.012046
vn -0.970683 -0.239762 -0.017007
vn -0.949983 -0.308266 -0.050042
vn 0.946093 -0.312225 -0.086165
vn 0.945608 -0.293427 -0.140448
vn 0.953660 -0.125867 -0.273295
vn 0.938012 -0.345981 0.020737
vn 0.917594 -0.397398 0.009800
vn 0.946093 -0.312225 -0.086165
vn 0.000000 0.989688 -0.143237
vn 0.000000 0.989688 -0.143237
vn 0.000000 0.989688 -0.143237
vn 0.934682 -0.354087 -0.031493
vn 0.968964 -0.237323 -0.069187
vn 0.927417 -0.374026 0.001814
vn -0.940717 -0.317151 -0.120279
vn -0.926349 -0.369253 -0.074358
vn -0.971241 -0.236143 -0.030444
vn 0.968964 -0.237323 -0.069187
vn 0.980637 -0.165570 -0.104580
vn 0.989963 0.007659 -0.141122
vn -0.707107 0.000000 -0.707107
vn -0.707107 0.000000 -0.707107
vn -0.707107 -0.000000 -0.707107
vn -0.747137 -0.487884 -0.451393
vn -0.175303 -0.959997 -0.218347
vn -0.685198 -0.698751 -0.205551
vn 0.938249 0.282358 0.199907
vn 0.799514 0.466408 0.378473
vn 0.977007 0.181476 0.111909
vn 0.977007 0.181476 0.111909
vn 0.999224 0.026380 -0.029240
vn 0.938249 0.282358 0.199907
vn -0.981072 -0.192982 0.016016
vn -0.971241 -0.236143 -0.030444
vn -0.926349 -0.369253 -0.074358
vn 0.947134 -0.299274 -0.115642
vn 0.990410 -0.126541 -0.055453
vn 0.954705 -0.279919 -0.100914
vn -0.707107 0.000000 0.707107
vn -0.707107 0.000000 0.707107
vn -0.707107 0.000000 0.707107
vn -0.991238 -0.020029 -0.130564
vn -0.747137 -0.487884 -0.451393
vn -0.685198 -0.698751 -0.205551
vn 0.000000 0.998720 -0.050579
vn 0.000000 0.998720 -0.050579
vn 0.000000 0.998720 -0.050579
vn 0.951689 -0.293534 -0.090145
vn 0.952172 -0.292214 -0.089325
vn 0.989360 -0.137025 -0.048899
vn -0.245353 0.911410 0.330354
vn -0.209037 0.936792 0.280577
vn -0.076545 0.990836 0.111287
vn 0.989746 0.129093 0.061143
vn 0.719703 0.651872 0.238936
vn 0.965766 0.131072 0.223868
vn -0.707107 0.000000 0.707107
vn -0.707107 0.000000 0.707107
vn -0.707107 0.000000 0.707107
vn -0.990410 -0.126541 -0.055453
vn -0.998671 0.049746 0.013497
vn -0.977191 0.202871 0.062783
vn 0.996275 -0.074529 -0.043370
vn 0.993917 0.108779 0.017190
vn 0.971174 -0.225327 -0.077770
vn 0.149808 0.969672 -0.193117
vn 0.079840 0.996065 0.038477
vn 0.180055 0.938996 -0.293032
vn -0.707107 0.000000 0.707107
vn -0.707107 0.000000 0.707107
vn -0.707107 0.000000 0.707107
vn 0.707107 0.000000 0.707107
vn 0.707107 0.000000 0.707107
vn 0.707107 -0.000000 0.707107
vn -0.997796 -0.021638 -0.062728
vn -0.977007 0.181476 0.111909
vn -0.999224 0.026380 -0.029240
vn -0.799514 0.466408 0.378473
vn -0.938249 0.282358 0.199907
vn -0.977007 0.181476 0.111909
vn -0.464509 0.640833 0.611200
vn -0.464509 0.640833 0.611200
vn -0.379933 0.758151 0.529960
vn -0.999224 0.026380 -0.029240
vn -0.977007 0.181476 0.111909
vn -0.938249 0.282358 0.199907
vn 0.180055 0.938996 -0.293032
vn 0.220775 0.866681 -0.447350
vn 0.149808 0.969672 -0.193117
vn 0.341491 -0.932202 -0.119931
vn -0.054026 -0.992051 -0.113652
vn 0.691744 -0.713499 -0.111397
vn -0.940755 -0.326725 -0.090720
vn -0.865461 -0.491854 -0.095163
vn -0.923028 -0.367223 -0.114743
vn -0.998634 -0.051845 -0.006455
vn -0.995803 0.090514 -0.013518
vn -0.956625 -0.286813 -0.051060
vn 0.707107 0.000000 0.707107
vn 0.707107 0.000000 0.707107
vn 0.707107 0.000000 0.707107
vn 0.714846 0.698914 0.022691
vn -0.004456 0.965595 0.260014
vn 0.719703 0.651872 0.238936
vn 1.000000 0.000000 0.000000
vn 1.000000 0.000000 0.000000
vn 1.000000 0.000000 0.000000
vn -0.707107 0.000000 -0.707107
vn -0.707107 0.000000 -0.707107
vn -0.707107 -0.000000 -0.707107
vn -0.707107 0.000000 0.707107
vn -0.707107 0.000000 0.707107
vn -0.707107 0.000000 0.707107
vn -0.076545 0.990836 0.111287
vn 0.099631 0.989530 -0.104421
vn 0.100095 0.990792 -0.091172
vn -0.633300 -0.773676 0.018885
vn -0.794437 -0.606921 0.022726
vn -0.794347 -0.607207 0.017681
vn -0.937585 -0.025131 0.346846
vn -0.931660 0.103847 0.348173
vn -0.941098 0.000011 0.338133
vn -0.458641 0.738701 0.493932
vn -0.467148 0.742063 0.480744
vn -0.419797 0.759955 0.496225
vn -0.876522 0.247331 0.412961
vn -0.908534 0.195157 0.369431
vn -0.880003 0.277910 0.385177
vn -0.556940 0.764136 0.325444
vn -0.551014 0.745989 0.374011
vn -0.551014 0.745989 0.374011
vn -0.419797 0.759955 0.496225
vn -0.380132 0.777632 0.500787
vn -0.330822 0.790550 0.515352
vn 0.376361 0.778495 0.502293
vn 0.362907 0.783971 0.503675
vn 0.407229 0.767318 0.495366
vn 0.999073 -0.017629 -0.039273
vn 0.999868 -0.012661 0.010212
vn 0.999223 -0.031789 -0.023289
vn 0.504043 0.721686 0.474457
vn 0.450688 0.748857 0.485894
vn 0.407229 0.767318 0.495366
vn 0.554444 0.757942 0.343681
vn 0.547566 0.738232 0.393935
vn 0.547566 0.738232 0.393935
vn 0.935837 0.352033 0.016780
vn 0.936623 0.349886 0.017839
vn 0.981011 0.193854 -0.006185
vn 0.997776 0.045464 0.048749
vn 0.999110 0.008448 -0.041327
vn 0.995573 0.038062 -0.085943
vn 0.993401 -0.000557 0.114695
vn 0.990119 0.035575 0.135640
vn 0.988097 0.001193 0.153828
vn 0.995307 0.096146 -0.010969
vn 0.925385 0.378978 0.006185
vn 0.981637 0.190518 0.009577
vn 0.995307 0.096146 -0.010969
vn 0.999073 -0.017629 -0.039273
vn 0.998487 -0.036382 -0.041241
vn 0.999110 0.008448 -0.041327
vn 0.997776 0.045464 0.048749
vn 0.993401 -0.000557 0.114695
vn 0.998756 0.012066 0.048387
vn 0.998336 -0.003650 0.057557
vn 0.999081 -0.000279 -0.042855
vn 0.960697 -0.262147 -0.091322
vn 0.998243 -0.006451 -0.058897
vn 0.966183 -0.251472 -0.057024
vn 0.935126 0.087230 0.343410
vn 0.881793 0.279134 0.380164
vn 0.913013 0.182377 0.364892
vn 0.953902 0.300116 0.001365
vn 0.952759 0.303727 -0.000918
vn 0.998243 -0.006451 -0.058897
vn 0.999081 -0.000279 -0.042855
vn 0.993960 0.001364 -0.109739
vn 0.998708 0.033379 -0.038323
vn 0.968512 -0.248962 0.001245
vn 0.966183 -0.251472 -0.057024
vn 0.977102 -0.212740 0.003742
vn -1.000000 0.000000 0.000000
vn -1.000000 0.000000 0.000000
vn -1.000000 0.000000 0.000000
vn 0.000000 -0.867604 0.497255
vn 0.000000 -0.994186 0.107677
vn 0.000000 -0.741022 0.671480
vn 0.000000 0.409627 -0.912253
vn 0.000000 0.741023 -0.671480
vn 0.000000 0.204814 -0.978801
vn 1.000000 0.000000 0.000000
vn 1.000000 0.000000 0.000000
vn 1.000000 0.000000 0.000000
vn 0.000000 -0.204814 -0.978801
vn 0.000000 0.204814 -0.978801
vn 0.000000 -0.409627 -0.912253
vn 1.000000 0.000000 0.000000
vn 1.000000 0.000000 0.000000
vn 1.000000 0.000000 0.000000
vn 0.000000 -0.741023 -0.671480
vn 0.000000 -0.409627 -0.912253
vn 0.000000 -0.867604 -0.497255
vn 1.000000 0.000000 0.000000
vn 1.000000 0.000000 0.000000
vn 1.000000 0.000000 0.000000
vn 0.000000 -0.994186 -0.107677
vn 0.000000 -0.867604 -0.497255
vn 0.000000 -0.994186 0.107677
vn 1.000000 0.000000 0.000000
vn 1.000000 0.000000 0.000000
vn 1.000000 0.000000 0.000000
vn 0.000000 -0.867604 0.497255
vn 0.000000 -0.994186 0.107677
vn 0.000000 -0.741022 0.671480
vn 1.000000 0.000000 0.000000
vn 1.000000 0.000000 0.000000
vn 1.000000 0.000000 0.000000
vn 0.000000 -0.409627 0.912253
vn 0.000000 -0.741022 0.671480
vn 0.000000 -0.204814 0.978801
vn 1.000000 0.000000 0.000000
vn 1.000000 0.000000 0.000000
vn 1.000000 0.000000 0.000000
vn 0.000000 0.204814 0.978801
vn 0.000000 -0.204814 0.978801
vn 0.000000 0.409627 0.912253
vn 1.000000 0.000000 0.000000
vn 1.000000 0.000000 0.000000
vn 1.000000 0.000000 0.000000
vn 0.000000 0.741022 0.671480
vn 0.000000 0.409627 0.912253
vn 0.000000 0.867604 0.497256
vn 1.000000 0.000000 0.000000
vn 1.000000 0.000000 0.000000
vn 1.000000 0.000000 0.000000
vn 0.000000 0.994186 0.107677
vn 0.000000 0.867604 0.497256
vn 0.000000 0.994186 -0.107677
vn 1.000000 0.000000 0.000000
vn 1.000000 0.000000 0.000000
vn 1.000000 0.000000 0.000000
vn 0.000000 0.867604 -0.497256
vn 0.000000 0.994186 -0.107677
vn 0.000000 0.741022 -0.671480
vn 1.000000 0.000000 0.000000
vn 1.000000 0.000000 0.000000
vn 1.000000 0.000000 0.000000
vn 0.000000 0.409627 -0.912253
vn 0.000000 0.741022 -0.671480
vn 0.000000 0.204814 -0.978801
vn 0.000000 0.204814 0.978801
vn 0.000000 -0.204814 0.978801
vn 0.000000 0.409627 0.912253
vn 1.000000 0.000000 0.000000
vn 1.000000 0.000000 0.000000
vn 1.000000 0.000000 0.000000
vn 0.000000 -0.204814 -0.978801
vn 0.000000 0.204814 -0.978801
vn 0.000000 -0.409627 -0.912253
vn 1.000000 0.000000 0.000000
vn 1.000000 0.000000 0.000000
vn 1.000000 0.000000 0.000000
vn 0.000000 -0.741022 -0.671480
vn 0.000000 -0.409627 -0.912253
vn 0.000000 -0.867604 -0.497255
vn 1.000000 0.000000 0.000000
vn 1.000000 0.000000 0.000000
vn 1.000000 0.000000 0.000000
vn 0.000000 -0.994186 -0.107677
vn 0.000000 -0.867604 -0.497255
vn 0.000000 -0.994186 0.107677
vn 1.000000 0.000000 0.000000
vn 1.000000 0.000000 0.000000
vn 1.000000 0.000000 0.000000
vn 0.000000 -0.867604 0.497255
vn 0.000000 -0.994186 0.107677
vn 0.000000 -0.741022 0.671480
vn -1.000000 0.000000 0.000000
vn -1.000000 0.000000 0.000000
vn -1.000000 0.000000 0.000000
vn 1.000000 0.000000 0.000000
vn 1.000000 0.000000 0.000000
vn 1.000000 0.000000 0.000000
vn 0.000000 -0.409627 0.912253
vn 0.000000 -0.741022 0.671480
vn 0.000000 -0.204814 0.978801
vn 0.000000 0.741022 0.671480
vn 0.000000 0.409627 0.912253
vn 0.000000 0.867604 0.497256
vn 1.000000 0.000000 0.000000
vn 1.000000 0.000000 0.000000
vn 1.000000 0.000000 0.000000
vn 0.000000 0.204814 0.978801
vn 0.000000 -0.204814 0.978801
vn 0.000000 0.409627 0.912253
vn 1.000000 0.000000 0.000000
vn 1.000000 0.000000 0.000000
vn 1.000000 0.000000 0.000000
vn 0.000000 0.741022 0.671480
vn 0.000000 0.409627 0.912253
vn 0.000000 0.867604 0.497256
vn 0.000000 0.741022 0.671480
vn 0.000000 0.409627 0.912253
vn 0.000000 0.867604 0.497256
vn 1.000000 0.000000 0.000000
vn 1.000000 0.000000 0.000000
vn 1.000000 0.000000 0.000000
vn 0.000000 0.994186 0.107677
vn 0.000000 0.867604 0.497256
vn 0.000000 0.994186 -0.107677
vn 1.000000 0.000000 0.000000
vn 1.000000 0.000000 0.000000
vn 1.000000 0.000000 0.000000
vn 0.000000 0.867604 -0.497256
vn 0.000000 0.994186 -0.107677
vn 0.000000 0.741022 -0.671480
vn 1.000000 0.000000 0.000000
vn 1.000000 0.000000 0.000000
vn 1.000000 0.000000 0.000000
vn 0.000000 0.409627 -0.912253
vn 0.000000 0.741022 -0.671480
vn 0.000000 0.204814 -0.978801
vn -1.000000 0.000000 0.000000
vn -1.000000 0.000000 0.000000
vn -1.000000 0.000000 0.000000
vn 1.000000 0.000000 0.000000
vn 1.000000 0.000000 0.000000
vn 1.000000 0.000000 0.000000
vn 0.000000 -0.204814 -0.978801
vn 0.000000 0.204814 -0.978801
vn 0.000000 -0.409627 -0.912253
vn -1.000000 0.000000 0.000000
vn -1.000000 0.000000 0.000000
vn -1.000000 0.000000 0.000000
vn 1.000000 0.000000 0.000000
vn 1.000000 0.000000 0.000000
vn 1.000000 0.000000 0.000000
vn 0.000000 -0.741022 -0.671480
vn 0.000000 -0.409627 -0.912253
vn 0.000000 -0.867604 -0.497255
vn 0.000000 0.994186 0.107677
vn 0.000000 0.867604 0.497256
vn 0.000000 0.994186 -0.107677
vn 1.000000 0.000000 0.000000
vn 1.000000 0.000000 0.000000
vn 1.000000 0.000000 0.000000
vn 0.000000 -0.994186 -0.107677
vn 0.000000 -0.867604 -0.497255
vn 0.000000 -0.994186 0.107677
vn 1.000000 0.000000 0.000000
vn 1.000000 0.000000 0.000000
vn 1.000000 0.000000 0.000000
vn 0.000000 -0.867604 0.497255
vn 0.000000 -0.994186 0.107677
vn 0.000000 -0.741022 0.671480
vn 0.000000 -0.409627 0.912253
vn 0.000000 -0.741022 0.671480
vn 0.000000 -0.204814 0.978801
vn 1.000000 0.000000 0.000000
vn 1.000000 0.000000 0.000000
vn 1.000000 0.000000 0.000000
vn 0.000000 -0.409627 0.912253
vn 0.000000 -0.741022 0.671480
vn 0.000000 -0.204814 0.978801
vn -1.000000 0.000000 0.000000
vn -1.000000 0.000000 0.000000
vn -1.000000 0.000000 0.000000
vn 1.000000 0.000000 0.000000
vn 1.000000 0.000000 0.000000
vn 1.000000 0.000000 0.000000
vn 0.000000 0.204814 0.978801
vn 0.000000 -0.204814 0.978801
vn 0.000000 0.409627 0.912253
vn 1.000000 0.000000 0.000000
vn 1.000000 0.000000 0.000000
vn 1.000000 0.000000 0.000000
vn 1.000000 0.000000 0.000000
vn 1.000000 0.000000 0.000000
vn 1.000000 0.000000 0.000000
vn 0.000000 0.741022 0.671480
vn 0.000000 0.409627 0.912253
vn 0.000000 0.867604 0.497256
vn 0.000000 0.867604 -0.497255
vn 0.000000 0.994186 -0.107677
vn 0.000000 0.741023 -0.671480
vn 1.000000 0.000000 0.000000
vn 1.000000 0.000000 0.000000
vn 1.000000 0.000000 0.000000
vn 0.000000 0.994186 0.107677
vn 0.000000 0.867604 0.497256
vn 0.000000 0.994186 -0.107677
vn 1.000000 0.000000 0.000000
vn 1.000000 0.000000 0.000000
vn 1.000000 0.000000 0.000000
vn 0.000000 0.867604 -0.497255
vn 0.000000 0.994186 -0.107677
vn 0.000000 0.741023 -0.671480
vn 1.000000 0.000000 0.000000
vn 1.000000 0.000000 0.000000
vn 1.000000 0.000000 0.000000
vn 0.000000 0.409627 -0.912253
vn 0.000000 0.741023 -0.671480
vn 0.000000 0.204814 -0.978801
vn -1.000000 0.000000 0.000000
vn -1.000000 0.000000 0.000000
vn -1.000000 0.000000 0.000000
vn 1.000000 0.000000 0.000000
vn 1.000000 0.000000 0.000000
vn 1.000000 0.000000 0.000000
vn 0.000000 -0.204814 -0.978801
vn 0.000000 0.204814 -0.978801
vn 0.000000 -0.409627 -0.912253
vn 0.000000 -0.867604 0.497255
vn 0.000000 -0.994186 0.107677
vn 0.000000 -0.741022 0.671480
vn 1.000000 0.000000 0.000000
vn 1.000000 0.000000 0.000000
vn 1.000000 0.000000 0.000000
vn 0.000000 -0.741023 -0.671480
vn 0.000000 -0.409627 -0.912253
vn 0.000000 -0.867604 -0.497255
vn -1.000000 0.000000 0.000000
vn -1.000000 0.000000 0.000000
vn -1.000000 0.000000 0.000000
vn 1.000000 0.000000 0.000000
vn 1.000000 0.000000 0.000000
vn 1.000000 0.000000 0.000000
vn 0.000000 -0.994186 -0.107677
vn 0.000000 -0.867604 -0.497255
vn 0.000000 -0.994186 0.107677
vn 1.000000 0.000000 0.000000
vn 1.000000 0.000000 0.000000
vn 1.000000 0.000000 0.000000
vn 0.000000 -0.867604 0.497255
vn 0.000000 -0.994186 0.107677
vn 0.000000 -0.741022 0.671480
vn 1.000000 0.000000 0.000000
vn 1.000000 0.000000 0.000000
vn 1.000000 0.000000 0.000000
vn 0.000000 -0.409627 0.912253
vn 0.000000 -0.741022 0.671480
vn 0.000000 -0.204814 0.978801
vn 1.000000 0.000000 0.000000
vn 1.000000 0.000000 0.000000
vn 1.000000 0.000000 0.000000
vn 0.000000 0.204814 0.978801
vn 0.000000 -0.204814 0.978801
vn 0.000000 0.409627 0.912253
vn 0.000000 -0.994186 -0.107677
vn 0.000000 -0.867604 -0.497255
vn 0.000000 -0.994186 0.107677
vn 1.000000 0.000000 0.000000
vn 1.000000 0.000000 0.000000
vn 1.000000 0.000000 0.000000
vn 0.000000 0.741022 0.671480
vn 0.000000 0.409627 0.912253
vn 0.000000 0.867604 0.497256
vn -1.000000 0.000000 0.000000
vn -1.000000 0.000000 0.000000
vn -1.000000 0.000000 0.000000
vn 1.000000 0.000000 0.000000
vn 1.000000 0.000000 0.000000
vn 1.000000 0.000000 0.000000
vn 0.000000 0.994186 0.107677
vn 0.000000 0.867604 0.497256
vn 0.000000 0.994186 -0.107677
vn -1.000000 0.000000 0.000000
vn -1.000000 0.000000 0.000000
vn -1.000000 0.000000 0.000000
vn 0.000000 0.867604 -0.497255
vn 0.000000 0.994186 -0.107677
vn 0.000000 0.741023 -0.671480
vn -1.000000 0.000000 0.000000
vn -1.000000 0.000000 0.000000
vn -1.000000 0.000000 0.000000
vn 0.000000 0.409627 -0.912253
vn 0.000000 0.741023 -0.671480
vn 0.000000 0.204814 -0.978801
vn -1.000000 0.000000 0.000000
vn -1.000000 0.000000 0.000000
vn -1.000000 0.000000 0.000000
vn 0.000000 -0.204814 -0.978801
vn 0.000000 0.204814 -0.978801
vn 0.000000 -0.409627 -0.912253
vn 0.000000 -0.741023 -0.671480
vn 0.000000 -0.409627 -0.912253
vn 0.000000 -0.867604 -0.497255
vn -1.000000 0.000000 0.000000
vn -1.000000 0.000000 0.000000
vn -1.000000 0.000000 0.000000
vn 0.000000 -0.741023 -0.671480
vn 0.000000 -0.409627 -0.912253
vn 0.000000 -0.867604 -0.497255
vn -1.000000 0.000000 0.000000
vn -1.000000 0.000000 0.000000
vn -1.000000 0.000000 0.000000
vn -1.000000 0.000000 0.000000
vn -1.000000 0.000000 0.000000
vn -1.000000 0.000000 0.000000
vn 0.000000 -0.994186 -0.107677
vn 0.000000 -0.867604 -0.497255
vn 0.000000 -0.994186 0.107677
vn -1.000000 0.000000 0.000000
vn -1.000000 0.000000 0.000000
vn -1.000000 0.000000 0.000000
vn 0.000000 -0.867604 0.497255
vn 0.000000 -0.994186 0.107677
vn 0.000000 -0.741022 0.671480
vn -1.000000 0.000000 0.000000
vn -1.000000 0.000000 0.000000
vn -1.000000 0.000000 0.000000
vn 0.000000 -0.409627 0.912253
vn 0.000000 -0.741022 0.671480
vn 0.000000 -0.204814 0.978801
vn -1.000000 0.000000 0.000000
vn -1.000000 0.000000 0.000000
vn -1.000000 0.000000 0.000000
vn 0.000000 0.204814 0.978801
vn 0.000000 -0.204814 0.978801
vn 0.000000 0.409627 0.912253
vn 0.000000 -0.204814 -0.978801
vn 0.000000 0.204814 -0.978801
vn 0.000000 -0.409627 -0.912253
vn -1.000000 0.000000 0.000000
vn -1.000000 0.000000 0.000000
vn -1.000000 0.000000 0.000000
vn 0.000000 0.741022 0.671480
vn 0.000000 0.409627 0.912253
vn 0.000000 0.867604 0.497256
vn -1.000000 0.000000 0.000000
vn -1.000000 0.000000 0.000000
vn -1.000000 0.000000 0.000000
vn -1.000000 0.000000 0.000000
vn -1.000000 0.000000 0.000000
vn -1.000000 0.000000 0.000000
vn 0.000000 0.994186 0.107677
vn 0.000000 0.867604 0.497256
vn 0.000000 0.994186 -0.107677
vn -1.000000 0.000000 0.000000
vn -1.000000 0.000000 0.000000
vn -1.000000 0.000000 0.000000
vn 0.000000 0.867604 -0.497256
vn 0.000000 0.994186 -0.107677
vn 0.000000 0.741022 -0.671480
vn 1.000000 0.000000 0.000000
vn 1.000000 0.000000 0.000000
vn 1.000000 0.000000 0.000000
vn 0.000000 0.994186 0.107677
vn 0.000000 0.867604 0.497256
vn 0.000000 0.994186 -0.107677
vn -1.000000 0.000000 0.000000
vn -1.000000 0.000000 0.000000
vn -1.000000 0.000000 0.000000
vn 0.000000 0.409627 -0.912253
vn 0.000000 0.741022 -0.671480
vn 0.000000 0.204814 -0.978801
vn -1.000000 0.000000 0.000000
vn -1.000000 0.000000 0.000000
vn -1.000000 0.000000 0.000000
vn -1.000000 0.000000 0.000000
vn -1.000000 0.000000 0.000000
vn -1.000000 0.000000 0.000000
vn 0.000000 -0.204814 -0.978801
vn 0.000000 0.204814 -0.978801
vn 0.000000 -0.409627 -0.912253
vn 0.000000 0.409627 -0.912253
vn 0.000000 0.741023 -0.671480
vn 0.000000 0.204814 -0.978801
vn -1.000000 0.000000 0.000000
vn -1.000000 0.000000 0.000000
vn -1.000000 0.000000 0.000000
vn 0.000000 -0.741022 -0.671480
vn 0.000000 -0.409627 -0.912253
vn 0.000000 -0.867604 -0.497255
vn -1.000000 0.000000 0.000000
vn -1.000000 0.000000 0.000000
vn -1.000000 0.000000 0.000000
vn -1.000000 0.000000 0.000000
vn -1.000000 0.000000 0.000000
vn -1.000000 0.000000 0.000000
vn 0.000000 -0.994186 -0.107677
vn 0.000000 -0.867604 -0.497255
vn 0.000000 -0.994186 0.107677
vn 1.000000 0.000000 0.000000
vn 1.000000 0.000000 0.000000
vn 1.000000 0.000000 0.000000
vn -1.000000 0.000000 0.000000
vn -1.000000 0.000000 0.000000
vn -1.000000 0.000000 0.000000
vn 0.000000 -0.867604 0.497255
vn 0.000000 -0.994186 0.107677
vn 0.000000 -0.741022 0.671480
vn 0.000000 0.741022 0.671480
vn 0.000000 0.409627 0.912253
vn 0.000000 0.867604 0.497256
vn -1.000000 0.000000 0.000000
vn -1.000000 0.000000 0.000000
vn -1.000000 0.000000 0.000000
vn -1.000000 0.000000 0.000000
vn -1.000000 0.000000 0.000000
vn -1.000000 0.000000 0.000000
vn 0.000000 -0.409627 0.912253
vn 0.000000 -0.741022 0.671480
vn 0.000000 -0.204814 0.978801
vn 1.000000 0.000000 0.000000
vn 1.000000 0.000000 0.000000
vn 1.000000 0.000000 0.000000
vn -1.000000 0.000000 0.000000
vn -1.000000 0.000000 0.000000
vn -1.000000 0.000000 0.000000
vn 0.000000 0.204814 0.978801
vn 0.000000 -0.204814 0.978801
vn 0.000000 0.409627 0.912253
vn 1.000000 0.000000 0.000000
vn 1.000000 0.000000 0.000000
vn 1.000000 0.000000 0.000000
vn -1.000000 0.000000 0.000000
vn -1.000000 0.000000 0.000000
vn -1.000000 0.000000 0.000000
vn 0.000000 0.741022 0.671480
vn 0.000000 0.409627 0.912253
vn 0.000000 0.867604 0.497256
vn -1.000000 0.000000 0.000000
vn -1.000000 0.000000 0.000000
vn -1.000000 0.000000 0.000000
vn -1.000000 0.000000 0.000000
vn -1.000000 0.000000 0.000000
vn -1.000000 0.000000 0.000000
vn -1.000000 0.000000 0.000000
vn -1.000000 0.000000 0.000000
vn -1.000000 0.000000 0.000000
vn 0.000000 0.994186 0.107677
vn 0.000000 0.867604 0.497256
vn 0.000000 0.994186 -0.107677
vn -1.000000 0.000000 0.000000
vn -1.000000 0.000000 0.000000
vn -1.000000 0.000000 0.000000
vn 0.000000 0.204814 0.978801
vn 0.000000 -0.204814 0.978801
vn 0.000000 0.409627 0.912253
vn -1.000000 0.000000 0.000000
vn -1.000000 0.000000 0.000000
vn -1.000000 0.000000 0.000000
vn 0.000000 0.867604 -0.497256
vn 0.000000 0.994186 -0.107677
vn 0.000000 0.741022 -0.671480
vn 1.000000 0.000000 0.000000
vn 1.000000 0.000000 0.000000
vn 1.000000 0.000000 0.000000
vn -1.000000 0.000000 0.000000
vn -1.000000 0.000000 0.000000
vn -1.000000 0.000000 0.000000
vn -1.000000 0.000000 0.000000
vn -1.000000 0.000000 0.000000
vn -1.000000 0.000000 0.000000
vn 0.000000 0.409627 -0.912253
vn 0.000000 0.741022 -0.671480
vn 0.000000 0.204814 -0.978801
vn -1.000000 0.000000 0.000000
vn -1.000000 0.000000 0.000000
vn -1.000000 0.000000 0.000000
vn 0.000000 -0.204814 -0.978801
vn 0.000000 0.204814 -0.978801
vn 0.000000 -0.409627 -0.912253
vn -1.000000 0.000000 0.000000
vn -1.000000 0.000000 0.000000
vn -1.000000 0.000000 0.000000
vn -1.000000 0.000000 0.000000
vn -1.000000 0.000000 0.000000
vn -1.000000 0.000000 0.000000
vn 0.000000 -0.741022 -0.671480
vn 0.000000 -0.409627 -0.912253
vn 0.000000 -0.867604 -0.497255
vn -1.000000 0.000000 0.000000
vn -1.000000 0.000000 0.000000
vn -1.000000 0.000000 0.000000
vn -1.000000 0.000000 0.000000
vn -1.000000 0.000000 0.000000
vn -1.000000 0.000000 0.000000
vn 0.000000 -0.994186 -0.107677
vn 0.000000 -0.867604 -0.497255
vn 0.000000 -0.994186 0.107677
vn 0.000000 -0.409627 0.912253
vn 0.000000 -0.741022 0.671480
vn 0.000000 -0.204814 0.978801
vn -1.000000 0.000000 0.000000
vn -1.000000 0.000000 0.000000
vn -1.000000 0.000000 0.000000
vn 0.000000 -0.867604 0.497255
vn 0.000000 -0.994186 0.107677
vn 0.000000 -0.741022 0.671480
vn -1.000000 0.000000 0.000000
vn -1.000000 0.000000 0.000000
vn -1.000000 0.000000 0.000000
vn -1.000000 0.000000 0.000000
vn -1.000000 0.000000 0.000000
vn -1.000000 0.000000 0.000000
vn 0.000000 -0.409627 0.912253
vn 0.000000 -0.741022 0.671480
vn 0.000000 -0.204814 0.978801
vn -1.000000 0.000000 0.000000
vn -1.000000 0.000000 0.000000
vn -1.000000 0.000000 0.000000
vn 0.000000 0.204814 0.978801
vn 0.000000 -0.204814 0.978801
vn 0.000000 0.409627 0.912253
vn 1.000000 0.000000 0.000000
vn 1.000000 0.000000 0.000000
vn 1.000000 0.000000 0.000000
vn -1.000000 0.000000 0.000000
vn -1.000000 0.000000 0.000000
vn -1.000000 0.000000 0.000000
vn 0.000000 0.741022 0.671480
vn 0.000000 0.409627 0.912253
vn 0.000000 0.867604 0.497256
vn 0.000000 -0.994186 -0.107677
vn 0.000000 -0.867604 -0.497255
vn 0.000000 -0.994186 0.107677
vn 0.000000 -0.867604 0.497255
vn 0.000000 -0.994186 0.107677
vn 0.000000 -0.741022 0.671480
vn -1.000000 0.000000 0.000000
vn -1.000000 0.000000 0.000000
vn -1.000000 0.000000 0.000000
vn 0.000000 0.994186 0.107677
vn 0.000000 0.867604 0.497256
vn 0.000000 0.994186 -0.107677
vn -1.000000 0.000000 0.000000
vn -1.000000 0.000000 0.000000
vn -1.000000 0.000000 0.000000
vn -1.000000 0.000000 0.000000
vn -1.000000 0.000000 0.000000
vn -1.000000 0.000000 0.000000
vn 0.000000 0.867604 -0.497256
vn 0.000000 0.994186 -0.107677
vn 0.000000 0.741022 -0.671480
vn -1.000000 0.000000 0.000000
vn -1.000000 0.000000 0.000000
vn -1.000000 0.000000 0.000000
vn -1.000000 0.000000 0.000000
vn -1.000000 0.000000 0.000000
vn -1.000000 0.000000 0.000000
vn 0.000000 0.409627 -0.912253
vn 0.000000 0.741022 -0.671480
vn 0.000000 0.204814 -0.978801
vn 1.000000 0.000000 0.000000
vn 1.000000 0.000000 0.000000
vn 1.000000 0.000000 0.000000
vn -1.000000 0.000000 0.000000
vn -1.000000 0.000000 0.000000
vn -1.000000 0.000000 0.000000
vn 0.000000 -0.204814 -0.978801
vn 0.000000 0.204814 -0.978801
vn 0.000000 -0.409627 -0.912253
vn 0.000000 -0.994186 -0.107677
vn 0.000000 -0.867604 -0.497255
vn 0.000000 -0.994186 0.107677
vn -1.000000 0.000000 0.000000
vn -1.000000 0.000000 0.000000
vn -1.000000 0.000000 0.000000
vn -1.000000 0.000000 0.000000
vn -1.000000 0.000000 0.000000
vn -1.000000 0.000000 0.000000
vn 0.000000 -0.741022 -0.671480
vn 0.000000 -0.409627 -0.912253
vn 0.000000 -0.867604 -0.497255
vn -1.000000 0.000000 0.000000
vn -1.000000 0.000000 0.000000
vn -1.000000 0.000000 0.000000
vn 0.000000 -0.994186 -0.107677
vn 0.000000 -0.867604 -0.497255
vn 0.000000 -0.994186 0.107677
vn 0.000000 0.409627 -0.912253
vn 0.000000 0.741022 -0.671480
vn 0.000000 0.204814 -0.978801
vn -1.000000 0.000000 0.000000
vn -1.000000 0.000000 0.000000
vn -1.000000 0.000000 0.000000
vn -1.000000 0.000000 0.000000
vn -1.000000 0.000000 0.000000
vn -1.000000 0.000000 0.000000
vn 0.000000 -0.867604 0.497255
vn 0.000000 -0.994186 0.107677
vn 0.000000 -0.741022 0.671480
vn -1.000000 0.000000 0.000000
vn -1.000000 0.000000 0.000000
vn -1.000000 0.000000 0.000000
vn 0.000000 -0.741022 -0.671480
vn 0.000000 -0.409627 -0.912253
vn 0.000000 -0.867604 -0.497255
vn -1.000000 0.000000 0.000000
vn -1.000000 0.000000 0.000000
vn -1.000000 0.000000 0.000000
vn 0.000000 -0.409627 0.912253
vn 0.000000 -0.741022 0.671480
vn 0.000000 -0.204814 0.978801
vn -1.000000 0.000000 0.000000
vn -1.000000 0.000000 0.000000
vn -1.000000 0.000000 0.000000
vn -1.000000 0.000000 0.000000
vn -1.000000 0.000000 0.000000
vn -1.000000 0.000000 0.000000
vn 0.000000 0.204814 0.978801
vn 0.000000 -0.204814 0.978801
vn 0.000000 0.409627 0.912253
vn -1.000000 0.000000 0.000000
vn -1.000000 0.000000 0.000000
vn -1.000000 0.000000 0.000000
vn 0.000000 0.741022 0.671480
vn 0.000000 0.409627 0.912253
vn 0.000000 0.867604 0.497256
vn 0.000000 -0.741022 -0.671480
vn 0.000000 -0.409627 -0.912253
vn 0.000000 -0.867604 -0.497255
vn -1.000000 0.000000 0.000000
vn -1.000000 0.000000 0.000000
vn -1.000000 0.000000 0.000000
vn -1.000000 0.000000 0.000000
vn -1.000000 0.000000 0.000000
vn -1.000000 0.000000 0.000000
vn 0.000000 0.994186 0.107677
vn 0.000000 0.867604 0.497256
vn 0.000000 0.994186 -0.107677
vn -1.000000 0.000000 0.000000
vn -1.000000 0.000000 0.000000
vn -1.000000 0.000000 0.000000
vn 0.000000 -0.204814 -0.978801
vn 0.000000 0.204814 -0.978801
vn 0.000000 -0.409627 -0.912253
vn 1.000000 0.000000 0.000000
vn 1.000000 0.000000 0.000000
vn 1.000000 0.000000 0.000000
vn 0.000000 0.867604 -0.497256
vn 0.000000 0.994186 -0.107677
vn 0.000000 0.741022 -0.671480
vn -1.000000 0.000000 0.000000
vn -1.000000 0.000000 0.000000
vn -1.000000 0.000000 0.000000
vn 1.000000 0.000000 0.000000
vn 1.000000 0.000000 0.000000
vn 1.000000 0.000000 0.000000
vn 0.000000 0.409627 -0.912253
vn 0.000000 0.741022 -0.671480
vn 0.000000 0.204814 -0.978801
vn -1.000000 0.000000 0.000000
vn -1.000000 0.000000 0.000000
vn -1.000000 0.000000 0.000000
vn 1.000000 0.000000 0.000000
vn 1.000000 0.000000 0.000000
vn 1.000000 0.000000 0.000000
vn 0.000000 -0.204814 -0.978801
vn 0.000000 0.204814 -0.978801
vn 0.000000 -0.409627 -0.912253
vn 0.000000 0.409627 -0.912253
vn 0.000000 0.741022 -0.671480
vn 0.000000 0.204814 -0.978801
vn 1.000000 0.000000 0.000000
vn 1.000000 0.000000 0.000000
vn 1.000000 0.000000 0.000000
vn 0.000000 -0.741022 -0.671480
vn 0.000000 -0.409627 -0.912253
vn 0.000000 -0.867604 -0.497255
vn 0.000000 -0.204814 -0.978801
vn 0.000000 0.204814 -0.978801
vn 0.000000 -0.409627 -0.912253
vn -1.000000 0.000000 0.000000
vn -1.000000 0.000000 0.000000
vn -1.000000 0.000000 0.000000
vn 1.000000 0.000000 0.000000
vn 1.000000 0.000000 0.000000
vn 1.000000 0.000000 0.000000
vn 0.000000 -0.994186 -0.107677
vn 0.000000 -0.867604 -0.497255
vn 0.000000 -0.994186 0.107677
vn -1.000000 0.000000 0.000000
vn -1.000000 0.000000 0.000000
vn -1.000000 0.000000 0.000000
vn 1.000000 0.000000 0.000000
vn 1.000000 0.000000 0.000000
vn 1.000000 0.000000 0.000000
vn 0.000000 -0.867604 0.497255
vn 0.000000 -0.994186 0.107677
vn 0.000000 -0.741022 0.671480
vn 0.000000 0.867604 -0.497256
vn 0.000000 0.994186 -0.107677
vn 0.000000 0.741022 -0.671480
vn 1.000000 0.000000 0.000000
vn 1.000000 0.000000 0.000000
vn 1.000000 0.000000 0.000000
vn 0.000000 -0.409627 0.912253
vn 0.000000 -0.741022 0.671480
vn 0.000000 -0.204814 0.978801
vn 0.000000 0.867604 -0.497256
vn 0.000000 0.994186 -0.107677
vn 0.000000 0.741022 -0.671480
vn -1.000000 0.000000 0.000000
vn -1.000000 0.000000 0.000000
vn -1.000000 0.000000 0.000000
vn 1.000000 0.000000 0.000000
vn 1.000000 0.000000 0.000000
vn 1.000000 0.000000 0.000000
vn 0.000000 0.204814 0.978801
vn 0.000000 -0.204814 0.978801
vn 0.000000 0.409627 0.912253
vn -1.000000 0.000000 0.000000
vn -1.000000 0.000000 0.000000
vn -1.000000 0.000000 0.000000
vn 1.000000 0.000000 0.000000
vn 1.000000 0.000000 0.000000
vn 1.000000 0.000000 0.000000
vn 0.000000 0.741022 0.671480
vn 0.000000 0.409627 0.912253
vn 0.000000 0.867604 0.497256
vn 1.000000 0.000000 0.000000
vn 1.000000 0.000000 0.000000
vn 1.000000 0.000000 0.000000
vn 1.000000 0.000000 0.000000
vn 1.000000 0.000000 0.000000
vn 1.000000 0.000000 0.000000
vn 0.000000 0.994186 0.107677
vn 0.000000 0.867604 0.497256
vn 0.000000 0.994186 -0.107677
vn 0.000000 0.994186 0.107677
vn 0.000000 0.867604 0.497256
vn 0.000000 0.994186 -0.107677
vn 1.000000 0.000000 0.000000
vn 1.000000 0.000000 0.000000
vn 1.000000 0.000000 0.000000
vn 0.000000 0.867604 -0.497256
vn 0.000000 0.994186 -0.107677
vn 0.000000 0.741022 -0.671480
vn -1.000000 0.000000 0.000000
vn -1.000000 0.000000 0.000000
vn -1.000000 0.000000 0.000000
vn 1.000000 0.000000 0.000000
vn 1.000000 0.000000 0.000000
vn 1.000000 0.000000 0.000000
vn 0.000000 0.409627 -0.912253
vn 0.000000 0.741022 -0.671480
vn 0.000000 0.204814 -0.978801
vn 1.000000 0.000000 0.000000
vn 1.000000 0.000000 0.000000
vn 1.000000 0.000000 0.000000
vn 0.000000 -0.204814 -0.978801
vn 0.000000 0.204814 -0.978801
vn 0.000000 -0.409627 -0.912253
vn 1.000000 0.000000 0.000000
vn 1.000000 0.000000 0.000000
vn 1.000000 0.000000 0.000000
vn 1.000000 0.000000 0.000000
vn 1.000000 0.000000 0.000000
vn 1.000000 0.000000 0.000000
vn 0.000000 -0.741022 -0.671480
vn 0.000000 -0.409627 -0.912253
vn 0.000000 -0.867604 -0.497255
vn 0.000000 0.741022 0.671480
vn 0.000000 0.409627 0.912253
vn 0.000000 0.867604 0.497256
vn 1.000000 0.000000 0.000000
vn 1.000000 0.000000 0.000000
vn 1.000000 0.000000 0.000000
vn 0.000000 -0.994186 -0.107677
vn 0.000000 -0.867604 -0.497255
vn 0.000000 -0.994186 0.107677
vn -1.000000 0.000000 0.000000
vn -1.000000 0.000000 0.000000
vn -1.000000 0.000000 0.000000
vn 1.000000 0.000000 0.000000
vn 1.000000 0.000000 0.000000
vn 1.000000 0.000000 0.000000
vn 0.000000 -0.867604 0.497255
vn 0.000000 -0.994186 0.107677
vn 0.000000 -0.741022 0.671480
vn 1.000000 0.000000 0.000000
vn 1.000000 0.000000 0.000000
vn 1.000000 0.000000 0.000000
vn 0.000000 -0.409627 0.912253
vn 0.000000 -0.741022 0.671480
vn 0.000000 -0.204814 0.978801
vn 0.000000 0.204814 0.978801
vn 0.000000 -0.204814 0.978801
vn 0.000000 0.409627 0.912253
vn 1.000000 0.000000 0.000000
vn 1.000000 0.000000 0.000000
vn 1.000000 0.000000 0.000000
vn 0.000000 0.204814 0.978801
vn 0.000000 -0.204814 0.978801
vn 0.000000 0.409627 0.912253
vn -1.000000 0.000000 0.000000
vn -1.000000 0.000000 0.000000
vn -1.000000 0.000000 0.000000
vn 1.000000 0.000000 0.000000
vn 1.000000 0.000000 0.000000
vn 1.000000 0.000000 0.000000
vn 0.000000 0.741022 0.671480
vn 0.000000 0.409627 0.912253
vn 0.000000 0.867604 0.497256
vn 0.000000 0.204814 0.978801
vn 0.000000 -0.204814 0.978801
vn 0.000000 0.409627 0.912253
vn 1.000000 0.000000 0.000000
vn 1.000000 0.000000 0.000000
vn 1.000000 0.000000 0.000000
vn 0.000000 0.994186 0.107677
vn 0.000000 0.867604 0.497256
vn 0.000000 0.994186 -0.107677
vn -1.000000 0.000000 0.000000
vn -1.000000 0.000000 0.000000
vn -1.000000 0.000000 0.000000
vn -1.000000 0.000000 0.000000
vn -1.000000 0.000000 0.000000
vn -1.000000 0.000000 0.000000
vn 1.000000 0.000000 0.000000
vn 1.000000 0.000000 0.000000
vn 1.000000 0.000000 0.000000
vn 0.000000 0.867604 -0.497256
vn 0.000000 0.994186 -0.107677
vn 0.000000 0.741022 -0.671480
vn 0.000000 -0.409627 0.912253
vn 0.000000 -0.741022 0.671480
vn 0.000000 -0.204814 0.978801
vn 1.000000 0.000000 0.000000
vn 1.000000 0.000000 0.000000
vn 1.000000 0.000000 0.000000
vn 0.000000 0.409627 -0.912253
vn 0.000000 0.741022 -0.671480
vn 0.000000 0.204814 -0.978801
vn -1.000000 0.000000 0.000000
vn -1.000000 0.000000 0.000000
vn -1.000000 0.000000 0.000000
vn 1.000000 0.000000 0.000000
vn 1.000000 0.000000 0.000000
vn 1.000000 0.000000 0.000000
vn 0.000000 -0.204814 -0.978801
vn 0.000000 0.204814 -0.978801
vn 0.000000 -0.409627 -0.912253
vn 0.000000 0.994186 0.107677
vn 0.000000 0.867604 0.497256
vn 0.000000 0.994186 -0.107677
vn 1.000000 0.000000 0.000000
vn 1.000000 0.000000 0.000000
vn 1.000000 0.000000 0.000000
vn 0.000000 -0.741022 -0.671480
vn 0.000000 -0.409627 -0.912253
vn 0.000000 -0.867604 -0.497255
vn 0.000000 -0.409627 0.912253
vn 0.000000 -0.741022 0.671480
vn 0.000000 -0.204814 0.978801
vn 0.000000 -0.867604 0.497255
vn 0.000000 -0.994186 0.107677
vn 0.000000 -0.741022 0.671480
vn 1.000000 0.000000 0.000000
vn 1.000000 0.000000 0.000000
vn 1.000000 0.000000 0.000000
vn 0.000000 -0.994186 -0.107677
vn 0.000000 -0.867604 -0.497255
vn 0.000000 -0.994186 0.107677
vn -1.000000 0.000000 0.000000
vn -1.000000 0.000000 0.000000
vn -1.000000 0.000000 0.000000
vn 1.000000 0.000000 0.000000
vn 1.000000 0.000000 0.000000
vn 1.000000 0.000000 0.000000
vn 0.000000 -0.867604 0.497255
vn 0.000000 -0.994186 0.107677
vn 0.000000 -0.741022 0.671480
vn 1.000000 0.000000 0.000000
vn 1.000000 0.000000 0.000000
vn 1.000000 0.000000 0.000000
vn 0.000000 -0.409627 0.912253
vn 0.000000 -0.741022 0.671480
vn 0.000000 -0.204814 0.978801
vn 1.000000 0.000000 0.000000
vn 1.000000 0.000000 0.000000
vn 1.000000 0.000000 0.000000
vn 0.000000 0.204814 0.978801
vn 0.000000 -0.204814 0.978801
vn 0.000000 0.409627 0.912253
vn 0.000000 -0.994186 -0.107677
vn 0.000000 -0.867604 -0.497255
vn 0.000000 -0.994186 0.107677
vn 1.000000 0.000000 0.000000
vn 1.000000 0.000000 0.000000
vn 1.000000 0.000000 0.000000
vn 0.000000 0.741022 0.671480
vn 0.000000 0.409627 0.912253
vn 0.000000 0.867604 0.497256
vn -1.000000 0.000000 0.000000
vn -1.000000 0.000000 0.000000
vn -1.000000 0.000000 0.000000
vn 1.000000 0.000000 0.000000
vn 1.000000 0.000000 0.000000
vn 1.000000 0.000000 0.000000
vn 0.000000 0.994186 0.107677
vn 0.000000 0.867604 0.497256
vn 0.000000 0.994186 -0.107677
vn 1.000000 0.000000 0.000000
vn 1.000000 0.000000 0.000000
vn 1.000000 0.000000 0.000000
vn 0.000000 0.867604 -0.497256
vn 0.000000 0.994186 -0.107677
vn 0.000000 0.741022 -0.671480
vn 0.000000 -0.741022 -0.671480
vn 0.000000 -0.409627 -0.912253
vn 0.000000 -0.867604 -0.497255
vn 1.000000 0.000000 0.000000
vn 1.000000 0.000000 0.000000
vn 1.000000 0.000000 0.000000
vn 0.000000 0.409627 -0.912253
vn 0.000000 0.741022 -0.671480
vn 0.000000 0.204814 -0.978801
vn -1.000000 0.000000 0.000000
vn -1.000000 0.000000 0.000000
vn -1.000000 0.000000 0.000000
vn 1.000000 0.000000 0.000000
vn 1.000000 0.000000 0.000000
vn 1.000000 0.000000 0.000000
vn 0.000000 -0.204814 -0.978801
vn 0.000000 0.204814 -0.978801
vn 0.000000 -0.409627 -0.912253
vn 1.000000 0.000000 0.000000
vn 1.000000 0.000000 0.000000
vn 1.000000 0.000000 0.000000
vn 0.000000 -0.741022 -0.671480
vn 0.000000 -0.409627 -0.912253
vn 0.000000 -0.867604 -0.497255
vn 1.000000 0.000000 0.000000
vn 1.000000 0.000000 0.000000
vn 1.000000 0.000000 0.000000
vn 0.000000 -0.994186 -0.107677
vn 0.000000 -0.867604 -0.497255
vn 0.000000 -0.994186 0.107677
vn 0.000000 -0.204814 -0.978801
vn 0.000000 0.204814 -0.978801
vn 0.000000 -0.409627 -0.912253
vn 1.000000 0.000000 0.000000
vn 1.000000 0.000000 0.000000
vn 1.000000 0.000000 0.000000
vn 0.000000 -0.867604 0.497255
vn 0.000000 -0.994186 0.107677
vn 0.000000 -0.741022 0.671480
vn -1.000000 0.000000 0.000000
vn -1.000000 0.000000 0.000000
vn -1.000000 0.000000 0.000000
vn 1.000000 0.000000 0.000000
vn 1.000000 0.000000 0.000000
vn 1.000000 0.000000 0.000000
vn 0.000000 -0.409627 0.912253
vn 0.000000 -0.741022 0.671480
vn 0.000000 -0.204814 0.978801
vn -1.000000 0.000000 0.000000
vn -1.000000 0.000000 0.000000
vn -1.000000 0.000000 0.000000
vn 1.000000 0.000000 0.000000
vn 1.000000 0.000000 0.000000
vn 1.000000 0.000000 0.000000
vn 0.000000 0.204814 0.978801
vn 0.000000 -0.204814 0.978801
vn 0.000000 0.409627 0.912253
vn 0.000000 0.409627 -0.912253
vn 0.000000 0.741022 -0.671480
vn 0.000000 0.204814 -0.978801
vn 1.000000 0.000000 0.000000
vn 1.000000 0.000000 0.000000
vn 1.000000 0.000000 0.000000
vn 0.000000 0.741022 0.671480
vn 0.000000 0.409627 0.912253
vn 0.000000 0.867604 0.497256
vn 0.000000 0.867604 -0.497255
vn 0.000000 0.994186 -0.107677
vn 0.000000 0.741023 -0.671480
vn -1.000000 0.000000 0.000000
vn -1.000000 0.000000 0.000000
vn -1.000000 0.000000 0.000000
vn 1.000000 0.000000 0.000000
vn 1.000000 0.000000 0.000000
vn 1.000000 0.000000 0.000000
vn 0.000000 0.994186 0.107677
vn 0.000000 0.867604 0.497256
vn 0.000000 0.994186 -0.107677
vn -1.000000 0.000000 0.000000
vn -1.000000 0.000000 0.000000
vn -1.000000 0.000000 0.000000
vn -1.000000 0.000000 0.000000
vn -1.000000 0.000000 0.000000
vn -1.000000 0.000000 0.000000
vn 0.000000 0.867604 -0.497256
vn 0.000000 0.994186 -0.107677
vn 0.000000 0.741022 -0.671480
vn 0.000000 -0.994186 -0.107677
vn 0.000000 -0.994186 0.107677
vn 0.000000 -0.867604 0.497255
vn 0.000000 0.867604 -0.497255
vn 0.000000 0.741023 -0.671480
vn 0.000000 0.409627 -0.912253
vn 0.000000 0.409627 -0.912253
vn 0.000000 0.204814 -0.978801
vn 0.000000 -0.204814 -0.978801
vn 0.000000 -0.204814 -0.978801
vn 0.000000 -0.409627 -0.912253
vn 0.000000 -0.741023 -0.671480
vn 0.000000 -0.741023 -0.671480
vn 0.000000 -0.867604 -0.497255
vn 0.000000 -0.994186 -0.107677
vn 0.000000 -0.994186 -0.107677
vn 0.000000 -0.994186 0.107677
vn 0.000000 -0.867604 0.497255
vn 0.000000 -0.867604 0.497255
vn 0.000000 -0.741022 0.671480
vn 0.000000 -0.409627 0.912253
vn 0.000000 -0.409627 0.912253
vn 0.000000 -0.204814 0.978801
vn 0.000000 0.204814 0.978801
vn 0.000000 0.204814 0.978801
vn 0.000000 0.409627 0.912253
vn 0.000000 0.741022 0.671480
vn 0.000000 0.741022 0.671480
vn 0.000000 0.867604 0.497256
vn 0.000000 0.994186 0.107677
vn 0.000000 0.994186 0.107677
vn 0.000000 0.994186 -0.107677
vn 0.000000 0.867604 -0.497256
vn 0.000000 0.867604 -0.497256
vn 0.000000 0.741022 -0.671480
vn 0.000000 0.409627 -0.912253
vn 0.000000 -0.409627 0.912253
vn 0.000000 -0.204814 0.978801
vn 0.000000 0.204814 0.978801
vn 0.000000 0.409627 -0.912253
vn 0.000000 0.204814 -0.978801
vn 0.000000 -0.204814 -0.978801
vn 0.000000 -0.204814 -0.978801
vn 0.000000 -0.409627 -0.912253
vn 0.000000 -0.741022 -0.671480
vn 0.000000 -0.741022 -0.671480
vn 0.000000 -0.867604 -0.497255
vn 0.000000 -0.994186 -0.107677
vn 0.000000 -0.994186 -0.107677
vn 0.000000 -0.994186 0.107677
vn 0.000000 -0.867604 0.497255
vn 0.000000 -0.867604 0.497255
vn 0.000000 -0.741022 0.671480
vn 0.000000 -0.409627 0.912253
vn 0.000000 0.204814 0.978801
vn 0.000000 0.409627 0.912253
vn 0.000000 0.741022 0.671480
vn 0.000000 -0.409627 0.912253
vn 0.000000 -0.204814 0.978801
vn 0.000000 0.204814 0.978801
vn 0.000000 0.204814 0.978801
vn 0.000000 0.409627 0.912253
vn 0.000000 0.741022 0.671480
vn 0.000000 0.204814 0.978801
vn 0.000000 0.409627 0.912253
vn 0.000000 0.741022 0.671480
vn 0.000000 0.741022 0.671480
vn 0.000000 0.867604 0.497256
vn 0.000000 0.994186 0.107677
vn 0.000000 0.994186 0.107677
vn 0.000000 0.994186 -0.107677
vn 0.000000 0.867604 -0.497256
vn 0.000000 0.867604 -0.497256
vn 0.000000 0.741022 -0.671480
vn 0.000000 0.409627 -0.912253
vn 0.000000 0.409627 -0.912253
vn 0.000000 0.204814 -0.978801
vn 0.000000 -0.204814 -0.978801
vn 0.000000 -0.204814 -0.978801
vn 0.000000 -0.409627 -0.912253
vn 0.000000 -0.741022 -0.671480
vn 0.000000 0.741022 0.671480
vn 0.000000 0.867604 0.497256
vn 0.000000 0.994186 0.107677
vn 0.000000 -0.741022 -0.671480
vn 0.000000 -0.867604 -0.497255
vn 0.000000 -0.994186 -0.107677
vn 0.000000 -0.994186 -0.107677
vn 0.000000 -0.994186 0.107677
vn 0.000000 -0.867604 0.497255
vn 0.000000 -0.867604 0.497255
vn 0.000000 -0.741022 0.671480
vn 0.000000 -0.409627 0.912253
vn 0.000000 -0.867604 0.497255
vn 0.000000 -0.741022 0.671480
vn 0.000000 -0.409627 0.912253
vn 0.000000 -0.409627 0.912253
vn 0.000000 -0.204814 0.978801
vn 0.000000 0.204814 0.978801
vn 0.000000 0.204814 0.978801
vn 0.000000 0.409627 0.912253
vn 0.000000 0.741022 0.671480
vn 0.000000 0.994186 0.107677
vn 0.000000 0.994186 -0.107677
vn 0.000000 0.867604 -0.497255
vn 0.000000 0.741022 0.671480
vn 0.000000 0.867604 0.497256
vn 0.000000 0.994186 0.107677
vn 0.000000 0.994186 0.107677
vn 0.000000 0.994186 -0.107677
vn 0.000000 0.867604 -0.497255
vn 0.000000 0.867604 -0.497255
vn 0.000000 0.741023 -0.671480
vn 0.000000 0.409627 -0.912253
vn 0.000000 0.409627 -0.912253
vn 0.000000 0.204814 -0.978801
vn 0.000000 -0.204814 -0.978801
vn 0.000000 -0.994186 -0.107677
vn 0.000000 -0.994186 0.107677
vn 0.000000 -0.867604 0.497255
vn 0.000000 -0.204814 -0.978801
vn 0.000000 -0.409627 -0.912253
vn 0.000000 -0.741023 -0.671480
vn 0.000000 -0.741023 -0.671480
vn 0.000000 -0.867604 -0.497255
vn 0.000000 -0.994186 -0.107677
vn 0.000000 -0.994186 -0.107677
vn 0.000000 -0.994186 0.107677
vn 0.000000 -0.867604 0.497255
vn 0.000000 -0.867604 0.497255
vn 0.000000 -0.741022 0.671480
vn 0.000000 -0.409627 0.912253
vn 0.000000 -0.409627 0.912253
vn 0.000000 -0.204814 0.978801
vn 0.000000 0.204814 0.978801
vn 0.000000 -0.741023 -0.671480
vn 0.000000 -0.867604 -0.497255
vn 0.000000 -0.994186 -0.107677
vn 0.000000 0.204814 0.978801
vn 0.000000 0.409627 0.912253
vn 0.000000 0.741022 0.671480
vn 0.000000 0.741022 0.671480
vn 0.000000 0.867604 0.497256
vn 0.000000 0.994186 0.107677
vn 0.000000 0.994186 0.107677
vn 0.000000 0.994186 -0.107677
vn 0.000000 0.867604 -0.497255
vn 0.000000 0.867604 -0.497255
vn 0.000000 0.741023 -0.671480
vn 0.000000 0.409627 -0.912253
vn 0.000000 0.409627 -0.912253
vn 0.000000 0.204814 -0.978801
vn 0.000000 -0.204814 -0.978801
vn 0.000000 -0.204814 -0.978801
vn 0.000000 -0.409627 -0.912253
vn 0.000000 -0.741023 -0.671480
vn 0.000000 -0.204814 -0.978801
vn 0.000000 -0.409627 -0.912253
vn 0.000000 -0.741023 -0.671480
vn 0.000000 -0.741023 -0.671480
vn 0.000000 -0.867604 -0.497255
vn 0.000000 -0.994186 -0.107677
vn 0.000000 -0.994186 -0.107677
vn 0.000000 -0.994186 0.107677
vn 0.000000 -0.867604 0.497255
vn 0.000000 -0.867604 0.497255
vn 0.000000 -0.741022 0.671480
vn 0.000000 -0.409627 0.912253
vn 0.000000 -0.409627 0.912253
vn 0.000000 -0.204814 0.978801
vn 0.000000 0.204814 0.978801
vn 0.000000 0.409627 -0.912253
vn 0.000000 0.204814 -0.978801
vn 0.000000 -0.204814 -0.978801
vn 0.000000 0.204814 0.978801
vn 0.000000 0.409627 0.912253
vn 0.000000 0.741022 0.671480
vn 0.000000 0.741022 0.671480
vn 0.000000 0.867604 0.497256
vn 0.000000 0.994186 0.107677
vn 0.000000 0.994186 0.107677
vn 0.000000 0.994186 -0.107677
vn 0.000000 0.867604 -0.497256
vn 1.000000 0.000000 0.000000
vn 1.000000 0.000000 0.000000
vn 1.000000 0.000000 0.000000
vn 1.000000 0.000000 0.000000
vn 1.000000 0.000000 0.000000
vn 1.000000 0.000000 0.000000
vn 1.000000 0.000000 0.000000
vn 1.000000 0.000000 0.000000
vn 1.000000 0.000000 0.000000
vn 1.000000 0.000000 0.000000
vn 1.000000 0.000000 0.000000
vn 1.000000 0.000000 0.000000
vn 1.000000 0.000000 0.000000
vn 1.000000 0.000000 0.000000
vn 1.000000 0.000000 0.000000
vn 1.000000 0.000000 0.000000
vn 1.000000 0.000000 0.000000
vn 1.000000 0.000000 0.000000
vn 1.000000 0.000000 0.000000
vn 1.000000 0.000000 0.000000
vn 1.000000 0.000000 0.000000
vn 0.000000 0.741022 0.671480
vn 0.000000 0.867604 0.497256
vn 0.000000 0.994186 0.107677
vn 0.000000 0.867604 -0.497256
vn 0.000000 0.741022 -0.671480
vn 0.000000 0.409627 -0.912253
vn 0.000000 0.409627 -0.912253
vn 0.000000 0.204814 -0.978801
vn 0.000000 -0.204814 -0.978801
vn 0.000000 0.867604 -0.497255
vn 0.000000 0.741023 -0.671480
vn 0.000000 0.409627 -0.912253
vn 0.000000 -0.204814 -0.978801
vn 0.000000 -0.409627 -0.912253
vn 0.000000 -0.741022 -0.671480
vn 0.000000 -0.741022 -0.671480
vn 0.000000 -0.867604 -0.497255
vn 0.000000 -0.994186 -0.107677
vn 1.000000 0.000000 0.000000
vn 1.000000 0.000000 0.000000
vn 1.000000 0.000000 0.000000
vn 1.000000 0.000000 0.000000
vn 1.000000 0.000000 0.000000
vn 1.000000 0.000000 0.000000
vn 1.000000 0.000000 0.000000
vn 1.000000 0.000000 0.000000
vn 1.000000 0.000000 0.000000
vn 1.000000 0.000000 0.000000
vn 1.000000 0.000000 0.000000
vn 1.000000 0.000000 0.000000
vn 1.000000 0.000000 0.000000
vn 1.000000 0.000000 0.000000
vn 1.000000 0.000000 0.000000
vn 1.000000 0.000000 0.000000
vn 1.000000 0.000000 0.000000
vn 1.000000 0.000000 0.000000
vn 1.000000 0.000000 0.000000
vn 1.000000 0.000000 0.000000
vn 1.000000 0.000000 0.000000
vn 0.000000 -0.994186 -0.107677
vn 0.000000 -0.994186 0.107677
vn 0.000000 -0.867604 0.497255
vn 0.000000 0.204814 0.978801
vn 0.000000 0.409627 0.912253
vn 0.000000 0.741022 0.671480
vn 0.000000 -0.867604 0.497255
vn 0.000000 -0.741022 0.671480
vn 0.000000 -0.409627 0.912253
vn 1.000000 0.000000 0.000000
vn 1.000000 0.000000 0.000000
vn 1.000000 0.000000 0.000000
vn 1.000000 0.000000 0.000000
vn 1.000000 0.000000 0.000000
vn 1.000000 0.000000 0.000000
vn 1.000000 0.000000 0.000000
vn 1.000000 0.000000 0.000000
vn 1.000000 0.000000 0.000000
vn 1.000000 0.000000 0.000000
vn 1.000000 0.000000 0.000000
vn 1.000000 0.000000 0.000000
vn 1.000000 0.000000 0.000000
vn 1.000000 0.000000 0.000000
vn 1.000000 0.000000 0.000000
vn 1.000000 0.000000 0.000000
vn 1.000000 0.000000 0.000000
vn 1.000000 0.000000 0.000000
vn 1.000000 0.000000 0.000000
vn 1.000000 0.000000 0.000000
vn 1.000000 0.000000 0.000000
vn 0.000000 -0.409627 0.912253
vn 0.000000 -0.204814 0.978801
vn 0.000000 0.204814 0.978801
vn 1.000000 0.000000 0.000000
vn 1.000000 0.000000 0.000000
vn 1.000000 0.000000 0.000000
vn 1.000000 0.000000 0.000000
vn 1.000000 0.000000 0.000000
vn 1.000000 0.000000 0.000000
vn 1.000000 0.000000 0.000000
vn 1.000000 0.000000 0.000000
vn 1.000000 0.000000 0.000000
vn 1.000000 0.000000 0.000000
vn 1.000000 0.000000 0.000000
vn 1.000000 0.000000 0.000000
vn 1.000000 0.000000 0.000000
vn 1.000000 0.000000 0.000000
vn 1.000000 0.000000 0.000000
vn 1.000000 0.000000 0.000000
vn 1.000000 0.000000 0.000000
vn 1.000000 0.000000 0.000000
vn 1.000000 0.000000 0.000000
vn 1.000000 0.000000 0.000000
vn 1.000000 0.000000 0.000000
vn 0.000000 0.204814 0.978801
vn 0.000000 0.409627 0.912253
vn 0.000000 0.741022 0.671480
vn -1.000000 -0.000000 0.000000
vn -1.000000 0.000000 0.000000
vn -1.000000 0.000000 0.000000
vn -1.000000 0.000000 0.000000
vn -1.000000 0.000000 0.000000
vn -1.000000 0.000000 0.000000
vn -1.000000 0.000000 0.000000
vn -1.000000 0.000000 0.000000
vn -1.000000 0.000000 0.000000
vn -1.000000 0.000000 0.000000
vn -1.000000 0.000000 0.000000
vn -1.000000 0.000000 0.000000
vn -1.000000 0.000000 0.000000
vn -1.000000 0.000000 0.000000
vn -1.000000 0.000000 0.000000
vn -1.000000 0.000000 0.000000
vn -1.000000 0.000000 0.000000
vn -1.000000 0.000000 0.000000
vn -1.000000 0.000000 0.000000
vn -1.000000 0.000000 0.000000
vn -1.000000 0.000000 0.000000
vn -1.000000 -0.000000 0.000000
vn -1.000000 0.000000 0.000000
vn -1.000000 0.000000 0.000000
vn -1.000000 0.000000 0.000000
vn -1.000000 0.000000 0.000000
vn -1.000000 0.000000 0.000000
vn -1.000000 0.000000 0.000000
vn -1.000000 0.000000 0.000000
vn -1.000000 0.000000 0.000000
vn -1.000000 0.000000 0.000000
vn -1.000000 0.000000 0.000000
vn -1.000000 0.000000 0.000000
vn -1.000000 0.000000 0.000000
vn -1.000000 0.000000 0.000000
vn -1.000000 0.000000 0.000000
vn -1.000000 0.000000 0.000000
vn -1.000000 0.000000 0.000000
vn -1.000000 0.000000 0.000000
vn -1.000000 0.000000 0.000000
vn -1.000000 0.000000 0.000000
vn -1.000000 0.000000 0.000000
vn 0.000000 0.741022 0.671480
vn 0.000000 0.867604 0.497256
vn 0.000000 0.994186 0.107677
vn -1.000000 -0.000000 0.000000
vn -1.000000 0.000000 0.000000
vn -1.000000 0.000000 0.000000
vn -1.000000 0.000000 0.000000
vn -1.000000 0.000000 0.000000
vn -1.000000 0.000000 0.000000
vn -1.000000 0.000000 0.000000
vn -1.000000 0.000000 0.000000
vn -1.000000 0.000000 0.000000
vn -1.000000 0.000000 0.000000
vn -1.000000 0.000000 0.000000
vn -1.000000 0.000000 0.000000
vn -1.000000 0.000000 0.000000
vn -1.000000 0.000000 0.000000
vn -1.000000 0.000000 0.000000
vn -1.000000 0.000000 0.000000
vn -1.000000 0.000000 0.000000
vn -1.000000 0.000000 0.000000
vn -1.000000 0.000000 0.000000
vn -1.000000 0.000000 0.000000
vn -1.000000 0.000000 0.000000
vn 0.000000 -0.409627 0.912253
vn 0.000000 -0.204814 0.978801
vn 0.000000 0.204814 0.978801
vn 0.000000 0.994186 0.107677
vn 0.000000 0.994186 -0.107677
vn 0.000000 0.867604 -0.497256
vn 0.000000 0.867604 -0.497256
vn 0.000000 0.741022 -0.671480
vn 0.000000 0.409627 -0.912253
vn 0.000000 0.409627 -0.912253
vn 0.000000 0.204814 -0.978801
vn 0.000000 -0.204814 -0.978801
vn 0.000000 -0.204814 -0.978801
vn 0.000000 -0.409627 -0.912253
vn 0.000000 -0.741022 -0.671480
vn -1.000000 -0.000000 0.000000
vn -1.000000 0.000000 0.000000
vn -1.000000 0.000000 0.000000
vn -1.000000 0.000000 0.000000
vn -1.000000 0.000000 0.000000
vn -1.000000 0.000000 0.000000
vn -1.000000 0.000000 0.000000
vn -1.000000 0.000000 0.000000
vn -1.000000 0.000000 0.000000
vn -1.000000 0.000000 0.000000
vn -1.000000 0.000000 0.000000
vn -1.000000 0.000000 0.000000
vn -1.000000 0.000000 0.000000
vn -1.000000 0.000000 0.000000
vn -1.000000 0.000000 0.000000
vn -1.000000 0.000000 0.000000
vn -1.000000 0.000000 0.000000
vn -1.000000 0.000000 0.000000
vn -1.000000 0.000000 0.000000
vn -1.000000 0.000000 0.000000
vn -1.000000 0.000000 0.000000
vn 0.000000 -0.741022 -0.671480
vn 0.000000 -0.867604 -0.497255
vn 0.000000 -0.994186 -0.107677
vn 0.000000 -0.867604 0.497255
vn 0.000000 -0.741022 0.671480
vn 0.000000 -0.409627 0.912253
vn 0.000000 -0.994186 -0.107677
vn 0.000000 -0.994186 0.107677
vn 0.000000 -0.867604 0.497255
vn 0.000000 -0.867604 0.497255
vn 0.000000 -0.741022 0.671480
vn 0.000000 -0.409627 0.912253
vn 0.000000 -0.409627 0.912253
vn 0.000000 -0.204814 0.978801
vn 0.000000 0.204814 0.978801
vn 1.000000 0.000000 0.000000
vn 1.000000 0.000000 0.000000
vn 1.000000 0.000000 0.000000
vn 1.000000 0.000000 0.000000
vn 1.000000 0.000000 0.000000
vn 1.000000 0.000000 0.000000
vn 1.000000 0.000000 0.000000
vn 1.000000 0.000000 0.000000
vn 1.000000 0.000000 0.000000
vn 1.000000 0.000000 0.000000
vn 1.000000 0.000000 0.000000
vn 1.000000 0.000000 0.000000
vn 1.000000 0.000000 0.000000
vn 1.000000 0.000000 0.000000
vn 1.000000 0.000000 0.000000
vn 1.000000 0.000000 0.000000
vn 1.000000 0.000000 0.000000
vn 1.000000 0.000000 0.000000
vn 1.000000 0.000000 0.000000
vn 1.000000 0.000000 0.000000
vn 1.000000 0.000000 0.000000
vn 0.000000 0.204814 0.978801
vn 0.000000 0.409627 0.912253
vn 0.000000 0.741022 0.671480
vn 0.000000 -0.741022 -0.671480
vn 0.000000 -0.867604 -0.497255
vn 0.000000 -0.994186 -0.107677
vn 0.000000 -0.994186 -0.107677
vn 0.000000 -0.994186 0.107677
vn 0.000000 -0.867604 0.497255
vn 0.000000 0.741022 0.671480
vn 0.000000 0.867604 0.497256
vn 0.000000 0.994186 0.107677
vn 0.000000 0.994186 0.107677
vn 0.000000 0.994186 -0.107677
vn 0.000000 0.867604 -0.497256
vn 0.000000 0.867604 -0.497256
vn 0.000000 0.741022 -0.671480
vn 0.000000 0.409627 -0.912253
vn 1.000000 0.000000 0.000000
vn 1.000000 0.000000 0.000000
vn 1.000000 0.000000 0.000000
vn 1.000000 0.000000 0.000000
vn 1.000000 0.000000 0.000000
vn 1.000000 0.000000 0.000000
vn 1.000000 0.000000 0.000000
vn 1.000000 0.000000 0.000000
vn 1.000000 0.000000 0.000000
vn 1.000000 0.000000 0.000000
vn 1.000000 0.000000 0.000000
vn 1.000000 0.000000 0.000000
vn 1.000000 0.000000 0.000000
vn 1.000000 0.000000 0.000000
vn 1.000000 0.000000 0.000000
vn 1.000000 0.000000 0.000000
vn 1.000000 0.000000 0.000000
vn 1.000000 0.000000 0.000000
vn 1.000000 0.000000 0.000000
vn 1.000000 0.000000 0.000000
vn 1.000000 0.000000 0.000000
vn 0.000000 0.409627 -0.912253
vn 0.000000 0.204814 -0.978801
vn 0.000000 -0.204814 -0.978801
vn 0.000000 -0.741022 -0.671480
vn 0.000000 -0.867604 -0.497255
vn 0.000000 -0.994186 -0.107677
vn 0.000000 -0.204814 -0.978801
vn 0.000000 -0.409627 -0.912253
vn 0.000000 -0.741022 -0.671480
vn 0.000000 -0.741022 -0.671480
vn 0.000000 -0.867604 -0.497255
vn 0.000000 -0.994186 -0.107677
vn 0.000000 0.867604 -0.497256
vn 0.000000 0.741022 -0.671480
vn 0.000000 0.409627 -0.912253
vn -1.000000 -0.000000 0.000000
vn -1.000000 0.000000 0.000000
vn -1.000000 0.000000 0.000000
vn -1.000000 0.000000 0.000000
vn -1.000000 0.000000 0.000000
vn -1.000000 0.000000 0.000000
vn -1.000000 0.000000 0.000000
vn -1.000000 0.000000 0.000000
vn -1.000000 0.000000 0.000000
vn -1.000000 0.000000 0.000000
vn -1.000000 0.000000 0.000000
vn -1.000000 0.000000 0.000000
vn -1.000000 0.000000 0.000000
vn -1.000000 0.000000 0.000000
vn -1.000000 0.000000 0.000000
vn -1.000000 0.000000 0.000000
vn -1.000000 0.000000 0.000000
vn -1.000000 0.000000 0.000000
vn -1.000000 0.000000 0.000000
vn -1.000000 0.000000 0.000000
vn -1.000000 0.000000 0.000000
vn 0.000000 -0.994186 -0.107677
vn 0.000000 -0.994186 0.107677
vn 0.000000 -0.867604 0.497255
vn 0.000000 -0.204814 -0.978801
vn 0.000000 -0.409627 -0.912253
vn 0.000000 -0.741022 -0.671480
vn 0.000000 -0.867604 0.497255
vn 0.000000 -0.741022 0.671480
vn 0.000000 -0.409627 0.912253
vn 0.000000 -0.409627 0.912253
vn 0.000000 -0.204814 0.978801
vn 0.000000 0.204814 0.978801
vn 0.000000 0.204814 0.978801
vn 0.000000 0.409627 0.912253
vn 0.000000 0.741022 0.671480
vn 0.000000 -0.204814 -0.978801
vn 0.000000 -0.409627 -0.912253
vn 0.000000 -0.741022 -0.671480
vn -1.000000 -0.000000 0.000000
vn -1.000000 0.000000 0.000000
vn -1.000000 0.000000 0.000000
vn -1.000000 0.000000 0.000000
vn -1.000000 0.000000 0.000000
vn -1.000000 0.000000 0.000000
vn -1.000000 0.000000 0.000000
vn -1.000000 0.000000 0.000000
vn -1.000000 0.000000 0.000000
vn -1.000000 0.000000 0.000000
vn -1.000000 0.000000 0.000000
vn -1.000000 0.000000 0.000000
vn -1.000000 0.000000 0.000000
vn -1.000000 0.000000 0.000000
vn -1.000000 0.000000 0.000000
vn -1.000000 0.000000 0.000000
vn -1.000000 0.000000 0.000000
vn -1.000000 0.000000 0.000000
vn -1.000000 0.000000 0.000000
vn -1.000000 0.000000 0.000000
vn -1.000000 0.000000 0.000000
vn 0.000000 0.741022 0.671480
vn 0.000000 0.867604 0.497256
vn 0.000000 0.994186 0.107677
vn 0.000000 0.409627 -0.912253
vn 0.000000 0.204814 -0.978801
vn 0.000000 -0.204814 -0.978801
vn 0.000000 0.994186 0.107677
vn 0.000000 0.994186 -0.107677
vn 0.000000 0.867604 -0.497256
vn 0.000000 0.867604 -0.497256
vn 0.000000 0.741022 -0.671480
vn 0.000000 0.409627 -0.912253
vn -1.000000 -0.000000 0.000000
vn -1.000000 0.000000 0.000000
vn -1.000000 0.000000 0.000000
vn -1.000000 0.000000 0.000000
vn -1.000000 0.000000 0.000000
vn -1.000000 0.000000 0.000000
vn -1.000000 0.000000 0.000000
vn -1.000000 0.000000 0.000000
vn -1.000000 0.000000 0.000000
vn -1.000000 0.000000 0.000000
vn -1.000000 0.000000 0.000000
vn -1.000000 0.000000 0.000000
vn -1.000000 0.000000 0.000000
vn -1.000000 0.000000 0.000000
vn -1.000000 0.000000 0.000000
vn -1.000000 0.000000 0.000000
vn -1.000000 0.000000 0.000000
vn -1.000000 0.000000 0.000000
vn -1.000000 0.000000 0.000000
vn -1.000000 0.000000 0.000000
vn -1.000000 0.000000 0.000000
vn 0.000000 0.409627 -0.912253
vn 0.000000 0.204814 -0.978801
vn 0.000000 -0.204814 -0.978801
vn 0.000000 0.867604 -0.497256
vn 0.000000 0.741022 -0.671480
vn 0.000000 0.409627 -0.912253
vn 0.000000 -0.204814 -0.978801
vn 0.000000 -0.409627 -0.912253
vn 0.000000 -0.741022 -0.671480
vn 0.000000 0.409627 -0.912253
vn 0.000000 0.204814 -0.978801
vn 0.000000 -0.204814 -0.978801
vn 0.000000 -0.741022 -0.671480
vn 0.000000 -0.867604 -0.497255
vn 0.000000 -0.994186 -0.107677
vn -1.000000 -0.000000 0.000000
vn -1.000000 0.000000 0.000000
vn -1.000000 0.000000 0.000000
vn -1.000000 0.000000 0.000000
vn -1.000000 0.000000 0.000000
vn -1.000000 0.000000 0.000000
vn -1.000000 0.000000 0.000000
vn -1.000000 0.000000 0.000000
vn -1.000000 0.000000 0.000000
vn -1.000000 0.000000 0.000000
vn -1.000000 0.000000 0.000000
vn -1.000000 0.000000 0.000000
vn -1.000000 0.000000 0.000000
vn -1.000000 0.000000 0.000000
vn -1.000000 0.000000 0.000000
vn -1.000000 0.000000 0.000000
vn -1.000000 0.000000 0.000000
vn -1.000000 0.000000 0.000000
vn -1.000000 0.000000 0.000000
vn -1.000000 0.000000 0.000000
vn -1.000000 0.000000 0.000000
vn 0.000000 -0.994186 -0.107677
vn 0.000000 -0.994186 0.107677
vn 0.000000 -0.867604 0.497255
vn 0.000000 0.994186 0.107677
vn 0.000000 0.994186 -0.107677
vn 0.000000 0.867604 -0.497256
vn 0.000000 -0.867604 0.497255
vn 0.000000 -0.741022 0.671480
vn 0.000000 -0.409627 0.912253
vn 0.000000 0.994186 0.107677
vn 0.000000 0.994186 -0.107677
vn 0.000000 0.867604 -0.497256
vn 0.000000 -0.409627 0.912253
vn 0.000000 -0.204814 0.978801
vn 0.000000 0.204814 0.978801
vn 0.000000 0.204814 0.978801
vn 0.000000 0.409627 0.912253
vn 0.000000 0.741022 0.671480
vn 1.000000 0.000000 0.000000
vn 1.000000 0.000000 0.000000
vn 1.000000 0.000000 0.000000
vn 1.000000 0.000000 0.000000
vn 1.000000 0.000000 0.000000
vn 1.000000 0.000000 0.000000
vn 1.000000 0.000000 0.000000
vn 1.000000 0.000000 0.000000
vn 1.000000 0.000000 0.000000
vn 1.000000 0.000000 0.000000
vn 1.000000 0.000000 0.000000
vn 1.000000 0.000000 0.000000
vn 1.000000 0.000000 0.000000
vn 1.000000 0.000000 0.000000
vn 1.000000 0.000000 0.000000
vn 1.000000 0.000000 0.000000
vn 1.000000 0.000000 0.000000
vn 1.000000 0.000000 0.000000
vn 1.000000 0.000000 0.000000
vn 1.000000 0.000000 0.000000
vn 1.000000 0.000000 0.000000
vn 0.000000 0.741022 0.671480
vn 0.000000 0.867604 0.497256
vn 0.000000 0.994186 0.107677
vn 0.000000 0.741022 0.671480
vn 0.000000 0.867604 0.497256
vn 0.000000 0.994186 0.107677
vn 0.000000 0.994186 0.107677
vn 0.000000 0.994186 -0.107677
vn 0.000000 0.867604 -0.497256
vn 0.000000 0.867604 -0.497256
vn 0.000000 0.741022 -0.671480
vn 0.000000 0.409627 -0.912253
vn 0.000000 0.409627 -0.912253
vn 0.000000 0.204814 -0.978801
vn 0.000000 -0.204814 -0.978801
vn 1.000000 0.000000 0.000000
vn 1.000000 0.000000 0.000000
vn 1.000000 0.000000 0.000000
vn 1.000000 0.000000 0.000000
vn 1.000000 0.000000 0.000000
vn 1.000000 0.000000 0.000000
vn 1.000000 0.000000 0.000000
vn 1.000000 0.000000 0.000000
vn 1.000000 0.000000 0.000000
vn 1.000000 0.000000 0.000000
vn 1.000000 0.000000 0.000000
vn 1.000000 0.000000 0.000000
vn 1.000000 0.000000 0.000000
vn 1.000000 0.000000 0.000000
vn 1.000000 0.000000 0.000000
vn 1.000000 0.000000 0.000000
vn 1.000000 0.000000 0.000000
vn 1.000000 0.000000 0.000000
vn 1.000000 0.000000 0.000000
vn 1.000000 0.000000 0.000000
vn 1.000000 0.000000 0.000000
vn 0.000000 -0.204814 -0.978801
vn 0.000000 -0.409627 -0.912253
vn 0.000000 -0.741022 -0.671480
vn 0.000000 0.204814 0.978801
vn 0.000000 0.409627 0.912253
vn 0.000000 0.741022 0.671480
vn 0.000000 -0.741022 -0.671480
vn 0.000000 -0.867604 -0.497255
vn 0.000000 -0.994186 -0.107677
vn 0.000000 -0.994186 -0.107677
vn 0.000000 -0.994186 0.107677
vn 0.000000 -0.867604 0.497255
vn 0.000000 -0.867604 0.497255
vn 0.000000 -0.741022 0.671480
vn 0.000000 -0.409627 0.912253
vn 0.000000 -0.409627 0.912253
vn 0.000000 -0.204814 0.978801
vn 0.000000 0.204814 0.978801
vn 0.000000 -0.409627 0.912253
vn 0.000000 -0.204814 0.978801
vn 0.000000 0.204814 0.978801
vn 0.000000 0.204814 0.978801
vn 0.000000 0.409627 0.912253
vn 0.000000 0.741022 0.671480
vn 0.000000 -0.409627 0.912253
vn 0.000000 -0.204814 0.978801
vn 0.000000 0.204814 0.978801
vn 0.000000 0.741022 0.671480
vn 0.000000 0.867604 0.497256
vn 0.000000 0.994186 0.107677
vn 0.000000 0.994186 0.107677
vn 0.000000 0.994186 -0.107677
vn 0.000000 0.867604 -0.497256
vn 0.000000 -0.867604 0.497255
vn 0.000000 -0.741022 0.671480
vn 0.000000 -0.409627 0.912253
vn 0.000000 0.867604 -0.497256
vn 0.000000 0.741022 -0.671480
vn 0.000000 0.409627 -0.912253
vn 0.000000 0.409627 -0.912253
vn 0.000000 0.204814 -0.978801
vn 0.000000 -0.204814 -0.978801
vn 0.000000 0.741022 0.671480
vn 0.000000 0.867604 0.497256
vn 0.000000 0.994186 0.107677
vn 0.000000 -0.204814 -0.978801
vn 0.000000 -0.409627 -0.912253
vn 0.000000 -0.741022 -0.671480
vn 0.000000 -0.867604 0.497255
vn 0.000000 -0.741022 0.671480
vn 0.000000 -0.409627 0.912253
vn 0.000000 -0.994186 -0.107677
vn 0.000000 -0.994186 0.107677
vn 0.000000 -0.867604 0.497255
vn 0.000000 -0.741022 -0.671480
vn 0.000000 -0.867604 -0.497255
vn 0.000000 -0.994186 -0.107677
vn 0.000000 -0.994186 -0.107677
vn 0.000000 -0.994186 0.107677
vn 0.000000 -0.867604 0.497255
vn 0.000000 -0.867604 0.497255
vn 0.000000 -0.741022 0.671480
vn 0.000000 -0.409627 0.912253
vn 0.000000 -0.409627 0.912253
vn 0.000000 -0.204814 0.978801
vn 0.000000 0.204814 0.978801
vn 0.000000 -0.741022 -0.671480
vn 0.000000 -0.867604 -0.497255
vn 0.000000 -0.994186 -0.107677
vn 0.000000 0.204814 0.978801
vn 0.000000 0.409627 0.912253
vn 0.000000 0.741022 0.671480
vn 0.000000 0.741022 0.671480
vn 0.000000 0.867604 0.497256
vn 0.000000 0.994186 0.107677
vn 0.000000 0.994186 0.107677
vn 0.000000 0.994186 -0.107677
vn 0.000000 0.867604 -0.497256
vn 0.000000 -0.204814 -0.978801
vn 0.000000 -0.409627 -0.912253
vn 0.000000 -0.741022 -0.671480
vn 0.000000 0.867604 -0.497256
vn 0.000000 0.741022 -0.671480
vn 0.000000 0.409627 -0.912253
vn 0.000000 0.409627 -0.912253
vn 0.000000 0.204814 -0.978801
vn 0.000000 -0.204814 -0.978801
vn 0.000000 -0.204814 -0.978801
vn 0.000000 -0.409627 -0.912253
vn 0.000000 -0.741022 -0.671480
vn 0.000000 -0.741022 -0.671480
vn 0.000000 -0.867604 -0.497255
vn 0.000000 -0.994186 -0.107677
vn 0.000000 0.409627 -0.912253
vn 0.000000 0.204814 -0.978801
vn 0.000000 -0.204814 -0.978801
vn 0.000000 -0.994186 -0.107677
vn 0.000000 -0.994186 0.107677
vn 0.000000 -0.867604 0.497255
vn 0.000000 -0.867604 0.497255
vn 0.000000 -0.741022 0.671480
vn 0.000000 -0.409627 0.912253
vn 0.000000 -0.409627 0.912253
vn 0.000000 -0.204814 0.978801
vn 0.000000 0.204814 0.978801
vn 0.000000 0.867604 -0.497256
vn 0.000000 0.741022 -0.671480
vn 0.000000 0.409627 -0.912253
vn 0.000000 0.204814 0.978801
vn 0.000000 0.409627 0.912253
vn 0.000000 0.741022 0.671480
vn 0.000000 0.994186 0.107677
vn 0.000000 0.994186 -0.107677
vn 0.000000 0.867604 -0.497255
vn 0.000000 0.741022 0.671480
vn 0.000000 0.867604 0.497256
vn 0.000000 0.994186 0.107677
vn 0.000000 0.994186 0.107677
vn 0.000000 0.994186 -0.107677
vn 0.000000 0.867604 -0.497256
vn 0.000000 0.994186 0.107677
vn 0.000000 0.867604 0.497255
vn 0.000000 0.994186 -0.107677
vn 0.000000 0.409627 -0.912253
vn 0.000000 0.741022 -0.671480
vn 0.000000 0.204814 -0.978801
vn 1.000000 0.000000 0.000000
vn 1.000000 0.000000 0.000000
vn 1.000000 0.000000 0.000000
vn 0.000000 0.867604 -0.497255
vn 0.000000 0.994186 -0.107677
vn 0.000000 0.741022 -0.671480
vn 1.000000 0.000000 0.000000
vn 1.000000 0.000000 0.000000
vn 1.000000 0.000000 0.000000
vn 1.000000 0.000000 0.000000
vn 1.000000 0.000000 0.000000
vn 1.000000 0.000000 0.000000
vn 1.000000 0.000000 0.000000
vn 1.000000 0.000000 0.000000
vn 1.000000 0.000000 0.000000
vn 1.000000 0.000000 0.000000
vn 1.000000 0.000000 0.000000
vn 1.000000 0.000000 0.000000
vn -1.000000 0.000000 0.000000
vn -1.000000 0.000000 0.000000
vn -1.000000 0.000000 0.000000
vn 1.000000 0.000000 0.000000
vn 1.000000 0.000000 0.000000
vn 1.000000 0.000000 0.000000
vn 0.000000 -0.204814 -0.978801
vn 0.000000 0.204814 -0.978801
vn 0.000000 -0.409627 -0.912253
vn -1.000000 0.000000 0.000000
vn -1.000000 0.000000 0.000000
vn -1.000000 0.000000 0.000000
vn -1.000000 0.000000 0.000000
vn -1.000000 0.000000 0.000000
vn -1.000000 0.000000 0.000000
vn 0.000000 0.741022 0.671480
vn 0.000000 0.409627 0.912253
vn 0.000000 0.867604 0.497255
vn 1.000000 0.000000 0.000000
vn 1.000000 0.000000 0.000000
vn 1.000000 0.000000 0.000000
vn 1.000000 0.000000 0.000000
vn 1.000000 0.000000 0.000000
vn 1.000000 0.000000 0.000000
vn 0.000000 -0.741022 -0.671480
vn 0.000000 -0.409627 -0.912253
vn 0.000000 -0.867604 -0.497256
vn -1.000000 0.000000 0.000000
vn -1.000000 0.000000 0.000000
vn -1.000000 0.000000 0.000000
vn -1.000000 0.000000 0.000000
vn -1.000000 0.000000 0.000000
vn -1.000000 0.000000 0.000000
vn 0.000000 0.204814 0.978801
vn 0.000000 -0.204814 0.978801
vn 0.000000 0.409627 0.912253
vn 1.000000 0.000000 0.000000
vn 1.000000 0.000000 0.000000
vn 1.000000 0.000000 0.000000
vn 1.000000 0.000000 0.000000
vn 1.000000 0.000000 0.000000
vn 1.000000 0.000000 0.000000
vn 0.000000 -0.994186 -0.107677
vn 0.000000 -0.867604 -0.497256
vn 0.000000 -0.994186 0.107677
vn -1.000000 0.000000 0.000000
vn -1.000000 0.000000 0.000000
vn -1.000000 0.000000 0.000000
vn -1.000000 0.000000 0.000000
vn -1.000000 0.000000 0.000000
vn -1.000000 0.000000 0.000000
vn 0.000000 -0.409627 0.912253
vn 0.000000 -0.741022 0.671480
vn 0.000000 -0.204814 0.978801
vn 0.000000 -0.867604 0.497256
vn 0.000000 -0.994186 0.107677
vn 0.000000 -0.741022 0.671480
vn -1.000000 0.000000 0.000000
vn -1.000000 0.000000 0.000000
vn -1.000000 0.000000 0.000000
vn -1.000000 0.000000 0.000000
vn -1.000000 0.000000 0.000000
vn -1.000000 0.000000 0.000000
vn -1.000000 0.000000 0.000000
vn -1.000000 0.000000 0.000000
vn -1.000000 0.000000 0.000000
vn -1.000000 0.000000 0.000000
vn -1.000000 0.000000 0.000000
vn -1.000000 0.000000 0.000000
vn -1.000000 0.000000 0.000000
vn -1.000000 0.000000 0.000000
vn -1.000000 0.000000 0.000000
vn -1.000000 0.000000 0.000000
vn -1.000000 0.000000 0.000000
vn -1.000000 0.000000 0.000000
vn 0.000000 0.867604 -0.497255
vn 0.000000 0.994186 -0.107677
vn 0.000000 0.741022 -0.671480
vn -1.000000 0.000000 0.000000
vn -1.000000 0.000000 0.000000
vn -1.000000 0.000000 0.000000
vn 0.000000 0.409627 -0.912253
vn 0.000000 0.741022 -0.671480
vn 0.000000 0.204814 -0.978801
vn 0.000000 0.994186 0.107677
vn 0.000000 0.867604 0.497255
vn 0.000000 0.994186 -0.107677
vn -1.000000 0.000000 0.000000
vn -1.000000 0.000000 0.000000
vn -1.000000 0.000000 0.000000
vn 1.000000 0.000000 0.000000
vn 1.000000 0.000000 0.000000
vn 1.000000 0.000000 0.000000
vn -1.000000 0.000000 0.000000
vn -1.000000 0.000000 0.000000
vn -1.000000 0.000000 0.000000
vn 0.000000 -0.204814 -0.978801
vn 0.000000 0.204814 -0.978801
vn 0.000000 -0.409627 -0.912253
vn 0.000000 0.741022 0.671480
vn 0.000000 0.409627 0.912253
vn 0.000000 0.867604 0.497255
vn -1.000000 0.000000 0.000000
vn -1.000000 0.000000 0.000000
vn -1.000000 0.000000 0.000000
vn -1.000000 0.000000 0.000000
vn -1.000000 0.000000 0.000000
vn -1.000000 0.000000 0.000000
vn 0.000000 -0.741022 -0.671480
vn 0.000000 -0.409627 -0.912253
vn 0.000000 -0.867604 -0.497256
vn 0.000000 0.204814 0.978801
vn 0.000000 -0.204814 0.978801
vn 0.000000 0.409627 0.912253
vn -1.000000 0.000000 0.000000
vn -1.000000 0.000000 0.000000
vn -1.000000 0.000000 0.000000
vn -1.000000 0.000000 0.000000
vn -1.000000 0.000000 0.000000
vn -1.000000 0.000000 0.000000
vn 0.000000 -0.994186 -0.107677
vn 0.000000 -0.867604 -0.497256
vn 0.000000 -0.994186 0.107677
vn 0.000000 -0.409627 0.912253
vn 0.000000 -0.741022 0.671480
vn 0.000000 -0.204814 0.978801
vn 0.000000 -0.867604 0.497256
vn 0.000000 -0.994186 0.107677
vn 0.000000 -0.741022 0.671480
vn 0.998358 0.046341 -0.033669
vn 0.998358 0.057280 -0.000000
vn 1.000000 -0.000000 -0.000000
vn 0.998358 0.017701 -0.054477
vn 0.998358 0.046341 -0.033669
vn 1.000000 -0.000000 -0.000000
vn 0.998358 -0.017701 -0.054477
vn 0.998358 0.017701 -0.054477
vn 1.000000 -0.000000 -0.000000
vn 0.998358 -0.046341 -0.033669
vn 0.998358 -0.017701 -0.054477
vn 1.000000 -0.000000 -0.000000
vn 0.998358 -0.057280 -0.000000
vn 0.998358 -0.046341 -0.033669
vn 1.000000 -0.000000 -0.000000
vn 0.998358 -0.046341 0.033669
vn 0.998358 -0.057280 -0.000000
vn 1.000000 -0.000000 -0.000000
vn 0.998358 -0.017701 0.054477
vn 0.998358 -0.046341 0.033669
vn 1.000000 -0.000000 -0.000000
vn 0.998358 0.017701 0.054477
vn 0.998358 -0.017701 0.054477
vn 1.000000 -0.000000 -0.000000
vn 0.998358 0.046341 0.033669
vn 0.998358 0.017701 0.054477
vn 1.000000 -0.000000 -0.000000
vn 0.998358 0.057280 -0.000000
vn 0.998358 0.046341 0.033669
vn 1.000000 -0.000000 -0.000000
vn 0.998358 0.046341 -0.033669
vn 0.998358 0.057280 0.000000
vn 1.000000 -0.000000 0.000000
vn 0.998358 0.017701 -0.054477
vn 0.998358 0.046341 -0.033669
vn 1.000000 -0.000000 0.000000
vn 0.998358 -0.017701 -0.054477
vn 0.998358 0.017701 -0.054477
vn 1.000000 -0.000000 0.000000
vn 0.998358 -0.046341 -0.033669
vn 0.998358 -0.017701 -0.054477
vn 1.000000 -0.000000 0.000000
vn 0.998358 -0.057280 0.000000
vn 0.998358 -0.046341 -0.033669
vn 1.000000 -0.000000 0.000000
vn 0.998358 -0.046341 0.033669
vn 0.998358 -0.057280 0.000000
vn 1.000000 -0.000000 0.000000
vn 0.998358 -0.017701 0.054477
vn 0.998358 -0.046341 0.033669
vn 1.000000 -0.000000 0.000000
vn 0.998358 0.017701 0.054477
vn 0.998358 -0.017701 0.054477
vn 1.000000 -0.000000 0.000000
vn 0.998358 0.046341 0.033669
vn 0.998358 0.017701 0.054477
vn 1.000000 -0.000000 0.000000
vn 0.998358 0.057280 0.000000
vn 0.998358 0.046341 0.033669
vn 1.000000 -0.000000 0.000000
vn -1.000000 -0.000000 0.000000
vn -0.994826 0.101589 0.000000
vn -0.994826 0.082188 -0.059713
vn -1.000000 -0.000000 0.000000
vn -0.994826 0.082188 -0.059713
vn -0.994826 0.031393 -0.096617
vn -1.000000 -0.000000 0.000000
vn -0.994826 0.031393 -0.096617
vn -0.994826 -0.031393 -0.096617
vn -1.000000 -0.000000 0.000000
vn -0.994826 -0.031393 -0.096617
vn -0.994826 -0.082188 -0.059713
vn -1.000000 -0.000000 0.000000
vn -0.994826 -0.082188 -0.059713
vn -0.994826 -0.101589 0.000000
vn -1.000000 -0.000000 0.000000
vn -0.994826 -0.101589 0.000000
vn -0.994826 -0.082188 0.059713
vn -1.000000 -0.000000 0.000000
vn -0.994826 -0.082188 0.059713
vn -0.994826 -0.031393 0.096617
vn -1.000000 -0.000000 0.000000
vn -0.994826 -0.031393 0.096617
vn -0.994826 0.031393 0.096617
vn -1.000000 -0.000000 0.000000
vn -0.994826 0.031393 0.096617
vn -0.994826 0.082188 0.059713
vn -1.000000 -0.000000 0.000000
vn -0.994826 0.082188 0.059713
vn -0.994826 0.101589 0.000000
vn -1.000000 -0.000000 -0.000000
vn -0.994826 0.101589 -0.000000
vn -0.994826 0.082188 -0.059713
vn -1.000000 -0.000000 -0.000000
vn -0.994826 0.082188 -0.059713
vn -0.994826 0.031393 -0.096617
vn -1.000000 -0.000000 -0.000000
vn -0.994826 0.031393 -0.096617
vn -0.994826 -0.031393 -0.096617
vn -1.000000 -0.000000 -0.000000
vn -0.996183 0.070619 0.051308
vn -0.996183 0.087290 0.000000
vn -1.000000 -0.000000 -0.000000
vn -0.994826 -0.031393 -0.096617
vn -0.994826 -0.082188 -0.059713
vn -1.000000 -0.000000 -0.000000
vn -0.994826 -0.082188 -0.059713
vn -0.994826 -0.101589 -0.000000
vn -1.000000 -0.000000 -0.000000
vn -0.994826 -0.101589 -0.000000
vn -0.994826 -0.082188 0.059713
vn -1.000000 -0.000000 -0.000000
vn -0.994826 -0.082188 0.059713
vn -0.994826 -0.031393 0.096617
vn -1.000000 -0.000000 -0.000000
vn -0.996183 0.026974 0.083017
vn -0.996183 0.070619 0.051308
vn -1.000000 -0.000000 -0.000000
vn -0.994826 -0.031393 0.096617
vn -0.994826 0.031393 0.096617
vn -1.000000 -0.000000 -0.000000
vn -0.994826 0.031393 0.096617
vn -0.994826 0.082188 0.059713
vn -1.000000 -0.000000 -0.000000
vn -0.994826 0.082188 0.059713
vn -0.994826 0.101589 -0.000000
vn -1.000000 -0.000000 -0.000000
vn -0.996183 -0.026974 0.083017
vn -0.996183 0.026974 0.083017
vn -1.000000 -0.000000 -0.000000
vn -0.996183 -0.070619 0.051308
vn -0.996183 -0.026974 0.083017
vn -1.000000 -0.000000 -0.000000
vn -0.996183 -0.087290 0.000000
vn -0.996183 -0.070619 0.051308
vn -1.000000 -0.000000 -0.000000
vn -0.996183 -0.070619 -0.051308
vn -0.996183 -0.087290 0.000000
vn -1.000000 -0.000000 -0.000000
vn -0.996183 -0.026974 -0.083017
vn -0.996183 -0.070619 -0.051308
vn -1.000000 -0.000000 -0.000000
vn -0.996183 0.026974 -0.083017
vn -0.996183 -0.026974 -0.083017
vn -1.000000 -0.000000 -0.000000
vn -0.996183 0.070619 -0.051308
vn -0.996183 0.026974 -0.083017
vn -1.000000 -0.000000 -0.000000
vn -0.996183 0.087290 0.000000
vn -0.996183 0.070619 -0.051308
vn -1.000000 -0.000000 -0.000000
vn -0.996183 0.070619 0.051308
vn -0.996183 0.087290 -0.000000
vn -1.000000 -0.000000 -0.000000
vn -0.996183 0.026974 0.083017
vn -0.996183 0.070619 0.051308
vn -1.000000 -0.000000 -0.000000
vn -0.996183 -0.026974 0.083017
vn -0.996183 0.026974 0.083017
vn 0.996159 0.070837 -0.051466
vn 0.996159 0.087560 0.000000
vn 1.000000 -0.000000 0.000000
vn 0.996159 0.027057 -0.083274
vn 0.996159 0.070837 -0.051466
vn 1.000000 -0.000000 0.000000
vn -1.000000 -0.000000 -0.000000
vn -0.996183 -0.070619 0.051308
vn -0.996183 -0.026974 0.083017
vn 0.996159 -0.027057 -0.083274
vn 0.996159 0.027057 -0.083274
vn 1.000000 -0.000000 0.000000
vn 0.996159 -0.070837 -0.051466
vn 0.996159 -0.027057 -0.083274
vn 1.000000 -0.000000 0.000000
vn 0.996159 -0.087560 0.000000
vn 0.996159 -0.070837 -0.051466
vn 1.000000 -0.000000 0.000000
vn 0.996159 -0.070837 0.051466
vn 0.996159 -0.087560 0.000000
vn 1.000000 -0.000000 0.000000
vn -1.000000 -0.000000 -0.000000
vn -0.996183 -0.087290 -0.000000
vn -0.996183 -0.070619 0.051308
vn 0.996159 -0.027057 0.083274
vn 0.996159 -0.070837 0.051466
vn 1.000000 -0.000000 0.000000
vn 0.996159 0.027057 0.083274
vn 0.996159 -0.027057 0.083274
vn 1.000000 -0.000000 0.000000
vn 0.996159 0.070837 0.051466
vn 0.996159 0.027057 0.083274
vn 1.000000 -0.000000 0.000000
vn 0.996159 0.087560 0.000000
vn 0.996159 0.070837 0.051466
vn 1.000000 -0.000000 0.000000
vn -1.000000 -0.000000 -0.000000
vn -0.996183 -0.070619 -0.051308
vn -0.996183 -0.087290 -0.000000
vn 0.998043 0.050588 -0.036754
vn 0.998043 0.062530 -0.000000
vn 1.000000 -0.000000 -0.000000
vn 0.998043 0.019323 -0.059469
vn 0.998043 0.050588 -0.036754
vn 1.000000 -0.000000 -0.000000
vn 0.998043 -0.019323 -0.059469
vn 0.998043 0.019323 -0.059469
vn 1.000000 -0.000000 -0.000000
vn -1.000000 -0.000000 -0.000000
vn -0.996183 -0.026974 -0.083017
vn -0.996183 -0.070619 -0.051308
vn 0.998043 -0.050588 -0.036754
vn 0.998043 -0.019323 -0.059469
vn 1.000000 -0.000000 -0.000000
vn 0.998043 -0.062530 -0.000000
vn 0.998043 -0.050588 -0.036754
vn 1.000000 -0.000000 -0.000000
vn 0.998043 -0.050588 0.036754
vn 0.998043 -0.062530 -0.000000
vn 1.000000 -0.000000 -0.000000
vn -1.000000 -0.000000 -0.000000
vn -0.996183 0.026974 -0.083017
vn -0.996183 -0.026974 -0.083017
vn 0.998043 -0.019323 0.059469
vn 0.998043 -0.050588 0.036754
vn 1.000000 -0.000000 -0.000000
vn 0.998043 0.019323 0.059469
vn 0.998043 -0.019323 0.059469
vn 1.000000 -0.000000 -0.000000
vn 0.998043 0.050588 0.036754
vn 0.998043 0.019323 0.059469
vn 1.000000 -0.000000 -0.000000
vn 0.998043 0.062530 -0.000000
vn 0.998043 0.050588 0.036754
vn 1.000000 -0.000000 -0.000000
vn -1.000000 -0.000000 -0.000000
vn -0.996183 0.070619 -0.051308
vn -0.996183 0.026974 -0.083017
vn -1.000000 -0.000000 -0.000000
vn -0.996183 0.087290 -0.000000
vn -0.996183 0.070619 -0.051308
vn 0.000000 0.741022 0.671480
vn 0.000000 0.867604 0.497255
vn 0.000000 0.994186 0.107677
vn 0.000000 0.867604 -0.497255
vn 0.000000 0.741022 -0.671480
vn 0.000000 0.409627 -0.912253
vn 0.000000 0.994186 0.107677
vn 0.000000 0.994186 -0.107677
vn 0.000000 0.867604 -0.497255
vn 0.000000 0.409627 -0.912253
vn 0.000000 0.204814 -0.978801
vn 0.000000 -0.204814 -0.978801
vn 0.000000 0.204814 0.978801
vn 0.000000 0.409627 0.912253
vn 0.000000 0.741022 0.671480
vn 0.000000 -0.204814 -0.978801
vn 0.000000 -0.409627 -0.912253
vn 0.000000 -0.741022 -0.671480
vn 0.000000 -0.409627 0.912253
vn 0.000000 -0.204814 0.978801
vn 0.000000 0.204814 0.978801
vn 0.000000 -0.741022 -0.671480
vn 0.000000 -0.867604 -0.497256
vn 0.000000 -0.994186 -0.107677
vn 0.000000 -0.867604 0.497256
vn 0.000000 -0.741022 0.671480
vn 0.000000 -0.409627 0.912253
vn 0.000000 -0.994186 -0.107677
vn 0.000000 -0.994186 0.107677
vn 0.000000 -0.867604 0.497256
vn 0.000000 0.994186 0.107677
vn 0.000000 0.994186 -0.107677
vn 0.000000 0.867604 -0.497255
vn 0.000000 0.867604 -0.497255
vn 0.000000 0.741022 -0.671480
vn 0.000000 0.409627 -0.912253
vn 0.000000 0.741022 0.671480
vn 0.000000 0.867604 0.497255
vn 0.000000 0.994186 0.107677
vn 1.000000 0.000000 0.000000
vn 1.000000 0.000000 0.000000
vn 1.000000 0.000000 0.000000
vn 1.000000 0.000000 0.000000
vn 1.000000 0.000000 0.000000
vn 1.000000 0.000000 0.000000
vn 1.000000 0.000000 0.000000
vn 1.000000 0.000000 0.000000
vn 1.000000 0.000000 0.000000
vn 1.000000 0.000000 0.000000
vn 1.000000 0.000000 0.000000
vn 1.000000 0.000000 0.000000
vn 1.000000 0.000000 0.000000
vn 1.000000 0.000000 0.000000
vn 1.000000 0.000000 0.000000
vn 1.000000 0.000000 0.000000
vn 1.000000 0.000000 0.000000
vn 1.000000 0.000000 0.000000
vn 1.000000 0.000000 0.000000
vn 1.000000 0.000000 0.000000
vn 1.000000 0.000000 0.000000
vn 0.000000 0.409627 -0.912253
vn 0.000000 0.204814 -0.978801
vn 0.000000 -0.204814 -0.978801
vn 0.000000 0.204814 0.978801
vn 0.000000 0.409627 0.912253
vn 0.000000 0.741022 0.671480
vn 0.000000 -0.204814 -0.978801
vn 0.000000 -0.409627 -0.912253
vn 0.000000 -0.741022 -0.671480
vn 0.000000 -0.409627 0.912253
vn 0.000000 -0.204814 0.978801
vn 0.000000 0.204814 0.978801
vn 0.000000 -0.741022 -0.671480
vn 0.000000 -0.867604 -0.497256
vn 0.000000 -0.994186 -0.107677
vn 0.000000 -0.867604 0.497256
vn 0.000000 -0.741022 0.671480
vn 0.000000 -0.409627 0.912253
vn 0.000000 -0.994186 -0.107677
vn 0.000000 -0.994186 0.107677
vn 0.000000 -0.867604 0.497256
vn -1.000000 -0.000000 -0.000000
vn -0.998043 0.062530 -0.000000
vn -0.998043 0.050588 -0.036754
vn -1.000000 -0.000000 -0.000000
vn -0.998043 0.050588 -0.036754
vn -0.998043 0.019323 -0.059469
vn -1.000000 -0.000000 -0.000000
vn -0.998043 0.019323 -0.059469
vn -0.998043 -0.019323 -0.059469
vn -1.000000 -0.000000 -0.000000
vn -0.998043 -0.019323 -0.059469
vn -0.998043 -0.050588 -0.036754
vn -1.000000 -0.000000 -0.000000
vn -0.998043 -0.050588 -0.036754
vn -0.998043 -0.062530 -0.000000
vn -1.000000 -0.000000 -0.000000
vn -0.998043 -0.062530 -0.000000
vn -0.998043 -0.050588 0.036754
vn -1.000000 -0.000000 -0.000000
vn -0.998043 -0.050588 0.036754
vn -0.998043 -0.019323 0.059469
vn -1.000000 -0.000000 -0.000000
vn -0.998043 -0.019323 0.059469
vn -0.998043 0.019323 0.059469
vn -1.000000 -0.000000 -0.000000
vn -0.998043 0.019323 0.059469
vn -0.998043 0.050588 0.036754
vn -1.000000 -0.000000 -0.000000
vn -0.998043 0.050588 0.036754
vn -0.998043 0.062530 -0.000000
vn -1.000000 -0.000000 0.000000
vn -0.996159 0.087560 0.000000
vn -0.996159 0.070837 -0.051466
vn -1.000000 -0.000000 0.000000
vn -0.996159 0.070837 -0.051466
vn -0.996159 0.027057 -0.083274
vn -1.000000 -0.000000 0.000000
vn -0.996159 0.027057 -0.083274
vn -0.996159 -0.027057 -0.083274
vn -1.000000 -0.000000 0.000000
vn -0.996159 -0.027057 -0.083274
vn -0.996159 -0.070837 -0.051466
vn -1.000000 -0.000000 0.000000
vn -0.996159 -0.070837 -0.051466
vn -0.996159 -0.087560 0.000000
vn -1.000000 -0.000000 0.000000
vn -0.996159 -0.087560 0.000000
vn -0.996159 -0.070837 0.051466
vn -1.000000 -0.000000 0.000000
vn -0.996159 -0.070837 0.051466
vn -0.996159 -0.027057 0.083274
vn -1.000000 -0.000000 0.000000
vn -0.996159 -0.027057 0.083274
vn -0.996159 0.027057 0.083274
vn -1.000000 -0.000000 0.000000
vn -0.996159 0.027057 0.083274
vn -0.996159 0.070837 0.051466
vn -1.000000 -0.000000 0.000000
vn -0.996159 0.070837 0.051466
vn -0.996159 0.087560 0.000000
vn 0.994826 -0.031393 -0.096617
vn 0.994826 0.031393 -0.096617
vn 1.000000 -0.000000 0.000000
vn 0.994826 -0.082188 -0.059713
vn 0.994826 -0.031393 -0.096617
vn 1.000000 -0.000000 0.000000
vn 0.994826 -0.101589 0.000000
vn 0.994826 -0.082188 -0.059713
vn 1.000000 -0.000000 0.000000
vn 0.994826 -0.082188 0.059713
vn 0.994826 -0.101589 0.000000
vn 1.000000 -0.000000 0.000000
vn 0.994826 -0.031393 0.096617
vn 0.994826 -0.082188 0.059713
vn 1.000000 -0.000000 0.000000
vn 0.994826 0.031393 0.096617
vn 0.994826 -0.031393 0.096617
vn 1.000000 -0.000000 0.000000
vn 0.994826 0.082188 0.059713
vn 0.994826 0.031393 0.096617
vn 1.000000 -0.000000 0.000000
vn 0.994826 0.101589 0.000000
vn 0.994826 0.082188 0.059713
vn 1.000000 -0.000000 0.000000
vn 0.994826 0.082188 -0.059713
vn 0.994826 0.101589 -0.000000
vn 1.000000 -0.000000 -0.000000
vn 0.994826 0.031393 -0.096617
vn 0.994826 0.082188 -0.059713
vn 1.000000 -0.000000 -0.000000
vn 0.994826 -0.031393 -0.096617
vn 0.994826 0.031393 -0.096617
vn 1.000000 -0.000000 -0.000000
vn 0.994826 -0.082188 -0.059713
vn 0.994826 -0.031393 -0.096617
vn 1.000000 -0.000000 -0.000000
vn 0.994826 -0.101589 -0.000000
vn 0.994826 -0.082188 -0.059713
vn 1.000000 -0.000000 -0.000000
vn -1.000000 -0.000000 0.000000
vn -0.998358 0.017701 0.054477
vn -0.998358 0.046341 0.033669
vn 0.994826 -0.082188 0.059713
vn 0.994826 -0.101589 -0.000000
vn 1.000000 -0.000000 -0.000000
vn -1.000000 -0.000000 -0.000000
vn -0.998358 0.046341 0.033669
vn -0.998358 0.057280 -0.000000
vn 0.994826 -0.031393 0.096617
vn 0.994826 -0.082188 0.059713
vn 1.000000 -0.000000 -0.000000
vn -1.000000 -0.000000 -0.000000
vn -0.998358 -0.057280 -0.000000
vn -0.998358 -0.046341 0.033669
vn 0.994826 0.031393 0.096617
vn 0.994826 -0.031393 0.096617
vn 1.000000 -0.000000 -0.000000
vn 0.994826 0.082188 0.059713
vn 0.994826 0.031393 0.096617
vn 1.000000 -0.000000 -0.000000
vn -1.000000 -0.000000 0.000000
vn -0.998358 0.046341 0.033669
vn -0.998358 0.057280 0.000000
vn 0.994826 0.101589 -0.000000
vn 0.994826 0.082188 0.059713
vn 1.000000 -0.000000 -0.000000
vn -1.000000 -0.000000 0.000000
vn -0.998358 -0.017701 0.054477
vn -0.998358 0.017701 0.054477
vn -1.000000 -0.000000 -0.000000
vn -0.998358 -0.046341 0.033669
vn -0.998358 -0.017701 0.054477
vn 0.994826 0.082188 -0.059713
vn 0.994826 0.101589 0.000000
vn 1.000000 -0.000000 0.000000
vn -1.000000 -0.000000 0.000000
vn -0.998358 -0.046341 0.033669
vn -0.998358 -0.017701 0.054477
vn -1.000000 -0.000000 0.000000
vn -0.998358 -0.057280 0.000000
vn -0.998358 -0.046341 0.033669
vn -1.000000 -0.000000 0.000000
vn -0.998358 -0.046341 -0.033669
vn -0.998358 -0.057280 0.000000
vn -1.000000 -0.000000 0.000000
vn -0.998358 -0.017701 -0.054477
vn -0.998358 -0.046341 -0.033669
vn -1.000000 -0.000000 0.000000
vn -0.998358 0.017701 -0.054477
vn -0.998358 -0.017701 -0.054477
vn -1.000000 -0.000000 0.000000
vn -0.998358 0.046341 -0.033669
vn -0.998358 0.017701 -0.054477
vn 0.994826 0.031393 -0.096617
vn 0.994826 0.082188 -0.059713
vn 1.000000 -0.000000 0.000000
vn -1.000000 -0.000000 -0.000000
vn -0.998358 0.017701 0.054477
vn -0.998358 0.046341 0.033669
vn -1.000000 -0.000000 -0.000000
vn -0.998358 0.017701 -0.054477
vn -0.998358 -0.017701 -0.054477
vn -1.000000 -0.000000 -0.000000
vn -0.998358 0.046341 -0.033669
vn -0.998358 0.017701 -0.054477
vn -1.000000 -0.000000 -0.000000
vn -0.998358 -0.017701 -0.054477
vn -0.998358 -0.046341 -0.033669
vn -1.000000 -0.000000 -0.000000
vn -0.998358 0.057280 -0.000000
vn -0.998358 0.046341 -0.033669
vn -1.000000 -0.000000 -0.000000
vn -0.998358 -0.017701 0.054477
vn -0.998358 0.017701 0.054477
vn -1.000000 -0.000000 0.000000
vn -0.998358 0.057280 0.000000
vn -0.998358 0.046341 -0.033669
vn -1.000000 -0.000000 -0.000000
vn -0.998358 -0.046341 -0.033669
vn -0.998358 -0.057280 -0.000000
vn 0.996183 0.070619 -0.051308
vn 0.996183 0.087290 0.000000
vn 1.000000 -0.000000 0.000000
vn 0.996183 0.026974 -0.083017
vn 0.996183 0.070619 -0.051308
vn 1.000000 -0.000000 0.000000
vn 0.996183 -0.026974 -0.083017
vn 0.996183 0.026974 -0.083017
vn 1.000000 -0.000000 0.000000
vn 0.996183 -0.070619 -0.051308
vn 0.996183 -0.026974 -0.083017
vn 1.000000 -0.000000 0.000000
vn 0.996183 -0.087290 0.000000
vn 0.996183 -0.070619 -0.051308
vn 1.000000 -0.000000 0.000000
vn 0.996183 -0.070619 0.051308
vn 0.996183 -0.087290 0.000000
vn 1.000000 -0.000000 0.000000
vn 0.996183 -0.026974 0.083017
vn 0.996183 -0.070619 0.051308
vn 1.000000 -0.000000 0.000000
vn 0.996183 0.026974 0.083017
vn 0.996183 -0.026974 0.083017
vn 1.000000 -0.000000 0.000000
vn 0.996183 0.070619 0.051308
vn 0.996183 0.026974 0.083017
vn 1.000000 -0.000000 0.000000
vn 0.996183 0.087290 0.000000
vn 0.996183 0.070619 0.051308
vn 1.000000 -0.000000 0.000000
vn 0.996183 0.070619 -0.051308
vn 0.996183 0.087290 -0.000000
vn 1.000000 -0.000000 -0.000000
vn 0.996183 0.026974 -0.083017
vn 0.996183 0.070619 -0.051308
vn 1.000000 -0.000000 -0.000000
vn 0.996183 -0.026974 -0.083017
vn 0.996183 0.026974 -0.083017
vn 1.000000 -0.000000 -0.000000
vn 0.996183 -0.070619 -0.051308
vn 0.996183 -0.026974 -0.083017
vn 1.000000 -0.000000 -0.000000
vn 0.996183 -0.087290 -0.000000
vn 0.996183 -0.070619 -0.051308
vn 1.000000 -0.000000 -0.000000
vn 0.996183 -0.070619 0.051308
vn 0.996183 -0.087290 -0.000000
vn 1.000000 -0.000000 -0.000000
vn 0.996183 -0.026974 0.083017
vn 0.996183 -0.070619 0.051308
vn 1.000000 -0.000000 -0.000000
vn 0.996183 0.026974 0.083017
vn 0.996183 -0.026974 0.083017
vn 1.000000 -0.000000 -0.000000
vn 0.996183 0.070619 0.051308
vn 0.996183 0.026974 0.083017
vn 1.000000 -0.000000 -0.000000
vn 0.996183 0.087290 -0.000000
vn 0.996183 0.070619 0.051308
vn 1.000000 -0.000000 -0.000000
vn 1.000000 0.000000 0.000000
vn 1.000000 0.000000 0.000000
vn 1.000000 0.000000 0.000000
vn 1.000000 0.000000 0.000000
vn 1.000000 0.000000 0.000000
vn 1.000000 0.000000 0.000000
vn 1.000000 0.000000 0.000000
vn 1.000000 0.000000 0.000000
vn 1.000000 0.000000 0.000000
vn 1.000000 0.000000 0.000000
vn 1.000000 0.000000 0.000000
vn 1.000000 0.000000 0.000000
vn 1.000000 0.000000 0.000000
vn 1.000000 0.000000 0.000000
vn 1.000000 0.000000 0.000000
vn 1.000000 0.000000 0.000000
vn 1.000000 0.000000 0.000000
vn 1.000000 0.000000 0.000000
vn 1.000000 0.000000 0.000000
vn 1.000000 0.000000 0.000000
vn 1.000000 0.000000 0.000000
vn 1.000000 0.000000 0.000000
vn 1.000000 0.000000 0.000000
vn 1.000000 0.000000 0.000000
vn 1.000000 0.000000 0.000000
vn 1.000000 0.000000 0.000000
vn 1.000000 0.000000 0.000000
vn 1.000000 0.000000 0.000000
vn 1.000000 0.000000 0.000000
vn 1.000000 0.000000 0.000000
vn -1.000000 0.000000 0.000000
vn -1.000000 0.000000 0.000000
vn -1.000000 0.000000 0.000000
vn -1.000000 0.000000 0.000000
vn -1.000000 0.000000 0.000000
vn -1.000000 0.000000 0.000000
vn -1.000000 0.000000 0.000000
vn -1.000000 0.000000 0.000000
vn -1.000000 0.000000 0.000000
vn -1.000000 0.000000 0.000000
vn -1.000000 0.000000 0.000000
vn -1.000000 0.000000 0.000000
vn -1.000000 0.000000 0.000000
vn -1.000000 0.000000 0.000000
vn -1.000000 0.000000 0.000000
vn -1.000000 0.000000 0.000000
vn -1.000000 0.000000 0.000000
vn -1.000000 0.000000 0.000000
vn -1.000000 0.000000 0.000000
vn -1.000000 0.000000 0.000000
vn -1.000000 0.000000 0.000000
vn -1.000000 0.000000 0.000000
vn -1.000000 0.000000 0.000000
vn -1.000000 0.000000 0.000000
vn -1.000000 0.000000 0.000000
vn -1.000000 0.000000 0.000000
vn -1.000000 0.000000 0.000000
vn -1.000000 0.000000 0.000000
vn -1.000000 0.000000 0.000000
vn -1.000000 0.000000 0.000000
vn -0.999223 -0.031789 -0.023289
vn -0.999868 -0.012661 0.010212
vn -0.999361 -0.035045 0.007040
vn -0.981011 0.193854 -0.006185
vn -0.936623 0.349886 0.017839
vn -0.991882 0.121096 0.038815
vn -0.995573 0.038062 -0.085943
vn -0.999110 0.008448 -0.041327
vn -0.999880 -0.015456 -0.000224
vn -0.988097 0.001193 0.153828
vn -0.990119 0.035575 0.135640
vn -0.989977 0.060380 0.127673
vn -0.981637 0.190518 0.009577
vn -0.925385 0.378978 0.006185
vn -0.924787 0.380417 0.007241
vn -0.998487 -0.036382 -0.041241
vn -0.999073 -0.017629 -0.039273
vn -0.999223 -0.031789 -0.023289
vn -0.993401 -0.000557 0.114695
vn -0.997776 0.045464 0.048749
vn -0.990119 0.035575 0.135640
vn -0.999081 -0.000279 -0.042855
vn -0.998336 -0.003650 0.057557
vn -0.993960 0.001364 -0.109739
vn -0.966183 -0.251472 -0.057024
vn -0.998243 -0.006451 -0.058897
vn -0.982098 -0.184662 -0.037193
vn -0.998243 -0.006451 -0.058897
vn -0.952759 0.303727 -0.000918
vn -0.998756 -0.049827 0.001944
vn -0.998708 0.033379 -0.038323
vn -0.993960 0.001364 -0.109739
vn -0.981011 0.193854 -0.006185
vn -0.977102 -0.212740 0.003742
vn -0.966183 -0.251472 -0.057024
vn -0.982098 -0.184662 -0.037193
vn -0.993401 -0.000557 0.114695
vn -0.999880 -0.015456 -0.000224
vn -0.999110 0.008448 -0.041327
vn -0.966183 -0.251472 -0.057024
vn -0.966752 -0.255593 0.007981
vn -0.960697 -0.262147 -0.091322
vn -0.902402 -0.237338 -0.359641
vn -0.892125 -0.310682 -0.328009
vn -0.854905 -0.320926 -0.407607
vn -0.965626 -0.257373 -0.036411
vn -0.950062 -0.300153 -0.085387
vn -0.963091 -0.252111 -0.094322
vn -0.892125 -0.310682 -0.328009
vn -0.935991 -0.333979 -0.111260
vn -0.854905 -0.320926 -0.407607
vn -0.963091 -0.252111 -0.094322
vn -0.902402 -0.237338 -0.359641
vn -0.965626 -0.257373 -0.036411
vn -0.977102 -0.212740 0.003742
vn -0.966752 -0.255593 0.007981
vn -0.968512 -0.248962 0.001245
vn -0.999411 -0.031923 0.012628
vn -0.999868 -0.012661 0.010212
vn -0.981637 0.190518 0.009577
vn -0.998708 0.033379 -0.038323
vn -0.991882 0.121096 0.038815
vn -0.997859 0.030322 0.057943
vn -0.997859 0.030322 0.057943
vn -0.998336 -0.003650 0.057557
vn -0.998756 0.012066 0.048387
vn -0.950062 -0.300153 -0.085387
vn -0.932647 -0.267350 -0.242266
vn -0.963091 -0.252111 -0.094322
vn -0.982098 -0.184662 -0.037193
vn -0.998756 -0.049827 0.001944
vn -0.977102 -0.212740 0.003742
vn -0.999868 -0.012661 0.010212
vn -0.995307 0.096146 -0.010969
vn -0.981637 0.190518 0.009577
vn -0.998708 0.033379 -0.038323
vn -0.998756 0.012066 0.048387
vn -0.999081 -0.000279 -0.042855
vn -0.999361 -0.035045 0.007040
vn -0.998487 -0.036382 -0.041241
vn -0.999223 -0.031789 -0.023289
vn -0.997776 0.045464 0.048749
vn -0.989977 0.060380 0.127673
vn -0.990119 0.035575 0.135640
vn -0.995573 0.038062 -0.085943
vn -0.989977 0.060380 0.127673
vn -0.997776 0.045464 0.048749
vn -0.999411 -0.031923 0.012628
vn -0.998487 -0.036382 -0.041241
vn -0.999361 -0.035045 0.007040
vn -0.997859 0.030322 0.057943
vn -0.998756 0.012066 0.048387
vn -0.998708 0.033379 -0.038323
vn -0.999073 -0.017629 -0.039273
vn -0.995307 0.096146 -0.010969
vn -0.999868 -0.012661 0.010212
vn -0.998243 -0.006451 -0.058897
vn -0.998756 -0.049827 0.001944
vn -0.982098 -0.184662 -0.037193
vn -0.892125 -0.310682 -0.328009
vn -0.932647 -0.267350 -0.242266
vn -0.950062 -0.300153 -0.085387
vn -0.991882 0.121096 0.038815
vn -0.998336 -0.003650 0.057557
vn -0.997859 0.030322 0.057943
vn -0.981011 0.193854 -0.006185
vn -0.991882 0.121096 0.038815
vn -0.998708 0.033379 -0.038323
vn -0.999361 -0.035045 0.007040
vn -0.999868 -0.012661 0.010212
vn -0.999411 -0.031923 0.012628
vn -0.998756 -0.049827 0.001944
vn -0.966752 -0.255593 0.007981
vn -0.977102 -0.212740 0.003742
vn -0.932647 -0.267350 -0.242266
vn -0.902402 -0.237338 -0.359641
vn -0.963091 -0.252111 -0.094322
vn -0.950062 -0.300153 -0.085387
vn -0.935991 -0.333979 -0.111260
vn -0.892125 -0.310682 -0.328009
vn -0.935991 -0.333979 -0.111260
vn -0.950062 -0.300153 -0.085387
vn -0.965626 -0.257373 -0.036411
vn -0.932647 -0.267350 -0.242266
vn -0.892125 -0.310682 -0.328009
vn -0.902402 -0.237338 -0.359641
vn -0.968512 -0.248962 0.001245
vn -0.966752 -0.255593 0.007981
vn -0.966183 -0.251472 -0.057024
vn -0.988097 0.001193 0.153828
vn -0.999880 -0.015456 -0.000224
vn -0.993401 -0.000557 0.114695
vn -0.999073 -0.017629 -0.039273
vn -0.999868 -0.012661 0.010212
vn -0.999223 -0.031789 -0.023289
vn -0.935837 0.352033 0.016780
vn -0.936623 0.349886 0.017839
vn -0.981011 0.193854 -0.006185
vn -0.997776 0.045464 0.048749
vn -0.999110 0.008448 -0.041327
vn -0.995573 0.038062 -0.085943
vn -0.993401 -0.000557 0.114695
vn -0.990119 0.035575 0.135640
vn -0.988097 0.001193 0.153828
vn -0.995307 0.096146 -0.010969
vn -0.925385 0.378978 0.006185
vn -0.981637 0.190518 0.009577
vn -0.995307 0.096146 -0.010969
vn -0.999073 -0.017629 -0.039273
vn -0.998487 -0.036382 -0.041241
vn -0.999110 0.008448 -0.041327
vn -0.997776 0.045464 0.048749
vn -0.993401 -0.000557 0.114695
vn -0.998756 0.012066 0.048387
vn -0.998336 -0.003650 0.057557
vn -0.999081 -0.000279 -0.042855
vn -0.960697 -0.262147 -0.091322
vn -0.998243 -0.006451 -0.058897
vn -0.966183 -0.251472 -0.057024
vn -0.953902 0.300116 0.001365
vn -0.952759 0.303727 -0.000918
vn -0.998243 -0.006451 -0.058897
vn -0.999081 -0.000279 -0.042855
vn -0.993960 0.001364 -0.109739
vn -0.998708 0.033379 -0.038323
vn -0.968512 -0.248962 0.001245
vn -0.966183 -0.251472 -0.057024
vn -0.977102 -0.212740 0.003742
#end 6253 vertex normals

#begin 2084 faces
usemtl Polygon_XSIPOLYCLS.boeing747_material2
f 1//1 2//2 3//3 
usemtl Polygon_XSIPOLYCLS.boeing747_material2
f 4//4 2//5 1//6 
usemtl Polygon_XSIPOLYCLS.boeing747_material2
f 5//7 6//8 7//9 
usemtl Polygon_XSIPOLYCLS.boeing747_material2
f 8//10 6//11 5//12 
usemtl Polygon_XSIPOLYCLS.boeing747_material2
f 9//13 10//14 11//15 
usemtl Polygon_XSIPOLYCLS.boeing747_material2
f 12//16 10//17 9//18 
usemtl Polygon_XSIPOLYCLS.boeing747_material2
f 13//19 14//20 15//21 
usemtl Polygon_XSIPOLYCLS.boeing747_material2
f 16//22 14//23 13//24 
usemtl Polygon_XSIPOLYCLS.boeing747_material2
f 17//25 18//26 19//27 
usemtl Polygon_XSIPOLYCLS.boeing747_material2
f 20//28 18//29 17//30 
usemtl Polygon_XSIPOLYCLS.boeing747_material2
f 21//31 22//32 23//33 
usemtl Polygon_XSIPOLYCLS.boeing747_material2
f 24//34 22//35 21//36 
usemtl Polygon_XSIPOLYCLS.boeing747_material2
f 25//37 26//38 27//39 
usemtl Polygon_XSIPOLYCLS.boeing747_material2
f 28//40 26//41 25//42 
usemtl Polygon_XSIPOLYCLS.boeing747_material2
f 29//43 30//44 31//45 
usemtl Polygon_XSIPOLYCLS.boeing747_material2
f 32//46 30//47 29//48 
usemtl Polygon_XSIPOLYCLS.boeing747_material2
f 33//49 34//50 35//51 
usemtl Polygon_XSIPOLYCLS.boeing747_material2
f 36//52 34//53 33//54 
usemtl Polygon_XSIPOLYCLS.boeing747_material2
f 37//55 38//56 39//57 
usemtl Polygon_XSIPOLYCLS.boeing747_material2
f 40//58 38//59 37//60 
usemtl Polygon_XSIPOLYCLS.boeing747_material2
f 41//61 42//62 43//63 
usemtl Polygon_XSIPOLYCLS.boeing747_material2
f 44//64 42//65 41//66 
usemtl Polygon_XSIPOLYCLS.boeing747_material2
f 45//67 46//68 47//69 
usemtl Polygon_XSIPOLYCLS.boeing747_material2
f 48//70 46//71 45//72 
usemtl Polygon_XSIPOLYCLS.boeing747_material2
f 49//73 50//74 51//75 
usemtl Polygon_XSIPOLYCLS.boeing747_material2
f 52//76 50//77 49//78 
usemtl Polygon_XSIPOLYCLS.boeing747_material2
f 53//79 54//80 55//81 
usemtl Polygon_XSIPOLYCLS.boeing747_material2
f 56//82 54//83 53//84 
usemtl Polygon_XSIPOLYCLS.boeing747_material2
f 57//85 58//86 59//87 
usemtl Polygon_XSIPOLYCLS.boeing747_material2
f 60//88 58//89 57//90 
usemtl Polygon_XSIPOLYCLS.boeing747_material2
f 61//91 62//92 63//93 
usemtl Polygon_XSIPOLYCLS.boeing747_material2
f 64//94 62//95 61//96 
usemtl Polygon_XSIPOLYCLS.boeing747_material2
f 65//97 66//98 67//99 
usemtl Polygon_XSIPOLYCLS.boeing747_material2
f 68//100 66//101 65//102 
usemtl Polygon_XSIPOLYCLS.boeing747_material2
f 69//103 70//104 71//105 
usemtl Polygon_XSIPOLYCLS.boeing747_material2
f 72//106 70//107 69//108 
usemtl Polygon_XSIPOLYCLS.boeing747_material2
f 73//109 74//110 75//111 
usemtl Polygon_XSIPOLYCLS.boeing747_material2
f 76//112 74//113 73//114 
usemtl Polygon_XSIPOLYCLS.boeing747_material2
f 77//115 78//116 79//117 
usemtl Polygon_XSIPOLYCLS.boeing747_material2
f 80//118 78//119 77//120 
usemtl Polygon_XSIPOLYCLS.boeing747_material2
f 81//121 82//122 83//123 
usemtl Polygon_XSIPOLYCLS.boeing747_material2
f 84//124 82//125 81//126 
usemtl Polygon_XSIPOLYCLS.boeing747_material2
f 85//127 86//128 87//129 
usemtl Polygon_XSIPOLYCLS.boeing747_material2
f 88//130 86//131 85//132 
usemtl Polygon_XSIPOLYCLS.boeing747_material2
f 89//133 90//134 91//135 
usemtl Polygon_XSIPOLYCLS.boeing747_material2
f 92//136 90//137 89//138 
usemtl Polygon_XSIPOLYCLS.boeing747_material2
f 93//139 94//140 95//141 
usemtl Polygon_XSIPOLYCLS.boeing747_material2
f 96//142 94//143 93//144 
usemtl Polygon_XSIPOLYCLS.boeing747_material2
f 97//145 98//146 99//147 
usemtl Polygon_XSIPOLYCLS.boeing747_material2
f 100//148 98//149 97//150 
usemtl Polygon_XSIPOLYCLS.boeing747_material2
f 101//151 102//152 103//153 
usemtl Polygon_XSIPOLYCLS.boeing747_material2
f 104//154 102//155 101//156 
usemtl Polygon_XSIPOLYCLS.boeing747_material2
f 105//157 106//158 107//159 
usemtl Polygon_XSIPOLYCLS.boeing747_material2
f 106//160 105//161 108//162 
usemtl Polygon_XSIPOLYCLS.boeing747_material2
f 112//163 111//164 109//165 
usemtl Polygon_XSIPOLYCLS.boeing747_material2
f 110//166 111//167 112//168 
usemtl Polygon_XSIPOLYCLS.boeing747_material2
f 115//169 117//170 118//171 
usemtl Polygon_XSIPOLYCLS.boeing747_material2
f 149//172 147//173 138//174 
usemtl Polygon_XSIPOLYCLS.boeing747_material2
f 121//175 122//176 123//177 
usemtl Polygon_XSIPOLYCLS.boeing747_material2
f 124//178 118//179 117//180 
usemtl Polygon_XSIPOLYCLS.boeing747_material2
f 160//181 158//182 150//183 
usemtl Polygon_XSIPOLYCLS.boeing747_material2
f 122//184 121//185 126//186 
usemtl Polygon_XSIPOLYCLS.boeing747_material2
f 127//187 128//188 129//189 
usemtl Polygon_XSIPOLYCLS.boeing747_material2
f 130//190 128//191 127//192 
usemtl Polygon_XSIPOLYCLS.boeing747_material2
f 131//193 132//194 133//195 
usemtl Polygon_XSIPOLYCLS.boeing747_material2
f 134//196 132//197 131//198 
usemtl Polygon_XSIPOLYCLS.boeing747_material2
f 137//199 138//200 136//201 
usemtl Polygon_XSIPOLYCLS.boeing747_material2
f 135//202 119//203 114//204 
usemtl Polygon_XSIPOLYCLS.boeing747_material2
f 139//205 140//206 141//207 
usemtl Polygon_XSIPOLYCLS.boeing747_material2
f 142//208 144//209 145//210 
usemtl Polygon_XSIPOLYCLS.boeing747_material2
f 146//211 140//212 139//213 
usemtl Polygon_XSIPOLYCLS.boeing747_material2
f 135//214 161//215 120//216 
usemtl Polygon_XSIPOLYCLS.boeing747_material2
f 151//217 152//218 153//219 
usemtl Polygon_XSIPOLYCLS.boeing747_material2
f 154//220 155//221 156//222 
usemtl Polygon_XSIPOLYCLS.boeing747_material2
f 157//223 155//224 154//225 
usemtl Polygon_XSIPOLYCLS.boeing747_material2
f 166//226 168//227 169//228 
usemtl Polygon_XSIPOLYCLS.boeing747_material2
f 162//229 163//230 164//231 
usemtl Polygon_XSIPOLYCLS.boeing747_material2
f 165//232 163//233 162//234 
usemtl Polygon_XSIPOLYCLS.boeing747_material2
f 170//235 171//236 477//237 
usemtl Polygon_XSIPOLYCLS.boeing747_material2
f 176//238 178//239 179//240 
usemtl Polygon_XSIPOLYCLS.boeing747_material2
f 172//241 173//242 174//243 
usemtl Polygon_XSIPOLYCLS.boeing747_material2
f 175//244 173//245 172//246 
usemtl Polygon_XSIPOLYCLS.boeing747_material2
f 179//247 178//248 177//249 
usemtl Polygon_XSIPOLYCLS.boeing747_material2
f 184//250 190//251 191//252 
usemtl Polygon_XSIPOLYCLS.boeing747_material2
f 180//253 181//254 182//255 
usemtl Polygon_XSIPOLYCLS.boeing747_material2
f 183//256 181//257 180//258 
usemtl Polygon_XSIPOLYCLS.boeing747_material2
f 191//259 190//260 185//261 
usemtl Polygon_XSIPOLYCLS.boeing747_material2
f 192//262 197//263 198//264 
usemtl Polygon_XSIPOLYCLS.boeing747_material2
f 186//265 187//266 188//267 
usemtl Polygon_XSIPOLYCLS.boeing747_material2
f 189//268 187//269 186//270 
usemtl Polygon_XSIPOLYCLS.boeing747_material2
f 198//271 197//272 193//273 
usemtl Polygon_XSIPOLYCLS.boeing747_material2
f 194//274 195//275 196//276 
usemtl Polygon_XSIPOLYCLS.boeing747_material2
f 516//277 515//278 199//279 
usemtl Polygon_XSIPOLYCLS.boeing747_material2
f 201//280 195//281 194//282 
usemtl Polygon_XSIPOLYCLS.boeing747_material2
f 202//283 203//284 204//285 
usemtl Polygon_XSIPOLYCLS.boeing747_material2
f 205//286 206//287 207//288 
usemtl Polygon_XSIPOLYCLS.boeing747_material2
f 208//289 206//290 205//291 
usemtl Polygon_XSIPOLYCLS.boeing747_material2
f 209//292 210//293 211//294 
usemtl Polygon_XSIPOLYCLS.boeing747_material2
f 200//295 518//296 517//297 
usemtl Polygon_XSIPOLYCLS.boeing747_material2
f 216//298 217//299 218//300 
usemtl boeing747_material1
f 779//301 212//302 777//303 
usemtl Polygon_XSIPOLYCLS.boeing747_material2
f 221//304 217//305 216//306 
usemtl Polygon_XSIPOLYCLS.boeing747_material2
f 624//307 259//308 215//309 
usemtl Polygon_XSIPOLYCLS.boeing747_material2
f 224//310 225//311 226//312 
usemtl Polygon_XSIPOLYCLS.boeing747_material2
f 227//313 225//314 224//315 
usemtl Polygon_XSIPOLYCLS.boeing747_material2
f 220//316 222//317 219//318 
usemtl Polygon_XSIPOLYCLS.boeing747_material2
f 223//319 222//320 220//321 
usemtl Polygon_XSIPOLYCLS.boeing747_material2
f 230//322 231//323 232//324 
usemtl Polygon_XSIPOLYCLS.boeing747_material2
f 233//325 231//326 230//327 
usemtl Polygon_XSIPOLYCLS.boeing747_material2
f 229//328 246//329 228//330 
usemtl Polygon_XSIPOLYCLS.boeing747_material2
f 247//331 246//332 229//333 
usemtl Polygon_XSIPOLYCLS.boeing747_material2
f 234//334 235//335 236//336 
usemtl boeing747_material1
f 237//337 239//338 655//339 
usemtl Polygon_XSIPOLYCLS.boeing747_material2
f 241//340 235//341 234//342 
usemtl boeing747_material1
f 242//343 244//344 508//345 
usemtl Polygon_XSIPOLYCLS.boeing747_material2
f 428//346 439//347 618//348 
usemtl boeing747_material1
f 248//349 250//350 251//351 
usemtl Polygon_XSIPOLYCLS.boeing747_material2
f 252//352 253//353 254//354 
usemtl Polygon_XSIPOLYCLS.boeing747_material2
f 255//355 256//356 257//357 
usemtl Polygon_XSIPOLYCLS.boeing747_material2
f 258//358 253//359 252//360 
usemtl boeing747_material1
f 265//361 143//362 142//363 
usemtl Polygon_XSIPOLYCLS.boeing747_material2
f 243//364 238//365 244//366 
usemtl Polygon_XSIPOLYCLS.boeing747_material2
f 260//367 261//368 262//369 
usemtl Polygon_XSIPOLYCLS.boeing747_material2
f 264//370 259//371 624//372 
usemtl Polygon_XSIPOLYCLS.boeing747_material2
f 266//373 261//374 260//375 
usemtl Polygon_XSIPOLYCLS.boeing747_material2
f 267//376 256//377 255//378 
usemtl Polygon_XSIPOLYCLS.boeing747_material2
f 268//379 269//380 270//381 
usemtl Polygon_XSIPOLYCLS.boeing747_material2
f 271//382 269//383 268//384 
usemtl Polygon_XSIPOLYCLS.boeing747_material2
f 272//385 273//386 274//387 
usemtl Polygon_XSIPOLYCLS.boeing747_material2
f 275//388 273//389 272//390 
usemtl Polygon_XSIPOLYCLS.boeing747_material2
f 276//391 277//392 278//393 
usemtl Polygon_XSIPOLYCLS.boeing747_material2
f 279//394 277//395 276//396 
usemtl Polygon_XSIPOLYCLS.boeing747_material2
f 280//397 281//398 282//399 
usemtl Polygon_XSIPOLYCLS.boeing747_material2
f 283//400 281//401 280//402 
usemtl Polygon_XSIPOLYCLS.boeing747_material2
f 284//403 285//404 286//405 
usemtl Polygon_XSIPOLYCLS.boeing747_material2
f 287//406 285//407 284//408 
usemtl Polygon_XSIPOLYCLS.boeing747_material2
f 288//409 289//410 290//411 
usemtl Polygon_XSIPOLYCLS.boeing747_material2
f 291//412 289//413 288//414 
usemtl Polygon_XSIPOLYCLS.boeing747_material2
f 292//415 293//416 294//417 
usemtl Polygon_XSIPOLYCLS.boeing747_material2
f 295//418 293//419 292//420 
usemtl Polygon_XSIPOLYCLS.boeing747_material2
f 296//421 297//422 298//423 
usemtl Polygon_XSIPOLYCLS.boeing747_material2
f 299//424 297//425 296//426 
usemtl Polygon_XSIPOLYCLS.boeing747_material2
f 300//427 301//428 302//429 
usemtl Polygon_XSIPOLYCLS.boeing747_material2
f 303//430 301//431 300//432 
usemtl Polygon_XSIPOLYCLS.boeing747_material2
f 304//433 305//434 306//435 
usemtl Polygon_XSIPOLYCLS.boeing747_material2
f 307//436 305//437 304//438 
usemtl Polygon_XSIPOLYCLS.boeing747_material2
f 308//439 309//440 310//441 
usemtl Polygon_XSIPOLYCLS.boeing747_material2
f 311//442 309//443 308//444 
usemtl Polygon_XSIPOLYCLS.boeing747_material2
f 312//445 313//446 314//447 
usemtl Polygon_XSIPOLYCLS.boeing747_material2
f 315//448 313//449 312//450 
usemtl Polygon_XSIPOLYCLS.boeing747_material2
f 316//451 317//452 318//453 
usemtl Polygon_XSIPOLYCLS.boeing747_material2
f 319//454 317//455 316//456 
usemtl Polygon_XSIPOLYCLS.boeing747_material2
f 320//457 321//458 322//459 
usemtl Polygon_XSIPOLYCLS.boeing747_material2
f 323//460 321//461 320//462 
usemtl Polygon_XSIPOLYCLS.boeing747_material2
f 324//463 325//464 326//465 
usemtl Polygon_XSIPOLYCLS.boeing747_material2
f 327//466 325//467 324//468 
usemtl Polygon_XSIPOLYCLS.boeing747_material2
f 328//469 329//470 330//471 
usemtl Polygon_XSIPOLYCLS.boeing747_material2
f 331//472 329//473 328//474 
usemtl Polygon_XSIPOLYCLS.boeing747_material2
f 332//475 333//476 334//477 
usemtl Polygon_XSIPOLYCLS.boeing747_material2
f 335//478 333//479 332//480 
usemtl Polygon_XSIPOLYCLS.boeing747_material2
f 336//481 337//482 338//483 
usemtl Polygon_XSIPOLYCLS.boeing747_material2
f 339//484 337//485 336//486 
usemtl Polygon_XSIPOLYCLS.boeing747_material2
f 340//487 341//488 342//489 
usemtl Polygon_XSIPOLYCLS.boeing747_material2
f 343//490 341//491 340//492 
usemtl Polygon_XSIPOLYCLS.boeing747_material2
f 344//493 345//494 346//495 
usemtl Polygon_XSIPOLYCLS.boeing747_material2
f 347//496 345//497 344//498 
usemtl Polygon_XSIPOLYCLS.boeing747_material2
f 348//499 349//500 350//501 
usemtl Polygon_XSIPOLYCLS.boeing747_material2
f 351//502 349//503 348//504 
usemtl Polygon_XSIPOLYCLS.boeing747_material2
f 352//505 353//506 354//507 
usemtl Polygon_XSIPOLYCLS.boeing747_material2
f 355//508 353//509 352//510 
usemtl Polygon_XSIPOLYCLS.boeing747_material2
f 356//511 357//512 358//513 
usemtl Polygon_XSIPOLYCLS.boeing747_material2
f 359//514 357//515 356//516 
usemtl Polygon_XSIPOLYCLS.boeing747_material2
f 360//517 361//518 362//519 
usemtl Polygon_XSIPOLYCLS.boeing747_material2
f 363//520 361//521 360//522 
usemtl Polygon_XSIPOLYCLS.boeing747_material2
f 364//523 365//524 366//525 
usemtl Polygon_XSIPOLYCLS.boeing747_material2
f 367//526 365//527 364//528 
usemtl Polygon_XSIPOLYCLS.boeing747_material2
f 368//529 369//530 370//531 
usemtl Polygon_XSIPOLYCLS.boeing747_material2
f 371//532 369//533 368//534 
usemtl Polygon_XSIPOLYCLS.boeing747_material2
f 372//535 373//536 374//537 
usemtl Polygon_XSIPOLYCLS.boeing747_material2
f 375//538 373//539 372//540 
usemtl Polygon_XSIPOLYCLS.boeing747_material2
f 376//541 377//542 378//543 
usemtl Polygon_XSIPOLYCLS.boeing747_material2
f 379//544 377//545 376//546 
usemtl Polygon_XSIPOLYCLS.boeing747_material2
f 380//547 381//548 382//549 
usemtl Polygon_XSIPOLYCLS.boeing747_material2
f 383//550 381//551 380//552 
usemtl Polygon_XSIPOLYCLS.boeing747_material2
f 384//553 385//554 386//555 
usemtl Polygon_XSIPOLYCLS.boeing747_material2
f 387//556 385//557 384//558 
usemtl Polygon_XSIPOLYCLS.boeing747_material2
f 388//559 389//560 390//561 
usemtl Polygon_XSIPOLYCLS.boeing747_material2
f 391//562 389//563 388//564 
usemtl Polygon_XSIPOLYCLS.boeing747_material2
f 392//565 393//566 394//567 
usemtl Polygon_XSIPOLYCLS.boeing747_material2
f 395//568 393//569 392//570 
usemtl Polygon_XSIPOLYCLS.boeing747_material2
f 396//571 397//572 398//573 
usemtl Polygon_XSIPOLYCLS.boeing747_material2
f 399//574 397//575 396//576 
usemtl Polygon_XSIPOLYCLS.boeing747_material2
f 400//577 401//578 402//579 
usemtl Polygon_XSIPOLYCLS.boeing747_material2
f 403//580 401//581 400//582 
usemtl Polygon_XSIPOLYCLS.boeing747_material2
f 404//583 405//584 406//585 
usemtl Polygon_XSIPOLYCLS.boeing747_material2
f 407//586 405//587 404//588 
usemtl Polygon_XSIPOLYCLS.boeing747_material2
f 408//589 409//590 410//591 
usemtl Polygon_XSIPOLYCLS.boeing747_material2
f 411//592 409//593 408//594 
usemtl Polygon_XSIPOLYCLS.boeing747_material2
f 412//595 413//596 414//597 
usemtl Polygon_XSIPOLYCLS.boeing747_material2
f 415//598 413//599 412//600 
usemtl Polygon_XSIPOLYCLS.boeing747_material2
f 416//601 417//602 418//603 
usemtl Polygon_XSIPOLYCLS.boeing747_material2
f 419//604 417//605 416//606 
usemtl Polygon_XSIPOLYCLS.boeing747_material2
f 420//607 421//608 422//609 
usemtl Polygon_XSIPOLYCLS.boeing747_material2
f 423//610 421//611 420//612 
usemtl Polygon_XSIPOLYCLS.boeing747_material2
f 424//613 425//614 426//615 
usemtl Polygon_XSIPOLYCLS.boeing747_material2
f 427//616 425//617 424//618 
usemtl boeing747_material1
f 667//619 778//620 214//621 
usemtl Polygon_XSIPOLYCLS.boeing747_material2
f 204//622 203//623 430//624 
usemtl boeing747_material1
f 431//625 433//626 434//627 
usemtl Polygon_XSIPOLYCLS.boeing747_material2
f 781//628 438//629 429//630 
usemtl Polygon_XSIPOLYCLS.boeing747_material2
f 435//631 436//632 437//633 
usemtl Polygon_XSIPOLYCLS.boeing747_material2
f 619//634 618//635 439//636 
usemtl Polygon_XSIPOLYCLS.boeing747_material2
f 440//637 441//638 442//639 
usemtl boeing747_material1
f 433//640 444//641 445//642 
usemtl boeing747_material1
f 664//643 214//644 779//645 
usemtl Polygon_XSIPOLYCLS.boeing747_material2
f 446//646 431//647 434//648 
usemtl Polygon_XSIPOLYCLS.boeing747_material2
f 448//649 441//650 440//651 
usemtl Polygon_XSIPOLYCLS.boeing747_material2
f 449//652 450//653 451//654 
usemtl Polygon_XSIPOLYCLS.boeing747_material2
f 452//655 450//656 449//657 
usemtl Polygon_XSIPOLYCLS.boeing747_material2
f 453//658 454//659 455//660 
usemtl Polygon_XSIPOLYCLS.boeing747_material2
f 456//661 457//662 458//663 
usemtl Polygon_XSIPOLYCLS.boeing747_material2
f 459//664 460//665 461//666 
usemtl Polygon_XSIPOLYCLS.boeing747_material2
f 462//667 457//668 456//669 
usemtl boeing747_material1
f 243//670 655//671 239//672 
usemtl Polygon_XSIPOLYCLS.boeing747_material2
f 437//673 436//674 463//675 
usemtl Polygon_XSIPOLYCLS.boeing747_material2
f 464//676 465//677 466//678 
usemtl Polygon_XSIPOLYCLS.boeing747_material2
f 467//679 468//680 469//681 
usemtl Polygon_XSIPOLYCLS.boeing747_material2
f 470//682 468//683 467//684 
usemtl Polygon_XSIPOLYCLS.boeing747_material2
f 471//685 472//686 473//687 
usemtl Polygon_XSIPOLYCLS.boeing747_material2
f 474//688 475//689 476//690 
usemtl Polygon_XSIPOLYCLS.boeing747_material2
f 477//691 171//692 479//693 
usemtl Polygon_XSIPOLYCLS.boeing747_material2
f 481//694 465//695 464//696 
usemtl boeing747_material1
f 431//697 482//698 520//699 
usemtl boeing747_material1
f 483//700 485//701 480//702 
usemtl Polygon_XSIPOLYCLS.boeing747_material2
f 473//703 472//704 486//705 
usemtl Polygon_XSIPOLYCLS.boeing747_material2
f 487//706 488//707 489//708 
usemtl Polygon_XSIPOLYCLS.boeing747_material2
f 490//709 488//710 487//711 
usemtl boeing747_material1
f 499//712 492//713 493//714 
usemtl boeing747_material1
f 485//715 478//716 480//717 
usemtl Polygon_XSIPOLYCLS.boeing747_material2
f 494//718 495//719 496//720 
usemtl Polygon_XSIPOLYCLS.boeing747_material2
f 497//721 495//722 494//723 
usemtl Polygon_XSIPOLYCLS.boeing747_material2
f 491//724 498//725 432//726 
usemtl Polygon_XSIPOLYCLS.boeing747_material2
f 500//727 501//728 502//729 
usemtl boeing747_material1
f 493//730 483//731 499//732 
usemtl Polygon_XSIPOLYCLS.boeing747_material2
f 503//733 504//734 505//735 
usemtl Polygon_XSIPOLYCLS.boeing747_material2
f 506//736 504//737 503//738 
usemtl Polygon_XSIPOLYCLS.boeing747_material2
f 507//739 240//740 245//741 
usemtl Polygon_XSIPOLYCLS.boeing747_material2
f 509//742 510//743 511//744 
usemtl Polygon_XSIPOLYCLS.boeing747_material2
f 512//745 510//746 509//747 
usemtl Polygon_XSIPOLYCLS.boeing747_material2
f 153//748 152//749 513//750 
usemtl Polygon_XSIPOLYCLS.boeing747_material2
f 514//751 515//752 516//753 
usemtl Polygon_XSIPOLYCLS.boeing747_material2
f 517//754 518//755 519//756 
usemtl Polygon_XSIPOLYCLS.boeing747_material2
f 432//757 498//758 521//759 
usemtl boeing747_material1
f 446//760 482//761 447//762 
usemtl Polygon_XSIPOLYCLS.boeing747_material2
f 522//763 523//764 524//765 
usemtl Polygon_XSIPOLYCLS.boeing747_material2
f 525//766 526//767 527//768 
usemtl boeing747_material1
f 263//769 144//770 248//771 
usemtl Polygon_XSIPOLYCLS.boeing747_material2
f 528//772 529//773 530//774 
usemtl Polygon_XSIPOLYCLS.boeing747_material2
f 531//775 526//776 525//777 
usemtl Polygon_XSIPOLYCLS.boeing747_material2
f 532//778 533//779 534//780 
usemtl Polygon_XSIPOLYCLS.boeing747_material2
f 535//781 536//782 537//783 
usemtl Polygon_XSIPOLYCLS.boeing747_material2
f 538//784 536//785 535//786 
usemtl Polygon_XSIPOLYCLS.boeing747_material2
f 539//787 540//788 541//789 
usemtl Polygon_XSIPOLYCLS.boeing747_material2
f 542//790 540//791 539//792 
usemtl Polygon_XSIPOLYCLS.boeing747_material2
f 455//793 454//794 543//795 
usemtl Polygon_XSIPOLYCLS.boeing747_material2
f 544//796 545//797 546//798 
usemtl Polygon_XSIPOLYCLS.boeing747_material2
f 547//799 548//800 549//801 
usemtl Polygon_XSIPOLYCLS.boeing747_material2
f 550//802 545//803 544//804 
usemtl Polygon_XSIPOLYCLS.boeing747_material2
f 549//805 548//806 551//807 
usemtl Polygon_XSIPOLYCLS.boeing747_material2
f 552//808 553//809 554//810 
usemtl Polygon_XSIPOLYCLS.boeing747_material2
f 554//811 553//812 555//813 
usemtl Polygon_XSIPOLYCLS.boeing747_material2
f 556//814 557//815 558//816 
usemtl Polygon_XSIPOLYCLS.boeing747_material2
f 559//817 560//818 561//819 
usemtl Polygon_XSIPOLYCLS.boeing747_material2
f 562//820 557//821 556//822 
usemtl Polygon_XSIPOLYCLS.boeing747_material2
f 561//823 560//824 563//825 
usemtl Polygon_XSIPOLYCLS.boeing747_material2
f 564//826 565//827 566//828 
usemtl Polygon_XSIPOLYCLS.boeing747_material2
f 567//829 568//830 569//831 
usemtl Polygon_XSIPOLYCLS.boeing747_material2
f 566//832 565//833 570//834 
usemtl Polygon_XSIPOLYCLS.boeing747_material2
f 571//835 572//836 573//837 
usemtl Polygon_XSIPOLYCLS.boeing747_material2
f 574//838 575//839 576//840 
usemtl Polygon_XSIPOLYCLS.boeing747_material2
f 577//841 575//842 574//843 
usemtl Polygon_XSIPOLYCLS.boeing747_material2
f 569//844 568//845 578//846 
usemtl Polygon_XSIPOLYCLS.boeing747_material2
f 579//847 580//848 581//849 
usemtl Polygon_XSIPOLYCLS.boeing747_material2
f 582//850 580//851 579//852 
usemtl Polygon_XSIPOLYCLS.boeing747_material2
f 583//853 584//854 585//855 
usemtl Polygon_XSIPOLYCLS.boeing747_material2
f 586//856 584//857 583//858 
usemtl Polygon_XSIPOLYCLS.boeing747_material2
f 587//859 588//860 589//861 
usemtl Polygon_XSIPOLYCLS.boeing747_material2
f 590//862 591//863 592//864 
usemtl Polygon_XSIPOLYCLS.boeing747_material2
f 593//865 594//866 595//867 
usemtl Polygon_XSIPOLYCLS.boeing747_material2
f 596//868 594//869 593//870 
usemtl Polygon_XSIPOLYCLS.boeing747_material2
f 573//871 572//872 597//873 
usemtl Polygon_XSIPOLYCLS.boeing747_material2
f 502//874 501//875 598//876 
usemtl Polygon_XSIPOLYCLS.boeing747_material2
f 599//877 600//878 601//879 
usemtl Polygon_XSIPOLYCLS.boeing747_material2
f 601//880 600//881 602//882 
usemtl Polygon_XSIPOLYCLS.boeing747_material2
f 603//883 604//884 605//885 
usemtl Polygon_XSIPOLYCLS.boeing747_material2
f 606//886 607//887 608//888 
usemtl Polygon_XSIPOLYCLS.boeing747_material2
f 609//889 604//890 603//891 
usemtl Polygon_XSIPOLYCLS.boeing747_material2
f 476//892 475//893 610//894 
usemtl Polygon_XSIPOLYCLS.boeing747_material2
f 592//895 591//896 611//897 
usemtl Polygon_XSIPOLYCLS.boeing747_material2
f 612//898 613//899 614//900 
usemtl Polygon_XSIPOLYCLS.boeing747_material2
f 615//901 613//902 612//903 
usemtl Polygon_XSIPOLYCLS.boeing747_material2
f 780//904 782//905 625//906 
usemtl Polygon_XSIPOLYCLS.boeing747_material2
f 616//907 210//908 209//909 
usemtl Polygon_XSIPOLYCLS.boeing747_material2
f 608//910 607//911 617//912 
usemtl boeing747_material1
f 664//913 777//914 665//915 
usemtl Polygon_XSIPOLYCLS.boeing747_material2
f 620//916 621//917 622//918 
usemtl boeing747_material1
f 665//919 778//920 666//921 
usemtl Polygon_XSIPOLYCLS.boeing747_material2
f 623//922 621//923 620//924 
usemtl Polygon_XSIPOLYCLS.boeing747_material2
f 776//925 775//926 774//927 
usemtl Polygon_XSIPOLYCLS.boeing747_material2
f 626//928 627//929 628//930 
usemtl Polygon_XSIPOLYCLS.boeing747_material2
f 629//931 630//932 631//933 
usemtl Polygon_XSIPOLYCLS.boeing747_material2
f 632//934 627//935 626//936 
usemtl Polygon_XSIPOLYCLS.boeing747_material2
f 633//937 529//938 528//939 
usemtl Polygon_XSIPOLYCLS.boeing747_material2
f 634//940 635//941 636//942 
usemtl Polygon_XSIPOLYCLS.boeing747_material2
f 636//943 635//944 637//945 
usemtl Polygon_XSIPOLYCLS.boeing747_material2
f 638//946 639//947 640//948 
usemtl Polygon_XSIPOLYCLS.boeing747_material2
f 641//949 642//950 643//951 
usemtl Polygon_XSIPOLYCLS.boeing747_material2
f 644//952 639//953 638//954 
usemtl Polygon_XSIPOLYCLS.boeing747_material2
f 643//955 642//956 645//957 
usemtl Polygon_XSIPOLYCLS.boeing747_material2
f 646//958 647//959 648//960 
usemtl Polygon_XSIPOLYCLS.boeing747_material2
f 649//961 650//962 651//963 
usemtl Polygon_XSIPOLYCLS.boeing747_material2
f 652//964 650//965 649//966 
usemtl Polygon_XSIPOLYCLS.boeing747_material2
f 648//967 647//968 653//969 
usemtl Polygon_XSIPOLYCLS.boeing747_material2
f 773//970 774//971 775//972 
usemtl Polygon_XSIPOLYCLS.boeing747_material2
f 771//973 770//974 772//975 
usemtl Polygon_XSIPOLYCLS.boeing747_material2
f 654//976 240//977 507//978 
usemtl Polygon_XSIPOLYCLS.boeing747_material2
f 769//979 770//980 771//981 
usemtl Polygon_XSIPOLYCLS.boeing747_material2
f 492//982 484//983 493//984 
usemtl Polygon_XSIPOLYCLS.boeing747_material2
f 656//985 630//986 629//987 
usemtl boeing747_material1
f 434//988 445//989 446//990 
usemtl Polygon_XSIPOLYCLS.boeing747_material2
f 657//991 588//992 587//993 
usemtl Polygon_XSIPOLYCLS.boeing747_material2
f 658//994 460//995 459//996 
usemtl Polygon_XSIPOLYCLS.boeing747_material2
f 659//997 660//998 661//999 
usemtl Polygon_XSIPOLYCLS.boeing747_material2
f 662//1000 660//1001 659//1002 
usemtl boeing747_material1
f 144//1003 249//1004 248//1005 
usemtl Polygon_XSIPOLYCLS.boeing747_material2
f 524//1006 523//1007 663//1008 
usemtl Polygon_XSIPOLYCLS.boeing747_material2
f 664//1009 666//1010 667//1011 
usemtl boeing747_material1
f 145//1012 265//1013 142//1014 
usemtl boeing747_material1
f 238//1015 508//1016 244//1017 
usemtl Polygon_XSIPOLYCLS.boeing747_material2
f 534//1018 533//1019 668//1020 
usemtl Polygon_XSIPOLYCLS.boeing747_material2
f 669//1021 670//1022 671//1023 
usemtl Polygon_XSIPOLYCLS.boeing747_material2
f 671//1024 670//1025 672//1026 
usemtl Polygon_XSIPOLYCLS.boeing747_material2
f 673//1027 674//1028 675//1029 
usemtl Polygon_XSIPOLYCLS.boeing747_material2
f 675//1030 674//1031 676//1032 
usemtl Polygon_XSIPOLYCLS.boeing747_material2
f 677//1033 678//1034 679//1035 
usemtl Polygon_XSIPOLYCLS.boeing747_material2
f 679//1036 678//1037 680//1038 
usemtl Polygon_XSIPOLYCLS.boeing747_material2
f 681//1039 682//1040 683//1041 
usemtl Polygon_XSIPOLYCLS.boeing747_material2
f 683//1042 682//1043 684//1044 
usemtl Polygon_XSIPOLYCLS.boeing747_material2
f 685//1045 686//1046 687//1047 
usemtl Polygon_XSIPOLYCLS.boeing747_material2
f 687//1048 686//1049 688//1050 
usemtl Polygon_XSIPOLYCLS.boeing747_material2
f 689//1051 690//1052 691//1053 
usemtl Polygon_XSIPOLYCLS.boeing747_material2
f 691//1054 690//1055 692//1056 
usemtl Polygon_XSIPOLYCLS.boeing747_material2
f 693//1057 694//1058 695//1059 
usemtl Polygon_XSIPOLYCLS.boeing747_material2
f 695//1060 694//1061 696//1062 
usemtl Polygon_XSIPOLYCLS.boeing747_material2
f 697//1063 698//1064 699//1065 
usemtl Polygon_XSIPOLYCLS.boeing747_material2
f 699//1066 698//1067 700//1068 
usemtl Polygon_XSIPOLYCLS.boeing747_material2
f 701//1069 702//1070 703//1071 
usemtl Polygon_XSIPOLYCLS.boeing747_material2
f 703//1072 702//1073 704//1074 
usemtl Polygon_XSIPOLYCLS.boeing747_material2
f 705//1075 706//1076 707//1077 
usemtl Polygon_XSIPOLYCLS.boeing747_material2
f 707//1078 706//1079 708//1080 
usemtl Polygon_XSIPOLYCLS.boeing747_material2
f 709//1081 710//1082 711//1083 
usemtl Polygon_XSIPOLYCLS.boeing747_material2
f 711//1084 710//1085 712//1086 
usemtl Polygon_XSIPOLYCLS.boeing747_material2
f 713//1087 714//1088 715//1089 
usemtl Polygon_XSIPOLYCLS.boeing747_material2
f 715//1090 714//1091 716//1092 
usemtl Polygon_XSIPOLYCLS.boeing747_material2
f 717//1093 718//1094 719//1095 
usemtl Polygon_XSIPOLYCLS.boeing747_material2
f 719//1096 718//1097 720//1098 
usemtl Polygon_XSIPOLYCLS.boeing747_material2
f 721//1099 722//1100 723//1101 
usemtl Polygon_XSIPOLYCLS.boeing747_material2
f 723//1102 722//1103 724//1104 
usemtl Polygon_XSIPOLYCLS.boeing747_material2
f 725//1105 726//1106 727//1107 
usemtl Polygon_XSIPOLYCLS.boeing747_material2
f 727//1108 726//1109 728//1110 
usemtl Polygon_XSIPOLYCLS.boeing747_material2
f 729//1111 730//1112 731//1113 
usemtl Polygon_XSIPOLYCLS.boeing747_material2
f 731//1114 730//1115 732//1116 
usemtl Polygon_XSIPOLYCLS.boeing747_material2
f 733//1117 734//1118 735//1119 
usemtl Polygon_XSIPOLYCLS.boeing747_material2
f 735//1120 734//1121 736//1122 
usemtl Polygon_XSIPOLYCLS.boeing747_material2
f 737//1123 738//1124 739//1125 
usemtl Polygon_XSIPOLYCLS.boeing747_material2
f 739//1126 738//1127 740//1128 
usemtl Polygon_XSIPOLYCLS.boeing747_material2
f 741//1129 742//1130 743//1131 
usemtl Polygon_XSIPOLYCLS.boeing747_material2
f 743//1132 742//1133 744//1134 
usemtl Polygon_XSIPOLYCLS.boeing747_material2
f 745//1135 746//1136 747//1137 
usemtl Polygon_XSIPOLYCLS.boeing747_material2
f 747//1138 746//1139 748//1140 
usemtl Polygon_XSIPOLYCLS.boeing747_material2
f 749//1141 750//1142 751//1143 
usemtl Polygon_XSIPOLYCLS.boeing747_material2
f 751//1144 750//1145 752//1146 
usemtl Polygon_XSIPOLYCLS.boeing747_material2
f 753//1147 754//1148 755//1149 
usemtl Polygon_XSIPOLYCLS.boeing747_material2
f 755//1150 754//1151 756//1152 
usemtl Polygon_XSIPOLYCLS.boeing747_material2
f 757//1153 758//1154 759//1155 
usemtl Polygon_XSIPOLYCLS.boeing747_material2
f 759//1156 758//1157 760//1158 
usemtl Polygon_XSIPOLYCLS.boeing747_material2
f 761//1159 762//1160 763//1161 
usemtl Polygon_XSIPOLYCLS.boeing747_material2
f 763//1162 762//1163 764//1164 
usemtl Polygon_XSIPOLYCLS.boeing747_material2
f 765//1165 766//1166 767//1167 
usemtl Polygon_XSIPOLYCLS.boeing747_material2
f 767//1168 766//1169 768//1170 
usemtl Polygon_XSIPOLYCLS.boeing747_material2
f 905//1171 910//1172 797//1173 
usemtl Polygon_XSIPOLYCLS.boeing747_material2
f 786//1174 787//1175 852//1176 
usemtl boeing747_material1
f 788//1177 787//1178 786//1179 
usemtl boeing747_material1
f 928//1180 941//1181 906//1182 
usemtl boeing747_material1
f 794//1183 791//1184 790//1185 
usemtl boeing747_material1
f 973//1186 810//1187 814//1188 
usemtl boeing747_material1
f 797//1189 824//1190 833//1191 
usemtl Polygon_XSIPOLYCLS.boeing747_material2
f 800//1192 786//1193 852//1194 
usemtl boeing747_material1
f 801//1195 786//1196 800//1197 
usemtl boeing747_material1
f 803//1198 903//1199 783//1200 
usemtl boeing747_material1
f 804//1201 790//1202 802//1203 
usemtl boeing747_material1
f 973//1204 942//1205 810//1206 
usemtl boeing747_material1
f 793//1207 834//1208 835//1209 
usemtl Polygon_XSIPOLYCLS.boeing747_material2
f 807//1210 800//1211 852//1212 
usemtl boeing747_material1
f 808//1213 800//1214 807//1215 
usemtl boeing747_material1
f 783//1216 792//1217 803//1218 
usemtl boeing747_material1
f 811//1219 802//1220 809//1221 
usemtl boeing747_material1
f 926//1222 810//1223 942//1224 
usemtl boeing747_material1
f 862//1225 906//1226 847//1227 
usemtl boeing747_material1
f 810//1228 926//1229 964//1230 
usemtl boeing747_material1
f 815//1231 814//1232 810//1233 
usemtl boeing747_material1
f 817//1234 815//1235 810//1236 
usemtl boeing747_material1
f 793//1237 819//1238 833//1239 
usemtl boeing747_material1
f 914//1240 833//1241 824//1242 
usemtl boeing747_material1
f 874//1243 834//1244 846//1245 
usemtl boeing747_material1
f 825//1246 813//1247 812//1248 
usemtl boeing747_material1
f 827//1249 812//1250 816//1251 
usemtl boeing747_material1
f 828//1252 816//1253 818//1254 
usemtl boeing747_material1
f 829//1255 818//1256 820//1257 
usemtl boeing747_material1
f 830//1258 820//1259 821//1260 
usemtl boeing747_material1
f 831//1261 821//1262 822//1263 
usemtl boeing747_material1
f 832//1264 822//1265 823//1266 
usemtl boeing747_material1
f 826//1267 823//1268 813//1269 
usemtl boeing747_material1
f 835//1270 851//1271 856//1272 
usemtl boeing747_material1
f 836//1273 856//1274 857//1275 
usemtl boeing747_material1
f 837//1276 857//1277 861//1278 
usemtl boeing747_material1
f 838//1279 861//1280 871//1281 
usemtl boeing747_material1
f 839//1282 871//1283 872//1284 
usemtl boeing747_material1
f 840//1285 872//1286 876//1287 
usemtl boeing747_material1
f 874//1288 840//1289 876//1290 
usemtl boeing747_material1
f 947//1291 955//1292 948//1293 
usemtl boeing747_material1
f 955//1294 947//1295 895//1296 
usemtl boeing747_material1
f 955//1297 895//1298 898//1299 
usemtl boeing747_material1
f 955//1300 898//1301 886//1302 
usemtl boeing747_material1
f 955//1303 886//1304 894//1305 
usemtl boeing747_material1
f 955//1306 894//1307 878//1308 
usemtl boeing747_material1
f 955//1309 878//1310 885//1311 
usemtl boeing747_material1
f 885//1312 948//1313 955//1314 
usemtl boeing747_material1
f 976//1315 899//1316 959//1317 
usemtl boeing747_material1
f 907//1318 977//1319 979//1320 
usemtl boeing747_material1
f 911//1321 979//1322 981//1323 
usemtl boeing747_material1
f 920//1324 981//1325 982//1326 
usemtl boeing747_material1
f 927//1327 982//1328 980//1329 
usemtl Polygon_XSIPOLYCLS.boeing747_material2
f 848//1330 807//1331 852//1332 
usemtl boeing747_material1
f 849//1333 807//1334 848//1335 
usemtl boeing747_material1
f 945//1336 980//1337 978//1338 
usemtl boeing747_material1
f 843//1339 809//1340 850//1341 
usemtl boeing747_material1
f 957//1342 978//1343 975//1344 
usemtl boeing747_material1
f 975//1345 959//1346 957//1347 
usemtl Polygon_XSIPOLYCLS.boeing747_material2
f 853//1348 848//1349 852//1350 
usemtl boeing747_material1
f 854//1351 848//1352 853//1353 
usemtl boeing747_material1
f 949//1354 965//1355 950//1356 
usemtl boeing747_material1
f 841//1357 850//1358 855//1359 
usemtl boeing747_material1
f 971//1360 949//1361 962//1362 
usemtl boeing747_material1
f 970//1363 962//1364 960//1365 
usemtl Polygon_XSIPOLYCLS.boeing747_material2
f 858//1366 853//1367 852//1368 
usemtl boeing747_material1
f 859//1369 853//1370 858//1371 
usemtl boeing747_material1
f 969//1372 960//1373 958//1374 
usemtl boeing747_material1
f 842//1375 855//1376 860//1377 
usemtl boeing747_material1
f 968//1378 958//1379 956//1380 
usemtl boeing747_material1
f 967//1381 956//1382 954//1383 
usemtl Polygon_XSIPOLYCLS.boeing747_material2
f 863//1384 858//1385 852//1386 
usemtl boeing747_material1
f 845//1387 858//1388 863//1389 
usemtl boeing747_material1
f 966//1390 954//1391 951//1392 
usemtl boeing747_material1
f 844//1393 860//1394 864//1395 
usemtl boeing747_material1
f 950//1396 966//1397 951//1398 
usemtl boeing747_material1
f 789//1399 863//1400 787//1401 
usemtl boeing747_material1
f 934//1402 916//1403 912//1404 
usemtl boeing747_material1
f 795//1405 864//1406 791//1407 
usemtl boeing747_material1
f 897//1408 900//1409 934//1410 
usemtl boeing747_material1
f 901//1411 916//1412 934//1413 
usemtl boeing747_material1
f 882//1414 934//1415 884//1416 
usemtl boeing747_material1
f 799//1417 847//1418 784//1419 
usemtl boeing747_material1
f 881//1420 934//1421 882//1422 
usemtl boeing747_material1
f 953//1423 817//1424 810//1425 
usemtl boeing747_material1
f 932//1426 889//1427 869//1428 
usemtl boeing747_material1
f 942//1429 861//1430 857//1431 
usemtl Polygon_XSIPOLYCLS.boeing747_material2
f 787//1432 863//1433 852//1434 
usemtl boeing747_material1
f 865//1435 867//1436 868//1437 
usemtl boeing747_material1
f 867//1438 890//1439 868//1440 
usemtl boeing747_material1
f 877//1441 867//1442 943//1443 
usemtl boeing747_material1
f 888//1444 923//1445 921//1446 
usemtl boeing747_material1
f 922//1447 917//1448 909//1449 
usemtl boeing747_material1
f 879//1450 881//1451 882//1452 
usemtl boeing747_material1
f 883//1453 882//1454 884//1455 
usemtl boeing747_material1
f 865//1456 887//1457 866//1458 
usemtl boeing747_material1
f 889//1459 891//1460 892//1461 
usemtl boeing747_material1
f 896//1462 915//1463 865//1464 
usemtl boeing747_material1
f 896//1465 868//1466 893//1467 
usemtl boeing747_material1
f 879//1468 919//1469 880//1470 
usemtl boeing747_material1
f 884//1471 934//1472 912//1473 
usemtl boeing747_material1
f 883//1474 918//1475 879//1476 
usemtl boeing747_material1
f 909//1477 919//1478 922//1479 
usemtl boeing747_material1
f 901//1480 934//1481 900//1482 
usemtl boeing747_material1
f 897//1483 934//1484 881//1485 
usemtl boeing747_material1
f 887//1486 912//1487 916//1488 
usemtl boeing747_material1
f 915//1489 884//1490 912//1491 
usemtl boeing747_material1
f 888//1492 916//1493 901//1494 
usemtl boeing747_material1
f 917//1495 901//1496 900//1497 
usemtl boeing747_material1
f 889//1498 868//1499 890//1500 
usemtl boeing747_material1
f 887//1501 921//1502 866//1503 
usemtl boeing747_material1
f 875//1504 943//1505 946//1506 
usemtl boeing747_material1
f 873//1507 946//1508 937//1509 
usemtl boeing747_material1
f 870//1510 937//1511 931//1512 
usemtl boeing747_material1
f 870//1513 932//1514 869//1515 
usemtl boeing747_material1
f 824//1516 784//1517 914//1518 
usemtl boeing747_material1
f 864//1519 859//1520 845//1521 
usemtl boeing747_material1
f 854//1522 860//1523 855//1524 
usemtl boeing747_material1
f 810//1525 964//1526 953//1527 
usemtl boeing747_material1
f 849//1528 855//1529 850//1530 
usemtl boeing747_material1
f 808//1531 850//1532 809//1533 
usemtl boeing747_material1
f 791//1534 845//1535 789//1536 
usemtl Polygon_XSIPOLYCLS.boeing747_material2
f 929//1537 930//1538 938//1539 
usemtl boeing747_material1
f 870//1540 930//1541 929//1542 
usemtl boeing747_material1
f 826//1543 844//1544 832//1545 
usemtl boeing747_material1
f 919//1546 932//1547 931//1548 
usemtl boeing747_material1
f 832//1549 795//1550 831//1551 
usemtl boeing747_material1
f 953//1552 851//1553 874//1554 
usemtl Polygon_XSIPOLYCLS.boeing747_material2
f 936//1555 929//1556 938//1557 
usemtl boeing747_material1
f 873//1558 929//1559 936//1560 
usemtl boeing747_material1
f 794//1561 831//1562 795//1563 
usemtl boeing747_material1
f 922//1564 931//1565 937//1566 
usemtl boeing747_material1
f 804//1567 830//1568 794//1569 
usemtl boeing747_material1
f 811//1570 829//1571 804//1572 
usemtl Polygon_XSIPOLYCLS.boeing747_material2
f 939//1573 936//1574 938//1575 
usemtl boeing747_material1
f 875//1576 936//1577 939//1578 
usemtl boeing747_material1
f 828//1579 843//1580 827//1581 
usemtl boeing747_material1
f 827//1582 841//1583 825//1584 
usemtl Polygon_XSIPOLYCLS.boeing747_material2
f 930//1585 892//1586 938//1587 
usemtl boeing747_material1
f 869//1588 892//1589 930//1590 
usemtl boeing747_material1
f 825//1591 842//1592 826//1593 
usemtl boeing747_material1
f 918//1594 893//1595 932//1596 
usemtl boeing747_material1
f 813//1597 823//1598 798//1599 
usemtl boeing747_material1
f 798//1600 823//1601 822//1602 
usemtl boeing747_material1
f 890//1603 940//1604 891//1605 
usemtl Polygon_XSIPOLYCLS.boeing747_material2
f 891//1606 940//1607 938//1608 
usemtl boeing747_material1
f 820//1609 818//1610 798//1611 
usemtl boeing747_material1
f 798//1612 818//1613 816//1614 
usemtl boeing747_material1
f 866//1615 943//1616 867//1617 
usemtl boeing747_material1
f 798//1618 816//1619 812//1620 
usemtl boeing747_material1
f 925//1621 944//1622 940//1623 
usemtl Polygon_XSIPOLYCLS.boeing747_material2
f 940//1624 944//1625 938//1626 
usemtl boeing747_material1
f 817//1627 874//1628 876//1629 
usemtl boeing747_material1
f 813//1630 798//1631 812//1632 
usemtl boeing747_material1
f 921//1633 946//1634 943//1635 
usemtl boeing747_material1
f 801//1636 809//1637 802//1638 
usemtl boeing747_material1
f 877//1639 939//1640 944//1641 
usemtl Polygon_XSIPOLYCLS.boeing747_material2
f 944//1642 939//1643 938//1644 
usemtl boeing747_material1
f 814//1645 872//1646 871//1647 
usemtl boeing747_material1
f 821//1648 820//1649 798//1650 
usemtl boeing747_material1
f 923//1651 937//1652 946//1653 
usemtl boeing747_material1
f 788//1654 802//1655 790//1656 
usemtl boeing747_material1
f 798//1657 822//1658 821//1659 
usemtl boeing747_material1
f 788//1660 791//1661 789//1662 
usemtl boeing747_material1
f 784//1663 840//1664 846//1665 
usemtl boeing747_material1
f 880//1666 897//1667 881//1668 
usemtl boeing747_material1
f 806//1669 862//1670 799//1671 
usemtl Polygon_XSIPOLYCLS.boeing747_material2
f 905//1672 904//1673 806//1674 
usemtl boeing747_material1
f 847//1675 839//1676 840//1677 
usemtl boeing747_material1
f 904//1678 928//1679 862//1680 
usemtl Polygon_XSIPOLYCLS.boeing747_material2
f 905//1681 935//1682 904//1683 
usemtl boeing747_material1
f 909//1684 900//1685 897//1686 
usemtl Polygon_XSIPOLYCLS.boeing747_material2
f 905//1687 806//1688 910//1689 
usemtl boeing747_material1
f 906//1690 838//1691 839//1692 
usemtl boeing747_material1
f 935//1693 903//1694 928//1695 
usemtl Polygon_XSIPOLYCLS.boeing747_material2
f 892//1696 891//1697 938//1698 
usemtl boeing747_material1
f 947//1699 949//1700 950//1701 
usemtl Polygon_XSIPOLYCLS.boeing747_material2
f 905//1702 805//1703 935//1704 
usemtl boeing747_material1
f 910//1705 799//1706 824//1707 
usemtl boeing747_material1
f 941//1708 837//1709 838//1710 
usemtl boeing747_material1
f 805//1711 783//1712 903//1713 
usemtl Polygon_XSIPOLYCLS.boeing747_material2
f 905//1714 785//1715 805//1716 
usemtl boeing747_material1
f 803//1717 836//1718 837//1719 
usemtl boeing747_material1
f 785//1720 819//1721 783//1722 
usemtl Polygon_XSIPOLYCLS.boeing747_material2
f 905//1723 796//1724 785//1725 
usemtl boeing747_material1
f 914//1726 846//1727 834//1728 
usemtl boeing747_material1
f 792//1729 835//1730 836//1731 
usemtl boeing747_material1
f 796//1732 833//1733 819//1734 
usemtl Polygon_XSIPOLYCLS.boeing747_material2
f 905//1735 797//1736 796//1737 
usemtl boeing747_material1
f 895//1738 950//1739 951//1740 
usemtl boeing747_material1
f 948//1741 962//1742 949//1743 
usemtl boeing747_material1
f 886//1744 954//1745 956//1746 
usemtl boeing747_material1
f 878//1747 958//1748 960//1749 
usemtl boeing747_material1
f 885//1750 960//1751 962//1752 
usemtl boeing747_material1
f 894//1753 956//1754 958//1755 
usemtl boeing747_material1
f 898//1756 951//1757 954//1758 
usemtl boeing747_material1
f 959//1759 965//1760 972//1761 
usemtl boeing747_material1
f 963//1762 977//1763 976//1764 
usemtl boeing747_material1
f 926//1765 857//1766 856//1767 
usemtl boeing747_material1
f 899//1768 966//1769 965//1770 
usemtl boeing747_material1
f 902//1771 979//1772 977//1773 
usemtl Polygon_XSIPOLYCLS.boeing747_material2
f 974//1774 902//1775 963//1776 
usemtl Polygon_XSIPOLYCLS.boeing747_material2
f 908//1777 902//1778 974//1779 
usemtl boeing747_material1
f 961//1780 976//1781 975//1782 
usemtl boeing747_material1
f 908//1783 981//1784 979//1785 
usemtl boeing747_material1
f 957//1786 972//1787 971//1788 
usemtl boeing747_material1
f 907//1789 967//1790 966//1791 
usemtl Polygon_XSIPOLYCLS.boeing747_material2
f 913//1792 908//1793 974//1794 
usemtl Polygon_XSIPOLYCLS.boeing747_material2
f 924//1795 913//1796 974//1797 
usemtl boeing747_material1
f 952//1798 975//1799 978//1800 
usemtl boeing747_material1
f 815//1801 876//1802 872//1803 
usemtl boeing747_material1
f 945//1804 971//1805 970//1806 
usemtl boeing747_material1
f 911//1807 968//1808 967//1809 
usemtl Polygon_XSIPOLYCLS.boeing747_material2
f 933//1810 924//1811 974//1812 
usemtl Polygon_XSIPOLYCLS.boeing747_material2
f 952//1813 933//1814 974//1815 
usemtl boeing747_material1
f 933//1816 978//1817 980//1818 
usemtl boeing747_material1
f 913//1819 982//1820 981//1821 
usemtl boeing747_material1
f 927//1822 970//1823 969//1824 
usemtl boeing747_material1
f 973//1825 871//1826 861//1827 
usemtl Polygon_XSIPOLYCLS.boeing747_material2
f 961//1828 952//1829 974//1830 
usemtl Polygon_XSIPOLYCLS.boeing747_material2
f 963//1831 961//1832 974//1833 
usemtl boeing747_material1
f 924//1834 980//1835 982//1836 
usemtl boeing747_material1
f 964//1837 856//1838 851//1839 
usemtl boeing747_material1
f 920//1840 969//1841 968//1842 
usemtl boeing747_material1
f 1171//1843 983//1844 1107//1845 
usemtl boeing747_material1
f 1157//1846 1150//1847 1155//1848 
usemtl boeing747_material1
f 1147//1849 1217//1850 1197//1851 
usemtl boeing747_material1
f 1119//1852 1135//1853 1147//1854 
usemtl boeing747_material1
f 1033//1855 1059//1856 993//1857 
usemtl boeing747_material1
f 1011//1858 1087//1859 1010//1860 
usemtl boeing747_material1
f 1185//1861 1222//1862 1197//1863 
usemtl boeing747_material1
f 1179//1864 1113//1865 1213//1866 
usemtl boeing747_material1
f 1048//1867 1035//1868 1112//1869 
usemtl boeing747_material1
f 1273//1870 1141//1871 1259//1872 
usemtl boeing747_material1
f 1257//1873 1205//1874 1271//1875 
usemtl boeing747_material1
f 987//1876 986//1877 991//1878 
usemtl boeing747_material1
f 1189//1879 1219//1880 1195//1881 
usemtl boeing747_material1
f 1257//1882 1271//1883 1142//1884 
usemtl boeing747_material1
f 1082//1885 1172//1886 1122//1887 
usemtl boeing747_material1
f 1010//1888 1086//1889 1027//1890 
usemtl boeing747_material1
f 1077//1891 1157//1892 1013//1893 
usemtl boeing747_material1
f 1006//1894 1276//1895 1058//1896 
usemtl boeing747_material1
f 996//1897 991//1898 995//1899 
usemtl boeing747_material1
f 1242//1900 1028//1901 1276//1902 
usemtl boeing747_material1
f 1072//1903 1051//1904 1122//1905 
usemtl boeing747_material1
f 1121//1906 1196//1907 1202//1908 
usemtl boeing747_material1
f 1200//1909 1183//1910 1218//1911 
usemtl boeing747_material1
f 1007//1912 1006//1913 1040//1914 
usemtl boeing747_material1
f 1134//1915 1007//1916 1170//1917 
usemtl boeing747_material1
f 1221//1918 1191//1919 1186//1920 
usemtl boeing747_material1
f 1120//1921 1095//1922 1124//1923 
usemtl boeing747_material1
f 1183//1924 1200//1925 1198//1926 
usemtl boeing747_material1
f 1161//1927 1254//1928 1036//1929 
usemtl boeing747_material1
f 1095//1930 1120//1931 1080//1932 
usemtl boeing747_material1
f 1024//1933 1023//1934 1071//1935 
usemtl boeing747_material1
f 1083//1936 1089//1937 1061//1938 
usemtl boeing747_material1
f 1023//1939 1024//1940 1018//1941 
usemtl boeing747_material1
f 1048//1942 1154//1943 1035//1944 
usemtl boeing747_material1
f 1215//1945 1011//1946 1092//1947 
usemtl boeing747_material1
f 1226//1948 1222//1949 1119//1950 
usemtl boeing747_material1
f 1041//1951 1061//1952 1045//1953 
usemtl boeing747_material1
f 1088//1954 1250//1955 1003//1956 
usemtl boeing747_material1
f 1088//1957 1039//1958 1250//1959 
usemtl boeing747_material1
f 1000//1960 1074//1961 1001//1962 
usemtl boeing747_material1
f 1175//1963 1019//1964 1279//1965 
usemtl boeing747_material1
f 999//1966 1111//1967 1000//1968 
usemtl boeing747_material1
f 1118//1969 1269//1970 1094//1971 
usemtl boeing747_material1
f 1051//1972 1072//1973 1201//1974 
usemtl boeing747_material1
f 1104//1975 1086//1976 1106//1977 
usemtl boeing747_material1
f 1113//1978 1179//1979 1210//1980 
usemtl boeing747_material1
f 1193//1981 1105//1982 1054//1983 
usemtl boeing747_material1
f 1285//1984 1283//1985 997//1986 
usemtl boeing747_material1
f 997//1987 1021//1988 1285//1989 
usemtl boeing747_material1
f 1021//1990 989//1991 1026//1992 
usemtl boeing747_material1
f 1152//1993 1056//1994 1026//1995 
usemtl boeing747_material1
f 1053//1996 1064//1997 1040//1998 
usemtl boeing747_material1
f 1053//1999 1040//2000 988//2001 
usemtl boeing747_material1
f 1187//2002 1025//2003 1250//2004 
usemtl boeing747_material1
f 1219//2005 1189//2006 1047//2007 
usemtl boeing747_material1
f 1173//2008 1187//2009 1052//2010 
usemtl boeing747_material1
f 984//2011 983//2012 1097//2013 
usemtl boeing747_material1
f 1086//2014 1104//2015 1084//2016 
usemtl boeing747_material1
f 1152//2017 1162//2018 1132//2019 
usemtl boeing747_material1
f 1103//2020 1162//2021 1084//2022 
usemtl boeing747_material1
f 1068//2023 1269//2024 1117//2025 
usemtl boeing747_material1
f 1117//2026 1092//2027 1093//2028 
usemtl boeing747_material1
f 1037//2029 1035//2030 985//2031 
usemtl boeing747_material1
f 1114//2032 1029//2033 1037//2034 
usemtl boeing747_material1
f 1172//2035 1201//2036 1149//2037 
usemtl boeing747_material1
f 1029//2038 1114//2039 1111//2040 
usemtl boeing747_material1
f 1287//2041 1251//2042 1211//2043 
usemtl boeing747_material1
f 1017//2044 1015//2045 1277//2046 
usemtl boeing747_material1
f 1087//2047 1011//2048 1282//2049 
usemtl boeing747_material1
f 1282//2050 1215//2051 1283//2052 
usemtl boeing747_material1
f 1112//2053 1029//2054 1066//2055 
usemtl boeing747_material1
f 1155//2056 1019//2057 1013//2058 
usemtl boeing747_material1
f 1148//2059 1232//2060 1272//2061 
usemtl boeing747_material1
f 1076//2062 1074//2063 1108//2064 
usemtl boeing747_material1
f 1064//2065 1093//2066 1076//2067 
usemtl boeing747_material1
f 1075//2068 1073//2069 1267//2070 
usemtl boeing747_material1
f 1027//2071 999//2072 1010//2073 
usemtl boeing747_material1
f 1001//2074 1011//2075 1000//2076 
usemtl boeing747_material1
f 1212//2077 1214//2078 1211//2079 
usemtl boeing747_material1
f 1015//2080 1002//2081 1057//2082 
usemtl boeing747_material1
f 1091//2083 1041//2084 1085//2085 
usemtl boeing747_material1
f 1069//2086 1131//2087 1129//2088 
usemtl boeing747_material1
f 989//2089 1021//2090 1118//2091 
usemtl boeing747_material1
f 1283//2092 1285//2093 1228//2094 
usemtl boeing747_material1
f 1063//2095 985//2096 1058//2097 
usemtl boeing747_material1
f 1026//2098 998//2099 1027//2100 
usemtl boeing747_material1
f 1089//2101 1083//2102 1085//2103 
usemtl boeing747_material1
f 1278//2104 1130//2105 1146//2106 
usemtl boeing747_material1
f 1153//2107 1221//2108 1199//2109 
usemtl boeing747_material1
f 1234//2110 1288//2111 1044//2112 
usemtl boeing747_material1
f 1014//2113 1167//2114 1070//2115 
usemtl boeing747_material1
f 1158//2116 1184//2117 1191//2118 
usemtl boeing747_material1
f 1288//2119 1068//2120 985//2121 
usemtl boeing747_material1
f 1028//2122 1242//2123 1164//2124 
usemtl boeing747_material1
f 1164//2125 1167//2126 1114//2127 
usemtl boeing747_material1
f 1134//2128 1170//2129 1005//2130 
usemtl boeing747_material1
f 1005//2131 1168//2132 1014//2133 
usemtl boeing747_material1
f 1278//2134 1176//2135 1216//2136 
usemtl boeing747_material1
f 996//2137 995//2138 1274//2139 
usemtl boeing747_material1
f 1106//2140 1087//2141 1123//2142 
usemtl boeing747_material1
f 1117//2143 1053//2144 1068//2145 
usemtl boeing747_material1
f 1123//2146 1282//2147 1228//2148 
usemtl boeing747_material1
f 1254//2149 1161//2150 1034//2151 
usemtl boeing747_material1
f 1159//2152 1285//2153 1232//2154 
usemtl boeing747_material1
f 1084//2155 1152//2156 1027//2157 
usemtl boeing747_material1
f 1110//2158 1102//2159 1101//2160 
usemtl boeing747_material1
f 1093//2161 1064//2162 1117//2163 
usemtl boeing747_material1
f 1274//2164 1284//2165 987//2166 
usemtl boeing747_material1
f 1215//2167 1092//2168 1281//2169 
usemtl boeing747_material1
f 1132//2170 1100//2171 1272//2172 
usemtl boeing747_material1
f 1167//2173 1168//2174 1108//2175 
usemtl boeing747_material1
f 1168//2176 1170//2177 1076//2178 
usemtl boeing747_material1
f 1037//2179 985//2180 1028//2181 
usemtl boeing747_material1
f 1196//2182 1121//2183 1151//2184 
usemtl boeing747_material1
f 1081//2185 1078//2186 1129//2187 
usemtl boeing747_material1
f 1028//2188 1164//2189 1037//2190 
usemtl boeing747_material1
f 1012//2191 998//2192 1008//2193 
usemtl boeing747_material1
f 1118//2194 997//2195 1269//2196 
usemtl boeing747_material1
f 1012//2197 1111//2198 998//2199 
usemtl boeing747_material1
f 1118//2200 1094//2201 989//2202 
usemtl boeing747_material1
f 1262//2203 1260//2204 1248//2205 
usemtl boeing747_material1
f 927//2206 969//2207 920//2208 
usemtl boeing747_material1
f 926//2209 856//2210 964//2211 
usemtl boeing747_material1
f 933//2212 980//2213 924//2214 
usemtl boeing747_material1
f 814//2215 871//2216 973//2217 
usemtl boeing747_material1
f 945//2218 970//2219 927//2220 
usemtl boeing747_material1
f 924//2221 982//2222 913//2223 
usemtl boeing747_material1
f 952//2224 978//2225 933//2226 
usemtl boeing747_material1
f 920//2227 968//2228 911//2229 
usemtl boeing747_material1
f 957//2230 971//2231 945//2232 
usemtl boeing747_material1
f 817//2233 876//2234 815//2235 
usemtl boeing747_material1
f 961//2236 975//2237 952//2238 
usemtl boeing747_material1
f 911//2239 967//2240 907//2241 
usemtl boeing747_material1
f 959//2242 972//2243 957//2244 
usemtl boeing747_material1
f 913//2245 981//2246 908//2247 
usemtl boeing747_material1
f 963//2248 976//2249 961//2250 
usemtl boeing747_material1
f 908//2251 979//2252 902//2253 
usemtl boeing747_material1
f 907//2254 966//2255 899//2256 
usemtl boeing747_material1
f 942//2257 857//2258 926//2259 
usemtl boeing747_material1
f 902//2260 977//2261 963//2262 
usemtl boeing747_material1
f 899//2263 965//2264 959//2265 
usemtl boeing747_material1
f 895//2266 951//2267 898//2268 
usemtl boeing747_material1
f 886//2269 956//2270 894//2271 
usemtl boeing747_material1
f 878//2272 960//2273 885//2274 
usemtl boeing747_material1
f 894//2275 958//2276 878//2277 
usemtl boeing747_material1
f 898//2278 954//2279 886//2280 
usemtl boeing747_material1
f 885//2281 962//2282 948//2283 
usemtl boeing747_material1
f 947//2284 950//2285 895//2286 
usemtl boeing747_material1
f 797//2287 833//2288 796//2289 
usemtl boeing747_material1
f 793//2290 835//2291 792//2292 
usemtl boeing747_material1
f 784//2293 846//2294 914//2295 
usemtl boeing747_material1
f 796//2296 819//2297 785//2298 
usemtl boeing747_material1
f 792//2299 836//2300 803//2301 
usemtl boeing747_material1
f 785//2302 783//2303 805//2304 
usemtl boeing747_material1
f 803//2305 837//2306 941//2307 
usemtl boeing747_material1
f 806//2308 799//2309 910//2310 
usemtl boeing747_material1
f 948//2311 949//2312 947//2313 
usemtl boeing747_material1
f 805//2314 903//2315 935//2316 
usemtl boeing747_material1
f 941//2317 838//2318 906//2319 
usemtl boeing747_material1
f 917//2320 900//2321 909//2322 
usemtl boeing747_material1
f 935//2323 928//2324 904//2325 
usemtl boeing747_material1
f 906//2326 839//2327 847//2328 
usemtl boeing747_material1
f 904//2329 862//2330 806//2331 
usemtl boeing747_material1
f 909//2332 897//2333 880//2334 
usemtl boeing747_material1
f 847//2335 840//2336 784//2337 
usemtl boeing747_material1
f 790//2338 791//2339 788//2340 
usemtl boeing747_material1
f 801//2341 802//2342 788//2343 
usemtl boeing747_material1
f 922//2344 937//2345 923//2346 
usemtl boeing747_material1
f 815//2347 872//2348 814//2349 
usemtl boeing747_material1
f 875//2350 939//2351 877//2352 
usemtl boeing747_material1
f 808//2353 809//2354 801//2355 
usemtl boeing747_material1
f 923//2356 946//2357 921//2358 
usemtl boeing747_material1
f 953//2359 874//2360 817//2361 
usemtl boeing747_material1
f 877//2362 944//2363 925//2364 
usemtl boeing747_material1
f 921//2365 943//2366 866//2367 
usemtl boeing747_material1
f 925//2368 940//2369 890//2370 
usemtl boeing747_material1
f 896//2371 893//2372 918//2373 
usemtl boeing747_material1
f 841//2374 842//2375 825//2376 
usemtl boeing747_material1
f 889//2377 892//2378 869//2379 
usemtl boeing747_material1
f 843//2380 841//2381 827//2382 
usemtl boeing747_material1
f 811//2383 843//2384 828//2385 
usemtl boeing747_material1
f 873//2386 936//2387 875//2388 
usemtl boeing747_material1
f 828//2389 829//2390 811//2391 
usemtl boeing747_material1
f 829//2392 830//2393 804//2394 
usemtl boeing747_material1
f 919//2395 931//2396 922//2397 
usemtl boeing747_material1
f 830//2398 831//2399 794//2400 
usemtl boeing747_material1
f 870//2401 929//2402 873//2403 
usemtl boeing747_material1
f 964//2404 851//2405 953//2406 
usemtl boeing747_material1
f 844//2407 795//2408 832//2409 
usemtl boeing747_material1
f 918//2410 932//2411 919//2412 
usemtl boeing747_material1
f 842//2413 844//2414 826//2415 
usemtl boeing747_material1
f 869//2416 930//2417 870//2418 
usemtl boeing747_material1
f 864//2419 845//2420 791//2421 
usemtl boeing747_material1
f 849//2422 850//2423 808//2424 
usemtl boeing747_material1
f 854//2425 855//2426 849//2427 
usemtl boeing747_material1
f 859//2428 860//2429 854//2430 
usemtl boeing747_material1
f 860//2431 859//2432 864//2433 
usemtl boeing747_material1
f 799//2434 784//2435 824//2436 
usemtl boeing747_material1
f 931//2437 932//2438 870//2439 
usemtl boeing747_material1
f 873//2440 937//2441 870//2442 
usemtl boeing747_material1
f 875//2443 946//2444 873//2445 
usemtl boeing747_material1
f 877//2446 943//2447 875//2448 
usemtl boeing747_material1
f 888//2449 921//2450 887//2451 
usemtl boeing747_material1
f 893//2452 868//2453 889//2454 
usemtl boeing747_material1
f 888//2455 901//2456 917//2457 
usemtl boeing747_material1
f 887//2458 916//2459 888//2460 
usemtl boeing747_material1
f 883//2461 884//2462 915//2463 
usemtl boeing747_material1
f 915//2464 912//2465 887//2466 
usemtl boeing747_material1
f 880//2467 919//2468 909//2469 
usemtl boeing747_material1
f 896//2470 918//2471 883//2472 
usemtl boeing747_material1
f 918//2473 919//2474 879//2475 
usemtl boeing747_material1
f 865//2476 868//2477 896//2478 
usemtl boeing747_material1
f 883//2479 915//2480 896//2481 
usemtl boeing747_material1
f 890//2482 891//2483 889//2484 
usemtl boeing747_material1
f 915//2485 887//2486 865//2487 
usemtl boeing747_material1
f 879//2488 882//2489 883//2490 
usemtl boeing747_material1
f 880//2491 881//2492 879//2493 
usemtl boeing747_material1
f 923//2494 917//2495 922//2496 
usemtl boeing747_material1
f 917//2497 923//2498 888//2499 
usemtl boeing747_material1
f 925//2500 867//2501 877//2502 
usemtl boeing747_material1
f 925//2503 890//2504 867//2505 
usemtl boeing747_material1
f 866//2506 867//2507 865//2508 
usemtl boeing747_material1
f 973//2509 861//2510 942//2511 
usemtl boeing747_material1
f 893//2512 889//2513 932//2514 
usemtl boeing747_material1
f 862//2515 847//2516 799//2517 
usemtl boeing747_material1
f 844//2518 864//2519 795//2520 
usemtl boeing747_material1
f 845//2521 863//2522 789//2523 
usemtl boeing747_material1
f 965//2524 966//2525 950//2526 
usemtl boeing747_material1
f 842//2527 860//2528 844//2529 
usemtl boeing747_material1
f 967//2530 954//2531 966//2532 
usemtl boeing747_material1
f 859//2533 858//2534 845//2535 
usemtl boeing747_material1
f 968//2536 956//2537 967//2538 
usemtl boeing747_material1
f 969//2539 958//2540 968//2541 
usemtl boeing747_material1
f 841//2542 855//2543 842//2544 
usemtl boeing747_material1
f 970//2545 960//2546 969//2547 
usemtl boeing747_material1
f 854//2548 853//2549 859//2550 
usemtl boeing747_material1
f 971//2551 962//2552 970//2553 
usemtl boeing747_material1
f 972//2554 949//2555 971//2556 
usemtl boeing747_material1
f 843//2557 850//2558 841//2559 
usemtl boeing747_material1
f 972//2560 965//2561 949//2562 
usemtl boeing747_material1
f 849//2563 848//2564 854//2565 
usemtl boeing747_material1
f 976//2566 959//2567 975//2568 
usemtl boeing747_material1
f 945//2569 978//2570 957//2571 
usemtl boeing747_material1
f 811//2572 809//2573 843//2574 
usemtl boeing747_material1
f 927//2575 980//2576 945//2577 
usemtl boeing747_material1
f 808//2578 807//2579 849//2580 
usemtl boeing747_material1
f 920//2581 982//2582 927//2583 
usemtl boeing747_material1
f 911//2584 981//2585 920//2586 
usemtl boeing747_material1
f 907//2587 979//2588 911//2589 
usemtl boeing747_material1
f 899//2590 977//2591 907//2592 
usemtl boeing747_material1
f 977//2593 899//2594 976//2595 
usemtl boeing747_material1
f 846//2596 840//2597 874//2598 
usemtl boeing747_material1
f 839//2599 872//2600 840//2601 
usemtl boeing747_material1
f 838//2602 871//2603 839//2604 
usemtl boeing747_material1
f 837//2605 861//2606 838//2607 
usemtl boeing747_material1
f 836//2608 857//2609 837//2610 
usemtl boeing747_material1
f 835//2611 856//2612 836//2613 
usemtl boeing747_material1
f 834//2614 851//2615 835//2616 
usemtl boeing747_material1
f 832//2617 823//2618 826//2619 
usemtl boeing747_material1
f 831//2620 822//2621 832//2622 
usemtl boeing747_material1
f 830//2623 821//2624 831//2625 
usemtl boeing747_material1
f 829//2626 820//2627 830//2628 
usemtl boeing747_material1
f 828//2629 818//2630 829//2631 
usemtl boeing747_material1
f 827//2632 816//2633 828//2634 
usemtl boeing747_material1
f 825//2635 812//2636 827//2637 
usemtl boeing747_material1
f 826//2638 813//2639 825//2640 
usemtl boeing747_material1
f 851//2641 834//2642 874//2643 
usemtl boeing747_material1
f 793//2644 833//2645 914//2646 
usemtl boeing747_material1
f 792//2647 819//2648 793//2649 
usemtl boeing747_material1
f 928//2650 906//2651 862//2652 
usemtl boeing747_material1
f 804//2653 802//2654 811//2655 
usemtl boeing747_material1
f 819//2656 792//2657 783//2658 
usemtl boeing747_material1
f 801//2659 800//2660 808//2661 
usemtl boeing747_material1
f 914//2662 834//2663 793//2664 
usemtl boeing747_material1
f 794//2665 790//2666 804//2667 
usemtl boeing747_material1
f 941//2668 903//2669 803//2670 
usemtl boeing747_material1
f 788//2671 786//2672 801//2673 
usemtl boeing747_material1
f 910//2674 824//2675 797//2676 
usemtl boeing747_material1
f 795//2677 791//2678 794//2679 
usemtl boeing747_material1
f 903//2680 941//2681 928//2682 
usemtl boeing747_material1
f 789//2683 787//2684 788//2685 
usemtl boeing747_material1
f 237//2686 508//2687 238//2688 
usemtl boeing747_material1
f 263//2689 265//2690 145//2691 
usemtl Polygon_XSIPOLYCLS.boeing747_material2
f 665//2692 666//2693 664//2694 
usemtl boeing747_material1
f 143//2695 249//2696 144//2697 
usemtl boeing747_material1
f 433//2698 445//2699 434//2700 
usemtl Polygon_XSIPOLYCLS.boeing747_material2
f 485//2701 484//2702 492//2703 
usemtl boeing747_material1
f 777//2704 778//2705 665//2706 
usemtl boeing747_material1
f 779//2707 777//2708 664//2709 
usemtl Polygon_XSIPOLYCLS.boeing747_material2
f 781//2710 782//2711 780//2712 
usemtl boeing747_material1
f 145//2713 144//2714 263//2715 
usemtl boeing747_material1
f 445//2716 482//2717 446//2718 
usemtl boeing747_material1
f 484//2719 483//2720 493//2721 
usemtl boeing747_material1
f 492//2722 478//2723 485//2724 
usemtl boeing747_material1
f 478//2725 492//2726 499//2727 
usemtl boeing747_material1
f 484//2728 485//2729 483//2730 
usemtl boeing747_material1
f 447//2731 482//2732 431//2733 
usemtl boeing747_material1
f 242//2734 655//2735 243//2736 
usemtl boeing747_material1
f 1065//2737 1244//2738 1245//2739 
usemtl boeing747_material1
f 1031//2740 1237//2741 1238//2742 
usemtl boeing747_material1
f 1238//2743 1239//2744 1240//2745 
usemtl boeing747_material1
f 1241//2746 1237//2747 1031//2748 
usemtl boeing747_material1
f 1237//2749 1241//2750 1239//2751 
usemtl boeing747_material1
f 1248//2752 1260//2753 1263//2754 
usemtl boeing747_material1
f 1032//2755 1034//2756 1036//2757 
usemtl boeing747_material1
f 992//2758 1065//2759 1049//2760 
usemtl boeing747_material1
f 1151//2761 1180//2762 1202//2763 
usemtl boeing747_material1
f 1265//2764 1266//2765 1188//2766 
usemtl boeing747_material1
f 1264//2767 1258//2768 1260//2769 
usemtl boeing747_material1
f 1244//2770 992//2771 1049//2772 
usemtl boeing747_material1
f 1245//2773 1049//2774 1065//2775 
usemtl boeing747_material1
f 1203//2776 1256//2777 1252//2778 
usemtl boeing747_material1
f 1246//2779 1262//2780 1248//2781 
usemtl boeing747_material1
f 1252//2782 1194//2783 1203//2784 
usemtl boeing747_material1
f 1188//2785 1255//2786 1265//2787 
usemtl boeing747_material1
f 1194//2788 1266//2789 1265//2790 
usemtl boeing747_material1
f 1248//2791 1264//2792 1260//2793 1247//2794 
usemtl boeing747_material1
f 1230//2795 1229//2796 1235//2797 
usemtl boeing747_material1
f 1263//2798 1260//2799 1258//2800 
usemtl boeing747_material1
f 1233//2801 1236//2802 1235//2803 
usemtl boeing747_material1
f 1256//2804 1255//2805 1252//2806 
usemtl boeing747_material1
f 1224//2807 1227//2808 1225//2809 
usemtl boeing747_material1
f 1248//2810 1247//2811 1246//2812 
usemtl boeing747_material1
f 1245//2813 1244//2814 1243//2815 
usemtl boeing747_material1
f 1239//2816 1241//2817 1240//2818 
usemtl boeing747_material1
f 1239//2819 1238//2820 1237//2821 
usemtl boeing747_material1
f 1275//2822 1268//2823 1204//2824 
usemtl boeing747_material1
f 1178//2825 1139//2826 1207//2827 
usemtl boeing747_material1
f 989//2828 1094//2829 1008//2830 
usemtl boeing747_material1
f 998//2831 1111//2832 999//2833 
usemtl boeing747_material1
f 1269//2834 997//2835 1281//2836 
usemtl boeing747_material1
f 1008//2837 998//2838 989//2839 
usemtl boeing747_material1
f 1037//2840 1164//2841 1114//2842 
usemtl boeing747_material1
f 1129//2843 1078//2844 1069//2845 
usemtl boeing747_material1
f 1180//2846 1121//2847 1156//2848 
usemtl boeing747_material1
f 1143//2849 1144//2850 1223//2851 
usemtl boeing747_material1
f 1128//2852 1152//2853 1132//2854 
usemtl boeing747_material1
f 1151//2855 1121//2856 1180//2857 
usemtl boeing747_material1
f 1028//2858 985//2859 1063//2860 
usemtl boeing747_material1
f 1076//2861 1170//2862 1064//2863 
usemtl boeing747_material1
f 1169//2864 1165//2865 1163//2866 
usemtl boeing747_material1
f 1174//2867 1146//2868 1137//2869 
usemtl boeing747_material1
f 1108//2870 1168//2871 1076//2872 
usemtl boeing747_material1
f 1272//2873 1100//2874 1148//2875 
usemtl boeing747_material1
f 1281//2876 1092//2877 1269//2878 
usemtl Polygon_XSIPOLYCLS.boeing747_material2
f 1100//2879 1090//2880 1148//2881 
usemtl boeing747_material1
f 987//2882 1284//2883 986//2884 
usemtl boeing747_material1
f 1163//2885 1165//2886 1166//2887 
usemtl boeing747_material1
f 1117//2888 1064//2889 1053//2890 
usemtl boeing747_material1
f 1101//2891 1102//2892 1099//2893 
usemtl boeing747_material1
f 1027//2894 1152//2895 1026//2896 
usemtl boeing747_material1
f 1232//2897 1285//2898 1270//2899 
usemtl boeing747_material1
f 1034//2900 1161//2901 1036//2902 
usemtl boeing747_material1
f 1178//2903 1204//2904 1268//2905 
usemtl boeing747_material1
f 1228//2906 1282//2907 1283//2908 
usemtl boeing747_material1
f 1068//2909 1053//2910 988//2911 
usemtl boeing747_material1
f 1123//2912 1087//2913 1282//2914 
usemtl Polygon_XSIPOLYCLS.boeing747_material2
f 1103//2915 1090//2916 1162//2917 
usemtl boeing747_material1
f 1274//2918 995//2919 1284//2920 
usemtl boeing747_material1
f 1216//2921 1176//2922 1137//2923 
usemtl boeing747_material1
f 1014//2924 1168//2925 1167//2926 
usemtl boeing747_material1
f 1288//2927 1234//2928 1068//2929 
usemtl boeing747_material1
f 1116//2930 1278//2931 1216//2932 
usemtl boeing747_material1
f 1005//2933 1170//2934 1168//2935 
usemtl boeing747_material1
f 1114//2936 1167//2937 1108//2938 
usemtl boeing747_material1
f 994//2939 1126//2940 1160//2941 
usemtl boeing747_material1
f 1209//2942 1160//2943 1016//2944 
usemtl boeing747_material1
f 1164//2945 1242//2946 1070//2947 
usemtl boeing747_material1
f 985//2948 1068//2949 988//2950 
usemtl boeing747_material1
f 1191//2951 1184//2952 1192//2953 
usemtl boeing747_material1
f 1070//2954 1167//2955 1164//2956 
usemtl boeing747_material1
f 1044//2957 1288//2958 1154//2959 
usemtl boeing747_material1
f 1242//2960 1096//2961 1070//2962 
usemtl boeing747_material1
f 1134//2963 1005//2964 1096//2965 
usemtl boeing747_material1
f 1005//2966 1014//2967 1096//2968 
usemtl boeing747_material1
f 1014//2969 1070//2970 1096//2971 
usemtl boeing747_material1
f 1199//2972 1221//2973 1186//2974 
usemtl boeing747_material1
f 1146//2975 1130//2976 1137//2977 
usemtl boeing747_material1
f 1085//2978 1083//2979 1091//2980 
usemtl boeing747_material1
f 1027//2981 998//2982 999//2983 
usemtl boeing747_material1
f 1016//2984 1160//2985 1126//2986 
usemtl boeing747_material1
f 1058//2987 985//2988 988//2989 
usemtl boeing747_material1
f 1254//2990 1034//2991 1261//2992 
usemtl boeing747_material1
f 1043//2993 1046//2994 1177//2995 
usemtl boeing747_material1
f 1270//2996 1285//2997 1009//2998 
usemtl boeing747_material1
f 1228//2999 1285//3000 1159//3001 
usemtl boeing747_material1
f 1118//3002 1021//3003 997//3004 
usemtl boeing747_material1
f 1129//3005 1131//3006 1133//3007 
usemtl boeing747_material1
f 1085//3008 1041//3009 1045//3010 
usemtl boeing747_material1
f 1057//3011 1002//3012 1004//3013 
usemtl boeing747_material1
f 1211//3014 1214//3015 1182//3016 
usemtl boeing747_material1
f 1275//3017 1207//3018 1139//3019 
usemtl Polygon_XSIPOLYCLS.boeing747_material2
f 1100//3020 1162//3021 1090//3022 
usemtl Polygon_XSIPOLYCLS.boeing747_material2
f 1090//3023 1106//3024 1123//3025 
usemtl boeing747_material1
f 1000//3026 1011//3027 1010//3028 
usemtl boeing747_material1
f 1010//3029 999//3030 1000//3031 
usemtl boeing747_material1
f 1267//3032 1073//3033 1190//3034 
usemtl boeing747_material1
f 1076//3035 1093//3036 1074//3037 
usemtl boeing747_material1
f 1108//3038 1074//3039 1111//3040 
usemtl boeing747_material1
f 1241//3041 1031//3042 1238//3043 
usemtl boeing747_material1
f 1272//3044 1232//3045 1270//3046 
usemtl Polygon_XSIPOLYCLS.boeing747_material2
f 1090//3047 1123//3048 1228//3049 
usemtl boeing747_material1
f 1096//3050 1276//3051 1006//3052 
usemtl boeing747_material1
f 1013//3053 1019//3054 1136//3055 
usemtl Polygon_XSIPOLYCLS.boeing747_material2
f 1090//3056 1159//3057 1232//3058 
usemtl boeing747_material1
f 1066//3059 1029//3060 1050//3061 
usemtl boeing747_material1
f 1275//3062 1204//3063 1206//3064 
usemtl boeing747_material1
f 1283//3065 1215//3066 1281//3067 
usemtl boeing747_material1
f 1282//3068 1011//3069 1215//3070 
usemtl boeing747_material1
f 1277//3071 1015//3072 1057//3073 
usemtl boeing747_material1
f 1096//3074 1006//3075 1007//3076 
usemtl boeing747_material1
f 1096//3077 1007//3078 1134//3079 
usemtl boeing747_material1
f 1211//3080 1251//3081 1212//3082 
usemtl boeing747_material1
f 1145//3083 1139//3084 1178//3085 
usemtl boeing747_material1
f 1111//3086 1114//3087 1108//3088 
usemtl boeing747_material1
f 1137//3089 1176//3090 1174//3091 
usemtl boeing747_material1
f 1149//3092 1201//3093 1220//3094 
usemtl boeing747_material1
f 1037//3095 1029//3096 1035//3097 
usemtl boeing747_material1
f 985//3098 1035//3099 1288//3100 
usemtl boeing747_material1
f 1093//3101 1092//3102 1001//3103 
usemtl boeing747_material1
f 1117//3104 1269//3105 1092//3106 
usemtl boeing747_material1
f 1178//3107 1268//3108 1145//3109 
usemtl boeing747_material1
f 1032//3110 1254//3111 1261//3112 
usemtl boeing747_material1
f 1084//3113 1162//3114 1152//3115 
usemtl boeing747_material1
f 1049//3116 1245//3117 1243//3118 
usemtl boeing747_material1
f 1132//3119 1162//3120 1100//3121 
usemtl boeing747_material1
f 1084//3122 1104//3123 1103//3124 
usemtl boeing747_material1
f 1029//3125 1111//3126 1050//3127 
usemtl boeing747_material1
f 1097//3128 983//3129 1181//3130 
usemtl boeing747_material1
f 1052//3131 1187//3132 1250//3133 
usemtl boeing747_material1
f 1012//3134 1050//3135 1111//3136 
usemtl boeing747_material1
f 1229//3137 1231//3138 1236//3139 
usemtl boeing747_material1
f 1047//3140 1189//3141 1218//3142 
usemtl boeing747_material1
f 1250//3143 1025//3144 1030//3145 
usemtl boeing747_material1
f 988//3146 1040//3147 1058//3148 
usemtl boeing747_material1
f 1040//3149 1064//3150 1170//3151 
usemtl boeing747_material1
f 1026//3152 1056//3153 1021//3154 
usemtl Polygon_XSIPOLYCLS.boeing747_material2
f 1148//3155 1090//3156 1232//3157 
usemtl boeing747_material1
f 1276//3158 1096//3159 1242//3160 
usemtl boeing747_material1
f 1026//3161 989//3162 998//3163 
usemtl boeing747_material1
f 1285//3164 1021//3165 1060//3166 
usemtl boeing747_material1
f 997//3167 1283//3168 1281//3169 
usemtl boeing747_material1
f 1054//3170 1105//3171 1098//3172 
usemtl boeing747_material1
f 1210//3173 1179//3174 1208//3175 
usemtl boeing747_material1
f 1106//3176 1086//3177 1087//3178 
usemtl Polygon_XSIPOLYCLS.boeing747_material2
f 1159//3179 1090//3180 1228//3181 
usemtl boeing747_material1
f 1201//3182 1072//3183 1220//3184 
usemtl boeing747_material1
f 1094//3185 1269//3186 1068//3187 
usemtl boeing747_material1
f 1000//3188 1111//3189 1074//3190 
usemtl boeing747_material1
f 1279//3191 1019//3192 1155//3193 
usemtl boeing747_material1
f 1001//3194 1074//3195 1093//3196 
usemtl boeing747_material1
f 1244//3197 1065//3198 992//3199 
usemtl boeing747_material1
f 1285//3200 1060//3201 1009//3202 
usemtl boeing747_material1
f 1127//3203 1125//3204 1286//3205 
usemtl boeing747_material1
f 1127//3206 1280//3207 1042//3208 
usemtl boeing747_material1
f 1144//3209 1143//3210 1225//3211 
usemtl boeing747_material1
f 1055//3212 1056//3213 1128//3214 
usemtl boeing747_material1
f 1250//3215 1039//3216 1052//3217 
usemtl boeing747_material1
f 1003//3218 1250//3219 1030//3220 
usemtl Polygon_XSIPOLYCLS.boeing747_material2
f 1103//3221 1104//3222 1090//3223 
usemtl boeing747_material1
f 1038//3224 1009//3225 1060//3226 
usemtl boeing747_material1
f 1045//3227 1061//3228 1067//3229 
usemtl boeing747_material1
f 1119//3230 1222//3231 1135//3232 
usemtl boeing747_material1
f 1152//3233 1128//3234 1056//3235 
usemtl boeing747_material1
f 1092//3236 1011//3237 1001//3238 
usemtl boeing747_material1
f 1060//3239 1021//3240 1056//3241 
usemtl boeing747_material1
f 1035//3242 1154//3243 1288//3244 
usemtl boeing747_material1
f 1018//3245 1024//3246 1071//3247 
usemtl boeing747_material1
f 1061//3248 1089//3249 1067//3250 
usemtl boeing747_material1
f 1020//3251 1023//3252 1018//3253 
usemtl boeing747_material1
f 1020//3254 1079//3255 1023//3256 
usemtl boeing747_material1
f 1071//3257 1079//3258 1018//3259 
usemtl boeing747_material1
f 1071//3260 1023//3261 1079//3262 
usemtl boeing747_material1
f 1080//3263 1120//3264 1124//3265 
usemtl boeing747_material1
f 1036//3266 1254//3267 1032//3268 
usemtl boeing747_material1
f 1198//3269 1200//3270 1195//3271 
usemtl boeing747_material1
f 1140//3272 1095//3273 1080//3274 
usemtl boeing747_material1
f 1124//3275 1095//3276 1138//3277 
usemtl Polygon_XSIPOLYCLS.boeing747_material2
f 1104//3278 1106//3279 1090//3280 
usemtl boeing747_material1
f 1140//3281 1138//3282 1095//3283 
usemtl boeing747_material1
f 1224//3284 1225//3285 1143//3286 
usemtl boeing747_material1
f 1186//3287 1191//3288 1192//3289 
usemtl boeing747_material1
f 1223//3290 1144//3291 1227//3292 
usemtl boeing747_material1
f 1170//3293 1007//3294 1040//3295 
usemtl boeing747_material1
f 1042//3296 1125//3297 1127//3298 
usemtl boeing747_material1
f 1040//3299 1006//3300 1058//3301 
usemtl boeing747_material1
f 1218//3302 1183//3303 1047//3304 
usemtl boeing747_material1
f 1225//3305 1227//3306 1144//3307 
usemtl boeing747_material1
f 1229//3308 1230//3309 1231//3310 
usemtl boeing747_material1
f 1233//3311 1235//3312 1229//3313 
usemtl boeing747_material1
f 1143//3314 1223//3315 1227//3316 
usemtl boeing747_material1
f 1121//3317 1202//3318 1156//3319 
usemtl boeing747_material1
f 1231//3320 1230//3321 1236//3322 
usemtl boeing747_material1
f 1202//3323 1196//3324 1151//3325 
usemtl boeing747_material1
f 1122//3326 1051//3327 1082//3328 
usemtl boeing747_material1
f 1276//3329 1028//3330 1063//3331 
usemtl boeing747_material1
f 1115//3332 1249//3333 1177//3334 
usemtl boeing747_material1
f 1177//3335 1046//3336 1115//3337 
usemtl boeing747_material1
f 1235//3338 1236//3339 1230//3340 
usemtl boeing747_material1
f 1206//3341 1207//3342 1275//3343 
usemtl boeing747_material1
f 995//3344 991//3345 990//3346 
usemtl boeing747_material1
f 1058//3347 1276//3348 1063//3349 
usemtl boeing747_material1
f 1138//3350 1080//3351 1124//3352 
usemtl boeing747_material1
f 1278//3353 1116//3354 1130//3355 
usemtl boeing747_material1
f 1013//3356 1157//3357 1155//3358 
usemtl boeing747_material1
f 1027//3359 1086//3360 1084//3361 
usemtl boeing747_material1
f 1122//3362 1172//3363 1149//3364 
usemtl boeing747_material1
f 1266//3365 1194//3366 1252//3367 
usemtl boeing747_material1
f 1255//3368 1256//3369 1265//3370 
usemtl boeing747_material1
f 1142//3371 1271//3372 1259//3373 
usemtl boeing747_material1
f 1195//3374 1219//3375 1198//3376 
usemtl boeing747_material1
f 991//3377 986//3378 990//3379 
usemtl boeing747_material1
f 1043//3380 1062//3381 1046//3382 
usemtl boeing747_material1
f 1249//3383 1115//3384 1062//3385 
usemtl boeing747_material1
f 1271//3386 1205//3387 1253//3388 
usemtl boeing747_material1
f 1046//3389 1062//3390 1115//3391 
usemtl boeing747_material1
f 1259//3392 1141//3393 1142//3394 
usemtl boeing747_material1
f 1112//3395 1035//3396 1029//3397 
usemtl boeing747_material1
f 1213//3398 1113//3399 1109//3400 
usemtl boeing747_material1
f 1094//3401 1068//3402 1234//3403 
usemtl boeing747_material1
f 1197//3404 1222//3405 1226//3406 
usemtl boeing747_material1
f 1010//3407 1087//3408 1086//3409 
usemtl boeing747_material1
f 993//3410 1059//3411 1022//3412 
usemtl boeing747_material1
f 1147//3413 1135//3414 1217//3415 
usemtl boeing747_material1
f 1197//3416 1217//3417 1185//3418 
usemtl boeing747_material1
f 1155//3419 1150//3420 1279//3421 
usemtl boeing747_material1
f 1107//3422 983//3423 984//3424 
usemtl Polygon_XSIPOLYCLS.boeing747_material2
f 116//3425 117//3426 115//3427 
usemtl Polygon_XSIPOLYCLS.boeing747_material2
f 148//3428 147//3429 149//3430 
usemtl Polygon_XSIPOLYCLS.boeing747_material2
f 125//3431 118//3432 124//3433 
usemtl Polygon_XSIPOLYCLS.boeing747_material2
f 159//3434 158//3435 160//3436 
usemtl Polygon_XSIPOLYCLS.boeing747_material2
f 149//3437 138//3438 137//3439 
usemtl Polygon_XSIPOLYCLS.boeing747_material2
f 120//3440 119//3441 135//3442 
usemtl Polygon_XSIPOLYCLS.boeing747_material2
f 143//3443 144//3444 142//3445 
usemtl Polygon_XSIPOLYCLS.boeing747_material2
f 113//3446 161//3447 135//3448 
usemtl Polygon_XSIPOLYCLS.boeing747_material2
f 167//3449 168//3450 166//3451 
usemtl boeing747_material1
f 213//3452 212//3453 779//3454 
usemtl boeing747_material1
f 238//3455 239//3456 237//3457 
usemtl boeing747_material1
f 243//3458 244//3459 242//3460 
usemtl boeing747_material1
f 249//3461 250//3462 248//3463 
usemtl boeing747_material1
f 249//3464 143//3465 265//3466 
usemtl Polygon_XSIPOLYCLS.boeing747_material2
f 239//3467 238//3468 243//3469 
usemtl boeing747_material1
f 666//3470 778//3471 667//3472 
usemtl boeing747_material1
f 520//3473 433//3474 431//3475 
usemtl Polygon_XSIPOLYCLS.boeing747_material2
f 780//3476 438//3477 781//3478 
usemtl boeing747_material1
f 443//3479 444//3480 433//3481 
usemtl boeing747_material1
f 667//3482 214//3483 664//3484 
usemtl Polygon_XSIPOLYCLS.boeing747_material2
f 447//3485 431//3486 446//3487 
usemtl Polygon_XSIPOLYCLS.boeing747_material2
f 1289//3488 1290//3489 1291//3490 
usemtl Polygon_XSIPOLYCLS.boeing747_material2
f 1291//3491 1292//3492 1293//3493 
usemtl Polygon_XSIPOLYCLS.boeing747_material2
f 1294//3494 1295//3495 1296//3496 
usemtl Polygon_XSIPOLYCLS.boeing747_material2
f 1297//3497 1296//3498 1298//3499 
usemtl Polygon_XSIPOLYCLS.boeing747_material2
f 1299//3500 1296//3501 1297//3502 
usemtl Polygon_XSIPOLYCLS.boeing747_material2
f 1300//3503 1297//3504 1298//3505 
usemtl Polygon_XSIPOLYCLS.boeing747_material2
f 1301//3506 1297//3507 1300//3508 
usemtl Polygon_XSIPOLYCLS.boeing747_material2
f 1302//3509 1300//3510 1298//3511 
usemtl Polygon_XSIPOLYCLS.boeing747_material2
f 1303//3512 1300//3513 1302//3514 
usemtl Polygon_XSIPOLYCLS.boeing747_material2
f 1304//3515 1302//3516 1298//3517 
usemtl Polygon_XSIPOLYCLS.boeing747_material2
f 1305//3518 1302//3519 1304//3520 
usemtl Polygon_XSIPOLYCLS.boeing747_material2
f 1306//3521 1304//3522 1298//3523 
usemtl Polygon_XSIPOLYCLS.boeing747_material2
f 1307//3524 1304//3525 1306//3526 
usemtl Polygon_XSIPOLYCLS.boeing747_material2
f 1308//3527 1306//3528 1298//3529 
usemtl Polygon_XSIPOLYCLS.boeing747_material2
f 1309//3530 1306//3531 1308//3532 
usemtl Polygon_XSIPOLYCLS.boeing747_material2
f 1310//3533 1308//3534 1298//3535 
usemtl Polygon_XSIPOLYCLS.boeing747_material2
f 1311//3536 1308//3537 1310//3538 
usemtl Polygon_XSIPOLYCLS.boeing747_material2
f 1312//3539 1310//3540 1298//3541 
usemtl Polygon_XSIPOLYCLS.boeing747_material2
f 1313//3542 1310//3543 1312//3544 
usemtl Polygon_XSIPOLYCLS.boeing747_material2
f 1314//3545 1315//3546 1316//3547 
usemtl Polygon_XSIPOLYCLS.boeing747_material2
f 1317//3548 1315//3549 1314//3550 
usemtl Polygon_XSIPOLYCLS.boeing747_material2
f 1318//3551 1314//3552 1316//3553 
usemtl Polygon_XSIPOLYCLS.boeing747_material2
f 1319//3554 1314//3555 1318//3556 
usemtl Polygon_XSIPOLYCLS.boeing747_material2
f 1320//3557 1321//3558 1322//3559 
usemtl Polygon_XSIPOLYCLS.boeing747_material2
f 1323//3560 1318//3561 1316//3562 
usemtl Polygon_XSIPOLYCLS.boeing747_material2
f 1324//3563 1318//3564 1323//3565 
usemtl Polygon_XSIPOLYCLS.boeing747_material2
f 1325//3566 1323//3567 1316//3568 
usemtl Polygon_XSIPOLYCLS.boeing747_material2
f 1326//3569 1323//3570 1325//3571 
usemtl Polygon_XSIPOLYCLS.boeing747_material2
f 1327//3572 1325//3573 1316//3574 
usemtl Polygon_XSIPOLYCLS.boeing747_material2
f 1328//3575 1325//3576 1327//3577 
usemtl Polygon_XSIPOLYCLS.boeing747_material2
f 1329//3578 1327//3579 1316//3580 
usemtl Polygon_XSIPOLYCLS.boeing747_material2
f 1330//3581 1327//3582 1329//3583 
usemtl Polygon_XSIPOLYCLS.boeing747_material2
f 1331//3584 1320//3585 1332//3586 
usemtl Polygon_XSIPOLYCLS.boeing747_material2
f 1333//3587 1329//3588 1316//3589 
usemtl Polygon_XSIPOLYCLS.boeing747_material2
f 1334//3590 1329//3591 1333//3592 
usemtl Polygon_XSIPOLYCLS.boeing747_material2
f 1332//3593 1322//3594 1335//3595 
usemtl Polygon_XSIPOLYCLS.boeing747_material2
f 1336//3596 1333//3597 1316//3598 
usemtl Polygon_XSIPOLYCLS.boeing747_material2
f 1337//3599 1333//3600 1336//3601 
usemtl Polygon_XSIPOLYCLS.boeing747_material2
f 1338//3602 1336//3603 1316//3604 
usemtl Polygon_XSIPOLYCLS.boeing747_material2
f 1339//3605 1336//3606 1338//3607 
usemtl Polygon_XSIPOLYCLS.boeing747_material2
f 1340//3608 1341//3609 1342//3610 
usemtl Polygon_XSIPOLYCLS.boeing747_material2
f 1315//3611 1338//3612 1316//3613 
usemtl Polygon_XSIPOLYCLS.boeing747_material2
f 1343//3614 1338//3615 1315//3616 
usemtl Polygon_XSIPOLYCLS.boeing747_material2
f 1344//3617 1345//3618 1346//3619 
usemtl Polygon_XSIPOLYCLS.boeing747_material2
f 1347//3620 1345//3621 1344//3622 
usemtl Polygon_XSIPOLYCLS.boeing747_material2
f 1348//3623 1344//3624 1346//3625 
usemtl Polygon_XSIPOLYCLS.boeing747_material2
f 1349//3626 1344//3627 1348//3628 
usemtl Polygon_XSIPOLYCLS.boeing747_material2
f 1331//3629 1350//3630 1320//3631 
usemtl Polygon_XSIPOLYCLS.boeing747_material2
f 1351//3632 1348//3633 1346//3634 
usemtl Polygon_XSIPOLYCLS.boeing747_material2
f 1352//3635 1348//3636 1351//3637 
usemtl Polygon_XSIPOLYCLS.boeing747_material2
f 1331//3638 1332//3639 1353//3640 
usemtl Polygon_XSIPOLYCLS.boeing747_material2
f 1354//3641 1351//3642 1346//3643 
usemtl Polygon_XSIPOLYCLS.boeing747_material2
f 1355//3644 1351//3645 1354//3646 
usemtl Polygon_XSIPOLYCLS.boeing747_material2
f 1353//3647 1335//3648 1356//3649 
usemtl Polygon_XSIPOLYCLS.boeing747_material2
f 1357//3650 1354//3651 1346//3652 
usemtl Polygon_XSIPOLYCLS.boeing747_material2
f 1358//3653 1354//3654 1357//3655 
usemtl Polygon_XSIPOLYCLS.boeing747_material2
f 1359//3656 1357//3657 1346//3658 
usemtl Polygon_XSIPOLYCLS.boeing747_material2
f 1360//3659 1357//3660 1359//3661 
usemtl Polygon_XSIPOLYCLS.boeing747_material2
f 1350//3662 1361//3663 1321//3664 
usemtl Polygon_XSIPOLYCLS.boeing747_material2
f 1362//3665 1359//3666 1346//3667 
usemtl Polygon_XSIPOLYCLS.boeing747_material2
f 1363//3668 1359//3669 1362//3670 
usemtl Polygon_XSIPOLYCLS.boeing747_material2
f 1331//3671 1364//3672 1350//3673 
usemtl Polygon_XSIPOLYCLS.boeing747_material2
f 1365//3674 1362//3675 1346//3676 
usemtl Polygon_XSIPOLYCLS.boeing747_material2
f 1366//3677 1362//3678 1365//3679 
usemtl Polygon_XSIPOLYCLS.boeing747_material2
f 1295//3680 1312//3681 1298//3682 
usemtl Polygon_XSIPOLYCLS.boeing747_material2
f 1367//3683 1365//3684 1346//3685 
usemtl Polygon_XSIPOLYCLS.boeing747_material2
f 1368//3686 1365//3687 1367//3688 
usemtl Polygon_XSIPOLYCLS.boeing747_material2
f 1369//3689 1312//3690 1295//3691 
usemtl Polygon_XSIPOLYCLS.boeing747_material2
f 1345//3692 1367//3693 1346//3694 
usemtl Polygon_XSIPOLYCLS.boeing747_material2
f 1370//3695 1367//3696 1345//3697 
usemtl Polygon_XSIPOLYCLS.boeing747_material2
f 1371//3698 1372//3699 1373//3700 
usemtl Polygon_XSIPOLYCLS.boeing747_material2
f 1374//3701 1372//3702 1371//3703 
usemtl Polygon_XSIPOLYCLS.boeing747_material2
f 1375//3704 1371//3705 1373//3706 
usemtl Polygon_XSIPOLYCLS.boeing747_material2
f 1376//3707 1371//3708 1375//3709 
usemtl Polygon_XSIPOLYCLS.boeing747_material2
f 1289//3710 1291//3711 1377//3712 
usemtl Polygon_XSIPOLYCLS.boeing747_material2
f 1378//3713 1375//3714 1373//3715 
usemtl Polygon_XSIPOLYCLS.boeing747_material2
f 1379//3716 1375//3717 1378//3718 
usemtl Polygon_XSIPOLYCLS.boeing747_material2
f 1364//3719 1380//3720 1361//3721 
usemtl Polygon_XSIPOLYCLS.boeing747_material2
f 1381//3722 1378//3723 1373//3724 
usemtl Polygon_XSIPOLYCLS.boeing747_material2
f 1382//3725 1378//3726 1381//3727 
usemtl Polygon_XSIPOLYCLS.boeing747_material2
f 1331//3728 1383//3729 1364//3730 
usemtl Polygon_XSIPOLYCLS.boeing747_material2
f 1384//3731 1381//3732 1373//3733 
usemtl Polygon_XSIPOLYCLS.boeing747_material2
f 1385//3734 1381//3735 1384//3736 
usemtl Polygon_XSIPOLYCLS.boeing747_material2
f 1386//3737 1384//3738 1373//3739 
usemtl Polygon_XSIPOLYCLS.boeing747_material2
f 1387//3740 1384//3741 1386//3742 
usemtl Polygon_XSIPOLYCLS.boeing747_material2
f 1388//3743 1386//3744 1373//3745 
usemtl Polygon_XSIPOLYCLS.boeing747_material2
f 1389//3746 1386//3747 1388//3748 
usemtl Polygon_XSIPOLYCLS.boeing747_material2
f 1390//3749 1388//3750 1373//3751 
usemtl Polygon_XSIPOLYCLS.boeing747_material2
f 1391//3752 1388//3753 1390//3754 
usemtl Polygon_XSIPOLYCLS.boeing747_material2
f 1383//3755 1392//3756 1380//3757 
usemtl Polygon_XSIPOLYCLS.boeing747_material2
f 1393//3758 1390//3759 1373//3760 
usemtl Polygon_XSIPOLYCLS.boeing747_material2
f 1394//3761 1390//3762 1393//3763 
usemtl Polygon_XSIPOLYCLS.boeing747_material2
f 1331//3764 1395//3765 1383//3766 
usemtl Polygon_XSIPOLYCLS.boeing747_material2
f 1372//3767 1393//3768 1373//3769 
usemtl Polygon_XSIPOLYCLS.boeing747_material2
f 1396//3770 1393//3771 1372//3772 
usemtl Polygon_XSIPOLYCLS.boeing747_material2
f 1397//3773 1398//3774 1399//3775 
usemtl Polygon_XSIPOLYCLS.boeing747_material2
f 1399//3776 1400//3777 1401//3778 
usemtl Polygon_XSIPOLYCLS.boeing747_material2
f 1397//3779 1399//3780 1402//3781 
usemtl Polygon_XSIPOLYCLS.boeing747_material2
f 1402//3782 1401//3783 1403//3784 
usemtl Polygon_XSIPOLYCLS.boeing747_material2
f 1397//3785 1402//3786 1404//3787 
usemtl Polygon_XSIPOLYCLS.boeing747_material2
f 1404//3788 1403//3789 1405//3790 
usemtl Polygon_XSIPOLYCLS.boeing747_material2
f 1395//3791 1406//3792 1392//3793 
usemtl Polygon_XSIPOLYCLS.boeing747_material2
f 1397//3794 1404//3795 1407//3796 
usemtl Polygon_XSIPOLYCLS.boeing747_material2
f 1407//3797 1405//3798 1408//3799 
usemtl Polygon_XSIPOLYCLS.boeing747_material2
f 1331//3800 1409//3801 1395//3802 
usemtl Polygon_XSIPOLYCLS.boeing747_material2
f 1397//3803 1407//3804 1410//3805 
usemtl Polygon_XSIPOLYCLS.boeing747_material2
f 1410//3806 1408//3807 1411//3808 
usemtl Polygon_XSIPOLYCLS.boeing747_material2
f 1397//3809 1410//3810 1412//3811 
usemtl Polygon_XSIPOLYCLS.boeing747_material2
f 1412//3812 1411//3813 1413//3814 
usemtl Polygon_XSIPOLYCLS.boeing747_material2
f 1397//3815 1412//3816 1414//3817 
usemtl Polygon_XSIPOLYCLS.boeing747_material2
f 1414//3818 1413//3819 1415//3820 
usemtl Polygon_XSIPOLYCLS.boeing747_material2
f 1397//3821 1414//3822 1416//3823 
usemtl Polygon_XSIPOLYCLS.boeing747_material2
f 1416//3824 1415//3825 1417//3826 
usemtl Polygon_XSIPOLYCLS.boeing747_material2
f 1409//3827 1418//3828 1406//3829 
usemtl Polygon_XSIPOLYCLS.boeing747_material2
f 1397//3830 1416//3831 1419//3832 
usemtl Polygon_XSIPOLYCLS.boeing747_material2
f 1419//3833 1417//3834 1420//3835 
usemtl Polygon_XSIPOLYCLS.boeing747_material2
f 1331//3836 1421//3837 1409//3838 
usemtl Polygon_XSIPOLYCLS.boeing747_material2
f 1397//3839 1419//3840 1398//3841 
usemtl Polygon_XSIPOLYCLS.boeing747_material2
f 1398//3842 1420//3843 1400//3844 
usemtl Polygon_XSIPOLYCLS.boeing747_material2
f 1422//3845 1423//3846 1424//3847 
usemtl Polygon_XSIPOLYCLS.boeing747_material2
f 1424//3848 1425//3849 1426//3850 
usemtl Polygon_XSIPOLYCLS.boeing747_material2
f 1342//3851 1427//3852 1428//3853 
usemtl Polygon_XSIPOLYCLS.boeing747_material2
f 1429//3854 1430//3855 1431//3856 
usemtl Polygon_XSIPOLYCLS.boeing747_material2
f 1422//3857 1424//3858 1432//3859 
usemtl Polygon_XSIPOLYCLS.boeing747_material2
f 1432//3860 1426//3861 1433//3862 
usemtl Polygon_XSIPOLYCLS.boeing747_material2
f 1434//3863 1435//3864 1429//3865 
usemtl Polygon_XSIPOLYCLS.boeing747_material2
f 1422//3866 1432//3867 1436//3868 
usemtl Polygon_XSIPOLYCLS.boeing747_material2
f 1436//3869 1433//3870 1437//3871 
usemtl Polygon_XSIPOLYCLS.boeing747_material2
f 1421//3872 1438//3873 1418//3874 
usemtl Polygon_XSIPOLYCLS.boeing747_material2
f 1422//3875 1436//3876 1439//3877 
usemtl Polygon_XSIPOLYCLS.boeing747_material2
f 1439//3878 1437//3879 1440//3880 
usemtl Polygon_XSIPOLYCLS.boeing747_material2
f 1331//3881 1441//3882 1421//3883 
usemtl Polygon_XSIPOLYCLS.boeing747_material2
f 1422//3884 1439//3885 1442//3886 
usemtl Polygon_XSIPOLYCLS.boeing747_material2
f 1442//3887 1440//3888 1443//3889 
usemtl Polygon_XSIPOLYCLS.boeing747_material2
f 1335//3890 1438//3891 1356//3892 
usemtl Polygon_XSIPOLYCLS.boeing747_material2
f 1422//3893 1442//3894 1444//3895 
usemtl Polygon_XSIPOLYCLS.boeing747_material2
f 1444//3896 1443//3897 1445//3898 
usemtl Polygon_XSIPOLYCLS.boeing747_material2
f 1435//3899 1446//3900 1430//3901 
usemtl Polygon_XSIPOLYCLS.boeing747_material2
f 1434//3902 1447//3903 1435//3904 
usemtl Polygon_XSIPOLYCLS.boeing747_material2
f 1422//3905 1444//3906 1448//3907 
usemtl Polygon_XSIPOLYCLS.boeing747_material2
f 1448//3908 1445//3909 1449//3910 
usemtl Polygon_XSIPOLYCLS.boeing747_material2
f 1450//3911 1426//3912 1425//3913 
usemtl Polygon_XSIPOLYCLS.boeing747_material2
f 1422//3914 1448//3915 1451//3916 
usemtl Polygon_XSIPOLYCLS.boeing747_material2
f 1451//3917 1449//3918 1452//3919 
usemtl Polygon_XSIPOLYCLS.boeing747_material2
f 1420//3920 1401//3921 1400//3922 
usemtl Polygon_XSIPOLYCLS.boeing747_material2
f 1422//3923 1451//3924 1453//3925 
usemtl Polygon_XSIPOLYCLS.boeing747_material2
f 1453//3926 1452//3927 1450//3928 
usemtl Polygon_XSIPOLYCLS.boeing747_material2
f 1396//3929 1391//3930 1394//3931 
usemtl Polygon_XSIPOLYCLS.boeing747_material2
f 1313//3932 1309//3933 1311//3934 
usemtl Polygon_XSIPOLYCLS.boeing747_material2
f 1422//3935 1453//3936 1423//3937 
usemtl Polygon_XSIPOLYCLS.boeing747_material2
f 1423//3938 1450//3939 1425//3940 
usemtl Polygon_XSIPOLYCLS.boeing747_material2
f 1370//3941 1366//3942 1368//3943 
usemtl Polygon_XSIPOLYCLS.boeing747_material2
f 1447//3944 1454//3945 1446//3946 
usemtl Polygon_XSIPOLYCLS.boeing747_material2
f 1455//3947 1456//3948 1457//3949 
usemtl Polygon_XSIPOLYCLS.boeing747_material2
f 1457//3950 1458//3951 1459//3952 
usemtl Polygon_XSIPOLYCLS.boeing747_material2
f 1296//3953 1295//3954 1298//3955 
usemtl Polygon_XSIPOLYCLS.boeing747_material2
f 1434//3956 1460//3957 1447//3958 
usemtl Polygon_XSIPOLYCLS.boeing747_material2
f 1455//3959 1457//3960 1461//3961 
usemtl Polygon_XSIPOLYCLS.boeing747_material2
f 1461//3962 1459//3963 1462//3964 
usemtl Polygon_XSIPOLYCLS.boeing747_material2
f 1455//3965 1461//3966 1463//3967 
usemtl Polygon_XSIPOLYCLS.boeing747_material2
f 1463//3968 1462//3969 1464//3970 
usemtl Polygon_XSIPOLYCLS.boeing747_material2
f 1289//3971 1465//3972 1340//3973 
usemtl Polygon_XSIPOLYCLS.boeing747_material2
f 1455//3974 1463//3975 1466//3976 
usemtl Polygon_XSIPOLYCLS.boeing747_material2
f 1466//3977 1464//3978 1467//3979 
usemtl Polygon_XSIPOLYCLS.boeing747_material2
f 1343//3980 1337//3981 1339//3982 
usemtl Polygon_XSIPOLYCLS.boeing747_material2
f 1455//3983 1466//3984 1468//3985 
usemtl Polygon_XSIPOLYCLS.boeing747_material2
f 1468//3986 1467//3987 1469//3988 
usemtl Polygon_XSIPOLYCLS.boeing747_material2
f 1460//3989 1470//3990 1454//3991 
usemtl Polygon_XSIPOLYCLS.boeing747_material2
f 1455//3992 1468//3993 1471//3994 
usemtl Polygon_XSIPOLYCLS.boeing747_material2
f 1471//3995 1469//3996 1472//3997 
usemtl Polygon_XSIPOLYCLS.boeing747_material2
f 1434//3998 1473//3999 1460//4000 
usemtl Polygon_XSIPOLYCLS.boeing747_material2
f 1455//4001 1471//4002 1474//4003 
usemtl Polygon_XSIPOLYCLS.boeing747_material2
f 1474//4004 1472//4005 1475//4006 
usemtl Polygon_XSIPOLYCLS.boeing747_material2
f 1455//4007 1474//4008 1476//4009 
usemtl Polygon_XSIPOLYCLS.boeing747_material2
f 1476//4010 1475//4011 1477//4012 
usemtl Polygon_XSIPOLYCLS.boeing747_material2
f 1478//4013 1459//4014 1458//4015 
usemtl Polygon_XSIPOLYCLS.boeing747_material2
f 1455//4016 1476//4017 1479//4018 
usemtl Polygon_XSIPOLYCLS.boeing747_material2
f 1479//4019 1477//4020 1478//4021 
usemtl Polygon_XSIPOLYCLS.boeing747_material2
f 1290//4022 1480//4023 1292//4024 
usemtl Polygon_XSIPOLYCLS.boeing747_material2
f 1473//4025 1481//4026 1470//4027 
usemtl Polygon_XSIPOLYCLS.boeing747_material2
f 1455//4028 1479//4029 1456//4030 
usemtl Polygon_XSIPOLYCLS.boeing747_material2
f 1456//4031 1478//4032 1458//4033 
usemtl Polygon_XSIPOLYCLS.boeing747_material2
f 1434//4034 1482//4035 1473//4036 
usemtl Polygon_XSIPOLYCLS.boeing747_material2
f 1483//4037 1484//4038 1485//4039 
usemtl Polygon_XSIPOLYCLS.boeing747_material2
f 1485//4040 1486//4041 1487//4042 
usemtl Polygon_XSIPOLYCLS.boeing747_material2
f 1289//4043 1488//4044 1489//4045 
usemtl Polygon_XSIPOLYCLS.boeing747_material2
f 1483//4046 1485//4047 1490//4048 
usemtl Polygon_XSIPOLYCLS.boeing747_material2
f 1490//4049 1487//4050 1491//4051 
usemtl Polygon_XSIPOLYCLS.boeing747_material2
f 1492//4052 1487//4053 1486//4054 
usemtl Polygon_XSIPOLYCLS.boeing747_material2
f 1483//4055 1490//4056 1493//4057 
usemtl Polygon_XSIPOLYCLS.boeing747_material2
f 1493//4058 1491//4059 1494//4060 
usemtl Polygon_XSIPOLYCLS.boeing747_material2
f 1482//4061 1495//4062 1481//4063 
usemtl Polygon_XSIPOLYCLS.boeing747_material2
f 1434//4064 1496//4065 1482//4066 
usemtl Polygon_XSIPOLYCLS.boeing747_material2
f 1483//4067 1493//4068 1497//4069 
usemtl Polygon_XSIPOLYCLS.boeing747_material2
f 1497//4070 1494//4071 1498//4072 
usemtl Polygon_XSIPOLYCLS.boeing747_material2
f 1483//4073 1497//4074 1499//4075 
usemtl Polygon_XSIPOLYCLS.boeing747_material2
f 1499//4076 1498//4077 1500//4078 
usemtl Polygon_XSIPOLYCLS.boeing747_material2
f 1488//4079 1427//4080 1501//4081 
usemtl Polygon_XSIPOLYCLS.boeing747_material2
f 1502//4082 1503//4083 1504//4084 
usemtl Polygon_XSIPOLYCLS.boeing747_material2
f 1483//4085 1499//4086 1505//4087 
usemtl Polygon_XSIPOLYCLS.boeing747_material2
f 1505//4088 1500//4089 1506//4090 
usemtl Polygon_XSIPOLYCLS.boeing747_material2
f 1289//4091 1507//4092 1488//4093 
usemtl Polygon_XSIPOLYCLS.boeing747_material2
f 1496//4094 1508//4095 1495//4096 
usemtl Polygon_XSIPOLYCLS.boeing747_material2
f 1483//4097 1505//4098 1509//4099 
usemtl Polygon_XSIPOLYCLS.boeing747_material2
f 1509//4100 1506//4101 1510//4102 
usemtl Polygon_XSIPOLYCLS.boeing747_material2
f 1434//4103 1511//4104 1496//4105 
usemtl Polygon_XSIPOLYCLS.boeing747_material2
f 1483//4106 1509//4107 1512//4108 
usemtl Polygon_XSIPOLYCLS.boeing747_material2
f 1512//4109 1510//4110 1513//4111 
usemtl Polygon_XSIPOLYCLS.boeing747_material2
f 1483//4112 1512//4113 1514//4114 
usemtl Polygon_XSIPOLYCLS.boeing747_material2
f 1514//4115 1513//4116 1492//4117 
usemtl Polygon_XSIPOLYCLS.boeing747_material2
f 1515//4118 1516//4119 1480//4120 
usemtl Polygon_XSIPOLYCLS.boeing747_material2
f 1517//4121 1518//4122 1519//4123 
usemtl Polygon_XSIPOLYCLS.boeing747_material2
f 1483//4124 1514//4125 1484//4126 
usemtl Polygon_XSIPOLYCLS.boeing747_material2
f 1484//4127 1492//4128 1486//4129 
usemtl Polygon_XSIPOLYCLS.boeing747_material2
f 1289//4130 1489//4131 1515//4132 
usemtl Polygon_XSIPOLYCLS.boeing747_material2
f 1511//4133 1520//4134 1508//4135 
usemtl Polygon_XSIPOLYCLS.boeing747_material2
f 1521//4136 1522//4137 1523//4138 
usemtl Polygon_XSIPOLYCLS.boeing747_material2
f 1524//4139 1522//4140 1521//4141 
usemtl Polygon_XSIPOLYCLS.boeing747_material2
f 1434//4142 1525//4143 1511//4144 
usemtl Polygon_XSIPOLYCLS.boeing747_material2
f 1526//4145 1521//4146 1523//4147 
usemtl Polygon_XSIPOLYCLS.boeing747_material2
f 1527//4148 1521//4149 1526//4150 
usemtl Polygon_XSIPOLYCLS.boeing747_material2
f 1528//4151 1529//4152 1530//4153 
usemtl Polygon_XSIPOLYCLS.boeing747_material2
f 1531//4154 1526//4155 1523//4156 
usemtl Polygon_XSIPOLYCLS.boeing747_material2
f 1532//4157 1526//4158 1531//4159 
usemtl Polygon_XSIPOLYCLS.boeing747_material2
f 1525//4160 1533//4161 1520//4162 
usemtl Polygon_XSIPOLYCLS.boeing747_material2
f 1534//4163 1531//4164 1523//4165 
usemtl Polygon_XSIPOLYCLS.boeing747_material2
f 1535//4166 1531//4167 1534//4168 
usemtl Polygon_XSIPOLYCLS.boeing747_material2
f 1489//4169 1501//4170 1516//4171 
usemtl Polygon_XSIPOLYCLS.boeing747_material2
f 1434//4172 1536//4173 1525//4174 
usemtl Polygon_XSIPOLYCLS.boeing747_material2
f 1537//4175 1534//4176 1523//4177 
usemtl Polygon_XSIPOLYCLS.boeing747_material2
f 1538//4178 1534//4179 1537//4180 
usemtl Polygon_XSIPOLYCLS.boeing747_material2
f 1539//4181 1540//4182 1541//4183 
usemtl Polygon_XSIPOLYCLS.boeing747_material2
f 1542//4184 1537//4185 1523//4186 
usemtl Polygon_XSIPOLYCLS.boeing747_material2
f 1543//4187 1537//4188 1542//4189 
usemtl Polygon_XSIPOLYCLS.boeing747_material2
f 1536//4190 1431//4191 1533//4192 
usemtl Polygon_XSIPOLYCLS.boeing747_material2
f 1544//4193 1542//4194 1523//4195 
usemtl Polygon_XSIPOLYCLS.boeing747_material2
f 1545//4196 1542//4197 1544//4198 
usemtl Polygon_XSIPOLYCLS.boeing747_material2
f 1507//4199 1428//4200 1427//4201 
usemtl Polygon_XSIPOLYCLS.boeing747_material2
f 1434//4202 1429//4203 1536//4204 
usemtl Polygon_XSIPOLYCLS.boeing747_material2
f 1546//4205 1544//4206 1523//4207 
usemtl Polygon_XSIPOLYCLS.boeing747_material2
f 1503//4208 1544//4209 1546//4210 
usemtl Polygon_XSIPOLYCLS.boeing747_material2
f 1289//4211 1547//4212 1507//4213 
usemtl Polygon_XSIPOLYCLS.boeing747_material2
f 1548//4214 1546//4215 1523//4216 
usemtl Polygon_XSIPOLYCLS.boeing747_material2
f 1504//4217 1546//4218 1548//4219 
usemtl Polygon_XSIPOLYCLS.boeing747_material2
f 1549//4220 1550//4221 1551//4222 
usemtl Polygon_XSIPOLYCLS.boeing747_material2
f 1522//4223 1548//4224 1523//4225 
usemtl Polygon_XSIPOLYCLS.boeing747_material2
f 1502//4226 1548//4227 1522//4228 
usemtl Polygon_XSIPOLYCLS.boeing747_material2
f 1552//4229 1549//4230 1551//4231 
usemtl Polygon_XSIPOLYCLS.boeing747_material2
f 1553//4232 1554//4233 1555//4234 
usemtl Polygon_XSIPOLYCLS.boeing747_material2
f 1556//4235 1554//4236 1553//4237 
usemtl Polygon_XSIPOLYCLS.boeing747_material2
f 1557//4238 1558//4239 1552//4240 
usemtl Polygon_XSIPOLYCLS.boeing747_material2
f 1559//4241 1553//4242 1555//4243 
usemtl Polygon_XSIPOLYCLS.boeing747_material2
f 1560//4244 1553//4245 1559//4246 
usemtl Polygon_XSIPOLYCLS.boeing747_material2
f 1561//4247 1559//4248 1555//4249 
usemtl Polygon_XSIPOLYCLS.boeing747_material2
f 1562//4250 1559//4251 1561//4252 
usemtl Polygon_XSIPOLYCLS.boeing747_material2
f 1430//4253 1533//4254 1431//4255 
usemtl Polygon_XSIPOLYCLS.boeing747_material2
f 1563//4256 1561//4257 1555//4258 
usemtl Polygon_XSIPOLYCLS.boeing747_material2
f 1564//4259 1561//4260 1563//4261 
usemtl Polygon_XSIPOLYCLS.boeing747_material2
f 1558//4262 1565//4263 1549//4264 
usemtl Polygon_XSIPOLYCLS.boeing747_material2
f 1566//4265 1563//4266 1555//4267 
usemtl Polygon_XSIPOLYCLS.boeing747_material2
f 1567//4268 1563//4269 1566//4270 
usemtl Polygon_XSIPOLYCLS.boeing747_material2
f 1557//4271 1568//4272 1558//4273 
usemtl Polygon_XSIPOLYCLS.boeing747_material2
f 1569//4274 1566//4275 1555//4276 
usemtl Polygon_XSIPOLYCLS.boeing747_material2
f 1570//4277 1566//4278 1569//4279 
usemtl Polygon_XSIPOLYCLS.boeing747_material2
f 1571//4280 1569//4281 1555//4282 
usemtl Polygon_XSIPOLYCLS.boeing747_material2
f 1572//4283 1569//4284 1571//4285 
usemtl Polygon_XSIPOLYCLS.boeing747_material2
f 1568//4286 1573//4287 1565//4288 
usemtl Polygon_XSIPOLYCLS.boeing747_material2
f 1574//4289 1571//4290 1555//4291 
usemtl Polygon_XSIPOLYCLS.boeing747_material2
f 1518//4292 1571//4293 1574//4294 
usemtl Polygon_XSIPOLYCLS.boeing747_material2
f 1557//4295 1575//4296 1568//4297 
usemtl Polygon_XSIPOLYCLS.boeing747_material2
f 1576//4298 1574//4299 1555//4300 
usemtl Polygon_XSIPOLYCLS.boeing747_material2
f 1519//4301 1574//4302 1576//4303 
usemtl Polygon_XSIPOLYCLS.boeing747_material2
f 1465//4304 1577//4305 1341//4306 
usemtl Polygon_XSIPOLYCLS.boeing747_material2
f 1554//4307 1576//4308 1555//4309 
usemtl Polygon_XSIPOLYCLS.boeing747_material2
f 1517//4310 1576//4311 1554//4312 
usemtl Polygon_XSIPOLYCLS.boeing747_material2
f 1289//4313 1377//4314 1465//4315 
usemtl Polygon_XSIPOLYCLS.boeing747_material2
f 1289//4316 1340//4317 1547//4318 
usemtl Polygon_XSIPOLYCLS.boeing747_material2
f 1578//4319 1579//4320 1580//4321 
usemtl Polygon_XSIPOLYCLS.boeing747_material2
f 1581//4322 1579//4323 1578//4324 
usemtl Polygon_XSIPOLYCLS.boeing747_material2
f 1575//4325 1582//4326 1573//4327 
usemtl Polygon_XSIPOLYCLS.boeing747_material2
f 1583//4328 1578//4329 1580//4330 
usemtl Polygon_XSIPOLYCLS.boeing747_material2
f 1584//4331 1578//4332 1583//4333 
usemtl Polygon_XSIPOLYCLS.boeing747_material2
f 1557//4334 1585//4335 1575//4336 
usemtl Polygon_XSIPOLYCLS.boeing747_material2
f 1586//4337 1583//4338 1580//4339 
usemtl Polygon_XSIPOLYCLS.boeing747_material2
f 1587//4340 1583//4341 1586//4342 
usemtl Polygon_XSIPOLYCLS.boeing747_material2
f 1547//4343 1342//4344 1428//4345 
usemtl Polygon_XSIPOLYCLS.boeing747_material2
f 1588//4346 1586//4347 1580//4348 
usemtl Polygon_XSIPOLYCLS.boeing747_material2
f 1589//4349 1586//4350 1588//4351 
usemtl Polygon_XSIPOLYCLS.boeing747_material2
f 1377//4352 1293//4353 1577//4354 
usemtl Polygon_XSIPOLYCLS.boeing747_material2
f 1585//4355 1590//4356 1582//4357 
usemtl Polygon_XSIPOLYCLS.boeing747_material2
f 1591//4358 1588//4359 1580//4360 
usemtl Polygon_XSIPOLYCLS.boeing747_material2
f 1592//4361 1588//4362 1591//4363 
usemtl Polygon_XSIPOLYCLS.boeing747_material2
f 1557//4364 1593//4365 1585//4366 
usemtl Polygon_XSIPOLYCLS.boeing747_material2
f 1594//4367 1591//4368 1580//4369 
usemtl Polygon_XSIPOLYCLS.boeing747_material2
f 1595//4370 1591//4371 1594//4372 
usemtl Polygon_XSIPOLYCLS.boeing747_material2
f 1596//4373 1594//4374 1580//4375 
usemtl Polygon_XSIPOLYCLS.boeing747_material2
f 1597//4376 1594//4377 1596//4378 
usemtl Polygon_XSIPOLYCLS.boeing747_material2
f 1598//4379 1596//4380 1580//4381 
usemtl Polygon_XSIPOLYCLS.boeing747_material2
f 1529//4382 1596//4383 1598//4384 
usemtl Polygon_XSIPOLYCLS.boeing747_material2
f 1593//4385 1599//4386 1590//4387 
usemtl Polygon_XSIPOLYCLS.boeing747_material2
f 1600//4388 1598//4389 1580//4390 
usemtl Polygon_XSIPOLYCLS.boeing747_material2
f 1530//4391 1598//4392 1600//4393 
usemtl Polygon_XSIPOLYCLS.boeing747_material2
f 1557//4394 1601//4395 1593//4396 
usemtl Polygon_XSIPOLYCLS.boeing747_material2
f 1579//4397 1600//4398 1580//4399 
usemtl Polygon_XSIPOLYCLS.boeing747_material2
f 1528//4400 1600//4401 1579//4402 
usemtl Polygon_XSIPOLYCLS.boeing747_material2
f 1602//4403 1603//4404 1604//4405 
usemtl Polygon_XSIPOLYCLS.boeing747_material2
f 1605//4406 1603//4407 1602//4408 
usemtl Polygon_XSIPOLYCLS.boeing747_material2
f 1601//4409 1606//4410 1599//4411 
usemtl Polygon_XSIPOLYCLS.boeing747_material2
f 1607//4412 1602//4413 1604//4414 
usemtl Polygon_XSIPOLYCLS.boeing747_material2
f 1608//4415 1602//4416 1607//4417 
usemtl Polygon_XSIPOLYCLS.boeing747_material2
f 1557//4418 1609//4419 1601//4420 
usemtl Polygon_XSIPOLYCLS.boeing747_material2
f 1610//4421 1607//4422 1604//4423 
usemtl Polygon_XSIPOLYCLS.boeing747_material2
f 1611//4424 1607//4425 1610//4426 
usemtl Polygon_XSIPOLYCLS.boeing747_material2
f 1612//4427 1610//4428 1604//4429 
usemtl Polygon_XSIPOLYCLS.boeing747_material2
f 1613//4430 1610//4431 1612//4432 
usemtl Polygon_XSIPOLYCLS.boeing747_material2
f 1614//4433 1612//4434 1604//4435 
usemtl Polygon_XSIPOLYCLS.boeing747_material2
f 1615//4436 1612//4437 1614//4438 
usemtl Polygon_XSIPOLYCLS.boeing747_material2
f 1609//4439 1616//4440 1606//4441 
usemtl Polygon_XSIPOLYCLS.boeing747_material2
f 1617//4442 1614//4443 1604//4444 
usemtl Polygon_XSIPOLYCLS.boeing747_material2
f 1618//4445 1614//4446 1617//4447 
usemtl Polygon_XSIPOLYCLS.boeing747_material2
f 1557//4448 1619//4449 1609//4450 
usemtl Polygon_XSIPOLYCLS.boeing747_material2
f 1620//4451 1617//4452 1604//4453 
usemtl Polygon_XSIPOLYCLS.boeing747_material2
f 1621//4454 1617//4455 1620//4456 
usemtl Polygon_XSIPOLYCLS.boeing747_material2
f 1331//4457 1353//4458 1441//4459 
usemtl Polygon_XSIPOLYCLS.boeing747_material2
f 1622//4460 1620//4461 1604//4462 
usemtl Polygon_XSIPOLYCLS.boeing747_material2
f 1540//4463 1620//4464 1622//4465 
usemtl Polygon_XSIPOLYCLS.boeing747_material2
f 1619//4466 1550//4467 1616//4468 
usemtl Polygon_XSIPOLYCLS.boeing747_material2
f 1623//4469 1622//4470 1604//4471 
usemtl Polygon_XSIPOLYCLS.boeing747_material2
f 1541//4472 1622//4473 1623//4474 
usemtl Polygon_XSIPOLYCLS.boeing747_material2
f 1441//4475 1356//4476 1438//4477 
usemtl Polygon_XSIPOLYCLS.boeing747_material2
f 1557//4478 1624//4479 1619//4480 
usemtl Polygon_XSIPOLYCLS.boeing747_material2
f 1603//4481 1623//4482 1604//4483 
usemtl Polygon_XSIPOLYCLS.boeing747_material2
f 1539//4484 1623//4485 1603//4486 
usemtl Polygon_XSIPOLYCLS.boeing747_material2
f 1289//4487 1515//4488 1290//4489 
usemtl Polygon_XSIPOLYCLS.boeing747_material2
f 1557//4490 1552//4491 1624//4492 
usemtl Polygon_XSIPOLYCLS.boeing747_material2
f 1624//4493 1551//4494 1550//4495 
usemtl Polygon_XSIPOLYCLS.boeing747_material2
f 1290//4496 1292//4497 1291//4498 
usemtl Polygon_XSIPOLYCLS.boeing747_material2
f 1369//4499 1295//4500 1294//4501 
usemtl Polygon_XSIPOLYCLS.boeing747_material2
f 1294//4502 1296//4503 1299//4504 
usemtl Polygon_XSIPOLYCLS.boeing747_material2
f 1299//4505 1297//4506 1301//4507 
usemtl Polygon_XSIPOLYCLS.boeing747_material2
f 1301//4508 1300//4509 1303//4510 
usemtl Polygon_XSIPOLYCLS.boeing747_material2
f 1303//4511 1302//4512 1305//4513 
usemtl Polygon_XSIPOLYCLS.boeing747_material2
f 1305//4514 1304//4515 1307//4516 
usemtl Polygon_XSIPOLYCLS.boeing747_material2
f 1307//4517 1306//4518 1309//4519 
usemtl Polygon_XSIPOLYCLS.boeing747_material2
f 1309//4520 1308//4521 1311//4522 
usemtl Polygon_XSIPOLYCLS.boeing747_material2
f 1311//4523 1310//4524 1313//4525 
usemtl Polygon_XSIPOLYCLS.boeing747_material2
f 1343//4526 1315//4527 1317//4528 
usemtl Polygon_XSIPOLYCLS.boeing747_material2
f 1317//4529 1314//4530 1319//4531 
usemtl Polygon_XSIPOLYCLS.boeing747_material2
f 1350//4532 1321//4533 1320//4534 
usemtl Polygon_XSIPOLYCLS.boeing747_material2
f 1319//4535 1318//4536 1324//4537 
usemtl Polygon_XSIPOLYCLS.boeing747_material2
f 1324//4538 1323//4539 1326//4540 
usemtl Polygon_XSIPOLYCLS.boeing747_material2
f 1326//4541 1325//4542 1328//4543 
usemtl Polygon_XSIPOLYCLS.boeing747_material2
f 1328//4544 1327//4545 1330//4546 
usemtl Polygon_XSIPOLYCLS.boeing747_material2
f 1330//4547 1329//4548 1334//4549 
usemtl Polygon_XSIPOLYCLS.boeing747_material2
f 1320//4550 1322//4551 1332//4552 
usemtl Polygon_XSIPOLYCLS.boeing747_material2
f 1334//4553 1333//4554 1337//4555 
usemtl Polygon_XSIPOLYCLS.boeing747_material2
f 1337//4556 1336//4557 1339//4558 
usemtl Polygon_XSIPOLYCLS.boeing747_material2
f 1465//4559 1341//4560 1340//4561 
usemtl Polygon_XSIPOLYCLS.boeing747_material2
f 1339//4562 1338//4563 1343//4564 
usemtl Polygon_XSIPOLYCLS.boeing747_material2
f 1370//4565 1345//4566 1347//4567 
usemtl Polygon_XSIPOLYCLS.boeing747_material2
f 1347//4568 1344//4569 1349//4570 
usemtl Polygon_XSIPOLYCLS.boeing747_material2
f 1349//4571 1348//4572 1352//4573 
usemtl Polygon_XSIPOLYCLS.boeing747_material2
f 1352//4574 1351//4575 1355//4576 
usemtl Polygon_XSIPOLYCLS.boeing747_material2
f 1332//4577 1335//4578 1353//4579 
usemtl Polygon_XSIPOLYCLS.boeing747_material2
f 1355//4580 1354//4581 1358//4582 
usemtl Polygon_XSIPOLYCLS.boeing747_material2
f 1358//4583 1357//4584 1360//4585 
usemtl Polygon_XSIPOLYCLS.boeing747_material2
f 1364//4586 1361//4587 1350//4588 
usemtl Polygon_XSIPOLYCLS.boeing747_material2
f 1360//4589 1359//4590 1363//4591 
usemtl Polygon_XSIPOLYCLS.boeing747_material2
f 1363//4592 1362//4593 1366//4594 
usemtl Polygon_XSIPOLYCLS.boeing747_material2
f 1366//4595 1365//4596 1368//4597 
usemtl Polygon_XSIPOLYCLS.boeing747_material2
f 1313//4598 1312//4599 1369//4600 
usemtl Polygon_XSIPOLYCLS.boeing747_material2
f 1368//4601 1367//4602 1370//4603 
usemtl Polygon_XSIPOLYCLS.boeing747_material2
f 1396//4604 1372//4605 1374//4606 
usemtl Polygon_XSIPOLYCLS.boeing747_material2
f 1374//4607 1371//4608 1376//4609 
usemtl Polygon_XSIPOLYCLS.boeing747_material2
f 1376//4610 1375//4611 1379//4612 
usemtl Polygon_XSIPOLYCLS.boeing747_material2
f 1383//4613 1380//4614 1364//4615 
usemtl Polygon_XSIPOLYCLS.boeing747_material2
f 1379//4616 1378//4617 1382//4618 
usemtl Polygon_XSIPOLYCLS.boeing747_material2
f 1382//4619 1381//4620 1385//4621 
usemtl Polygon_XSIPOLYCLS.boeing747_material2
f 1385//4622 1384//4623 1387//4624 
usemtl Polygon_XSIPOLYCLS.boeing747_material2
f 1387//4625 1386//4626 1389//4627 
usemtl Polygon_XSIPOLYCLS.boeing747_material2
f 1389//4628 1388//4629 1391//4630 
usemtl Polygon_XSIPOLYCLS.boeing747_material2
f 1395//4631 1392//4632 1383//4633 
usemtl Polygon_XSIPOLYCLS.boeing747_material2
f 1391//4634 1390//4635 1394//4636 
usemtl Polygon_XSIPOLYCLS.boeing747_material2
f 1394//4637 1393//4638 1396//4639 
usemtl Polygon_XSIPOLYCLS.boeing747_material2
f 1398//4640 1400//4641 1399//4642 
usemtl Polygon_XSIPOLYCLS.boeing747_material2
f 1399//4643 1401//4644 1402//4645 
usemtl Polygon_XSIPOLYCLS.boeing747_material2
f 1402//4646 1403//4647 1404//4648 
usemtl Polygon_XSIPOLYCLS.boeing747_material2
f 1409//4649 1406//4650 1395//4651 
usemtl Polygon_XSIPOLYCLS.boeing747_material2
f 1404//4652 1405//4653 1407//4654 
usemtl Polygon_XSIPOLYCLS.boeing747_material2
f 1407//4655 1408//4656 1410//4657 
usemtl Polygon_XSIPOLYCLS.boeing747_material2
f 1410//4658 1411//4659 1412//4660 
usemtl Polygon_XSIPOLYCLS.boeing747_material2
f 1412//4661 1413//4662 1414//4663 
usemtl Polygon_XSIPOLYCLS.boeing747_material2
f 1414//4664 1415//4665 1416//4666 
usemtl Polygon_XSIPOLYCLS.boeing747_material2
f 1421//4667 1418//4668 1409//4669 
usemtl Polygon_XSIPOLYCLS.boeing747_material2
f 1416//4670 1417//4671 1419//4672 
usemtl Polygon_XSIPOLYCLS.boeing747_material2
f 1419//4673 1420//4674 1398//4675 
usemtl Polygon_XSIPOLYCLS.boeing747_material2
f 1423//4676 1425//4677 1424//4678 
usemtl Polygon_XSIPOLYCLS.boeing747_material2
f 1341//4679 1577//4680 1342//4681 
usemtl Polygon_XSIPOLYCLS.boeing747_material2
f 1577//4682 1293//4683 1342//4684 
usemtl Polygon_XSIPOLYCLS.boeing747_material2
f 1293//4685 1292//4686 1342//4687 
usemtl Polygon_XSIPOLYCLS.boeing747_material2
f 1292//4688 1480//4689 1342//4690 
usemtl Polygon_XSIPOLYCLS.boeing747_material2
f 1480//4691 1516//4692 1342//4693 
usemtl Polygon_XSIPOLYCLS.boeing747_material2
f 1516//4694 1501//4695 1342//4696 
usemtl Polygon_XSIPOLYCLS.boeing747_material2
f 1501//4697 1427//4698 1342//4699 
usemtl Polygon_XSIPOLYCLS.boeing747_material2
f 1435//4700 1430//4701 1429//4702 
usemtl Polygon_XSIPOLYCLS.boeing747_material2
f 1424//4703 1426//4704 1432//4705 
usemtl Polygon_XSIPOLYCLS.boeing747_material2
f 1432//4706 1433//4707 1436//4708 
usemtl Polygon_XSIPOLYCLS.boeing747_material2
f 1441//4709 1438//4710 1421//4711 
usemtl Polygon_XSIPOLYCLS.boeing747_material2
f 1436//4712 1437//4713 1439//4714 
usemtl Polygon_XSIPOLYCLS.boeing747_material2
f 1439//4715 1440//4716 1442//4717 
usemtl Polygon_XSIPOLYCLS.boeing747_material2
f 1322//4718 1321//4719 1335//4720 
usemtl Polygon_XSIPOLYCLS.boeing747_material2
f 1321//4721 1361//4722 1335//4723 
usemtl Polygon_XSIPOLYCLS.boeing747_material2
f 1361//4724 1380//4725 1335//4726 
usemtl Polygon_XSIPOLYCLS.boeing747_material2
f 1380//4727 1392//4728 1335//4729 
usemtl Polygon_XSIPOLYCLS.boeing747_material2
f 1392//4730 1406//4731 1335//4732 
usemtl Polygon_XSIPOLYCLS.boeing747_material2
f 1406//4733 1418//4734 1335//4735 
usemtl Polygon_XSIPOLYCLS.boeing747_material2
f 1418//4736 1438//4737 1335//4738 
usemtl Polygon_XSIPOLYCLS.boeing747_material2
f 1442//4739 1443//4740 1444//4741 
usemtl Polygon_XSIPOLYCLS.boeing747_material2
f 1447//4742 1446//4743 1435//4744 
usemtl Polygon_XSIPOLYCLS.boeing747_material2
f 1444//4745 1445//4746 1448//4747 
usemtl Polygon_XSIPOLYCLS.boeing747_material2
f 1452//4748 1449//4749 1450//4750 
usemtl Polygon_XSIPOLYCLS.boeing747_material2
f 1449//4751 1445//4752 1450//4753 
usemtl Polygon_XSIPOLYCLS.boeing747_material2
f 1445//4754 1443//4755 1450//4756 
usemtl Polygon_XSIPOLYCLS.boeing747_material2
f 1443//4757 1440//4758 1450//4759 
usemtl Polygon_XSIPOLYCLS.boeing747_material2
f 1440//4760 1437//4761 1450//4762 
usemtl Polygon_XSIPOLYCLS.boeing747_material2
f 1437//4763 1433//4764 1450//4765 
usemtl Polygon_XSIPOLYCLS.boeing747_material2
f 1433//4766 1426//4767 1450//4768 
usemtl Polygon_XSIPOLYCLS.boeing747_material2
f 1448//4769 1449//4770 1451//4771 
usemtl Polygon_XSIPOLYCLS.boeing747_material2
f 1417//4772 1415//4773 1420//4774 
usemtl Polygon_XSIPOLYCLS.boeing747_material2
f 1415//4775 1413//4776 1420//4777 
usemtl Polygon_XSIPOLYCLS.boeing747_material2
f 1413//4778 1411//4779 1420//4780 
usemtl Polygon_XSIPOLYCLS.boeing747_material2
f 1411//4781 1408//4782 1420//4783 
usemtl Polygon_XSIPOLYCLS.boeing747_material2
f 1408//4784 1405//4785 1420//4786 
usemtl Polygon_XSIPOLYCLS.boeing747_material2
f 1405//4787 1403//4788 1420//4789 
usemtl Polygon_XSIPOLYCLS.boeing747_material2
f 1403//4790 1401//4791 1420//4792 
usemtl Polygon_XSIPOLYCLS.boeing747_material2
f 1451//4793 1452//4794 1453//4795 
usemtl Polygon_XSIPOLYCLS.boeing747_material2
f 1374//4796 1376//4797 1396//4798 
usemtl Polygon_XSIPOLYCLS.boeing747_material2
f 1376//4799 1379//4800 1396//4801 
usemtl Polygon_XSIPOLYCLS.boeing747_material2
f 1379//4802 1382//4803 1396//4804 
usemtl Polygon_XSIPOLYCLS.boeing747_material2
f 1382//4805 1385//4806 1396//4807 
usemtl Polygon_XSIPOLYCLS.boeing747_material2
f 1385//4808 1387//4809 1396//4810 
usemtl Polygon_XSIPOLYCLS.boeing747_material2
f 1387//4811 1389//4812 1396//4813 
usemtl Polygon_XSIPOLYCLS.boeing747_material2
f 1389//4814 1391//4815 1396//4816 
usemtl Polygon_XSIPOLYCLS.boeing747_material2
f 1369//4817 1294//4818 1313//4819 
usemtl Polygon_XSIPOLYCLS.boeing747_material2
f 1294//4820 1299//4821 1313//4822 
usemtl Polygon_XSIPOLYCLS.boeing747_material2
f 1299//4823 1301//4824 1313//4825 
usemtl Polygon_XSIPOLYCLS.boeing747_material2
f 1301//4826 1303//4827 1313//4828 
usemtl Polygon_XSIPOLYCLS.boeing747_material2
f 1303//4829 1305//4830 1313//4831 
usemtl Polygon_XSIPOLYCLS.boeing747_material2
f 1305//4832 1307//4833 1313//4834 
usemtl Polygon_XSIPOLYCLS.boeing747_material2
f 1307//4835 1309//4836 1313//4837 
usemtl Polygon_XSIPOLYCLS.boeing747_material2
f 1453//4838 1450//4839 1423//4840 
usemtl Polygon_XSIPOLYCLS.boeing747_material2
f 1347//4841 1349//4842 1370//4843 
usemtl Polygon_XSIPOLYCLS.boeing747_material2
f 1349//4844 1352//4845 1370//4846 
usemtl Polygon_XSIPOLYCLS.boeing747_material2
f 1352//4847 1355//4848 1370//4849 
usemtl Polygon_XSIPOLYCLS.boeing747_material2
f 1355//4850 1358//4851 1370//4852 
usemtl Polygon_XSIPOLYCLS.boeing747_material2
f 1358//4853 1360//4854 1370//4855 
usemtl Polygon_XSIPOLYCLS.boeing747_material2
f 1360//4856 1363//4857 1370//4858 
usemtl Polygon_XSIPOLYCLS.boeing747_material2
f 1363//4859 1366//4860 1370//4861 
usemtl Polygon_XSIPOLYCLS.boeing747_material2
f 1460//4862 1454//4863 1447//4864 
usemtl Polygon_XSIPOLYCLS.boeing747_material2
f 1456//4865 1458//4866 1457//4867 
usemtl Polygon_XSIPOLYCLS.boeing747_material2
f 1457//4868 1459//4869 1461//4870 
usemtl Polygon_XSIPOLYCLS.boeing747_material2
f 1461//4871 1462//4872 1463//4873 
usemtl Polygon_XSIPOLYCLS.boeing747_material2
f 1463//4874 1464//4875 1466//4876 
usemtl Polygon_XSIPOLYCLS.boeing747_material2
f 1317//4877 1319//4878 1343//4879 
usemtl Polygon_XSIPOLYCLS.boeing747_material2
f 1319//4880 1324//4881 1343//4882 
usemtl Polygon_XSIPOLYCLS.boeing747_material2
f 1324//4883 1326//4884 1343//4885 
usemtl Polygon_XSIPOLYCLS.boeing747_material2
f 1326//4886 1328//4887 1343//4888 
usemtl Polygon_XSIPOLYCLS.boeing747_material2
f 1328//4889 1330//4890 1343//4891 
usemtl Polygon_XSIPOLYCLS.boeing747_material2
f 1330//4892 1334//4893 1343//4894 
usemtl Polygon_XSIPOLYCLS.boeing747_material2
f 1334//4895 1337//4896 1343//4897 
usemtl Polygon_XSIPOLYCLS.boeing747_material2
f 1466//4898 1467//4899 1468//4900 
usemtl Polygon_XSIPOLYCLS.boeing747_material2
f 1473//4901 1470//4902 1460//4903 
usemtl Polygon_XSIPOLYCLS.boeing747_material2
f 1468//4904 1469//4905 1471//4906 
usemtl Polygon_XSIPOLYCLS.boeing747_material2
f 1471//4907 1472//4908 1474//4909 
usemtl Polygon_XSIPOLYCLS.boeing747_material2
f 1474//4910 1475//4911 1476//4912 
usemtl Polygon_XSIPOLYCLS.boeing747_material2
f 1477//4913 1475//4914 1478//4915 
usemtl Polygon_XSIPOLYCLS.boeing747_material2
f 1475//4916 1472//4917 1478//4918 
usemtl Polygon_XSIPOLYCLS.boeing747_material2
f 1472//4919 1469//4920 1478//4921 
usemtl Polygon_XSIPOLYCLS.boeing747_material2
f 1469//4922 1467//4923 1478//4924 
usemtl Polygon_XSIPOLYCLS.boeing747_material2
f 1467//4925 1464//4926 1478//4927 
usemtl Polygon_XSIPOLYCLS.boeing747_material2
f 1464//4928 1462//4929 1478//4930 
usemtl Polygon_XSIPOLYCLS.boeing747_material2
f 1462//4931 1459//4932 1478//4933 
usemtl Polygon_XSIPOLYCLS.boeing747_material2
f 1476//4934 1477//4935 1479//4936 
usemtl Polygon_XSIPOLYCLS.boeing747_material2
f 1515//4937 1480//4938 1290//4939 
usemtl Polygon_XSIPOLYCLS.boeing747_material2
f 1482//4940 1481//4941 1473//4942 
usemtl Polygon_XSIPOLYCLS.boeing747_material2
f 1479//4943 1478//4944 1456//4945 
usemtl Polygon_XSIPOLYCLS.boeing747_material2
f 1484//4946 1486//4947 1485//4948 
usemtl Polygon_XSIPOLYCLS.boeing747_material2
f 1485//4949 1487//4950 1490//4951 
usemtl Polygon_XSIPOLYCLS.boeing747_material2
f 1513//4952 1510//4953 1492//4954 
usemtl Polygon_XSIPOLYCLS.boeing747_material2
f 1510//4955 1506//4956 1492//4957 
usemtl Polygon_XSIPOLYCLS.boeing747_material2
f 1506//4958 1500//4959 1492//4960 
usemtl Polygon_XSIPOLYCLS.boeing747_material2
f 1500//4961 1498//4962 1492//4963 
usemtl Polygon_XSIPOLYCLS.boeing747_material2
f 1498//4964 1494//4965 1492//4966 
usemtl Polygon_XSIPOLYCLS.boeing747_material2
f 1494//4967 1491//4968 1492//4969 
usemtl Polygon_XSIPOLYCLS.boeing747_material2
f 1491//4970 1487//4971 1492//4972 
usemtl Polygon_XSIPOLYCLS.boeing747_material2
f 1490//4973 1491//4974 1493//4975 
usemtl Polygon_XSIPOLYCLS.boeing747_material2
f 1496//4976 1495//4977 1482//4978 
usemtl Polygon_XSIPOLYCLS.boeing747_material2
f 1493//4979 1494//4980 1497//4981 
usemtl Polygon_XSIPOLYCLS.boeing747_material2
f 1497//4982 1498//4983 1499//4984 
usemtl Polygon_XSIPOLYCLS.boeing747_material2
f 1507//4985 1427//4986 1488//4987 
usemtl Polygon_XSIPOLYCLS.boeing747_material2
f 1524//4988 1527//4989 1502//4990 
usemtl Polygon_XSIPOLYCLS.boeing747_material2
f 1527//4991 1532//4992 1502//4993 
usemtl Polygon_XSIPOLYCLS.boeing747_material2
f 1532//4994 1535//4995 1502//4996 
usemtl Polygon_XSIPOLYCLS.boeing747_material2
f 1535//4997 1538//4998 1502//4999 
usemtl Polygon_XSIPOLYCLS.boeing747_material2
f 1538//5000 1543//5001 1502//5002 
usemtl Polygon_XSIPOLYCLS.boeing747_material2
f 1543//5003 1545//5004 1502//5005 
usemtl Polygon_XSIPOLYCLS.boeing747_material2
f 1545//5006 1503//5007 1502//5008 
usemtl Polygon_XSIPOLYCLS.boeing747_material2
f 1499//5009 1500//5010 1505//5011 
usemtl Polygon_XSIPOLYCLS.boeing747_material2
f 1511//5012 1508//5013 1496//5014 
usemtl Polygon_XSIPOLYCLS.boeing747_material2
f 1505//5015 1506//5016 1509//5017 
usemtl Polygon_XSIPOLYCLS.boeing747_material2
f 1509//5018 1510//5019 1512//5020 
usemtl Polygon_XSIPOLYCLS.boeing747_material2
f 1512//5021 1513//5022 1514//5023 
usemtl Polygon_XSIPOLYCLS.boeing747_material2
f 1489//5024 1516//5025 1515//5026 
usemtl Polygon_XSIPOLYCLS.boeing747_material2
f 1556//5027 1560//5028 1517//5029 
usemtl Polygon_XSIPOLYCLS.boeing747_material2
f 1560//5030 1562//5031 1517//5032 
usemtl Polygon_XSIPOLYCLS.boeing747_material2
f 1562//5033 1564//5034 1517//5035 
usemtl Polygon_XSIPOLYCLS.boeing747_material2
f 1564//5036 1567//5037 1517//5038 
usemtl Polygon_XSIPOLYCLS.boeing747_material2
f 1567//5039 1570//5040 1517//5041 
usemtl Polygon_XSIPOLYCLS.boeing747_material2
f 1570//5042 1572//5043 1517//5044 
usemtl Polygon_XSIPOLYCLS.boeing747_material2
f 1572//5045 1518//5046 1517//5047 
usemtl Polygon_XSIPOLYCLS.boeing747_material2
f 1514//5048 1492//5049 1484//5050 
usemtl Polygon_XSIPOLYCLS.boeing747_material2
f 1525//5051 1520//5052 1511//5053 
usemtl Polygon_XSIPOLYCLS.boeing747_material2
f 1502//5054 1522//5055 1524//5056 
usemtl Polygon_XSIPOLYCLS.boeing747_material2
f 1524//5057 1521//5058 1527//5059 
usemtl Polygon_XSIPOLYCLS.boeing747_material2
f 1581//5060 1584//5061 1528//5062 
usemtl Polygon_XSIPOLYCLS.boeing747_material2
f 1584//5063 1587//5064 1528//5065 
usemtl Polygon_XSIPOLYCLS.boeing747_material2
f 1587//5066 1589//5067 1528//5068 
usemtl Polygon_XSIPOLYCLS.boeing747_material2
f 1589//5069 1592//5070 1528//5071 
usemtl Polygon_XSIPOLYCLS.boeing747_material2
f 1592//5072 1595//5073 1528//5074 
usemtl Polygon_XSIPOLYCLS.boeing747_material2
f 1595//5075 1597//5076 1528//5077 
usemtl Polygon_XSIPOLYCLS.boeing747_material2
f 1597//5078 1529//5079 1528//5080 
usemtl Polygon_XSIPOLYCLS.boeing747_material2
f 1527//5081 1526//5082 1532//5083 
usemtl Polygon_XSIPOLYCLS.boeing747_material2
f 1536//5084 1533//5085 1525//5086 
usemtl Polygon_XSIPOLYCLS.boeing747_material2
f 1532//5087 1531//5088 1535//5089 
usemtl Polygon_XSIPOLYCLS.boeing747_material2
f 1488//5090 1501//5091 1489//5092 
usemtl Polygon_XSIPOLYCLS.boeing747_material2
f 1535//5093 1534//5094 1538//5095 
usemtl Polygon_XSIPOLYCLS.boeing747_material2
f 1605//5096 1608//5097 1539//5098 
usemtl Polygon_XSIPOLYCLS.boeing747_material2
f 1608//5099 1611//5100 1539//5101 
usemtl Polygon_XSIPOLYCLS.boeing747_material2
f 1611//5102 1613//5103 1539//5104 
usemtl Polygon_XSIPOLYCLS.boeing747_material2
f 1613//5105 1615//5106 1539//5107 
usemtl Polygon_XSIPOLYCLS.boeing747_material2
f 1615//5108 1618//5109 1539//5110 
usemtl Polygon_XSIPOLYCLS.boeing747_material2
f 1618//5111 1621//5112 1539//5113 
usemtl Polygon_XSIPOLYCLS.boeing747_material2
f 1621//5114 1540//5115 1539//5116 
usemtl Polygon_XSIPOLYCLS.boeing747_material2
f 1538//5117 1537//5118 1543//5119 
usemtl Polygon_XSIPOLYCLS.boeing747_material2
f 1429//5120 1431//5121 1536//5122 
usemtl Polygon_XSIPOLYCLS.boeing747_material2
f 1543//5123 1542//5124 1545//5125 
usemtl Polygon_XSIPOLYCLS.boeing747_material2
f 1547//5126 1428//5127 1507//5128 
usemtl Polygon_XSIPOLYCLS.boeing747_material2
f 1545//5129 1544//5130 1503//5131 
usemtl Polygon_XSIPOLYCLS.boeing747_material2
f 1503//5132 1546//5133 1504//5134 
usemtl Polygon_XSIPOLYCLS.boeing747_material2
f 1565//5135 1573//5136 1549//5137 
usemtl Polygon_XSIPOLYCLS.boeing747_material2
f 1573//5138 1582//5139 1549//5140 
usemtl Polygon_XSIPOLYCLS.boeing747_material2
f 1582//5141 1590//5142 1549//5143 
usemtl Polygon_XSIPOLYCLS.boeing747_material2
f 1590//5144 1599//5145 1549//5146 
usemtl Polygon_XSIPOLYCLS.boeing747_material2
f 1599//5147 1606//5148 1549//5149 
usemtl Polygon_XSIPOLYCLS.boeing747_material2
f 1606//5150 1616//5151 1549//5152 
usemtl Polygon_XSIPOLYCLS.boeing747_material2
f 1616//5153 1550//5154 1549//5155 
usemtl Polygon_XSIPOLYCLS.boeing747_material2
f 1504//5156 1548//5157 1502//5158 
usemtl Polygon_XSIPOLYCLS.boeing747_material2
f 1558//5159 1549//5160 1552//5161 
usemtl Polygon_XSIPOLYCLS.boeing747_material2
f 1517//5162 1554//5163 1556//5164 
usemtl Polygon_XSIPOLYCLS.boeing747_material2
f 1556//5165 1553//5166 1560//5167 
usemtl Polygon_XSIPOLYCLS.boeing747_material2
f 1560//5168 1559//5169 1562//5170 
usemtl Polygon_XSIPOLYCLS.boeing747_material2
f 1446//5171 1454//5172 1430//5173 
usemtl Polygon_XSIPOLYCLS.boeing747_material2
f 1454//5174 1470//5175 1430//5176 
usemtl Polygon_XSIPOLYCLS.boeing747_material2
f 1470//5177 1481//5178 1430//5179 
usemtl Polygon_XSIPOLYCLS.boeing747_material2
f 1481//5180 1495//5181 1430//5182 
usemtl Polygon_XSIPOLYCLS.boeing747_material2
f 1495//5183 1508//5184 1430//5185 
usemtl Polygon_XSIPOLYCLS.boeing747_material2
f 1508//5186 1520//5187 1430//5188 
usemtl Polygon_XSIPOLYCLS.boeing747_material2
f 1520//5189 1533//5190 1430//5191 
usemtl Polygon_XSIPOLYCLS.boeing747_material2
f 1562//5192 1561//5193 1564//5194 
usemtl Polygon_XSIPOLYCLS.boeing747_material2
f 1568//5195 1565//5196 1558//5197 
usemtl Polygon_XSIPOLYCLS.boeing747_material2
f 1564//5198 1563//5199 1567//5200 
usemtl Polygon_XSIPOLYCLS.boeing747_material2
f 1567//5201 1566//5202 1570//5203 
usemtl Polygon_XSIPOLYCLS.boeing747_material2
f 1570//5204 1569//5205 1572//5206 
usemtl Polygon_XSIPOLYCLS.boeing747_material2
f 1575//5207 1573//5208 1568//5209 
usemtl Polygon_XSIPOLYCLS.boeing747_material2
f 1572//5210 1571//5211 1518//5212 
usemtl Polygon_XSIPOLYCLS.boeing747_material2
f 1518//5213 1574//5214 1519//5215 
usemtl Polygon_XSIPOLYCLS.boeing747_material2
f 1377//5216 1577//5217 1465//5218 
usemtl Polygon_XSIPOLYCLS.boeing747_material2
f 1519//5219 1576//5220 1517//5221 
usemtl Polygon_XSIPOLYCLS.boeing747_material2
f 1528//5222 1579//5223 1581//5224 
usemtl Polygon_XSIPOLYCLS.boeing747_material2
f 1585//5225 1582//5226 1575//5227 
usemtl Polygon_XSIPOLYCLS.boeing747_material2
f 1581//5228 1578//5229 1584//5230 
usemtl Polygon_XSIPOLYCLS.boeing747_material2
f 1584//5231 1583//5232 1587//5233 
usemtl Polygon_XSIPOLYCLS.boeing747_material2
f 1340//5234 1342//5235 1547//5236 
usemtl Polygon_XSIPOLYCLS.boeing747_material2
f 1587//5237 1586//5238 1589//5239 
usemtl Polygon_XSIPOLYCLS.boeing747_material2
f 1291//5240 1293//5241 1377//5242 
usemtl Polygon_XSIPOLYCLS.boeing747_material2
f 1593//5243 1590//5244 1585//5245 
usemtl Polygon_XSIPOLYCLS.boeing747_material2
f 1589//5246 1588//5247 1592//5248 
usemtl Polygon_XSIPOLYCLS.boeing747_material2
f 1592//5249 1591//5250 1595//5251 
usemtl Polygon_XSIPOLYCLS.boeing747_material2
f 1595//5252 1594//5253 1597//5254 
usemtl Polygon_XSIPOLYCLS.boeing747_material2
f 1597//5255 1596//5256 1529//5257 
usemtl Polygon_XSIPOLYCLS.boeing747_material2
f 1601//5258 1599//5259 1593//5260 
usemtl Polygon_XSIPOLYCLS.boeing747_material2
f 1529//5261 1598//5262 1530//5263 
usemtl Polygon_XSIPOLYCLS.boeing747_material2
f 1530//5264 1600//5265 1528//5266 
usemtl Polygon_XSIPOLYCLS.boeing747_material2
f 1539//5267 1603//5268 1605//5269 
usemtl Polygon_XSIPOLYCLS.boeing747_material2
f 1609//5270 1606//5271 1601//5272 
usemtl Polygon_XSIPOLYCLS.boeing747_material2
f 1605//5273 1602//5274 1608//5275 
usemtl Polygon_XSIPOLYCLS.boeing747_material2
f 1608//5276 1607//5277 1611//5278 
usemtl Polygon_XSIPOLYCLS.boeing747_material2
f 1611//5279 1610//5280 1613//5281 
usemtl Polygon_XSIPOLYCLS.boeing747_material2
f 1613//5282 1612//5283 1615//5284 
usemtl Polygon_XSIPOLYCLS.boeing747_material2
f 1619//5285 1616//5286 1609//5287 
usemtl Polygon_XSIPOLYCLS.boeing747_material2
f 1615//5288 1614//5289 1618//5290 
usemtl Polygon_XSIPOLYCLS.boeing747_material2
f 1618//5291 1617//5292 1621//5293 
usemtl Polygon_XSIPOLYCLS.boeing747_material2
f 1621//5294 1620//5295 1540//5296 
usemtl Polygon_XSIPOLYCLS.boeing747_material2
f 1624//5297 1550//5298 1619//5299 
usemtl Polygon_XSIPOLYCLS.boeing747_material2
f 1540//5300 1622//5301 1541//5302 
usemtl Polygon_XSIPOLYCLS.boeing747_material2
f 1353//5303 1356//5304 1441//5305 
usemtl Polygon_XSIPOLYCLS.boeing747_material2
f 1541//5306 1623//5307 1539//5308 
usemtl Polygon_XSIPOLYCLS.boeing747_material2
f 1552//5309 1551//5310 1624//5311 
usemtl Polygon_XSIPOLYCLS.boeing747_material2
f 1625//5312 1626//5313 1627//5314 
usemtl Polygon_XSIPOLYCLS.boeing747_material2
f 1628//5315 1629//5316 1630//5317 
usemtl Polygon_XSIPOLYCLS.boeing747_material2
f 1631//5318 1630//5319 1632//5320 
usemtl Polygon_XSIPOLYCLS.boeing747_material2
f 1633//5321 1627//5322 1629//5323 
usemtl Polygon_XSIPOLYCLS.boeing747_material2
f 1627//5324 1626//5325 1632//5326 
usemtl Polygon_XSIPOLYCLS.boeing747_material2
f 1630//5327 1629//5328 1632//5329 
usemtl Polygon_XSIPOLYCLS.boeing747_material2
f 1629//5330 1627//5331 1632//5332 
usemtl Polygon_XSIPOLYCLS.boeing747_material2
f 1626//5333 1634//5334 1632//5335 
usemtl Polygon_XSIPOLYCLS.boeing747_material2
f 1635//5336 1625//5337 1633//5338 
usemtl Polygon_XSIPOLYCLS.boeing747_material2
f 1636//5339 1631//5340 1632//5341 
usemtl Polygon_XSIPOLYCLS.boeing747_material2
f 1637//5342 1630//5343 1631//5344 
usemtl Polygon_XSIPOLYCLS.boeing747_material2
f 1635//5345 1633//5346 1628//5347 
usemtl Polygon_XSIPOLYCLS.boeing747_material2
f 1635//5348 1638//5349 1625//5350 
usemtl Polygon_XSIPOLYCLS.boeing747_material2
f 1638//5351 1634//5352 1626//5353 
usemtl Polygon_XSIPOLYCLS.boeing747_material2
f 1634//5354 1639//5355 1632//5356 
usemtl Polygon_XSIPOLYCLS.boeing747_material2
f 1640//5357 1636//5358 1632//5359 
usemtl Polygon_XSIPOLYCLS.boeing747_material2
f 1641//5360 1631//5361 1636//5362 
usemtl Polygon_XSIPOLYCLS.boeing747_material2
f 1635//5363 1628//5364 1637//5365 
usemtl Polygon_XSIPOLYCLS.boeing747_material2
f 1635//5366 1642//5367 1638//5368 
usemtl Polygon_XSIPOLYCLS.boeing747_material2
f 1642//5369 1639//5370 1634//5371 
usemtl Polygon_XSIPOLYCLS.boeing747_material2
f 1639//5372 1643//5373 1632//5374 
usemtl Polygon_XSIPOLYCLS.boeing747_material2
f 1643//5375 1640//5376 1632//5377 
usemtl Polygon_XSIPOLYCLS.boeing747_material2
f 1644//5378 1636//5379 1640//5380 
usemtl Polygon_XSIPOLYCLS.boeing747_material2
f 1635//5381 1637//5382 1641//5383 
usemtl Polygon_XSIPOLYCLS.boeing747_material2
f 1635//5384 1645//5385 1642//5386 
usemtl Polygon_XSIPOLYCLS.boeing747_material2
f 1645//5387 1643//5388 1639//5389 
usemtl Polygon_XSIPOLYCLS.boeing747_material2
f 1646//5390 1640//5391 1643//5392 
usemtl Polygon_XSIPOLYCLS.boeing747_material2
f 1635//5393 1641//5394 1644//5395 
usemtl Polygon_XSIPOLYCLS.boeing747_material2
f 1635//5396 1646//5397 1645//5398 
usemtl Polygon_XSIPOLYCLS.boeing747_material2
f 1635//5399 1644//5400 1646//5401 
usemtl Polygon_XSIPOLYCLS.boeing747_material2
f 1647//5402 1648//5403 1649//5404 
usemtl Polygon_XSIPOLYCLS.boeing747_material2
f 1647//5405 1649//5406 1650//5407 
usemtl Polygon_XSIPOLYCLS.boeing747_material2
f 1647//5408 1651//5409 1648//5410 
usemtl Polygon_XSIPOLYCLS.boeing747_material2
f 1649//5411 1652//5412 1653//5413 
usemtl Polygon_XSIPOLYCLS.boeing747_material2
f 1647//5414 1650//5415 1654//5416 
usemtl Polygon_XSIPOLYCLS.boeing747_material2
f 1650//5417 1653//5418 1655//5419 
usemtl Polygon_XSIPOLYCLS.boeing747_material2
f 1648//5420 1656//5421 1652//5422 
usemtl Polygon_XSIPOLYCLS.boeing747_material2
f 1647//5423 1657//5424 1651//5425 
usemtl Polygon_XSIPOLYCLS.boeing747_material2
f 1652//5426 1655//5427 1653//5428 
usemtl Polygon_XSIPOLYCLS.boeing747_material2
f 1647//5429 1654//5430 1658//5431 
usemtl Polygon_XSIPOLYCLS.boeing747_material2
f 1654//5432 1655//5433 1659//5434 
usemtl Polygon_XSIPOLYCLS.boeing747_material2
f 1651//5435 1660//5436 1656//5437 
usemtl Polygon_XSIPOLYCLS.boeing747_material2
f 1647//5438 1661//5439 1657//5440 
usemtl Polygon_XSIPOLYCLS.boeing747_material2
f 1647//5441 1658//5442 1662//5443 
usemtl Polygon_XSIPOLYCLS.boeing747_material2
f 1658//5444 1659//5445 1663//5446 
usemtl Polygon_XSIPOLYCLS.boeing747_material2
f 1657//5447 1664//5448 1660//5449 
usemtl Polygon_XSIPOLYCLS.boeing747_material2
f 1647//5450 1665//5451 1661//5452 
usemtl Polygon_XSIPOLYCLS.boeing747_material2
f 1647//5453 1662//5454 1665//5455 
usemtl Polygon_XSIPOLYCLS.boeing747_material2
f 1662//5456 1663//5457 1666//5458 
usemtl Polygon_XSIPOLYCLS.boeing747_material2
f 1661//5459 1667//5460 1664//5461 
usemtl Polygon_XSIPOLYCLS.boeing747_material2
f 1665//5462 1666//5463 1667//5464 
usemtl boeing747_material1
f 1668//5465 1669//5466 1670//5467 
usemtl boeing747_material1
f 1671//5468 1668//5469 1670//5470 
usemtl boeing747_material1
f 1672//5471 1671//5472 1670//5473 
usemtl boeing747_material1
f 1673//5474 1672//5475 1670//5476 
usemtl boeing747_material1
f 1674//5477 1673//5478 1670//5479 
usemtl boeing747_material1
f 1675//5480 1674//5481 1670//5482 
usemtl boeing747_material1
f 1676//5483 1675//5484 1670//5485 
usemtl boeing747_material1
f 1677//5486 1676//5487 1670//5488 
usemtl boeing747_material1
f 1678//5489 1677//5490 1670//5491 
usemtl boeing747_material1
f 1669//5492 1678//5493 1670//5494 
usemtl boeing747_material1
f 1679//5495 1680//5496 1681//5497 
usemtl boeing747_material1
f 1682//5498 1679//5499 1681//5500 
usemtl boeing747_material1
f 1683//5501 1682//5502 1681//5503 
usemtl boeing747_material1
f 1684//5504 1683//5505 1681//5506 
usemtl boeing747_material1
f 1685//5507 1684//5508 1681//5509 
usemtl boeing747_material1
f 1686//5510 1685//5511 1681//5512 
usemtl boeing747_material1
f 1687//5513 1686//5514 1681//5515 
usemtl boeing747_material1
f 1688//5516 1687//5517 1681//5518 
usemtl boeing747_material1
f 1689//5519 1688//5520 1681//5521 
usemtl boeing747_material1
f 1680//5522 1689//5523 1681//5524 
usemtl boeing747_material1
f 1690//5525 1691//5526 1692//5527 
usemtl boeing747_material1
f 1690//5528 1692//5529 1693//5530 
usemtl boeing747_material1
f 1690//5531 1693//5532 1694//5533 
usemtl boeing747_material1
f 1690//5534 1694//5535 1695//5536 
usemtl boeing747_material1
f 1690//5537 1695//5538 1696//5539 
usemtl boeing747_material1
f 1690//5540 1696//5541 1697//5542 
usemtl boeing747_material1
f 1690//5543 1697//5544 1698//5545 
usemtl boeing747_material1
f 1690//5546 1698//5547 1699//5548 
usemtl boeing747_material1
f 1690//5549 1699//5550 1700//5551 
usemtl boeing747_material1
f 1690//5552 1700//5553 1691//5554 
usemtl boeing747_material1
f 1701//5555 1702//5556 1703//5557 
usemtl boeing747_material1
f 1701//5558 1703//5559 1704//5560 
usemtl boeing747_material1
f 1701//5561 1704//5562 1705//5563 
usemtl boeing747_material1
f 1706//5564 1707//5565 1708//5566 
usemtl boeing747_material1
f 1701//5567 1705//5568 1709//5569 
usemtl boeing747_material1
f 1701//5570 1709//5571 1710//5572 
usemtl boeing747_material1
f 1701//5573 1710//5574 1711//5575 
usemtl boeing747_material1
f 1701//5576 1711//5577 1712//5578 
usemtl boeing747_material1
f 1706//5579 1713//5580 1707//5581 
usemtl boeing747_material1
f 1701//5582 1712//5583 1714//5584 
usemtl boeing747_material1
f 1701//5585 1714//5586 1715//5587 
usemtl boeing747_material1
f 1701//5588 1715//5589 1702//5590 
usemtl boeing747_material1
f 1706//5591 1716//5592 1713//5593 
usemtl boeing747_material1
f 1706//5594 1717//5595 1716//5596 
usemtl boeing747_material1
f 1706//5597 1718//5598 1717//5599 
usemtl boeing747_material1
f 1706//5600 1719//5601 1718//5602 
usemtl boeing747_material1
f 1706//5603 1720//5604 1719//5605 
usemtl boeing747_material1
f 1706//5606 1721//5607 1720//5608 
usemtl boeing747_material1
f 1706//5609 1722//5610 1721//5611 
usemtl boeing747_material1
f 1706//5612 1708//5613 1722//5614 
usemtl boeing747_material1
f 1723//5615 1724//5616 1725//5617 
usemtl boeing747_material1
f 1723//5618 1726//5619 1724//5620 
usemtl boeing747_material1
f 1723//5621 1727//5622 1726//5623 
usemtl boeing747_material1
f 1728//5624 1729//5625 1730//5626 
usemtl boeing747_material1
f 1731//5627 1728//5628 1730//5629 
usemtl boeing747_material1
f 1723//5630 1732//5631 1727//5632 
usemtl boeing747_material1
f 1733//5633 1731//5634 1730//5635 
usemtl boeing747_material1
f 1734//5636 1733//5637 1730//5638 
usemtl boeing747_material1
f 1735//5639 1734//5640 1730//5641 
usemtl boeing747_material1
f 1736//5642 1735//5643 1730//5644 
usemtl boeing747_material1
f 1723//5645 1737//5646 1732//5647 
usemtl boeing747_material1
f 1738//5648 1736//5649 1730//5650 
usemtl boeing747_material1
f 1739//5651 1738//5652 1730//5653 
usemtl boeing747_material1
f 1740//5654 1739//5655 1730//5656 
usemtl boeing747_material1
f 1729//5657 1740//5658 1730//5659 
usemtl boeing747_material1
f 1723//5660 1741//5661 1737//5662 
usemtl boeing747_material1
f 1742//5663 1743//5664 1744//5665 
usemtl boeing747_material1
f 1745//5666 1742//5667 1744//5668 
usemtl boeing747_material1
f 1746//5669 1745//5670 1744//5671 
usemtl boeing747_material1
f 1723//5672 1747//5673 1741//5674 
usemtl boeing747_material1
f 1748//5675 1746//5676 1744//5677 
usemtl boeing747_material1
f 1749//5678 1748//5679 1744//5680 
usemtl boeing747_material1
f 1750//5681 1749//5682 1744//5683 
usemtl boeing747_material1
f 1723//5684 1751//5685 1747//5686 
usemtl boeing747_material1
f 1752//5687 1750//5688 1744//5689 
usemtl boeing747_material1
f 1753//5690 1752//5691 1744//5692 
usemtl boeing747_material1
f 1754//5693 1753//5694 1744//5695 
usemtl boeing747_material1
f 1743//5696 1754//5697 1744//5698 
usemtl boeing747_material1
f 1723//5699 1755//5700 1751//5701 
usemtl boeing747_material1
f 1723//5702 1725//5703 1755//5704 
usemtl Polygon_XSIPOLYCLS.boeing747_material2
f 1638//5705 1626//5706 1625//5707 
usemtl Polygon_XSIPOLYCLS.boeing747_material2
f 1633//5708 1629//5709 1628//5710 
usemtl Polygon_XSIPOLYCLS.boeing747_material2
f 1625//5711 1627//5712 1633//5713 
usemtl Polygon_XSIPOLYCLS.boeing747_material2
f 1628//5714 1630//5715 1637//5716 
usemtl Polygon_XSIPOLYCLS.boeing747_material2
f 1642//5717 1634//5718 1638//5719 
usemtl Polygon_XSIPOLYCLS.boeing747_material2
f 1637//5720 1631//5721 1641//5722 
usemtl Polygon_XSIPOLYCLS.boeing747_material2
f 1645//5723 1639//5724 1642//5725 
usemtl Polygon_XSIPOLYCLS.boeing747_material2
f 1641//5726 1636//5727 1644//5728 
usemtl Polygon_XSIPOLYCLS.boeing747_material2
f 1646//5729 1643//5730 1645//5731 
usemtl Polygon_XSIPOLYCLS.boeing747_material2
f 1644//5732 1640//5733 1646//5734 
usemtl Polygon_XSIPOLYCLS.boeing747_material2
f 1648//5735 1652//5736 1649//5737 
usemtl Polygon_XSIPOLYCLS.boeing747_material2
f 1649//5738 1653//5739 1650//5740 
usemtl Polygon_XSIPOLYCLS.boeing747_material2
f 1651//5741 1656//5742 1648//5743 
usemtl Polygon_XSIPOLYCLS.boeing747_material2
f 1656//5744 1660//5745 1652//5746 
usemtl Polygon_XSIPOLYCLS.boeing747_material2
f 1660//5747 1664//5748 1652//5749 
usemtl Polygon_XSIPOLYCLS.boeing747_material2
f 1664//5750 1667//5751 1652//5752 
usemtl Polygon_XSIPOLYCLS.boeing747_material2
f 1667//5753 1666//5754 1652//5755 
usemtl Polygon_XSIPOLYCLS.boeing747_material2
f 1666//5756 1663//5757 1652//5758 
usemtl Polygon_XSIPOLYCLS.boeing747_material2
f 1663//5759 1659//5760 1652//5761 
usemtl Polygon_XSIPOLYCLS.boeing747_material2
f 1659//5762 1655//5763 1652//5764 
usemtl Polygon_XSIPOLYCLS.boeing747_material2
f 1650//5765 1655//5766 1654//5767 
usemtl Polygon_XSIPOLYCLS.boeing747_material2
f 1657//5768 1660//5769 1651//5770 
usemtl Polygon_XSIPOLYCLS.boeing747_material2
f 1654//5771 1659//5772 1658//5773 
usemtl Polygon_XSIPOLYCLS.boeing747_material2
f 1661//5774 1664//5775 1657//5776 
usemtl Polygon_XSIPOLYCLS.boeing747_material2
f 1658//5777 1663//5778 1662//5779 
usemtl Polygon_XSIPOLYCLS.boeing747_material2
f 1665//5780 1667//5781 1661//5782 
usemtl Polygon_XSIPOLYCLS.boeing747_material2
f 1662//5783 1666//5784 1665//5785 
usemtl boeing747_material1
f 1756//5786 1757//5787 1758//5788 
usemtl boeing747_material1
f 1756//5789 1758//5790 1759//5791 
usemtl boeing747_material1
f 1756//5792 1759//5793 1760//5794 
usemtl boeing747_material1
f 1756//5795 1760//5796 1761//5797 
usemtl boeing747_material1
f 1756//5798 1761//5799 1762//5800 
usemtl boeing747_material1
f 1756//5801 1762//5802 1763//5803 
usemtl boeing747_material1
f 1756//5804 1763//5805 1764//5806 
usemtl boeing747_material1
f 1756//5807 1764//5808 1765//5809 
usemtl boeing747_material1
f 1756//5810 1765//5811 1766//5812 
usemtl boeing747_material1
f 1756//5813 1766//5814 1757//5815 
usemtl boeing747_material1
f 1767//5816 1768//5817 1769//5818 
usemtl boeing747_material1
f 1767//5819 1769//5820 1770//5821 
usemtl boeing747_material1
f 1767//5822 1770//5823 1771//5824 
usemtl boeing747_material1
f 1767//5825 1771//5826 1772//5827 
usemtl boeing747_material1
f 1767//5828 1772//5829 1773//5830 
usemtl boeing747_material1
f 1767//5831 1773//5832 1774//5833 
usemtl boeing747_material1
f 1767//5834 1774//5835 1775//5836 
usemtl boeing747_material1
f 1767//5837 1775//5838 1776//5839 
usemtl boeing747_material1
f 1767//5840 1776//5841 1777//5842 
usemtl boeing747_material1
f 1767//5843 1777//5844 1768//5845 
usemtl boeing747_material1
f 1778//5846 1779//5847 1780//5848 
usemtl boeing747_material1
f 1781//5849 1778//5850 1780//5851 
usemtl boeing747_material1
f 1782//5852 1781//5853 1780//5854 
usemtl boeing747_material1
f 1783//5855 1782//5856 1780//5857 
usemtl boeing747_material1
f 1784//5858 1783//5859 1780//5860 
usemtl boeing747_material1
f 1785//5861 1784//5862 1780//5863 
usemtl boeing747_material1
f 1786//5864 1785//5865 1780//5866 
usemtl boeing747_material1
f 1787//5867 1786//5868 1780//5869 
usemtl boeing747_material1
f 1788//5870 1789//5871 1790//5872 
usemtl boeing747_material1
f 1791//5873 1788//5874 1790//5875 
usemtl boeing747_material1
f 1792//5876 1791//5877 1790//5878 
usemtl boeing747_material1
f 1793//5879 1792//5880 1790//5881 
usemtl boeing747_material1
f 1794//5882 1793//5883 1790//5884 
usemtl boeing747_material1
f 1795//5885 1796//5886 1797//5887 
usemtl boeing747_material1
f 1798//5888 1794//5889 1790//5890 
usemtl boeing747_material1
f 1799//5891 1800//5892 1801//5893 
usemtl boeing747_material1
f 1802//5894 1798//5895 1790//5896 
usemtl boeing747_material1
f 1799//5897 1803//5898 1804//5899 
usemtl boeing747_material1
f 1805//5900 1802//5901 1790//5902 
usemtl boeing747_material1
f 1806//5903 1805//5904 1790//5905 
usemtl boeing747_material1
f 1795//5906 1797//5907 1807//5908 
usemtl boeing747_material1
f 1789//5909 1806//5910 1790//5911 
usemtl boeing747_material1
f 1795//5912 1808//5913 1796//5914 
usemtl boeing747_material1
f 1799//5915 1804//5916 1809//5917 
usemtl boeing747_material1
f 1810//5918 1787//5919 1780//5920 
usemtl boeing747_material1
f 1795//5921 1811//5922 1808//5923 
usemtl boeing747_material1
f 1795//5924 1812//5925 1811//5926 
usemtl boeing747_material1
f 1795//5927 1813//5928 1812//5929 
usemtl boeing747_material1
f 1795//5930 1814//5931 1813//5932 
usemtl boeing747_material1
f 1795//5933 1815//5934 1814//5935 
usemtl boeing747_material1
f 1795//5936 1816//5937 1815//5938 
usemtl boeing747_material1
f 1779//5939 1810//5940 1780//5941 
usemtl boeing747_material1
f 1799//5942 1817//5943 1800//5944 
usemtl boeing747_material1
f 1799//5945 1818//5946 1819//5947 
usemtl boeing747_material1
f 1799//5948 1820//5949 1818//5950 
usemtl boeing747_material1
f 1799//5951 1819//5952 1821//5953 
usemtl boeing747_material1
f 1799//5954 1801//5955 1820//5956 
usemtl boeing747_material1
f 1799//5957 1809//5958 1817//5959 
usemtl boeing747_material1
f 1795//5960 1807//5961 1816//5962 
usemtl boeing747_material1
f 1799//5963 1821//5964 1803//5965 
usemtl boeing747_material1
f 1822//5966 1823//5967 1824//5968 
usemtl boeing747_material1
f 1825//5969 1822//5970 1824//5971 
usemtl boeing747_material1
f 1826//5972 1825//5973 1824//5974 
usemtl boeing747_material1
f 1827//5975 1826//5976 1824//5977 
usemtl boeing747_material1
f 1828//5978 1827//5979 1824//5980 
usemtl boeing747_material1
f 1829//5981 1828//5982 1824//5983 
usemtl boeing747_material1
f 1830//5984 1829//5985 1824//5986 
usemtl boeing747_material1
f 1831//5987 1830//5988 1824//5989 
usemtl boeing747_material1
f 1832//5990 1831//5991 1824//5992 
usemtl boeing747_material1
f 1823//5993 1832//5994 1824//5995 
usemtl boeing747_material1
f 1833//5996 1834//5997 1835//5998 
usemtl boeing747_material1
f 1836//5999 1833//6000 1835//6001 
usemtl boeing747_material1
f 1837//6002 1836//6003 1835//6004 
usemtl boeing747_material1
f 1838//6005 1837//6006 1835//6007 
usemtl boeing747_material1
f 1839//6008 1838//6009 1835//6010 
usemtl boeing747_material1
f 1840//6011 1839//6012 1835//6013 
usemtl boeing747_material1
f 1841//6014 1840//6015 1835//6016 
usemtl boeing747_material1
f 1842//6017 1841//6018 1835//6019 
usemtl boeing747_material1
f 1843//6020 1842//6021 1835//6022 
usemtl boeing747_material1
f 1834//6023 1843//6024 1835//6025 
usemtl boeing747_material1
f 1844//6026 1845//6027 1846//6028 
usemtl boeing747_material1
f 1847//6029 1848//6030 1846//6031 
usemtl boeing747_material1
f 1845//6032 1849//6033 1846//6034 
usemtl boeing747_material1
f 1849//6035 1847//6036 1846//6037 
usemtl boeing747_material1
f 1848//6038 1850//6039 1846//6040 
usemtl boeing747_material1
f 1851//6041 1844//6042 1846//6043 
usemtl boeing747_material1
f 1850//6044 1852//6045 1846//6046 
usemtl boeing747_material1
f 1853//6047 1851//6048 1846//6049 
usemtl boeing747_material1
f 1852//6050 1854//6051 1846//6052 
usemtl boeing747_material1
f 1854//6053 1853//6054 1846//6055 
usemtl boeing747_material1
f 1855//6056 1856//6057 1857//6058 
usemtl boeing747_material1
f 1855//6059 1857//6060 1858//6061 
usemtl boeing747_material1
f 1855//6062 1859//6063 1856//6064 
usemtl boeing747_material1
f 1855//6065 1858//6066 1860//6067 
usemtl boeing747_material1
f 1855//6068 1861//6069 1859//6070 
usemtl boeing747_material1
f 1855//6071 1860//6072 1862//6073 
usemtl boeing747_material1
f 1855//6074 1863//6075 1861//6076 
usemtl boeing747_material1
f 1855//6077 1862//6078 1864//6079 
usemtl boeing747_material1
f 1855//6080 1865//6081 1863//6082 
usemtl boeing747_material1
f 1855//6083 1864//6084 1865//6085 
usemtl Polygon_XSIPOLYCLS.boeing747_material2
f 1868//6088 1867//6087 1866//6086 
usemtl boeing747_material1
f 1871//6091 1870//6090 1869//6089 
usemtl boeing747_material1
f 1874//6094 1873//6093 1872//6092 
usemtl boeing747_material1
f 1877//6097 1876//6096 1875//6095 
usemtl boeing747_material1
f 1880//6100 1879//6099 1878//6098 
usemtl boeing747_material1
f 1866//6103 1882//6102 1881//6101 
usemtl Polygon_XSIPOLYCLS.boeing747_material2
f 1876//6106 1884//6105 1883//6104 
usemtl boeing747_material1
f 1887//6109 1886//6108 1885//6107 
usemtl boeing747_material1
f 1890//6112 1889//6111 1888//6110 
usemtl boeing747_material1
f 1892//6115 1891//6114 1889//6113 
usemtl boeing747_material1
f 1869//6118 1887//6117 1893//6116 
usemtl Polygon_XSIPOLYCLS.boeing747_material2
f 1890//6121 1888//6120 1894//6119 
usemtl boeing747_material1
f 1873//6124 1874//6123 1883//6122 
usemtl boeing747_material1
f 1896//6127 1895//6126 1888//6125 
usemtl boeing747_material1
f 1899//6130 1898//6129 1897//6128 
usemtl boeing747_material1
f 1902//6133 1901//6132 1900//6131 
usemtl boeing747_material1
f 1899//6136 1903//6135 1898//6134 
usemtl boeing747_material1
f 1900//6139 1897//6138 1902//6137 
usemtl boeing747_material1
f 1904//6142 1895//6141 1894//6140 
usemtl boeing747_material1
f 1878//6145 1867//6144 1905//6143 
usemtl boeing747_material1
f 1906//6148 1871//6147 1893//6146 
usemtl boeing747_material1
f 1907//6151 1886//6150 1906//6149 
usemtl Polygon_XSIPOLYCLS.boeing747_material2
f 1902//6154 1908//6153 1901//6152 
usemtl boeing747_material1
f 1894//6157 1892//6156 1890//6155 
usemtl boeing747_material1
f 1878//6160 1909//6159 1867//6158 
usemtl Polygon_XSIPOLYCLS.boeing747_material2
f 1885//6163 1907//6162 1893//6161 
usemtl boeing747_material1
f 1866//6166 1881//6165 1868//6164 
usemtl boeing747_material1
f 1876//6169 1877//6168 1884//6167 
usemtl boeing747_material1
f 1884//6172 1877//6171 1872//6170 
usemtl boeing747_material1
f 1868//6175 1881//6174 1905//6173 
usemtl Polygon_XSIPOLYCLS.boeing747_material2
f 1893//6178 1907//6177 1906//6176 
usemtl boeing747_material1
f 1867//6181 1909//6180 1882//6179 
usemtl boeing747_material1
f 1890//6184 1892//6183 1889//6182 
usemtl Polygon_XSIPOLYCLS.boeing747_material2
f 1901//6187 1908//6186 1898//6185 
usemtl boeing747_material1
f 1906//6190 1886//6189 1871//6188 
usemtl boeing747_material1
f 1893//6193 1871//6192 1869//6191 
usemtl boeing747_material1
f 1905//6196 1867//6195 1868//6194 
usemtl boeing747_material1
f 1894//6199 1895//6198 1892//6197 
usemtl boeing747_material1
f 1902//6202 1897//6201 1908//6200 
usemtl boeing747_material1
f 1898//6205 1903//6204 1901//6203 
usemtl boeing747_material1
f 1900//6208 1901//6207 1903//6206 
usemtl boeing747_material1
f 1897//6211 1898//6210 1908//6209 
usemtl boeing747_material1
f 1888//6214 1895//6213 1904//6212 
usemtl boeing747_material1
f 1883//6217 1874//6216 1875//6215 
usemtl Polygon_XSIPOLYCLS.boeing747_material2
f 1866//6220 1867//6219 1882//6218 
usemtl boeing747_material1
f 1869//6223 1870//6222 1910//6221 
usemtl boeing747_material1
f 1872//6226 1873//6225 1884//6224 
usemtl boeing747_material1
f 1875//6229 1876//6228 1883//6227 
usemtl boeing747_material1
f 1878//6232 1879//6231 1909//6230 
usemtl boeing747_material1
f 1881//6235 1882//6234 1909//6233 
usemtl Polygon_XSIPOLYCLS.boeing747_material2
f 1883//6238 1884//6237 1873//6236 
usemtl boeing747_material1
f 1885//6241 1886//6240 1907//6239 
usemtl boeing747_material1
f 1888//6244 1889//6243 1896//6242 
usemtl boeing747_material1
f 1889//6247 1891//6246 1911//6245 
usemtl boeing747_material1
f 1893//6250 1887//6249 1885//6248 
usemtl Polygon_XSIPOLYCLS.boeing747_material2
f 1894//6253 1888//6252 1904//6251 
#end 2084 faces
