# XSI Wavefront OBJ Export v3.0
# File Created: Sun May 24 17:33:09 2009
# XSI Version: 7.5.191.0
mtllib boeing_2735triangles.mtl

o boeing747
# Hierarchy (from self to top father)
g boeing747

#begin 2286 vertices
v -21.695570 -11.010309 18.871467
v 83.518964 -48.270658 19.824641
v 19.927148 -23.629413 155.368386
v -22.956456 -22.786719 24.570625
v 80.229710 -44.981405 19.824641
v -22.956925 -22.788118 18.886623
v -23.169284 -14.704612 24.741851
v 80.641836 -47.382639 19.824641
v -21.638982 -10.981045 24.561488
v -23.203809 -14.706310 18.634278
v 80.641836 -41.628383 19.824641
v -23.155456 -18.186901 19.530859
v -23.148508 -18.183947 20.966025
v 83.518964 -40.436638 19.824641
v 138.018285 -39.820272 -29.764087
v 86.396092 -41.628383 19.824641
v -23.210142 -15.928766 20.978356
v 87.587837 -44.505511 19.824641
v -23.219472 -15.921104 19.541019
v 22.942035 -16.133578 -44.834624
v 22.169757 -19.299565 -41.180830
v 0.000000 9.519756 -136.066165
v 23.097701 -17.898483 -2.531722
v 22.377507 -18.348048 -46.258071
v -17.186046 -12.812125 -132.175480
v -17.364219 -12.816764 -130.748235
v -79.292804 -48.027579 36.064746
v -81.753352 -46.747016 14.162353
v -16.485881 -15.046134 -132.175419
v -77.534093 -43.773080 49.287716
v -16.665516 -15.046134 -130.748111
v -76.958623 -43.773080 52.617641
v -23.056007 -15.801268 -36.854360
v -23.080352 -15.805907 -35.427114
v 138.430410 -42.221507 -29.764087
v 138.430410 -36.467251 -29.764087
v -22.327016 -18.035277 -36.854298
v 141.307538 -35.275505 -29.764087
v -22.352876 -18.035277 -35.426992
v 144.184666 -36.467251 -29.764087
v -22.701971 -15.962905 -53.483475
v -22.726316 -15.967543 -52.056228
v 145.376411 -39.344379 -29.764087
v 144.184666 -42.221507 -29.764087
v -22.283969 -18.196914 -53.483414
v 141.307538 -43.413252 -29.764087
v -22.309829 -18.196913 -52.056106
v 137.238665 -39.344379 -29.764087
v -22.694305 -15.805880 -56.734614
v -22.718652 -15.810519 -55.307368
v 137.995401 -42.467139 -25.738844
v 137.995401 -35.842865 -25.738844
v -22.276303 -18.039889 -56.734555
v 141.307538 -34.470933 -25.738844
v -22.302163 -18.039889 -55.307247
v 144.619675 -35.842865 -25.738844
v -22.677339 -15.676974 -59.992671
v -22.701684 -15.681613 -58.565424
v 145.991607 -39.155002 -25.738844
v 144.619675 -42.467139 -25.738844
v -21.948349 -17.910982 -59.992608
v 141.307538 -43.839071 -25.738844
v -21.974210 -17.910982 -58.565303
v 137.783167 -42.164657 -13.523982
v -22.613045 -15.547819 -63.252786
v -22.668323 -15.552457 -61.825539
v 86.396092 -47.382639 19.824641
v 83.518964 -48.574385 19.824641
v -21.883725 -17.781827 -63.252724
v 79.450090 -44.505511 19.824641
v -21.940520 -17.781827 -61.825418
v 80.206827 -47.628272 23.849883
v -22.525564 -15.418668 -66.510841
v -22.580842 -15.423307 -65.083596
v 80.206827 -41.003998 23.849883
v 83.518964 -39.632066 23.849883
v -21.796244 -17.652677 -66.510781
v 86.831101 -41.003998 23.849883
v -21.853039 -17.652677 -65.083474
v 88.203033 -44.316135 23.849883
v -22.438083 -15.289518 -69.768899
v -22.493361 -15.294157 -68.341651
v 86.831101 -47.628272 23.849883
v -81.753352 -43.215793 14.162353
v -21.708762 -17.523527 -69.768837
v -83.518964 -42.484453 14.162353
v -21.765558 -17.523527 -68.341530
v -85.284575 -43.215793 14.162353
v -22.350602 -15.160368 -73.026956
v -22.405880 -15.165006 -71.599709
v -86.015915 -44.981405 14.162353
v -85.284575 -46.747016 14.162353
v -21.621282 -17.394376 -73.026894
v -83.518964 -47.478356 14.162353
v -21.678077 -17.394376 -71.599587
v -81.022012 -44.981405 14.162353
v -22.263120 -15.031217 -76.285010
v -22.318399 -15.035856 -74.857765
v -81.193110 -47.307258 19.824641
v -81.193110 -42.655551 19.824641
v -21.533800 -17.265226 -76.284949
v -83.518964 -41.692151 19.824641
v -21.590596 -17.265226 -74.857644
v -85.844817 -42.655551 19.824641
v -22.175640 -14.902067 -79.543069
v -22.230919 -14.906706 -78.115824
v -86.808217 -44.981405 19.824641
v -85.844817 -47.307258 19.824641
v -21.446320 -17.136076 -79.543008
v -83.518964 -48.270658 19.824641
v -21.503115 -17.136075 -78.115701
v -80.229710 -44.981405 19.824641
v -22.088281 -14.772538 -82.801127
v -22.143537 -14.777304 -81.373343
v -80.641836 -47.382639 19.824641
v -80.641836 -41.628383 19.824641
v -21.394059 -17.005846 -82.800440
v -83.518964 -40.436638 19.824641
v -21.422998 -17.006871 -81.370097
v -86.396092 -41.628383 19.824641
v -22.031914 -14.641241 -86.057280
v -22.058650 -14.645972 -84.630059
v -87.587837 -44.505511 19.824641
v -86.396092 -47.382639 19.824641
v -21.369656 -16.875180 -86.057200
v -83.518964 -48.574385 19.824641
v -21.397337 -16.875180 -84.629892
v -79.450090 -44.505511 19.824641
v -21.762014 -14.513058 -89.817988
v -21.930924 -14.517697 -88.390740
v -80.206827 -47.628272 23.849883
v -80.206827 -41.003998 23.849883
v -21.099856 -16.747067 -89.817926
v -83.518964 -39.632066 23.849883
v -21.270149 -16.747067 -88.390619
v -86.831101 -41.003998 23.849883
v -21.411561 -14.384152 -93.075556
v -21.580471 -14.388790 -91.648309
v -88.203033 -44.316135 23.849883
v -86.831101 -47.628272 23.849883
v -20.749403 -16.618161 -93.075497
v -83.518964 -49.000204 23.849883
v -20.919695 -16.618161 -91.648187
v -79.994593 -47.325790 36.064746
v -21.074219 -14.210812 -96.333614
v -21.243129 -14.215450 -94.906364
v -78.834895 -44.316135 23.849883
v -90.628810 -43.980549 43.315503
v -20.412061 -16.444821 -96.333550
v -88.543565 -49.013119 43.326513
v -20.582354 -16.444820 -94.906245
v -83.509338 -51.097677 43.331073
v -20.716840 -14.104977 -99.591913
v -20.885750 -14.109616 -98.164667
v -78.475111 -49.013119 43.326513
v -76.389866 -43.980549 43.315503
v -20.054682 -16.338986 -99.591852
v -78.475111 -38.947980 43.304493
v -20.224975 -16.338986 -98.164545
v -83.509338 -36.863422 43.299932
v -20.359461 -13.999142 -102.850215
v -20.528371 -14.003781 -101.422970
v -88.543565 -38.947980 43.304493
v -79.287524 -39.553918 49.476149
v -19.697303 -16.233151 -102.850153
v -78.880103 -39.149553 52.994507
v -19.867596 -16.233151 -101.422846
v -78.300827 -38.424620 49.793002
v -20.002081 -13.893307 -106.108514
v -20.170992 -13.897946 -104.681271
v -79.292804 -39.575259 36.064746
v -79.994593 -40.277048 36.064746
v -19.339924 -16.127316 -106.108454
v -83.520679 -37.806283 49.554200
v -19.510216 -16.127316 -104.681147
v -83.518964 -37.234425 53.150610
v -19.644703 -13.787473 -109.366816
v -19.813613 -13.792111 -107.939569
v -83.497889 -36.274741 49.903054
v -83.518964 -38.817206 36.064746
v -18.982545 -16.021481 -109.366755
v -87.753835 -39.553918 49.476149
v -19.152837 -16.021481 -107.939448
v -83.518964 -37.824726 36.064746
v -19.287323 -13.681637 -112.625116
v -19.456234 -13.686276 -111.197870
v -88.157825 -39.149553 52.994507
v -88.694952 -38.424620 49.793002
v -18.625166 -15.915646 -112.625056
v -87.745124 -39.575259 36.064746
v -18.795458 -15.915646 -111.197749
v -87.043335 -40.277048 36.064746
v -18.929944 -13.575802 -115.883418
v -19.098855 -13.580441 -114.456172
v -89.507265 -43.773080 49.287716
v -90.847646 -43.614887 49.527313
v -18.267787 -15.809811 -115.883356
v -89.495657 -43.801419 36.064746
v -18.438079 -15.809811 -114.456049
v -90.079304 -43.773080 52.617641
v -18.585961 -13.406003 -119.188349
v -18.754871 -13.410641 -117.761102
v -88.503177 -43.801419 36.064746
v -87.753835 -47.992243 49.099283
v -17.923803 -15.640011 -119.188288
v -88.157825 -48.396608 52.240776
v -18.094096 -15.640012 -117.760980
v -88.694952 -48.805153 49.261624
v -18.269762 -13.180594 -122.398552
v -18.438663 -13.185243 -120.971358
v -87.745124 -48.027579 36.064746
v -83.520679 -49.739877 49.021231
v -17.600782 -15.414903 -122.398415
v -83.518964 -50.311735 52.084673
v -17.777074 -15.414525 -120.971679
v -87.043335 -47.325790 36.064746
v -17.906590 -13.094400 -125.656602
v -18.075475 -13.099044 -124.229553
v -83.497889 -50.955032 49.151572
v -83.518964 -48.785632 36.064746
v -17.217600 -15.329121 -125.656720
v -79.287524 -47.992243 49.099283
v -17.397202 -15.328724 -124.230614
v -83.518964 -49.778112 36.064746
v -17.548031 -12.966273 -128.915403
v -17.724482 -12.970548 -127.488065
v -78.880103 -48.396608 52.240776
v -76.148133 -43.614887 49.527313
v -16.847775 -15.200553 -128.915409
v -77.542271 -43.801419 36.064746
v -17.027409 -15.200553 -127.488103
v -78.300827 -48.805153 49.261624
v -6.892157 -16.573895 210.496757
v -6.220370 -16.579749 211.920969
v -81.848965 -39.922737 36.351722
v 83.518964 -49.000204 23.849883
v -7.608893 -18.792180 210.514178
v -19.806045 -16.687588 157.523531
v -7.027540 -18.836097 211.872926
v -19.698492 -12.084277 155.157823
v -8.528627 -16.524945 207.140561
v -7.859977 -16.531100 208.563475
v 88.503177 -43.801419 36.064746
v 87.753835 -47.992243 49.099283
v -8.943777 -18.795288 207.129738
v 88.157825 -48.396608 52.240776
v -8.436875 -18.779055 208.501159
v 88.694952 -48.805153 49.261624
v -10.178922 -16.582107 203.749862
v -9.509932 -16.589165 205.173694
v -16.285066 -14.728966 -138.455099
v -84.862636 -31.734021 5.744159
v -10.245468 -18.845243 203.751841
v -83.555019 -31.316855 -9.559186
v -9.693782 -18.837415 205.145571
v -78.534751 -43.801419 36.064746
v -11.622930 -16.642308 200.404426
v -11.000957 -16.650271 201.851921
v -82.542812 -40.556113 21.955951
v -16.732263 -12.564114 -139.900516
v -11.537820 -18.909444 200.415089
v 81.753352 -43.215793 14.162353
v -10.905105 -18.907854 201.838429
v -81.827480 -30.951640 24.010394
v -12.596300 -16.632841 197.278799
v -12.191170 -16.630823 198.707684
v 90.847646 -43.614887 49.527313
v -18.281966 -7.976886 -135.122585
v -12.401656 -18.871960 197.277678
v 23.064364 -19.295884 18.662929
v -12.023137 -18.872158 198.705228
v -23.141881 -14.846370 -41.085395
v -13.547693 -16.638310 193.632026
v -13.176120 -16.642560 195.059355
v -16.705201 -15.104088 -134.751220
v -23.050552 -19.295884 24.777320
v -13.353231 -18.871693 193.631914
v -19.857360 -18.904884 157.437728
v -12.981703 -18.871891 195.059563
v -19.995866 -18.860129 156.048773
v -14.357490 -16.633797 189.943326
v -14.058908 -16.638995 191.371121
v -20.119406 -19.778350 155.064736
v -85.251308 -39.922737 36.351722
v -14.252962 -18.869224 189.944985
v -85.260586 -30.383891 23.428973
v -13.909999 -18.870367 191.372799
v -19.439469 -20.072056 161.248304
v -15.090838 -16.633797 186.433740
v -14.792402 -16.638436 187.860986
v -22.336913 -18.811660 97.364862
v -19.944090 -16.637566 156.050360
v -14.992147 -18.867806 186.433803
v 22.956456 -22.786719 24.570625
v -14.693903 -18.867806 187.861108
v 89.507265 -43.773080 49.287716
v -15.859399 -16.633643 182.788864
v -15.554077 -16.638182 184.216117
v -19.394437 -15.477448 161.336735
v -19.066574 -12.077173 161.034268
v -15.760761 -18.867838 182.788948
v -15.741796 -15.129683 -140.875317
v -15.455665 -18.867821 184.215957
v -16.610801 -12.320583 -140.853124
v -16.603284 -16.632313 179.141436
v -16.332415 -16.638820 180.568810
v 90.079304 -43.773080 52.617641
v -20.008349 -15.610466 155.072733
v -16.542284 -18.867327 179.143198
v -19.301437 -23.637414 161.068027
v -16.236206 -18.867798 180.570978
v 83.518964 -41.692151 19.824641
v -17.267184 -16.630186 175.514752
v -17.005897 -16.634825 176.941998
v -19.927148 -23.629413 155.368386
v -22.377507 -18.348048 -46.258071
v -17.251081 -18.864195 175.514813
v -17.660972 -7.981870 -140.657206
v -16.989816 -18.864195 176.942120
v -83.550136 -40.703574 19.750628
v -17.888391 -16.627256 172.121172
v -17.627104 -16.631895 173.548418
v 87.745124 -48.027579 36.064746
v 87.043335 -47.325790 36.064746
v -17.872287 -18.861265 172.121235
v 83.520679 -49.739877 49.021231
v -17.611023 -18.861265 173.548539
v 83.518964 -50.311735 52.084673
v -18.369773 -16.627149 168.543275
v -18.211388 -16.631787 169.970520
v 83.497889 -50.955032 49.151572
v 83.518964 -49.778112 36.064746
v -18.353515 -18.861157 168.543334
v 83.518964 -48.785632 36.064746
v -18.195158 -18.861157 169.970642
v 79.287524 -47.992243 49.099283
v -18.742240 -16.629956 165.185975
v -18.583855 -16.634595 166.613216
v 78.880103 -48.396608 52.240776
v 78.300827 -48.805153 49.261624
v -18.725983 -18.863965 165.186034
v 79.292804 -48.027579 36.064746
v -18.567625 -18.863965 166.613339
v 81.753352 -46.747016 14.162353
v -20.248110 -16.624361 150.147484
v -20.106205 -16.628999 151.574728
v -21.112809 -23.107972 -41.362371
v -22.328760 -16.593212 95.937837
v -20.278011 -18.858370 150.147545
v -23.064364 -19.295884 18.662929
v -20.136038 -18.858370 151.574850
v 23.001201 -18.205011 35.937875
v -20.436924 -16.624479 146.570941
v -20.396224 -16.629118 147.998186
v 136.623469 -39.155002 -25.738844
v -22.114668 -19.317606 -47.255642
v -20.466780 -18.858489 146.571004
v -22.381788 -18.805701 95.936185
v -20.426016 -18.858488 147.998310
v -23.116705 -14.833087 -47.293679
v -20.530897 -16.624602 143.280659
v -20.490196 -16.629240 144.707902
v 23.071363 -15.975641 35.937752
v 79.994593 -47.325790 36.064746
v -20.560752 -18.858610 143.280716
v -22.400178 -18.347724 -44.831070
v -20.519988 -18.858610 144.708026
v -22.410960 -20.197379 94.929940
v -20.624868 -16.624723 139.990372
v -20.584168 -16.629362 141.417620
v -22.181240 -20.259214 101.079057
v -21.995129 -13.990500 101.177288
v -20.654723 -18.858733 139.990435
v -22.035787 -11.398762 -47.006679
v -20.613961 -18.858733 141.417745
v 19.301437 -23.637414 161.068027
v -20.722656 -16.625352 136.700280
v -20.678725 -16.629565 138.127582
v -22.107385 -23.685073 100.890331
v -22.289460 -23.684258 95.169818
v -20.748696 -18.858885 136.700185
v 78.834895 -44.316135 23.849883
v -20.707932 -18.858854 138.127457
v 23.073107 -15.971002 34.510506
v -20.829202 -16.626061 133.410191
v -20.782992 -16.630551 134.837361
v -141.307538 -36.531019 -29.764087
v -143.633391 -37.494419 -29.764087
v -20.842672 -18.859370 133.409846
v -144.596791 -39.820272 -29.764087
v -20.801898 -18.859389 134.837540
v -143.633391 -42.146125 -29.764087
v -20.935751 -16.626282 130.119907
v -20.889538 -16.630886 131.547187
v -141.307538 -43.109525 -29.764087
v -138.018285 -39.820272 -29.764087
v -20.939199 -18.860190 130.119836
v -138.430410 -42.221507 -29.764087
v -20.895854 -18.860160 131.547821
v -138.430410 -36.467251 -29.764087
v -21.041992 -16.626283 126.839123
v -20.995781 -16.630921 128.266369
v -141.307538 -35.275505 -29.764087
v -144.184666 -36.467251 -29.764087
v -21.045192 -18.860291 126.839183
v -145.376411 -39.344379 -29.764087
v -20.998972 -18.860291 128.266490
v -144.184666 -42.221507 -29.764087
v -21.148234 -16.626282 123.558337
v -21.102022 -16.630921 124.985584
v -141.307538 -43.413252 -29.764087
v -137.238665 -39.344379 -29.764087
v -21.151434 -18.860291 123.558399
v -137.995401 -42.467139 -25.738844
v -21.105213 -18.860291 124.985706
v -137.995401 -35.842865 -25.738844
v -21.255983 -16.626282 120.231018
v -21.209770 -16.630921 121.658264
v -141.307538 -34.470933 -25.738844
v -144.619675 -35.842865 -25.738844
v -21.259183 -18.860291 120.231079
v -145.991607 -39.155002 -25.738844
v -21.212962 -18.860291 121.658385
v -144.619675 -42.467139 -25.738844
v -21.349414 -16.626282 117.345788
v -21.303202 -16.630921 118.773035
v -141.307538 -43.839071 -25.738844
v -137.783167 -42.164657 -13.523982
v -21.352615 -18.860291 117.345849
v -136.623469 -39.155002 -25.738844
v -21.306394 -18.860291 118.773157
v -148.417384 -38.819417 -6.273224
v -21.452642 -16.626282 114.158075
v -21.406430 -16.630921 115.585324
v -146.332139 -43.851986 -6.262214
v -141.297912 -45.936545 -6.257654
v -21.455841 -18.860291 114.158136
v -136.263685 -43.851986 -6.262214
v -21.409622 -18.860291 115.585446
v -134.178440 -38.819417 -6.273224
v -21.546827 -16.626282 111.249579
v -21.500616 -16.630921 112.676825
v -136.263685 -33.786847 -6.284234
v -141.297912 -31.702289 -6.288795
v -21.550027 -18.860291 111.249640
v -146.332139 -33.786847 -6.284234
v -21.503808 -18.860291 112.676948
v -137.076098 -34.392785 -0.112579
v -21.671205 -16.626282 108.090094
v -21.610351 -16.630921 109.517340
v -136.668677 -33.988420 3.405780
v -136.089401 -33.263487 0.204275
v -21.674418 -18.860291 108.090156
v -137.081378 -34.414126 -13.523982
v -21.613554 -18.860290 109.517462
v -137.783167 -35.115915 -13.523982
v -21.796839 -16.626196 105.115656
v -21.737188 -16.630969 106.542887
v -141.309253 -32.645150 -0.034527
v -141.307538 -32.073292 3.561883
v -21.801251 -18.860279 105.115777
v -141.286464 -31.113608 0.314327
v -21.740387 -18.860291 106.543097
v -141.307538 -32.663593 -13.523982
v -22.339649 -16.650603 91.158684
v -22.291707 -16.654514 92.586072
v -141.307538 -33.656073 -13.523982
v -145.542409 -34.392785 -0.112579
v -22.352646 -18.883161 91.158255
v -145.946399 -33.988420 3.405780
v -22.304708 -18.883626 92.586606
v -146.483526 -33.263487 0.204275
v -22.378865 -16.604992 87.836056
v -22.361786 -16.609554 89.263317
v -145.533698 -34.414126 -13.523982
v -144.831909 -35.115915 -13.523982
v -22.391575 -18.838937 87.836102
v -147.295839 -38.611947 -0.301012
v -22.374746 -18.838937 89.263411
v -147.867878 -38.611947 3.028914
v -22.461659 -16.562254 84.516858
v -22.425723 -16.566628 85.943889
v -148.636220 -38.453754 -0.061414
v -147.284231 -38.640286 -13.523982
v -22.432828 -18.795474 84.516062
v -146.291751 -38.640286 -13.523982
v -22.413626 -18.795216 85.943754
v -145.542409 -42.831110 -0.489444
v -22.545775 -16.517549 81.196339
v -22.509831 -16.522188 82.623586
v -145.946399 -43.235475 2.652048
v -146.483526 -43.644021 -0.327103
v -22.513402 -18.751558 81.196401
v -145.533698 -42.866446 -13.523982
v -22.477524 -18.751558 82.623708
v -144.831909 -42.164657 -13.523982
v -22.629891 -16.472844 77.875820
v -22.593947 -16.477483 79.303068
v -141.309253 -44.578744 -0.567496
v -141.307538 -45.150603 2.495946
v -22.597519 -18.706854 77.875883
v -141.286464 -45.793899 -0.437155
v -22.561640 -18.706854 79.303190
v -141.307538 -44.616979 -13.523982
v -22.714007 -16.428140 74.555302
v -22.678063 -16.432779 75.982550
v -141.307538 -43.624499 -13.523982
v -137.076098 -42.831110 -0.489444
v -22.681635 -18.662149 74.555365
v -136.668677 -43.235475 2.652048
v -22.645756 -18.662149 75.982672
v -136.089401 -43.644021 -0.327103
v -22.799172 -16.369948 71.200839
v -22.763228 -16.374586 72.628085
v -137.081378 -42.866446 -13.523982
v -139.541927 -41.585883 -35.426375
v -22.766800 -18.603956 71.200899
v -135.322668 -38.611947 -0.301012
v -22.730921 -18.603956 72.628206
v -134.747198 -38.611947 3.028914
v -22.840243 -16.308467 67.818487
v -22.829882 -16.313107 69.245735
v -133.936707 -38.453754 -0.061414
v -135.330845 -38.640286 -13.523982
v -22.807915 -18.542476 67.818549
v -136.323325 -38.640286 -13.523982
v -22.797621 -18.542477 69.245858
v -141.297870 -38.611947 1.305761
v -22.863973 -16.324582 64.496103
v -22.853611 -16.329220 65.923345
v -141.307538 -39.820272 -40.702647
v -141.046719 -31.219443 0.441686
v -22.831644 -18.558591 64.496162
v 81.022012 -44.981405 14.162353
v -22.821350 -18.558591 65.923469
v -142.651211 -26.572888 -42.301087
v -22.889385 -16.224308 61.173711
v -22.879025 -16.228947 62.600960
v 81.193110 -47.307258 19.824641
v 81.193110 -42.655551 19.824641
v -22.857058 -18.458317 61.173773
v 85.284575 -46.747016 14.162353
v -22.846763 -18.458317 62.601080
v -140.331386 -35.394980 -27.632777
v -22.913115 -16.240421 57.851323
v -22.902754 -16.245060 59.278571
v -142.412441 -24.401206 -20.134486
v -141.343594 -26.155723 -54.090394
v -22.880787 -18.474430 57.851386
v -143.049160 -25.222758 -26.159754
v -22.870493 -18.474430 59.278694
v -140.278164 -24.846274 -18.946863
v -22.937639 -16.201725 54.528815
v -22.927278 -16.206364 55.956061
v 85.284575 -43.215793 14.162353
v -139.637539 -32.887900 -10.427821
v -22.905310 -18.435734 54.528876
v -141.338711 -35.542441 -29.838099
v -22.895016 -18.435734 55.956184
v -139.616054 -25.790507 -25.578333
v -22.985910 -16.124333 47.991339
v -22.975549 -16.128971 49.418586
v -143.039883 -34.542094 -13.866813
v 83.518964 -47.478356 14.162353
v -22.953581 -18.358341 47.991400
v 86.015915 -44.981405 14.162353
v -22.943287 -18.358341 49.418708
v -140.223067 -26.559668 -41.932446
v -23.035643 -16.046930 41.251227
v -23.025282 -16.051576 42.678305
v -142.345547 -35.394858 -27.632777
v 83.518964 -42.484453 14.162353
v -22.992843 -18.281388 41.251327
v 139.541927 -38.054661 -35.426375
v -22.990088 -18.280870 42.677098
v 141.307538 -37.323320 -35.426375
v -23.123838 -15.774327 -33.595766
v -23.148183 -15.778966 -32.168518
v 148.417384 -38.819417 -6.273224
v 146.332139 -43.851986 -6.262214
v -22.394848 -18.008336 -33.595706
v 141.297912 -45.936545 -6.257654
v -22.420708 -18.008336 -32.168398
v 136.263685 -43.851986 -6.262214
v -23.179457 -15.787798 -30.283311
v -23.203803 -15.792437 -28.856065
v 134.178440 -38.819417 -6.273224
v 136.263685 -33.786847 -6.284234
v -22.450468 -18.021806 -30.283249
v 141.297912 -31.702289 -6.288795
v -22.476328 -18.021806 -28.855942
v 146.332139 -33.786847 -6.284234
v -23.243138 -15.774327 -27.011253
v -23.267879 -15.777642 -25.584671
v 137.076098 -34.392785 -0.112579
v 136.668677 -33.988420 3.405780
v -22.543302 -18.003501 -27.016504
v 136.089401 -33.263487 0.204275
v -22.638098 -18.004205 -25.581255
v 137.081378 -34.414126 -13.523982
v -23.299348 -15.785858 -23.698797
v -23.324129 -15.788677 -22.272848
v 137.783167 -35.115915 -13.523982
v 141.309253 -32.645150 -0.034527
v -22.770033 -18.010453 -23.702653
v 141.307538 -32.073292 3.561883
v -22.870803 -18.009296 -22.276536
v 141.286464 -31.113608 0.314327
v -23.365142 -15.749823 -20.417047
v -23.357571 -15.752703 -18.990440
v 141.307538 -32.663593 -13.523982
v 141.307538 -33.656073 -13.523982
v -23.041391 -17.992920 -20.421735
v 145.542409 -34.392785 -0.112579
v -23.141672 -17.990913 -18.992174
v 145.946399 -33.988420 3.405780
v -23.338735 -15.712802 -17.096905
v -23.330967 -15.718112 -15.669259
v 146.483526 -33.263487 0.204275
v 145.533698 -34.414126 -13.523982
v -23.145093 -17.967410 -17.097254
v 144.831909 -35.115915 -13.523982
v -23.145713 -17.967410 -15.669947
v 147.295839 -38.611947 -0.301012
v -23.306793 -15.653332 -13.836987
v -23.299161 -15.660487 -12.409401
v 147.867878 -38.611947 3.028914
v 148.636220 -38.453754 -0.061414
v -23.151542 -17.921023 -13.837367
v 147.284231 -38.640286 -13.523982
v -23.152163 -17.921022 -12.410059
v 146.291751 -38.640286 -13.523982
v -23.265833 -15.611324 -10.543539
v -23.249178 -15.620234 -9.116705
v 145.542409 -42.831110 -0.489444
v 145.946399 -43.235475 2.652048
v -23.157013 -17.883669 -10.543839
v 146.483526 -43.644021 -0.327103
v -23.157693 -17.882835 -9.119317
v 145.533698 -42.866446 -13.523982
v -23.249817 -15.640433 -7.260713
v -23.277977 -15.651796 -5.833481
v 144.831909 -42.164657 -13.523982
v 141.309253 -44.578744 -0.567496
v -23.150575 -17.911386 -7.258626
v 141.307538 -45.150603 2.495946
v -23.134121 -17.911954 -5.830711
v 141.286464 -45.793899 -0.437155
v -23.302220 -15.646309 -3.960030
v -23.307997 -15.658663 -2.534201
v 141.307538 -44.616979 -13.523982
v 141.307538 -43.624499 -13.523982
v -23.114093 -17.898483 -3.959029
v 137.076098 -42.831110 -0.489444
v -23.097701 -17.898483 -2.531722
v 136.668677 -43.235475 2.652048
v -23.319916 -15.595610 -0.646923
v -23.309470 -15.602062 0.779913
v 136.089401 -43.644021 -0.327103
v 137.081378 -42.866446 -13.523982
v -23.083379 -17.831130 -0.646574
v 139.541927 -41.585883 -35.426375
v -23.066989 -17.831130 0.780732
v 135.322668 -38.611947 -0.301012
v -23.290595 -15.583650 2.598494
v -23.273701 -15.588289 4.025739
v 134.747198 -38.611947 3.028914
v 133.936707 -38.453754 -0.061414
v -23.047578 -17.817659 2.598554
v 135.330845 -38.640286 -13.523982
v -23.031188 -17.817659 4.025861
v 136.323325 -38.640286 -13.523982
v -23.252735 -15.583427 5.897377
v -23.237226 -15.586517 7.323020
v 141.297870 -38.611947 1.305761
v 141.307538 -39.820272 -40.702647
v -23.025111 -17.814025 5.893266
v 90.628810 -43.980549 43.315503
v -23.111592 -17.811419 7.317034
v 88.543565 -49.013119 43.326513
v -23.274126 -15.577293 9.195738
v -23.267190 -15.581269 10.623061
v 143.633391 -37.494419 -29.764087
v 144.596791 -39.820272 -29.764087
v -23.168584 -17.811447 9.195546
v 143.633391 -42.146125 -29.764087
v -23.168380 -17.811315 10.622495
v 141.307538 -43.109525 -29.764087
v -23.058684 -15.883210 31.214028
v -23.060767 -15.901346 32.641085
v 143.073149 -38.054661 -35.426375
v 143.804490 -39.820272 -35.426375
v -23.018815 -18.205011 31.214281
v 143.073149 -41.585883 -35.426375
v -23.007323 -18.205011 32.641588
v 141.307538 -42.317223 -35.426375
v -23.073107 -15.971002 34.510506
v -23.071363 -15.975641 35.937752
v 138.810586 -39.820272 -35.426375
v 138.981685 -42.146125 -29.764087
v -23.002798 -18.205011 34.510566
v 138.981685 -37.494419 -29.764087
v -23.001201 -18.205011 35.937875
v 141.307538 -36.531019 -29.764087
v -82.434493 -31.720800 6.254404
v -14.946131 -19.657840 -135.078321
v 14.767450 1.192698 122.846985
v 14.773760 1.197337 121.419740
v -84.556972 -40.555991 21.955951
v 15.925552 -1.036672 121.419801
v -13.970623 -19.515982 -140.525846
v 15.917379 -1.036672 122.847105
v -16.058439 -14.751097 -139.898508
v -17.434500 -12.329733 -134.829701
v 14.710134 1.192698 132.856630
v 14.716444 1.197337 131.429383
v -83.258144 -36.380576 50.030414
v 15.868237 -1.036672 131.429444
v -84.623867 -29.562339 29.454242
v 15.860063 -1.036672 132.856752
v -16.953651 -12.543688 -138.461318
v 85.844817 -42.655551 19.824641
v 14.652784 1.192698 142.872376
v 14.659093 1.197337 141.445129
v -83.509296 -43.773080 50.894488
v 15.810886 -1.036672 141.445191
v 86.808217 -44.981405 19.824641
v 15.802713 -1.036672 142.872498
v 77.534093 -43.773080 49.287716
v 76.958623 -43.773080 52.617641
v 76.148133 -43.614887 49.527313
v 77.542271 -43.801419 36.064746
v 78.534751 -43.801419 36.064746
v 83.509296 -43.773080 50.894488
v 83.518964 -44.981405 8.840654
v 87.043335 -40.277048 36.064746
v 87.745124 -39.575259 36.064746
v 88.694952 -38.424620 49.793002
v 88.157825 -39.149553 52.994507
v 87.753835 -39.553918 49.476149
v 83.518964 -38.817206 36.064746
v 83.518964 -37.824726 36.064746
v 83.497889 -36.274741 49.903054
v 83.518964 -37.234425 53.150610
v 83.520679 -37.806283 49.554200
v 79.994593 -40.277048 36.064746
v 79.292804 -39.575259 36.064746
v 78.300827 -38.424620 49.793002
v 78.880103 -39.149553 52.994507
v 79.287524 -39.553918 49.476149
v 88.543565 -38.947980 43.304493
v 83.509338 -36.863422 43.299932
v 78.475111 -38.947980 43.304493
v 76.389866 -43.980549 43.315503
v 78.475111 -49.013119 43.326513
v 83.509338 -51.097677 43.331073
v -15.922177 -52.504998 -4.984298
v -13.344973 -52.504998 -4.984298
v -16.090398 -48.709847 -0.500451
v -15.922177 -49.444175 -2.760480
v -15.922177 -53.227560 -2.760480
v -13.344973 -53.227560 -2.760480
v -16.090398 -50.178502 -0.500451
v -15.922177 -52.504998 -0.536662
v -13.344973 -52.504998 -0.536662
v -16.090398 -51.366670 -1.363706
v -15.922177 -50.613305 0.837733
v -13.344973 -50.613305 0.837733
v -16.090398 -51.820509 -2.760480
v -15.922177 -48.275044 0.837733
v -13.344973 -48.275044 0.837733
v -16.090398 -51.366670 -4.157254
v -15.922177 -46.383352 -0.536662
v -13.344973 -46.383352 -0.536662
v -16.090398 -50.178502 -5.020509
v -16.090398 -47.067840 -2.760480
v -15.922177 -45.660789 -2.760480
v -13.344973 -45.660789 -2.760480
v -16.090398 -48.709847 -5.020509
v -16.298622 -49.444175 -2.760480
v -16.090398 -47.521680 -4.157254
v 0.372486 2.658659 187.781575
v 22.394848 -18.008336 -33.595706
v 0.421985 -50.530598 174.718234
v -197.563217 -21.337001 -93.380566
v 81.848965 -39.922737 36.351722
v 142.412441 -24.401206 -20.134486
v 142.345547 -35.394858 -27.632777
v 0.275539 -50.530598 175.071787
v 4.363104 -0.969199 -213.832013
v 11.478320 -1.418348 -165.279568
v 11.654355 -3.874176 -165.387722
v 69.244543 5.780209 -231.766253
v 4.727937 -0.378135 -211.843976
v 68.638781 5.014629 -215.489103
v 4.846884 -1.680503 -211.912091
v 11.704713 -2.739036 -163.552517
v 140.331386 -35.394980 -27.632777
v 140.223067 -26.559668 -41.932446
v 141.343594 -26.155723 -54.090394
v 142.651211 -26.572888 -42.301087
v -13.973056 -32.158943 -79.310323
v -12.770488 -33.032748 -78.474268
v -14.703563 -32.991696 -62.755385
v -17.164993 -26.774679 -98.470152
v -17.631942 -27.974088 -90.420475
v -20.391973 -20.783996 -91.126067
v 21.112809 -23.107972 -41.362371
v -20.227901 -21.573920 -90.289010
v 22.990088 -18.280870 42.677098
v 23.035643 -16.046930 41.251227
v 23.203803 -15.792437 -28.856065
v 22.450468 -18.021806 -30.283249
v 82.434493 -31.720800 6.254404
v 23.025282 -16.051576 42.678305
v 22.992843 -18.281388 41.251327
v 22.943287 -18.358341 49.418708
v 5.213383 2.142735 185.030558
v 22.985910 -16.124333 47.991339
v -0.431568 -37.636029 175.071787
v 22.975549 -16.128971 49.418586
v 22.953581 -18.358341 47.991400
v -0.078015 -37.636029 174.218234
v -0.578015 -50.530598 174.718234
v -0.431568 -50.530598 174.364681
v 22.895016 -18.435734 55.956184
v -1.874288 -53.878466 176.971789
v -1.874288 -54.601029 174.747971
v -4.451492 -53.878466 176.971789
v -1.874288 -51.986774 178.346184
v -1.874288 -53.878466 172.524153
v -4.451492 -54.601029 174.747971
v -4.690089 -52.740138 176.144745
v -4.451492 -51.986774 178.346184
v -1.874288 -49.648513 178.346184
v -1.874288 -51.986774 171.149758
v -4.451492 -53.878466 172.524153
v -4.690089 -53.193978 174.747971
v 68.637497 5.040432 -215.488219
v -4.690089 -51.551971 177.007999
v -4.451492 -49.648513 178.346184
v -1.874288 -47.756820 176.971789
v -1.874288 -49.648513 171.149758
v -4.451492 -51.986774 171.149758
v -4.690089 -52.740138 173.351196
v -1.874288 -47.756820 172.524153
v -1.874288 -47.034258 174.747971
v -4.690089 -50.083316 177.007999
v -4.451492 -47.756820 176.971789
v -4.451492 -49.648513 171.149758
v -4.690089 -51.551971 172.487942
v -4.690089 -50.817643 174.747971
v -4.451492 -47.756820 172.524153
v -4.451492 -47.034258 174.747971
v -4.690089 -48.895148 176.144745
v -4.690089 -50.083316 172.487942
v -4.451492 -50.817643 174.747971
v -4.690089 -48.441309 174.747971
v -4.690089 -48.895148 173.351196
v 2.155077 -53.878466 176.971789
v 2.155077 -54.601029 174.747971
v 4.732281 -53.878466 176.971789
v 2.155077 -51.986774 178.346184
v 2.155077 -53.878466 172.524153
v 4.732281 -54.601029 174.747971
v 4.970878 -52.740138 176.144745
v 4.732281 -51.986774 178.346184
v 2.155077 -49.648513 178.346184
v 2.155077 -51.986774 171.149758
v 4.732281 -53.878466 172.524153
v 4.970878 -53.193978 174.747971
v 2.155077 -50.817643 174.747971
v 4.970878 -51.551971 177.007999
v 4.732281 -49.648513 178.346184
v 2.155077 -47.756820 176.971789
v 2.155077 -49.648513 171.149758
v 4.732281 -51.986774 171.149758
v 4.970878 -52.740138 173.351196
v 2.155077 -47.034258 174.747971
v 2.155077 -47.756820 172.524153
v 4.970878 -50.083316 177.007999
v 4.732281 -47.756820 176.971789
v 4.732281 -49.648513 171.149758
v 4.970878 -51.551971 172.487942
v 4.970878 -50.817643 174.747971
v 4.732281 -47.034258 174.747971
v 4.732281 -47.756820 172.524153
v 4.970878 -48.895148 176.144745
v 4.970878 -50.083316 172.487942
v 4.970878 -48.895148 173.351196
v 4.970878 -48.441309 174.747971
v 4.732281 -50.817643 174.747971
v -126.301601 -26.082902 -48.866193
v -127.013515 -26.527116 -59.759015
v -127.291347 -28.559099 -28.165875
v -128.528652 -27.879777 -30.389997
v -127.907070 -26.910295 -60.960431
v -128.800625 -26.527116 -59.759015
v -127.907070 -28.398698 -60.254132
v -127.907070 -30.077043 -51.607404
v -129.512539 -26.082902 -48.866193
v -103.697597 -27.759904 -46.145734
v -102.985683 -27.315690 -35.252912
v -104.591152 -28.143082 -47.347150
v -105.212734 -29.112565 -16.776715
v -103.975429 -29.791886 -14.552594
v -103.126797 -29.311173 -12.369855
v -105.484707 -27.759904 -46.145734
v -104.591152 -29.631486 -46.640851
v -104.591152 -31.309830 -37.994123
v -106.196621 -27.315690 -35.252912
v 43.733242 -30.956870 -17.725446
v 23.002798 -18.205011 34.510566
v 45.062344 -35.564170 8.174823
v 46.922207 -33.712729 12.840350
v 44.153652 -34.029624 16.976581
v 45.173671 -32.669089 -24.476422
v 23.007323 -18.205011 32.641588
v 45.534023 -34.541953 -22.356427
v 47.334316 -30.956870 -17.725446
v 61.596035 -33.357261 21.278094
v 61.454922 -30.564780 -12.629499
v 62.671384 -32.519059 -26.614484
v 62.588711 -34.337241 2.714984
v 64.449062 -32.485679 7.380511
v 63.060879 -32.902238 -27.815900
v 63.450374 -32.519059 -26.614484
v 23.058684 -15.883210 31.214028
v 63.060879 -33.731527 -23.608997
v 64.665859 -30.564780 -12.629499
v 126.442715 -28.078386 -25.983136
v 126.301601 -26.082902 -48.866193
v 127.013515 -26.527116 -59.759015
v 127.291347 -28.559099 -28.165875
v 128.528652 -27.879777 -30.389997
v 127.907070 -26.910295 -60.960431
v 128.800625 -26.527116 -59.759015
v 127.907070 -28.398698 -60.254132
v 127.907070 -30.077043 -51.607404
v 129.512539 -26.082902 -48.866193
v 102.985683 -27.315690 -35.252912
v 103.697597 -27.759904 -46.145734
v 104.591152 -28.143082 -47.347150
v 103.975429 -29.791886 -14.552594
v 105.484707 -27.759904 -46.145734
v 104.591152 -29.631486 -46.640851
v 104.591152 -31.309830 -37.994123
v 103.126797 -29.311173 -12.369855
v 105.212734 -29.112565 -16.776715
v 106.196621 -27.315690 -35.252912
v -18.870888 -38.408748 -8.050397
v -19.809414 -40.326499 -8.050397
v -19.809414 -41.089682 6.521625
v -61.596035 -33.357261 21.278094
v -126.442715 -28.078386 -25.983136
v -14.710134 1.192698 132.856630
v -20.383996 -25.173287 148.921569
v -14.659093 1.197337 141.445129
v -5.975157 -36.257294 182.041619
v 23.277977 -15.651796 -5.833481
v 0.000000 -40.788311 25.183237
v -14.716444 1.197337 131.429383
v 197.734175 -20.552323 -73.110354
v 197.749475 -20.376690 -68.034317
v 22.400178 -18.347724 -44.831070
v 21.032134 -30.732688 87.373227
v 107.773961 -26.156752 10.891384
v -0.000000 -40.227190 -21.188618
v -21.237308 -25.422382 110.241794
v -17.666521 -30.656586 -60.960629
v -22.729621 -14.740507 -21.154456
v -16.889421 -1.222155 -21.149854
v -22.551980 -28.077784 70.305768
v -4.740577 -14.268721 212.459386
v -6.670169 -18.889457 212.731587
v -2.918260 -25.606793 212.604581
v 90.147428 -28.324373 -29.918155
v -7.568691 -33.273032 198.248187
v -0.000000 -38.275176 -61.084961
v -16.836522 -0.477627 -61.065610
v 21.054374 -32.551964 -9.703931
v -19.793618 -20.698696 -97.544452
v -11.112579 -23.902190 198.140549
v 22.058825 -24.938418 76.210330
v -22.101071 -36.985642 33.022389
v -5.784270 -22.634073 212.603118
v -9.703370 -0.643871 183.770874
v -15.628604 -13.494400 184.034426
v -12.969372 -31.389421 184.032878
v -64.665859 -30.564780 -12.629499
v -23.014583 -14.705374 32.996047
v -16.043937 -2.280929 32.982167
v -13.699336 -19.900069 -141.389975
v -17.371905 -7.292525 -141.469378
v 0.474571 -1.091161 193.607362
v 7.523073 -1.328482 187.856835
v -3.590077 2.328927 186.322697
v -63.060390 -33.885633 -12.989124
v -4.497115 -1.961370 192.240041
v 23.249817 -15.640433 -7.260713
v -14.767450 1.192698 122.846985
v -19.024744 -39.451290 6.560706
v -12.651595 3.303476 -141.399892
v 197.563217 -21.337001 -93.380566
v -0.224997 2.708664 187.818632
v -3.302840 -36.486361 182.033292
v -15.925552 -1.036672 121.419801
v -21.384543 -36.995645 8.209260
v -23.211149 -14.794238 8.234373
v 105.195290 -22.465720 5.595922
v -7.693842 -7.472623 198.166103
v -11.872424 -16.411559 198.274846
v -5.869502 -30.521910 198.110469
v 0.000000 -32.658663 198.104327
v -16.435579 -1.883006 8.236826
v -18.870888 -39.171931 6.521625
v -22.846718 -14.258288 -61.071322
v -6.544277 -32.220908 194.452044
v -12.080173 1.631707 170.663472
v -17.901001 -12.282394 170.916633
v -15.198775 -32.549759 170.657857
v -7.770351 -38.776694 197.550921
v -19.480801 -35.875571 -21.312726
v -21.179621 -35.196274 -8.119972
v -22.736671 -14.770056 -7.615675
v -6.989590 -42.045127 187.213031
v -14.222719 1.909275 148.906941
v -20.091914 -12.368901 148.902209
v -16.929153 -33.361996 149.177494
v -6.564297 -38.103232 182.436541
v -16.751270 -1.576325 -7.608316
v 107.472338 -28.767815 5.015658
v -21.418846 -37.674352 23.005752
v 22.339649 -16.650603 91.158684
v -14.445493 1.903598 110.399720
v -21.474746 -13.222727 110.235184
v -18.002539 -33.565411 110.266117
v 22.291707 -16.654514 92.586072
v -19.270417 -44.773276 6.328509
v -19.270417 -43.971885 -8.969831
v 22.352646 -18.883161 91.158255
v 21.740387 -18.860291 106.543097
v -16.414943 -2.320354 70.296355
v -22.736047 -15.350964 70.319630
v -21.958517 -37.928636 70.330029
v -47.334316 -30.956870 -17.725446
v 23.307997 -15.658663 -2.534201
v 0.000000 -40.836822 33.716707
v 21.796839 -16.626196 105.115656
v -6.123379 -36.344565 182.027484
v -15.995416 0.451918 -87.425765
v -22.491860 -12.646165 -87.458802
v -17.814190 -28.424399 -87.466907
v -0.000000 -35.520720 -87.499301
v -17.006951 -40.086047 -7.424953
v -0.000000 -23.469209 -141.624036
v 22.920583 -16.128649 -46.261904
v -63.060879 -33.731527 -23.608997
v -3.520118 5.897782 -219.984012
v -4.075693 2.337672 -220.387716
v -3.695577 -1.508316 -220.546996
v -0.000000 -5.158474 -220.636576
v -18.881711 -38.743108 -6.726756
v -14.773760 1.197337 121.419740
v 23.150575 -17.911386 -7.258626
v 0.000000 71.257268 -207.953441
v 0.000000 72.674920 -232.176725
v 0.000000 -41.840510 91.432500
v 21.737188 -16.630969 106.542887
v 0.000000 6.864023 91.507325
v 15.089065 -0.313765 91.528599
v 22.221775 -14.175582 91.455813
v 22.294385 -26.690517 91.468281
v 20.039932 -35.779909 91.538762
v 1.613298 3.883527 -224.240442
v 2.437995 2.293951 -223.910687
v 2.230896 0.420222 -223.817439
v 1.026542 -0.500934 -224.014248
v -2.156740 -3.948151 -220.807263
v -0.000000 4.772332 -224.423334
v 2.156740 -3.948151 -220.807263
v -63.450374 -32.519059 -26.614484
v 21.801251 -18.860279 105.115777
v 6.123379 -36.344565 182.027484
v -45.770176 -35.033001 -12.989124
v 21.613554 -18.860290 109.517462
v 21.671205 -16.626282 108.090094
v 21.610351 -16.630921 109.517340
v 21.674418 -18.860291 108.090156
v 21.503808 -18.860291 112.676948
v 6.564297 -38.103232 182.436541
v 6.989590 -42.045127 187.213031
v 7.770351 -38.776694 197.550921
v 6.544277 -32.220908 194.452044
v -18.666902 -44.989219 -9.029279
v -0.000000 -0.691649 -224.066264
v -0.000000 7.679546 -141.383872
v 12.651595 3.303476 -141.399892
v 17.371905 -7.292525 -141.469377
v 13.699336 -19.900069 -141.389975
v 5.784270 -22.634073 212.603118
v 11.112579 -23.902190 198.140549
v 21.546827 -16.626282 111.249579
v 7.568691 -33.273032 198.248187
v 21.500616 -16.630921 112.676825
v 22.551980 -28.077784 70.305768
v 21.492018 -25.422382 110.241794
v 20.383996 -25.173287 148.921569
v 17.944907 -24.591624 170.943619
v -5.101389 2.206448 185.102540
v 15.152632 -23.995569 184.092445
v 0.000000 -26.506469 212.707738
v -15.810886 -1.036672 141.445191
v -1.026542 -0.500934 -224.014248
v -45.534023 -34.541953 -22.356427
v -45.534023 -32.196860 -25.188459
v -44.813320 -33.141318 -23.764386
v -46.922207 -33.712729 12.840350
v -2.230896 0.420222 -223.817439
v -63.060879 -32.902238 -27.815900
v 5.869502 -30.521910 198.110469
v -64.449062 -32.485679 7.380511
v -14.652784 1.192698 142.872376
v 5.975157 -36.257294 182.041619
v -0.313071 -1.058747 193.634989
v 21.550027 -18.860291 111.249640
v 21.409622 -18.860291 115.585446
v 21.452642 -16.626282 114.158075
v 21.406430 -16.630921 115.585324
v 22.114668 -19.317606 -47.255642
v 21.455841 -18.860291 114.158136
v 21.306394 -18.860291 118.773157
v -2.437995 2.293951 -223.910687
v -0.000000 5.845418 -21.152577
v 17.666521 -30.656586 -60.960629
v 22.729621 -14.740506 -21.154456
v 16.889421 -1.222155 -21.149854
v 0.000000 -11.889860 212.803902
v 4.740577 -14.268721 212.459386
v 6.670169 -18.889457 212.731587
v 2.917798 -25.604025 212.609648
v -0.000000 6.354973 -61.065448
v -1.613298 3.883527 -224.240442
v 16.836522 -0.477627 -61.065610
v -22.282216 -16.589574 97.370742
v -22.028600 -11.401773 -41.323585
v -83.518964 -44.981405 8.840654
v -20.039932 -35.779909 91.538762
v 0.000000 5.011117 32.979929
v -22.294385 -26.690517 91.468281
v 0.000000 -20.876382 219.532855
v 22.101071 -36.985642 33.022389
v 0.000000 5.035421 183.958257
v 9.703370 -0.643871 183.770874
v 15.628604 -13.494400 184.034426
v 12.969372 -31.389421 184.032878
v -62.588711 -34.337241 2.714984
v 23.014583 -14.705374 32.996047
v 16.043937 -2.280929 32.982167
v -7.467468 -1.156546 187.935042
v -10.074204 0.600876 179.922251
v -11.604211 -1.848812 179.811662
v -10.671832 -1.310025 183.302505
v 23.116705 -14.833087 -47.293679
v -62.671384 -32.519059 -26.614484
v -10.542893 -1.138689 183.453939
v -7.191252 1.901264 182.415617
v -15.917379 -1.036672 122.847105
v 19.024744 -39.451290 6.560706
v -3.386259 -38.784187 172.286868
v 3.386259 -38.784187 172.286868
v -8.517374 1.851482 179.678378
v 3.302840 -36.486361 182.033292
v -22.221775 -14.175582 91.455813
v 21.384543 -36.995645 8.209260
v 23.211149 -14.794238 8.234373
v 0.000000 -3.938720 197.965762
v 7.693842 -7.472623 198.166103
v 11.872424 -16.411559 198.274846
v -15.868237 -1.036672 131.429444
v -15.089065 -0.313765 91.528599
v 16.435579 -1.883006 8.236826
v 0.000000 5.369236 8.230724
v 22.846726 -14.258285 -61.072005
v 0.000000 7.882302 170.634979
v 12.080173 1.631707 170.663472
v 17.901001 -12.282394 170.916633
v 15.198775 -32.549759 170.657857
v -15.860063 -1.036672 132.856752
v 19.480801 -35.875571 -21.312726
v 21.179621 -35.196274 -8.119972
v 22.736671 -14.770056 -7.615675
v 0.000000 8.475094 149.181672
v 14.222719 1.909275 148.906941
v 20.091914 -12.368901 148.902209
v 16.929153 -33.361996 149.177494
v 0.000000 -41.085520 149.193348
v 16.751270 -1.576325 -7.608316
v -0.000000 5.608688 -7.614122
v 21.418846 -37.674352 23.005752
v 0.000000 8.200781 110.395953
v 14.445493 1.903598 110.399720
v 21.474746 -13.222727 110.235184
v 18.002539 -33.565411 110.266117
v 0.000000 -41.723997 110.226007
v -18.666902 -45.782554 6.117450
v -12.297031 -45.782554 6.117450
v -12.385410 -45.409995 -0.992536
v 0.000000 5.370322 70.278831
v 16.414943 -2.320354 70.296355
v 22.736047 -15.350964 70.319630
v 21.958517 -37.928636 70.330029
v 0.000000 -41.971832 70.275342
v 21.349414 -16.626282 117.345788
v 4.475856 7.117020 -138.365876
v 21.556292 -36.288319 76.467941
v -0.000000 6.725709 -87.421569
v 15.995416 0.451918 -87.425765
v 22.491860 -12.646165 -87.458802
v 17.814190 -28.424399 -87.466907
v 1.881531 68.052488 -206.272252
v 17.006951 -40.086047 -7.424953
v -0.000000 -40.405446 -7.665026
v 0.000000 6.658896 -119.323486
v -0.000000 8.565421 -220.006461
v 3.520118 5.897782 -219.984012
v 4.075693 2.337672 -220.387716
v 3.695577 -1.508316 -220.546996
v 22.035787 -11.398762 -47.006679
v 18.881711 -38.743108 -6.726756
v 22.028600 -11.401773 -41.323585
v -9.308750 -41.737143 22.302997
v -10.081211 -41.259238 21.586566
v 23.148183 -15.778966 -32.168518
v 22.361786 -16.609554 89.263317
v -197.734175 -20.552323 -73.110354
v 82.489590 -30.007407 30.641864
v 83.555019 -31.316855 -9.559186
v 84.862636 -31.734021 5.744159
v 22.425723 -16.566628 85.943889
v 22.461659 -16.562254 84.516858
v 22.374746 -18.838937 89.263411
v 22.378865 -16.604992 87.836056
v 22.391575 -18.838937 87.836102
v 22.304708 -18.883626 92.586606
v -197.749475 -20.376690 -68.034317
v 84.623867 -29.562339 29.454242
v 22.432828 -18.795474 84.516062
v 85.251308 -39.922737 36.351722
v 22.413626 -18.795216 85.943754
v 22.420708 -18.008336 -32.168398
v -90.147428 -28.324373 -29.918155
v -7.507481 -45.634848 9.300799
v -10.045801 -41.006942 11.733856
v -7.074716 2.049021 182.254490
v 23.249178 -15.620234 -9.116705
v -107.773961 -26.156752 10.891384
v -21.032134 -30.732688 87.373227
v 23.157013 -17.883669 -10.543839
v 22.937639 -16.201725 54.528815
v 22.927278 -16.206364 55.956061
v 143.049160 -25.222758 -26.159754
v 139.616054 -25.790507 -25.578333
v 140.278164 -24.846274 -18.946863
v 22.905310 -18.435734 54.528876
v 22.870493 -18.474430 59.278694
v 22.913115 -16.240421 57.851323
v 22.902754 -16.245060 59.278571
v 22.880787 -18.474430 57.851386
v 22.846763 -18.458317 62.601080
v 22.889385 -16.224308 61.173711
v 22.879025 -16.228947 62.600960
v 139.637539 -32.887900 -10.427821
v 22.857058 -18.458317 61.173773
v 22.821350 -18.558591 65.923469
v 22.863973 -16.324582 64.496103
v 22.853611 -16.329220 65.923345
v 22.831644 -18.558591 64.496162
v 22.797621 -18.542477 69.245858
v 22.840243 -16.308467 67.818487
v 22.829882 -16.313107 69.245735
v 22.807915 -18.542476 67.818549
v 22.730921 -18.603956 72.628206
v 22.799172 -16.369948 71.200839
v 22.763228 -16.374586 72.628085
v 10.045801 -41.006942 11.733856
v 10.081211 -41.259238 21.586566
v 23.141672 -17.990913 -18.992174
v 9.239815 -41.602497 11.743493
v 7.507481 -45.634848 9.300799
v 8.389805 -44.421348 24.784442
v 9.308750 -41.737143 22.302997
v 23.365142 -15.749823 -20.417047
v 2.863437 -47.740317 9.095661
v 2.863437 -47.740317 24.989764
v 23.302220 -15.646309 -3.960030
v 2.863437 -37.036765 9.095661
v -139.541927 -38.054661 -35.426375
v 23.114093 -17.898483 -3.959029
v 0.000000 8.845899 -210.158922
v 23.145713 -17.967410 -15.669947
v 0.000000 69.477416 -230.991881
v 23.338735 -15.712802 -17.096905
v 23.330967 -15.718112 -15.669259
v 2.863437 -37.036765 24.989764
v 23.141881 -14.846370 -41.085395
v -4.475856 7.117020 -138.365876
v -1.881531 68.052488 -206.272252
v 23.145093 -17.967410 -17.097254
v 19.270417 -43.971885 -8.969831
v 19.270417 -44.773276 6.328509
v 18.666902 -44.989219 -9.029279
v 18.666902 -45.782554 6.117450
v -15.152632 -23.995569 184.092445
v 12.385410 -45.409995 -0.992536
v 12.297031 -45.782554 6.117450
v -5.356012 2.210304 184.874827
v 23.357571 -15.752703 -18.990440
v 23.041391 -17.992920 -20.421735
v 22.870803 -18.009296 -22.276536
v 23.299348 -15.785858 -23.698797
v 23.324129 -15.788677 -22.272848
v 22.770033 -18.010453 -23.702653
v 22.638098 -18.004205 -25.581255
v 23.243138 -15.774327 -27.011253
v -2.863437 -47.740317 9.095661
v -2.863437 -47.740317 24.989764
v -138.981685 -37.494419 -29.764087
v -2.863437 -37.036765 9.095661
v -141.307538 -37.323320 -35.426375
v -143.073149 -38.054661 -35.426375
v -143.073149 -41.585883 -35.426375
v 23.152163 -17.921022 -12.410059
v -143.804490 -39.820272 -35.426375
v 23.306793 -15.653332 -13.836987
v 23.299161 -15.660487 -12.409401
v -2.863437 -37.036765 24.989764
v -138.981685 -42.146125 -29.764087
v -138.810586 -39.820272 -35.426375
v -141.307538 -42.317223 -35.426375
v 23.151542 -17.921023 -13.837367
v -45.062344 -35.564170 8.174823
v -43.733242 -30.956870 -17.725446
v -44.153652 -34.029624 16.976581
v -17.944907 -24.591624 170.943619
v -61.454922 -30.564780 -12.629499
v -15.802713 -1.036672 142.872498
v 19.809414 -40.326499 -8.050397
v 19.809414 -41.089682 6.521625
v 18.870888 -38.408748 -8.050397
v 18.870888 -39.171931 6.521625
v -107.472338 -28.767815 5.015658
v 23.267879 -15.777642 -25.584671
v 22.543302 -18.003501 -27.016504
v 22.476328 -18.021806 -28.855942
v 23.179457 -15.787798 -30.283311
v -7.878533 -1.212470 187.515200
v 22.766800 -18.603956 71.200899
v 23.123838 -15.774327 -33.595766
v -21.054374 -32.551964 -9.703931
v 68.643051 5.027686 -215.483084
v -105.195290 -22.465720 5.595922
v -22.058825 -24.938418 76.210330
v -10.238176 -1.078407 184.241689
v -6.871265 2.043284 182.673896
v 1.264861 6.413046 176.927034
v 5.165440 5.231991 174.400648
v 1.284753 6.859762 174.509090
v 5.129548 4.716444 176.810264
v -11.639023 -38.138248 140.277124
v -22.942035 -16.133578 -44.834624
v -21.262239 -11.724342 95.203764
v -21.019163 -23.074762 -46.979289
v -22.920583 -16.128649 -46.261904
v -20.504879 -26.267871 140.280902
v 83.550136 -40.703574 19.750628
v -0.431568 -37.636029 174.364681
v 81.827480 -30.951640 24.010394
v -0.578015 -37.636029 174.718234
v -9.239815 -41.602497 11.743493
v -8.389805 -44.421348 24.784442
v -0.078015 -37.636029 175.218234
v 0.275539 -37.636029 174.364681
v -0.431568 -50.530598 175.071787
v -0.078015 -50.530598 174.218234
v -68.638781 5.014629 -215.489103
v -68.643051 5.027686 -215.483084
v -16.090398 -47.521680 -1.363706
v -13.344973 -50.613305 -6.358693
v -15.922177 -50.613305 -6.358693
v 22.645756 -18.662149 75.982672
v -13.344973 -48.275044 -6.358693
v -15.922177 -48.275044 -6.358693
v -13.344973 -46.383352 -4.984298
v -15.922177 -46.383352 -4.984298
v -16.090398 -47.521680 -13.769775
v -16.298622 -49.444175 -12.373001
v -16.090398 -48.709847 -14.633029
v -13.344973 -45.660789 -12.373001
v -15.922177 -45.660789 -12.373001
v -16.090398 -47.067840 -12.373001
v -16.090398 -50.178502 -14.633029
v -13.344973 -46.383352 -10.149182
v -15.922177 -46.383352 -10.149182
v -16.090398 -51.366670 -13.769775
v -13.344973 -48.275044 -8.774787
v -15.922177 -48.275044 -8.774787
v -16.090398 -51.820509 -12.373001
v -8.905232 -17.913601 207.172900
v -8.382873 -18.175890 208.690838
v -11.704713 -2.739036 -163.552517
v -4.846884 -1.680503 -211.912091
v -68.637497 5.040432 -215.488219
v -4.727937 -0.378135 -211.843976
v -69.245747 5.741395 -231.766937
v -11.654355 -3.874176 -165.387722
v -11.478320 -1.418348 -165.279568
v -4.363104 -0.969199 -213.832013
v -12.598113 -30.423073 -97.589925
v 141.338711 -35.542441 -29.838099
v 84.556972 -40.555991 21.955951
v -19.467317 -21.438799 -98.372334
v 21.019163 -23.074762 -46.979289
v -13.413206 -29.763180 -98.236895
v -13.301835 -31.176931 -91.191781
v -14.635365 -30.417627 -90.375381
v -20.735548 -21.697259 -79.312871
v -20.968660 -20.945858 -78.463424
v -17.881285 -29.175093 -79.287184
v -15.751069 -32.286331 -61.915831
v 23.083379 -17.831130 -0.646574
v 83.258144 -36.380576 50.030414
v 82.542812 -40.556113 21.955951
v 69.245747 5.741395 -231.766937
v 69.239501 5.762149 -231.785615
v -0.078015 -50.530598 174.718234
v 22.714007 -16.428140 74.555302
v 0.275539 -37.636029 175.071787
v 141.046719 -31.219443 0.441686
v -69.244543 5.780209 -231.766253
v -69.239501 5.762149 -231.785615
v 143.039883 -34.542094 -13.866813
v -21.556292 -36.288319 76.467941
v -21.446244 -20.994603 -62.729232
v -17.693694 -30.684814 -61.911634
v 23.309470 -15.602062 0.779913
v -21.259019 -21.732567 -61.889967
v -22.169757 -19.299565 -41.180830
v 22.956925 -22.788118 18.886623
v -12.195649 -38.158208 124.604499
v -17.687306 -33.583530 123.728703
v -22.223734 -14.267813 94.940494
v -21.040650 -26.248441 124.557390
v 89.495657 -43.801419 36.064746
v -17.313999 -33.564911 141.139554
v 37.454801 -33.001543 13.261891
v 37.454801 -47.818168 13.261891
v 37.808354 -33.001543 13.115444
v 37.808354 -47.818168 13.115444
v 38.161908 -33.001543 13.261891
v 38.161908 -47.818168 13.261891
v 38.308354 -33.001543 13.615444
v 38.308354 -47.818168 13.615444
v 38.161908 -33.001543 13.968997
v 38.161908 -47.818168 13.968997
v 37.808354 -33.001543 14.115444
v 37.808354 -47.818168 14.115444
v 37.454801 -33.001543 13.968997
v 37.454801 -47.818168 13.968997
v 37.308354 -33.001543 13.615444
v 37.308354 -47.818168 13.615444
v 37.808354 -47.818168 13.615444
v -13.344973 -50.613305 -8.774787
v 33.278848 -46.383352 16.202783
v 35.856052 -46.383352 16.202783
v -15.922177 -50.613305 -8.774787
v -16.090398 -51.366670 -10.976226
v 33.278848 -48.275044 14.828388
v 35.856052 -48.275044 14.828388
v 22.678063 -16.432779 75.982550
v -13.344973 -52.504998 -10.149182
v 33.278848 -50.613305 14.828388
v 35.856052 -50.613305 14.828388
v 33.110626 -47.521680 19.823376
v -15.922177 -52.504998 -10.149182
v 33.278848 -52.504998 16.202783
v 35.856052 -52.504998 16.202783
v 33.110626 -48.709847 20.686630
v -16.090398 -50.178502 -10.112972
v 33.278848 -53.227560 18.426601
v 35.856052 -53.227560 18.426601
v 33.110626 -50.178502 20.686630
v -13.344973 -53.227560 -12.373001
v 33.278848 -52.504998 20.650419
v 35.856052 -52.504998 20.650419
v 33.110626 -51.366670 19.823376
v 33.278848 -49.444175 18.426601
v 33.278848 -50.613305 22.024814
v 35.856052 -50.613305 22.024814
v 33.110626 -51.820509 18.426601
v -15.922177 -53.227560 -12.373001
v 33.278848 -48.275044 22.024814
v 35.856052 -48.275044 22.024814
v 33.110626 -51.366670 17.029827
v -15.922177 -49.444175 -12.373001
v 33.278848 -46.383352 20.650419
v 35.856052 -46.383352 20.650419
v 33.110626 -50.178502 16.166573
v 33.110626 -47.067840 18.426601
v 33.278848 -45.660789 18.426601
v 35.856052 -45.660789 18.426601
v 33.110626 -48.709847 16.166573
v 32.974285 -49.444175 18.426601
v 33.110626 -47.521680 17.029827
v -16.090398 -48.709847 -10.112972
v 33.278848 -46.383352 6.590263
v 35.856052 -46.383352 6.590263
v -13.344973 -52.504998 -14.596819
v 33.278848 -49.444175 8.814081
v 33.278848 -48.275044 5.215867
v 35.856052 -48.275044 5.215867
v 22.681635 -18.662149 74.555365
v -15.922177 -52.504998 -14.596819
v 33.278848 -50.613305 5.215867
v 35.856052 -50.613305 5.215867
v 33.110626 -47.521680 10.210855
v -16.090398 -47.521680 -10.976226
v 33.278848 -52.504998 6.590263
v 35.856052 -52.504998 6.590263
v 33.110626 -48.709847 11.074109
v -13.344973 -50.613305 -15.971214
v 33.278848 -53.227560 8.814081
v 35.856052 -53.227560 8.814081
v 33.110626 -50.178502 11.074109
v -15.922177 -50.613305 -15.971214
v 33.278848 -52.504998 11.037899
v 35.856052 -52.504998 11.037899
v 33.110626 -51.366670 10.210855
v 22.561640 -18.706854 79.303190
v 33.278848 -50.613305 12.412294
v 35.856052 -50.613305 12.412294
v 33.110626 -51.820509 8.814081
v -13.344973 -48.275044 -15.971214
v 33.278848 -48.275044 12.412294
v 35.856052 -48.275044 12.412294
v 33.110626 -51.366670 7.417306
v -15.922177 -48.275044 -15.971214
v 33.278848 -46.383352 11.037899
v 35.856052 -46.383352 11.037899
v 33.110626 -50.178502 6.554052
v 33.110626 -47.067840 8.814081
v 33.278848 -45.660789 8.814081
v 35.856052 -45.660789 8.814081
v 33.110626 -48.709847 6.554052
v 32.974285 -49.444175 8.814081
v 33.110626 -47.521680 7.417306
v -13.344973 -46.383352 -14.596819
v 42.462621 -46.383352 6.590263
v 39.885417 -46.383352 6.590263
v -15.922177 -46.383352 -14.596819
v -6.570181 -47.521680 -13.769775
v 42.462621 -48.275044 5.215867
v 39.885417 -48.275044 5.215867
v 22.629891 -16.472844 77.875820
v 42.462621 -49.444175 8.814081
v 42.462621 -50.613305 5.215867
v 39.885417 -50.613305 5.215867
v 42.630843 -47.521680 10.210855
v -6.421298 -49.444175 -12.373001
v 42.462621 -52.504998 6.590263
v 39.885417 -52.504998 6.590263
v 42.630843 -48.709847 11.074109
v -6.570181 -48.709847 -14.633029
v 42.462621 -53.227560 8.814081
v 39.885417 -53.227560 8.814081
v 42.630843 -50.178502 11.074109
v -9.315607 -45.660789 -12.373001
v 42.462621 -52.504998 11.037899
v 39.885417 -52.504998 11.037899
v 42.630843 -51.366670 10.210855
v -6.738403 -45.660789 -12.373001
v 42.462621 -50.613305 12.412294
v 39.885417 -50.613305 12.412294
v 42.630843 -51.820509 8.814081
v -6.570181 -47.067840 -12.373001
v 42.462621 -48.275044 12.412294
v 39.885417 -48.275044 12.412294
v 42.630843 -51.366670 7.417306
v 85.844817 -47.307258 19.824641
v 42.462621 -46.383352 11.037899
v 39.885417 -46.383352 11.037899
v 42.630843 -50.178502 6.554052
v 42.630843 -47.067840 8.814081
v 42.462621 -45.660789 8.814081
v 39.885417 -45.660789 8.814081
v 42.630843 -48.709847 6.554052
v 42.873509 -49.444175 8.814081
v 42.630843 -47.521680 7.417306
v -6.570181 -50.178502 -14.633029
v 42.462621 -46.383352 16.202783
v 39.885417 -46.383352 16.202783
v 42.462621 -49.444175 18.426601
v -9.315607 -46.383352 -10.149182
v 42.462621 -48.275044 14.828388
v 39.885417 -48.275044 14.828388
v 22.593947 -16.477483 79.303068
v -6.738403 -46.383352 -10.149182
v 42.462621 -50.613305 14.828388
v 39.885417 -50.613305 14.828388
v 42.630843 -47.521680 19.823376
v -6.570181 -51.366670 -13.769775
v 42.462621 -52.504998 16.202783
v 39.885417 -52.504998 16.202783
v 42.630843 -48.709847 20.686630
v -9.315607 -48.275044 -8.774787
v 42.462621 -53.227560 18.426601
v 39.885417 -53.227560 18.426601
v 42.630843 -50.178502 20.686630
v -6.738403 -48.275044 -8.774787
v 42.462621 -52.504998 20.650419
v 39.885417 -52.504998 20.650419
v 42.630843 -51.366670 19.823376
v -6.570181 -51.820509 -12.373001
v 42.462621 -50.613305 22.024814
v 39.885417 -50.613305 22.024814
v 42.630843 -51.820509 18.426601
v -9.315607 -50.613305 -8.774787
v 42.462621 -48.275044 22.024814
v 39.885417 -48.275044 22.024814
v 42.630843 -51.366670 17.029827
v -82.489590 -30.007407 30.641864
v 42.462621 -46.383352 20.650419
v 39.885417 -46.383352 20.650419
v 42.630843 -50.178502 16.166573
v 42.630843 -47.067840 18.426601
v 42.462621 -45.660789 18.426601
v 39.885417 -45.660789 18.426601
v 42.630843 -48.709847 16.166573
v 42.873509 -49.444175 18.426601
v 42.630843 -47.521680 17.029827
v -37.454801 -33.001543 13.261891
v -37.454801 -47.818168 13.261891
v -37.808354 -33.001543 13.115444
v -37.808354 -47.818168 13.115444
v -38.161908 -33.001543 13.261891
v -38.161908 -47.818168 13.261891
v -38.308354 -33.001543 13.615444
v -38.308354 -47.818168 13.615444
v -38.161908 -33.001543 13.968997
v -38.161908 -47.818168 13.968997
v -37.808354 -33.001543 14.115444
v -37.808354 -47.818168 14.115444
v -37.454801 -33.001543 13.968997
v -37.454801 -47.818168 13.968997
v -37.308354 -33.001543 13.615444
v -37.308354 -47.818168 13.615444
v -37.808354 -47.818168 13.615444
v -6.738403 -50.613305 -8.774787
v -33.278848 -46.383352 16.202783
v -35.856052 -46.383352 16.202783
v -33.278848 -49.444175 18.426601
v -6.570181 -51.366670 -10.976226
v -33.278848 -48.275044 14.828388
v -35.856052 -48.275044 14.828388
v 22.597519 -18.706854 77.875883
v -9.315607 -52.504998 -10.149182
v -33.278848 -50.613305 14.828388
v -35.856052 -50.613305 14.828388
v -33.110626 -47.521680 19.823376
v -6.738403 -52.504998 -10.149182
v -33.278848 -52.504998 16.202783
v -35.856052 -52.504998 16.202783
v -33.110626 -48.709847 20.686630
v -6.570181 -50.178502 -10.112972
v -33.278848 -53.227560 18.426601
v -35.856052 -53.227560 18.426601
v -33.110626 -50.178502 20.686630
v -9.315607 -53.227560 -12.373001
v -33.278848 -52.504998 20.650419
v -35.856052 -52.504998 20.650419
v -33.110626 -51.366670 19.823376
v -6.738403 -53.227560 -12.373001
v -33.278848 -50.613305 22.024814
v -35.856052 -50.613305 22.024814
v -33.110626 -51.820509 18.426601
v -6.570181 -48.709847 -10.112972
v -33.278848 -48.275044 22.024814
v -35.856052 -48.275044 22.024814
v -33.110626 -51.366670 17.029827
v -9.315607 -52.504998 -14.596819
v -33.278848 -46.383352 20.650419
v -35.856052 -46.383352 20.650419
v -33.110626 -50.178502 16.166573
v -33.110626 -47.067840 18.426601
v -33.278848 -45.660789 18.426601
v -35.856052 -45.660789 18.426601
v -33.110626 -48.709847 16.166573
v -32.974285 -49.444175 18.426601
v -33.110626 -47.521680 17.029827
v -6.738403 -52.504998 -14.596819
v -33.278848 -46.383352 6.590263
v -35.856052 -46.383352 6.590263
v -33.278848 -49.444175 8.814081
v -6.570181 -47.521680 -10.976226
v -33.278848 -48.275044 5.215867
v -35.856052 -48.275044 5.215867
v 22.477524 -18.751558 82.623708
v -9.315607 -50.613305 -15.971214
v -33.278848 -50.613305 5.215867
v -35.856052 -50.613305 5.215867
v -33.110626 -47.521680 10.210855
v -6.738403 -50.613305 -15.971214
v -33.278848 -52.504998 6.590263
v -35.856052 -52.504998 6.590263
v -33.110626 -48.709847 11.074109
v 85.260586 -30.383891 23.428973
v -33.278848 -53.227560 8.814081
v -35.856052 -53.227560 8.814081
v -33.110626 -50.178502 11.074109
v -9.315607 -48.275044 -15.971214
v -33.278848 -52.504998 11.037899
v -35.856052 -52.504998 11.037899
v -33.110626 -51.366670 10.210855
v -6.738403 -48.275044 -15.971214
v -33.278848 -50.613305 12.412294
v -35.856052 -50.613305 12.412294
v -33.110626 -51.820509 8.814081
v -6.738403 -49.444175 -12.373001
v -33.278848 -48.275044 12.412294
v -35.856052 -48.275044 12.412294
v -33.110626 -51.366670 7.417306
v -9.315607 -46.383352 -14.596819
v -33.278848 -46.383352 11.037899
v -35.856052 -46.383352 11.037899
v -33.110626 -50.178502 6.554052
v -33.110626 -47.067840 8.814081
v -33.278848 -45.660789 8.814081
v -35.856052 -45.660789 8.814081
v -33.110626 -48.709847 6.554052
v -32.974285 -49.444175 8.814081
v -33.110626 -47.521680 7.417306
v -6.738403 -46.383352 -14.596819
v -42.462621 -46.383352 6.590263
v -39.885417 -46.383352 6.590263
v -6.570181 -47.521680 -4.157254
v -6.361308 -49.444175 -2.760480
v -42.462621 -48.275044 5.215867
v -39.885417 -48.275044 5.215867
v 22.545775 -16.517549 81.196339
v -6.570181 -48.709847 -5.020509
v -42.462621 -50.613305 5.215867
v -39.885417 -50.613305 5.215867
v -42.630843 -47.521680 10.210855
v -9.315607 -45.660789 -2.760480
v -42.462621 -52.504998 6.590263
v -39.885417 -52.504998 6.590263
v -42.630843 -48.709847 11.074109
v -42.462621 -49.444175 8.814081
v -42.462621 -53.227560 8.814081
v -39.885417 -53.227560 8.814081
v -42.630843 -50.178502 11.074109
v -6.738403 -45.660789 -2.760480
v -42.462621 -52.504998 11.037899
v -39.885417 -52.504998 11.037899
v -42.630843 -51.366670 10.210855
v -6.570181 -47.067840 -2.760480
v -42.462621 -50.613305 12.412294
v -39.885417 -50.613305 12.412294
v -42.630843 -51.820509 8.814081
v -6.570181 -50.178502 -5.020509
v -42.462621 -48.275044 12.412294
v -39.885417 -48.275044 12.412294
v -42.630843 -51.366670 7.417306
v -9.315607 -46.383352 -0.536662
v -42.462621 -46.383352 11.037899
v -39.885417 -46.383352 11.037899
v -42.630843 -50.178502 6.554052
v -42.630843 -47.067840 8.814081
v -42.462621 -45.660789 8.814081
v -39.885417 -45.660789 8.814081
v -42.630843 -48.709847 6.554052
v -42.873509 -49.444175 8.814081
v -42.630843 -47.521680 7.417306
v -6.738403 -46.383352 -0.536662
v -42.462621 -46.383352 16.202783
v -39.885417 -46.383352 16.202783
v -6.570181 -51.366670 -4.157254
v -9.315607 -48.275044 0.837733
v -42.462621 -48.275044 14.828388
v -39.885417 -48.275044 14.828388
v 22.509831 -16.522188 82.623586
v -6.738403 -48.275044 0.837733
v -42.462621 -50.613305 14.828388
v -39.885417 -50.613305 14.828388
v -42.630843 -47.521680 19.823376
v -6.570181 -51.820509 -2.760480
v -42.462621 -52.504998 16.202783
v -39.885417 -52.504998 16.202783
v -42.630843 -48.709847 20.686630
v -42.462621 -49.444175 18.426601
v -42.462621 -53.227560 18.426601
v -39.885417 -53.227560 18.426601
v -42.630843 -50.178502 20.686630
v -9.315607 -50.613305 0.837733
v -42.462621 -52.504998 20.650419
v -39.885417 -52.504998 20.650419
v -42.630843 -51.366670 19.823376
v -6.738403 -50.613305 0.837733
v -42.462621 -50.613305 22.024814
v -39.885417 -50.613305 22.024814
v -42.630843 -51.820509 18.426601
v -6.570181 -51.366670 -1.363706
v -42.462621 -48.275044 22.024814
v -39.885417 -48.275044 22.024814
v -42.630843 -51.366670 17.029827
v -9.315607 -52.504998 -0.536662
v -42.462621 -46.383352 20.650419
v -39.885417 -46.383352 20.650419
v -42.630843 -50.178502 16.166573
v -42.630843 -47.067840 18.426601
v -42.462621 -45.660789 18.426601
v -39.885417 -45.660789 18.426601
v -42.630843 -48.709847 16.166573
v -42.873509 -49.444175 18.426601
v -42.630843 -47.521680 17.029827
v 10.914357 -37.559950 -7.925191
v 10.914357 -47.273950 -7.925191
v 11.267910 -37.559950 -8.071637
v 11.267910 -47.273950 -8.071637
v 11.621463 -37.559950 -7.925191
v 11.621463 -47.273950 -7.925191
v 11.767910 -37.559950 -7.571637
v 11.767910 -47.273950 -7.571637
v 11.621463 -37.559950 -7.218084
v 11.621463 -47.273950 -7.218084
v 11.267910 -37.559950 -7.071637
v 11.267910 -47.273950 -7.071637
v 10.914357 -37.559950 -7.218084
v 10.914357 -47.273950 -7.218084
v 10.767910 -37.559950 -7.571637
v 10.767910 -47.273950 -7.571637
v 11.267910 -47.273950 -7.571637
v 3.660563 2.180391 186.211666
v 6.738403 -46.383352 -4.984298
v 9.315607 -46.383352 -4.984298
v 23.134121 -17.911954 -5.830711
v 4.580480 -2.099025 192.154978
v 6.738403 -48.275044 -6.358693
v 9.315607 -48.275044 -6.358693
v 22.513402 -18.751558 81.196401
v 6.987278 2.012733 182.645358
v 6.738403 -50.613305 -6.358693
v 9.315607 -50.613305 -6.358693
v 6.570181 -47.521680 -1.363706
v 10.324125 -1.136353 184.207072
v 6.738403 -52.504998 -4.984298
v 9.315607 -52.504998 -4.984298
v 6.570181 -48.709847 -0.500451
v 6.738403 -49.444175 -2.760480
v 6.738403 -53.227560 -2.760480
v 9.315607 -53.227560 -2.760480
v 6.570181 -50.178502 -0.500451
v 7.950339 -1.361532 187.459577
v 6.738403 -52.504998 -0.536662
v 9.315607 -52.504998 -0.536662
v 6.570181 -51.366670 -1.363706
v 23.157693 -17.882835 -9.119317
v 6.738403 -50.613305 0.837733
v 9.315607 -50.613305 0.837733
v 6.570181 -51.820509 -2.760480
v 23.265833 -15.611324 -10.543539
v 6.738403 -48.275044 0.837733
v 9.315607 -48.275044 0.837733
v 6.570181 -51.366670 -4.157254
v 5.444134 2.151532 184.828737
v 6.738403 -46.383352 -0.536662
v 9.315607 -46.383352 -0.536662
v 6.570181 -50.178502 -5.020509
v 6.570181 -47.067840 -2.760480
v 6.738403 -45.660789 -2.760480
v 9.315607 -45.660789 -2.760480
v 6.570181 -48.709847 -5.020509
v 6.361308 -49.444175 -2.760480
v 6.570181 -47.521680 -4.157254
v 7.186438 2.019832 182.231357
v 6.738403 -46.383352 -14.596819
v 9.315607 -46.383352 -14.596819
v 8.632245 1.825548 179.657111
v 7.302631 1.872213 182.392862
v 6.738403 -48.275044 -15.971214
v 9.315607 -48.275044 -15.971214
v 0.275539 -50.530598 174.364681
v 10.632359 -1.175103 183.430521
v 6.738403 -50.613305 -15.971214
v 9.315607 -50.613305 -15.971214
v 6.570181 -47.521680 -10.976226
v 10.188253 0.574972 179.902758
v 6.738403 -52.504998 -14.596819
v 9.315607 -52.504998 -14.596819
v 6.570181 -48.709847 -10.112972
v 6.738403 -49.444175 -12.373001
v 6.738403 -53.227560 -12.373001
v 9.315607 -53.227560 -12.373001
v 6.570181 -50.178502 -10.112972
v 11.739348 -1.861085 179.802808
v 6.738403 -52.504998 -10.149182
v 9.315607 -52.504998 -10.149182
v 6.570181 -51.366670 -10.976226
v 10.764329 -1.341617 183.282374
v 6.738403 -50.613305 -8.774787
v 9.315607 -50.613305 -8.774787
v 6.570181 -51.820509 -12.373001
v -6.738403 -52.504998 -0.536662
v 6.738403 -48.275044 -8.774787
v 9.315607 -48.275044 -8.774787
v 6.570181 -51.366670 -13.769775
v -6.570181 -50.178502 -0.500451
v 6.738403 -46.383352 -10.149182
v 9.315607 -46.383352 -10.149182
v 6.570181 -50.178502 -14.633029
v 6.570181 -47.067840 -12.373001
v 6.738403 -45.660789 -12.373001
v 9.315607 -45.660789 -12.373001
v 6.570181 -48.709847 -14.633029
v 6.421298 -49.444175 -12.373001
v 6.570181 -47.521680 -13.769775
v -9.315607 -53.227560 -2.760480
v 15.922177 -46.383352 -14.596819
v 13.344973 -46.383352 -14.596819
v 15.922177 -49.444175 -12.373001
v -6.738403 -53.227560 -2.760480
v 15.922177 -48.275044 -15.971214
v 13.344973 -48.275044 -15.971214
v -0.078015 -50.530598 175.218234
v -6.570181 -48.709847 -0.500451
v 15.922177 -50.613305 -15.971214
v 13.344973 -50.613305 -15.971214
v 16.090398 -47.521680 -10.976226
v -9.315607 -52.504998 -4.984298
v 15.922177 -52.504998 -14.596819
v 13.344973 -52.504998 -14.596819
v 16.090398 -48.709847 -10.112972
v -6.738403 -52.504998 -4.984298
v 15.922177 -53.227560 -12.373001
v 13.344973 -53.227560 -12.373001
v 16.090398 -50.178502 -10.112972
v -6.570181 -47.521680 -1.363706
v 15.922177 -52.504998 -10.149182
v 13.344973 -52.504998 -10.149182
v 16.090398 -51.366670 -10.976226
v -9.315607 -50.613305 -6.358693
v 15.922177 -50.613305 -8.774787
v 13.344973 -50.613305 -8.774787
v 16.090398 -51.820509 -12.373001
v -6.738403 -50.613305 -6.358693
v 15.922177 -48.275044 -8.774787
v 13.344973 -48.275044 -8.774787
v 16.090398 -51.366670 -13.769775
v -21.153576 -11.708129 100.923836
v 15.922177 -46.383352 -10.149182
v 13.344973 -46.383352 -10.149182
v 16.090398 -50.178502 -14.633029
v 16.090398 -47.067840 -12.373001
v 15.922177 -45.660789 -12.373001
v 13.344973 -45.660789 -12.373001
v 16.090398 -48.709847 -14.633029
v 16.298622 -49.444175 -12.373001
v 16.090398 -47.521680 -13.769775
v -9.315607 -48.275044 -6.358693
v 15.922177 -46.383352 -4.984298
v 13.344973 -46.383352 -4.984298
v 15.922177 -49.444175 -2.760480
v -6.738403 -48.275044 -6.358693
v 15.922177 -48.275044 -6.358693
v 13.344973 -48.275044 -6.358693
v 0.421985 -37.636029 174.718234
v -6.738403 -49.444175 -2.760480
v 15.922177 -50.613305 -6.358693
v 13.344973 -50.613305 -6.358693
v 16.090398 -47.521680 -1.363706
v -9.315607 -46.383352 -4.984298
v 15.922177 -52.504998 -4.984298
v 13.344973 -52.504998 -4.984298
v 16.090398 -48.709847 -0.500451
v -6.738403 -46.383352 -4.984298
v 15.922177 -53.227560 -2.760480
v 13.344973 -53.227560 -2.760480
v 16.090398 -50.178502 -0.500451
v -11.267910 -47.273950 -7.571637
v 15.922177 -52.504998 -0.536662
v 13.344973 -52.504998 -0.536662
v 16.090398 -51.366670 -1.363706
v -10.767910 -47.273950 -7.571637
v 15.922177 -50.613305 0.837733
v 13.344973 -50.613305 0.837733
v 16.090398 -51.820509 -2.760480
v -10.767910 -37.559950 -7.571637
v 15.922177 -48.275044 0.837733
v 13.344973 -48.275044 0.837733
v 16.090398 -51.366670 -4.157254
v -10.914357 -47.273950 -7.218084
v 15.922177 -46.383352 -0.536662
v 13.344973 -46.383352 -0.536662
v 16.090398 -50.178502 -5.020509
v 16.090398 -47.067840 -2.760480
v 15.922177 -45.660789 -2.760480
v 13.344973 -45.660789 -2.760480
v 16.090398 -48.709847 -5.020509
v 16.298622 -49.444175 -2.760480
v 16.090398 -47.521680 -4.157254
v -10.914357 -37.559950 -7.925191
v -10.914357 -47.273950 -7.925191
v -11.267910 -37.559950 -8.071637
v -11.267910 -47.273950 -8.071637
v -11.621463 -37.559950 -7.925191
v -11.621463 -47.273950 -7.925191
v -11.767910 -37.559950 -7.571637
v -11.767910 -47.273950 -7.571637
v -11.621463 -37.559950 -7.218084
v -11.621463 -47.273950 -7.218084
v -11.267910 -37.559950 -7.071637
v -11.267910 -47.273950 -7.071637
v -10.914357 -37.559950 -7.218084
v 16.485881 -15.046134 -132.175419
v 17.364219 -12.816764 -130.748235
v 17.186046 -12.812125 -132.175480
v 16.665516 -15.046134 -130.748111
v 22.327016 -18.035277 -36.854298
v 23.080352 -15.805907 -35.427114
v 23.056007 -15.801268 -36.854360
v 22.352876 -18.035277 -35.426992
v 22.283969 -18.196914 -53.483414
v 22.726316 -15.967543 -52.056228
v 22.701971 -15.962905 -53.483475
v 22.309829 -18.196913 -52.056106
v 22.276303 -18.039889 -56.734555
v 22.718652 -15.810519 -55.307368
v 22.694305 -15.805880 -56.734614
v 22.302163 -18.039889 -55.307247
v 21.948349 -17.910982 -59.992608
v 22.701684 -15.681613 -58.565424
v 22.677339 -15.676974 -59.992671
v 21.974210 -17.910982 -58.565303
v 21.883725 -17.781827 -63.252724
v 22.668323 -15.552457 -61.825539
v 22.613045 -15.547819 -63.252786
v 21.940520 -17.781827 -61.825418
v 21.796244 -17.652677 -66.510781
v 22.580842 -15.423307 -65.083596
v 22.525564 -15.418668 -66.510841
v 21.853039 -17.652677 -65.083474
v 21.708762 -17.523527 -69.768837
v 22.493361 -15.294157 -68.341651
v 22.438083 -15.289518 -69.768899
v 21.765558 -17.523527 -68.341530
v 21.621282 -17.394376 -73.026894
v 22.405880 -15.165006 -71.599709
v 22.350602 -15.160368 -73.026956
v 21.678077 -17.394376 -71.599587
v 21.533800 -17.265226 -76.284949
v 22.318399 -15.035856 -74.857765
v 22.263120 -15.031217 -76.285010
v 21.590596 -17.265226 -74.857644
v 21.446320 -17.136076 -79.543008
v 22.230919 -14.906706 -78.115824
v 22.175640 -14.902067 -79.543069
v 21.503115 -17.136075 -78.115701
v 21.394059 -17.005846 -82.800440
v 22.143537 -14.777304 -81.373343
v 22.088281 -14.772538 -82.801127
v 21.422998 -17.006871 -81.370097
v 21.369656 -16.875180 -86.057200
v 22.058650 -14.645972 -84.630059
v 22.031914 -14.641241 -86.057280
v 21.397337 -16.875180 -84.629892
v 21.099856 -16.747067 -89.817926
v 21.930924 -14.517697 -88.390740
v 21.762014 -14.513058 -89.817988
v 21.270149 -16.747067 -88.390619
v 20.749403 -16.618161 -93.075497
v 21.580471 -14.388790 -91.648309
v 21.411561 -14.384152 -93.075556
v 20.919695 -16.618161 -91.648187
v 20.412061 -16.444821 -96.333550
v 21.243129 -14.215450 -94.906364
v 21.074219 -14.210812 -96.333614
v 20.582354 -16.444820 -94.906245
v 20.054682 -16.338986 -99.591852
v 20.885750 -14.109616 -98.164667
v 20.716840 -14.104977 -99.591913
v 20.224975 -16.338986 -98.164545
v 19.697303 -16.233151 -102.850153
v 20.528371 -14.003781 -101.422970
v 20.359461 -13.999142 -102.850215
v 19.867596 -16.233151 -101.422846
v 19.339924 -16.127316 -106.108454
v 20.170992 -13.897946 -104.681271
v 20.002081 -13.893307 -106.108514
v 19.510216 -16.127316 -104.681147
v 18.982545 -16.021481 -109.366755
v 19.813613 -13.792111 -107.939569
v 19.644703 -13.787473 -109.366816
v 19.152837 -16.021481 -107.939448
v 18.625166 -15.915646 -112.625056
v 19.456234 -13.686276 -111.197870
v 19.287323 -13.681637 -112.625116
v 18.795458 -15.915646 -111.197749
v 18.267787 -15.809811 -115.883356
v 19.098855 -13.580441 -114.456172
v 18.929944 -13.575802 -115.883418
v 18.438079 -15.809811 -114.456049
v 17.923803 -15.640011 -119.188288
v 18.754871 -13.410641 -117.761102
v 18.585961 -13.406003 -119.188349
v 18.094096 -15.640012 -117.760980
v 17.600782 -15.414903 -122.398415
v 18.438663 -13.185243 -120.971358
v 18.269762 -13.180594 -122.398552
v 17.777074 -15.414525 -120.971679
v 17.217600 -15.329121 -125.656720
v 18.075475 -13.099044 -124.229553
v 17.906590 -13.094400 -125.656602
v 17.397202 -15.328724 -124.230614
v 16.847775 -15.200553 -128.915409
v 17.724482 -12.970548 -127.488065
v 17.548031 -12.966273 -128.915403
v 17.027409 -15.200553 -127.488103
v 7.608893 -18.792180 210.514178
v 6.220370 -16.579749 211.920969
v 6.892157 -16.573895 210.496757
v 7.027540 -18.836097 211.872926
v 22.336913 -18.811660 97.364862
v 22.181240 -20.259214 101.079057
v 21.995129 -13.990500 101.177288
v 22.282216 -16.589574 97.370742
v 22.223734 -14.267813 94.940494
v 22.328760 -16.593212 95.937837
v 8.943777 -18.795288 207.129738
v 8.436875 -18.779055 208.501159
v 8.382873 -18.175890 208.690838
v 8.905232 -17.913601 207.172900
v 22.410960 -20.197379 94.929940
v 22.381788 -18.805701 95.936185
v 10.245468 -18.845243 203.751841
v 9.509932 -16.589165 205.173694
v 10.178922 -16.582107 203.749862
v 7.859977 -16.531100 208.563475
v 8.528627 -16.524945 207.140561
v 9.693782 -18.837415 205.145571
v 11.537820 -18.909444 200.415089
v 11.000957 -16.650271 201.851921
v 11.622930 -16.642308 200.404426
v 10.905105 -18.907854 201.838429
v 12.401656 -18.871960 197.277678
v 12.191170 -16.630823 198.707684
v 12.596300 -16.632841 197.278799
v 12.023137 -18.872158 198.705228
v 22.289460 -23.684258 95.169818
v 22.107385 -23.685073 100.890331
v 21.153576 -11.708129 100.923836
v 21.262239 -11.724342 95.203764
v 13.353231 -18.871693 193.631914
v 13.176120 -16.642560 195.059355
v 13.547693 -16.638310 193.632026
v 23.155456 -18.186901 19.530859
v 23.148508 -18.183947 20.966025
v 23.210142 -15.928766 20.978356
v 12.981703 -18.871891 195.059563
v 23.219472 -15.921104 19.541019
v 21.695570 -11.010309 18.871467
v 23.203809 -14.706310 18.634278
v 21.638982 -10.981045 24.561488
v 14.252962 -18.869224 189.944985
v 14.058908 -16.638995 191.371121
v 14.357490 -16.633797 189.943326
v 13.909999 -18.870367 191.372799
v 19.066574 -12.077173 161.034268
v 19.698492 -12.084277 155.157823
v 20.008349 -15.610466 155.072733
v 19.394437 -15.477448 161.336735
v 14.992147 -18.867806 186.433803
v 14.792402 -16.638436 187.860986
v 15.090838 -16.633797 186.433740
v 14.693903 -18.867806 187.861108
v 17.434500 -12.329733 -134.829701
v 16.610801 -12.320583 -140.853124
v 16.732263 -12.564114 -139.900516
v 16.953651 -12.543688 -138.461318
v 18.281966 -7.976886 -135.122585
v 17.660972 -7.981870 -140.657206
v 15.760761 -18.867838 182.788948
v 15.554077 -16.638182 184.216117
v 15.859399 -16.633643 182.788864
v 15.455665 -18.867821 184.215957
v 15.741796 -15.129683 -140.875317
v 16.705201 -15.104088 -134.751220
v 16.285066 -14.728966 -138.455099
v 16.058439 -14.751097 -139.898508
v 16.542284 -18.867327 179.143198
v 16.332415 -16.638820 180.568810
v 16.603284 -16.632313 179.141436
v 16.236206 -18.867798 180.570978
v 13.970623 -19.515982 -140.525846
v 14.946131 -19.657840 -135.078321
v 17.251081 -18.864195 175.514813
v 17.005897 -16.634825 176.941998
v 17.267184 -16.630186 175.514752
v 16.989816 -18.864195 176.942120
v 19.995866 -18.860129 156.048773
v 20.119406 -19.778350 155.064736
v 19.439469 -20.072056 161.248304
v 19.857360 -18.904884 157.437728
v 17.872287 -18.861265 172.121235
v 17.627104 -16.631895 173.548418
v 17.888391 -16.627256 172.121172
v 23.060767 -15.901346 32.641085
v 23.018815 -18.205011 31.214281
v 23.168380 -17.811315 10.622495
v 17.611023 -18.861265 173.548539
v 18.353515 -18.861157 168.543334
v 18.211388 -16.631787 169.970520
v 18.369773 -16.627149 168.543275
v 18.195158 -18.861157 169.970642
v 23.169284 -14.704612 24.741851
v 23.050552 -19.295884 24.777320
v 18.725983 -18.863965 165.186034
v 18.583855 -16.634595 166.613216
v 18.742240 -16.629956 165.185975
v 19.806045 -16.687588 157.523531
v 19.944090 -16.637566 156.050360
v 18.567625 -18.863965 166.613339
v 20.278011 -18.858370 150.147545
v 20.106205 -16.628999 151.574728
v 20.248110 -16.624361 150.147484
v 20.136038 -18.858370 151.574850
v 23.274126 -15.577293 9.195738
v 23.267190 -15.581269 10.623061
v 23.168584 -17.811447 9.195546
v 20.466780 -18.858489 146.571004
v 20.396224 -16.629118 147.998186
v 20.436924 -16.624479 146.570941
v 20.426016 -18.858488 147.998310
v 23.111592 -17.811419 7.317034
v 23.252735 -15.583427 5.897377
v 23.237226 -15.586517 7.323020
v 20.560752 -18.858610 143.280716
v 20.490196 -16.629240 144.707902
v 20.530897 -16.624602 143.280659
v 23.025111 -17.814025 5.893266
v 20.519988 -18.858610 144.708026
v 23.031188 -17.817659 4.025861
v 20.654723 -18.858733 139.990435
v 20.584168 -16.629362 141.417620
v 20.624868 -16.624723 139.990372
v 20.613961 -18.858733 141.417745
v 23.290595 -15.583650 2.598494
v 23.273701 -15.588289 4.025739
v 23.047578 -17.817659 2.598554
v 23.066989 -17.831130 0.780732
v 20.748696 -18.858885 136.700185
v 20.678725 -16.629565 138.127582
v 20.722656 -16.625352 136.700280
v 20.707932 -18.858854 138.127457
v 23.319916 -15.595610 -0.646923
v 20.842672 -18.859370 133.409846
v 20.782992 -16.630551 134.837361
v 20.829202 -16.626061 133.410191
v 20.801898 -18.859389 134.837540
v 20.939199 -18.860190 130.119836
v 20.889538 -16.630886 131.547187
v 20.935751 -16.626282 130.119907
v 20.895854 -18.860160 131.547821
v 21.045192 -18.860291 126.839183
v 20.995781 -16.630921 128.266369
v 21.041992 -16.626283 126.839123
v 20.998972 -18.860291 128.266490
v 21.151434 -18.860291 123.558399
v 21.102022 -16.630921 124.985584
v 21.148234 -16.626282 123.558337
v 21.105213 -18.860291 124.985706
v 21.259183 -18.860291 120.231079
v 21.209770 -16.630921 121.658264
v 21.255983 -16.626282 120.231018
v 21.212962 -18.860291 121.658385
v 21.352615 -18.860291 117.345849
v 21.303202 -16.630921 118.773035
#end 2286 vertices

#begin 8203 normals
vn -0.082273 0.962886 -0.257063
vn 0.135478 0.981221 -0.137298
vn -0.598031 0.789626 -0.137298
vn -0.962886 -0.082273 -0.257063
vn -0.739039 0.622687 -0.257063
vn -0.598031 0.789626 -0.137298
vn -0.981221 0.135478 -0.137298
vn -0.622687 -0.739039 -0.257063
vn -0.962886 -0.082273 -0.257063
vn -0.981221 0.135478 -0.137298
vn -0.789626 -0.598031 -0.137298
vn 0.000000 0.000000 -1.000000
vn 0.000000 0.000000 -1.000000
vn 0.000000 0.000000 -1.000000
vn 0.000000 0.000000 -1.000000
vn 0.000000 0.000000 -1.000000
vn 0.000000 0.000000 -1.000000
vn 0.000000 0.000000 -1.000000
vn 0.000000 0.000000 -1.000000
vn 0.000000 0.000000 -1.000000
vn 0.000000 0.000000 -1.000000
vn 0.000000 0.000000 -1.000000
vn 0.000000 0.000000 -1.000000
vn 0.000000 0.000000 -1.000000
vn 0.000000 0.000000 -1.000000
vn 0.000000 0.000000 -1.000000
vn 0.000000 0.000000 -1.000000
vn 0.000000 0.000000 -1.000000
vn 0.000000 0.000000 -1.000000
vn 0.000000 0.000000 -1.000000
vn 0.000000 0.000000 -1.000000
vn 0.000000 0.000000 -1.000000
vn 0.000000 0.000000 -1.000000
vn 0.000000 0.000000 -1.000000
vn 0.000000 0.000000 -1.000000
vn 0.000000 0.000000 -1.000000
vn 0.000000 0.000000 -1.000000
vn 0.000000 0.000000 -1.000000
vn 0.000000 0.000000 -1.000000
vn 0.000000 0.000000 -1.000000
vn 0.000000 0.000000 -1.000000
vn 0.000000 0.000000 -1.000000
vn 0.000000 0.000000 -1.000000
vn 0.136029 -0.985208 -0.104222
vn -0.599474 -0.792358 -0.113137
vn -0.705463 -0.706443 -0.057092
vn 0.000319 -0.999035 -0.043925
vn 0.790913 -0.599630 -0.122065
vn 0.136029 -0.985208 -0.104222
vn 0.000319 -0.999035 -0.043925
vn 0.706072 -0.705869 -0.056669
vn 0.978614 0.134220 -0.155881
vn 0.790913 -0.599630 -0.122065
vn 0.706072 -0.705869 -0.056669
vn 0.702384 0.703361 -0.109272
vn 0.707460 0.699116 0.103621
vn 0.001185 0.994970 0.100169
vn 0.702384 0.703361 -0.109272
vn 0.994963 0.001181 -0.100234
vn 0.993913 -0.008490 0.109842
vn -0.947423 -0.296937 -0.119238
vn -0.947423 -0.296937 -0.119238
vn -0.947423 -0.296937 -0.119238
vn 0.707460 0.699116 0.103621
vn 0.994963 0.001181 -0.100234
vn 0.705120 -0.703763 -0.086741
vn -0.947423 -0.296937 -0.119238
vn -0.947423 -0.296937 -0.119238
vn -0.947423 -0.296937 -0.119238
vn 0.697131 -0.707349 0.116900
vn 0.993913 -0.008490 0.109842
vn 0.705120 -0.703763 -0.086741
vn 0.000000 0.000000 -1.000000
vn 0.000000 0.000000 -1.000000
vn 0.000000 0.000000 -1.000000
vn 0.000000 0.000000 -1.000000
vn 0.000319 -0.999035 -0.043925
vn 0.706072 -0.705869 -0.056669
vn -0.950525 -0.310171 -0.017222
vn -0.950525 -0.310171 -0.017222
vn -0.950525 -0.310171 -0.017222
vn 0.790913 -0.599630 -0.122065
vn 0.136029 -0.985207 -0.104222
vn -0.705463 -0.706443 -0.057092
vn -0.950525 -0.310171 -0.017222
vn -0.950525 -0.310171 -0.017222
vn -0.950525 -0.310171 -0.017222
vn 0.000319 -0.999035 -0.043925
vn 0.136029 -0.985207 -0.104222
vn -0.599474 -0.792358 -0.113137
vn -0.996093 -0.001250 -0.088299
vn -0.705463 -0.706443 -0.057092
vn -0.599474 -0.792358 -0.113137
vn -0.980241 -0.136242 -0.143405
vn -0.703109 0.701036 -0.119106
vn -0.996093 -0.001250 -0.088299
vn -0.982815 -0.183751 -0.017584
vn -0.982815 -0.183751 -0.017584
vn -0.982794 -0.183890 -0.017361
vn -0.980241 -0.136242 -0.143405
vn -0.785055 0.593622 -0.176922
vn -0.001018 0.991296 -0.131645
vn -0.982837 -0.183613 -0.017807
vn -0.982815 -0.183751 -0.017584
vn -0.982815 -0.183751 -0.017584
vn -0.703109 0.701036 -0.119106
vn -0.785055 0.593622 -0.176922
vn -0.134169 0.971737 -0.194232
vn 0.701849 0.702358 -0.118751
vn -0.001018 0.991296 -0.131645
vn -0.134169 0.971737 -0.194232
vn 0.593858 0.782866 -0.185615
vn 0.996143 0.000075 -0.087749
vn 0.701849 0.702358 -0.118751
vn -0.982815 -0.183752 -0.017585
vn -0.982815 -0.183752 -0.017585
vn -0.982794 -0.183890 -0.017362
vn 0.593858 0.782866 -0.185615
vn 0.978614 0.134220 -0.155881
vn 0.706072 -0.705869 -0.056669
vn -0.982837 -0.183614 -0.017807
vn -0.982815 -0.183752 -0.017585
vn -0.982815 -0.183752 -0.017585
vn 0.996143 0.000075 -0.087749
vn 0.978614 0.134220 -0.155881
vn 0.790913 -0.599630 -0.122065
vn -0.136753 -0.990452 0.017399
vn 0.603738 -0.797129 0.009250
vn 0.706072 -0.705869 -0.056669
vn 0.000319 -0.999035 -0.043925
vn -0.797187 -0.603732 0.001099
vn -0.136753 -0.990452 0.017399
vn -0.950525 -0.310171 -0.017222
vn -0.950525 -0.310171 -0.017222
vn -0.950525 -0.310171 -0.017222
vn 0.000319 -0.999035 -0.043925
vn -0.705463 -0.706443 -0.057092
vn -0.990172 0.136581 -0.030086
vn -0.950525 -0.310171 -0.017222
vn -0.950525 -0.310171 -0.017222
vn -0.950525 -0.310171 -0.017222
vn -0.797187 -0.603732 0.001099
vn -0.705463 -0.706443 -0.057092
vn -0.996093 -0.001250 -0.088299
vn 0.000000 0.000000 -1.000000
vn -0.622940 -0.739273 -0.255774
vn 0.082260 -0.963230 -0.255774
vn -0.000000 -0.000000 -1.000000
vn -0.403519 0.536904 0.740883
vn 0.117837 0.659295 0.742593
vn -0.949945 -0.310123 -0.037800
vn -0.949945 -0.310123 -0.037800
vn -0.949945 -0.310123 -0.037800
vn 0.000275 -0.042876 0.999080
vn -0.789061 0.588766 0.175321
vn -0.135278 0.974194 0.180681
vn -0.949945 -0.310123 -0.037800
vn -0.949945 -0.310123 -0.037800
vn -0.949945 -0.310123 -0.037800
vn 0.117837 0.659295 0.742593
vn -0.403519 0.536904 0.740883
vn 0.696407 -0.707377 0.120974
vn -0.002628 -0.992802 0.119738
vn -0.132395 -0.968793 0.209550
vn 0.580049 -0.783667 0.222281
vn 0.785784 -0.594870 -0.169329
vn 0.134488 -0.974926 -0.177293
vn 0.000778 -0.996968 -0.077815
vn -0.949945 -0.310123 -0.037800
vn -0.949945 -0.310123 -0.037800
vn -0.949945 -0.310123 -0.037800
vn 0.704987 -0.703609 -0.089043
vn 0.000000 0.000000 -1.000000
vn 0.000000 0.000000 -1.000000
vn -0.949945 -0.310122 -0.037800
vn -0.949945 -0.310123 -0.037800
vn -0.949945 -0.310123 -0.037800
vn 0.000000 0.000000 -1.000000
vn 0.000000 0.000000 -1.000000
vn 0.082260 -0.963230 -0.255774
vn 0.739273 -0.622940 -0.255774
vn -0.000000 -0.000000 -1.000000
vn -0.677172 0.082337 0.731204
vn -0.403519 0.536904 0.740883
vn 0.000275 -0.042876 0.999080
vn -0.975374 -0.145151 0.166063
vn -0.949945 -0.310123 -0.037800
vn -0.949945 -0.310123 -0.037800
vn -0.949945 -0.310123 -0.037800
vn -0.789061 0.588766 0.175321
vn -0.403519 0.536904 0.740883
vn -0.677172 0.082337 0.731204
vn -0.949945 -0.310122 -0.037800
vn -0.949945 -0.310123 -0.037800
vn -0.949945 -0.310123 -0.037800
vn 0.993406 -0.009003 0.114291
vn 0.696407 -0.707377 0.120974
vn 0.580049 -0.783667 0.222281
vn 0.957206 -0.149239 0.247959
vn 0.978989 0.135602 -0.152289
vn 0.785784 -0.594870 -0.169329
vn 0.704987 -0.703609 -0.089043
vn 0.994647 0.001210 -0.103327
vn 0.000000 0.000000 -1.000000
vn -0.949945 -0.310123 -0.037800
vn -0.949945 -0.310123 -0.037800
vn -0.949945 -0.310123 -0.037800
vn 0.000000 0.000000 -1.000000
vn 0.000000 0.000000 -1.000000
vn 0.000000 0.000000 -1.000000
vn -0.949945 -0.310122 -0.037800
vn -0.949945 -0.310123 -0.037800
vn -0.949945 -0.310123 -0.037800
vn 0.739273 -0.622940 -0.255774
vn 0.963230 0.082260 -0.255774
vn -0.000000 -0.000000 -1.000000
vn -0.956028 -0.279348 -0.089304
vn -0.958196 -0.260530 -0.118260
vn -0.873988 -0.442279 -0.201331
vn 0.921021 -0.342143 -0.186171
vn 0.963134 -0.241029 -0.119491
vn 0.890802 -0.408774 -0.198434
vn -0.949945 -0.310122 -0.037800
vn -0.949945 -0.310122 -0.037800
vn -0.949945 -0.310123 -0.037800
vn 0.999137 0.032749 0.025545
vn 0.963134 -0.241029 -0.119491
vn 0.921021 -0.342143 -0.186171
vn -0.949945 -0.310122 -0.037801
vn -0.949945 -0.310122 -0.037800
vn -0.949945 -0.310122 -0.037800
vn 0.890802 -0.408774 -0.198434
vn 0.963134 -0.241029 -0.119491
vn 0.969703 -0.232598 -0.074653
vn 0.705120 -0.703763 -0.086741
vn 0.994963 0.001181 -0.100234
vn 0.979375 0.135650 -0.149748
vn 0.786083 -0.595049 -0.167302
vn 0.000000 0.000000 -1.000000
vn 0.000000 0.000000 -1.000000
vn -0.949945 -0.310123 -0.037800
vn -0.949945 -0.310123 -0.037800
vn -0.949945 -0.310122 -0.037801
vn 0.000000 0.000000 -1.000000
vn 0.023374 0.922433 0.385450
vn -0.999047 0.027554 0.033849
vn -0.949945 -0.310123 -0.037800
vn -0.949945 -0.310123 -0.037800
vn -0.949945 -0.310123 -0.037800
vn -0.831185 0.511641 0.217614
vn 0.846888 0.493270 0.198656
vn 0.999579 0.020560 0.020448
vn 0.023374 0.922433 0.385450
vn 0.000000 0.000000 -1.000000
vn 0.000000 -0.000000 -1.000000
vn 0.739273 -0.622940 -0.255774
vn 0.963230 0.082260 -0.255774
vn -0.622940 -0.739273 -0.255774
vn -0.952852 -0.302077 -0.028696
vn -0.952852 -0.302077 -0.028696
vn -0.954238 -0.296636 -0.037920
vn -0.963230 -0.082260 -0.255774
vn 0.571754 0.815655 -0.088341
vn -0.831185 0.511641 0.217614
vn -0.951355 -0.307482 -0.019468
vn -0.952852 -0.302077 -0.028696
vn -0.952852 -0.302077 -0.028696
vn -0.999047 0.027554 0.033849
vn -0.998390 0.045294 0.034150
vn 0.999137 0.032749 0.025545
vn 0.999579 0.020560 0.020448
vn 0.846888 0.493270 0.198656
vn -0.000275 -0.042876 0.999080
vn -0.403894 0.537198 0.740465
vn 0.117718 0.659230 0.742669
vn 0.999579 0.020560 0.020448
vn -0.958562 -0.284268 -0.018745
vn -0.958562 -0.284268 -0.018745
vn -0.958586 -0.284176 -0.018900
vn -0.998390 0.045294 0.034150
vn -0.999047 0.027554 0.033849
vn -0.912974 -0.365372 -0.181611
vn -0.958538 -0.284359 -0.018590
vn -0.958562 -0.284268 -0.018745
vn -0.958562 -0.284268 -0.018745
vn 0.846888 0.493270 0.198656
vn 0.023374 0.922433 0.385450
vn -0.831185 0.511641 0.217614
vn -0.958196 -0.260530 -0.118260
vn 0.571754 0.168034 -0.803033
vn 0.571754 0.607954 -0.550899
vn -0.571754 0.711804 -0.407961
vn -0.571754 0.336068 -0.748435
vn 1.000000 0.000000 0.000000
vn -0.952558 -0.282340 -0.113650
vn -0.952558 -0.282340 -0.113650
vn -0.952558 -0.282340 -0.113650
vn 1.000000 0.000000 0.000000
vn 0.571754 0.711804 0.407961
vn -0.571754 0.607954 0.550899
vn -0.952558 -0.282340 -0.113650
vn -0.952558 -0.282340 -0.113650
vn -0.952558 -0.282340 -0.113650
vn -0.571754 0.815655 0.088341
vn -0.912974 -0.365372 -0.181611
vn -0.873988 -0.442279 -0.201331
vn -0.958196 -0.260530 -0.118260
vn 0.082260 -0.963230 -0.255774
vn -0.622940 -0.739273 -0.255774
vn -0.789626 -0.598030 -0.137298
vn -0.135478 -0.981221 -0.137298
vn 0.739273 -0.622940 -0.255774
vn -0.952558 -0.282341 -0.113650
vn -0.952558 -0.282341 -0.113650
vn -0.952558 -0.282340 -0.113650
vn 0.082260 -0.963230 -0.255774
vn -0.135478 -0.981221 -0.137298
vn 0.598030 -0.789626 -0.137298
vn -0.952558 -0.282341 -0.113649
vn -0.952558 -0.282341 -0.113650
vn -0.952558 -0.282341 -0.113650
vn 0.963230 0.082260 -0.255774
vn 0.739273 -0.622940 -0.255774
vn 0.598030 -0.789626 -0.137298
vn 0.981221 -0.135478 -0.137298
vn 0.622940 0.739273 -0.255774
vn 0.963230 0.082260 -0.255774
vn 0.981221 -0.135478 -0.137298
vn 0.789626 0.598030 -0.137298
vn -0.082260 0.963230 -0.255774
vn -0.952559 -0.282340 -0.113650
vn -0.952559 -0.282340 -0.113650
vn -0.952558 -0.282341 -0.113649
vn 0.622940 0.739273 -0.255774
vn 0.789626 0.598030 -0.137298
vn 0.135478 0.981221 -0.137298
vn -0.952559 -0.282340 -0.113650
vn -0.952559 -0.282340 -0.113650
vn -0.952559 -0.282340 -0.113650
vn -0.739273 0.622940 -0.255774
vn -0.082260 0.963230 -0.255774
vn 0.135478 0.981221 -0.137298
vn -0.598030 0.789626 -0.137298
vn -0.963230 -0.082260 -0.255774
vn -0.739273 0.622940 -0.255774
vn -0.598030 0.789626 -0.137298
vn -0.981221 0.135478 -0.137298
vn -0.622940 -0.739273 -0.255774
vn -0.952558 -0.282340 -0.113650
vn -0.952558 -0.282340 -0.113650
vn -0.952558 -0.282341 -0.113650
vn -0.963230 -0.082260 -0.255774
vn -0.981221 0.135478 -0.137298
vn -0.789626 -0.598030 -0.137298
vn -0.952558 -0.282340 -0.113650
vn -0.952558 -0.282340 -0.113650
vn -0.952558 -0.282340 -0.113650
vn 0.000000 0.000000 -1.000000
vn 0.000000 0.000000 -1.000000
vn 0.000000 0.000000 -1.000000
vn 0.000000 0.000000 -1.000000
vn 0.000000 0.000000 -1.000000
vn 0.000000 0.000000 -1.000000
vn 0.000000 0.000000 -1.000000
vn 0.000000 0.000000 -1.000000
vn 0.000000 0.000000 -1.000000
vn -0.952558 -0.282341 -0.113650
vn -0.952558 -0.282341 -0.113650
vn -0.952558 -0.282340 -0.113650
vn 0.000000 0.000000 -1.000000
vn 0.000000 0.000000 -1.000000
vn 0.000000 0.000000 -1.000000
vn -0.952558 -0.282341 -0.113650
vn -0.952558 -0.282341 -0.113650
vn -0.952558 -0.282341 -0.113650
vn 0.000000 0.000000 -1.000000
vn 0.000000 0.000000 -1.000000
vn 0.000000 0.000000 -1.000000
vn 0.000000 0.000000 -1.000000
vn 0.000000 0.000000 -1.000000
vn 0.000000 0.000000 -1.000000
vn 0.000000 0.000000 -1.000000
vn 0.000000 0.000000 -1.000000
vn 0.000000 0.000000 -1.000000
vn -0.952559 -0.282340 -0.113650
vn -0.952559 -0.282340 -0.113650
vn -0.952559 -0.282340 -0.113650
vn 0.000000 0.000000 -1.000000
vn 0.000000 0.000000 -1.000000
vn 0.000000 0.000000 -1.000000
vn -0.952558 -0.282340 -0.113650
vn -0.952559 -0.282340 -0.113650
vn -0.952559 -0.282340 -0.113650
vn 0.000000 0.000000 -1.000000
vn 0.000000 0.000000 -1.000000
vn 0.000000 0.000000 -1.000000
vn 0.000000 0.000000 -1.000000
vn 0.000000 0.000000 -1.000000
vn 0.000000 0.000000 -1.000000
vn -0.599474 -0.792358 -0.113137
vn -0.705463 -0.706443 -0.057092
vn 0.000319 -0.999035 -0.043925
vn -0.952558 -0.282341 -0.113650
vn -0.952558 -0.282341 -0.113650
vn -0.952558 -0.282341 -0.113650
vn 0.790913 -0.599630 -0.122066
vn 0.136029 -0.985207 -0.104222
vn 0.000319 -0.999035 -0.043925
vn -0.952558 -0.282340 -0.113650
vn -0.952558 -0.282341 -0.113650
vn -0.952558 -0.282341 -0.113650
vn 0.000000 0.000000 -1.000000
vn 0.000000 0.000000 -1.000000
vn 0.136029 -0.985207 -0.104222
vn 0.706072 -0.705869 -0.056669
vn 0.978614 0.134220 -0.155881
vn 0.790913 -0.599630 -0.122066
vn 0.706072 -0.705869 -0.056669
vn 0.996143 0.000075 -0.087749
vn 0.593858 0.782866 -0.185615
vn -0.952558 -0.282340 -0.113650
vn -0.952558 -0.282340 -0.113650
vn -0.952558 -0.282340 -0.113650
vn 0.978614 0.134220 -0.155881
vn 0.996143 0.000075 -0.087749
vn 0.701849 0.702358 -0.118751
vn -0.952558 -0.282340 -0.113650
vn -0.952558 -0.282340 -0.113650
vn -0.952558 -0.282340 -0.113650
vn -0.134169 0.971737 -0.194232
vn 0.593858 0.782866 -0.185615
vn 0.701849 0.702358 -0.118751
vn -0.001018 0.991296 -0.131645
vn -0.785055 0.593622 -0.176922
vn -0.134169 0.971737 -0.194232
vn -0.785055 0.593622 -0.176922
vn -0.703109 0.701036 -0.119106
vn -0.996093 -0.001250 -0.088299
vn -0.952558 -0.282340 -0.113650
vn -0.952558 -0.282340 -0.113650
vn -0.952558 -0.282340 -0.113650
vn -0.599474 -0.792358 -0.113137
vn -0.980241 -0.136242 -0.143405
vn -0.996093 -0.001250 -0.088299
vn -0.952558 -0.282341 -0.113650
vn -0.952558 -0.282340 -0.113650
vn -0.952558 -0.282340 -0.113650
vn -0.001018 0.991296 -0.131645
vn -0.703109 0.701036 -0.119106
vn -0.980241 -0.136242 -0.143405
vn -0.705463 -0.706443 -0.057092
vn 0.000319 -0.999035 -0.043925
vn -0.705463 -0.706443 -0.057092
vn -0.797187 -0.603732 0.001099
vn -0.136753 -0.990452 0.017399
vn 0.706072 -0.705869 -0.056669
vn -0.952558 -0.282340 -0.113650
vn -0.952558 -0.282340 -0.113650
vn -0.952558 -0.282341 -0.113650
vn 0.000319 -0.999035 -0.043925
vn -0.136753 -0.990452 0.017399
vn 0.603738 -0.797129 0.009250
vn -0.952558 -0.282340 -0.113650
vn -0.952558 -0.282340 -0.113650
vn -0.952558 -0.282340 -0.113650
vn 0.996143 0.000075 -0.087749
vn 0.706072 -0.705869 -0.056669
vn 0.603738 -0.797129 0.009250
vn 0.990413 -0.136881 -0.018569
vn 0.701849 0.702358 -0.118751
vn 0.996143 0.000075 -0.087749
vn 0.701849 0.702358 -0.118751
vn 0.796314 0.602837 -0.049713
vn 0.136476 0.988446 -0.065940
vn -0.951909 -0.283752 -0.115564
vn -0.951909 -0.283752 -0.115564
vn -0.951781 -0.284982 -0.113567
vn -0.703109 0.701036 -0.119106
vn -0.001018 0.991296 -0.131645
vn 0.136476 0.988446 -0.065940
vn -0.952031 -0.282519 -0.117561
vn -0.951909 -0.283752 -0.115564
vn -0.951909 -0.283752 -0.115564
vn 0.990413 -0.136881 -0.018569
vn 0.796314 0.602837 -0.049713
vn -0.001018 0.991296 -0.131645
vn -0.602902 0.795717 -0.057831
vn -0.996093 -0.001250 -0.088299
vn -0.703109 0.701036 -0.119106
vn -0.996093 -0.001250 -0.088299
vn -0.990172 0.136581 -0.030086
vn -0.797187 -0.603732 0.001099
vn -0.949670 -0.290811 -0.116432
vn -0.949670 -0.290811 -0.116432
vn -0.949459 -0.292723 -0.113317
vn -0.995711 -0.000657 -0.092516
vn -0.703175 0.703295 -0.104503
vn -0.705951 0.701244 0.099447
vn -0.949868 -0.288894 -0.119545
vn -0.949670 -0.290811 -0.116432
vn -0.949670 -0.290811 -0.116432
vn -0.602902 0.795717 -0.057831
vn -0.990172 0.136581 -0.030086
vn -0.705463 -0.706443 -0.057092
vn -0.994614 -0.005245 0.103512
vn -0.703175 0.703295 -0.104503
vn 0.000099 0.993862 -0.110627
vn 0.000800 -0.996974 -0.077727
vn -0.002372 -0.992944 0.118563
vn 0.697131 -0.707349 0.116900
vn -0.947603 -0.296600 -0.118648
vn -0.947603 -0.296600 -0.118648
vn -0.947561 -0.296979 -0.118029
vn 0.000800 -0.996974 -0.077727
vn -0.704120 -0.705493 -0.080588
vn -0.700527 -0.704764 0.112114
vn -0.947644 -0.296220 -0.119266
vn -0.947603 -0.296600 -0.118648
vn -0.947603 -0.296600 -0.118648
vn 0.001185 0.994970 0.100169
vn -0.705951 0.701244 0.099447
vn 0.000099 0.993862 -0.110627
vn -0.996093 -0.001250 -0.088299
vn -0.980241 -0.136242 -0.143405
vn -0.785055 0.593621 -0.176922
vn -0.001018 0.991296 -0.131645
vn -0.703109 0.701036 -0.119106
vn -0.785055 0.593621 -0.176922
vn -0.869745 0.293655 0.396624
vn -0.869745 0.293655 0.396624
vn -0.866924 0.283327 0.410084
vn -0.869745 0.293655 0.396624
vn -0.869745 0.293655 0.396624
vn -0.872308 0.303897 0.383047
vn -0.134169 0.971737 -0.194232
vn 0.701849 0.702358 -0.118751
vn -0.001018 0.991296 -0.131645
vn -0.134169 0.971737 -0.194232
vn 0.950525 -0.310171 -0.017222
vn 0.000000 0.865120 0.501565
vn 0.000000 0.985713 0.168431
vn 0.378710 0.837728 0.393435
vn 0.808086 0.542081 0.230533
vn -0.903107 0.375321 0.208642
vn -0.996835 -0.031748 -0.072882
vn 0.906523 0.373510 0.196739
vn 0.000000 0.865120 0.501565
vn 0.378710 0.837728 0.393435
vn -0.941098 0.000011 0.338133
vn -0.937585 -0.025130 0.346846
vn -0.931660 0.103848 0.348173
vn -0.908534 0.195158 0.369430
vn 1.000000 0.000000 0.000000
vn 1.000000 0.000000 0.000000
vn -0.599474 -0.792358 -0.113137
vn 0.571754 0.168034 -0.803033
vn 0.571754 -0.336069 -0.748435
vn 0.739039 -0.622687 -0.257063
vn -0.135478 -0.981221 -0.137298
vn 0.789626 0.598031 -0.137298
vn 0.981221 -0.135478 -0.137298
vn 1.000000 0.000000 0.000000
vn 0.950525 -0.310171 -0.017222
vn 0.378710 0.837728 0.393435
vn 0.906523 0.373510 0.196739
vn -0.903351 0.400849 0.152571
vn 0.808086 0.542081 0.230533
vn -0.916813 0.049155 0.396280
vn -0.916813 0.049155 0.396280
vn -0.904694 0.026974 0.425207
vn -0.880003 0.277910 0.385177
vn -0.876522 0.247331 0.412961
vn -0.908534 0.195158 0.369430
vn -0.931660 0.103848 0.348173
vn 0.906523 0.373510 0.196739
vn 0.986353 0.159795 -0.039678
vn 0.997170 -0.027085 -0.070129
vn 0.999869 -0.014469 0.007212
vn -0.916813 0.049155 0.396280
vn -0.916813 0.049155 0.396280
vn -0.927579 0.071265 0.366768
vn -0.903351 0.400849 0.152571
vn 0.999869 -0.014469 0.007212
vn 0.000000 0.865120 0.501565
vn -0.903107 0.375321 0.208642
vn 0.378710 0.837728 0.393435
vn 0.000000 0.865120 0.501565
vn -0.915696 -0.036906 0.400173
vn -0.915696 -0.036906 0.400173
vn -0.918349 -0.032620 0.394426
vn 0.950525 -0.310171 -0.017222
vn -0.966540 0.255330 -0.024642
vn 0.957471 -0.285685 -0.040414
vn -0.912990 -0.041189 0.405896
vn -0.915696 -0.036906 0.400173
vn -0.915696 -0.036906 0.400173
vn -0.903107 0.375321 0.208642
vn 0.957471 -0.285685 -0.040414
vn -0.903351 0.400849 0.152571
vn -0.997798 -0.021552 -0.062726
vn -0.996835 -0.031748 -0.072882
vn 0.999067 -0.043196 -0.000398
vn 0.808086 0.542081 0.230533
vn 0.950525 -0.310171 -0.017222
vn 0.000000 0.985713 0.168431
vn -0.961421 -0.078018 0.263786
vn -0.961421 -0.078018 0.263786
vn -0.958689 -0.083474 0.271934
vn 0.999837 -0.017468 0.004566
vn -0.135478 -0.981221 -0.137298
vn 0.598030 -0.789626 -0.137298
vn -0.964053 -0.072555 0.255611
vn -0.961421 -0.078018 0.263786
vn -0.961421 -0.078018 0.263786
vn 0.739039 -0.622687 -0.257063
vn 0.082273 -0.962886 -0.257063
vn -0.789626 -0.598031 -0.137298
vn -0.135478 -0.981221 -0.137298
vn 0.082273 -0.962886 -0.257063
vn -0.622687 -0.739039 -0.257063
vn -0.981221 0.135478 -0.137298
vn -0.789626 -0.598031 -0.137298
vn -0.622687 -0.739039 -0.257063
vn -0.964365 -0.084029 0.250877
vn -0.964365 -0.084029 0.250877
vn -0.964387 -0.083982 0.250806
vn -0.962886 -0.082273 -0.257063
vn -0.598031 0.789626 -0.137298
vn -0.981221 0.135478 -0.137298
vn -0.964343 -0.084076 0.250947
vn -0.964365 -0.084029 0.250877
vn -0.964365 -0.084029 0.250877
vn -0.962886 -0.082273 -0.257063
vn -0.739039 0.622687 -0.257063
vn 0.135478 0.981221 -0.137298
vn -0.598031 0.789626 -0.137298
vn -0.739039 0.622687 -0.257063
vn -0.082273 0.962886 -0.257063
vn 0.789626 0.598031 -0.137298
vn 0.135478 0.981221 -0.137298
vn -0.082273 0.962886 -0.257063
vn -0.974235 -0.055084 0.218706
vn -0.974235 -0.055084 0.218706
vn -0.977842 -0.045572 0.204322
vn 0.622687 0.739039 -0.257063
vn 0.981221 -0.135478 -0.137298
vn 0.789626 0.598031 -0.137298
vn -0.970325 -0.064579 0.233022
vn -0.974235 -0.055084 0.218706
vn -0.974235 -0.055084 0.218706
vn 0.622687 0.739039 -0.257063
vn 0.962886 0.082273 -0.257063
vn 0.598030 -0.789626 -0.137298
vn 0.981221 -0.135478 -0.137298
vn 0.962886 0.082273 -0.257063
vn 0.739039 -0.622687 -0.257063
vn 0.000000 0.000000 -1.000000
vn 0.000000 0.000000 -1.000000
vn 0.000000 0.000000 -1.000000
vn -0.977945 -0.043197 0.204347
vn -0.977945 -0.043197 0.204347
vn -0.977945 -0.043197 0.204347
vn 0.000000 0.000000 -1.000000
vn 0.000000 0.000000 -1.000000
vn 0.000000 0.000000 -1.000000
vn -0.977945 -0.043197 0.204347
vn -0.977945 -0.043197 0.204347
vn -0.977945 -0.043197 0.204347
vn 0.000000 0.000000 -1.000000
vn 0.000000 0.000000 -1.000000
vn 0.000000 0.000000 -1.000000
vn 0.000000 0.000000 -1.000000
vn 0.000000 0.000000 -1.000000
vn 0.000000 0.000000 -1.000000
vn 0.000000 0.000000 -1.000000
vn 0.000000 0.000000 -1.000000
vn 0.000000 0.000000 -1.000000
vn -0.976991 -0.043131 0.208873
vn -0.976991 -0.043131 0.208873
vn -0.976993 -0.043125 0.208864
vn 0.000000 0.000000 -1.000000
vn 0.000000 0.000000 -1.000000
vn 0.000000 0.000000 -1.000000
vn -0.976989 -0.043137 0.208882
vn -0.976991 -0.043131 0.208873
vn -0.976991 -0.043131 0.208873
vn 0.000000 0.000000 -1.000000
vn 0.000000 0.000000 -1.000000
vn 0.000000 0.000000 -1.000000
vn 0.000000 0.000000 -1.000000
vn 0.000000 0.000000 -1.000000
vn 0.000000 0.000000 -1.000000
vn 0.000000 0.000000 -1.000000
vn 0.000000 0.000000 -1.000000
vn 0.000000 0.000000 -1.000000
vn -0.979631 -0.034314 0.197855
vn -0.979631 -0.034314 0.197855
vn -0.982139 -0.026659 0.186256
vn 0.000000 0.000000 -1.000000
vn 0.000000 0.000000 -1.000000
vn 0.000000 0.000000 -1.000000
vn -0.976926 -0.041963 0.209413
vn -0.979631 -0.034314 0.197855
vn -0.979631 -0.034314 0.197855
vn 0.000000 0.000000 -1.000000
vn 0.000000 0.000000 -1.000000
vn 0.000319 -0.999035 -0.043925
vn 0.706072 -0.705869 -0.056669
vn 0.790913 -0.599630 -0.122065
vn 0.136029 -0.985208 -0.104222
vn -0.705463 -0.706443 -0.057092
vn 0.000319 -0.999035 -0.043925
vn 0.136029 -0.985208 -0.104222
vn -0.983632 -0.007085 0.180051
vn -0.983632 -0.007085 0.180051
vn -0.983632 -0.007085 0.180051
vn -0.599474 -0.792358 -0.113137
vn -0.996093 -0.001250 -0.088299
vn -0.705463 -0.706443 -0.057092
vn -0.983632 -0.007085 0.180051
vn -0.983632 -0.007085 0.180051
vn -0.983632 -0.007085 0.180051
vn -0.599474 -0.792358 -0.113137
vn -0.980241 -0.136242 -0.143405
vn -0.703109 0.701036 -0.119106
vn 0.950525 -0.310171 -0.017222
vn 0.950525 -0.310171 -0.017222
vn 0.950525 -0.310171 -0.017222
vn 0.978206 -0.207575 -0.005104
vn 0.968667 -0.245832 -0.035375
vn 0.966850 -0.255135 -0.010399
vn -0.983632 -0.007085 0.180051
vn -0.983632 -0.007085 0.180051
vn -0.983632 -0.007085 0.180051
vn 0.966366 -0.257127 -0.004676
vn 0.999837 -0.017468 0.004566
vn 0.999874 -0.015786 0.001937
vn -0.983632 -0.007085 0.180051
vn -0.983632 -0.007085 0.180051
vn -0.983632 -0.007085 0.180051
vn 0.999791 -0.019150 0.007196
vn 0.999837 -0.017468 0.004566
vn 0.950525 -0.310171 -0.017222
vn 0.950525 -0.310171 -0.017222
vn 0.950525 -0.310171 -0.017222
vn 0.950525 -0.310171 -0.017222
vn 0.986353 0.159795 -0.039678
vn 0.967778 -0.250992 -0.020232
vn 0.960278 -0.271711 -0.063558
vn -0.993876 -0.007230 0.110269
vn -0.993876 -0.007230 0.110269
vn -0.993875 -0.007230 0.110269
vn 0.953957 -0.299448 -0.017240
vn 0.968667 -0.245832 -0.035375
vn 0.967778 -0.250992 -0.020232
vn -0.993876 -0.007229 0.110269
vn -0.993876 -0.007230 0.110269
vn -0.993876 -0.007230 0.110269
vn 0.999423 -0.000030 -0.033965
vn 0.982098 -0.184662 -0.037193
vn 0.999837 -0.017468 0.004566
vn -0.769757 0.563157 -0.300547
vn 0.000000 0.317741 -0.948177
vn 0.737884 0.549819 -0.391441
vn 0.999423 -0.000030 -0.033965
vn 0.953902 0.300116 0.001365
vn 0.952759 0.303727 -0.000918
vn -0.993875 -0.007230 0.110270
vn -0.993875 -0.007230 0.110270
vn -0.993875 -0.007230 0.110270
vn 0.999067 -0.043196 -0.000398
vn 0.978206 -0.207575 -0.005104
vn 0.966850 -0.255135 -0.010399
vn -0.993875 -0.007229 0.110269
vn -0.993875 -0.007230 0.110270
vn -0.993875 -0.007230 0.110270
vn 0.968667 -0.245832 -0.035375
vn 0.982098 -0.184662 -0.037193
vn 0.950525 -0.310171 -0.017222
vn -0.703109 0.701036 -0.119106
vn -0.001018 0.991296 -0.131645
vn 0.796314 0.602837 -0.049713
vn 0.136476 0.988446 -0.065940
vn -0.001018 0.991296 -0.131645
vn 0.701849 0.702358 -0.118751
vn -0.995001 0.013320 0.098972
vn -0.995001 0.013320 0.098972
vn -0.995001 0.013320 0.098972
vn 0.990413 -0.136881 -0.018569
vn 0.796314 0.602837 -0.049713
vn 0.701849 0.702358 -0.118751
vn -0.995001 0.013320 0.098972
vn -0.995001 0.013320 0.098972
vn -0.995001 0.013320 0.098972
vn 0.996143 0.000075 -0.087749
vn 0.603738 -0.797129 0.009250
vn 0.990413 -0.136881 -0.018569
vn 0.996143 0.000075 -0.087749
vn 0.706072 -0.705869 -0.056669
vn 0.993406 -0.009003 0.114291
vn 0.707335 0.698896 0.105935
vn 0.702194 0.703221 -0.111371
vn 0.994647 0.001210 -0.103327
vn -0.999503 0.013358 0.028546
vn -0.999503 0.013358 0.028546
vn -0.999503 0.013358 0.028546
vn 0.707335 0.698896 0.105935
vn 0.000947 0.995080 0.099073
vn 0.000048 0.993869 -0.110568
vn -0.999503 0.013358 0.028546
vn -0.999503 0.013358 0.028546
vn -0.999503 0.013358 0.028546
vn 0.702194 0.703221 -0.111371
vn 0.000947 0.995080 0.099073
vn -0.706288 0.701460 0.095455
vn -0.703372 0.703425 -0.102282
vn 0.000048 0.993869 -0.110568
vn -0.706288 0.701460 0.095455
vn -0.995092 -0.005093 0.098825
vn -0.995999 -0.000653 -0.089361
vn -0.703372 0.703425 -0.102282
vn -0.999503 0.013358 0.028546
vn -0.999503 0.013358 0.028546
vn -0.999503 0.013358 0.028546
vn -0.995092 -0.005093 0.098825
vn -0.700847 -0.704848 0.109560
vn -0.704276 -0.705586 -0.078375
vn -0.999503 0.013358 0.028546
vn -0.999503 0.013358 0.028546
vn -0.999503 0.013358 0.028546
vn -0.995999 -0.000653 -0.089361
vn -0.700847 -0.704848 0.109560
vn -0.002628 -0.992802 0.119738
vn 0.000777 -0.996968 -0.077815
vn -0.704276 -0.705586 -0.078375
vn -0.002628 -0.992802 0.119738
vn 0.696407 -0.707377 0.120974
vn 0.704987 -0.703609 -0.089043
vn 0.000777 -0.996968 -0.077815
vn -0.999503 0.013359 0.028545
vn -0.999503 0.013359 0.028545
vn -0.999503 0.013358 0.028545
vn 0.696407 -0.707377 0.120974
vn 0.993406 -0.009003 0.114291
vn 0.994647 0.001210 -0.103327
vn -0.999503 0.013359 0.028545
vn -0.999503 0.013359 0.028545
vn -0.999503 0.013359 0.028545
vn 0.704987 -0.703609 -0.089043
vn -0.549976 -0.423804 0.719665
vn -0.677172 0.082337 0.731204
vn 0.000275 -0.042876 0.999080
vn -0.590413 -0.791410 0.158374
vn -0.975374 -0.145151 0.166063
vn -0.677172 0.082337 0.731204
vn -0.549976 -0.423804 0.719665
vn 0.707335 0.698896 0.105935
vn -0.999483 0.012372 0.029671
vn -0.999483 0.012372 0.029671
vn -0.999458 0.011651 0.030796
vn 0.993406 -0.009003 0.114291
vn 0.957206 -0.149239 0.247959
vn 0.774705 0.570207 0.273306
vn -0.999507 0.013093 0.028546
vn -0.999483 0.012372 0.029671
vn -0.999483 0.012372 0.029671
vn 0.597877 0.789972 -0.135970
vn 0.978989 0.135602 -0.152289
vn 0.994647 0.001210 -0.103327
vn 0.000099 0.993862 -0.110627
vn 0.001185 0.994970 0.100169
vn -0.705951 0.701244 0.099447
vn 0.000099 0.993862 -0.110627
vn 0.702384 0.703361 -0.109272
vn 0.707460 0.699116 0.103621
vn -0.999510 0.007252 0.030464
vn -0.999510 0.007252 0.030464
vn -0.999457 0.006024 0.032380
vn 0.001185 0.994970 0.100169
vn 0.702384 0.703361 -0.109272
vn 0.994963 0.001181 -0.100234
vn -0.999556 0.008481 0.028547
vn -0.999510 0.007252 0.030464
vn -0.999510 0.007252 0.030464
vn 0.993913 -0.008490 0.109842
vn 0.707460 0.699116 0.103621
vn 0.994963 0.001181 -0.100234
vn 0.705120 -0.703763 -0.086741
vn 0.697131 -0.707349 0.116900
vn 0.993913 -0.008490 0.109842
vn 0.705120 -0.703763 -0.086741
vn 0.000800 -0.996974 -0.077727
vn -0.002372 -0.992944 0.118563
vn -0.999506 0.002191 0.031353
vn -0.999506 0.002191 0.031353
vn -0.999475 0.001542 0.032366
vn 0.697131 -0.707349 0.116900
vn 0.000800 -0.996974 -0.077727
vn -0.704120 -0.705493 -0.080588
vn -0.999536 0.002840 0.030340
vn -0.999506 0.002191 0.031353
vn -0.999506 0.002191 0.031353
vn -0.700527 -0.704764 0.112114
vn -0.002372 -0.992944 0.118563
vn -0.704120 -0.705493 -0.080588
vn -0.995711 -0.000657 -0.092516
vn -0.994614 -0.005245 0.103512
vn -0.700527 -0.704764 0.112114
vn -0.000275 -0.042876 0.999080
vn 0.673550 -0.147934 0.724186
vn 0.388457 -0.581413 0.714884
vn -0.999475 0.001433 0.032366
vn -0.999475 0.001433 0.032366
vn -0.999475 0.001433 0.032366
vn 0.388457 -0.581413 0.714884
vn 0.673550 -0.147934 0.724186
vn 0.977206 0.124927 0.171645
vn -0.999475 0.001433 0.032366
vn -0.999475 0.001433 0.032366
vn -0.999475 0.001433 0.032366
vn 0.781201 -0.602836 0.162216
vn -0.588440 0.759615 0.276988
vn -0.960304 0.115745 0.253809
vn -0.994614 -0.005245 0.103512
vn -0.705951 0.701244 0.099447
vn -0.703175 0.703295 -0.104503
vn -0.995711 -0.000657 -0.092516
vn -0.978099 -0.134711 -0.158669
vn -0.789061 0.597941 -0.140885
vn -0.999475 0.001432 0.032366
vn -0.999475 0.001432 0.032366
vn -0.999475 0.001432 0.032366
vn 0.000000 0.000000 -1.000000
vn 0.000000 0.000000 -1.000000
vn 0.000000 0.000000 -1.000000
vn -0.999475 0.001433 0.032366
vn -0.999475 0.001432 0.032366
vn -0.999475 0.001432 0.032366
vn 0.000000 0.000000 -1.000000
vn -0.000000 -0.000000 -1.000000
vn -0.739039 0.622687 -0.257063
vn -0.962886 -0.082273 -0.257063
vn -0.000275 -0.042876 0.999080
vn 0.388457 -0.581413 0.714884
vn -0.111846 -0.692325 0.712865
vn -0.111846 -0.692325 0.712865
vn 0.388457 -0.581413 0.714884
vn -0.999475 0.001433 0.032366
vn -0.999475 0.001433 0.032366
vn -0.999475 0.001433 0.032366
vn 0.781201 -0.602836 0.162216
vn 0.133560 -0.978588 0.156614
vn 0.133213 0.950294 0.281417
vn -0.999475 0.001433 0.032366
vn -0.999475 0.001433 0.032366
vn -0.999475 0.001433 0.032366
vn -0.588440 0.759615 0.276988
vn -0.705951 0.701244 0.099447
vn 0.001185 0.994970 0.100169
vn 0.000099 0.993862 -0.110627
vn -0.703175 0.703295 -0.104503
vn -0.789061 0.597941 -0.140885
vn -0.135574 0.982112 -0.130672
vn 0.000000 0.000000 -1.000000
vn 0.000000 0.000000 -1.000000
vn -0.999475 0.001433 0.032366
vn -0.999475 0.001433 0.032366
vn -0.999475 0.001433 0.032366
vn 0.000000 0.000000 -1.000000
vn 0.000000 0.000000 -1.000000
vn -0.000000 -0.000000 -1.000000
vn -0.999475 0.001433 0.032366
vn -0.999475 0.001433 0.032366
vn -0.999475 0.001433 0.032366
vn -0.082273 0.962886 -0.257063
vn -0.739039 0.622687 -0.257063
vn -0.000275 -0.042876 0.999080
vn -0.111846 -0.692325 0.712865
vn -0.550420 -0.424075 0.719166
vn -0.550420 -0.424075 0.719166
vn -0.111846 -0.692325 0.712865
vn 0.133560 -0.978588 0.156614
vn -0.590499 -0.791458 0.157816
vn -0.999475 0.001432 0.032365
vn -0.999475 0.001432 0.032365
vn -0.999475 0.001432 0.032366
vn 0.776709 0.572023 0.263652
vn 0.133213 0.950294 0.281417
vn 0.001185 0.994970 0.100169
vn -0.999475 0.001433 0.032365
vn -0.999475 0.001432 0.032365
vn -0.999475 0.001432 0.032365
vn 0.707460 0.699116 0.103621
vn 0.702384 0.703361 -0.109272
vn 0.000099 0.993862 -0.110627
vn -0.135574 0.982112 -0.130672
vn 0.598035 0.790119 -0.134410
vn 0.000000 0.000000 -1.000000
vn 0.000000 0.000000 -1.000000
vn 0.000000 0.000000 -1.000000
vn 0.000000 0.000000 -1.000000
vn -0.999475 0.001433 0.032366
vn -0.999475 0.001433 0.032366
vn -0.999475 0.001433 0.032366
vn -0.000000 -0.000000 -1.000000
vn 0.622687 0.739039 -0.257063
vn -0.082273 0.962886 -0.257063
vn -0.999475 0.001433 0.032366
vn -0.999475 0.001433 0.032366
vn -0.999475 0.001433 0.032366
vn -0.000275 -0.042876 0.999080
vn -0.550420 -0.424075 0.719166
vn -0.677869 0.082391 0.730551
vn -0.677869 0.082391 0.730551
vn -0.550420 -0.424075 0.719166
vn -0.590499 -0.791458 0.157816
vn -0.975542 -0.145115 0.165102
vn 0.960407 -0.148847 0.235504
vn 0.776709 0.572023 0.263652
vn -0.999091 0.001438 0.042603
vn -0.999091 0.001438 0.042603
vn -0.999091 0.001438 0.042603
vn 0.707460 0.699116 0.103621
vn 0.993913 -0.008490 0.109842
vn 0.994963 0.001181 -0.100234
vn -0.999091 0.001438 0.042603
vn -0.999091 0.001438 0.042603
vn -0.999091 0.001438 0.042603
vn 0.702384 0.703361 -0.109272
vn 0.598035 0.790119 -0.134410
vn 0.979375 0.135650 -0.149748
vn 0.000000 0.000000 -1.000000
vn 0.000000 0.000000 -1.000000
vn 0.000000 0.000000 -1.000000
vn 0.000000 0.000000 -1.000000
vn -0.000000 -0.000000 -1.000000
vn 0.962886 0.082273 -0.257063
vn -0.999108 0.001707 0.042184
vn -0.999108 0.001707 0.042184
vn -0.999126 0.001976 0.041765
vn 0.622687 0.739039 -0.257063
vn -0.000275 -0.042876 0.999080
vn -0.677869 0.082391 0.730551
vn -0.999091 0.001438 0.042603
vn -0.999108 0.001707 0.042184
vn -0.999108 0.001707 0.042184
vn -0.403894 0.537198 0.740465
vn -0.403894 0.537198 0.740465
vn -0.677869 0.082391 0.730551
vn -0.975542 -0.145115 0.165102
vn -0.789161 0.588875 0.174502
vn 0.581647 -0.784661 0.214461
vn 0.960407 -0.148847 0.235504
vn 0.993913 -0.008490 0.109842
vn 0.697131 -0.707349 0.116900
vn -0.999420 0.005824 0.033564
vn -0.999420 0.005824 0.033564
vn -0.999419 0.005812 0.033584
vn 0.705120 -0.703763 -0.086741
vn 0.994963 0.001181 -0.100234
vn 0.979375 0.135650 -0.149748
vn -0.999420 0.005837 0.033544
vn -0.999420 0.005824 0.033564
vn -0.999420 0.005824 0.033564
vn 0.786083 -0.595049 -0.167302
vn 0.000000 0.000000 -1.000000
vn 0.000000 0.000000 -1.000000
vn 0.000000 0.000000 -1.000000
vn 0.000000 0.000000 -1.000000
vn -0.000000 -0.000000 -1.000000
vn 0.739039 -0.622687 -0.257063
vn 0.962886 0.082273 -0.257063
vn -0.000275 -0.042876 0.999080
vn -0.999913 0.005751 0.011887
vn -0.999913 0.005751 0.011887
vn -0.999912 0.005689 0.011983
vn -0.403894 0.537198 0.740465
vn 0.117718 0.659230 0.742669
vn 0.117718 0.659230 0.742669
vn -0.999914 0.005813 0.011790
vn -0.999913 0.005751 0.011887
vn -0.999913 0.005751 0.011887
vn -0.403894 0.537198 0.740465
vn -0.789161 0.588875 0.174502
vn -0.135296 0.974218 0.180537
vn -0.131842 -0.968480 0.211341
vn 0.581647 -0.784661 0.214461
vn 0.697131 -0.707349 0.116900
vn -0.002372 -0.992944 0.118563
vn 0.000800 -0.996974 -0.077727
vn 0.705120 -0.703763 -0.086741
vn -0.999772 -0.009172 0.019291
vn -0.999772 -0.009172 0.019291
vn -0.999601 -0.012914 0.025133
vn 0.786083 -0.595049 -0.167302
vn 0.134555 -0.974980 -0.176946
vn 0.000000 0.000000 -1.000000
vn -0.999895 -0.005429 0.013449
vn -0.999772 -0.009172 0.019291
vn -0.999772 -0.009172 0.019291
vn 0.000000 0.000000 -1.000000
vn 0.000000 0.000000 -1.000000
vn 0.000000 0.000000 -1.000000
vn -0.000000 -0.000000 -1.000000
vn 0.082273 -0.962886 -0.257063
vn 0.739039 -0.622687 -0.257063
vn -0.000275 -0.042876 0.999080
vn 0.117718 0.659230 0.742669
vn 0.567453 0.369678 0.735755
vn -0.999579 -0.014484 0.025127
vn -0.999579 -0.014484 0.025127
vn -0.999579 -0.014484 0.025126
vn 0.567453 0.369678 0.735755
vn 0.117718 0.659230 0.742669
vn -0.135296 0.974218 0.180537
vn -0.999579 -0.014484 0.025127
vn -0.999579 -0.014484 0.025127
vn -0.999579 -0.014484 0.025127
vn 0.598378 0.780880 0.179361
vn -0.768457 -0.598297 0.226968
vn -0.131842 -0.968480 0.211341
vn -0.002372 -0.992944 0.118563
vn -0.700527 -0.704764 0.112114
vn -0.704120 -0.705493 -0.080588
vn 0.000800 -0.996974 -0.077727
vn 0.134555 -0.974980 -0.176946
vn -0.594806 -0.784936 -0.173437
vn -0.999579 -0.014484 0.025126
vn -0.999579 -0.014484 0.025126
vn -0.999579 -0.014484 0.025126
vn 0.000000 0.000000 -1.000000
vn 0.000000 0.000000 -1.000000
vn 0.000000 0.000000 -1.000000
vn -0.999579 -0.014484 0.025127
vn -0.999579 -0.014484 0.025126
vn -0.999579 -0.014484 0.025126
vn 0.000000 0.000000 -1.000000
vn -0.000000 -0.000000 -1.000000
vn -0.622687 -0.739039 -0.257063
vn 0.082273 -0.962886 -0.257063
vn -0.000275 -0.042876 0.999080
vn 0.567453 0.369678 0.735755
vn 0.673550 -0.147934 0.724186
vn 0.673550 -0.147934 0.724186
vn 0.567453 0.369678 0.735755
vn -0.999579 -0.014484 0.025126
vn -0.999579 -0.014484 0.025126
vn -0.999579 -0.014484 0.025126
vn 0.598378 0.780880 0.179361
vn 0.977206 0.124927 0.171645
vn -0.960304 0.115745 0.253809
vn -0.999579 -0.014484 0.025127
vn -0.999579 -0.014484 0.025126
vn -0.999579 -0.014484 0.025126
vn -0.768457 -0.598297 0.226968
vn -0.700527 -0.704764 0.112114
vn -0.994614 -0.005245 0.103512
vn -0.995711 -0.000657 -0.092516
vn -0.704120 -0.705493 -0.080588
vn -0.594806 -0.784936 -0.173437
vn -0.978099 -0.134711 -0.158669
vn 0.000000 0.000000 -1.000000
vn 0.000000 0.000000 -1.000000
vn -0.999579 -0.014484 0.025127
vn -0.999579 -0.014484 0.025127
vn -0.999579 -0.014484 0.025127
vn 0.000000 0.000000 -1.000000
vn 0.000000 0.000000 -1.000000
vn -0.000000 -0.000000 -1.000000
vn -0.999579 -0.014484 0.025127
vn -0.999579 -0.014484 0.025127
vn -0.999579 -0.014484 0.025127
vn -0.962886 -0.082273 -0.257063
vn -0.622687 -0.739039 -0.257063
vn 0.117718 0.659230 0.742669
vn -0.403894 0.537198 0.740465
vn -0.789161 0.588875 0.174502
vn -0.135296 0.974218 0.180537
vn -0.131842 -0.968480 0.211341
vn 0.581647 -0.784661 0.214461
vn 0.697131 -0.707349 0.116900
vn -0.999869 -0.014469 0.007212
vn -0.999869 -0.014469 0.007212
vn -0.999869 -0.014469 0.007211
vn -0.002372 -0.992944 0.118563
vn 0.000800 -0.996974 -0.077727
vn 0.705120 -0.703763 -0.086741
vn -0.999869 -0.014469 0.007212
vn -0.999869 -0.014469 0.007212
vn -0.999869 -0.014469 0.007212
vn 0.786083 -0.595049 -0.167302
vn 0.134555 -0.974980 -0.176946
vn 0.000000 0.000000 -1.000000
vn 0.000000 0.000000 -1.000000
vn 0.000000 0.000000 -1.000000
vn 0.000000 0.000000 -1.000000
vn 0.000000 -0.000000 -1.000000
vn 0.082260 -0.963230 -0.255774
vn 0.739273 -0.622940 -0.255774
vn -0.999869 -0.014469 0.007212
vn -0.999869 -0.014469 0.007212
vn -0.999869 -0.014469 0.007212
vn -0.000275 -0.042876 0.999080
vn 0.117718 0.659230 0.742669
vn 0.567453 0.369678 0.735755
vn -0.999869 -0.014469 0.007211
vn -0.999869 -0.014469 0.007212
vn -0.999869 -0.014469 0.007212
vn 0.567453 0.369678 0.735755
vn 0.117718 0.659230 0.742669
vn -0.135296 0.974218 0.180537
vn 0.598378 0.780880 0.179361
vn -0.768457 -0.598297 0.226967
vn -0.131842 -0.968480 0.211341
vn -0.002372 -0.992944 0.118563
vn -0.700527 -0.704764 0.112114
vn -0.704120 -0.705493 -0.080588
vn -0.999869 -0.014469 0.007211
vn -0.999869 -0.014469 0.007211
vn -0.999869 -0.014469 0.007211
vn 0.000800 -0.996974 -0.077727
vn 0.134555 -0.974980 -0.176946
vn -0.594806 -0.784936 -0.173437
vn -0.999869 -0.014469 0.007212
vn -0.999869 -0.014469 0.007211
vn -0.999869 -0.014469 0.007211
vn 0.000000 0.000000 -1.000000
vn 0.000000 0.000000 -1.000000
vn 0.000000 0.000000 -1.000000
vn 0.000000 0.000000 -1.000000
vn 0.000000 -0.000000 -1.000000
vn -0.622940 -0.739273 -0.255774
vn 0.082260 -0.963230 -0.255774
vn -0.000275 -0.042876 0.999080
vn 0.567453 0.369678 0.735755
vn -0.999869 -0.014469 0.007212
vn -0.999869 -0.014469 0.007212
vn -0.999869 -0.014469 0.007211
vn 0.673550 -0.147934 0.724186
vn 0.673550 -0.147934 0.724186
vn 0.567453 0.369678 0.735755
vn -0.999869 -0.014469 0.007212
vn -0.999869 -0.014469 0.007212
vn -0.999869 -0.014469 0.007212
vn 0.598378 0.780880 0.179361
vn 0.977206 0.124927 0.171645
vn -0.960304 0.115745 0.253809
vn -0.768457 -0.598297 0.226967
vn -0.700527 -0.704764 0.112114
vn -0.994614 -0.005245 0.103512
vn -0.995711 -0.000657 -0.092516
vn -0.704120 -0.705493 -0.080588
vn -0.594806 -0.784936 -0.173437
vn -0.999869 -0.014469 0.007212
vn -0.999869 -0.014469 0.007212
vn -0.999869 -0.014469 0.007212
vn -0.978099 -0.134711 -0.158669
vn 0.000000 0.000000 -1.000000
vn 0.000000 0.000000 -1.000000
vn -0.999869 -0.014469 0.007212
vn -0.999869 -0.014469 0.007212
vn -0.999869 -0.014469 0.007212
vn 0.000000 0.000000 -1.000000
vn 0.000000 0.000000 -1.000000
vn 0.000000 -0.000000 -1.000000
vn -0.135478 -0.981221 -0.137298
vn 0.598030 -0.789626 -0.137298
vn 0.739273 -0.622940 -0.255774
vn 0.082260 -0.963230 -0.255774
vn -0.789626 -0.598030 -0.137298
vn -0.135478 -0.981221 -0.137298
vn -0.999869 -0.014469 0.007212
vn -0.999869 -0.014469 0.007212
vn -0.999869 -0.014469 0.007211
vn 0.082260 -0.963230 -0.255774
vn -0.622940 -0.739273 -0.255774
vn -0.981221 0.135478 -0.137298
vn -0.999869 -0.014469 0.007212
vn -0.999869 -0.014469 0.007212
vn -0.999869 -0.014469 0.007212
vn -0.789626 -0.598030 -0.137298
vn -0.622940 -0.739273 -0.255774
vn -0.963230 -0.082260 -0.255774
vn -0.598030 0.789626 -0.137298
vn -0.981221 0.135478 -0.137298
vn -0.963230 -0.082260 -0.255774
vn -0.739273 0.622940 -0.255774
vn 0.135478 0.981221 -0.137298
vn -0.598030 0.789626 -0.137298
vn -0.999837 -0.017468 0.004566
vn -0.999837 -0.017468 0.004566
vn -0.999791 -0.019150 0.007196
vn -0.739273 0.622940 -0.255774
vn -0.082260 0.963230 -0.255774
vn 0.789626 0.598030 -0.137298
vn -0.999874 -0.015786 0.001937
vn -0.999837 -0.017468 0.004566
vn -0.999837 -0.017468 0.004566
vn 0.135478 0.981221 -0.137298
vn -0.082260 0.963230 -0.255774
vn 0.622940 0.739273 -0.255774
vn -0.602902 0.795717 -0.057831
vn -0.990172 0.136581 -0.030086
vn -0.996093 -0.001250 -0.088299
vn -0.703109 0.701036 -0.119106
vn 0.136476 0.988446 -0.065940
vn -0.602902 0.795717 -0.057831
vn -0.950525 -0.310171 -0.017222
vn -0.950525 -0.310171 -0.017222
vn -0.950525 -0.310171 -0.017222
vn -0.703109 0.701036 -0.119106
vn -0.001018 0.991296 -0.131645
vn 0.796314 0.602837 -0.049713
vn -0.950525 -0.310171 -0.017222
vn -0.950525 -0.310171 -0.017222
vn -0.950525 -0.310171 -0.017222
vn 0.136476 0.988446 -0.065940
vn -0.001018 0.991296 -0.131645
vn 0.701849 0.702358 -0.118751
vn 0.990413 -0.136881 -0.018569
vn 0.796314 0.602837 -0.049713
vn 0.701849 0.702358 -0.118751
vn 0.996143 0.000075 -0.087749
vn 0.603738 -0.797129 0.009250
vn 0.990413 -0.136881 -0.018569
vn -0.950525 -0.310171 -0.017222
vn -0.950525 -0.310171 -0.017222
vn -0.950525 -0.310171 -0.017222
vn 0.996143 0.000075 -0.087749
vn 0.706072 -0.705869 -0.056669
vn 0.993406 -0.009003 0.114291
vn -0.950525 -0.310171 -0.017222
vn -0.950525 -0.310171 -0.017222
vn -0.950525 -0.310171 -0.017222
vn 0.707335 0.698896 0.105935
vn 0.702194 0.703221 -0.111371
vn 0.994647 0.001210 -0.103327
vn 0.707335 0.698896 0.105935
vn 0.000947 0.995080 0.099073
vn 0.000048 0.993869 -0.110568
vn 0.702194 0.703221 -0.111371
vn 0.000947 0.995080 0.099073
vn -0.706288 0.701460 0.095455
vn -0.957471 -0.285685 -0.040414
vn -0.957471 -0.285685 -0.040414
vn -0.953957 -0.299448 -0.017240
vn -0.703372 0.703425 -0.102282
vn 0.000048 0.993869 -0.110568
vn -0.706288 0.701460 0.095455
vn -0.960278 -0.271711 -0.063558
vn -0.957471 -0.285685 -0.040414
vn -0.957471 -0.285685 -0.040414
vn -0.995092 -0.005093 0.098825
vn -0.995999 -0.000653 -0.089361
vn -0.703372 0.703425 -0.102282
vn -0.995092 -0.005093 0.098825
vn -0.700847 -0.704848 0.109560
vn -0.704276 -0.705586 -0.078375
vn -0.995999 -0.000653 -0.089361
vn -0.700847 -0.704848 0.109560
vn -0.002628 -0.992802 0.119738
vn -0.975545 -0.215522 -0.043155
vn -0.975545 -0.215522 -0.043155
vn -0.972701 -0.231412 -0.017362
vn 0.000778 -0.996968 -0.077815
vn -0.704276 -0.705586 -0.078375
vn -0.002628 -0.992802 0.119738
vn -0.977486 -0.199433 -0.068908
vn -0.975545 -0.215522 -0.043155
vn -0.975545 -0.215522 -0.043155
vn 0.696407 -0.707377 0.120974
vn 0.704987 -0.703609 -0.089043
vn 0.000778 -0.996968 -0.077815
vn 0.696407 -0.707377 0.120974
vn 0.993406 -0.009003 0.114291
vn 0.994647 0.001210 -0.103327
vn 0.704987 -0.703609 -0.089043
vn -0.549976 -0.423804 0.719664
vn -0.677172 0.082337 0.731204
vn -0.992319 -0.119411 -0.032310
vn -0.992319 -0.119411 -0.032310
vn -0.989730 -0.142860 0.004963
vn 0.000275 -0.042876 0.999080
vn -0.590413 -0.791410 0.158374
vn -0.975374 -0.145151 0.166063
vn -0.992977 -0.095729 -0.069521
vn -0.992319 -0.119411 -0.032310
vn -0.992319 -0.119411 -0.032310
vn -0.677172 0.082337 0.731204
vn -0.549976 -0.423804 0.719664
vn 0.707335 0.698896 0.105935
vn 0.993406 -0.009003 0.114291
vn 0.957206 -0.149239 0.247959
vn 0.774705 0.570207 0.273306
vn 0.597877 0.789972 -0.135970
vn 0.978989 0.135602 -0.152289
vn 0.994647 0.001210 -0.103327
vn -0.996478 -0.083828 0.002335
vn -0.996478 -0.083828 0.002335
vn -0.996319 -0.085572 0.005103
vn 0.702194 0.703221 -0.111371
vn 0.000000 0.000000 -1.000000
vn 0.000000 0.000000 -1.000000
vn -0.996625 -0.082082 -0.000434
vn -0.996478 -0.083828 0.002335
vn -0.996478 -0.083828 0.002335
vn 0.000000 0.000000 -1.000000
vn 0.000000 0.000000 -1.000000
vn 0.963230 0.082260 -0.255774
vn 0.622940 0.739273 -0.255774
vn -0.000000 -0.000000 -1.000000
vn -0.111721 -0.692275 0.712933
vn -0.549976 -0.423804 0.719664
vn 0.000275 -0.042876 0.999080
vn 0.133591 -0.978604 0.156487
vn -0.997777 -0.066597 0.002279
vn -0.997777 -0.066597 0.002279
vn -0.997652 -0.068303 0.004991
vn -0.590413 -0.791410 0.158374
vn -0.549976 -0.423804 0.719664
vn -0.111721 -0.692275 0.712933
vn -0.997892 -0.064891 -0.000434
vn -0.997777 -0.066597 0.002279
vn -0.997777 -0.066597 0.002279
vn 0.000947 0.995080 0.099073
vn 0.707335 0.698896 0.105935
vn 0.774705 0.570207 0.273306
vn 0.132827 0.949863 0.283049
vn -0.135624 0.982152 -0.130317
vn 0.597877 0.789972 -0.135970
vn 0.702194 0.703221 -0.111371
vn 0.000048 0.993869 -0.110568
vn 0.000000 0.000000 -1.000000
vn -0.999011 -0.044117 0.005453
vn -0.999011 -0.044117 0.005453
vn -0.998791 -0.047832 0.011360
vn 0.000000 0.000000 -1.000000
vn 0.000000 0.000000 -1.000000
vn 0.000000 0.000000 -1.000000
vn -0.999183 -0.040400 -0.000453
vn -0.999011 -0.044117 0.005453
vn -0.999011 -0.044117 0.005453
vn 0.622940 0.739273 -0.255774
vn -0.082260 0.963230 -0.255774
vn -0.000000 -0.000000 -1.000000
vn 0.388819 -0.581654 0.714492
vn -0.111721 -0.692275 0.712933
vn 0.000275 -0.042876 0.999080
vn 0.781333 -0.602868 0.161459
vn 0.133591 -0.978604 0.156487
vn -0.111721 -0.692275 0.712933
vn -0.998554 -0.053595 -0.004292
vn -0.998554 -0.053595 -0.004292
vn -0.998845 -0.043669 -0.020055
vn 0.388819 -0.581654 0.714492
vn -0.706288 0.701460 0.095455
vn 0.000947 0.995080 0.099073
vn -0.997916 -0.063502 0.011473
vn -0.998554 -0.053595 -0.004292
vn -0.998554 -0.053595 -0.004292
vn 0.132827 0.949863 0.283049
vn -0.589613 0.761275 0.269847
vn -0.789314 0.598089 -0.138829
vn -0.135624 0.982152 -0.130317
vn 0.000048 0.993869 -0.110568
vn -0.703372 0.703425 -0.102282
vn 0.000000 0.000000 -1.000000
vn 0.000000 0.000000 -1.000000
vn 0.000000 0.000000 -1.000000
vn -0.996083 -0.088355 0.003337
vn -0.996083 -0.088355 0.003337
vn -0.996518 -0.083242 -0.004760
vn 0.000000 0.000000 -1.000000
vn -0.082260 0.963230 -0.255774
vn -0.739273 0.622940 -0.255774
vn -0.995557 -0.093460 0.011433
vn -0.996083 -0.088355 0.003337
vn -0.996083 -0.088355 0.003337
vn -0.000000 -0.000000 -1.000000
vn 0.674237 -0.147921 0.723550
vn 0.388819 -0.581654 0.714492
vn 0.000275 -0.042876 0.999080
vn 0.977369 0.125011 0.170650
vn 0.781333 -0.602868 0.161459
vn 0.388819 -0.581654 0.714492
vn 0.674237 -0.147921 0.723550
vn -0.995092 -0.005093 0.098825
vn -0.994252 -0.106675 0.009110
vn -0.994252 -0.106675 0.009110
vn -0.994426 -0.105217 0.006804
vn -0.706288 0.701460 0.095455
vn -0.589613 0.761275 0.269847
vn -0.963273 0.116965 0.241713
vn -0.994071 -0.108132 0.011416
vn -0.994252 -0.106675 0.009110
vn -0.994252 -0.106675 0.009110
vn -0.978498 -0.134772 -0.156137
vn -0.789314 0.598089 -0.138829
vn -0.703372 0.703425 -0.102282
vn -0.995999 -0.000653 -0.089361
vn 0.000000 0.000000 -1.000000
vn 0.000000 0.000000 -1.000000
vn 0.000000 0.000000 -1.000000
vn 0.000000 0.000000 -1.000000
vn -0.739273 0.622940 -0.255774
vn -0.994071 -0.108135 0.011415
vn -0.994071 -0.108135 0.011415
vn -0.994071 -0.108135 0.011415
vn -0.963230 -0.082260 -0.255774
vn -0.000000 -0.000000 -1.000000
vn 0.567900 0.370016 0.735240
vn -0.994071 -0.108135 0.011415
vn -0.994071 -0.108135 0.011415
vn -0.994071 -0.108135 0.011415
vn 0.674237 -0.147921 0.723550
vn 0.000275 -0.042876 0.999080
vn 0.598438 0.780979 0.178725
vn 0.977369 0.125011 0.170650
vn 0.674237 -0.147921 0.723550
vn 0.567900 0.370016 0.735240
vn -0.700847 -0.704848 0.109560
vn -0.995092 -0.005093 0.098825
vn -0.963273 0.116965 0.241713
vn -0.996571 -0.078893 -0.024937
vn -0.996571 -0.078893 -0.024937
vn -0.994776 -0.101533 0.010602
vn -0.770806 -0.599033 0.216834
vn -0.594998 -0.785128 -0.171908
vn -0.978498 -0.134772 -0.156137
vn -0.996594 -0.056112 -0.060431
vn -0.996571 -0.078893 -0.024937
vn -0.996571 -0.078893 -0.024937
vn -0.995999 -0.000653 -0.089361
vn -0.704276 -0.705586 -0.078375
vn 0.000000 0.000000 -1.000000
vn 0.000000 0.000000 -1.000000
vn 0.000000 0.000000 -1.000000
vn 0.000000 0.000000 -1.000000
vn 0.000000 0.000000 -1.000000
vn 0.000000 0.000000 -1.000000
vn 0.000000 0.000000 -1.000000
vn -0.998951 -0.045726 0.002434
vn -0.998951 -0.045726 0.002434
vn -0.998875 -0.047187 0.004722
vn 0.000000 0.000000 -1.000000
vn 0.000000 0.000000 -1.000000
vn 0.000000 0.000000 -1.000000
vn -0.999020 -0.044265 0.000147
vn -0.998951 -0.045726 0.002434
vn -0.998951 -0.045726 0.002434
vn 0.000000 0.000000 -1.000000
vn 0.000000 0.000000 -1.000000
vn 0.000000 0.000000 -1.000000
vn 0.981221 -0.135478 -0.137298
vn 0.789626 0.598030 -0.137298
vn 0.622940 0.739273 -0.255774
vn 0.963230 0.082260 -0.255774
vn 0.598030 -0.789626 -0.137298
vn 0.981221 -0.135478 -0.137298
vn -0.999791 -0.020180 0.003186
vn -0.999791 -0.020180 0.003186
vn -0.999851 -0.017169 -0.001677
vn 0.963230 0.082260 -0.255774
vn 0.739273 -0.622940 -0.255774
vn 0.000000 0.000000 -1.000000
vn -0.999699 -0.023191 0.008049
vn -0.999791 -0.020180 0.003186
vn -0.999791 -0.020180 0.003186
vn 0.000000 0.000000 -1.000000
vn 0.000000 0.000000 -1.000000
vn 0.000000 0.000000 -1.000000
vn 0.000000 0.000000 -1.000000
vn 0.000000 0.000000 -1.000000
vn 0.000000 0.000000 -1.000000
vn 0.000000 0.000000 -1.000000
vn 0.000000 0.000000 -1.000000
vn 0.000000 0.000000 -1.000000
vn -0.999505 -0.031456 0.001119
vn -0.999505 -0.031456 0.001119
vn -0.999505 -0.031456 0.001119
vn 0.000000 0.000000 -1.000000
vn 0.000000 0.000000 -1.000000
vn 0.000000 0.000000 -1.000000
vn -0.999505 -0.031456 0.001118
vn -0.999505 -0.031456 0.001119
vn -0.999505 -0.031456 0.001119
vn 0.000000 0.000000 -1.000000
vn 0.000000 0.000000 -1.000000
vn 0.000000 0.000000 -1.000000
vn -0.589613 0.761275 0.269847
vn -0.789314 0.598089 -0.138829
vn -0.135624 0.982153 -0.130317
vn 0.000048 0.993869 -0.110568
vn -0.703372 0.703425 -0.102282
vn 0.000000 0.000000 -1.000000
vn 0.888809 0.458245 0.005419
vn 0.888767 0.458329 0.005254
vn 0.888767 0.458329 0.005254
vn 0.000000 0.000000 -1.000000
vn 0.000000 0.000000 -1.000000
vn 0.000000 0.000000 -1.000000
vn 0.888767 0.458329 0.005254
vn 0.888767 0.458329 0.005254
vn 0.888725 0.458413 0.005089
vn -0.082273 0.962886 -0.257063
vn -0.739039 0.622687 -0.257063
vn 0.000000 -0.000000 -1.000000
vn -0.082273 0.962886 -0.257063
vn 0.000000 -0.000000 -1.000000
vn 0.388819 -0.581654 0.714492
vn -0.111721 -0.692275 0.712933
vn 0.000275 -0.042876 0.999080
vn 0.781333 -0.602868 0.161459
vn 0.888809 0.458245 0.005419
vn 0.888767 0.458329 0.005254
vn 0.888767 0.458329 0.005254
vn 0.133591 -0.978604 0.156487
vn -0.111721 -0.692275 0.712933
vn 0.388819 -0.581654 0.714492
vn 0.888767 0.458329 0.005254
vn 0.888767 0.458329 0.005254
vn 0.888725 0.458413 0.005089
vn -0.706288 0.701460 0.095455
vn 0.000947 0.995080 0.099073
vn 0.132827 0.949863 0.283049
vn -0.633300 -0.773676 0.018885
vn -0.746411 -0.665191 0.019778
vn 0.132827 0.949863 0.283049
vn -0.135624 0.982153 -0.130317
vn 0.597877 0.789972 -0.135970
vn 0.702194 0.703221 -0.111371
vn 0.888809 0.458245 0.005418
vn 0.888767 0.458329 0.005254
vn 0.888767 0.458329 0.005254
vn 0.000048 0.993869 -0.110568
vn 0.000000 0.000000 -1.000000
vn 0.000000 0.000000 -1.000000
vn 0.888767 0.458329 0.005254
vn 0.888767 0.458329 0.005254
vn 0.888725 0.458413 0.005089
vn 0.000000 0.000000 -1.000000
vn 0.000000 0.000000 -1.000000
vn 0.622687 0.739039 -0.257063
vn 0.571754 0.607954 -0.550899
vn 0.571754 0.815655 -0.088341
vn -0.571754 0.815655 0.088341
vn -0.571754 0.711804 -0.407961
vn 0.962886 0.082273 -0.257063
vn 0.622687 0.739039 -0.257063
vn 0.981221 -0.135478 -0.137298
vn 0.598030 -0.789626 -0.137298
vn 1.000000 0.000000 0.000000
vn 1.000000 0.000000 0.000000
vn 1.000000 0.000000 0.000000
vn 1.000000 0.000000 0.000000
vn -0.996093 -0.001250 -0.088299
vn 0.571754 0.711804 0.407961
vn 0.571754 0.815655 -0.088341
vn 1.000000 0.000000 0.000000
vn 1.000000 0.000000 0.000000
vn 1.000000 0.000000 0.000000
vn 1.000000 0.000000 0.000000
vn -0.703109 0.701036 -0.119106
vn 0.571754 0.607954 -0.550899
vn 0.571754 0.168034 -0.803033
vn 0.622687 0.739039 -0.257063
vn -0.082273 0.962886 -0.257063
vn -0.997311 0.072419 0.011199
vn 0.739039 -0.622687 -0.257063
vn 1.000000 0.000000 0.000000
vn 1.000000 0.000000 0.000000
vn 1.000000 0.000000 0.000000
vn -0.987868 0.155283 -0.001991
vn 1.000000 0.000000 0.000000
vn 0.571754 0.815655 -0.088341
vn 0.571754 0.607954 -0.550899
vn 0.962886 0.082273 -0.257063
vn -0.998598 -0.048312 -0.021619
vn 0.598030 -0.789626 -0.137298
vn -0.999585 -0.028778 0.001174
vn -0.999637 -0.026951 0.000089
vn -0.403894 0.537198 0.740465
vn 0.697131 -0.707349 0.116900
vn 0.993913 -0.008490 0.109842
vn 0.960407 -0.148847 0.235504
vn 0.821334 0.533644 0.201579
vn 0.994591 0.091877 0.048440
vn -0.989041 0.146165 -0.020836
vn 0.737884 0.549819 -0.391441
vn 0.412152 -0.731343 -0.543385
vn -0.174827 -0.983701 -0.042040
vn 0.950271 0.302734 -0.073054
vn 0.000000 0.317741 -0.948177
vn 0.412152 -0.731343 -0.543385
vn 0.737884 0.549819 -0.391441
vn -0.570369 -0.809658 0.138321
vn 0.271384 -0.928475 0.253545
vn 0.950271 0.302734 -0.073054
vn -0.174827 -0.983701 -0.042040
vn -0.709801 -0.678994 0.187483
vn -0.570369 -0.809658 0.138321
vn -0.174827 -0.983701 -0.042040
vn -0.956941 -0.286619 -0.045963
vn 0.000000 0.317741 -0.948177
vn -0.769757 0.563157 -0.300547
vn 0.412152 -0.731343 -0.543385
vn 0.271384 -0.928475 0.253545
vn -0.570369 -0.809658 0.138321
vn -0.709801 -0.678994 0.187483
vn -0.956941 -0.286619 -0.045963
vn -0.174827 -0.983701 -0.042040
vn 0.412152 -0.731343 -0.543385
vn -0.769757 0.563157 -0.300547
vn 0.708241 -0.703765 0.055766
vn -0.280275 -0.958470 0.052739
vn -0.367954 -0.921712 0.122709
vn 0.339351 -0.916250 -0.212902
vn -0.986915 -0.060365 -0.149515
vn -0.367954 -0.921712 0.122709
vn -0.280275 -0.958470 0.052739
vn -0.986915 -0.060365 -0.149515
vn 0.339351 -0.916250 -0.212902
vn 0.994926 0.024788 0.097513
vn 0.015627 0.635424 -0.772005
vn 0.937725 0.212582 -0.274738
vn 0.339351 -0.916250 -0.212902
vn -0.280275 -0.958470 0.052739
vn 0.708241 -0.703765 0.055766
vn 0.998698 -0.047074 -0.019649
vn 0.995272 0.096565 -0.010395
vn 0.999441 -0.017267 -0.028643
vn 0.015627 0.635424 -0.772005
vn 0.995105 0.027181 0.095016
vn 0.339351 -0.916250 -0.212902
vn 0.937725 0.212582 -0.274738
vn 0.497294 -0.863895 -0.079895
vn -0.877581 -0.479243 -0.013316
vn -0.257043 -0.965682 0.037235
vn -0.227307 -0.973796 0.007247
vn 0.766422 -0.642157 0.015216
vn -0.227307 -0.973796 0.007247
vn -0.257043 -0.965682 0.037235
vn 0.497294 -0.863895 -0.079895
vn 0.823632 0.547606 -0.147507
vn 0.829534 0.489058 -0.269623
vn 0.819792 0.412415 -0.397309
vn -0.601721 -0.796527 0.058968
vn 0.999016 -0.042343 -0.013217
vn -0.877581 -0.479243 -0.013316
vn 0.823632 0.547606 -0.147507
vn 0.497294 -0.863895 -0.079895
vn -0.227307 -0.973796 0.007247
vn 0.766422 -0.642157 0.015216
vn 0.497294 -0.863895 -0.079895
vn -0.820682 -0.571384 0.001159
vn 0.999505 -0.031456 0.001119
vn 0.999505 -0.031456 0.001119
vn 0.999505 -0.031456 0.001118
vn 0.999505 -0.031456 0.001119
vn 0.994462 0.017759 0.103581
vn -0.125350 -0.991236 -0.041706
vn -0.978034 -0.199501 -0.060414
vn 0.226659 -0.928949 0.292709
vn -0.042118 -0.983509 0.175884
vn 0.836376 -0.521199 0.169784
vn -0.042118 -0.983509 0.175884
vn 0.226659 -0.928949 0.292709
vn -0.769757 0.563157 -0.300547
vn 0.412152 -0.731344 -0.543385
vn 0.000000 0.317741 -0.948178
vn -0.978034 -0.199501 -0.060414
vn -0.125350 -0.991236 -0.041706
vn 0.412152 -0.731344 -0.543385
vn -0.769757 0.563157 -0.300547
vn 0.953007 0.296842 -0.060522
vn -0.125350 -0.991236 -0.041706
vn -0.042118 -0.983509 0.175884
vn 0.836376 -0.521199 0.169784
vn 0.412152 -0.731344 -0.543385
vn 0.737884 0.549819 -0.391441
vn 0.000000 0.317741 -0.948178
vn 0.737884 0.549819 -0.391441
vn 0.412152 -0.731344 -0.543385
vn -0.125350 -0.991236 -0.041706
vn 0.953007 0.296842 -0.060522
vn -0.978034 -0.199501 -0.060414
vn -0.125350 -0.991236 -0.041706
vn 0.412152 -0.731343 -0.543385
vn -0.769757 0.563157 -0.300547
vn -0.769757 0.563157 -0.300547
vn 0.412152 -0.731343 -0.543385
vn 0.000000 0.317741 -0.948177
vn -0.125350 -0.991236 -0.041706
vn -0.978034 -0.199501 -0.060414
vn 0.226659 -0.928949 0.292709
vn -0.042119 -0.983509 0.175884
vn 0.953007 0.296842 -0.060522
vn -0.125350 -0.991236 -0.041706
vn -0.042119 -0.983509 0.175884
vn 0.836376 -0.521199 0.169784
vn 0.412152 -0.731343 -0.543385
vn 0.737884 0.549819 -0.391441
vn 0.000000 0.317741 -0.948177
vn 0.836376 -0.521199 0.169784
vn -0.042119 -0.983509 0.175884
vn 0.226659 -0.928949 0.292709
vn 0.737884 0.549819 -0.391441
vn 0.412152 -0.731343 -0.543385
vn -0.125350 -0.991236 -0.041706
vn 0.953007 0.296842 -0.060522
vn -0.956941 -0.286619 -0.045963
vn -0.174827 -0.983701 -0.042040
vn 0.412152 -0.731344 -0.543385
vn -0.769757 0.563157 -0.300547
vn 0.829542 0.489026 -0.269654
vn 0.372500 -0.922056 -0.105151
vn 0.923725 -0.382236 -0.025075
vn 0.957802 0.260866 -0.120685
vn -0.980198 -0.193677 0.041251
vn -0.987853 -0.144002 0.058386
vn -0.965649 0.259601 0.011373
vn -0.985532 0.165830 0.035027
vn 0.049044 -0.998023 -0.039298
vn 0.143622 0.967530 0.207986
vn -0.051495 0.998014 -0.036283
vn 0.100689 0.982767 0.155016
vn 0.577463 -0.543165 0.609515
vn 0.100689 0.982767 0.155016
vn -0.051495 0.998014 -0.036283
vn -0.090741 0.993169 -0.073356
vn -0.112521 0.988405 -0.101950
vn 0.234483 -0.954473 0.184390
vn 0.203005 -0.969018 0.140686
vn 0.577463 -0.543165 0.609515
vn 0.580010 0.445327 0.682109
vn 0.577463 -0.543165 0.609515
vn 0.203005 -0.969018 0.140686
vn 0.205855 -0.967565 0.146429
vn 0.000000 0.317741 -0.948178
vn -0.769757 0.563157 -0.300547
vn 0.412152 -0.731344 -0.543385
vn -0.970082 0.218685 -0.105443
vn -0.952306 0.274687 -0.132889
vn -0.984978 0.134784 -0.107939
vn -0.974886 0.191998 -0.112848
vn -0.994766 0.047885 -0.090268
vn -0.996153 0.035200 -0.080257
vn -0.974886 0.191998 -0.112848
vn -0.984978 0.134784 -0.107939
vn 0.000000 -0.201437 -0.979502
vn 0.372500 -0.922056 -0.105151
vn 0.829542 0.489026 -0.269654
vn -0.709801 -0.678993 0.187483
vn -0.570370 -0.809658 0.138321
vn -0.174827 -0.983701 -0.042040
vn -0.956941 -0.286619 -0.045963
vn 0.737884 0.549819 -0.391441
vn 0.412152 -0.731344 -0.543385
vn -0.174827 -0.983701 -0.042040
vn 0.950271 0.302734 -0.073054
vn 0.000000 0.317741 -0.948178
vn 0.412152 -0.731344 -0.543385
vn 0.737884 0.549819 -0.391441
vn 0.271384 -0.928475 0.253545
vn -0.570370 -0.809658 0.138321
vn -0.709801 -0.678993 0.187483
vn -0.837367 0.068952 0.542275
vn -0.000018 -0.181562 0.983380
vn -0.805804 -0.363652 0.467373
vn -0.585246 -0.808096 -0.066844
vn -0.748747 -0.660876 -0.051188
vn -0.857209 -0.513593 -0.037617
vn -0.961929 -0.271677 -0.029748
vn -0.999352 0.035628 0.005135
vn -0.960961 0.151045 0.231819
vn -0.933793 0.143906 0.327600
vn -0.847710 -0.427380 0.314220
vn -0.933830 -0.227252 0.276257
vn 0.093870 -0.994999 0.034144
vn 0.100689 0.982767 0.155016
vn 0.743143 -0.669101 -0.006522
vn 0.988449 0.151438 -0.005966
vn 0.997777 -0.066597 0.002279
vn 0.997777 -0.066597 0.002279
vn -0.943241 -0.331059 -0.026379
vn 0.997892 -0.064891 -0.000434
vn -0.985532 0.165830 0.035027
vn -0.965649 0.259601 0.011373
vn -0.644699 0.762968 -0.047348
vn -0.739911 0.672394 -0.020420
vn -0.977596 0.205201 0.046886
vn -0.962137 0.231554 0.143789
vn -0.972080 -0.163426 0.168383
vn -0.980841 -0.178793 0.077350
vn -0.985532 0.165830 0.035027
vn -0.977596 0.205201 0.046886
vn -0.980841 -0.178793 0.077350
vn -0.980198 -0.193677 0.041251
vn -0.961571 0.274454 0.007503
vn -0.965649 0.259601 0.011373
vn -0.987853 -0.144002 0.058386
vn -0.997859 -0.060828 0.024030
vn -0.532142 -0.653894 -0.537818
vn -0.480021 -0.552044 -0.681782
vn -0.745844 -0.371347 -0.553008
vn -0.827210 -0.407260 -0.387121
vn -0.491884 -0.743303 0.453377
vn -0.000018 -0.181562 0.983380
vn -0.000022 -0.855154 0.518375
vn -0.705951 0.701244 0.099447
vn -0.769757 0.563157 -0.300547
vn -0.978034 -0.199501 -0.060414
vn 0.953007 0.296842 -0.060522
vn -0.588440 0.759615 0.276989
vn 0.737884 0.549819 -0.391441
vn -0.769757 0.563157 -0.300547
vn -0.978034 -0.199501 -0.060414
vn 0.642039 -0.766667 0.002836
vn -0.521604 -0.853188 -0.000429
vn -0.691768 -0.722040 0.010711
vn -0.521604 -0.853188 -0.000429
vn 0.642039 -0.766667 0.002836
vn 0.957802 0.260866 -0.120685
vn 0.923725 -0.382236 -0.025075
vn -0.976137 -0.180603 -0.120577
vn -0.956181 -0.289269 -0.045184
vn 0.496565 -0.810936 -0.309526
vn -0.503923 0.012526 -0.863657
vn 0.496565 -0.810936 -0.309526
vn 0.850821 -0.376520 -0.366519
vn -0.503923 0.012526 -0.863657
vn -0.599424 -0.796700 0.077204
vn -0.464327 -0.884067 0.053159
vn -0.956181 -0.289269 -0.045184
vn -0.976137 -0.180603 -0.120577
vn -0.888767 0.458329 0.005254
vn -0.888725 0.458413 0.005089
vn -0.888809 0.458245 0.005418
vn -0.888767 0.458329 0.005254
vn 0.054587 0.994274 0.091870
vn 0.580010 0.445327 0.682109
vn 0.577463 -0.543165 0.609515
vn -0.112521 0.988405 -0.101950
vn -0.986915 -0.060365 -0.149515
vn 0.999505 -0.031456 0.001119
vn 0.015627 0.635424 -0.772005
vn 0.937725 0.212582 -0.274738
vn -0.086164 0.992480 -0.086944
vn 0.054587 0.994274 0.091870
vn 0.100689 0.982767 0.155016
vn 0.976993 -0.043125 0.208864
vn 0.976991 -0.043131 0.208873
vn 0.976991 -0.043131 0.208873
vn 0.975399 -0.181583 -0.124996
vn 0.972390 -0.167742 -0.162235
vn 0.969712 -0.212328 -0.120731
vn 0.974303 -0.197033 -0.109141
vn 0.978856 -0.153322 -0.135402
vn 0.957201 -0.242584 -0.157854
vn 0.972390 -0.167742 -0.162235
vn 0.975399 -0.181583 -0.124996
vn 0.977945 -0.043197 0.204347
vn 0.977945 -0.043197 0.204347
vn 0.977945 -0.043197 0.204347
vn 0.977945 -0.043197 0.204347
vn 0.977945 -0.043197 0.204347
vn 0.977945 -0.043197 0.204347
vn 0.829534 0.489058 -0.269623
vn 0.000000 0.980967 -0.194173
vn 0.000000 0.990377 -0.138396
vn 0.850821 -0.376520 -0.366519
vn 0.496565 -0.810936 -0.309526
vn 0.907678 -0.418973 -0.024144
vn 0.991432 -0.027166 -0.127771
vn -0.888767 0.458329 0.005254
vn -0.888767 0.458329 0.005254
vn 0.387333 -0.918974 0.073887
vn -0.847710 -0.427380 0.314220
vn -0.888767 0.458329 0.005254
vn 0.000099 0.993862 -0.110627
vn -0.888725 0.458413 0.005089
vn 0.993579 0.053563 0.099654
vn 0.997652 -0.068303 0.004991
vn -0.611547 -0.788551 -0.064787
vn -0.951980 -0.304744 -0.029418
vn -0.857209 -0.513593 -0.037617
vn -0.737296 0.613398 0.283087
vn -0.082097 0.910809 0.404582
vn 0.072236 0.864982 0.496576
vn -0.603608 0.667779 0.435579
vn -0.960961 0.151045 0.231819
vn -0.737296 0.613398 0.283087
vn -0.603608 0.667779 0.435579
vn -0.933793 0.143906 0.327600
vn -0.831337 0.511054 -0.218408
vn 0.000000 -0.201437 -0.979502
vn 0.829542 0.489026 -0.269654
vn -0.797498 -0.535945 0.277056
vn -0.933830 -0.227252 0.276257
vn -0.847710 -0.427380 0.314220
vn -0.663624 -0.659991 0.352158
vn -0.464327 -0.884067 0.053159
vn 0.640846 -0.765576 0.056655
vn 0.991432 -0.027166 -0.127771
vn 0.907678 -0.418973 -0.024144
vn 0.640846 -0.765576 0.056655
vn -0.464327 -0.884067 0.053159
vn -0.599424 -0.796700 0.077204
vn -0.585246 -0.808096 -0.066844
vn -0.555999 -0.828541 -0.066212
vn -0.611547 -0.788551 -0.064787
vn 0.992319 -0.119411 -0.032310
vn 0.992319 -0.119411 -0.032310
vn 0.992977 -0.095729 -0.069521
vn -0.937617 -0.334948 -0.093190
vn -0.929876 -0.354378 -0.098725
vn 0.994570 0.041076 0.095615
vn 0.990376 0.094827 0.100810
vn 0.988807 0.104790 0.106204
vn -0.402863 -0.892924 0.200969
vn 0.974235 -0.055084 0.218706
vn 0.974235 -0.055084 0.218706
vn 0.970325 -0.064579 0.233022
vn 0.977842 -0.045572 0.204322
vn -0.698163 0.715833 -0.012270
vn -0.961571 0.274454 0.007503
vn -0.987868 0.155283 -0.001991
vn -0.682390 0.730914 0.010438
vn -0.002784 0.999272 -0.038041
vn -0.698163 0.715833 -0.012270
vn -0.682390 0.730914 0.010438
vn -0.003784 0.999981 0.004935
vn -0.976137 -0.180603 -0.120577
vn -0.503923 0.012526 -0.863657
vn 0.850821 -0.376520 -0.366519
vn 0.991432 -0.027166 -0.127771
vn -0.888767 0.458329 0.005254
vn -0.888725 0.458413 0.005089
vn -0.888809 0.458245 0.005419
vn -0.888767 0.458329 0.005254
vn 0.974235 -0.055084 0.218706
vn 0.974235 -0.055084 0.218706
vn 0.999527 -0.030745 0.000090
vn 0.999581 -0.028912 0.001174
vn -0.990554 0.137025 -0.005257
vn -0.992403 0.121423 -0.019813
vn -0.724029 -0.673942 -0.146915
vn -0.783286 -0.618752 -0.060075
vn -0.990554 0.137025 -0.005257
vn -0.696947 0.717068 0.008926
vn -0.641802 0.766665 0.017752
vn -0.992403 0.121423 -0.019813
vn -0.696947 0.717068 0.008926
vn -0.003760 0.999870 0.015681
vn 0.058151 0.998110 0.019881
vn -0.641802 0.766665 0.017752
vn -0.929876 -0.354378 -0.098725
vn -0.797732 -0.587962 -0.133882
vn -0.597386 -0.786844 -0.154937
vn -0.597386 -0.786844 -0.154937
vn -0.797732 -0.587962 -0.133882
vn -0.792120 -0.595927 -0.131976
vn 0.957471 -0.285685 -0.040414
vn -0.570638 -0.806038 -0.157086
vn -0.792120 -0.595927 -0.131976
vn 0.724029 -0.673942 -0.146915
vn 0.553780 0.604272 0.572872
vn 0.725904 0.563678 0.394120
vn 0.953007 0.296842 -0.060522
vn 0.001185 0.994970 0.100169
vn 0.737884 0.549819 -0.391441
vn -0.769757 0.563157 -0.300547
vn 0.925385 0.378978 0.006185
vn 0.972701 -0.231412 -0.017362
vn 0.977486 -0.199433 -0.068908
vn 0.975545 -0.215522 -0.043155
vn 0.112484 0.900914 -0.419168
vn -0.695342 0.646343 -0.314231
vn -0.752654 0.437576 -0.491976
vn -0.189575 0.757756 -0.624393
vn -0.695342 0.646343 -0.314231
vn -0.943133 0.164070 -0.289104
vn -0.897474 0.056043 -0.437493
vn -0.752654 0.437576 -0.491976
vn -0.998628 0.052300 0.002739
vn -0.966859 0.254960 0.013353
vn -0.897969 0.439456 0.023016
vn -0.897969 0.439456 0.023016
vn -0.717701 0.695027 0.042934
vn -0.010967 0.999797 0.016901
vn 0.067649 0.986325 0.150289
vn -0.669746 0.730243 0.134850
vn -0.977596 0.205201 0.046886
vn -0.717701 0.695027 0.042934
vn -0.669746 0.730243 0.134850
vn -0.962137 0.231554 0.143789
vn -0.718999 -0.693704 0.042605
vn -0.980841 -0.178793 0.077350
vn -0.972080 -0.163426 0.168383
vn -0.713257 -0.691943 0.111709
vn -0.888767 0.458329 0.005254
vn -0.888767 0.458329 0.005254
vn 0.349999 -0.930975 0.103851
vn -0.008601 -0.999133 0.040730
vn -0.491884 -0.743303 0.453377
vn -0.805804 -0.363652 0.467373
vn -0.000018 -0.181562 0.983380
vn -0.977574 -0.197139 -0.074058
vn -0.831337 0.511054 -0.218408
vn 0.829542 0.489026 -0.269654
vn 0.957802 0.260866 -0.120685
vn -0.739911 0.672394 -0.020420
vn 0.001612 0.999093 -0.042542
vn -0.010967 0.999797 0.016901
vn -0.717701 0.695027 0.042934
vn -0.985532 0.165830 0.035027
vn -0.739911 0.672394 -0.020420
vn -0.717701 0.695027 0.042934
vn -0.977596 0.205201 0.046886
vn -0.722021 -0.687910 0.073926
vn -0.980198 -0.193677 0.041251
vn -0.980841 -0.178793 0.077350
vn -0.718999 -0.693704 0.042605
vn -0.264049 -0.957595 0.115285
vn 0.964365 -0.084029 0.250877
vn 0.964365 -0.084029 0.250877
vn 0.964343 -0.084076 0.250947
vn -0.837367 0.068952 0.542275
vn -0.610381 0.574743 0.545074
vn -0.000018 -0.181562 0.983380
vn -0.769757 0.563157 -0.300547
vn 0.000000 0.317741 -0.948177
vn 0.737884 0.549819 -0.391441
vn -0.677927 0.734853 0.020143
vn -0.981583 0.190925 -0.006563
vn -0.984603 0.174190 -0.014668
vn -0.733366 0.679695 0.013744
vn -0.003575 0.999824 0.018393
vn -0.677927 0.734853 0.020143
vn -0.733366 0.679695 0.013744
vn -0.087563 0.995986 0.018547
vn -0.698163 0.715833 -0.012270
vn -0.002784 0.999272 -0.038041
vn 0.004723 0.997210 -0.074492
vn -0.644699 0.762968 -0.047348
vn -0.961571 0.274454 0.007503
vn -0.698163 0.715833 -0.012270
vn -0.644699 0.762968 -0.047348
vn -0.965649 0.259601 0.011373
vn -0.747821 -0.661168 0.060171
vn -0.997859 -0.060828 0.024030
vn -0.987853 -0.144002 0.058386
vn -0.728757 -0.676971 0.103066
vn 0.975545 -0.215522 -0.043155
vn 0.992319 -0.119411 -0.032310
vn 0.992319 -0.119411 -0.032310
vn 0.203005 -0.969018 0.140686
vn -0.610381 0.574743 0.545074
vn 0.000000 0.755339 0.655334
vn -0.000018 -0.181562 0.983380
vn -0.918874 -0.394012 -0.020639
vn -0.962636 -0.270428 -0.014166
vn -0.966859 0.254960 0.013353
vn -0.998628 0.052300 0.002739
vn -0.648631 -0.760061 -0.039811
vn -0.324303 -0.944658 -0.049487
vn 0.000000 -0.998630 -0.052328
vn 0.000013 -0.998631 -0.052316
vn -0.962636 -0.270428 -0.014166
vn -0.918874 -0.394012 -0.020639
vn -0.324303 -0.944658 -0.049487
vn -0.648631 -0.760061 -0.039811
vn -0.737337 0.675517 0.003360
vn -0.124610 0.992024 0.018975
vn -0.003760 0.999870 0.015681
vn -0.696947 0.717068 0.008926
vn -0.996211 0.076505 -0.041356
vn -0.737337 0.675517 0.003360
vn -0.696947 0.717068 0.008926
vn -0.990554 0.137025 -0.005257
vn -0.676557 -0.725328 -0.127161
vn -0.996211 0.076505 -0.041356
vn -0.990554 0.137025 -0.005257
vn -0.783286 -0.618752 -0.060075
vn 0.083639 -0.996495 0.001325
vn 0.049044 -0.998023 -0.039298
vn 0.205855 -0.967565 0.146429
vn 0.964387 -0.083982 0.250806
vn 0.964365 -0.084029 0.250877
vn 0.964365 -0.084029 0.250877
vn 0.979699 0.200243 0.009638
vn 0.935837 0.352033 0.016780
vn -0.980241 -0.136242 -0.143405
vn -0.703109 0.701036 -0.119106
vn -0.001018 0.991296 -0.131645
vn -0.134169 0.971737 -0.194232
vn 0.737884 0.549819 -0.391441
vn 0.950271 0.302734 -0.073054
vn -0.956941 -0.286619 -0.045963
vn -0.769757 0.563157 -0.300547
vn 0.936623 0.349886 0.017839
vn 0.991411 0.125878 0.035487
vn 0.999900 -0.001329 0.014102
vn 0.999094 -0.000720 0.042540
vn -0.570370 -0.809658 0.138321
vn 0.271384 -0.928475 0.253545
vn 0.950271 0.302734 -0.073054
vn -0.174827 -0.983701 -0.042040
vn -0.977574 -0.197139 -0.074058
vn -0.918185 -0.396144 -0.002598
vn 0.372500 -0.922056 -0.105151
vn -0.831337 0.511054 -0.218408
vn 0.000000 -0.201437 -0.979502
vn -0.831337 0.511054 -0.218408
vn 0.372500 -0.922056 -0.105151
vn -0.691768 -0.722040 0.010711
vn -0.521604 -0.853188 -0.000429
vn -0.918185 -0.396144 -0.002598
vn -0.977574 -0.197139 -0.074058
vn 0.999012 -0.028101 0.034438
vn 0.998962 -0.032622 0.031791
vn 0.961421 -0.078018 0.263786
vn 0.961421 -0.078018 0.263786
vn 0.964053 -0.072555 0.255611
vn 0.958689 -0.083474 0.271934
vn 0.961421 -0.078018 0.263786
vn 0.961421 -0.078018 0.263786
vn -0.956941 -0.286619 -0.045963
vn -0.769757 0.563157 -0.300547
vn 0.737884 0.549819 -0.391441
vn 0.950271 0.302734 -0.073054
vn 0.000000 0.317741 -0.948178
vn 0.737884 0.549819 -0.391441
vn -0.769757 0.563157 -0.300547
vn -0.763275 -0.640798 -0.082397
vn -0.945571 -0.320789 -0.054683
vn -0.972316 -0.232187 -0.026268
vn -0.790700 -0.609206 -0.060509
vn 0.004723 0.997210 -0.074492
vn 0.732884 0.679601 -0.031977
vn 0.645864 0.763084 -0.023720
vn 0.001612 0.999093 -0.042542
vn 0.915696 -0.036906 0.400173
vn -0.785055 0.593621 -0.176922
vn -0.001018 0.991296 -0.131645
vn 0.915696 -0.036906 0.400173
vn 0.994880 -0.090797 0.044383
vn 0.770564 -0.623819 0.130699
vn 0.660210 -0.748771 0.058858
vn 0.983369 -0.172092 0.058045
vn 0.912990 -0.041189 0.405896
vn 0.918349 -0.032620 0.394426
vn 0.915696 -0.036906 0.400173
vn 0.915696 -0.036906 0.400173
vn 0.549371 -0.684443 -0.479301
vn 0.313081 -0.574615 -0.756173
vn -0.093123 -0.621153 -0.778137
vn 0.036622 -0.793088 -0.608005
vn 0.881058 0.128148 -0.455318
vn 0.783862 -0.282231 -0.553088
vn 0.903878 -0.275943 -0.326895
vn 0.954743 0.081937 -0.285922
vn 0.601356 0.569021 -0.560879
vn 0.881058 0.128148 -0.455318
vn 0.954743 0.081937 -0.285922
vn 0.766053 0.572103 -0.293019
vn -0.189575 0.757756 -0.624393
vn 0.601356 0.569021 -0.560879
vn 0.766053 0.572103 -0.293019
vn 0.112484 0.900914 -0.419168
vn 0.903878 -0.275943 -0.326895
vn 0.783862 -0.282231 -0.553088
vn 0.313081 -0.574615 -0.756173
vn 0.549371 -0.684443 -0.479301
vn 0.645864 0.763084 -0.023720
vn 0.732884 0.679601 -0.031977
vn 0.981368 0.190694 0.023491
vn 0.968238 0.249341 0.018551
vn 0.666538 -0.715392 -0.209623
vn 0.991238 -0.020029 -0.130564
vn 0.954743 0.081937 -0.285922
vn 0.903878 -0.275943 -0.326895
vn 0.701849 0.702358 -0.118751
vn 0.593858 0.782866 -0.185615
vn -0.134169 0.971737 -0.194232
vn 0.701849 0.702358 -0.118751
vn 0.968238 0.249341 0.018551
vn 0.981368 0.190694 0.023491
vn 0.994880 -0.090797 0.044383
vn 0.983369 -0.172092 0.058045
vn 0.996143 0.000075 -0.087749
vn 0.978614 0.134220 -0.155881
vn 0.781256 -0.616249 -0.099376
vn 0.737608 -0.672109 -0.064846
vn 0.000000 -0.996940 -0.078165
vn 0.053703 -0.984676 -0.165919
vn 0.000000 -0.993331 -0.115299
vn 0.000000 -0.996940 -0.078165
vn 0.737608 -0.672109 -0.064846
vn 0.724029 -0.673942 -0.146915
vn 0.927579 0.071265 0.366768
vn 0.916813 0.049155 0.396280
vn 0.916813 0.049155 0.396280
vn 0.999706 0.003669 0.023975
vn 0.999263 0.011418 0.036640
vn 0.999094 -0.000720 0.042540
vn 0.903878 -0.275943 -0.326895
vn 0.549371 -0.684443 -0.479301
vn -0.167781 -0.961702 -0.216745
vn 0.666538 -0.715392 -0.209623
vn 0.991341 0.090882 -0.094782
vn 0.970962 0.207508 -0.119048
vn 0.921936 0.357209 -0.149788
vn 0.948102 0.286139 -0.138662
vn 0.970962 0.207508 -0.119048
vn 0.991341 0.090882 -0.094782
vn 0.996804 0.011802 -0.079014
vn 0.996512 0.029055 -0.078222
vn 0.979008 0.199804 -0.040265
vn 0.991238 -0.020029 -0.130564
vn 0.666538 -0.715392 -0.209623
vn 0.781256 -0.616249 -0.099376
vn 0.794753 0.604964 -0.048840
vn 0.057798 0.998272 0.010642
vn 0.112484 0.900914 -0.419168
vn 0.766053 0.572103 -0.293019
vn 0.991238 -0.020029 -0.130564
vn 0.794753 0.604964 -0.048840
vn 0.766053 0.572103 -0.293019
vn 0.954743 0.081937 -0.285922
vn 0.036622 -0.793088 -0.608005
vn -0.167781 -0.961702 -0.216745
vn 0.999900 -0.001329 0.014102
vn 0.549371 -0.684443 -0.479301
vn 0.913013 0.182377 0.364892
vn 0.036622 -0.793088 -0.608005
vn -0.532142 -0.653894 -0.537818
vn -0.167781 -0.961702 -0.216745
vn 0.752325 -0.424295 0.503965
vn -0.000018 -0.181562 0.983380
vn 0.866489 0.098653 0.489351
vn 0.072236 0.864982 0.496576
vn 0.000000 0.755339 0.655334
vn 0.866489 0.098653 0.489351
vn 0.934586 0.155226 0.320083
vn 0.935126 0.087230 0.343410
vn 0.881793 0.279134 0.380164
vn 0.861341 0.305274 0.406078
vn 0.904694 0.026974 0.425207
vn 0.961816 -0.162020 0.220590
vn 0.885628 -0.331778 0.324939
vn 0.934586 0.155226 0.320083
vn 0.944711 0.208115 0.253397
vn 0.916813 0.049155 0.396280
vn 0.916813 0.049155 0.396280
vn 0.999162 0.037778 0.015733
vn 0.999706 0.003669 0.023975
vn 0.975277 -0.170771 0.140255
vn 0.961816 -0.162020 0.220590
vn 0.944711 0.208115 0.253397
vn 0.976669 0.149435 0.154228
vn 0.725904 0.563678 0.394120
vn 0.553780 0.604272 0.572872
vn 0.761452 -0.586820 0.275379
vn 0.999900 -0.001329 0.014102
vn 0.979699 0.200243 0.009638
vn 0.935126 0.087230 0.343410
vn 0.913013 0.182377 0.364892
vn 0.942337 0.003637 0.334647
vn 0.979961 -0.190509 0.058170
vn 0.975277 -0.170771 0.140255
vn 0.976669 0.149435 0.154228
vn 0.976226 0.202614 0.077016
vn 0.983369 -0.172092 0.058045
vn 0.979961 -0.190509 0.058170
vn 0.976226 0.202614 0.077016
vn 0.968238 0.249341 0.018551
vn 0.999250 -0.038035 0.007285
vn 0.994880 -0.090797 0.044383
vn 0.981368 0.190694 0.023491
vn 0.974519 0.223985 0.011945
vn 0.690920 0.722785 0.014518
vn 0.978752 0.204916 -0.007372
vn 0.988449 0.151438 -0.005966
vn 0.681364 0.731929 0.004854
vn -0.000022 -0.855154 0.518375
vn -0.000018 -0.181562 0.983380
vn 0.491890 -0.743280 0.453407
vn -0.550420 -0.424075 0.719166
vn 0.937800 0.024044 0.346343
vn -0.888809 0.458245 0.005419
vn -0.888767 0.458329 0.005254
vn -0.975542 -0.145115 0.165102
vn 0.000056 -0.922886 0.385072
vn 0.579297 -0.731361 0.359896
vn 0.491890 -0.743280 0.453407
vn 0.572167 0.820113 0.006205
vn 0.794753 0.604964 -0.048840
vn 0.991238 -0.020029 -0.130564
vn 0.979008 0.199804 -0.040265
vn -0.124610 0.992024 0.018975
vn 0.057798 0.998272 0.010642
vn 0.794753 0.604964 -0.048840
vn 0.572167 0.820113 0.006205
vn 0.999162 0.037778 0.015733
vn 0.979699 0.200243 0.009638
vn 0.991411 0.125878 0.035487
vn -0.167781 -0.961702 -0.216745
vn 0.053703 -0.984676 -0.165919
vn -0.676557 -0.725328 -0.127161
vn -0.685198 -0.698751 -0.205551
vn 0.998459 0.035174 0.042918
vn 0.053703 -0.984676 -0.165919
vn -0.167781 -0.961702 -0.216745
vn 0.666538 -0.715392 -0.209623
vn 0.781256 -0.616249 -0.099376
vn 0.976669 0.149435 0.154228
vn 0.944711 0.208115 0.253397
vn 0.613625 0.717909 0.328741
vn 0.797463 0.582383 0.157742
vn 0.579297 -0.731361 0.359896
vn -0.888767 0.458329 0.005254
vn -0.663624 -0.659991 0.352158
vn -0.797498 -0.535945 0.277056
vn 0.998459 0.035174 0.042918
vn 0.991411 0.125878 0.035487
vn 0.999094 -0.000720 0.042540
vn 0.999263 0.011418 0.036640
vn 0.797463 0.582383 0.157742
vn 0.613625 0.717909 0.328741
vn -0.082097 0.910809 0.404582
vn 0.067649 0.986325 0.150289
vn 0.964333 -0.258930 -0.054936
vn 0.964598 0.263719 -0.001686
vn 0.978752 0.204916 -0.007372
vn 0.872308 0.303897 0.383047
vn 0.869745 0.293655 0.396624
vn 0.869745 0.293655 0.396624
vn -0.751016 -0.660143 -0.013659
vn -0.997859 -0.060828 0.024030
vn 0.751016 -0.660143 -0.013659
vn 0.999250 -0.038035 0.007285
vn 0.026923 -0.997510 0.065190
vn -0.090775 -0.995793 0.012525
vn -0.722021 -0.687910 0.073926
vn -0.728757 -0.676971 0.103066
vn 0.000000 -0.999978 0.006632
vn -0.751016 -0.660143 -0.013659
vn -0.743143 -0.669101 -0.006522
vn -0.743143 -0.669101 -0.006522
vn 0.000000 -0.999984 -0.005685
vn -0.987868 0.155283 -0.001991
vn 0.000000 -0.999978 0.006632
vn 0.000000 -0.999984 -0.005685
vn -0.997859 -0.060828 0.024030
vn 0.593858 0.782866 -0.185615
vn 0.996143 0.000075 -0.087749
vn 0.000000 -0.993331 -0.115299
vn -0.087563 0.995986 0.018547
vn 0.058151 0.998110 0.019881
vn 0.789180 0.614001 0.014049
vn 0.602462 0.797815 0.023040
vn 0.602462 0.797815 0.023040
vn 0.789180 0.614001 0.014049
vn 0.999327 0.019940 -0.030799
vn 0.964598 0.263719 -0.001686
vn 0.737884 0.549819 -0.391441
vn 0.000000 0.317741 -0.948178
vn 0.823632 0.547606 -0.147507
vn 0.743143 -0.669101 -0.006522
vn 0.751016 -0.660143 -0.013659
vn 0.739726 -0.671198 0.047942
vn 0.770564 -0.623819 0.130699
vn -0.996211 0.076505 -0.041356
vn -0.676557 -0.725328 -0.127161
vn -0.685198 -0.698751 -0.205551
vn -0.991238 -0.020029 -0.130564
vn 0.761452 -0.586820 0.275379
vn 0.961816 -0.162020 0.220590
vn 0.975277 -0.170771 0.140255
vn 0.696029 -0.710031 0.106768
vn -0.663624 -0.659991 0.352158
vn -0.402863 -0.892924 0.200969
vn -0.888767 0.458329 0.005254
vn -0.000022 -0.855154 0.518375
vn -0.491884 -0.743303 0.453377
vn -0.590499 -0.791458 0.157816
vn 0.000056 -0.922886 0.385072
vn -0.000022 -0.855154 0.518375
vn -0.805804 -0.363652 0.467373
vn 0.491890 -0.743280 0.453407
vn -0.491884 -0.743303 0.453377
vn 0.866489 0.098653 0.489351
vn 0.026923 -0.997510 0.065190
vn -0.041981 -0.999115 0.002595
vn 0.660210 -0.748771 0.058858
vn 0.730897 -0.679693 0.061701
vn 0.725904 0.563678 0.394120
vn 0.072236 0.864982 0.496576
vn -0.082097 0.910809 0.404582
vn 0.613625 0.717909 0.328741
vn -0.962137 0.231554 0.143789
vn -0.960961 0.151045 0.231819
vn -0.933830 -0.227252 0.276257
vn -0.972080 -0.163426 0.168383
vn 0.934586 0.155226 0.320083
vn 0.725904 0.563678 0.394120
vn 0.613625 0.717909 0.328741
vn 0.944711 0.208115 0.253397
vn -0.669746 0.730243 0.134850
vn -0.737296 0.613398 0.283087
vn -0.960961 0.151045 0.231819
vn -0.962137 0.231554 0.143789
vn 0.579297 -0.731361 0.359896
vn 0.885628 -0.331778 0.324939
vn 0.961816 -0.162020 0.220590
vn 0.761452 -0.586820 0.275379
vn -0.991238 -0.020029 -0.130564
vn -0.742815 0.668302 -0.039972
vn -0.737337 0.675517 0.003360
vn -0.996211 0.076505 -0.041356
vn 0.057798 0.998272 0.010642
vn -0.124610 0.992024 0.018975
vn -0.737337 0.675517 0.003360
vn -0.742815 0.668302 -0.039972
vn 0.752325 -0.424295 0.503965
vn 0.885628 -0.331778 0.324939
vn 0.934586 0.155226 0.320083
vn 0.072236 0.864982 0.496576
vn -0.603608 0.667779 0.435579
vn -0.610381 0.574743 0.545074
vn 0.000000 0.755339 0.655334
vn -0.610381 0.574743 0.545074
vn -0.008601 -0.999133 0.040730
vn -0.090775 -0.995793 0.012525
vn 0.730897 -0.679693 0.061701
vn 0.696029 -0.710031 0.106768
vn 0.951194 -0.307300 -0.028220
vn -0.972316 -0.232187 -0.026268
vn -0.743143 -0.669101 -0.006522
vn -0.751016 -0.660143 -0.013659
vn 0.681364 0.731929 0.004854
vn 0.988449 0.151438 -0.005966
vn 0.974519 0.223985 0.011945
vn 0.695898 0.717905 -0.018370
vn -0.003784 0.999981 0.004935
vn 0.681364 0.731929 0.004854
vn 0.695898 0.717905 -0.018370
vn -0.002784 0.999272 -0.038041
vn -0.082097 0.910809 0.404582
vn -0.737296 0.613398 0.283087
vn -0.669746 0.730243 0.134850
vn 0.067649 0.986325 0.150289
vn 0.349999 -0.930975 0.103851
vn -0.008601 -0.999133 0.040730
vn -0.713257 -0.691943 0.111709
vn -0.264049 -0.957595 0.115285
vn -0.713257 -0.691943 0.111709
vn -0.972080 -0.163426 0.168383
vn -0.933830 -0.227252 0.276257
vn -0.797498 -0.535945 0.277056
vn -0.082419 -0.969847 0.229357
vn -0.402863 -0.892924 0.200969
vn 0.203005 -0.969018 0.140686
vn -0.264049 -0.957595 0.115285
vn 0.000000 -0.999913 -0.013180
vn -0.290704 -0.947116 -0.135880
vn -0.724029 -0.673942 -0.146915
vn 0.754019 -0.651812 -0.081219
vn 0.961778 -0.273534 -0.012757
vn 0.967778 -0.250992 -0.020232
vn 0.966366 -0.257127 -0.004676
vn 0.963646 -0.266600 -0.017642
vn 0.978206 -0.207575 -0.005104
vn 0.999067 -0.043196 -0.000398
vn 0.966366 -0.257127 -0.004676
vn 0.966850 -0.255135 -0.010399
vn 0.789180 0.614001 0.014049
vn 0.058151 0.998110 0.019881
vn -0.003760 0.999870 0.015681
vn 0.693292 0.720591 0.009792
vn -0.603608 0.667779 0.435579
vn -0.933793 0.143906 0.327600
vn -0.837367 0.068952 0.542275
vn -0.797498 -0.535945 0.277056
vn 0.579297 -0.731361 0.359896
vn 0.885628 -0.331778 0.324939
vn -0.663624 -0.659991 0.352158
vn 0.752325 -0.424295 0.503965
vn -0.933793 0.143906 0.327600
vn -0.847710 -0.427380 0.314220
vn -0.805804 -0.363652 0.467373
vn -0.837367 0.068952 0.542275
vn 0.000000 0.980967 -0.194173
vn -0.922972 -0.349419 -0.161335
vn 0.829534 0.489058 -0.269623
vn 0.819792 0.412415 -0.397309
vn 0.751016 -0.660143 -0.013659
vn 0.739726 -0.671198 0.047942
vn -0.041981 -0.999115 0.002595
vn 0.000000 -0.999978 0.006632
vn -0.987868 0.155283 -0.001991
vn -0.981583 0.190925 -0.006563
vn 0.743143 -0.669101 -0.006522
vn 0.951194 -0.307300 -0.028220
vn 0.978752 0.204916 -0.007372
vn 0.681364 0.731929 0.004854
vn -0.003784 0.999981 0.004935
vn -0.003575 0.999824 0.018393
vn 0.690920 0.722785 0.014518
vn 0.988449 0.151438 -0.005966
vn 0.751016 -0.660143 -0.013659
vn 0.739726 -0.671198 0.047942
vn 0.751016 -0.660143 -0.013659
vn 0.797463 0.582383 0.157742
vn 0.067649 0.986325 0.150289
vn -0.010967 0.999797 0.016901
vn 0.721375 0.691542 0.037268
vn 0.976669 0.149435 0.154228
vn 0.797463 0.582383 0.157742
vn 0.721375 0.691542 0.037268
vn 0.976226 0.202614 0.077016
vn 0.696029 -0.710031 0.106768
vn 0.975277 -0.170771 0.140255
vn 0.979961 -0.190509 0.058170
vn 0.730897 -0.679693 0.061701
vn 0.696029 -0.710031 0.106768
vn 0.761452 -0.586820 0.275379
vn 0.234483 -0.954473 0.184390
vn 0.048316 -0.997882 -0.043549
vn -0.000018 -0.181562 0.983380
vn 0.752325 -0.424295 0.503965
vn 0.491890 -0.743280 0.453407
vn 0.964598 0.263719 -0.001686
vn 0.999327 0.019940 -0.030799
vn 0.724029 -0.673942 -0.146915
vn 0.964333 -0.258930 -0.054936
vn 0.290704 -0.947116 -0.135880
vn 0.724029 -0.673942 -0.146915
vn 0.964333 -0.258930 -0.054936
vn -0.087563 0.995986 0.018547
vn -0.733366 0.679695 0.013744
vn -0.641802 0.766665 0.017752
vn 0.058151 0.998110 0.019881
vn 0.721375 0.691542 0.037268
vn -0.010967 0.999797 0.016901
vn 0.001612 0.999093 -0.042542
vn 0.645864 0.763084 -0.023720
vn 0.976226 0.202614 0.077016
vn 0.721375 0.691542 0.037268
vn 0.645864 0.763084 -0.023720
vn 0.968238 0.249341 0.018551
vn 0.730897 -0.679693 0.061701
vn 0.979961 -0.190509 0.058170
vn 0.983369 -0.172092 0.058045
vn 0.660210 -0.748771 0.058858
vn 0.387333 -0.918974 0.073887
vn 0.295281 -0.955163 -0.021753
vn 0.349999 -0.930975 0.103851
vn 0.026923 -0.997510 0.065190
vn -0.000018 -0.181562 0.983380
vn 0.553780 0.604272 0.572872
vn 0.866489 0.098653 0.489351
vn -0.739273 0.622940 -0.255774
vn 0.602462 0.797815 0.023040
vn 0.964598 0.263719 -0.001686
vn 0.978752 0.204916 -0.007372
vn 0.690920 0.722785 0.014518
vn -0.087563 0.995986 0.018547
vn 0.602462 0.797815 0.023040
vn 0.690920 0.722785 0.014518
vn -0.003575 0.999824 0.018393
vn 0.732884 0.679601 -0.031977
vn 0.004723 0.997210 -0.074492
vn -0.002784 0.999272 -0.038041
vn 0.695898 0.717905 -0.018370
vn 0.981368 0.190694 0.023491
vn 0.732884 0.679601 -0.031977
vn 0.695898 0.717905 -0.018370
vn 0.974519 0.223985 0.011945
vn 0.770564 -0.623819 0.130699
vn 0.994880 -0.090797 0.044383
vn 0.999250 -0.038035 0.007285
vn 0.739726 -0.671198 0.047942
vn 0.770564 -0.623819 0.130699
vn 0.660210 -0.748771 0.058858
vn -0.090775 -0.995793 0.012525
vn -0.728757 -0.676971 0.103066
vn -0.000018 -0.181562 0.983380
vn 0.000000 0.755339 0.655334
vn 0.553780 0.604272 0.572872
vn -0.682390 0.730914 0.010438
vn -0.987868 0.155283 -0.001991
vn -0.981583 0.190925 -0.006563
vn -0.677927 0.734853 0.020143
vn 0.988449 0.151438 -0.005966
vn 0.974519 0.223985 0.011945
vn 0.999250 -0.038035 0.007285
vn -0.945571 -0.320789 -0.054683
vn -0.972316 -0.232187 -0.026268
vn -0.003784 0.999981 0.004935
vn -0.682390 0.730914 0.010438
vn -0.677927 0.734853 0.020143
vn -0.003575 0.999824 0.018393
vn 0.693292 0.720591 0.009792
vn -0.003760 0.999870 0.015681
vn -0.124610 0.992024 0.018975
vn 0.572167 0.820113 0.006205
vn 0.998475 0.055016 -0.004503
vn 0.693292 0.720591 0.009792
vn 0.572167 0.820113 0.006205
vn 0.979008 0.199804 -0.040265
vn 0.737608 -0.672109 -0.064846
vn 0.998475 0.055016 -0.004503
vn 0.979008 0.199804 -0.040265
vn 0.781256 -0.616249 -0.099376
vn 0.290704 -0.947116 -0.135880
vn 0.000000 -0.999913 -0.013180
vn 0.000000 -0.993331 -0.115299
vn 0.724029 -0.673942 -0.146915
vn 0.000000 -0.996940 -0.078165
vn -0.783286 -0.618752 -0.060075
vn -0.676557 -0.725328 -0.127161
vn 0.053703 -0.984676 -0.165919
vn -0.724029 -0.673942 -0.146915
vn -0.290704 -0.947116 -0.135880
vn -0.763275 -0.640798 -0.082397
vn -0.945571 -0.320789 -0.054683
vn -0.981583 0.190925 -0.006563
vn -0.984603 0.174190 -0.014668
vn -0.751016 -0.660143 -0.013659
vn 0.000000 -0.993331 -0.115299
vn -0.724029 -0.673942 -0.146915
vn -0.783286 -0.618752 -0.060075
vn 0.000000 -0.996940 -0.078165
vn -0.685198 -0.698751 -0.205551
vn -0.827210 -0.407260 -0.387121
vn -0.943133 0.164070 -0.289104
vn -0.991238 -0.020029 -0.130564
vn -0.685198 -0.698751 -0.205551
vn -0.167781 -0.961702 -0.216745
vn -0.532142 -0.653894 -0.537818
vn -0.827210 -0.407260 -0.387121
vn -0.742815 0.668302 -0.039972
vn -0.695342 0.646343 -0.314231
vn 0.112484 0.900914 -0.419168
vn 0.057798 0.998272 0.010642
vn -0.991238 -0.020029 -0.130564
vn -0.943133 0.164070 -0.289104
vn -0.695342 0.646343 -0.314231
vn -0.742815 0.668302 -0.039972
vn -0.747821 -0.661168 0.060171
vn -0.785055 0.593621 -0.176922
vn -0.041981 -0.999115 0.002595
vn 0.026923 -0.997510 0.065190
vn -0.090775 -0.995793 0.012525
vn -0.008601 -0.999133 0.040730
vn -0.718999 -0.693704 0.042605
vn -0.722021 -0.687910 0.073926
vn 0.100095 0.990792 -0.091172
vn 0.099631 0.989530 -0.104421
vn -0.209037 0.936792 0.280577
vn -0.076545 0.990836 0.111287
vn -0.076545 0.990836 0.111287
vn -0.209037 0.936792 0.280577
vn -0.607288 -0.444765 0.658320
vn -0.531933 0.564531 0.631151
vn -0.531933 0.564531 0.631151
vn -0.214754 -0.963241 0.161393
vn -0.092986 -0.995621 0.009595
vn 0.093870 0.994999 -0.034144
vn 0.999475 0.001433 0.032366
vn 0.999475 0.001433 0.032366
vn 0.999475 0.001433 0.032366
vn 0.999475 0.001433 0.032366
vn -0.251691 -0.946421 0.202333
vn -0.250972 -0.946654 0.202138
vn -0.214754 -0.963241 0.161393
vn -0.531933 0.564531 0.631151
vn 0.087089 0.995483 -0.037802
vn 0.100095 0.990792 -0.091172
vn -0.011124 0.998045 0.061502
vn -0.076545 0.990836 0.111287
vn -0.011124 0.998045 0.061502
vn -0.076545 0.990836 0.111287
vn -0.531933 0.564531 0.631151
vn 0.946042 -0.295100 -0.133870
vn -0.066135 -0.997701 -0.014793
vn -0.092986 -0.995621 0.009595
vn -0.214754 -0.963241 0.161393
vn -0.058119 -0.997967 -0.026155
vn -0.607288 -0.444765 0.658320
vn 0.979631 -0.034314 0.197855
vn 0.976926 -0.041963 0.209413
vn 0.982139 -0.026659 0.186256
vn 0.978856 -0.153322 -0.135402
vn 0.932500 -0.322585 -0.162428
vn 0.946042 -0.295100 -0.133870
vn 0.931127 -0.336646 -0.140260
vn -0.250972 -0.946654 0.202138
vn -0.050601 -0.997896 -0.040536
vn -0.058119 -0.997967 -0.026155
vn -0.214754 -0.963241 0.161393
vn -0.999974 -0.006845 0.002208
vn -0.997958 0.051633 0.037593
vn -0.846888 0.493270 0.198656
vn 0.831185 0.511641 0.217614
vn 0.979631 -0.034314 0.197855
vn 0.979631 -0.034314 0.197855
vn 0.975399 -0.181583 -0.124996
vn 0.931127 -0.336646 -0.140260
vn -0.777091 -0.629078 -0.019756
vn -0.509886 -0.859911 -0.023852
vn 0.999475 0.001432 0.032365
vn 0.999475 0.001432 0.032365
vn 0.999475 0.001433 0.032366
vn 0.999475 0.001433 0.032366
vn 0.999475 0.001433 0.032366
vn 0.999475 0.001433 0.032366
vn 0.921225 -0.353355 -0.162742
vn 0.976991 -0.043131 0.208873
vn 0.976991 -0.043131 0.208873
vn 0.976989 -0.043137 0.208882
vn 0.999556 0.008481 0.028547
vn 0.999457 0.006024 0.032380
vn 0.999510 0.007252 0.030464
vn 0.999510 0.007252 0.030464
vn 0.997777 -0.066597 0.002279
vn 0.997777 -0.066597 0.002279
vn 0.999011 -0.044117 0.005453
vn 0.999483 0.012372 0.029671
vn 0.999483 0.012372 0.029671
vn 0.999507 0.013093 0.028546
vn 0.999011 -0.044117 0.005453
vn 0.998791 -0.047832 0.011360
vn 0.999183 -0.040400 -0.000453
vn 0.999458 0.011651 0.030796
vn 0.999483 0.012372 0.029671
vn 0.999483 0.012372 0.029671
vn 0.999011 -0.044117 0.005453
vn 0.999011 -0.044117 0.005453
vn 0.998554 -0.053595 -0.004292
vn 0.998554 -0.053595 -0.004292
vn 0.998845 -0.043669 -0.020055
vn 0.997916 -0.063502 0.011473
vn 0.998554 -0.053595 -0.004292
vn 0.998554 -0.053595 -0.004292
vn 0.996083 -0.088355 0.003337
vn 0.999503 0.013359 0.028545
vn 0.999503 0.013359 0.028545
vn 0.999503 0.013359 0.028545
vn 0.996083 -0.088355 0.003337
vn 0.996518 -0.083242 -0.004760
vn 0.995557 -0.093460 0.011433
vn 0.999503 0.013358 0.028545
vn 0.999503 0.013359 0.028545
vn 0.999503 0.013359 0.028545
vn 0.996083 -0.088355 0.003337
vn 0.996083 -0.088355 0.003337
vn 0.994252 -0.106675 0.009110
vn 0.994252 -0.106675 0.009110
vn 0.994426 -0.105217 0.006804
vn 0.994071 -0.108132 0.011416
vn 0.994252 -0.106675 0.009110
vn 0.994252 -0.106675 0.009110
vn 0.994071 -0.108135 0.011415
vn 0.999503 0.013358 0.028546
vn 0.999503 0.013358 0.028546
vn 0.999503 0.013358 0.028546
vn 0.994071 -0.108135 0.011415
vn 0.994071 -0.108135 0.011415
vn 0.994071 -0.108135 0.011415
vn 0.999503 0.013358 0.028546
vn 0.999503 0.013358 0.028546
vn 0.999503 0.013358 0.028546
vn 0.994071 -0.108135 0.011415
vn 0.994071 -0.108135 0.011415
vn 0.996571 -0.078893 -0.024937
vn 0.996571 -0.078893 -0.024937
vn 0.994776 -0.101533 0.010602
vn 0.996594 -0.056112 -0.060431
vn 0.999503 0.013358 0.028546
vn 0.999503 0.013358 0.028546
vn 0.999503 0.013358 0.028546
vn 0.999503 0.013358 0.028546
vn 0.999503 0.013358 0.028546
vn 0.999503 0.013358 0.028546
vn 0.593950 -0.804181 -0.022727
vn 0.781461 -0.623683 -0.018379
vn 0.775317 -0.631437 -0.013113
vn 0.555813 -0.831101 -0.018528
vn 0.999108 0.001707 0.042184
vn 0.999108 0.001707 0.042184
vn 0.999091 0.001438 0.042603
vn 0.999913 0.005751 0.011887
vn 0.999913 0.005751 0.011887
vn 0.999420 0.005824 0.033564
vn 0.999420 0.005824 0.033564
vn 0.999420 0.005837 0.033544
vn 0.775317 -0.631437 -0.013113
vn 0.781461 -0.623683 -0.018379
vn 0.923458 -0.383033 -0.022603
vn 0.933618 -0.357889 -0.016506
vn 0.999419 0.005812 0.033584
vn 0.999420 0.005824 0.033564
vn 0.999420 0.005824 0.033564
vn 0.701849 0.702358 -0.118751
vn 0.990413 -0.136881 -0.018569
vn 0.603738 -0.797129 0.009250
vn 0.706072 -0.705869 -0.056669
vn 0.996143 0.000075 -0.087749
vn 0.603738 -0.797129 0.009250
vn -0.136753 -0.990452 0.017399
vn 0.000319 -0.999035 -0.043925
vn 0.706072 -0.705869 -0.056669
vn -0.136753 -0.990452 0.017399
vn -0.797187 -0.603732 0.001099
vn -0.705463 -0.706443 -0.057092
vn 0.000319 -0.999035 -0.043925
vn -0.705463 -0.706443 -0.057092
vn -0.996093 -0.001250 -0.088299
vn -0.980241 -0.136242 -0.143405
vn -0.703175 0.703295 -0.104503
vn -0.994614 -0.005245 0.103512
vn -0.705951 0.701244 0.099447
vn -0.703175 0.703295 -0.104503
vn 0.999579 -0.014484 0.025127
vn 0.999579 -0.014484 0.025127
vn 0.999579 -0.014484 0.025127
vn 0.999579 -0.014484 0.025126
vn 0.999579 -0.014484 0.025127
vn 0.999579 -0.014484 0.025127
vn 0.999772 -0.009172 0.019291
vn 0.999772 -0.009172 0.019291
vn 0.999895 -0.005429 0.013449
vn 0.999601 -0.012914 0.025133
vn 0.999772 -0.009172 0.019291
vn 0.999772 -0.009172 0.019291
vn 1.000000 0.000000 0.000000
vn 1.000000 0.000000 0.000000
vn 1.000000 0.000000 0.000000
vn 1.000000 0.000000 0.000000
vn 0.999913 0.005751 0.011887
vn 0.999913 0.005751 0.011887
vn 0.999914 0.005813 0.011790
vn 0.999912 0.005689 0.011983
vn 0.001612 0.999093 -0.042542
vn -0.739911 0.672394 -0.020420
vn -0.644699 0.762968 -0.047348
vn 0.004723 0.997210 -0.074492
vn 0.734927 -0.676718 -0.043978
vn 0.951194 -0.307300 -0.028220
vn 0.964333 -0.258930 -0.054936
vn 0.754019 -0.651812 -0.081219
vn 0.000000 -0.000000 -1.000000
vn -0.979120 -0.146014 -0.141432
vn -0.984603 0.174190 -0.014668
vn -0.992403 0.121423 -0.019813
vn -0.641802 0.766665 0.017752
vn -0.733366 0.679695 0.013744
vn 0.324306 -0.944657 -0.049487
vn 0.648637 -0.760056 -0.039811
vn 0.962632 -0.270444 -0.014166
vn 0.918873 -0.394014 -0.020639
vn -0.000056 -0.998630 -0.052328
vn -0.000028 -0.998631 -0.052317
vn 0.648637 -0.760056 -0.039811
vn 0.324306 -0.944657 -0.049487
vn -0.724029 -0.673942 -0.146915
vn -0.992403 0.121423 -0.019813
vn -0.984603 0.174190 -0.014668
vn -0.945571 -0.320789 -0.054683
vn 0.999126 0.001976 0.041765
vn 0.999108 0.001707 0.042184
vn 0.999108 0.001707 0.042184
vn 0.999091 0.001438 0.042603
vn 0.999091 0.001438 0.042603
vn 0.999091 0.001438 0.042603
vn 0.999091 0.001438 0.042603
vn 0.999091 0.001438 0.042603
vn 0.999091 0.001438 0.042603
vn 0.999475 0.001433 0.032366
vn 0.999475 0.001433 0.032366
vn 0.999475 0.001433 0.032366
vn 0.999475 0.001433 0.032366
vn 0.999475 0.001433 0.032366
vn 0.999475 0.001433 0.032366
vn 0.999475 0.001432 0.032365
vn 0.999475 0.001432 0.032365
vn 0.999475 0.001433 0.032365
vn 0.999475 0.001432 0.032366
vn -0.705463 -0.706443 -0.057092
vn -0.990172 0.136581 -0.030086
vn -0.602902 0.795717 -0.057831
vn -0.703109 0.701036 -0.119106
vn -0.996093 -0.001250 -0.088299
vn -0.602902 0.795717 -0.057831
vn 0.136476 0.988446 -0.065940
vn -0.001018 0.991296 -0.131645
vn -0.703109 0.701036 -0.119106
vn 0.136476 0.988446 -0.065940
vn 0.796314 0.602837 -0.049713
vn 0.701849 0.702358 -0.118751
vn -0.001018 0.991296 -0.131645
vn 0.796314 0.602837 -0.049713
vn 0.990413 -0.136881 -0.018569
vn 0.996143 0.000075 -0.087749
vn 0.999579 -0.014484 0.025127
vn 0.999579 -0.014484 0.025127
vn 0.999579 -0.014484 0.025127
vn 0.999579 -0.014484 0.025127
vn 0.999579 -0.014484 0.025126
vn 0.999579 -0.014484 0.025126
vn 0.999579 -0.014484 0.025127
vn 0.999579 -0.014484 0.025126
vn 0.999579 -0.014484 0.025126
vn 0.999579 -0.014484 0.025126
vn 0.999579 -0.014484 0.025126
vn 0.999579 -0.014484 0.025126
vn -0.995711 -0.000657 -0.092516
vn -0.797187 -0.603732 0.001099
vn -0.990172 0.136581 -0.030086
vn -0.996093 -0.001250 -0.088299
vn -1.000000 0.000000 0.000000
vn -1.000000 0.000000 0.000000
vn -1.000000 0.000000 0.000000
vn -1.000000 0.000000 0.000000
vn 0.999579 -0.014484 0.025127
vn 0.999579 -0.014484 0.025126
vn 0.999579 -0.014484 0.025126
vn 0.999579 -0.014484 0.025126
vn -0.943133 0.164070 -0.289104
vn -0.827210 -0.407260 -0.387121
vn -0.745844 -0.371347 -0.553008
vn -0.897474 0.056043 -0.437493
vn 0.036622 -0.793088 -0.608005
vn -0.093123 -0.621153 -0.778137
vn -0.480021 -0.552044 -0.681782
vn -0.532142 -0.653894 -0.537818
vn -0.713257 -0.691943 0.111709
vn -0.718999 -0.693704 0.042605
vn -0.008601 -0.999133 0.040730
vn -0.264049 -0.957595 0.115285
vn -0.980198 -0.193677 0.041251
vn -0.722021 -0.687910 0.073926
vn -0.728757 -0.676971 0.103066
vn -0.987853 -0.144002 0.058386
vn -0.041981 -0.999115 0.002595
vn -0.747821 -0.661168 0.060171
vn -0.751016 -0.660143 -0.013659
vn 0.000000 -0.999978 0.006632
vn 0.966859 0.254962 0.013353
vn 0.998628 0.052300 0.002739
vn 0.918873 -0.394014 -0.020639
vn 0.962632 -0.270444 -0.014166
vn 0.897969 0.439456 0.023016
vn 0.897969 0.439456 0.023016
vn 0.998628 0.052300 0.002739
vn 0.966859 0.254962 0.013353
vn 0.836437 0.525551 0.155466
vn 0.836111 0.525981 0.155765
vn 0.723101 0.653887 0.222615
vn 0.726611 0.647499 0.229743
vn 0.836437 0.525551 0.155466
vn 0.723101 0.653887 0.222615
vn 0.586220 0.760554 0.279111
vn 0.726611 0.647499 0.229743
vn 0.723101 0.653887 0.222615
vn 0.586220 0.760554 0.279111
vn 0.723101 0.653887 0.222615
vn 0.582861 0.766330 0.270207
vn 0.000000 -1.000000 0.000000
vn 0.805885 -0.581522 -0.111269
vn 0.491168 -0.581523 -0.648526
vn 0.588089 0.761390 0.272832
vn 0.586220 0.760554 0.279111
vn 0.582861 0.766330 0.270207
vn 0.539067 0.716336 0.443023
vn 0.990602 0.000000 0.136773
vn 0.797176 0.000000 -0.603747
vn 0.491168 -0.581523 -0.648526
vn 0.805885 -0.581522 -0.111269
vn 0.999869 -0.014469 0.007212
vn 0.999869 -0.014469 0.007212
vn 0.999869 -0.014469 0.007211
vn 0.999869 -0.014469 0.007211
vn 0.000000 -1.000000 0.000000
vn 0.491168 -0.581523 -0.648526
vn -0.111270 -0.581523 -0.805885
vn 0.797176 0.000000 -0.603747
vn 0.136773 0.000000 -0.990602
vn -0.111270 -0.581523 -0.805885
vn 0.491168 -0.581523 -0.648526
vn 0.999869 -0.014469 0.007212
vn 0.999869 -0.014469 0.007212
vn 0.999869 -0.014469 0.007211
vn 0.999869 -0.014469 0.007212
vn 0.547566 0.738232 0.393935
vn 0.554444 0.757942 0.343681
vn 0.547566 0.738232 0.393935
vn 0.999869 -0.014469 0.007212
vn 0.999869 -0.014469 0.007212
vn 0.999869 -0.014469 0.007212
vn 0.407229 0.767318 0.495366
vn 0.376361 0.778495 0.502293
vn 0.362907 0.783971 0.503675
vn -0.380132 0.777632 0.500787
vn -0.467148 0.742063 0.480744
vn -0.458641 0.738701 0.493932
vn 0.999869 -0.014469 0.007212
vn 0.999869 -0.014469 0.007211
vn 0.999869 -0.014469 0.007212
vn -0.419797 0.759955 0.496225
vn 0.376361 0.778495 0.502293
vn 0.450688 0.748857 0.485894
vn 0.504043 0.721686 0.474457
vn 0.407229 0.767318 0.495366
vn 0.999869 -0.014469 0.007212
vn 0.999869 -0.014469 0.007212
vn 0.000000 -1.000000 0.000000
vn -0.111270 -0.581523 -0.805885
vn -0.648526 -0.581522 -0.491168
vn 0.999869 -0.014469 0.007212
vn 0.999869 -0.014469 0.007212
vn -0.330822 0.790550 0.515352
vn 0.136773 0.000000 -0.990602
vn -0.603749 0.000000 -0.797175
vn -0.648526 -0.581522 -0.491168
vn -0.111270 -0.581523 -0.805885
vn -0.419797 0.759955 0.496225
vn -0.380132 0.777632 0.500787
vn 0.999869 -0.014469 0.007212
vn 0.000000 -1.000000 0.000000
vn -0.648526 -0.581522 -0.491168
vn -0.805885 -0.581523 0.111270
vn -0.603749 0.000000 -0.797175
vn -0.990602 0.000000 -0.136774
vn -0.805885 -0.581523 0.111270
vn -0.648526 -0.581522 -0.491168
vn 0.999869 -0.014469 0.007212
vn 0.999869 -0.014469 0.007211
vn -0.340022 0.791647 0.507622
vn 0.999869 -0.014469 0.007212
vn 0.368896 0.784494 0.498483
vn 0.999869 -0.014469 0.007212
vn 0.999869 -0.014469 0.007212
vn 0.999869 -0.014469 0.007211
vn 0.999869 -0.014469 0.007211
vn 0.999869 -0.014469 0.007212
vn 0.999869 -0.014469 0.007211
vn -0.728078 0.651001 0.214711
vn -0.747821 -0.661168 0.060171
vn 1.000000 0.000000 0.000000
vn 0.571754 0.336068 0.748435
vn 0.571754 0.711804 0.407961
vn 1.000000 0.000000 0.000000
vn 1.000000 0.000000 0.000000
vn 1.000000 0.000000 0.000000
vn -0.998598 -0.048312 -0.021619
vn -0.999924 -0.010658 -0.006252
vn -0.989041 0.146165 -0.020836
vn -0.998853 -0.047556 0.005554
vn -0.571754 0.711804 -0.407961
vn -0.571754 0.815655 0.088341
vn 0.008696 -0.921031 -0.389393
vn 0.284382 0.512804 -0.810036
vn 0.196013 -0.444032 -0.874308
vn -0.068679 -0.986048 -0.151635
vn 0.008696 -0.921031 -0.389393
vn -0.309106 -0.931071 0.193803
vn -0.449497 -0.814545 0.366701
vn -0.068679 -0.986048 -0.151635
vn 0.180055 0.938996 -0.293032
vn -0.211303 0.909418 0.358204
vn -0.266863 0.869491 0.415656
vn 0.149808 0.969672 -0.193116
vn -0.449497 -0.814545 0.366701
vn -0.672768 0.013893 0.739723
vn -0.669017 0.012295 0.743145
vn -0.309106 -0.931071 0.193803
vn -0.211303 0.909418 0.358204
vn -0.266863 0.869491 0.415656
vn -0.669017 0.012295 0.743145
vn -0.672768 0.013893 0.739723
vn 0.180055 0.938996 -0.293032
vn 0.196013 -0.444032 -0.874308
vn 0.284382 0.512804 -0.810036
vn 0.149808 0.969672 -0.193116
vn -0.821334 0.533644 0.201579
vn -0.998288 0.051499 0.027727
vn -0.011782 0.924386 0.381276
vn -0.011782 0.924386 0.381276
vn -0.748747 -0.660876 -0.051188
vn 0.996319 -0.085572 0.005103
vn 0.996478 -0.083828 0.002335
vn 0.996478 -0.083828 0.002335
vn 0.996478 -0.083828 0.002335
vn 0.996625 -0.082082 -0.000434
vn 0.996478 -0.083828 0.002335
vn -0.960191 -0.277729 -0.030005
vn -0.951980 -0.304744 -0.029418
vn -0.943241 -0.331059 -0.026379
vn 0.989730 -0.142860 0.004963
vn -0.574876 -0.815542 -0.066391
vn 0.000000 0.000000 -1.000000
vn 0.000000 0.000000 -1.000000
vn 0.962886 0.082273 -0.257063
vn -0.994716 0.002442 0.102640
vn -0.994839 0.009017 0.101068
vn -0.995053 0.024984 0.096157
vn -0.994962 0.024429 0.097230
vn 0.593858 0.782866 -0.185615
vn -0.571754 0.336069 -0.748435
vn -0.329046 0.819291 -0.469565
vn 0.571754 0.607954 -0.550899
vn 0.571754 0.168034 -0.803033
vn 0.947134 -0.299274 -0.115642
vn 0.936011 -0.315935 -0.155138
vn 0.874438 -0.432722 -0.219339
vn 0.959859 -0.249469 -0.128205
vn -0.998547 0.038474 0.037731
vn -0.999021 0.012802 0.042358
vn -0.999771 0.020461 0.006264
vn 0.000000 0.000000 -1.000000
vn 0.994826 -0.031393 -0.096617
vn 0.994826 0.031393 -0.096617
vn 1.000000 -0.000000 0.000000
vn 0.571754 -0.336069 -0.748435
vn 0.571754 0.168034 -0.803033
vn -0.550420 -0.424075 0.719166
vn 1.000000 0.000000 0.000000
vn -0.571754 -0.168034 -0.803033
vn -0.571754 0.336069 -0.748435
vn 0.571754 0.168034 -0.803033
vn 0.571754 -0.336069 -0.748435
vn 0.999506 0.002191 0.031353
vn 0.999506 0.002191 0.031353
vn 0.999536 0.002840 0.030340
vn 0.999475 0.001542 0.032366
vn 0.000000 0.000000 -1.000000
vn 0.082273 -0.962886 -0.257063
vn 0.739039 -0.622687 -0.257063
vn -0.929196 -0.342080 -0.139916
vn 0.994826 -0.082188 -0.059713
vn 0.994826 -0.031393 -0.096617
vn 1.000000 -0.000000 0.000000
vn 0.571754 -0.711804 -0.407961
vn 0.571754 -0.336069 -0.748435
vn 1.000000 0.000000 0.000000
vn -0.550420 -0.424075 0.719166
vn -0.571754 -0.607954 -0.550899
vn -0.571754 -0.168034 -0.803033
vn 0.571754 -0.336069 -0.748435
vn 0.571754 -0.711804 -0.407961
vn 0.999475 0.001433 0.032366
vn 0.999475 0.001433 0.032366
vn 0.999475 0.001433 0.032366
vn 0.999475 0.001433 0.032366
vn -0.935013 -0.319650 -0.153538
vn -0.963230 -0.082260 -0.255774
vn -0.980753 -0.099611 -0.167930
vn -1.000000 0.000000 0.000000
vn 0.994826 -0.101589 0.000000
vn 0.994826 -0.082188 -0.059713
vn 1.000000 -0.000000 0.000000
vn 0.571754 -0.815655 0.088341
vn 0.571754 -0.711804 -0.407961
vn 1.000000 0.000000 0.000000
vn 0.598035 0.790119 -0.134410
vn -0.571754 -0.815655 -0.088341
vn -0.571754 -0.607954 -0.550899
vn 0.571754 -0.711804 -0.407961
vn 0.571754 -0.815655 0.088341
vn -0.023374 0.922433 0.385450
vn 0.996687 0.063302 0.051072
vn 0.831185 0.511641 0.217614
vn -0.890802 -0.408774 -0.198434
vn -0.997311 0.072419 0.011199
vn 0.999961 0.007993 0.003862
vn -0.998510 0.043121 0.033444
vn -0.999096 0.026874 0.032943
vn 0.994826 -0.082188 0.059713
vn 0.994826 -0.101589 0.000000
vn 1.000000 -0.000000 0.000000
vn 0.571754 -0.607954 0.550899
vn 0.571754 -0.815655 0.088341
vn 0.000000 0.000000 -1.000000
vn 1.000000 0.000000 0.000000
vn -0.571754 -0.711804 0.407961
vn -0.571754 -0.815655 -0.088341
vn 0.571754 -0.815655 0.088341
vn 0.571754 -0.607954 0.550899
vn 0.996571 -0.078893 -0.024937
vn 0.996571 -0.078893 -0.024937
vn 0.998951 -0.045726 0.002434
vn 0.998951 -0.045726 0.002434
vn -0.997859 -0.060828 0.024030
vn 1.000000 0.000000 0.000000
vn 0.571754 -0.336069 -0.748435
vn 0.571754 -0.711804 -0.407961
vn 0.994826 -0.031393 0.096617
vn 0.994826 -0.082188 0.059713
vn 1.000000 -0.000000 0.000000
vn 0.571754 -0.168034 0.803033
vn 0.571754 -0.607954 0.550899
vn 0.000000 0.000000 -1.000000
vn 1.000000 0.000000 0.000000
vn -0.571754 -0.336068 0.748435
vn -0.571754 -0.711804 0.407961
vn 0.571754 -0.607954 0.550899
vn 0.571754 -0.168034 0.803033
vn 0.998875 -0.047187 0.004722
vn 0.999020 -0.044265 0.000147
vn 0.995001 0.013320 0.098972
vn 0.995001 0.013320 0.098972
vn 1.000000 0.000000 0.000000
vn 1.000000 0.000000 0.000000
vn 1.000000 0.000000 0.000000
vn 0.571754 -0.336069 -0.748435
vn 0.994826 0.031393 0.096617
vn 0.994826 -0.031393 0.096617
vn 1.000000 -0.000000 0.000000
vn 0.571754 0.336069 0.748435
vn 0.571754 -0.168034 0.803033
vn -0.971484 -0.188918 -0.143279
vn 1.000000 0.000000 0.000000
vn -0.571754 0.168034 0.803033
vn -0.571754 -0.336068 0.748435
vn 0.571754 -0.168034 0.803033
vn 0.571754 0.336069 0.748435
vn 0.995001 0.013320 0.098972
vn 0.995001 0.013320 0.098972
vn 0.995001 0.013320 0.098972
vn 0.995001 0.013320 0.098972
vn 0.571754 0.168034 -0.803033
vn -0.571754 0.336068 -0.748435
vn -0.571754 -0.168034 -0.803033
vn -0.571754 0.336068 -0.748435
vn 0.994826 0.082188 0.059713
vn 0.994826 0.031393 0.096617
vn 1.000000 -0.000000 0.000000
vn 0.571754 0.711804 0.407961
vn 0.571754 0.336069 0.748435
vn -0.980753 -0.099611 -0.167930
vn 1.000000 0.000000 0.000000
vn -0.329046 0.699758 0.634088
vn -0.571754 0.168034 0.803033
vn 0.571754 0.336069 0.748435
vn 0.571754 0.711804 0.407961
vn 0.999871 -0.012488 0.010063
vn 0.999441 -0.017267 -0.028643
vn 0.995272 0.096565 -0.010395
vn 0.981589 0.190771 0.009491
vn -0.571754 0.711804 -0.407961
vn -1.000000 0.000000 0.000000
vn 0.982098 -0.184662 -0.037193
vn 0.999423 -0.000030 -0.033965
vn 0.994826 0.101589 0.000000
vn 0.994826 0.082188 0.059713
vn 1.000000 -0.000000 0.000000
vn 0.571754 0.815655 -0.088341
vn 0.571754 0.711804 0.407961
vn 1.000000 0.000000 0.000000
vn -0.935013 -0.319650 -0.153538
vn -0.941267 0.335699 0.036358
vn -0.329046 0.699758 0.634088
vn 0.571754 0.711804 0.407961
vn 0.571754 0.815655 -0.088341
vn 0.993875 -0.007230 0.110270
vn 0.993875 -0.007230 0.110270
vn 0.993875 -0.007229 0.110269
vn 0.995105 0.027181 0.095016
vn 0.998475 0.055016 -0.004503
vn -0.571754 0.815655 0.088341
vn -0.571754 0.607954 0.550899
vn -1.000000 0.000000 0.000000
vn 0.994826 0.082188 -0.059713
vn 0.994826 0.101589 -0.000000
vn 1.000000 -0.000000 -0.000000
vn 0.571754 0.607953 -0.550899
vn 0.571754 0.815655 -0.088341
vn 1.000000 0.000000 0.000000
vn -0.971484 -0.188918 -0.143279
vn -0.329046 0.819291 -0.469565
vn -0.941267 0.335699 0.036358
vn 0.571754 0.815655 -0.088341
vn 0.571754 0.607953 -0.550899
vn 0.994570 0.041076 0.095615
vn 0.993579 0.053563 0.099654
vn 0.994551 0.021500 0.102013
vn 0.993875 -0.007230 0.110270
vn 0.571754 0.711804 0.407961
vn 0.571754 0.336068 0.748435
vn -0.571754 0.168034 0.803033
vn -0.571754 0.607954 0.550899
vn 0.994826 0.031393 -0.096617
vn 0.994826 0.082188 -0.059713
vn 1.000000 -0.000000 -0.000000
vn 0.571754 0.168034 -0.803033
vn 0.571754 0.607953 -0.550899
vn 1.000000 0.000000 0.000000
vn -0.979120 -0.146014 -0.141432
vn -0.571754 0.336069 -0.748435
vn -0.329046 0.819291 -0.469565
vn 0.571754 0.607953 -0.550899
vn 0.571754 0.168034 -0.803033
vn 0.993875 -0.007230 0.110270
vn 0.993875 -0.007230 0.110270
vn 0.999143 -0.040083 0.010356
vn 0.998449 -0.055173 0.007462
vn -0.961571 0.274454 0.007503
vn 1.000000 0.000000 0.000000
vn 0.571754 -0.168034 0.803033
vn 0.571754 0.336068 0.748435
vn 0.994826 -0.031393 -0.096617
vn 0.994826 0.031393 -0.096617
vn 1.000000 -0.000000 -0.000000
vn 0.571754 -0.336068 -0.748435
vn 0.571754 0.168034 -0.803033
vn 1.000000 0.000000 0.000000
vn -0.922702 -0.343919 -0.174188
vn -0.571754 -0.168034 -0.803033
vn -0.571754 0.336069 -0.748435
vn 0.571754 0.168034 -0.803033
vn 0.571754 -0.336068 -0.748435
vn 0.999871 -0.012488 0.010063
vn 0.981589 0.190771 0.009491
vn 0.993876 -0.007230 0.110269
vn 0.993876 -0.007230 0.110269
vn 1.000000 0.000000 0.000000
vn 1.000000 0.000000 0.000000
vn 1.000000 0.000000 0.000000
vn -0.832771 0.509139 0.217416
vn 0.994826 -0.082188 -0.059713
vn 0.994826 -0.031393 -0.096617
vn 1.000000 -0.000000 -0.000000
vn 0.571754 -0.711804 -0.407961
vn 0.571754 -0.336068 -0.748435
vn 1.000000 0.000000 0.000000
vn -0.922972 -0.349419 -0.161335
vn -0.571754 -0.607953 -0.550899
vn -0.571754 -0.168034 -0.803033
vn 0.571754 -0.336068 -0.748435
vn 0.571754 -0.711804 -0.407961
vn 0.993876 -0.007229 0.110269
vn 0.993875 -0.007230 0.110269
vn 0.993876 -0.007230 0.110269
vn 0.993876 -0.007230 0.110269
vn 0.000000 0.000000 -1.000000
vn 0.000000 0.000000 -1.000000
vn -0.999845 -0.013861 0.010893
vn -0.999296 -0.035920 0.010836
vn 0.994826 -0.101589 -0.000000
vn 0.994826 -0.082188 -0.059713
vn 1.000000 -0.000000 -0.000000
vn 0.571754 -0.815655 0.088341
vn 0.571754 -0.711804 -0.407961
vn 1.000000 0.000000 0.000000
vn -0.918557 -0.362239 -0.158228
vn -0.571754 -0.815655 -0.088341
vn -0.571754 -0.607953 -0.550899
vn 0.571754 -0.711804 -0.407961
vn 0.571754 -0.815655 0.088341
vn 0.983632 -0.007085 0.180051
vn 0.983632 -0.007085 0.180051
vn 0.983632 -0.007085 0.180051
vn 0.998951 -0.045726 0.002434
vn -0.998624 -0.048350 -0.020326
vn 0.134488 -0.974926 -0.177293
vn -0.132395 -0.968793 0.209550
vn -0.987868 0.155283 -0.001991
vn 0.994826 -0.082188 0.059713
vn 0.994826 -0.101589 -0.000000
vn 1.000000 -0.000000 -0.000000
vn 0.571754 -0.607954 0.550899
vn 0.571754 -0.815655 0.088341
vn -0.935013 -0.319650 -0.153538
vn 1.000000 0.000000 0.000000
vn -0.571754 -0.711804 0.407961
vn -0.571754 -0.815655 -0.088341
vn 0.571754 -0.815655 0.088341
vn 0.571754 -0.607954 0.550899
vn -1.000000 -0.000000 -0.000000
vn -0.998358 0.046341 0.033668
vn -0.998358 0.057280 -0.000000
vn 1.000000 0.000000 0.000000
vn 0.571754 -0.711804 -0.407961
vn 0.571754 -0.815655 0.088341
vn 1.000000 0.000000 0.000000
vn 0.994826 -0.031393 0.096617
vn 0.994826 -0.082188 0.059713
vn 1.000000 -0.000000 -0.000000
vn 0.571754 -0.168034 0.803033
vn 0.571754 -0.607954 0.550899
vn 0.000000 0.000000 -1.000000
vn 1.000000 0.000000 0.000000
vn -0.571754 -0.336068 0.748435
vn -0.571754 -0.711804 0.407961
vn 0.571754 -0.607954 0.550899
vn 0.571754 -0.168034 0.803033
vn 1.000000 0.000000 0.000000
vn 1.000000 0.000000 0.000000
vn 0.571754 -0.711804 -0.407961
vn 0.571754 -0.336069 -0.748435
vn -0.571754 -0.168034 -0.803033
vn -0.571754 -0.607954 -0.550899
vn -0.571754 -0.168034 -0.803033
vn -0.571754 0.336068 -0.748435
vn 0.994826 0.031393 0.096617
vn 0.994826 -0.031393 0.096617
vn 1.000000 -0.000000 -0.000000
vn 0.571754 0.336069 0.748435
vn 0.571754 -0.168034 0.803033
vn 0.000000 -0.000000 -1.000000
vn 1.000000 0.000000 0.000000
vn -0.571754 0.168034 0.803033
vn -0.571754 -0.336068 0.748435
vn 0.571754 -0.168034 0.803033
vn 0.571754 0.336069 0.748435
vn 0.873988 -0.442279 -0.201331
vn 0.936008 -0.322011 -0.142122
vn -0.846888 0.493270 0.198656
vn -0.023374 0.922433 0.385450
vn -1.000000 0.000000 0.000000
vn -0.571754 0.607954 0.550899
vn -0.571754 0.168034 0.803033
vn -1.000000 0.000000 0.000000
vn 0.994826 0.082188 0.059713
vn 0.994826 0.031393 0.096617
vn 1.000000 -0.000000 -0.000000
vn 0.571754 0.711804 0.407961
vn 0.571754 0.336069 0.748435
vn -0.082260 0.963230 -0.255774
vn 1.000000 0.000000 0.000000
vn -0.329046 0.699758 0.634088
vn -0.571754 0.168034 0.803033
vn 0.571754 0.336069 0.748435
vn 0.571754 0.711804 0.407961
vn -0.571754 0.607954 0.550899
vn -0.571754 0.168034 0.803033
vn 0.329046 0.386817 0.861453
vn 0.941267 0.292957 0.167905
vn 0.571754 0.336068 0.748435
vn 0.571754 -0.168034 0.803033
vn -0.571754 -0.336069 0.748435
vn -0.571754 0.168034 0.803033
vn 0.994826 0.101589 -0.000000
vn 0.994826 0.082188 0.059713
vn 1.000000 -0.000000 -0.000000
vn 0.571754 0.815655 -0.088341
vn 0.571754 0.711804 0.407961
vn -0.739273 0.622940 -0.255774
vn 1.000000 0.000000 0.000000
vn -0.941267 0.335699 0.036358
vn -0.329046 0.699758 0.634088
vn 0.571754 0.711804 0.407961
vn 0.571754 0.815655 -0.088341
vn -0.929870 -0.367413 -0.018680
vn -0.938040 -0.345522 -0.026374
vn -0.552709 -0.833157 -0.019017
vn -0.785549 -0.618663 -0.013017
vn 0.000000 0.000000 -1.000000
vn 1.000000 0.000000 0.000000
vn 0.571754 -0.607953 0.550899
vn 0.571754 -0.168034 0.803033
vn 0.797175 0.000000 -0.603748
vn 0.990602 0.000000 0.136774
vn 0.805885 -0.581523 -0.111270
vn 0.491168 -0.581522 -0.648526
vn 0.000000 -1.000000 0.000000
vn 0.491168 -0.581522 -0.648526
vn 0.805885 -0.581523 -0.111270
vn 0.136774 0.000000 -0.990602
vn 0.797175 0.000000 -0.603748
vn 0.491168 -0.581522 -0.648526
vn -0.111269 -0.581523 -0.805885
vn 0.000000 -1.000000 0.000000
vn -0.111269 -0.581523 -0.805885
vn 0.491168 -0.581522 -0.648526
vn -0.603749 0.000000 -0.797175
vn 0.136774 0.000000 -0.990602
vn -0.111269 -0.581523 -0.805885
vn -0.648527 -0.581523 -0.491167
vn 0.000000 -1.000000 0.000000
vn -0.648527 -0.581523 -0.491167
vn -0.111269 -0.581523 -0.805885
vn -0.990602 0.000000 -0.136773
vn -0.603749 0.000000 -0.797175
vn -0.648527 -0.581523 -0.491167
vn -0.805885 -0.581522 0.111269
vn 0.000000 -1.000000 0.000000
vn -0.805885 -0.581522 0.111269
vn -0.648527 -0.581523 -0.491167
vn -0.797176 0.000000 0.603747
vn -0.990602 0.000000 -0.136773
vn -0.805885 -0.581522 0.111269
vn -0.491168 -0.581523 0.648526
vn 0.000000 -1.000000 0.000000
vn -0.491168 -0.581523 0.648526
vn -0.805885 -0.581522 0.111269
vn -0.136773 0.000000 0.990602
vn -0.797176 0.000000 0.603747
vn -0.491168 -0.581523 0.648526
vn 0.111270 -0.581523 0.805885
vn 0.000000 -1.000000 0.000000
vn 0.111270 -0.581523 0.805885
vn -0.491168 -0.581523 0.648526
vn 0.603748 0.000000 0.797175
vn -0.136773 0.000000 0.990602
vn 0.111270 -0.581523 0.805885
vn 0.648526 -0.581522 0.491168
vn 0.000000 -1.000000 0.000000
vn 0.648526 -0.581522 0.491168
vn 0.111270 -0.581523 0.805885
vn 0.990602 0.000000 0.136774
vn 0.603748 0.000000 0.797175
vn 0.648526 -0.581522 0.491168
vn 0.805885 -0.581523 -0.111270
vn 0.000000 -1.000000 0.000000
vn 0.805885 -0.581523 -0.111270
vn 0.648526 -0.581522 0.491168
vn 0.998358 0.046341 -0.033669
vn 0.998358 0.057280 -0.000000
vn 1.000000 -0.000000 -0.000000
vn 0.571754 0.607953 -0.550899
vn 0.571754 0.815655 -0.088341
vn 1.000000 0.000000 0.000000
vn -0.998853 -0.047556 0.005554
vn -0.329046 0.819291 -0.469565
vn -0.941267 0.335699 0.036358
vn 0.571754 0.815655 -0.088341
vn 0.571754 0.607953 -0.550899
vn -0.021288 -0.911876 -0.409914
vn 0.016512 -0.951608 -0.306870
vn 0.323340 -0.924073 0.203816
vn 0.369482 -0.890852 0.264323
vn 1.000000 0.000000 0.000000
vn 1.000000 0.000000 0.000000
vn 1.000000 0.000000 0.000000
vn 0.702384 0.703361 -0.109272
vn 0.998358 0.017701 -0.054477
vn 0.998358 0.046341 -0.033669
vn 1.000000 -0.000000 -0.000000
vn 0.571754 0.168034 -0.803033
vn 0.571754 0.607953 -0.550899
vn 1.000000 0.000000 0.000000
vn 0.999505 -0.031456 0.001119
vn -0.571754 0.336069 -0.748435
vn -0.329046 0.819291 -0.469565
vn 0.571754 0.607953 -0.550899
vn 0.571754 0.168034 -0.803033
vn -1.000000 0.000000 0.000000
vn -0.000275 -0.042876 0.999080
vn -0.571754 -0.336068 0.748435
vn -0.571754 0.168034 0.803033
vn 1.000000 0.000000 0.000000
vn 0.571754 -0.815655 0.088341
vn 0.571754 -0.607953 0.550899
vn 1.000000 0.000000 0.000000
vn 0.998358 -0.017701 -0.054477
vn 0.998358 0.017701 -0.054477
vn 1.000000 -0.000000 -0.000000
vn 0.571754 -0.336068 -0.748435
vn 0.571754 0.168034 -0.803033
vn 1.000000 0.000000 0.000000
vn 0.999791 -0.020180 0.003186
vn -0.571754 -0.168034 -0.803033
vn -0.571754 0.336069 -0.748435
vn 0.571754 0.168034 -0.803033
vn 0.571754 -0.336068 -0.748435
vn -1.000000 -0.000000 0.000000
vn -0.998358 -0.017701 0.054477
vn -0.998358 0.017701 0.054477
vn 1.000000 0.000000 0.000000
vn 1.000000 0.000000 0.000000
vn 0.571754 -0.815655 0.088341
vn 0.571754 -0.711804 -0.407961
vn 0.998358 -0.046341 -0.033668
vn 0.998358 -0.017701 -0.054477
vn 1.000000 -0.000000 -0.000000
vn 0.571754 -0.711804 -0.407961
vn 0.571754 -0.336068 -0.748435
vn 1.000000 0.000000 0.000000
vn 0.998698 -0.047074 -0.019649
vn -0.571754 -0.607953 -0.550899
vn -0.571754 -0.168034 -0.803033
vn 0.571754 -0.336068 -0.748435
vn 0.571754 -0.711804 -0.407961
vn -0.571754 -0.607954 -0.550899
vn -0.571754 -0.815655 -0.088341
vn 0.693292 0.720591 0.009792
vn 0.789180 0.614001 0.014049
vn 0.999327 0.019940 -0.030799
vn -0.571754 -0.607954 -0.550899
vn -0.571754 -0.168034 -0.803033
vn -1.000000 0.000000 0.000000
vn 0.998358 -0.057280 -0.000000
vn 0.998358 -0.046341 -0.033668
vn 1.000000 -0.000000 -0.000000
vn 0.571754 -0.815655 0.088341
vn 0.571754 -0.711804 -0.407961
vn 1.000000 0.000000 0.000000
vn 0.000000 0.000000 -1.000000
vn -0.571754 -0.815655 -0.088341
vn -0.571754 -0.607953 -0.550899
vn 0.571754 -0.711804 -0.407961
vn 0.571754 -0.815655 0.088341
vn -1.000000 -0.000000 -0.000000
vn -0.998358 -0.046341 0.033668
vn -0.998358 -0.017701 0.054477
vn 0.737608 -0.672109 -0.064846
vn 0.998475 0.055016 -0.004503
vn 0.999327 0.019940 -0.030799
vn -0.571754 0.168034 0.803033
vn 0.998358 -0.046341 0.033668
vn 0.998358 -0.057280 -0.000000
vn 1.000000 -0.000000 -0.000000
vn 0.571754 -0.607954 0.550899
vn 0.571754 -0.815655 0.088341
vn 0.000000 0.000000 -1.000000
vn 1.000000 0.000000 0.000000
vn -0.571754 -0.711804 0.407961
vn -0.571754 -0.815655 -0.088341
vn 0.571754 -0.815655 0.088341
vn 0.571754 -0.607954 0.550899
vn -0.571754 -0.336068 0.748435
vn -0.571754 -0.711804 0.407961
vn 0.571754 -0.607954 0.550899
vn 0.571754 -0.168034 0.803033
vn -0.571754 -0.336069 0.748435
vn -1.000000 0.000000 0.000000
vn 0.571754 -0.168034 0.803033
vn 0.571754 -0.607953 0.550899
vn 0.998358 -0.017701 0.054477
vn 0.998358 -0.046341 0.033668
vn 1.000000 -0.000000 -0.000000
vn 0.571754 -0.168034 0.803033
vn 0.571754 -0.607954 0.550899
vn 0.000000 0.000000 -1.000000
vn 1.000000 0.000000 0.000000
vn -0.571754 -0.336068 0.748435
vn -0.571754 -0.711804 0.407961
vn 0.571754 -0.607954 0.550899
vn 0.571754 -0.168034 0.803033
vn -1.000000 0.000000 0.000000
vn -0.111846 -0.692325 0.712865
vn -0.571754 -0.711804 0.407961
vn -0.571754 -0.336068 0.748435
vn -0.571754 -0.711804 0.407961
vn -0.571754 -0.336069 0.748435
vn 0.571754 -0.607953 0.550899
vn 0.571754 -0.815655 0.088341
vn 0.998358 0.017701 0.054477
vn 0.998358 -0.017701 0.054477
vn 1.000000 -0.000000 -0.000000
vn 0.571754 0.336069 0.748435
vn 0.571754 -0.168034 0.803033
vn 0.117837 0.659295 0.742593
vn 1.000000 0.000000 0.000000
vn -0.571754 0.168034 0.803033
vn -0.571754 -0.336068 0.748435
vn 0.571754 -0.168034 0.803033
vn 0.571754 0.336069 0.748435
vn -1.000000 -0.000000 0.000000
vn -0.998358 -0.046341 0.033668
vn -0.998358 -0.017701 0.054477
vn -0.571754 -0.815655 -0.088341
vn -0.571754 -0.711804 0.407961
vn -0.571754 -0.815655 -0.088341
vn -0.571754 -0.607954 -0.550899
vn 0.998358 0.046341 0.033668
vn 0.998358 0.017701 0.054477
vn 1.000000 -0.000000 -0.000000
vn 0.571754 0.711804 0.407961
vn 0.571754 0.336069 0.748435
vn 0.567900 0.370016 0.735240
vn 1.000000 0.000000 0.000000
vn -0.329046 0.699758 0.634088
vn -0.571754 0.168034 0.803033
vn 0.571754 0.336069 0.748435
vn 0.571754 0.711804 0.407961
vn -1.000000 0.000000 0.000000
vn -0.571754 -0.336069 0.748435
vn -0.571754 -0.711804 0.407961
vn -1.000000 0.000000 0.000000
vn -0.571754 -0.711804 0.407961
vn -0.571754 -0.815655 -0.088341
vn -1.000000 0.000000 0.000000
vn 0.994963 0.001181 -0.100234
vn 0.998358 0.057280 -0.000000
vn 0.998358 0.046341 0.033668
vn 1.000000 -0.000000 -0.000000
vn 0.571754 0.815655 -0.088341
vn 0.571754 0.711804 0.407961
vn 0.000275 -0.042876 0.999080
vn 1.000000 0.000000 0.000000
vn -0.941267 0.335699 0.036358
vn -0.329046 0.699758 0.634088
vn 0.571754 0.711804 0.407961
vn 0.571754 0.815655 -0.088341
vn -0.128100 0.985623 -0.110168
vn -0.151581 0.965925 -0.209791
vn 0.311906 0.832601 0.457702
vn 0.077942 0.973534 0.214842
vn 0.993913 -0.008490 0.109842
vn 0.707460 0.699116 0.103621
vn 0.011782 0.924386 0.381276
vn 0.994591 0.091877 0.048440
vn 0.998358 0.046341 -0.033668
vn 0.998358 0.057280 0.000000
vn 1.000000 -0.000000 0.000000
vn 0.571754 0.607954 -0.550899
vn 0.571754 0.815655 -0.088341
vn 1.000000 0.000000 0.000000
vn -0.703175 0.703295 -0.104503
vn -0.329046 0.819291 -0.469565
vn -0.941267 0.335699 0.036358
vn 0.571754 0.815655 -0.088341
vn 0.571754 0.607954 -0.550899
vn -0.963564 -0.236645 -0.124674
vn -0.932273 -0.310866 -0.185012
vn -0.998873 0.042412 0.021285
vn -0.998288 0.051499 0.027727
vn 0.821334 0.533644 0.201579
vn -0.926015 0.377416 0.007268
vn 0.993579 0.053563 0.099654
vn 0.999791 -0.020180 0.003186
vn 0.998358 0.017701 -0.054477
vn 0.998358 0.046341 -0.033668
vn 1.000000 -0.000000 0.000000
vn 0.571754 0.168034 -0.803033
vn 0.571754 0.607954 -0.550899
vn 1.000000 0.000000 0.000000
vn -0.789061 0.597941 -0.140885
vn -0.571754 0.336069 -0.748435
vn -0.329046 0.819291 -0.469565
vn 0.571754 0.607954 -0.550899
vn 0.571754 0.168034 -0.803033
vn -1.000000 0.000000 0.000000
vn -0.135574 0.982112 -0.130672
vn -0.571754 -0.711804 0.407961
vn -0.571754 -0.336068 0.748435
vn -0.789626 -0.598031 -0.137298
vn -0.622687 -0.739039 -0.257063
vn 0.082273 -0.962886 -0.257063
vn -0.571754 0.711804 -0.407961
vn 0.998358 -0.017701 -0.054477
vn 0.998358 0.017701 -0.054477
vn 1.000000 -0.000000 0.000000
vn 0.571754 -0.336069 -0.748435
vn 0.571754 0.168034 -0.803033
vn 1.000000 0.000000 0.000000
vn 0.000000 0.000000 -1.000000
vn -0.571754 -0.168034 -0.803033
vn -0.571754 0.336069 -0.748435
vn 0.571754 0.168034 -0.803033
vn 0.571754 -0.336069 -0.748435
vn -0.571754 -0.711804 0.407961
vn -0.571754 -0.815655 -0.088341
vn 0.571754 -0.815655 0.088341
vn 0.571754 -0.607954 0.550899
vn -0.571754 0.815655 0.088341
vn -0.832771 0.509139 0.217416
vn -1.000000 -0.000000 -0.000000
vn -1.000000 0.000000 0.000000
vn 0.998358 -0.046341 -0.033668
vn 0.998358 -0.017701 -0.054477
vn 1.000000 -0.000000 0.000000
vn 0.571754 -0.711804 -0.407961
vn 0.571754 -0.336069 -0.748435
vn 1.000000 0.000000 0.000000
vn 0.000000 0.000000 -1.000000
vn -0.571754 -0.607954 -0.550899
vn -0.571754 -0.168034 -0.803033
vn 0.571754 -0.336069 -0.748435
vn 0.571754 -0.711804 -0.407961
vn -1.000000 0.000000 0.000000
vn 0.000000 0.000000 -1.000000
vn -0.571754 -0.815655 -0.088341
vn -0.571754 -0.711804 0.407961
vn -1.000000 0.000000 0.000000
vn -1.000000 0.000000 0.000000
vn -0.958389 -0.255015 -0.128285
vn -0.874438 -0.432722 -0.219339
vn 0.998358 -0.057280 0.000000
vn 0.998358 -0.046341 -0.033668
vn 1.000000 -0.000000 0.000000
vn 0.571754 -0.815655 0.088341
vn 0.571754 -0.711804 -0.407961
vn 1.000000 0.000000 0.000000
vn -0.135278 0.974194 0.180681
vn -0.571754 -0.815655 -0.088341
vn -0.571754 -0.607954 -0.550899
vn 0.571754 -0.711804 -0.407961
vn 0.571754 -0.815655 0.088341
vn -1.000000 -0.000000 0.000000
vn -0.998358 -0.057280 0.000000
vn -0.998358 -0.046341 0.033668
vn -0.920424 -0.343177 -0.187217
vn -0.135478 -0.981221 -0.137298
vn -0.571754 0.336068 -0.748435
vn -0.571754 0.711804 -0.407961
vn 0.998358 -0.046341 0.033668
vn 0.998358 -0.057280 0.000000
vn 1.000000 -0.000000 0.000000
vn 0.571754 -0.607954 0.550899
vn 0.571754 -0.815655 0.088341
vn 0.598438 0.780979 0.178725
vn 1.000000 0.000000 0.000000
vn -0.571754 -0.711804 0.407961
vn -0.571754 -0.815655 -0.088341
vn 0.571754 -0.815655 0.088341
vn 0.571754 -0.607954 0.550899
vn -1.000000 -0.000000 -0.000000
vn -0.999096 0.026874 0.032943
vn -1.000000 0.000000 0.000000
vn -1.000000 0.000000 0.000000
vn -1.000000 0.000000 0.000000
vn -0.571754 0.815655 0.088341
vn -0.571754 0.607954 0.550899
vn 0.011782 0.924386 0.381276
vn 0.998358 -0.017701 0.054477
vn 0.998358 -0.046341 0.033668
vn 1.000000 -0.000000 0.000000
vn 0.571754 -0.168034 0.803033
vn 0.571754 -0.607954 0.550899
vn 0.567900 0.370016 0.735240
vn 1.000000 0.000000 0.000000
vn -0.571754 -0.336068 0.748435
vn -0.571754 -0.711804 0.407961
vn 0.571754 -0.607954 0.550899
vn 0.571754 -0.168034 0.803033
vn -0.943522 -0.298274 -0.144221
vn -0.969703 -0.232598 -0.074653
vn -0.999974 -0.006845 0.002208
vn -0.943522 -0.298274 -0.144221
vn -1.000000 -0.000000 -0.000000
vn -1.000000 0.000000 0.000000
vn -1.000000 0.000000 0.000000
vn -1.000000 0.000000 0.000000
vn 0.998358 0.017701 0.054477
vn 0.998358 -0.017701 0.054477
vn 1.000000 -0.000000 0.000000
vn 0.571754 0.336069 0.748435
vn 0.571754 -0.168034 0.803033
vn -0.970412 -0.240743 -0.018528
vn 1.000000 0.000000 0.000000
vn -0.571754 0.168034 0.803033
vn -0.571754 -0.336068 0.748435
vn 0.571754 -0.168034 0.803033
vn 0.571754 0.336069 0.748435
vn -0.571754 -0.815655 -0.088341
vn -0.571754 -0.607954 -0.550899
vn 0.571754 -0.711804 -0.407961
vn 0.571754 -0.815655 0.088341
vn 0.082273 -0.962886 -0.257063
vn -0.999296 -0.035920 0.010836
vn 0.000000 0.000000 -1.000000
vn 0.979375 0.135650 -0.149748
vn 0.998358 0.046341 0.033669
vn 0.998358 0.017701 0.054477
vn 1.000000 -0.000000 0.000000
vn 0.571754 0.711804 0.407961
vn 0.571754 0.336069 0.748435
vn -0.967192 -0.252593 -0.027128
vn 1.000000 0.000000 0.000000
vn -0.329046 0.699758 0.634088
vn -0.571754 0.168034 0.803033
vn 0.571754 0.336069 0.748435
vn 0.571754 0.711804 0.407961
vn -0.998003 -0.056317 -0.028598
vn -1.000000 0.000000 0.000000
vn -0.571754 -0.607954 -0.550899
vn -0.571754 -0.815655 -0.088341
vn 0.329046 0.699758 -0.634088
vn 0.941267 0.335699 -0.036358
vn -0.571754 0.815655 0.088341
vn -0.571754 0.711804 -0.407961
vn 0.998358 0.057280 0.000000
vn 0.998358 0.046341 0.033669
vn 1.000000 -0.000000 0.000000
vn 0.571754 0.815655 -0.088341
vn 0.571754 0.711804 0.407961
vn -0.975266 -0.218706 -0.032017
vn 1.000000 0.000000 0.000000
vn -0.941267 0.335699 0.036358
vn -0.329046 0.699758 0.634088
vn 0.571754 0.711804 0.407961
vn 0.571754 0.815655 -0.088341
vn -1.000000 -0.000000 0.000000
vn -0.998358 -0.046341 -0.033668
vn -0.998358 -0.057280 0.000000
vn 0.598035 0.790119 -0.134410
vn -0.677869 0.082391 0.730551
vn -0.000275 -0.042876 0.999080
vn 0.622940 0.739273 -0.255774
vn -1.000000 -0.000000 0.000000
vn -0.994826 0.101589 0.000000
vn -0.994826 0.082188 -0.059713
vn -1.000000 0.000000 0.000000
vn -0.970412 -0.240743 -0.018528
vn -0.571754 0.815655 0.088341
vn -0.571754 0.711804 -0.407961
vn -0.571754 0.711804 -0.407961
vn -0.571754 0.815655 0.088341
vn 0.329046 0.938824 -0.101681
vn 0.571754 0.607954 -0.550899
vn -0.571754 -0.168034 -0.803033
vn -0.571754 0.336068 -0.748435
vn 0.776709 0.572023 0.263652
vn -1.000000 -0.000000 -0.000000
vn -1.000000 0.000000 0.000000
vn -1.000000 0.000000 0.000000
vn -1.000000 0.000000 0.000000
vn 0.571754 0.168034 -0.803033
vn -1.000000 -0.000000 0.000000
vn -0.994826 0.082188 -0.059713
vn -0.994826 0.031393 -0.096617
vn -1.000000 0.000000 0.000000
vn -0.970867 -0.239602 -0.003044
vn -0.571754 0.711804 -0.407961
vn -0.571754 0.336069 -0.748435
vn -0.571754 0.336069 -0.748435
vn -0.571754 0.711804 -0.407961
vn 0.571754 0.607954 -0.550899
vn 0.571754 0.168034 -0.803033
vn 0.999475 0.001433 0.032366
vn 0.999475 0.001433 0.032366
vn 0.999475 0.001433 0.032366
vn 0.999475 0.001433 0.032366
vn 0.329046 0.699758 -0.634088
vn -0.571754 0.711804 -0.407961
vn -0.571754 0.336068 -0.748435
vn 0.941267 0.335699 -0.036358
vn -1.000000 -0.000000 0.000000
vn -0.994826 0.031393 -0.096617
vn -0.994826 -0.031393 -0.096617
vn -1.000000 0.000000 0.000000
vn -0.963230 -0.082260 -0.255774
vn -0.571754 0.336069 -0.748435
vn -0.571754 -0.168034 -0.803033
vn -0.571754 -0.168034 -0.803033
vn -0.571754 0.336069 -0.748435
vn 0.571754 0.168034 -0.803033
vn 0.571754 -0.336069 -0.748435
vn -0.571754 -0.607954 -0.550899
vn -0.571754 -0.168034 -0.803033
vn 0.571754 -0.336069 -0.748435
vn 0.571754 -0.711804 -0.407961
vn 0.329046 0.819291 0.469565
vn -0.571754 0.607954 0.550899
vn -0.571754 0.815655 0.088341
vn -0.571754 0.607954 0.550899
vn -1.000000 -0.000000 0.000000
vn -0.994826 -0.031393 -0.096617
vn -0.994826 -0.082188 -0.059713
vn -1.000000 0.000000 0.000000
vn -0.622940 -0.739273 -0.255774
vn -0.571754 -0.168034 -0.803033
vn -0.571754 -0.607954 -0.550899
vn -0.571754 -0.607954 -0.550899
vn -0.571754 -0.168034 -0.803033
vn 0.571754 -0.336069 -0.748435
vn 0.571754 -0.711804 -0.407961
vn -0.000000 -0.000000 -1.000000
vn -1.000000 0.000000 0.000000
vn -0.571754 -0.168034 -0.803033
vn -0.571754 -0.607954 -0.550899
vn -0.571754 0.168034 0.803033
vn 0.998449 -0.055173 0.007462
vn -1.000000 -0.000000 -0.000000
vn -1.000000 0.000000 0.000000
vn -1.000000 -0.000000 0.000000
vn -0.994826 -0.082188 -0.059713
vn -0.994826 -0.101589 0.000000
vn -1.000000 0.000000 0.000000
vn 0.117837 0.659295 0.742593
vn -0.571754 -0.607954 -0.550899
vn -0.571754 -0.815655 -0.088341
vn -0.571754 -0.815655 -0.088341
vn -0.571754 -0.607954 -0.550899
vn 0.571754 -0.711804 -0.407961
vn 0.571754 -0.815655 0.088341
vn -1.000000 -0.000000 0.000000
vn -0.998358 -0.017701 -0.054477
vn -0.998358 -0.046341 -0.033668
vn -1.000000 0.000000 0.000000
vn -1.000000 0.000000 0.000000
vn 0.963230 0.082260 -0.255774
vn 0.000000 -0.000000 -1.000000
vn -1.000000 -0.000000 0.000000
vn -0.994826 -0.101589 0.000000
vn -0.994826 -0.082188 0.059713
vn -0.002628 -0.992802 0.119738
vn -1.000000 0.000000 0.000000
vn -0.571754 -0.815655 -0.088341
vn -0.571754 -0.711804 0.407961
vn -0.571754 -0.711804 0.407961
vn -0.571754 -0.815655 -0.088341
vn 0.571754 -0.815655 0.088341
vn 0.571754 -0.607954 0.550899
vn 0.963652 -0.231074 -0.134090
vn 0.943666 -0.291876 -0.155894
vn 0.329046 0.699758 -0.634088
vn 0.571754 0.168034 -0.803033
vn 0.571754 -0.336069 -0.748435
vn 0.571754 -0.711804 -0.407961
vn 0.571754 -0.815655 0.088341
vn 0.571754 -0.607953 0.550899
vn -1.000000 -0.000000 0.000000
vn -0.994826 -0.082188 0.059713
vn -0.994826 -0.031393 0.096617
vn -0.700847 -0.704848 0.109560
vn -1.000000 0.000000 0.000000
vn -0.571754 -0.711804 0.407961
vn -0.571754 -0.336068 0.748435
vn -0.571754 -0.336068 0.748435
vn -0.571754 -0.711804 0.407961
vn 0.571754 -0.607954 0.550899
vn 0.571754 -0.168034 0.803033
vn -0.960760 -0.242225 -0.135156
vn -0.997958 0.051633 0.037593
vn -0.960760 -0.242225 -0.135156
vn -0.943522 -0.298274 -0.144221
vn 0.571754 -0.168034 0.803033
vn 0.571754 0.336068 0.748435
vn 0.329046 0.819291 0.469565
vn 0.941267 0.335699 -0.036358
vn -1.000000 -0.000000 0.000000
vn -0.994826 -0.031393 0.096617
vn -0.994826 0.031393 0.096617
vn -0.968692 -0.248243 -0.003296
vn -1.000000 0.000000 0.000000
vn -0.571754 -0.336068 0.748435
vn -0.571754 0.168034 0.803033
vn -0.571754 0.168034 0.803033
vn -0.571754 -0.336068 0.748435
vn 0.571754 -0.168034 0.803033
vn 0.329046 0.386817 0.861453
vn -0.571754 -0.168034 -0.803033
vn -0.571754 0.336069 -0.748435
vn 0.571754 0.168034 -0.803033
vn 0.571754 -0.336069 -0.748435
vn -0.832771 0.509139 0.217416
vn 0.011782 0.924386 0.381276
vn 0.821334 0.533644 0.201579
vn 0.999961 0.007993 0.003862
vn -1.000000 -0.000000 0.000000
vn -0.994826 0.031393 0.096617
vn -0.994826 0.082188 0.059713
vn -0.967192 -0.252593 -0.027128
vn -1.000000 0.000000 0.000000
vn -0.571754 0.168034 0.803033
vn -0.571754 0.607954 0.550899
vn -0.571754 0.607954 0.550899
vn -0.571754 0.168034 0.803033
vn 0.329046 0.386817 0.861453
vn 0.941267 0.292957 0.167905
vn -0.975266 -0.218706 -0.032017
vn -1.000000 0.000000 0.000000
vn -0.571754 0.336069 -0.748435
vn -0.571754 -0.168034 -0.803033
vn -0.571754 -0.607954 -0.550899
vn -0.571754 -0.168034 -0.803033
vn 0.999871 -0.012488 0.010063
vn -1.000000 -0.000000 -0.000000
vn -1.000000 -0.000000 0.000000
vn -0.994826 0.082188 0.059713
vn -0.994826 0.101589 0.000000
vn -0.594998 -0.785128 -0.171908
vn -1.000000 0.000000 0.000000
vn -0.571754 0.607954 0.550899
vn -0.571754 0.815655 0.088341
vn -0.571754 0.815655 0.088341
vn -0.571754 0.607954 0.550899
vn 0.941267 0.292957 0.167905
vn 0.329046 0.938824 -0.101681
vn -1.000000 -0.000000 0.000000
vn -0.998358 0.017701 -0.054477
vn -0.998358 -0.017701 -0.054477
vn -1.000000 0.000000 0.000000
vn -1.000000 0.000000 0.000000
vn -1.000000 0.000000 0.000000
vn 0.571754 -0.336069 -0.748435
vn -1.000000 -0.000000 -0.000000
vn -0.994826 0.101589 -0.000000
vn -0.994826 0.082188 -0.059713
vn -1.000000 0.000000 0.000000
vn 0.999441 -0.017267 -0.028643
vn -0.571754 0.815655 0.088341
vn -0.571754 0.711804 -0.407961
vn -0.571754 0.711804 -0.407961
vn -0.571754 0.815655 0.088341
vn 0.329046 0.938824 -0.101681
vn 0.571754 0.607953 -0.550899
vn 0.571754 0.168034 -0.803033
vn -0.571754 0.336068 -0.748435
vn -0.571754 -0.168034 -0.803033
vn -0.571754 -0.711804 0.407961
vn -0.571754 -0.815655 -0.088341
vn -1.000000 0.000000 0.000000
vn -0.739039 0.622687 -0.257063
vn 0.571754 -0.607954 0.550899
vn -1.000000 -0.000000 -0.000000
vn -0.994826 0.082188 -0.059713
vn -0.994826 0.031393 -0.096617
vn -1.000000 0.000000 0.000000
vn 0.999016 -0.042343 -0.013217
vn -0.571754 0.711804 -0.407961
vn -0.571754 0.336069 -0.748435
vn -0.571754 0.336069 -0.748435
vn -0.571754 0.711804 -0.407961
vn 0.571754 0.607953 -0.550899
vn 0.571754 0.168034 -0.803033
vn 0.999475 0.001432 0.032366
vn 0.999475 0.001432 0.032366
vn 0.999475 0.001433 0.032366
vn 0.999475 0.001433 0.032366
vn 0.571754 -0.815655 0.088341
vn -0.571754 -0.815655 -0.088341
vn -0.571754 -0.711804 0.407961
vn 0.329046 0.819291 0.469565
vn -1.000000 -0.000000 -0.000000
vn -0.994826 0.031393 -0.096617
vn -0.994826 -0.031393 -0.096617
vn -1.000000 0.000000 0.000000
vn -0.980856 -0.194732 -0.001331
vn -0.571754 0.336069 -0.748435
vn -0.571754 -0.168034 -0.803033
vn -0.571754 -0.168034 -0.803033
vn -0.571754 0.336069 -0.748435
vn 0.571754 0.168034 -0.803033
vn 0.571754 -0.336068 -0.748435
vn -0.571754 0.336069 -0.748435
vn -0.571754 0.711804 -0.407961
vn 0.571754 0.607954 -0.550899
vn 0.571754 0.168034 -0.803033
vn 0.571754 0.336068 0.748435
vn -0.571754 0.168034 0.803033
vn -0.571754 0.607954 0.550899
vn -0.571754 0.168034 0.803033
vn -1.000000 -0.000000 -0.000000
vn -0.994826 -0.031393 -0.096617
vn -0.994826 -0.082188 -0.059713
vn -1.000000 0.000000 0.000000
vn -0.970867 -0.239602 -0.003044
vn -0.571754 -0.168034 -0.803033
vn -0.571754 -0.607953 -0.550899
vn -0.571754 -0.607953 -0.550899
vn -0.571754 -0.168034 -0.803033
vn 0.571754 -0.336068 -0.748435
vn 0.571754 -0.711804 -0.407961
vn -1.000000 0.000000 0.000000
vn -0.704276 -0.705586 -0.078375
vn -0.571754 0.711804 -0.407961
vn -0.571754 0.336069 -0.748435
vn -0.571754 -0.336069 0.748435
vn -0.970412 -0.240743 -0.018528
vn -1.000000 -0.000000 -0.000000
vn -1.000000 0.000000 0.000000
vn -1.000000 -0.000000 -0.000000
vn -0.994826 -0.082188 -0.059713
vn -0.994826 -0.101589 -0.000000
vn -1.000000 0.000000 0.000000
vn -0.975266 -0.218706 -0.032017
vn -0.571754 -0.607953 -0.550899
vn -0.571754 -0.815655 -0.088341
vn -0.571754 -0.815655 -0.088341
vn -0.571754 -0.607953 -0.550899
vn 0.571754 -0.711804 -0.407961
vn 0.571754 -0.815655 0.088341
vn -1.000000 -0.000000 0.000000
vn -0.998358 0.046341 -0.033668
vn -0.998358 0.017701 -0.054477
vn -1.000000 0.000000 0.000000
vn -1.000000 0.000000 0.000000
vn 0.994591 0.091877 0.048440
vn 0.789626 0.598031 -0.137298
vn -1.000000 -0.000000 -0.000000
vn -0.994826 -0.101589 -0.000000
vn -0.994826 -0.082188 0.059713
vn -0.998598 -0.048312 -0.021619
vn -1.000000 0.000000 0.000000
vn -0.571754 -0.815655 -0.088341
vn -0.571754 -0.711804 0.407961
vn -0.571754 -0.711804 0.407961
vn -0.571754 -0.815655 -0.088341
vn 0.571754 -0.815655 0.088341
vn 0.571754 -0.607954 0.550899
vn -0.999924 -0.010658 -0.006252
vn -0.999845 -0.013861 0.010893
vn -0.925427 0.378876 0.006195
vn -0.989041 0.146165 -0.020836
vn -0.997311 0.072419 0.011199
vn -0.999096 0.026874 0.032943
vn -0.571754 -0.815655 -0.088341
vn -0.571754 -0.607954 -0.550899
vn -1.000000 -0.000000 -0.000000
vn -0.994826 -0.082188 0.059713
vn -0.994826 -0.031393 0.096617
vn 0.000778 -0.996968 -0.077815
vn -1.000000 0.000000 0.000000
vn -0.571754 -0.711804 0.407961
vn -0.571754 -0.336068 0.748435
vn -0.571754 -0.336068 0.748435
vn -0.571754 -0.711804 0.407961
vn 0.571754 -0.607954 0.550899
vn 0.571754 -0.168034 0.803033
vn 0.941267 0.292957 0.167905
vn 0.329046 0.386817 0.861453
vn 0.571754 -0.168034 0.803033
vn 0.571754 -0.607954 0.550899
vn 0.571754 -0.815655 0.088341
vn 0.571754 -0.711804 -0.407961
vn 0.571754 -0.336068 -0.748435
vn 0.571754 0.168034 -0.803033
vn 0.571754 0.607953 -0.550899
vn 0.329046 0.938824 -0.101681
vn -0.999924 -0.010658 -0.006252
vn -1.000000 -0.000000 -0.000000
vn -1.000000 0.000000 0.000000
vn -1.000000 0.000000 0.000000
vn -1.000000 -0.000000 -0.000000
vn -0.994826 -0.031393 0.096617
vn -0.994826 0.031393 0.096617
vn 0.000000 0.000000 -1.000000
vn -1.000000 0.000000 0.000000
vn -0.571754 -0.336068 0.748435
vn -0.571754 0.168034 0.803033
vn -0.571754 0.168034 0.803033
vn -0.571754 -0.336068 0.748435
vn 0.571754 -0.168034 0.803033
vn 0.329046 0.386817 0.861453
vn 0.941267 0.292957 0.167905
vn 0.329046 0.386817 0.861453
vn 0.571754 -0.168034 0.803033
vn 0.571754 -0.607954 0.550899
vn 0.571754 -0.815655 0.088341
vn 0.571754 -0.711804 -0.407961
vn 0.571754 -0.336069 -0.748435
vn 0.571754 0.168034 -0.803033
vn 0.571754 0.607954 -0.550899
vn 0.329046 0.938824 -0.101681
vn -1.000000 0.000000 0.000000
vn 0.571754 -0.711804 -0.407961
vn 0.571754 -0.336069 -0.748435
vn -0.571754 -0.168034 -0.803033
vn -1.000000 -0.000000 -0.000000
vn -0.994826 0.031393 0.096617
vn -0.994826 0.082188 0.059713
vn 0.000000 0.000000 -1.000000
vn -1.000000 0.000000 0.000000
vn -0.571754 0.168034 0.803033
vn -0.571754 0.607954 0.550899
vn -0.571754 0.607954 0.550899
vn -0.571754 0.168034 0.803033
vn 0.329046 0.386817 0.861453
vn 0.941267 0.292957 0.167905
vn -0.941267 0.335699 0.036358
vn -0.329046 0.819291 -0.469565
vn -0.571754 0.336069 -0.748435
vn -0.571754 -0.168034 -0.803033
vn -0.571754 -0.607954 -0.550899
vn -0.571754 -0.815655 -0.088341
vn -0.571754 -0.711804 0.407961
vn -0.571754 -0.336068 0.748435
vn -0.571754 0.168034 0.803033
vn -0.329046 0.699758 0.634088
vn -0.571754 -0.607954 -0.550899
vn -0.890802 -0.408774 -0.198434
vn 0.956028 -0.279348 -0.089304
vn 0.936008 -0.322011 -0.142122
vn -1.000000 -0.000000 -0.000000
vn -0.994826 0.082188 0.059713
vn -0.994826 0.101589 -0.000000
vn -0.770806 -0.599033 0.216834
vn -1.000000 0.000000 0.000000
vn -0.571754 0.607954 0.550899
vn -0.571754 0.815655 0.088341
vn -0.571754 0.815655 0.088341
vn -0.571754 0.607954 0.550899
vn 0.941267 0.292957 0.167905
vn 0.329046 0.938824 -0.101681
vn -0.941267 0.335699 0.036358
vn -0.329046 0.819291 -0.469565
vn -0.571754 0.336069 -0.748435
vn -0.571754 -0.168034 -0.803033
vn -0.571754 -0.607953 -0.550899
vn -0.571754 -0.815655 -0.088341
vn -0.571754 -0.711804 0.407961
vn -0.571754 -0.336068 0.748435
vn -0.571754 0.168034 0.803033
vn -0.329046 0.699758 0.634088
vn 0.873988 -0.442279 -0.201331
vn -0.805885 -0.581523 0.111270
vn -0.648526 -0.581522 -0.491168
vn -0.603749 0.000000 -0.797175
vn -0.648526 -0.581523 -0.491168
vn -0.805885 -0.581523 0.111270
vn -0.990602 0.000000 -0.136773
vn -0.603747 0.000000 -0.797176
vn -0.805885 -0.581523 0.111270
vn -0.648526 -0.581523 -0.491168
vn 0.000000 -1.000000 0.000000
vn -0.111269 -0.581522 -0.805885
vn -0.648526 -0.581523 -0.491168
vn -0.603747 0.000000 -0.797176
vn 0.136773 0.000000 -0.990602
vn -0.648526 -0.581523 -0.491168
vn -0.111269 -0.581522 -0.805885
vn 0.000000 -1.000000 0.000000
vn 0.491167 -0.581523 -0.648527
vn -0.111269 -0.581522 -0.805885
vn 0.136773 0.000000 -0.990602
vn 0.797175 0.000000 -0.603749
vn -0.111269 -0.581522 -0.805885
vn 0.491167 -0.581523 -0.648527
vn 0.000000 -1.000000 0.000000
vn 0.805885 -0.581523 -0.111269
vn 0.491167 -0.581523 -0.648527
vn 0.797175 0.000000 -0.603749
vn 0.990602 0.000000 0.136774
vn 0.491167 -0.581523 -0.648527
vn 0.805885 -0.581523 -0.111269
vn 0.000000 -1.000000 0.000000
vn 0.648526 -0.581522 0.491168
vn 0.805885 -0.581523 -0.111269
vn 0.990602 0.000000 0.136774
vn 0.603749 0.000000 0.797175
vn 0.805885 -0.581523 -0.111269
vn 0.648526 -0.581522 0.491168
vn 0.000000 -1.000000 0.000000
vn 0.111270 -0.581523 0.805885
vn 0.648526 -0.581522 0.491168
vn 0.603749 0.000000 0.797175
vn -0.136774 0.000000 0.990602
vn 0.648526 -0.581522 0.491168
vn 0.111270 -0.581523 0.805885
vn 0.000000 -1.000000 0.000000
vn -0.491168 -0.581522 0.648526
vn 0.111270 -0.581523 0.805885
vn -0.136774 0.000000 0.990602
vn -0.797175 0.000000 0.603749
vn 0.111270 -0.581523 0.805885
vn -0.491168 -0.581522 0.648526
vn 0.000000 -1.000000 0.000000
vn -0.805885 -0.581523 0.111270
vn -0.491168 -0.581522 0.648526
vn -0.797175 0.000000 0.603749
vn -0.990602 0.000000 -0.136773
vn -0.491168 -0.581522 0.648526
vn -0.805885 -0.581523 0.111270
vn 0.000000 -1.000000 0.000000
vn -1.000000 -0.000000 0.000000
vn -0.996159 0.087560 0.000000
vn -0.996159 0.070837 -0.051466
vn -1.000000 -0.000000 -0.000000
vn -0.980753 -0.099611 -0.167930
vn -0.571754 0.815655 0.088341
vn -0.571754 0.711804 -0.407961
vn -0.571754 0.711804 -0.407961
vn -0.571754 0.815655 0.088341
vn 0.329046 0.938824 -0.101681
vn 0.571754 0.607953 -0.550899
vn 0.571754 0.168034 -0.803033
vn 0.571754 0.607954 -0.550899
vn 0.000000 0.000000 -1.000000
vn 1.000000 0.000000 0.000000
vn -0.990602 0.000000 -0.136774
vn 0.571754 0.336068 0.748435
vn 0.571754 -0.168034 0.803033
vn -0.571754 -0.336069 0.748435
vn -1.000000 -0.000000 0.000000
vn -0.996159 0.070837 -0.051466
vn -0.996159 0.027057 -0.083274
vn -1.000000 -0.000000 -0.000000
vn -0.971484 -0.188918 -0.143279
vn -0.571754 0.711804 -0.407961
vn -0.571754 0.336069 -0.748435
vn -0.571754 0.336069 -0.748435
vn -0.571754 0.711804 -0.407961
vn 0.571754 0.607953 -0.550899
vn 0.571754 0.168034 -0.803033
vn 0.994826 0.031393 -0.096617
vn 0.994826 0.082188 -0.059713
vn 1.000000 -0.000000 0.000000
vn -0.571754 0.168034 0.803033
vn -0.571754 -0.336069 0.748435
vn -0.571754 -0.711804 0.407961
vn -0.999845 -0.013861 0.010893
vn -1.000000 -0.000000 0.000000
vn -0.996159 0.027057 -0.083274
vn -0.996159 -0.027057 -0.083274
vn -1.000000 -0.000000 -0.000000
vn -0.967322 -0.229245 -0.108329
vn -0.571754 0.336069 -0.748435
vn -0.571754 -0.168034 -0.803033
vn -0.571754 -0.168034 -0.803033
vn -0.571754 0.336069 -0.748435
vn 0.571754 0.168034 -0.803033
vn 0.571754 -0.336068 -0.748435
vn -1.000000 0.000000 0.000000
vn -0.998003 -0.056317 -0.028598
vn -0.571754 0.168034 0.803033
vn -0.571754 0.607954 0.550899
vn -1.000000 -0.000000 -0.000000
vn -1.000000 0.000000 0.000000
vn -1.000000 0.000000 0.000000
vn -1.000000 0.000000 0.000000
vn -1.000000 -0.000000 0.000000
vn -0.996159 -0.027057 -0.083274
vn -0.996159 -0.070837 -0.051466
vn -1.000000 -0.000000 -0.000000
vn -0.969414 -0.213678 -0.120739
vn -0.571754 -0.168034 -0.803033
vn -0.571754 -0.607953 -0.550899
vn -0.571754 -0.607953 -0.550899
vn -0.571754 -0.168034 -0.803033
vn 0.571754 -0.336068 -0.748435
vn 0.571754 -0.711804 -0.407961
vn 0.998951 -0.045726 0.002434
vn 0.999791 -0.020180 0.003186
vn 0.983632 -0.007085 0.180051
vn 0.983632 -0.007085 0.180051
vn -0.571754 -0.711804 0.407961
vn -0.571754 -0.815655 -0.088341
vn -0.999296 -0.035920 0.010836
vn -1.000000 -0.000000 -0.000000
vn -1.000000 -0.000000 0.000000
vn -0.996159 -0.070837 -0.051466
vn -0.996159 -0.087560 0.000000
vn -1.000000 -0.000000 -0.000000
vn -0.550420 -0.424075 0.719166
vn -0.571754 -0.607953 -0.550899
vn -0.571754 -0.815655 -0.088341
vn -0.571754 -0.815655 -0.088341
vn -0.571754 -0.607953 -0.550899
vn 0.571754 -0.711804 -0.407961
vn 0.571754 -0.815655 0.088341
vn 0.983632 -0.007085 0.180051
vn 0.994462 0.017759 0.103581
vn 0.994030 -0.004118 0.109028
vn 0.994430 -0.006167 0.105216
vn -1.000000 0.000000 0.000000
vn -1.000000 0.000000 0.000000
vn -1.000000 0.000000 0.000000
vn 0.571754 -0.815655 0.088341
vn -1.000000 -0.000000 0.000000
vn -0.996159 -0.087560 0.000000
vn -0.996159 -0.070837 0.051466
vn 0.781201 -0.602836 0.162216
vn -1.000000 -0.000000 -0.000000
vn -0.571754 -0.815655 -0.088341
vn -0.571754 -0.711804 0.407961
vn -0.571754 -0.711804 0.407961
vn -0.571754 -0.815655 -0.088341
vn 0.571754 -0.815655 0.088341
vn 0.571754 -0.607954 0.550899
vn 0.994926 0.024788 0.097513
vn 0.983632 -0.007085 0.180051
vn 0.983632 -0.007085 0.180051
vn 0.983632 -0.007085 0.180051
vn 0.571754 -0.711804 -0.407961
vn -0.571754 -0.607954 -0.550899
vn -0.571754 -0.815655 -0.088341
vn -0.648526 -0.581522 -0.491168
vn -1.000000 -0.000000 0.000000
vn -0.996159 -0.070837 0.051466
vn -0.996159 -0.027057 0.083274
vn 0.133560 -0.978588 0.156614
vn -1.000000 -0.000000 -0.000000
vn -0.571754 -0.711804 0.407961
vn -0.571754 -0.336068 0.748435
vn -0.571754 -0.336068 0.748435
vn -0.571754 -0.711804 0.407961
vn 0.571754 -0.607954 0.550899
vn 0.571754 -0.168034 0.803033
vn 0.983632 -0.007085 0.180051
vn 0.983632 -0.007085 0.180051
vn 0.983632 -0.007085 0.180051
vn 0.921225 -0.353355 -0.162742
vn -0.805885 -0.581523 0.111270
vn 0.000000 -1.000000 0.000000
vn -0.648526 -0.581522 -0.491168
vn -0.111270 -0.581523 -0.805885
vn -1.000000 -0.000000 0.000000
vn -0.996159 -0.027057 0.083274
vn -0.996159 0.027057 0.083274
vn 0.133213 0.950294 0.281417
vn -1.000000 -0.000000 -0.000000
vn -0.571754 -0.336068 0.748435
vn -0.571754 0.168034 0.803033
vn -0.571754 0.168034 0.803033
vn -0.571754 -0.336068 0.748435
vn 0.571754 -0.168034 0.803033
vn 0.329046 0.386817 0.861453
vn 0.931127 -0.336646 -0.140260
vn 0.917749 -0.364166 -0.158492
vn 0.908491 -0.380597 -0.172598
vn 0.972390 -0.167742 -0.162235
vn 0.136773 0.000000 -0.990602
vn -0.603749 0.000000 -0.797175
vn 0.571754 -0.168034 0.803033
vn 0.571754 -0.607953 0.550899
vn -1.000000 -0.000000 0.000000
vn -0.996159 0.027057 0.083274
vn -0.996159 0.070837 0.051466
vn -0.929196 -0.342080 -0.139916
vn -1.000000 -0.000000 -0.000000
vn -0.571754 0.168034 0.803033
vn -0.571754 0.607954 0.550899
vn -0.571754 0.607954 0.550899
vn -0.571754 0.168034 0.803033
vn 0.329046 0.386817 0.861453
vn 0.941267 0.292957 0.167905
vn -0.571754 -0.815655 -0.088341
vn -0.571754 -0.607954 -0.550899
vn 0.571754 -0.711804 -0.407961
vn 0.571754 -0.815655 0.088341
vn -0.571754 -0.711804 0.407961
vn -0.571754 -0.336069 0.748435
vn 0.571754 -0.607953 0.550899
vn 0.571754 -0.815655 0.088341
vn -1.000000 -0.000000 0.000000
vn -0.996159 0.070837 0.051466
vn -0.996159 0.087560 0.000000
vn -0.933072 -0.330593 -0.141718
vn -1.000000 -0.000000 -0.000000
vn -0.571754 0.607954 0.550899
vn -0.571754 0.815655 0.088341
vn -0.571754 0.815655 0.088341
vn -0.571754 0.607954 0.550899
vn 0.941267 0.292957 0.167905
vn 0.329046 0.938824 -0.101681
vn -1.000000 -0.000000 -0.000000
vn -0.998358 0.017701 0.054477
vn -0.998358 0.046341 0.033668
vn -0.571754 -0.815655 -0.088341
vn -0.571754 -0.711804 0.407961
vn -0.491168 -0.581522 0.648526
vn -0.805885 -0.581523 0.111270
vn -1.000000 -0.000000 -0.000000
vn -0.998043 0.062530 -0.000000
vn -0.998043 0.050588 -0.036754
vn -1.000000 -0.000000 0.000000
vn -0.677869 0.082391 0.730551
vn -0.571754 0.815655 0.088341
vn -0.571754 0.711804 -0.407961
vn -0.571754 0.711804 -0.407961
vn -0.571754 0.815655 0.088341
vn 0.329046 0.938824 -0.101681
vn 0.571754 0.607953 -0.550899
vn -1.000000 0.000000 0.000000
vn -0.999976 0.003304 0.006123
vn -0.571754 0.336069 -0.748435
vn -0.571754 -0.168034 -0.803033
vn -0.990602 0.000000 -0.136774
vn -0.797175 0.000000 0.603748
vn -0.111270 -0.581523 -0.805885
vn -0.648526 -0.581522 -0.491168
vn -1.000000 -0.000000 -0.000000
vn -0.998043 0.050588 -0.036754
vn -0.998043 0.019323 -0.059470
vn -1.000000 -0.000000 0.000000
vn -0.990565 -0.016131 -0.136092
vn -0.571754 0.711804 -0.407961
vn -0.571754 0.336069 -0.748435
vn -0.571754 0.336069 -0.748435
vn -0.571754 0.711804 -0.407961
vn 0.571754 0.607953 -0.550899
vn 0.571754 0.168034 -0.803033
vn -1.000000 -0.000000 -0.000000
vn -0.998358 0.017701 -0.054477
vn -0.998358 -0.017701 -0.054477
vn 0.000000 -1.000000 0.000000
vn -0.805885 -0.581523 0.111270
vn -0.491168 -0.581522 0.648526
vn 0.000000 -1.000000 0.000000
vn -1.000000 -0.000000 -0.000000
vn -0.998043 0.019323 -0.059470
vn -0.998043 -0.019323 -0.059470
vn -1.000000 -0.000000 0.000000
vn -0.933072 -0.330593 -0.141718
vn -0.571754 0.336069 -0.748435
vn -0.571754 -0.168034 -0.803033
vn -0.571754 -0.168034 -0.803033
vn -0.571754 0.336069 -0.748435
vn 0.571754 0.168034 -0.803033
vn 0.571754 -0.336068 -0.748435
vn 0.329046 0.386817 0.861453
vn 0.571754 -0.168034 0.803033
vn -0.571754 -0.336068 0.748435
vn -0.571754 0.168034 0.803033
vn -0.677869 0.082391 0.730551
vn -0.990565 -0.016131 -0.136092
vn -0.933072 -0.330593 -0.141718
vn -0.990565 -0.016131 -0.136092
vn -1.000000 -0.000000 -0.000000
vn -0.998043 -0.019323 -0.059470
vn -0.998043 -0.050588 -0.036754
vn -1.000000 -0.000000 0.000000
vn -0.929196 -0.342080 -0.139916
vn -0.571754 -0.168034 -0.803033
vn -0.571754 -0.607953 -0.550899
vn -0.571754 -0.607953 -0.550899
vn -0.571754 -0.168034 -0.803033
vn 0.571754 -0.336068 -0.748435
vn 0.571754 -0.711804 -0.407961
vn 0.392166 0.901275 0.184144
vn 0.392166 0.901275 0.184144
vn 0.399051 0.895402 0.197519
vn 0.385179 0.906913 0.170721
vn -0.000275 -0.042876 0.999080
vn -0.700527 -0.704764 0.112114
vn -0.994614 -0.005245 0.103512
vn 0.000000 0.000000 -1.000000
vn -1.000000 -0.000000 -0.000000
vn -0.998043 -0.050588 -0.036754
vn -0.998043 -0.062530 -0.000000
vn -1.000000 -0.000000 0.000000
vn -0.588440 0.759615 0.276989
vn -0.571754 -0.607953 -0.550899
vn -0.571754 -0.815655 -0.088341
vn -0.571754 -0.815655 -0.088341
vn -0.571754 -0.607953 -0.550899
vn 0.571754 -0.711804 -0.407961
vn 0.571754 -0.815655 0.088341
vn -0.571754 0.336069 -0.748435
vn -0.571754 0.711804 -0.407961
vn 0.571754 0.607953 -0.550899
vn 0.571754 0.168034 -0.803033
vn -0.998358 0.046341 0.033669
vn -0.998358 0.017701 0.054477
vn -1.000000 -0.000000 0.000000
vn -0.571754 0.607954 0.550899
vn -1.000000 -0.000000 -0.000000
vn -0.998043 -0.062530 -0.000000
vn -0.998043 -0.050588 0.036754
vn -0.960304 0.115745 0.253809
vn -1.000000 -0.000000 0.000000
vn -0.571754 -0.815655 -0.088341
vn -0.571754 -0.711804 0.407961
vn -0.571754 -0.711804 0.407961
vn -0.571754 -0.815655 -0.088341
vn 0.571754 -0.815655 0.088341
vn 0.571754 -0.607954 0.550899
vn -0.980856 -0.194732 -0.001331
vn -1.000000 0.000000 0.000000
vn -0.571754 0.711804 -0.407961
vn -0.571754 0.336069 -0.748435
vn -0.571754 0.168034 0.803033
vn -1.000000 0.000000 0.000000
vn 0.135478 0.981221 -0.137298
vn 0.941267 0.292957 0.167905
vn -1.000000 -0.000000 -0.000000
vn -0.998043 -0.050588 0.036754
vn -0.998043 -0.019323 0.059470
vn -0.994614 -0.005245 0.103512
vn -1.000000 -0.000000 0.000000
vn -0.571754 -0.711804 0.407961
vn -0.571754 -0.336068 0.748435
vn -0.571754 -0.336068 0.748435
vn -0.571754 -0.711804 0.407961
vn 0.571754 -0.607954 0.550899
vn 0.571754 -0.168034 0.803033
vn -1.000000 -0.000000 -0.000000
vn -0.998358 0.046341 -0.033669
vn -0.998358 0.017701 -0.054477
vn 0.329046 0.386817 0.861453
vn -0.571754 0.168034 0.803033
vn -0.571754 0.607954 0.550899
vn -0.998358 -0.046341 0.033668
vn -1.000000 -0.000000 -0.000000
vn -0.998043 -0.019323 0.059470
vn -0.998043 0.019323 0.059470
vn -0.922972 -0.349419 -0.161335
vn -1.000000 -0.000000 0.000000
vn -0.571754 -0.336068 0.748435
vn -0.571754 0.168034 0.803033
vn -0.571754 0.168034 0.803033
vn -0.571754 -0.336068 0.748435
vn 0.571754 -0.168034 0.803033
vn 0.329046 0.386817 0.861453
vn 0.392166 0.901275 0.184144
vn 0.392166 0.901275 0.184144
vn -0.551014 0.745989 0.374011
vn -0.556940 0.764136 0.325444
vn -0.998358 -0.057280 -0.000000
vn -1.000000 -0.000000 -0.000000
vn 0.000000 0.000000 -1.000000
vn 0.000000 0.000000 -1.000000
vn -1.000000 -0.000000 -0.000000
vn -0.998043 0.019323 0.059470
vn -0.998043 0.050588 0.036754
vn -0.111846 -0.692325 0.712865
vn -1.000000 -0.000000 0.000000
vn -0.571754 0.168034 0.803033
vn -0.571754 0.607954 0.550899
vn -0.571754 0.607954 0.550899
vn -0.571754 0.168034 0.803033
vn 0.329046 0.386817 0.861453
vn 0.941267 0.292957 0.167905
vn -0.571754 -0.607954 -0.550899
vn -0.571754 -0.168034 -0.803033
vn 0.571754 -0.336068 -0.748435
vn 0.571754 -0.711804 -0.407961
vn -0.111846 -0.692325 0.712865
vn 0.388457 -0.581413 0.714884
vn -0.998358 0.057280 0.000000
vn -0.998358 0.046341 0.033669
vn -1.000000 -0.000000 -0.000000
vn -0.998043 0.050588 0.036754
vn -0.998043 0.062530 -0.000000
vn 0.388457 -0.581413 0.714884
vn -1.000000 -0.000000 0.000000
vn -0.571754 0.607954 0.550899
vn -0.571754 0.815655 0.088341
vn -0.571754 0.815655 0.088341
vn -0.571754 0.607954 0.550899
vn 0.941267 0.292957 0.167905
vn 0.329046 0.938824 -0.101681
vn -1.000000 0.000000 0.000000
vn -0.980856 -0.194732 -0.001331
vn -0.571754 -0.168034 -0.803033
vn -0.571754 -0.607954 -0.550899
vn -1.000000 -0.000000 0.000000
vn -0.571754 0.815655 0.088341
vn -0.571754 0.607954 0.550899
vn -1.000000 0.000000 0.000000
vn 0.996183 0.070619 -0.051308
vn 0.996183 0.087290 -0.000000
vn 1.000000 -0.000000 -0.000000
vn 0.571754 0.607953 -0.550899
vn 0.571754 0.815655 -0.088341
vn 1.000000 0.000000 0.000000
vn -0.979120 -0.146014 -0.141432
vn -0.329046 0.819291 -0.469565
vn -0.941267 0.335699 0.036358
vn 0.571754 0.815655 -0.088341
vn 0.571754 0.607953 -0.550899
vn -1.000000 -0.000000 -0.000000
vn -0.998358 -0.017701 -0.054477
vn -0.998358 -0.046341 -0.033668
vn -0.998624 -0.048350 -0.020326
vn 0.329046 0.938824 -0.101681
vn 0.941267 0.292957 0.167905
vn -0.571754 0.607954 0.550899
vn 0.996183 0.026974 -0.083018
vn 0.996183 0.070619 -0.051308
vn 1.000000 -0.000000 -0.000000
vn 0.571754 0.168034 -0.803033
vn 0.571754 0.607953 -0.550899
vn 1.000000 0.000000 0.000000
vn 0.673550 -0.147934 0.724186
vn -0.571754 0.336069 -0.748435
vn -0.329046 0.819291 -0.469565
vn 0.571754 0.607953 -0.550899
vn 0.571754 0.168034 -0.803033
vn -0.571754 0.815655 0.088341
vn -0.000275 -0.042876 0.999080
vn 0.581647 -0.784661 0.214461
vn -0.994027 0.041023 0.101129
vn 0.000777 -0.996968 -0.077815
vn -0.998510 0.043121 0.033444
vn -0.958389 -0.255015 -0.128285
vn -0.936694 0.349700 0.017742
vn 0.996183 -0.026974 -0.083018
vn 0.996183 0.026974 -0.083018
vn 1.000000 -0.000000 -0.000000
vn 0.571754 -0.336068 -0.748435
vn 0.571754 0.168034 -0.803033
vn 1.000000 0.000000 0.000000
vn 0.977206 0.124927 0.171645
vn -0.571754 -0.168034 -0.803033
vn -0.571754 0.336069 -0.748435
vn 0.571754 0.168034 -0.803033
vn 0.571754 -0.336068 -0.748435
vn -0.551014 0.745989 0.374011
vn -0.543588 0.725810 0.421559
vn 0.999579 -0.014484 0.025127
vn 0.999579 -0.014484 0.025127
vn 0.082273 -0.962886 -0.257063
vn 1.000000 -0.000000 0.000000
vn 0.994826 0.101589 0.000000
vn 0.994826 0.082188 -0.059713
vn 0.996183 -0.070619 -0.051308
vn 0.996183 -0.026974 -0.083018
vn 1.000000 -0.000000 -0.000000
vn 0.571754 -0.711804 -0.407961
vn 0.571754 -0.336068 -0.748435
vn 1.000000 0.000000 0.000000
vn 0.781201 -0.602836 0.162216
vn -0.571754 -0.607953 -0.550899
vn -0.571754 -0.168034 -0.803033
vn 0.571754 -0.336068 -0.748435
vn 0.571754 -0.711804 -0.407961
vn -0.571754 -0.168034 -0.803033
vn -0.571754 0.336069 -0.748435
vn 0.571754 0.168034 -0.803033
vn 0.571754 -0.336068 -0.748435
vn 1.000000 0.000000 0.000000
vn -0.998853 -0.047556 0.005554
vn 0.571754 0.815655 -0.088341
vn 0.571754 0.607954 -0.550899
vn 0.996183 -0.087290 -0.000000
vn 0.996183 -0.070619 -0.051308
vn 1.000000 -0.000000 -0.000000
vn 0.571754 -0.815655 0.088341
vn 0.571754 -0.711804 -0.407961
vn 1.000000 0.000000 0.000000
vn -0.111846 -0.692325 0.712865
vn -0.571754 -0.815655 -0.088341
vn -0.571754 -0.607953 -0.550899
vn 0.571754 -0.711804 -0.407961
vn 0.571754 -0.815655 0.088341
vn 0.571754 0.607954 -0.550899
vn 0.571754 0.815655 -0.088341
vn -0.941267 0.335699 0.036358
vn -0.329046 0.819291 -0.469565
vn -0.937617 -0.334948 -0.093190
vn -0.947635 -0.305414 -0.093324
vn -0.945106 -0.313466 -0.092274
vn -0.111721 -0.692275 0.712933
vn 0.996183 -0.070619 0.051308
vn 0.996183 -0.087290 -0.000000
vn 1.000000 -0.000000 -0.000000
vn 0.571754 -0.607954 0.550899
vn 0.571754 -0.815655 0.088341
vn 0.133560 -0.978588 0.156614
vn 1.000000 0.000000 0.000000
vn -0.571754 -0.711804 0.407961
vn -0.571754 -0.815655 -0.088341
vn 0.571754 -0.815655 0.088341
vn 0.571754 -0.607954 0.550899
vn 0.999869 -0.014469 0.007212
vn 0.999869 -0.014469 0.007212
vn 0.999869 -0.014469 0.007212
vn 0.999869 -0.014469 0.007211
vn 0.000000 -0.000000 -1.000000
vn 0.622687 0.739039 -0.257063
vn 0.000000 0.000000 -1.000000
vn 0.000000 0.000000 -1.000000
vn 0.996183 -0.026974 0.083017
vn 0.996183 -0.070619 0.051308
vn 1.000000 -0.000000 -0.000000
vn 0.571754 -0.168034 0.803033
vn 0.571754 -0.607954 0.550899
vn -0.590499 -0.791458 0.157816
vn 1.000000 0.000000 0.000000
vn -0.571754 -0.336068 0.748435
vn -0.571754 -0.711804 0.407961
vn 0.571754 -0.607954 0.550899
vn 0.571754 -0.168034 0.803033
vn -0.571754 0.711804 -0.407961
vn -0.571754 0.815655 0.088341
vn 0.329046 0.938824 -0.101681
vn 0.571754 0.607953 -0.550899
vn 0.702194 0.703221 -0.111371
vn -0.912393 -0.408535 0.025252
vn -0.841151 -0.540344 0.022196
vn -0.746411 -0.665191 0.019778
vn 0.996183 0.026974 0.083017
vn 0.996183 -0.026974 0.083017
vn 1.000000 -0.000000 -0.000000
vn 0.571754 0.336069 0.748435
vn 0.571754 -0.168034 0.803033
vn 0.776709 0.572023 0.263652
vn 1.000000 0.000000 0.000000
vn -0.571754 0.168034 0.803033
vn -0.571754 -0.336068 0.748435
vn 0.571754 -0.168034 0.803033
vn 0.571754 0.336069 0.748435
vn -1.000000 0.000000 0.000000
vn -0.999976 0.003304 0.006123
vn -0.571754 0.815655 0.088341
vn -0.571754 0.711804 -0.407961
vn 0.774705 0.570207 0.273306
vn 0.707335 0.698896 0.105935
vn 0.000947 0.995080 0.099073
vn -0.746411 -0.665191 0.019778
vn 0.996183 0.070619 0.051308
vn 0.996183 0.026974 0.083017
vn 1.000000 -0.000000 -0.000000
vn 0.571754 0.711804 0.407961
vn 0.571754 0.336069 0.748435
vn 0.133213 0.950294 0.281417
vn 1.000000 0.000000 0.000000
vn -0.329046 0.699758 0.634088
vn -0.571754 0.168034 0.803033
vn 0.571754 0.336069 0.748435
vn 0.571754 0.711804 0.407961
vn -1.000000 -0.000000 -0.000000
vn -0.998358 0.057280 -0.000000
vn -0.998358 0.046341 -0.033669
vn -0.841151 -0.540344 0.022196
vn -0.633300 -0.773676 0.018885
vn -0.625173 -0.780141 0.023197
vn 0.133591 -0.978604 0.156487
vn 0.996183 0.087290 -0.000000
vn 0.996183 0.070619 0.051308
vn 1.000000 -0.000000 -0.000000
vn 0.571754 0.815655 -0.088341
vn 0.571754 0.711804 0.407961
vn 0.001185 0.994970 0.100169
vn 1.000000 0.000000 0.000000
vn -0.941267 0.335699 0.036358
vn -0.329046 0.699758 0.634088
vn 0.571754 0.711804 0.407961
vn 0.571754 0.815655 -0.088341
vn -0.491168 -0.581522 0.648526
vn -0.805885 -0.581523 0.111270
vn 0.000000 -1.000000 0.000000
vn 0.000275 -0.042876 0.999080
vn -0.549976 -0.423804 0.719665
vn -0.550955 -0.819860 -0.155813
vn -0.570638 -0.806038 -0.157086
vn 0.996183 0.070619 -0.051308
vn 0.996183 0.087290 0.000000
vn 1.000000 -0.000000 0.000000
vn 0.571754 0.607953 -0.550899
vn 0.571754 0.815655 -0.088341
vn 1.000000 0.000000 0.000000
vn 0.000000 0.000000 -1.000000
vn -0.329046 0.819291 -0.469565
vn -0.941267 0.335699 0.036358
vn 0.571754 0.815655 -0.088341
vn 0.571754 0.607953 -0.550899
vn -0.805885 -0.581523 0.111270
vn -0.491168 -0.581522 0.648526
vn -0.797175 0.000000 0.603749
vn -0.990602 0.000000 -0.136774
vn -0.543199 -0.824808 -0.156928
vn -0.912393 -0.408535 0.025252
vn -0.907743 -0.418424 0.030414
vn -0.841151 -0.540344 0.022196
vn 0.996183 0.026974 -0.083017
vn 0.996183 0.070619 -0.051308
vn 1.000000 -0.000000 0.000000
vn 0.571754 0.168034 -0.803033
vn 0.571754 0.607953 -0.550899
vn 1.000000 0.000000 0.000000
vn 0.000000 0.000000 -1.000000
vn -0.571754 0.336069 -0.748435
vn -0.329046 0.819291 -0.469565
vn 0.571754 0.607953 -0.550899
vn 0.571754 0.168034 -0.803033
vn 0.111269 -0.581523 0.805885
vn -0.491168 -0.581522 0.648526
vn 0.000000 -1.000000 0.000000
vn 0.706072 -0.705869 -0.056669
vn 0.603738 -0.797129 0.009250
vn 0.996879 0.060836 0.050312
vn 0.832771 0.509139 0.217416
vn 0.996183 -0.026974 -0.083017
vn 0.996183 0.026974 -0.083017
vn 1.000000 -0.000000 0.000000
vn 0.571754 -0.336068 -0.748435
vn 0.571754 0.168034 -0.803033
vn 1.000000 0.000000 0.000000
vn 0.000000 -0.000000 -1.000000
vn -0.571754 -0.168034 -0.803033
vn -0.571754 0.336069 -0.748435
vn 0.571754 0.168034 -0.803033
vn 0.571754 -0.336068 -0.748435
vn -0.491168 -0.581522 0.648526
vn 0.111269 -0.581523 0.805885
vn -0.136774 0.000000 0.990602
vn -0.797175 0.000000 0.603749
vn -0.891608 -0.398996 -0.214098
vn -0.963564 -0.236645 -0.124674
vn -0.963270 -0.250368 -0.097097
vn 0.962527 -0.236569 -0.132581
vn 0.996183 -0.070619 -0.051308
vn 0.996183 -0.026974 -0.083017
vn 1.000000 -0.000000 0.000000
vn 0.571754 -0.711804 -0.407961
vn 0.571754 -0.336068 -0.748435
vn 1.000000 0.000000 0.000000
vn 0.622940 0.739273 -0.255774
vn -0.571754 -0.607953 -0.550899
vn -0.571754 -0.168034 -0.803033
vn 0.571754 -0.336068 -0.748435
vn 0.571754 -0.711804 -0.407961
vn 0.648527 -0.581523 0.491167
vn 0.111269 -0.581523 0.805885
vn 0.000000 -1.000000 0.000000
vn 0.936011 -0.315935 -0.155138
vn 0.673550 -0.147934 0.724186
vn 0.388457 -0.581413 0.714884
vn 0.388457 -0.581413 0.714884
vn 0.996183 -0.087290 0.000000
vn 0.996183 -0.070619 -0.051308
vn 1.000000 -0.000000 0.000000
vn 0.571754 -0.815655 0.088341
vn 0.571754 -0.711804 -0.407961
vn 1.000000 0.000000 0.000000
vn -0.082260 0.963230 -0.255774
vn -0.571754 -0.815655 -0.088341
vn -0.571754 -0.607953 -0.550899
vn 0.571754 -0.711804 -0.407961
vn 0.571754 -0.815655 0.088341
vn 0.111269 -0.581523 0.805885
vn 0.648527 -0.581523 0.491167
vn 0.603749 0.000000 0.797175
vn -0.136774 0.000000 0.990602
vn -0.705951 0.701244 0.099447
vn -0.703175 0.703295 -0.104503
vn -0.995711 -0.000657 -0.092516
vn -0.978099 -0.134711 -0.158669
vn 0.996183 -0.070619 0.051308
vn 0.996183 -0.087290 0.000000
vn 1.000000 -0.000000 0.000000
vn 0.571754 -0.607954 0.550899
vn 0.571754 -0.815655 0.088341
vn -0.000275 -0.042876 0.999080
vn 1.000000 0.000000 0.000000
vn -0.571754 -0.711804 0.407961
vn -0.571754 -0.815655 -0.088341
vn 0.571754 -0.815655 0.088341
vn 0.571754 -0.607954 0.550899
vn 0.805885 -0.581522 -0.111269
vn 0.648527 -0.581523 0.491167
vn 0.000000 -1.000000 0.000000
vn -0.789061 0.597941 -0.140885
vn 0.000000 0.000000 -1.000000
vn -0.002372 -0.992944 0.118563
vn -0.704120 -0.705493 -0.080588
vn 0.996183 -0.026974 0.083017
vn 0.996183 -0.070619 0.051308
vn 1.000000 -0.000000 0.000000
vn 0.571754 -0.168034 0.803033
vn 0.571754 -0.607954 0.550899
vn 0.707460 0.699116 0.103621
vn 1.000000 0.000000 0.000000
vn -0.571754 -0.336068 0.748435
vn -0.571754 -0.711804 0.407961
vn 0.571754 -0.607954 0.550899
vn 0.571754 -0.168034 0.803033
vn 0.648527 -0.581523 0.491167
vn 0.805885 -0.581522 -0.111269
vn 0.990602 0.000000 0.136773
vn 0.603749 0.000000 0.797175
vn -0.995711 -0.000657 -0.092516
vn 0.996143 0.000075 -0.087749
vn 0.701849 0.702358 -0.118751
vn 0.593858 0.782866 -0.185615
vn 0.996183 0.026974 0.083017
vn 0.996183 -0.026974 0.083017
vn 1.000000 -0.000000 0.000000
vn 0.571754 0.336069 0.748435
vn 0.571754 -0.168034 0.803033
vn 0.702384 0.703361 -0.109272
vn 1.000000 0.000000 0.000000
vn -0.571754 0.168034 0.803033
vn -0.571754 -0.336068 0.748435
vn 0.571754 -0.168034 0.803033
vn 0.571754 0.336069 0.748435
vn 0.999475 0.001432 0.032366
vn 0.999475 0.001432 0.032366
vn 0.999475 0.001433 0.032366
vn 0.999475 0.001432 0.032366
vn -0.703109 0.701036 -0.119106
vn 0.136476 0.988446 -0.065940
vn -0.602902 0.795717 -0.057831
vn 0.000319 -0.999035 -0.043925
vn 0.996183 0.070619 0.051308
vn 0.996183 0.026974 0.083017
vn 1.000000 -0.000000 0.000000
vn 0.571754 0.711804 0.407961
vn 0.571754 0.336069 0.748435
vn 0.000099 0.993862 -0.110627
vn 1.000000 0.000000 0.000000
vn -0.329046 0.699758 0.634088
vn -0.571754 0.168034 0.803033
vn 0.571754 0.336069 0.748435
vn 0.571754 0.711804 0.407961
vn -0.571754 0.168034 0.803033
vn -0.571754 -0.336068 0.748435
vn 0.571754 -0.168034 0.803033
vn 0.329046 0.386817 0.861453
vn -0.797187 -0.603732 0.001099
vn -0.136753 -0.990452 0.017399
vn 0.978614 0.134220 -0.155881
vn 0.706072 -0.705869 -0.056669
vn 0.996183 0.087290 0.000000
vn 0.996183 0.070619 0.051308
vn 1.000000 -0.000000 0.000000
vn 0.571754 0.815655 -0.088341
vn 0.571754 0.711804 0.407961
vn -0.135574 0.982112 -0.130672
vn 1.000000 0.000000 0.000000
vn -0.941267 0.335699 0.036358
vn -0.329046 0.699758 0.634088
vn 0.571754 0.711804 0.407961
vn 0.571754 0.815655 -0.088341
vn -0.968692 -0.248243 -0.003296
vn -1.000000 0.000000 0.000000
vn -0.571754 -0.336068 0.748435
vn -0.571754 0.168034 0.803033
vn 0.996143 0.000075 -0.087749
vn -0.739039 0.622687 -0.257063
vn -0.962886 -0.082273 -0.257063
vn 0.000000 -0.000000 -1.000000
vn 0.797175 0.000000 -0.603749
vn 0.990602 0.000000 0.136774
vn 0.805885 -0.581523 -0.111269
vn 0.491167 -0.581523 -0.648527
vn 0.000000 -1.000000 0.000000
vn 0.491167 -0.581523 -0.648527
vn 0.805885 -0.581523 -0.111269
vn 0.136773 0.000000 -0.990602
vn 0.797175 0.000000 -0.603749
vn 0.491167 -0.581523 -0.648527
vn -0.111269 -0.581522 -0.805885
vn 0.000000 -1.000000 0.000000
vn -0.111269 -0.581522 -0.805885
vn 0.491167 -0.581523 -0.648527
vn -0.603747 0.000000 -0.797176
vn 0.136773 0.000000 -0.990602
vn -0.111269 -0.581522 -0.805885
vn -0.648526 -0.581523 -0.491168
vn 0.000000 -1.000000 0.000000
vn -0.648526 -0.581523 -0.491168
vn -0.111269 -0.581522 -0.805885
vn -0.990602 0.000000 -0.136773
vn -0.603747 0.000000 -0.797176
vn -0.648526 -0.581523 -0.491168
vn -0.805885 -0.581523 0.111270
vn 0.000000 -1.000000 0.000000
vn -0.805885 -0.581523 0.111270
vn -0.648526 -0.581523 -0.491168
vn -0.797175 0.000000 0.603748
vn -0.990602 0.000000 -0.136773
vn -0.805885 -0.581523 0.111270
vn -0.491168 -0.581522 0.648526
vn 0.000000 -1.000000 0.000000
vn -0.491168 -0.581522 0.648526
vn -0.805885 -0.581523 0.111270
vn -0.136774 0.000000 0.990602
vn -0.797175 0.000000 0.603748
vn -0.491168 -0.581522 0.648526
vn 0.111270 -0.581523 0.805885
vn 0.000000 -1.000000 0.000000
vn 0.111270 -0.581523 0.805885
vn -0.491168 -0.581522 0.648526
vn 0.603748 0.000000 0.797175
vn -0.136774 0.000000 0.990602
vn 0.111270 -0.581523 0.805885
vn 0.648526 -0.581522 0.491168
vn 0.000000 -1.000000 0.000000
vn 0.648526 -0.581522 0.491168
vn 0.111270 -0.581523 0.805885
vn 0.990602 0.000000 0.136774
vn 0.603748 0.000000 0.797175
vn 0.648526 -0.581522 0.491168
vn 0.805885 -0.581523 -0.111269
vn 0.000000 -1.000000 0.000000
vn 0.805885 -0.581523 -0.111269
vn 0.648526 -0.581522 0.491168
vn 0.996159 0.070837 -0.051466
vn 0.996159 0.087560 0.000000
vn 1.000000 -0.000000 0.000000
vn 0.571754 0.607953 -0.550899
vn 0.571754 0.815655 -0.088341
vn 1.000000 -0.000000 -0.000000
vn -0.970867 -0.239602 -0.003044
vn -0.329046 0.819291 -0.469565
vn -0.941267 0.335699 0.036358
vn 0.571754 0.815655 -0.088341
vn 0.571754 0.607953 -0.550899
vn -1.000000 -0.000000 -0.000000
vn -0.998358 -0.017701 0.054477
vn -0.998358 0.017701 0.054477
vn -0.797187 -0.603732 0.001099
vn -0.705463 -0.706443 -0.057092
vn -0.996093 -0.001250 -0.088299
vn 0.567900 0.370016 0.735240
vn 0.996159 0.027057 -0.083274
vn 0.996159 0.070837 -0.051466
vn 1.000000 -0.000000 0.000000
vn 0.571754 0.168034 -0.803033
vn 0.571754 0.607953 -0.550899
vn 1.000000 -0.000000 -0.000000
vn 0.995272 0.096565 -0.010395
vn -0.571754 0.336069 -0.748435
vn -0.329046 0.819291 -0.469565
vn 0.571754 0.607953 -0.550899
vn 0.571754 0.168034 -0.803033
vn 0.117837 0.659295 0.742593
vn 0.567900 0.370016 0.735240
vn 0.000275 -0.042876 0.999080
vn -0.135278 0.974194 0.180681
vn 0.598439 0.780979 0.178725
vn -0.947134 -0.299274 -0.115642
vn -0.958389 -0.255015 -0.128285
vn -0.874438 -0.432722 -0.219339
vn 0.996159 -0.027057 -0.083274
vn 0.996159 0.027057 -0.083274
vn 1.000000 -0.000000 0.000000
vn 0.571754 -0.336068 -0.748435
vn 0.571754 0.168034 -0.803033
vn 1.000000 -0.000000 -0.000000
vn 0.924787 0.380417 0.007241
vn -0.571754 -0.168034 -0.803033
vn -0.571754 0.336069 -0.748435
vn 0.571754 0.168034 -0.803033
vn 0.571754 -0.336068 -0.748435
vn 0.831185 0.511641 0.217614
vn 0.999957 -0.003416 0.008583
vn 0.996687 0.063302 0.051072
vn 0.959859 -0.249469 -0.128205
vn -0.993745 0.055129 0.097118
vn -0.995053 0.024984 0.096157
vn -0.994615 0.006026 0.103465
vn -0.994962 0.024429 0.097230
vn 0.996159 -0.070837 -0.051466
vn 0.996159 -0.027057 -0.083274
vn 1.000000 -0.000000 0.000000
vn 0.571754 -0.711804 -0.407961
vn 0.571754 -0.336068 -0.748435
vn 1.000000 -0.000000 -0.000000
vn -0.967192 -0.252593 -0.027128
vn -0.571754 -0.607953 -0.550899
vn -0.571754 -0.168034 -0.803033
vn 0.571754 -0.336068 -0.748435
vn 0.571754 -0.711804 -0.407961
vn -0.571754 -0.336068 0.748435
vn -0.571754 -0.711804 0.407961
vn 0.571754 -0.607954 0.550899
vn 0.571754 -0.168034 0.803033
vn -0.995053 0.024984 0.096157
vn -0.920424 -0.343177 -0.187217
vn -0.994050 -0.019565 0.107153
vn -0.994716 0.002442 0.102640
vn 0.996159 -0.087560 0.000000
vn 0.996159 -0.070837 -0.051466
vn 1.000000 -0.000000 0.000000
vn 0.571754 -0.815655 0.088341
vn 0.571754 -0.711804 -0.407961
vn 1.000000 -0.000000 -0.000000
vn 0.994570 0.041076 0.095615
vn -0.571754 -0.815655 -0.088341
vn -0.571754 -0.607953 -0.550899
vn 0.571754 -0.711804 -0.407961
vn 0.571754 -0.815655 0.088341
vn 0.136773 0.000000 -0.990602
vn 0.797176 0.000000 -0.603747
vn 0.491168 -0.581523 -0.648526
vn -0.111270 -0.581523 -0.805885
vn -0.994027 0.041023 0.101129
vn -0.993227 -0.042545 0.108118
vn -0.994050 -0.019565 0.107153
vn -0.994615 0.006026 0.103465
vn 0.996159 -0.070837 0.051466
vn 0.996159 -0.087560 0.000000
vn 1.000000 -0.000000 0.000000
vn 0.571754 -0.607954 0.550899
vn 0.571754 -0.815655 0.088341
vn -0.968692 -0.248243 -0.003296
vn 1.000000 -0.000000 -0.000000
vn -0.571754 -0.711804 0.407961
vn -0.571754 -0.815655 -0.088341
vn 0.571754 -0.815655 0.088341
vn 0.571754 -0.607954 0.550899
vn -0.136774 0.000000 0.990602
vn -0.797175 0.000000 0.603748
vn -0.491168 -0.581522 0.648526
vn 0.111269 -0.581523 0.805885
vn 0.978614 0.134220 -0.155881
vn 0.790913 -0.599630 -0.122065
vn -0.136753 -0.990452 0.017399
vn -0.994615 0.006026 0.103465
vn 0.996159 -0.027057 0.083274
vn 0.996159 -0.070837 0.051466
vn 1.000000 -0.000000 0.000000
vn 0.571754 -0.168034 0.803033
vn 0.571754 -0.607954 0.550899
vn -0.961622 -0.274079 -0.012803
vn 1.000000 -0.000000 -0.000000
vn -0.571754 -0.336068 0.748435
vn -0.571754 -0.711804 0.407961
vn 0.571754 -0.607954 0.550899
vn 0.571754 -0.168034 0.803033
vn 0.000000 -1.000000 0.000000
vn -0.111270 -0.581523 -0.805885
vn 0.491168 -0.581523 -0.648526
vn -0.994839 0.009017 0.101068
vn -0.789314 0.598089 -0.138829
vn -0.994050 -0.019565 0.107153
vn 0.891608 -0.398996 -0.214098
vn 0.996159 0.027057 0.083274
vn 0.996159 -0.027057 0.083274
vn 1.000000 -0.000000 0.000000
vn 0.571754 0.336069 0.748435
vn 0.571754 -0.168034 0.803033
vn 0.999016 -0.042343 -0.013217
vn 1.000000 -0.000000 -0.000000
vn -0.571754 0.168034 0.803033
vn -0.571754 -0.336068 0.748435
vn 0.571754 -0.168034 0.803033
vn 0.571754 0.336069 0.748435
vn 0.000000 -1.000000 0.000000
vn 0.111269 -0.581523 0.805885
vn -0.491168 -0.581522 0.648526
vn 0.943666 -0.291876 -0.155894
vn 0.000319 -0.999035 -0.043925
vn -0.705463 -0.706443 -0.057092
vn -0.990172 0.136581 -0.030086
vn 0.996159 0.070837 0.051466
vn 0.996159 0.027057 0.083274
vn 1.000000 -0.000000 0.000000
vn 0.571754 0.711804 0.407961
vn 0.571754 0.336069 0.748435
vn 0.981589 0.190771 0.009491
vn 1.000000 -0.000000 -0.000000
vn -0.329046 0.699758 0.634088
vn -0.571754 0.168034 0.803033
vn 0.571754 0.336069 0.748435
vn 0.571754 0.711804 0.407961
vn 0.797176 0.000000 -0.603747
vn 0.990602 0.000000 0.136773
vn 0.805885 -0.581522 -0.111269
vn 0.491168 -0.581523 -0.648526
vn -0.703372 0.703425 -0.102282
vn -0.995999 -0.000653 -0.089361
vn 0.000000 0.000000 -1.000000
vn -0.602902 0.795717 -0.057831
vn 0.996159 0.087560 0.000000
vn 0.996159 0.070837 0.051466
vn 1.000000 -0.000000 0.000000
vn 0.571754 0.815655 -0.088341
vn 0.571754 0.711804 0.407961
vn 0.995105 0.027181 0.095016
vn 1.000000 -0.000000 -0.000000
vn -0.941267 0.335699 0.036358
vn -0.329046 0.699758 0.634088
vn 0.571754 0.711804 0.407961
vn 0.571754 0.815655 -0.088341
vn 0.603749 0.000000 0.797175
vn -0.136774 0.000000 0.990602
vn 0.111269 -0.581523 0.805885
vn 0.648527 -0.581523 0.491167
vn -0.990172 0.136581 -0.030086
vn -0.996093 -0.001250 -0.088299
vn 0.963270 -0.250368 -0.097097
vn -0.994839 0.009017 0.101068
vn 0.998043 0.050588 -0.036754
vn 0.998043 0.062530 -0.000000
vn 1.000000 -0.000000 -0.000000
vn 0.571754 0.607953 -0.550899
vn 0.571754 0.815655 -0.088341
vn 1.000000 -0.000000 0.000000
vn 0.994926 0.024788 0.097513
vn -0.329046 0.819291 -0.469565
vn -0.941267 0.335699 0.036358
vn 0.571754 0.815655 -0.088341
vn 0.571754 0.607953 -0.550899
vn 0.000000 -1.000000 0.000000
vn 0.491168 -0.581523 -0.648526
vn 0.805885 -0.581522 -0.111269
vn -0.993745 0.055129 0.097118
vn 0.674237 -0.147921 0.723550
vn 0.388819 -0.581654 0.714492
vn 0.000275 -0.042876 0.999080
vn 0.998043 0.019323 -0.059470
vn 0.998043 0.050588 -0.036754
vn 1.000000 -0.000000 -0.000000
vn 0.571754 0.168034 -0.803033
vn 0.571754 0.607953 -0.550899
vn 1.000000 -0.000000 0.000000
vn 0.994430 -0.006167 0.105216
vn -0.571754 0.336069 -0.748435
vn -0.329046 0.819291 -0.469565
vn 0.571754 0.607953 -0.550899
vn 0.571754 0.168034 -0.803033
vn 0.000000 -1.000000 0.000000
vn 0.648527 -0.581523 0.491167
vn 0.111269 -0.581523 0.805885
vn 0.000000 0.000000 -1.000000
vn 0.000000 0.000000 -1.000000
vn 0.000000 0.000000 -1.000000
vn -0.994027 0.041023 0.101129
vn 0.998043 -0.019323 -0.059470
vn 0.998043 0.019323 -0.059470
vn 1.000000 -0.000000 -0.000000
vn 0.571754 -0.336068 -0.748435
vn 0.571754 0.168034 -0.803033
vn 1.000000 -0.000000 0.000000
vn 0.946042 -0.295100 -0.133870
vn -0.571754 -0.168034 -0.803033
vn -0.571754 0.336069 -0.748435
vn 0.571754 0.168034 -0.803033
vn 0.571754 -0.336068 -0.748435
vn 0.990602 0.000000 0.136773
vn 0.603749 0.000000 0.797175
vn 0.648527 -0.581523 0.491167
vn 0.805885 -0.581522 -0.111269
vn -0.993745 0.055129 0.097118
vn -0.403894 0.537198 0.740465
vn -0.993074 -0.043956 0.108959
vn -0.994716 0.002442 0.102640
vn 0.998043 -0.050588 -0.036754
vn 0.998043 -0.019323 -0.059470
vn 1.000000 -0.000000 -0.000000
vn 0.571754 -0.711804 -0.407961
vn 0.571754 -0.336068 -0.748435
vn 1.000000 -0.000000 0.000000
vn 0.932500 -0.322585 -0.162428
vn -0.571754 -0.607953 -0.550899
vn -0.571754 -0.168034 -0.803033
vn 0.571754 -0.336068 -0.748435
vn 0.571754 -0.711804 -0.407961
vn 0.000000 -1.000000 0.000000
vn 0.805885 -0.581522 -0.111269
vn 0.648527 -0.581523 0.491167
vn 0.567900 0.370016 0.735240
vn -0.990724 0.084490 0.106434
vn -0.994962 0.024429 0.097230
vn -0.002628 -0.992802 0.119738
vn 0.998043 -0.062530 -0.000000
vn 0.998043 -0.050588 -0.036754
vn 1.000000 -0.000000 -0.000000
vn 0.571754 -0.815655 0.088341
vn 0.571754 -0.711804 -0.407961
vn 1.000000 -0.000000 0.000000
vn 0.957201 -0.242584 -0.157854
vn -0.571754 -0.815655 -0.088341
vn -0.571754 -0.607953 -0.550899
vn 0.571754 -0.711804 -0.407961
vn 0.571754 -0.815655 0.088341
vn 0.957201 -0.242584 -0.157854
vn 0.932500 -0.322585 -0.162428
vn 0.921225 -0.353355 -0.162742
vn 0.979631 -0.034314 0.197855
vn 0.674237 -0.147921 0.723550
vn -0.995092 -0.005093 0.098825
vn -0.706288 0.701460 0.095455
vn -0.589613 0.761275 0.269847
vn 0.998043 -0.050588 0.036754
vn 0.998043 -0.062530 -0.000000
vn 1.000000 -0.000000 -0.000000
vn 0.571754 -0.607954 0.550899
vn 0.571754 -0.815655 0.088341
vn 0.497294 -0.863895 -0.079895
vn 1.000000 -0.000000 0.000000
vn -0.571754 -0.711804 0.407961
vn -0.571754 -0.815655 -0.088341
vn 0.571754 -0.815655 0.088341
vn 0.571754 -0.607954 0.550899
vn -0.963273 0.116965 0.241713
vn -0.978498 -0.134772 -0.156137
vn -0.677869 0.082391 0.730551
vn -0.770806 -0.599033 0.216835
vn -0.132394 -0.968793 0.209550
vn 0.977369 0.125011 0.170650
vn 0.781333 -0.602868 0.161459
vn 0.388819 -0.581654 0.714492
vn 0.998043 -0.019323 0.059470
vn 0.998043 -0.050588 0.036754
vn 1.000000 -0.000000 -0.000000
vn 0.571754 -0.168034 0.803033
vn 0.571754 -0.607954 0.550899
vn 0.829534 0.489058 -0.269623
vn 1.000000 -0.000000 0.000000
vn -0.571754 -0.336068 0.748435
vn -0.571754 -0.711804 0.407961
vn 0.571754 -0.607954 0.550899
vn 0.571754 -0.168034 0.803033
vn 0.999506 0.002191 0.031353
vn 0.999506 0.002191 0.031353
vn 0.999510 0.007252 0.030464
vn 0.999510 0.007252 0.030464
vn -0.700847 -0.704848 0.109560
vn -0.990454 0.094200 0.100636
vn -0.770806 -0.599033 0.216835
vn -0.594998 -0.785128 -0.171908
vn 0.998043 0.019323 0.059470
vn 0.998043 -0.019323 0.059470
vn 1.000000 -0.000000 -0.000000
vn 0.571754 0.336069 0.748435
vn 0.571754 -0.168034 0.803033
vn 0.994551 0.021500 0.102013
vn 1.000000 -0.000000 0.000000
vn -0.571754 0.168034 0.803033
vn -0.571754 -0.336068 0.748435
vn 0.571754 -0.168034 0.803033
vn 0.571754 0.336069 0.748435
vn 0.996687 0.063302 0.051072
vn 0.999957 -0.003416 0.008583
vn -0.777091 -0.629078 -0.019756
vn -0.785549 -0.618663 -0.013017
vn -0.978498 -0.134772 -0.156137
vn -0.995999 -0.000653 -0.089361
vn -0.704276 -0.705586 -0.078375
vn 0.000000 0.000000 -1.000000
vn 0.998043 0.050588 0.036754
vn 0.998043 0.019323 0.059470
vn 1.000000 -0.000000 -0.000000
vn 0.571754 0.711804 0.407961
vn 0.571754 0.336069 0.748435
vn 0.999699 -0.023191 0.008049
vn 1.000000 -0.000000 0.000000
vn -0.329046 0.699758 0.634088
vn -0.571754 0.168034 0.803033
vn 0.571754 0.336069 0.748435
vn 0.571754 0.711804 0.407961
vn -0.571754 0.711804 -0.407961
vn -0.571754 0.815655 0.088341
vn 0.329046 0.938824 -0.101681
vn 0.571754 0.607954 -0.550899
vn 0.000000 0.000000 -1.000000
vn 0.674237 -0.147921 0.723550
vn 0.000275 -0.042876 0.999080
vn 0.598439 0.780979 0.178725
vn 0.998043 0.062530 -0.000000
vn 0.998043 0.050588 0.036754
vn 1.000000 -0.000000 -0.000000
vn 0.571754 0.815655 -0.088341
vn 0.571754 0.711804 0.407961
vn 0.999851 -0.017169 -0.001677
vn 1.000000 -0.000000 0.000000
vn -0.941267 0.335699 0.036358
vn -0.329046 0.699758 0.634088
vn 0.571754 0.711804 0.407961
vn 0.571754 0.815655 -0.088341
vn -1.000000 0.000000 0.000000
vn 0.999791 -0.020180 0.003186
vn -0.571754 -0.607954 -0.550899
vn -0.571754 -0.815655 -0.088341
vn 0.977369 0.125011 0.170650
vn 0.674237 -0.147921 0.723550
vn 0.567900 0.370016 0.735240
vn 0.000000 0.000000 -1.000000
vn -1.000000 -0.000000 -0.000000
vn -0.996183 0.087290 -0.000000
vn -0.996183 0.070619 -0.051308
vn -1.000000 0.000000 0.000000
vn 0.994030 -0.004118 0.109028
vn -0.571754 0.815655 0.088341
vn -0.571754 0.711804 -0.407961
vn -0.571754 0.711804 -0.407961
vn -0.571754 0.815655 0.088341
vn 0.329046 0.938824 -0.101681
vn 0.571754 0.607953 -0.550899
vn -1.000000 -0.000000 -0.000000
vn -0.998358 -0.046341 -0.033668
vn -0.998358 -0.057280 -0.000000
vn 0.000000 0.000000 -1.000000
vn -0.962886 -0.082273 -0.257063
vn -0.622687 -0.739039 -0.257063
vn 0.000000 -0.000000 -1.000000
vn -1.000000 -0.000000 -0.000000
vn -0.996183 0.070619 -0.051308
vn -0.996183 0.026974 -0.083018
vn -1.000000 0.000000 0.000000
vn 0.994462 0.017759 0.103581
vn -0.571754 0.711804 -0.407961
vn -0.571754 0.336069 -0.748435
vn -0.571754 0.336069 -0.748435
vn -0.571754 0.711804 -0.407961
vn 0.571754 0.607953 -0.550899
vn 0.571754 0.168034 -0.803033
vn -1.000000 0.000000 0.000000
vn 0.994551 0.021500 0.102013
vn -0.571754 0.815655 0.088341
vn -0.571754 0.711804 -0.407961
vn 0.117837 0.659295 0.742593
vn -0.700847 -0.704848 0.109560
vn -0.995092 -0.005093 0.098825
vn -0.963273 0.116965 0.241713
vn -1.000000 -0.000000 -0.000000
vn -0.996183 0.026974 -0.083018
vn -0.996183 -0.026974 -0.083018
vn -1.000000 0.000000 0.000000
vn -0.959523 -0.281075 -0.017659
vn -0.571754 0.336069 -0.748435
vn -0.571754 -0.168034 -0.803033
vn -0.571754 -0.168034 -0.803033
vn -0.571754 0.336069 -0.748435
vn 0.571754 0.168034 -0.803033
vn 0.571754 -0.336068 -0.748435
vn -1.000000 -0.000000 0.000000
vn -0.998358 0.057280 0.000000
vn -0.998358 0.046341 -0.033668
vn 0.957471 -0.285685 -0.040414
vn 0.975545 -0.215522 -0.043155
vn 0.975545 -0.215522 -0.043155
vn -0.590413 -0.791410 0.158374
vn -1.000000 -0.000000 -0.000000
vn -0.996183 -0.026974 -0.083018
vn -0.996183 -0.070619 -0.051308
vn -1.000000 0.000000 0.000000
vn -0.952657 0.304044 -0.000929
vn -0.571754 -0.168034 -0.803033
vn -0.571754 -0.607954 -0.550899
vn -0.571754 -0.607954 -0.550899
vn -0.571754 -0.168034 -0.803033
vn 0.571754 -0.336068 -0.748435
vn 0.571754 -0.711804 -0.407961
vn -0.549976 -0.423804 0.719665
vn -0.111721 -0.692275 0.712933
vn 0.000000 -0.000000 -1.000000
vn -0.403519 0.536904 0.740883
vn 0.117837 0.659295 0.742593
vn 0.000000 -0.000000 -1.000000
vn -0.677172 0.082337 0.731204
vn -0.403519 0.536904 0.740883
vn -1.000000 -0.000000 -0.000000
vn -0.996183 -0.070619 -0.051308
vn -0.996183 -0.087290 -0.000000
vn -1.000000 0.000000 0.000000
vn 0.999143 -0.040083 0.010356
vn -0.571754 -0.607954 -0.550899
vn -0.571754 -0.815655 -0.088341
vn -0.571754 -0.815655 -0.088341
vn -0.571754 -0.607954 -0.550899
vn 0.571754 -0.711804 -0.407961
vn 0.571754 -0.815655 0.088341
vn 0.936008 -0.322011 -0.142122
vn -0.846888 0.493270 0.198656
vn -0.997958 0.051633 0.037593
vn -0.023374 0.922433 0.385450
vn 0.000275 -0.042876 0.999080
vn -0.999352 0.035628 0.005135
vn -0.999771 0.020461 0.006264
vn -0.999735 -0.003604 0.022731
vn -1.000000 -0.000000 -0.000000
vn -0.996183 -0.087290 -0.000000
vn -0.996183 -0.070619 0.051308
vn 0.978856 -0.153322 -0.135402
vn -1.000000 0.000000 0.000000
vn -0.571754 -0.815655 -0.088341
vn -0.571754 -0.711804 0.407961
vn -0.571754 -0.711804 0.407961
vn -0.571754 -0.815655 -0.088341
vn 0.571754 -0.815655 0.088341
vn 0.571754 -0.607954 0.550899
vn -0.571754 0.815655 0.088341
vn -0.571754 0.607954 0.550899
vn 0.941267 0.292957 0.167905
vn 0.329046 0.938824 -0.101681
vn -0.975374 -0.145151 0.166063
vn -0.789061 0.588766 0.175321
vn -0.403519 0.536904 0.740883
vn -0.998547 0.038474 0.037731
vn -1.000000 -0.000000 -0.000000
vn -0.996183 -0.070619 0.051308
vn -0.996183 -0.026974 0.083017
vn 0.999162 0.037778 0.015733
vn -1.000000 0.000000 0.000000
vn -0.571754 -0.711804 0.407961
vn -0.571754 -0.336068 0.748435
vn -0.571754 -0.336068 0.748435
vn -0.571754 -0.711804 0.407961
vn 0.571754 -0.607954 0.550899
vn 0.571754 -0.168034 0.803033
vn 0.998459 0.035174 0.042918
vn -1.000000 0.000000 0.000000
vn -0.571754 0.607954 0.550899
vn -0.571754 0.815655 0.088341
vn -0.985665 0.164684 0.036659
vn -0.999162 -0.009687 0.039777
vn -0.999021 0.012802 0.042358
vn -0.999352 0.035628 0.005135
vn -1.000000 -0.000000 -0.000000
vn -0.996183 -0.026974 0.083017
vn -0.996183 0.026974 0.083017
vn 0.999263 0.011418 0.036640
vn -1.000000 0.000000 0.000000
vn -0.571754 -0.336068 0.748435
vn -0.571754 0.168034 0.803033
vn -0.571754 0.168034 0.803033
vn -0.571754 -0.336068 0.748435
vn 0.571754 -0.168034 0.803033
vn 0.329046 0.386817 0.861453
vn -0.994327 0.106286 0.004200
vn -0.677172 0.082337 0.731204
vn 0.993406 -0.009003 0.114291
vn 0.696407 -0.707377 0.120974
vn -0.985665 0.164684 0.036659
vn -0.998547 0.038474 0.037731
vn 0.962886 0.082273 -0.257063
vn -0.994327 0.106286 0.004200
vn -1.000000 -0.000000 -0.000000
vn -0.996183 0.026974 0.083017
vn -0.996183 0.070619 0.051308
vn 0.999706 0.003669 0.023975
vn -1.000000 0.000000 0.000000
vn -0.571754 0.168034 0.803033
vn -0.571754 0.607954 0.550899
vn -0.571754 0.607954 0.550899
vn -0.571754 0.168034 0.803033
vn 0.329046 0.386817 0.861453
vn 0.941267 0.292957 0.167905
vn 0.941267 0.292957 0.167905
vn 0.329046 0.386817 0.861453
vn 0.571754 -0.168034 0.803033
vn 0.571754 -0.607954 0.550899
vn 0.571754 -0.815655 0.088341
vn 0.571754 -0.711804 -0.407961
vn 0.571754 -0.336068 -0.748435
vn 0.571754 0.168034 -0.803033
vn 0.571754 0.607953 -0.550899
vn 0.329046 0.938824 -0.101681
vn 0.000000 0.000000 -1.000000
vn 0.000000 0.000000 -1.000000
vn 0.580049 -0.783667 0.222281
vn 0.957206 -0.149239 0.247959
vn -1.000000 -0.000000 -0.000000
vn -0.996183 0.070619 0.051308
vn -0.996183 0.087290 -0.000000
vn 0.994430 -0.006167 0.105216
vn -1.000000 0.000000 0.000000
vn -0.571754 0.607954 0.550899
vn -0.571754 0.815655 0.088341
vn -0.571754 0.815655 0.088341
vn -0.571754 0.607954 0.550899
vn 0.941267 0.292957 0.167905
vn 0.329046 0.938824 -0.101681
vn 0.941267 0.292957 0.167905
vn 0.329046 0.386817 0.861453
vn 0.571754 -0.168034 0.803033
vn 0.571754 -0.607954 0.550899
vn 0.571754 -0.815655 0.088341
vn 0.571754 -0.711804 -0.407961
vn 0.571754 -0.336068 -0.748435
vn 0.571754 0.168034 -0.803033
vn 0.571754 0.607953 -0.550899
vn 0.329046 0.938824 -0.101681
vn 0.978989 0.135602 -0.152289
vn -0.999771 0.020461 0.006264
vn -0.999021 0.012802 0.042358
vn -0.999162 -0.009687 0.039777
vn -1.000000 -0.000000 -0.000000
vn -0.996183 0.087290 0.000000
vn -0.996183 0.070619 -0.051308
vn -1.000000 0.000000 0.000000
vn 0.994030 -0.004118 0.109028
vn -0.571754 0.815655 0.088341
vn -0.571754 0.711804 -0.407961
vn -0.571754 0.711804 -0.407961
vn -0.571754 0.815655 0.088341
vn 0.329046 0.938824 -0.101681
vn 0.571754 0.607953 -0.550899
vn -0.941267 0.335699 0.036358
vn -0.329046 0.819291 -0.469565
vn -0.571754 0.336069 -0.748435
vn -0.571754 -0.168034 -0.803033
vn -0.571754 -0.607953 -0.550899
vn -0.571754 -0.815655 -0.088341
vn -0.571754 -0.711804 0.407961
vn -0.571754 -0.336068 0.748435
vn -0.571754 0.168034 0.803033
vn -0.329046 0.699758 0.634088
vn 0.785784 -0.594870 -0.169329
vn 0.704987 -0.703609 -0.089043
vn 0.994647 0.001210 -0.103327
vn -0.999735 -0.003604 0.022731
vn -1.000000 -0.000000 -0.000000
vn -0.996183 0.070619 -0.051308
vn -0.996183 0.026974 -0.083017
vn -1.000000 0.000000 0.000000
vn 0.993239 -0.042432 0.108056
vn -0.571754 0.711804 -0.407961
vn -0.571754 0.336069 -0.748435
vn -0.571754 0.336069 -0.748435
vn -0.571754 0.711804 -0.407961
vn 0.571754 0.607953 -0.550899
vn 0.571754 0.168034 -0.803033
vn -0.941267 0.335699 0.036358
vn -0.329046 0.819291 -0.469565
vn -0.571754 0.336069 -0.748435
vn -0.571754 -0.168034 -0.803033
vn -0.571754 -0.607953 -0.550899
vn -0.571754 -0.815655 -0.088341
vn -0.571754 -0.711804 0.407961
vn -0.571754 -0.336068 0.748435
vn -0.571754 0.168034 0.803033
vn -0.329046 0.699758 0.634088
vn -0.975542 -0.145115 0.165102
vn 0.963652 -0.231074 -0.134090
vn 0.000000 -0.000000 -1.000000
vn -0.789161 0.588875 0.174502
vn -1.000000 -0.000000 -0.000000
vn -0.996183 0.026974 -0.083017
vn -0.996183 -0.026974 -0.083017
vn -1.000000 0.000000 0.000000
vn 0.993199 -0.040991 0.108977
vn -0.571754 0.336069 -0.748435
vn -0.571754 -0.168034 -0.803033
vn -0.571754 -0.168034 -0.803033
vn -0.571754 0.336069 -0.748435
vn 0.571754 0.168034 -0.803033
vn 0.571754 -0.336068 -0.748435
vn -0.941267 0.335699 0.036358
vn -0.329046 0.819291 -0.469565
vn -0.571754 0.336069 -0.748435
vn -0.571754 -0.168034 -0.803033
vn -0.571754 -0.607953 -0.550899
vn -0.571754 -0.815655 -0.088341
vn -0.571754 -0.711804 0.407961
vn -0.571754 -0.336068 0.748435
vn -0.571754 0.168034 0.803033
vn -0.329046 0.699758 0.634088
vn 0.960407 -0.148847 0.235504
vn 0.000000 0.000000 -1.000000
vn 0.000000 0.000000 -1.000000
vn 0.739039 -0.622687 -0.257063
vn -1.000000 -0.000000 -0.000000
vn -0.996183 -0.026974 -0.083017
vn -0.996183 -0.070619 -0.051308
vn -1.000000 0.000000 0.000000
vn 0.998449 -0.055173 0.007462
vn -0.571754 -0.168034 -0.803033
vn -0.571754 -0.607954 -0.550899
vn -0.571754 -0.607954 -0.550899
vn -0.571754 -0.168034 -0.803033
vn 0.571754 -0.336068 -0.748435
vn 0.571754 -0.711804 -0.407961
vn -0.941267 0.335699 0.036358
vn -0.329046 0.819291 -0.469565
vn -0.571754 0.336069 -0.748435
vn -0.571754 -0.168034 -0.803033
vn -0.571754 -0.607953 -0.550899
vn -0.571754 -0.815655 -0.088341
vn -0.571754 -0.711804 0.407961
vn -0.571754 -0.336068 0.748435
vn -0.571754 0.168034 0.803033
vn -0.329046 0.699758 0.634088
vn 0.785784 -0.594870 -0.169329
vn 0.134488 -0.974926 -0.177293
vn 0.000777 -0.996968 -0.077815
vn 0.000275 -0.042876 0.999080
vn -1.000000 -0.000000 -0.000000
vn -0.996183 -0.070619 -0.051308
vn -0.996183 -0.087290 0.000000
vn -1.000000 0.000000 0.000000
vn 0.999143 -0.040083 0.010356
vn -0.571754 -0.607954 -0.550899
vn -0.571754 -0.815655 -0.088341
vn -0.571754 -0.815655 -0.088341
vn -0.571754 -0.607954 -0.550899
vn 0.571754 -0.711804 -0.407961
vn 0.571754 -0.815655 0.088341
vn 0.941267 0.292957 0.167905
vn 0.329046 0.386817 0.861453
vn 0.571754 -0.168034 0.803033
vn 0.571754 -0.607954 0.550899
vn 0.571754 -0.815655 0.088341
vn 0.571754 -0.711804 -0.407961
vn 0.571754 -0.336068 -0.748435
vn 0.571754 0.168034 -0.803033
vn 0.571754 0.607953 -0.550899
vn 0.329046 0.938824 -0.101681
vn -0.789061 0.588766 0.175321
vn -0.135278 0.974194 0.180681
vn 0.704987 -0.703609 -0.089043
vn 0.000000 0.000000 -1.000000
vn -1.000000 -0.000000 -0.000000
vn -0.996183 -0.087290 0.000000
vn -0.996183 -0.070619 0.051308
vn 0.998698 -0.047074 -0.019649
vn -1.000000 0.000000 0.000000
vn -0.571754 -0.815655 -0.088341
vn -0.571754 -0.711804 0.407961
vn -0.571754 -0.711804 0.407961
vn -0.571754 -0.815655 -0.088341
vn 0.571754 -0.815655 0.088341
vn 0.571754 -0.607954 0.550899
vn 0.941267 0.292957 0.167905
vn 0.329046 0.386817 0.861453
vn 0.571754 -0.168034 0.803033
vn 0.571754 -0.607954 0.550899
vn 0.571754 -0.815655 0.088341
vn 0.571754 -0.711804 -0.407961
vn 0.571754 -0.336068 -0.748435
vn 0.571754 0.168034 -0.803033
vn 0.571754 0.607953 -0.550899
vn 0.329046 0.938824 -0.101681
vn 0.000000 0.000000 -1.000000
vn -0.999223 -0.023293 0.031800
vn 0.943666 -0.291876 -0.155894
vn 0.891608 -0.398996 -0.214098
vn -1.000000 -0.000000 -0.000000
vn -0.996183 -0.070619 0.051308
vn -0.996183 -0.026974 0.083017
vn -0.998003 -0.056317 -0.028598
vn -1.000000 0.000000 0.000000
vn -0.571754 -0.711804 0.407961
vn -0.571754 -0.336068 0.748435
vn -0.571754 -0.336068 0.748435
vn -0.571754 -0.711804 0.407961
vn 0.571754 -0.607954 0.550899
vn 0.571754 -0.168034 0.803033
vn -0.941267 0.335699 0.036358
vn -0.329046 0.819291 -0.469565
vn -0.571754 0.336069 -0.748435
vn -0.571754 -0.168034 -0.803033
vn -0.571754 -0.607953 -0.550899
vn -0.571754 -0.815655 -0.088341
vn -0.571754 -0.711804 0.407961
vn -0.571754 -0.336068 0.748435
vn -0.571754 0.168034 0.803033
vn -0.329046 0.699758 0.634088
vn -0.999735 -0.003604 0.022731
vn -0.999162 -0.009687 0.039777
vn -0.999022 -0.027776 0.034395
vn -0.994327 0.106286 0.004200
vn -1.000000 -0.000000 -0.000000
vn -0.996183 -0.026974 0.083017
vn -0.996183 0.026974 0.083017
vn -0.951509 0.307619 0.001366
vn -1.000000 0.000000 0.000000
vn -0.571754 -0.336068 0.748435
vn -0.571754 0.168034 0.803033
vn -0.571754 0.168034 0.803033
vn -0.571754 -0.336068 0.748435
vn 0.571754 -0.168034 0.803033
vn 0.329046 0.386817 0.861453
vn -0.941267 0.335699 0.036358
vn -0.329046 0.819291 -0.469565
vn -0.571754 0.336069 -0.748435
vn -0.571754 -0.168034 -0.803033
vn -0.571754 -0.607954 -0.550899
vn -0.571754 -0.815655 -0.088341
vn -0.571754 -0.711804 0.407961
vn -0.571754 -0.336068 0.748435
vn -0.571754 0.168034 0.803033
vn -0.329046 0.699758 0.634088
vn -0.937512 0.347546 0.016825
vn -0.985665 0.164684 0.036659
vn 0.117837 0.659295 0.742593
vn -0.403519 0.536904 0.740883
vn -1.000000 -0.000000 -0.000000
vn -0.996183 0.026974 0.083017
vn -0.996183 0.070619 0.051308
vn -0.999976 0.003304 0.006123
vn -1.000000 0.000000 0.000000
vn -0.571754 0.168034 0.803033
vn -0.571754 0.607953 0.550899
vn -0.571754 0.607953 0.550899
vn -0.571754 0.168034 0.803033
vn 0.329046 0.386817 0.861453
vn 0.941267 0.292957 0.167905
vn 0.941267 0.292957 0.167905
vn 0.329046 0.386817 0.861453
vn 0.571754 -0.168034 0.803033
vn 0.571754 -0.607954 0.550899
vn 0.571754 -0.815655 0.088341
vn 0.571754 -0.711804 -0.407961
vn 0.571754 -0.336069 -0.748435
vn 0.571754 0.168034 -0.803033
vn 0.571754 0.607954 -0.550899
vn 0.329046 0.938824 -0.101681
vn 0.696407 -0.707377 0.120974
vn -0.002628 -0.992802 0.119738
vn -0.132394 -0.968793 0.209550
vn 0.580049 -0.783667 0.222281
vn -1.000000 -0.000000 -0.000000
vn -0.996183 0.070619 0.051308
vn -0.996183 0.087290 0.000000
vn -0.998624 -0.048350 -0.020326
vn -1.000000 0.000000 0.000000
vn -0.571754 0.607953 0.550899
vn -0.571754 0.815655 0.088341
vn -0.571754 0.815655 0.088341
vn -0.571754 0.607953 0.550899
vn 0.941267 0.292957 0.167905
vn 0.329046 0.938824 -0.101681
vn 0.941267 0.292957 0.167905
vn 0.329046 0.386817 0.861453
vn 0.571754 -0.168034 0.803033
vn 0.571754 -0.607954 0.550899
vn 0.571754 -0.815655 0.088341
vn 0.571754 -0.711804 -0.407961
vn 0.571754 -0.336068 -0.748435
vn 0.571754 0.168034 -0.803033
vn 0.571754 0.607953 -0.550899
vn 0.329046 0.938824 -0.101681
vn 0.134488 -0.974926 -0.177293
vn -0.594998 -0.785128 -0.171908
vn -0.704276 -0.705586 -0.078375
vn 0.000000 0.000000 -1.000000
vn 0.000000 0.000000 -1.000000
vn 0.000000 0.000000 -1.000000
vn 0.000000 0.000000 -1.000000
vn -0.622687 -0.739039 -0.257063
vn 0.999869 -0.014469 0.007212
vn 0.999869 -0.014469 0.007212
vn -0.589232 0.760935 0.271629
vn -0.586293 0.761450 0.276504
vn -0.583651 0.766213 0.268829
vn -0.586293 0.761450 0.276504
vn -0.728078 0.651001 0.214711
vn -0.583651 0.766213 0.268829
vn -0.586293 0.761450 0.276504
vn -0.732485 0.644219 0.220108
vn -0.728078 0.651001 0.214711
vn -0.732485 0.644219 0.220108
vn -0.844456 0.516301 0.142572
vn -0.728078 0.651001 0.214711
vn -0.844456 0.516301 0.142572
vn -0.842151 0.519449 0.144759
vn -0.821334 0.533644 0.201579
vn 0.832771 0.509139 0.217416
vn 0.996879 0.060836 0.050312
vn 0.999961 -0.004170 0.007786
vn -0.151581 0.965925 -0.209791
vn -0.200574 -0.454464 -0.867890
vn -0.278656 0.503872 -0.817597
vn -0.128100 0.985623 -0.110168
vn 0.672841 0.012655 0.739679
vn 0.672949 0.011722 0.739596
vn 0.311906 0.832601 0.457702
vn 0.077942 0.973534 0.214842
vn 0.369482 -0.890852 0.264323
vn 0.672949 0.011722 0.739596
vn 0.672841 0.012655 0.739679
vn 0.323340 -0.924073 0.203816
vn 0.962527 -0.236569 -0.132581
vn 0.874438 -0.432722 -0.219339
vn 0.936011 -0.315935 -0.155138
vn -0.821334 0.533644 0.201579
vn -0.011782 0.924386 0.381276
vn 0.832771 0.509139 0.217416
vn -0.998288 0.051499 0.027727
vn -0.998873 0.042412 0.021285
vn 0.016512 -0.951608 -0.306870
vn -0.278656 0.503872 -0.817597
vn -0.200574 -0.454464 -0.867890
vn -0.021288 -0.911876 -0.409914
vn 0.999961 -0.004170 0.007786
vn 0.996879 0.060836 0.050312
vn -0.932273 -0.310866 -0.185012
vn -0.963564 -0.236645 -0.124674
vn -0.891608 -0.398996 -0.214098
vn 0.947423 -0.296937 -0.119238
vn 0.947423 -0.296937 -0.119238
vn 0.947423 -0.296937 -0.119238
vn 0.947423 -0.296937 -0.119238
vn 0.947423 -0.296937 -0.119238
vn 0.947423 -0.296937 -0.119238
vn 0.950525 -0.310171 -0.017222
vn 0.950525 -0.310171 -0.017222
vn 0.950525 -0.310171 -0.017222
vn 0.950525 -0.310171 -0.017222
vn 0.950525 -0.310171 -0.017222
vn 0.950525 -0.310171 -0.017222
vn 0.982815 -0.183751 -0.017584
vn 0.982815 -0.183751 -0.017584
vn 0.982794 -0.183890 -0.017361
vn 0.982837 -0.183613 -0.017807
vn 0.982815 -0.183751 -0.017584
vn 0.982815 -0.183751 -0.017584
vn 0.982815 -0.183752 -0.017585
vn 0.982815 -0.183752 -0.017585
vn 0.982794 -0.183890 -0.017362
vn 0.982837 -0.183614 -0.017807
vn 0.982815 -0.183752 -0.017585
vn 0.982815 -0.183752 -0.017585
vn 0.950525 -0.310171 -0.017222
vn 0.950525 -0.310171 -0.017222
vn 0.950525 -0.310171 -0.017222
vn 0.950525 -0.310171 -0.017222
vn 0.950525 -0.310171 -0.017222
vn 0.950525 -0.310171 -0.017222
vn 0.949945 -0.310123 -0.037800
vn 0.949945 -0.310123 -0.037800
vn 0.949945 -0.310123 -0.037800
vn 0.949945 -0.310123 -0.037800
vn 0.949945 -0.310123 -0.037800
vn 0.949945 -0.310123 -0.037800
vn 0.949945 -0.310123 -0.037800
vn 0.949945 -0.310123 -0.037800
vn 0.949945 -0.310123 -0.037800
vn 0.949945 -0.310122 -0.037800
vn 0.949945 -0.310123 -0.037800
vn 0.949945 -0.310123 -0.037800
vn 0.949945 -0.310123 -0.037800
vn 0.949945 -0.310123 -0.037800
vn 0.949945 -0.310123 -0.037800
vn 0.949945 -0.310122 -0.037800
vn 0.949945 -0.310123 -0.037800
vn 0.949945 -0.310123 -0.037800
vn 0.949945 -0.310123 -0.037800
vn 0.949945 -0.310123 -0.037800
vn 0.949945 -0.310123 -0.037800
vn 0.949945 -0.310122 -0.037800
vn 0.949945 -0.310123 -0.037800
vn 0.949945 -0.310123 -0.037800
vn 0.949945 -0.310122 -0.037800
vn 0.949945 -0.310122 -0.037800
vn 0.949945 -0.310123 -0.037800
vn 0.949945 -0.310122 -0.037801
vn 0.949945 -0.310122 -0.037800
vn 0.949945 -0.310122 -0.037800
vn 0.949945 -0.310123 -0.037800
vn 0.949945 -0.310123 -0.037800
vn 0.949945 -0.310122 -0.037801
vn 0.949945 -0.310123 -0.037800
vn 0.949945 -0.310123 -0.037800
vn 0.949945 -0.310123 -0.037800
vn 0.952852 -0.302077 -0.028696
vn 0.952852 -0.302077 -0.028696
vn 0.954238 -0.296636 -0.037920
vn 0.951355 -0.307482 -0.019468
vn 0.952852 -0.302077 -0.028696
vn 0.952852 -0.302077 -0.028696
vn 0.958562 -0.284268 -0.018745
vn 0.958562 -0.284268 -0.018745
vn 0.958586 -0.284176 -0.018900
vn 0.958538 -0.284359 -0.018590
vn 0.958562 -0.284268 -0.018745
vn 0.958562 -0.284268 -0.018745
vn 0.952558 -0.282340 -0.113650
vn 0.952558 -0.282340 -0.113650
vn 0.952558 -0.282340 -0.113650
vn 0.952558 -0.282340 -0.113650
vn 0.952558 -0.282340 -0.113650
vn 0.952558 -0.282340 -0.113650
vn 0.952558 -0.282341 -0.113650
vn 0.952558 -0.282341 -0.113650
vn 0.952558 -0.282340 -0.113650
vn 0.952558 -0.282341 -0.113649
vn 0.952558 -0.282341 -0.113650
vn 0.952558 -0.282341 -0.113650
vn 0.952559 -0.282340 -0.113650
vn 0.952559 -0.282340 -0.113650
vn 0.952558 -0.282341 -0.113649
vn 0.952559 -0.282340 -0.113650
vn 0.952559 -0.282340 -0.113650
vn 0.952559 -0.282340 -0.113650
vn 0.952558 -0.282340 -0.113650
vn 0.952558 -0.282340 -0.113650
vn 0.952558 -0.282341 -0.113650
vn 0.952558 -0.282340 -0.113650
vn 0.952558 -0.282340 -0.113650
vn 0.952558 -0.282340 -0.113650
vn 0.952558 -0.282341 -0.113650
vn 0.952558 -0.282341 -0.113650
vn 0.952558 -0.282340 -0.113650
vn 0.952558 -0.282341 -0.113650
vn 0.952558 -0.282341 -0.113650
vn 0.952558 -0.282341 -0.113650
vn 0.952559 -0.282340 -0.113650
vn 0.952559 -0.282340 -0.113650
vn 0.952559 -0.282340 -0.113650
vn 0.952558 -0.282340 -0.113650
vn 0.952559 -0.282340 -0.113650
vn 0.952559 -0.282340 -0.113650
vn 0.952558 -0.282341 -0.113650
vn 0.952558 -0.282341 -0.113650
vn 0.952558 -0.282341 -0.113650
vn 0.952558 -0.282340 -0.113650
vn 0.952558 -0.282341 -0.113650
vn 0.952558 -0.282341 -0.113650
vn 0.952558 -0.282340 -0.113650
vn 0.952558 -0.282340 -0.113650
vn 0.952558 -0.282340 -0.113650
vn 0.952558 -0.282340 -0.113650
vn 0.952558 -0.282340 -0.113650
vn 0.952558 -0.282340 -0.113650
vn 0.952558 -0.282340 -0.113650
vn 0.952558 -0.282340 -0.113650
vn 0.952558 -0.282340 -0.113650
vn 0.952558 -0.282341 -0.113650
vn 0.952558 -0.282340 -0.113650
vn 0.952558 -0.282340 -0.113650
vn 0.952558 -0.282340 -0.113650
vn 0.952558 -0.282340 -0.113650
vn 0.952558 -0.282341 -0.113650
vn 0.952558 -0.282340 -0.113650
vn 0.952558 -0.282340 -0.113650
vn 0.952558 -0.282340 -0.113650
vn 0.951909 -0.283752 -0.115564
vn 0.951909 -0.283752 -0.115564
vn 0.951781 -0.284982 -0.113567
vn 0.952031 -0.282519 -0.117561
vn 0.951909 -0.283752 -0.115564
vn 0.951909 -0.283752 -0.115564
vn 0.949670 -0.290811 -0.116432
vn 0.949670 -0.290811 -0.116432
vn 0.949459 -0.292723 -0.113317
vn 0.949868 -0.288894 -0.119545
vn 0.949670 -0.290811 -0.116432
vn 0.949670 -0.290811 -0.116432
vn 0.947603 -0.296600 -0.118648
vn 0.947603 -0.296600 -0.118648
vn 0.947561 -0.296979 -0.118029
vn 0.947644 -0.296220 -0.119266
vn 0.947603 -0.296600 -0.118648
vn 0.947603 -0.296600 -0.118648
vn 0.869745 0.293655 0.396624
vn 0.869745 0.293655 0.396624
vn 0.866924 0.283327 0.410084
vn 0.136029 -0.985208 -0.104222
vn 0.706072 -0.705869 -0.056669
vn -0.599474 -0.792358 -0.113137
vn 0.000319 -0.999035 -0.043925
vn -0.980241 -0.136242 -0.143405
vn -0.705463 -0.706443 -0.057092
vn -0.785055 0.593621 -0.176922
vn -0.996093 -0.001250 -0.088299
vn -0.134169 0.971737 -0.194232
vn -0.703109 0.701036 -0.119106
vn 0.593858 0.782866 -0.185615
vn -0.001018 0.991296 -0.131645
vn 0.978614 0.134220 -0.155881
vn 0.701849 0.702358 -0.118751
vn 0.790913 -0.599630 -0.122065
vn 0.996143 0.000075 -0.087749
vn 0.000319 -0.999035 -0.043925
vn 0.603738 -0.797129 0.009250
vn -0.705463 -0.706443 -0.057092
vn -0.136753 -0.990452 0.017399
vn -0.996093 -0.001250 -0.088299
vn -0.797187 -0.603732 0.001099
vn -0.703109 0.701036 -0.119106
vn -0.990172 0.136581 -0.030086
vn -0.001018 0.991296 -0.131645
vn -0.602902 0.795717 -0.057831
vn 0.701849 0.702358 -0.118751
vn 0.136476 0.988446 -0.065940
vn 0.996143 0.000075 -0.087749
vn 0.796314 0.602837 -0.049713
vn 0.706072 -0.705869 -0.056669
vn 0.990413 -0.136881 -0.018569
vn 0.994647 0.001210 -0.103327
vn 0.707335 0.698896 0.105935
vn 0.702194 0.703221 -0.111371
vn 0.000947 0.995080 0.099073
vn 0.000000 0.000000 -1.000000
vn 0.000000 0.000000 -1.000000
vn 0.133560 -0.978588 0.156614
vn 0.388457 -0.581413 0.714884
vn 0.001185 0.994970 0.100169
vn -0.588440 0.759615 0.276988
vn -0.135574 0.982112 -0.130672
vn -0.703175 0.703295 -0.104503
vn 0.000000 0.000000 -1.000000
vn 0.000000 0.000000 -1.000000
vn -0.590499 -0.791458 0.157816
vn -0.111846 -0.692325 0.712865
vn 0.707460 0.699116 0.103621
vn 0.133213 0.950294 0.281417
vn 0.598035 0.790119 -0.134410
vn 0.000099 0.993862 -0.110627
vn 0.000000 0.000000 -1.000000
vn 0.000000 0.000000 -1.000000
vn -0.975542 -0.145115 0.165102
vn -0.550420 -0.424075 0.719166
vn 0.993913 -0.008490 0.109842
vn 0.776709 0.572023 0.263652
vn 0.979375 0.135650 -0.149748
vn 0.702384 0.703361 -0.109272
vn 0.000000 0.000000 -1.000000
vn 0.000000 0.000000 -1.000000
vn 0.136029 -0.985207 -0.104222
vn 0.706072 -0.705869 -0.056669
vn -0.599474 -0.792358 -0.113137
vn 0.000319 -0.999035 -0.043925
vn -0.980241 -0.136242 -0.143405
vn -0.705463 -0.706443 -0.057092
vn -0.785055 0.593622 -0.176922
vn -0.996093 -0.001250 -0.088299
vn -0.134169 0.971737 -0.194232
vn -0.703109 0.701036 -0.119106
vn 0.593858 0.782866 -0.185615
vn -0.001018 0.991296 -0.131645
vn 0.978614 0.134220 -0.155881
vn 0.701849 0.702358 -0.118751
vn 0.790913 -0.599630 -0.122065
vn 0.996143 0.000075 -0.087749
vn 0.000319 -0.999035 -0.043925
vn 0.603738 -0.797129 0.009250
vn -0.705463 -0.706443 -0.057092
vn -0.136753 -0.990452 0.017399
vn -0.996093 -0.001250 -0.088299
vn -0.797187 -0.603732 0.001099
vn -0.703109 0.701036 -0.119106
vn -0.990172 0.136581 -0.030086
vn -0.001018 0.991296 -0.131645
vn -0.602902 0.795717 -0.057831
vn 0.701849 0.702358 -0.118751
vn 0.136476 0.988446 -0.065940
vn 0.996143 0.000075 -0.087749
vn 0.796314 0.602837 -0.049713
vn 0.706072 -0.705869 -0.056669
vn 0.990413 -0.136881 -0.018569
vn 0.994647 0.001210 -0.103327
vn 0.707335 0.698896 0.105935
vn 0.702194 0.703221 -0.111371
vn 0.000947 0.995080 0.099073
vn 0.000048 0.993869 -0.110568
vn -0.706288 0.701460 0.095455
vn -0.703372 0.703425 -0.102282
vn -0.995092 -0.005093 0.098825
vn -0.995999 -0.000653 -0.089361
vn -0.700847 -0.704848 0.109560
vn -0.704276 -0.705586 -0.078375
vn -0.002628 -0.992802 0.119738
vn 0.000778 -0.996968 -0.077815
vn 0.696407 -0.707377 0.120974
vn 0.704987 -0.703609 -0.089043
vn 0.993406 -0.009003 0.114291
vn -0.549976 -0.423804 0.719664
vn -0.975374 -0.145151 0.166063
vn 0.774705 0.570207 0.273306
vn 0.993406 -0.009003 0.114291
vn 0.702194 0.703221 -0.111371
vn 0.978989 0.135602 -0.152289
vn 0.000000 0.000000 -1.000000
vn 0.000000 0.000000 -1.000000
vn -0.111721 -0.692275 0.712933
vn -0.590413 -0.791410 0.158374
vn 0.132827 0.949863 0.283049
vn 0.707335 0.698896 0.105935
vn 0.000048 0.993869 -0.110568
vn 0.597877 0.789972 -0.135970
vn 0.000000 0.000000 -1.000000
vn 0.000000 0.000000 -1.000000
vn 0.388819 -0.581654 0.714492
vn 0.133591 -0.978604 0.156487
vn -0.589613 0.761275 0.269847
vn 0.000947 0.995080 0.099073
vn -0.703372 0.703425 -0.102282
vn -0.135624 0.982152 -0.130317
vn 0.000000 0.000000 -1.000000
vn 0.000000 0.000000 -1.000000
vn 0.674237 -0.147921 0.723550
vn 0.781333 -0.602868 0.161459
vn -0.963273 0.116965 0.241713
vn -0.706288 0.701460 0.095455
vn -0.995999 -0.000653 -0.089361
vn -0.789314 0.598089 -0.138829
vn 0.000000 0.000000 -1.000000
vn 0.000000 0.000000 -1.000000
vn 0.567900 0.370016 0.735240
vn 0.977369 0.125011 0.170650
vn -0.770806 -0.599033 0.216834
vn -0.995092 -0.005093 0.098825
vn -0.704276 -0.705586 -0.078375
vn -0.978498 -0.134772 -0.156137
vn 0.000000 0.000000 -1.000000
vn 0.000000 0.000000 -1.000000
vn 0.117837 0.659295 0.742593
vn 0.598438 0.780979 0.178725
vn 0.000778 -0.996968 -0.077815
vn -0.594998 -0.785128 -0.171908
vn 0.000000 0.000000 -1.000000
vn 0.000000 0.000000 -1.000000
vn -0.132395 -0.968793 0.209550
vn -0.700847 -0.704848 0.109560
vn -0.403519 0.536904 0.740883
vn -0.135278 0.974194 0.180681
vn 0.580049 -0.783667 0.222281
vn -0.002628 -0.992802 0.119738
vn 0.704987 -0.703609 -0.089043
vn 0.134488 -0.974926 -0.177293
vn 0.000000 0.000000 -1.000000
vn 0.000000 0.000000 -1.000000
vn -0.677172 0.082337 0.731204
vn -0.789061 0.588766 0.175321
vn 0.957206 -0.149239 0.247959
vn 0.696407 -0.707377 0.120974
vn 0.994647 0.001210 -0.103327
vn 0.785784 -0.594870 -0.169329
vn 0.000000 0.000000 -1.000000
vn 0.000000 0.000000 -1.000000
vn 0.999579 0.020560 0.020448
vn 0.963134 -0.241029 -0.119491
vn -0.994614 -0.005245 0.103512
vn -0.703175 0.703295 -0.104503
vn -0.705951 0.701244 0.099447
vn 0.000099 0.993862 -0.110627
vn 0.001185 0.994970 0.100169
vn 0.702384 0.703361 -0.109272
vn -0.958196 -0.260530 -0.118260
vn -0.999047 0.027554 0.033849
vn 0.707460 0.699116 0.103621
vn 0.994963 0.001181 -0.100234
vn 0.000000 0.000000 -1.000000
vn 0.000000 0.000000 -1.000000
vn 0.000000 0.000000 -1.000000
vn 0.000000 0.000000 -1.000000
vn 0.996143 0.000075 -0.087749
vn 0.790913 -0.599630 -0.122066
vn -0.999021 0.012802 0.042358
vn -0.985665 0.164684 0.036659
vn -0.998547 0.038474 0.037731
vn -0.994327 0.106286 0.004200
vn -0.941098 0.000011 0.338133
vn -0.931660 0.103848 0.348173
vn -0.700527 -0.704764 0.112114
vn -0.131842 -0.968480 0.211341
vn -0.594806 -0.784936 -0.173437
vn 0.000800 -0.996974 -0.077727
vn 0.000000 0.000000 -1.000000
vn 0.000000 0.000000 -1.000000
vn -0.994327 0.106286 0.004200
vn -0.999771 0.020461 0.006264
vn -0.880003 0.277910 0.385177
vn -0.908534 0.195158 0.369430
vn -0.999735 -0.003604 0.022731
vn -0.999021 0.012802 0.042358
vn 0.823632 0.547606 -0.147507
vn 0.000000 0.980967 -0.194173
vn -0.966540 0.255330 -0.024642
vn -0.903107 0.375321 0.208642
vn 0.986353 0.159795 -0.039678
vn 0.378710 0.837728 0.393435
vn 0.906523 0.373510 0.196739
vn 0.000000 0.865120 0.501565
vn 0.997170 -0.027085 -0.070129
vn 0.906523 0.373510 0.196739
vn -0.945571 -0.320789 -0.054683
vn -0.981583 0.190925 -0.006563
vn -0.999022 -0.027776 0.034395
vn -0.999162 -0.009687 0.039777
vn -0.985665 0.164684 0.036659
vn -0.936694 0.349700 0.017742
vn 0.999016 -0.042343 -0.013217
vn 0.999871 -0.012488 0.010063
vn -0.975266 -0.218706 -0.032017
vn -0.970867 -0.239602 -0.003044
vn -0.622687 -0.739039 -0.257063
vn -0.135478 -0.981221 -0.137298
vn 0.000000 0.865120 0.501565
vn -0.903107 0.375321 0.208642
vn -0.990454 0.094200 0.100636
vn -0.993745 0.055129 0.097118
vn -0.598030 0.789626 -0.137298
vn -0.082260 0.963230 -0.255774
vn 0.789626 0.598030 -0.137298
vn 0.963230 0.082260 -0.255774
vn -0.990565 -0.016131 -0.136092
vn -0.980753 -0.099611 -0.167930
vn -0.969414 -0.213678 -0.120739
vn -0.971484 -0.188918 -0.143279
vn -0.703109 0.701036 -0.119106
vn -0.134169 0.971737 -0.194232
vn -0.922972 -0.349419 -0.161335
vn -0.929196 -0.342080 -0.139916
vn -0.705463 -0.706443 -0.057092
vn -0.980241 -0.136242 -0.143405
vn -0.979120 -0.146014 -0.141432
vn -0.933072 -0.330593 -0.141718
vn -0.135478 -0.981221 -0.137298
vn -0.622940 -0.739273 -0.255774
vn -0.922972 -0.349419 -0.161335
vn -0.980753 -0.099611 -0.167930
vn -0.918557 -0.362239 -0.158228
vn -0.933072 -0.330593 -0.141718
vn 0.000000 0.000000 -1.000000
vn 0.000000 0.000000 -1.000000
vn 0.000000 0.000000 -1.000000
vn 0.000000 0.000000 -1.000000
vn -0.994839 0.009017 0.101068
vn -0.994050 -0.019565 0.107153
vn -0.792120 -0.595927 -0.131976
vn -0.929876 -0.354378 -0.098725
vn -0.999976 0.003304 0.006123
vn -0.952657 0.304044 -0.000929
vn -0.996835 -0.031748 -0.072882
vn -0.903351 0.400849 0.152571
vn -0.769757 0.563157 -0.300547
vn 0.953007 0.296842 -0.060522
vn -0.997311 0.072419 0.011199
vn -0.999296 -0.035920 0.010836
vn -0.962886 -0.082273 -0.257063
vn -0.789626 -0.598031 -0.137298
vn -0.994962 0.024429 0.097230
vn -0.993745 0.055129 0.097118
vn -0.997311 0.072419 0.011199
vn -0.999924 -0.010658 -0.006252
vn 0.000000 0.000000 -1.000000
vn 0.000000 0.000000 -1.000000
vn 0.000000 0.000000 -1.000000
vn 0.000000 0.000000 -1.000000
vn 0.000000 0.000000 -1.000000
vn 0.000000 0.000000 -1.000000
vn -0.975266 -0.218706 -0.032017
vn -0.967192 -0.252593 -0.027128
vn -0.967192 -0.252593 -0.027128
vn -0.970867 -0.239602 -0.003044
vn 0.000000 0.000000 -1.000000
vn 0.000000 0.000000 -1.000000
vn 0.000000 0.000000 -1.000000
vn 0.000000 0.000000 -1.000000
vn -0.980856 -0.194732 -0.001331
vn -0.998003 -0.056317 -0.028598
vn 0.000000 0.000000 -1.000000
vn 0.000000 0.000000 -1.000000
vn -0.970867 -0.239602 -0.003044
vn -0.999976 0.003304 0.006123
vn 0.994570 0.041076 0.095615
vn 0.994926 0.024788 0.097513
vn 0.994030 -0.004118 0.109028
vn 0.994551 0.021500 0.102013
vn -0.961622 -0.274079 -0.012803
vn -0.967192 -0.252593 -0.027128
vn 0.981589 0.190771 0.009491
vn 0.925385 0.378978 0.006185
vn 0.998698 -0.047074 -0.019649
vn 0.999441 -0.017267 -0.028643
vn 0.994462 0.017759 0.103581
vn 0.995105 0.027181 0.095016
vn 0.998698 -0.047074 -0.019649
vn 0.999581 -0.028912 0.001174
vn -0.111721 -0.692275 0.712933
vn -0.590413 -0.791410 0.158374
vn 0.132827 0.949863 0.283049
vn 0.707335 0.698896 0.105935
vn 0.000048 0.993869 -0.110568
vn 0.597877 0.789972 -0.135970
vn 0.000000 0.000000 -1.000000
vn 0.000000 0.000000 -1.000000
vn 0.388819 -0.581654 0.714492
vn 0.133591 -0.978604 0.156487
vn -0.589613 0.761275 0.269847
vn 0.000947 0.995080 0.099073
vn -0.703372 0.703425 -0.102282
vn -0.135624 0.982153 -0.130317
vn 0.000000 0.000000 -1.000000
vn 0.000000 0.000000 -1.000000
vn 0.674237 -0.147921 0.723550
vn 0.781333 -0.602868 0.161459
vn -0.963273 0.116965 0.241713
vn -0.706288 0.701460 0.095455
vn -0.995999 -0.000653 -0.089361
vn -0.789314 0.598089 -0.138829
vn 0.000000 0.000000 -1.000000
vn 0.000000 0.000000 -1.000000
vn 0.567900 0.370016 0.735240
vn 0.977369 0.125011 0.170650
vn -0.770806 -0.599033 0.216835
vn -0.995092 -0.005093 0.098825
vn -0.704276 -0.705586 -0.078375
vn -0.978498 -0.134772 -0.156137
vn 0.000000 0.000000 -1.000000
vn 0.000000 0.000000 -1.000000
vn 0.117837 0.659295 0.742593
vn 0.598439 0.780979 0.178725
vn -0.132394 -0.968793 0.209550
vn -0.700847 -0.704848 0.109560
vn 0.000777 -0.996968 -0.077815
vn -0.594998 -0.785128 -0.171908
vn 0.000000 0.000000 -1.000000
vn 0.000000 0.000000 -1.000000
vn -0.403519 0.536904 0.740883
vn -0.135278 0.974194 0.180681
vn 0.580049 -0.783667 0.222281
vn -0.002628 -0.992802 0.119738
vn 0.704987 -0.703609 -0.089043
vn 0.134488 -0.974926 -0.177293
vn 0.000000 0.000000 -1.000000
vn 0.000000 0.000000 -1.000000
vn -0.677172 0.082337 0.731204
vn -0.789061 0.588766 0.175321
vn 0.957206 -0.149239 0.247959
vn 0.696407 -0.707377 0.120974
vn 0.994647 0.001210 -0.103327
vn 0.785784 -0.594870 -0.169329
vn 0.000000 0.000000 -1.000000
vn 0.000000 0.000000 -1.000000
vn -0.999096 0.026874 0.032943
vn -0.958389 -0.255015 -0.128285
vn -0.990172 0.136581 -0.030086
vn -0.703109 0.701036 -0.119106
vn -0.136753 -0.990452 0.017399
vn -0.705463 -0.706443 -0.057092
vn 0.603738 -0.797129 0.009250
vn 0.000319 -0.999035 -0.043925
vn 0.990413 -0.136881 -0.018569
vn 0.706072 -0.705869 -0.056669
vn -0.797187 -0.603732 0.001099
vn -0.996093 -0.001250 -0.088299
vn 0.963652 -0.231074 -0.134090
vn 0.999961 0.007993 0.003862
vn 0.136476 0.988446 -0.065940
vn 0.701849 0.702358 -0.118751
vn -0.602902 0.795717 -0.057831
vn -0.001018 0.991296 -0.131645
vn 0.796314 0.602837 -0.049713
vn 0.996143 0.000075 -0.087749
vn -0.135478 -0.981221 -0.137298
vn -0.622687 -0.739039 -0.257063
vn 0.598030 -0.789626 -0.137298
vn 0.082273 -0.962886 -0.257063
vn 0.981221 -0.135478 -0.137298
vn 0.739039 -0.622687 -0.257063
vn 0.789626 0.598031 -0.137298
vn 0.962886 0.082273 -0.257063
vn 0.135478 0.981221 -0.137298
vn 0.622687 0.739039 -0.257063
vn -0.598031 0.789626 -0.137298
vn -0.082273 0.962886 -0.257063
vn -0.981221 0.135478 -0.137298
vn -0.739039 0.622687 -0.257063
vn -0.789626 -0.598031 -0.137298
vn -0.962886 -0.082273 -0.257063
vn 0.000000 0.000000 -1.000000
vn 0.000000 0.000000 -1.000000
vn 0.000000 0.000000 -1.000000
vn 0.000000 0.000000 -1.000000
vn 0.000000 0.000000 -1.000000
vn 0.000000 0.000000 -1.000000
vn 0.000000 0.000000 -1.000000
vn 0.000000 0.000000 -1.000000
vn 0.000000 0.000000 -1.000000
vn 0.000000 0.000000 -1.000000
vn 0.000000 0.000000 -1.000000
vn 0.000000 0.000000 -1.000000
vn 0.000000 0.000000 -1.000000
vn 0.000000 0.000000 -1.000000
vn 0.000000 0.000000 -1.000000
vn 0.000000 0.000000 -1.000000
vn 0.000319 -0.999035 -0.043925
vn -0.599474 -0.792358 -0.113137
vn 0.706072 -0.705869 -0.056669
vn 0.136029 -0.985208 -0.104222
vn 0.996143 0.000075 -0.087749
vn 0.790913 -0.599630 -0.122065
vn 0.701849 0.702358 -0.118751
vn 0.978614 0.134220 -0.155881
vn -0.001018 0.991296 -0.131645
vn 0.593858 0.782866 -0.185615
vn -0.703109 0.701036 -0.119106
vn -0.134169 0.971737 -0.194232
vn -0.996093 -0.001250 -0.088299
vn -0.785055 0.593621 -0.176922
vn -0.705463 -0.706443 -0.057092
vn -0.980241 -0.136242 -0.143405
vn -0.136753 -0.990452 0.017399
vn -0.705463 -0.706443 -0.057092
vn 0.603738 -0.797129 0.009250
vn 0.000319 -0.999035 -0.043925
vn 0.990413 -0.136881 -0.018569
vn 0.706072 -0.705869 -0.056669
vn 0.796314 0.602837 -0.049713
vn 0.996143 0.000075 -0.087749
vn 0.136476 0.988446 -0.065940
vn 0.701849 0.702358 -0.118751
vn -0.602902 0.795717 -0.057831
vn -0.001018 0.991296 -0.131645
vn -0.990172 0.136581 -0.030086
vn -0.703109 0.701036 -0.119106
vn -0.797187 -0.603732 0.001099
vn -0.996093 -0.001250 -0.088299
vn -0.994614 -0.005245 0.103512
vn -0.703175 0.703295 -0.104503
vn -0.705951 0.701244 0.099447
vn 0.000099 0.993862 -0.110627
vn -0.789161 0.588875 0.174502
vn -0.677869 0.082391 0.730551
vn 0.697131 -0.707349 0.116900
vn 0.960407 -0.148847 0.235504
vn 0.786083 -0.595049 -0.167302
vn 0.994963 0.001181 -0.100234
vn 0.000000 0.000000 -1.000000
vn 0.000000 0.000000 -1.000000
vn -0.135296 0.974218 0.180537
vn -0.403894 0.537198 0.740465
vn -0.002372 -0.992944 0.118563
vn 0.581647 -0.784661 0.214461
vn 0.134555 -0.974980 -0.176946
vn 0.705120 -0.703763 -0.086741
vn 0.000000 0.000000 -1.000000
vn 0.000000 0.000000 -1.000000
vn 0.598378 0.780880 0.179361
vn 0.117718 0.659230 0.742669
vn -0.700527 -0.704764 0.112114
vn -0.131842 -0.968480 0.211341
vn -0.594806 -0.784936 -0.173437
vn 0.000800 -0.996974 -0.077727
vn 0.000000 0.000000 -1.000000
vn 0.000000 0.000000 -1.000000
vn 0.977206 0.124927 0.171645
vn 0.567453 0.369678 0.735755
vn -0.994614 -0.005245 0.103512
vn -0.768457 -0.598297 0.226968
vn -0.978099 -0.134711 -0.158669
vn -0.704120 -0.705493 -0.080588
vn 0.000000 0.000000 -1.000000
vn 0.000000 0.000000 -1.000000
vn 0.993913 -0.008490 0.109842
vn 0.705120 -0.703763 -0.086741
vn 0.697131 -0.707349 0.116900
vn 0.000800 -0.996974 -0.077727
vn -0.002372 -0.992944 0.118563
vn -0.704120 -0.705493 -0.080588
vn -0.700527 -0.704764 0.112114
vn -0.995711 -0.000657 -0.092516
vn 0.781201 -0.602836 0.162216
vn 0.673550 -0.147934 0.724186
vn -0.705951 0.701244 0.099447
vn -0.960304 0.115745 0.253809
vn -0.789061 0.597941 -0.140885
vn -0.995711 -0.000657 -0.092516
vn 0.000000 0.000000 -1.000000
vn 0.000000 0.000000 -1.000000
vn 0.133560 -0.978588 0.156614
vn 0.388457 -0.581413 0.714884
vn 0.001185 0.994970 0.100169
vn -0.588440 0.759615 0.276989
vn -0.135574 0.982112 -0.130672
vn -0.703175 0.703295 -0.104503
vn 0.000000 0.000000 -1.000000
vn 0.000000 0.000000 -1.000000
vn -0.590499 -0.791458 0.157816
vn -0.111846 -0.692325 0.712865
vn 0.707460 0.699116 0.103621
vn 0.133213 0.950294 0.281417
vn 0.082260 -0.963230 -0.255774
vn 0.598030 -0.789626 -0.137298
vn -0.622940 -0.739273 -0.255774
vn -0.135478 -0.981221 -0.137298
vn -0.963230 -0.082260 -0.255774
vn -0.789626 -0.598030 -0.137298
vn -0.739273 0.622940 -0.255774
vn -0.981221 0.135478 -0.137298
vn -0.082260 0.963230 -0.255774
vn -0.598030 0.789626 -0.137298
vn 0.622940 0.739273 -0.255774
vn 0.135478 0.981221 -0.137298
vn 0.963230 0.082260 -0.255774
vn 0.789626 0.598030 -0.137298
vn 0.739273 -0.622940 -0.255774
vn 0.981221 -0.135478 -0.137298
vn -0.705951 0.701244 0.099447
vn -0.960304 0.115745 0.253809
vn -0.789061 0.597941 -0.140885
vn -0.995711 -0.000657 -0.092516
vn 0.000000 0.000000 -1.000000
vn 0.000000 0.000000 -1.000000
vn 0.001185 0.994970 0.100169
vn 0.702384 0.703361 -0.109272
vn 0.707460 0.699116 0.103621
vn 0.994963 0.001181 -0.100234
vn 0.993913 -0.008490 0.109842
vn 0.705120 -0.703763 -0.086741
vn 0.697131 -0.707349 0.116900
vn 0.000800 -0.996974 -0.077727
vn -0.002372 -0.992944 0.118563
vn -0.704120 -0.705493 -0.080588
vn -0.700527 -0.704764 0.112114
vn -0.995711 -0.000657 -0.092516
vn 0.781201 -0.602836 0.162216
vn 0.673550 -0.147934 0.724186
vn 0.000000 0.000000 -1.000000
vn 0.000000 0.000000 -1.000000
vn -0.998598 -0.048312 -0.021619
vn -0.989041 0.146165 -0.020836
vn 0.968667 -0.245832 -0.035375
vn 0.999423 -0.000030 -0.033965
vn 0.000000 0.000000 -1.000000
vn 0.000000 0.000000 -1.000000
vn -0.999296 -0.035920 0.010836
vn -0.999924 -0.010658 -0.006252
vn 0.000000 0.000000 -1.000000
vn 0.000000 0.000000 -1.000000
vn -0.999585 -0.028778 0.001174
vn -0.998853 -0.047556 0.005554
vn 0.000000 0.000000 -1.000000
vn 0.000000 0.000000 -1.000000
vn 0.977206 0.124927 0.171645
vn 0.567453 0.369678 0.735755
vn -0.994614 -0.005245 0.103512
vn -0.768457 -0.598297 0.226967
vn -0.978099 -0.134711 -0.158669
vn -0.704120 -0.705493 -0.080588
vn 0.000000 0.000000 -1.000000
vn 0.000000 0.000000 -1.000000
vn 0.134555 -0.974980 -0.176946
vn 0.705120 -0.703763 -0.086741
vn -0.002372 -0.992944 0.118563
vn 0.581647 -0.784661 0.214461
vn -0.135296 0.974218 0.180537
vn -0.403894 0.537198 0.740465
vn 0.000000 0.000000 -1.000000
vn 0.000000 0.000000 -1.000000
vn 0.786083 -0.595049 -0.167302
vn 0.994963 0.001181 -0.100234
vn 0.697131 -0.707349 0.116900
vn 0.960407 -0.148847 0.235504
vn -0.789161 0.588875 0.174502
vn -0.677869 0.082391 0.730551
vn 0.000000 0.000000 -1.000000
vn 0.000000 0.000000 -1.000000
vn 0.979375 0.135650 -0.149748
vn 0.702384 0.703361 -0.109272
vn 0.993913 -0.008490 0.109842
vn 0.776709 0.572023 0.263652
vn -0.975542 -0.145115 0.165102
vn -0.550420 -0.424075 0.719166
vn 0.000000 0.000000 -1.000000
vn 0.000000 0.000000 -1.000000
vn 0.598035 0.790119 -0.134410
vn 0.000099 0.993862 -0.110627
vn -0.571754 0.815655 0.088341
vn 0.571754 0.711804 0.407961
vn -0.571754 0.336068 -0.748435
vn 0.571754 0.607954 -0.550899
vn 0.999423 -0.000030 -0.033965
vn 0.952759 0.303727 -0.000918
vn -0.571754 0.711804 -0.407961
vn 0.571754 0.815655 -0.088341
vn 0.000000 0.000000 -1.000000
vn 0.000000 0.000000 -1.000000
vn 0.701849 0.702358 -0.118751
vn 0.978614 0.134220 -0.155881
vn 0.000000 0.000000 -1.000000
vn 0.000000 0.000000 -1.000000
vn -0.994027 0.041023 0.101129
vn -0.994716 0.002442 0.102640
vn 0.978206 -0.207575 -0.005104
vn 0.968667 -0.245832 -0.035375
vn 0.950271 0.302734 -0.073054
vn 0.412152 -0.731343 -0.543385
vn -0.174827 -0.983701 -0.042040
vn 0.271384 -0.928475 0.253545
vn -0.956941 -0.286619 -0.045963
vn -0.570369 -0.809658 0.138321
vn -0.769757 0.563157 -0.300547
vn -0.174827 -0.983701 -0.042040
vn -0.280275 -0.958470 0.052739
vn -0.986915 -0.060365 -0.149515
vn 0.708241 -0.703765 0.055766
vn 0.339351 -0.916250 -0.212902
vn -0.227307 -0.973796 0.007247
vn -0.877581 -0.479243 -0.013316
vn -0.820682 -0.571384 0.001159
vn -0.877581 -0.479243 -0.013316
vn 0.766422 -0.642157 0.015216
vn 0.497294 -0.863895 -0.079895
vn -0.042118 -0.983509 0.175884
vn -0.978034 -0.199501 -0.060414
vn -0.769757 0.563157 -0.300547
vn -0.125350 -0.991236 -0.041706
vn 0.836376 -0.521199 0.169784
vn -0.125350 -0.991236 -0.041706
vn 0.953007 0.296842 -0.060522
vn 0.412152 -0.731344 -0.543385
vn -0.769757 0.563157 -0.300547
vn -0.125350 -0.991236 -0.041706
vn -0.042119 -0.983509 0.175884
vn -0.978034 -0.199501 -0.060414
vn 0.836376 -0.521199 0.169784
vn -0.125350 -0.991236 -0.041706
vn 0.953007 0.296842 -0.060522
vn 0.412152 -0.731343 -0.543385
vn -0.769757 0.563157 -0.300547
vn -0.174827 -0.983701 -0.042040
vn 0.957802 0.260866 -0.120685
vn 0.372500 -0.922056 -0.105151
vn -0.985532 0.165830 0.035027
vn -0.987853 -0.144002 0.058386
vn 0.143622 0.967530 0.207986
vn 0.100689 0.982767 0.155016
vn 0.100689 0.982767 0.155016
vn -0.090741 0.993169 -0.073356
vn 0.234483 -0.954473 0.184390
vn 0.577463 -0.543165 0.609515
vn -0.974886 0.191998 -0.112848
vn -0.952306 0.274687 -0.132889
vn -0.984978 0.134784 -0.107939
vn -0.996153 0.035200 -0.080257
vn -0.956941 -0.286619 -0.045963
vn -0.570370 -0.809658 0.138321
vn 0.950271 0.302734 -0.073054
vn 0.412152 -0.731344 -0.543385
vn -0.933830 -0.227252 0.276257
vn -0.933793 0.143906 0.327600
vn 0.577463 -0.543165 0.609515
vn 0.205855 -0.967565 0.146429
vn -0.611547 -0.788551 -0.064787
vn -0.748747 -0.660876 -0.051188
vn -0.739911 0.672394 -0.020420
vn -0.965649 0.259601 0.011373
vn -0.980841 -0.178793 0.077350
vn -0.962137 0.231554 0.143789
vn -0.980198 -0.193677 0.041251
vn -0.977596 0.205201 0.046886
vn -0.997859 -0.060828 0.024030
vn -0.965649 0.259601 0.011373
vn -0.827210 -0.407260 -0.387121
vn -0.480021 -0.552044 -0.681782
vn 0.000000 0.000000 -1.000000
vn 0.000000 0.000000 -1.000000
vn 0.739039 -0.622687 -0.257063
vn 0.981221 -0.135478 -0.137298
vn 0.923725 -0.382236 -0.025075
vn 0.642039 -0.766667 0.002836
vn -0.503923 0.012526 -0.863657
vn -0.956181 -0.289269 -0.045184
vn -0.976137 -0.180603 -0.120577
vn -0.464327 -0.884067 0.053159
vn 0.100689 0.982767 0.155016
vn 0.580010 0.445327 0.682109
vn 0.135478 0.981221 -0.137298
vn 0.622940 0.739273 -0.255774
vn 0.951194 -0.307300 -0.028220
vn 0.988449 0.151438 -0.005966
vn -0.112521 0.988405 -0.101950
vn 0.054587 0.994274 0.091870
vn 0.962886 0.082273 -0.257063
vn 0.789626 0.598031 -0.137298
vn 0.991432 -0.027166 -0.127771
vn 0.496565 -0.810936 -0.309526
vn 0.994462 0.017759 0.103581
vn 0.994430 -0.006167 0.105216
vn -0.585246 -0.808096 -0.066844
vn -0.574876 -0.815542 -0.066391
vn -0.603608 0.667779 0.435579
vn -0.082097 0.910809 0.404582
vn -0.933793 0.143906 0.327600
vn -0.737296 0.613398 0.283087
vn -0.663624 -0.659991 0.352158
vn -0.933830 -0.227252 0.276257
vn 0.907678 -0.418973 -0.024144
vn 0.640846 -0.765576 0.056655
vn -0.682390 0.730914 0.010438
vn -0.961571 0.274454 0.007503
vn -0.003784 0.999981 0.004935
vn -0.698163 0.715833 -0.012270
vn 0.991432 -0.027166 -0.127771
vn -0.503923 0.012526 -0.863657
vn 0.921225 -0.353355 -0.162742
vn 0.917749 -0.364166 -0.158492
vn -0.783286 -0.618752 -0.060075
vn -0.992403 0.121423 -0.019813
vn -0.992403 0.121423 -0.019813
vn -0.696947 0.717068 0.008926
vn -0.641802 0.766665 0.017752
vn -0.003760 0.999870 0.015681
vn -0.792120 -0.595927 -0.131976
vn -0.597386 -0.786844 -0.154937
vn 0.968667 -0.245832 -0.035375
vn 0.966366 -0.257127 -0.004676
vn 0.622687 0.739039 -0.257063
vn 0.135478 0.981221 -0.137298
vn 0.972390 -0.167742 -0.162235
vn 0.932500 -0.322585 -0.162428
vn -0.189575 0.757756 -0.624393
vn -0.695342 0.646343 -0.314231
vn -0.752654 0.437576 -0.491976
vn -0.943133 0.164070 -0.289104
vn -0.897969 0.439456 0.023016
vn -0.966859 0.254960 0.013353
vn -0.669746 0.730243 0.134850
vn -0.010967 0.999797 0.016901
vn -0.962137 0.231554 0.143789
vn -0.717701 0.695027 0.042934
vn -0.713257 -0.691943 0.111709
vn -0.980841 -0.178793 0.077350
vn 0.547566 0.738232 0.393935
vn 0.547566 0.738232 0.393935
vn 0.957802 0.260866 -0.120685
vn -0.831337 0.511054 -0.218408
vn -0.717701 0.695027 0.042934
vn 0.001612 0.999093 -0.042542
vn -0.977596 0.205201 0.046886
vn -0.739911 0.672394 -0.020420
vn -0.718999 -0.693704 0.042605
vn -0.980198 -0.193677 0.041251
vn -0.733366 0.679695 0.013744
vn -0.981583 0.190925 -0.006563
vn -0.087563 0.995986 0.018547
vn -0.677927 0.734853 0.020143
vn -0.644699 0.762968 -0.047348
vn -0.002784 0.999272 -0.038041
vn -0.965649 0.259601 0.011373
vn -0.698163 0.715833 -0.012270
vn -0.728757 -0.676971 0.103066
vn -0.997859 -0.060828 0.024030
vn -0.998628 0.052300 0.002739
vn -0.962636 -0.270428 -0.014166
vn 0.000013 -0.998631 -0.052316
vn -0.324303 -0.944658 -0.049487
vn -0.648631 -0.760061 -0.039811
vn -0.918874 -0.394012 -0.020639
vn -0.696947 0.717068 0.008926
vn -0.124610 0.992024 0.018975
vn -0.990554 0.137025 -0.005257
vn -0.737337 0.675517 0.003360
vn -0.783286 -0.618752 -0.060075
vn -0.996211 0.076505 -0.041356
vn 0.975399 -0.181583 -0.124996
vn 0.946042 -0.295100 -0.133870
vn 0.932500 -0.322585 -0.162428
vn 0.931127 -0.336646 -0.140260
vn -0.703372 0.703425 -0.102282
vn -0.995092 -0.005093 0.098825
vn -0.769757 0.563157 -0.300547
vn 0.950271 0.302734 -0.073054
vn -0.174827 -0.983701 -0.042040
vn 0.271384 -0.928475 0.253545
vn -0.831337 0.511054 -0.218408
vn -0.918185 -0.396144 -0.002598
vn -0.977574 -0.197139 -0.074058
vn -0.521604 -0.853188 -0.000429
vn 0.975399 -0.181583 -0.124996
vn 0.969712 -0.212328 -0.120731
vn 0.950271 0.302734 -0.073054
vn -0.769757 0.563157 -0.300547
vn -0.790700 -0.609206 -0.060509
vn -0.945571 -0.320789 -0.054683
vn 0.001612 0.999093 -0.042542
vn 0.732884 0.679601 -0.031977
vn 0.978856 -0.153322 -0.135402
vn 0.972390 -0.167742 -0.162235
vn 0.983369 -0.172092 0.058045
vn 0.770564 -0.623819 0.130699
vn 0.083639 -0.996495 0.001325
vn 0.203005 -0.969018 0.140686
vn 0.036622 -0.793088 -0.608005
vn 0.313081 -0.574615 -0.756173
vn 0.954743 0.081937 -0.285922
vn 0.783862 -0.282231 -0.553088
vn 0.766053 0.572103 -0.293019
vn 0.881058 0.128148 -0.455318
vn 0.112484 0.900914 -0.419168
vn 0.601356 0.569021 -0.560879
vn 0.549371 -0.684443 -0.479301
vn 0.783862 -0.282231 -0.553088
vn 0.968238 0.249341 0.018551
vn 0.732884 0.679601 -0.031977
vn 0.903878 -0.275943 -0.326895
vn 0.991238 -0.020029 -0.130564
vn 0.983369 -0.172092 0.058045
vn 0.981368 0.190694 0.023491
vn 0.993579 0.053563 0.099654
vn 0.990376 0.094827 0.100810
vn 0.000048 0.993869 -0.110568
vn -0.706288 0.701460 0.095455
vn 0.666538 -0.715392 -0.209623
vn 0.549371 -0.684443 -0.479301
vn 0.948102 0.286139 -0.138662
vn 0.970962 0.207508 -0.119048
vn 0.996512 0.029055 -0.078222
vn 0.991341 0.090882 -0.094782
vn 0.781256 -0.616249 -0.099376
vn 0.991238 -0.020029 -0.130564
vn 0.766053 0.572103 -0.293019
vn 0.057798 0.998272 0.010642
vn 0.954743 0.081937 -0.285922
vn 0.794753 0.604964 -0.048840
vn 0.553780 0.604272 0.572872
vn 0.072236 0.864982 0.496576
vn 0.781256 -0.616249 -0.099376
vn 0.000000 -0.996940 -0.078165
vn 0.944711 0.208115 0.253397
vn 0.885628 -0.331778 0.324939
vn 0.976669 0.149435 0.154228
vn 0.961816 -0.162020 0.220590
vn 0.866489 0.098653 0.489351
vn 0.725904 0.563678 0.394120
vn 0.976226 0.202614 0.077016
vn 0.975277 -0.170771 0.140255
vn 0.968238 0.249341 0.018551
vn 0.979961 -0.190509 0.058170
vn 0.974519 0.223985 0.011945
vn 0.994880 -0.090797 0.044383
vn 0.681364 0.731929 0.004854
vn 0.978752 0.204916 -0.007372
vn 0.000000 -0.993331 -0.115299
vn 0.737608 -0.672109 -0.064846
vn 0.000056 -0.922886 0.385072
vn 0.491890 -0.743280 0.453407
vn 0.979008 0.199804 -0.040265
vn 0.794753 0.604964 -0.048840
vn 0.572167 0.820113 0.006205
vn 0.057798 0.998272 0.010642
vn -0.167781 -0.961702 -0.216745
vn -0.676557 -0.725328 -0.127161
vn 0.797463 0.582383 0.157742
vn 0.944711 0.208115 0.253397
vn 0.067649 0.986325 0.150289
vn 0.613625 0.717909 0.328741
vn 0.053703 -0.984676 -0.165919
vn 0.666538 -0.715392 -0.209623
vn 0.988449 0.151438 -0.005966
vn 0.999250 -0.038035 0.007285
vn 0.026923 -0.997510 0.065190
vn -0.722021 -0.687910 0.073926
vn 0.000000 -0.999978 0.006632
vn -0.743143 -0.669101 -0.006522
vn 0.000000 -0.999978 0.006632
vn 0.743143 -0.669101 -0.006522
vn 0.602462 0.797815 0.023040
vn 0.058151 0.998110 0.019881
vn 0.964598 0.263719 -0.001686
vn 0.789180 0.614001 0.014049
vn 0.000000 0.000000 -1.000000
vn 0.000000 0.000000 -1.000000
vn 0.739726 -0.671198 0.047942
vn 0.026923 -0.997510 0.065190
vn -0.991238 -0.020029 -0.130564
vn -0.676557 -0.725328 -0.127161
vn 0.696029 -0.710031 0.106768
vn 0.961816 -0.162020 0.220590
vn -0.847710 -0.427380 0.314220
vn -0.491884 -0.743303 0.453377
vn 0.000056 -0.922886 0.385072
vn -0.491884 -0.743303 0.453377
vn 0.660210 -0.748771 0.058858
vn -0.008601 -0.999133 0.040730
vn 0.613625 0.717909 0.328741
vn 0.072236 0.864982 0.496576
vn -0.972080 -0.163426 0.168383
vn -0.960961 0.151045 0.231819
vn 0.944711 0.208115 0.253397
vn 0.725904 0.563678 0.394120
vn -0.962137 0.231554 0.143789
vn -0.737296 0.613398 0.283087
vn 0.761452 -0.586820 0.275379
vn 0.885628 -0.331778 0.324939
vn -0.996211 0.076505 -0.041356
vn -0.742815 0.668302 -0.039972
vn -0.742815 0.668302 -0.039972
vn -0.124610 0.992024 0.018975
vn 0.866489 0.098653 0.489351
vn 0.885628 -0.331778 0.324939
vn 0.072236 0.864982 0.496576
vn -0.610381 0.574743 0.545074
vn 0.730897 -0.679693 0.061701
vn 0.349999 -0.930975 0.103851
vn 0.695898 0.717905 -0.018370
vn 0.988449 0.151438 -0.005966
vn -0.002784 0.999272 -0.038041
vn 0.681364 0.731929 0.004854
vn 0.067649 0.986325 0.150289
vn -0.737296 0.613398 0.283087
vn -0.713257 -0.691943 0.111709
vn -0.402863 -0.892924 0.200969
vn -0.797498 -0.535945 0.277056
vn -0.972080 -0.163426 0.168383
vn 0.000000 -0.993331 -0.115299
vn -0.290704 -0.947116 -0.135880
vn 0.961778 -0.273534 -0.012757
vn 0.966366 -0.257127 -0.004676
vn 0.978206 -0.207575 -0.005104
vn 0.966366 -0.257127 -0.004676
vn 0.693292 0.720591 0.009792
vn 0.058151 0.998110 0.019881
vn -0.610381 0.574743 0.545074
vn -0.933793 0.143906 0.327600
vn 0.491890 -0.743280 0.453407
vn 0.885628 -0.331778 0.324939
vn -0.933793 0.143906 0.327600
vn -0.805804 -0.363652 0.467373
vn 0.082273 -0.962886 -0.257063
vn 0.598030 -0.789626 -0.137298
vn 0.751016 -0.660143 -0.013659
vn -0.041981 -0.999115 0.002595
vn 0.964333 -0.258930 -0.054936
vn 0.978752 0.204916 -0.007372
vn 0.690920 0.722785 0.014518
vn -0.003784 0.999981 0.004935
vn -0.972316 -0.232187 -0.026268
vn -0.987868 0.155283 -0.001991
vn 0.721375 0.691542 0.037268
vn 0.067649 0.986325 0.150289
vn 0.976226 0.202614 0.077016
vn 0.797463 0.582383 0.157742
vn 0.730897 -0.679693 0.061701
vn 0.975277 -0.170771 0.140255
vn 0.234483 -0.954473 0.184390
vn 0.049044 -0.998023 -0.039298
vn 0.964333 -0.258930 -0.054936
vn 0.999327 0.019940 -0.030799
vn 0.754019 -0.651812 -0.081219
vn 0.724029 -0.673942 -0.146915
vn 0.058151 0.998110 0.019881
vn -0.733366 0.679695 0.013744
vn 0.645864 0.763084 -0.023720
vn -0.010967 0.999797 0.016901
vn 0.968238 0.249341 0.018551
vn 0.721375 0.691542 0.037268
vn 0.660210 -0.748771 0.058858
vn 0.979961 -0.190509 0.058170
vn 0.696029 -0.710031 0.106768
vn 0.387333 -0.918974 0.073887
vn 0.696029 -0.710031 0.106768
vn 0.295281 -0.955163 -0.021753
vn 0.407229 0.767318 0.495366
vn 0.362907 0.783971 0.503675
vn 0.690920 0.722785 0.014518
vn 0.964598 0.263719 -0.001686
vn -0.003575 0.999824 0.018393
vn 0.602462 0.797815 0.023040
vn 0.695898 0.717905 -0.018370
vn 0.004723 0.997210 -0.074492
vn 0.974519 0.223985 0.011945
vn 0.732884 0.679601 -0.031977
vn 0.739726 -0.671198 0.047942
vn 0.994880 -0.090797 0.044383
vn 0.026923 -0.997510 0.065190
vn 0.660210 -0.748771 0.058858
vn -0.677927 0.734853 0.020143
vn -0.987868 0.155283 -0.001991
vn -0.003575 0.999824 0.018393
vn -0.682390 0.730914 0.010438
vn 0.572167 0.820113 0.006205
vn -0.003760 0.999870 0.015681
vn 0.979008 0.199804 -0.040265
vn 0.693292 0.720591 0.009792
vn 0.781256 -0.616249 -0.099376
vn 0.998475 0.055016 -0.004503
vn 0.290704 -0.947116 -0.135880
vn 0.000000 -0.993331 -0.115299
vn 0.000000 -0.996940 -0.078165
vn -0.676557 -0.725328 -0.127161
vn -0.724029 -0.673942 -0.146915
vn -0.763275 -0.640798 -0.082397
vn 0.000000 -0.993331 -0.115299
vn -0.783286 -0.618752 -0.060075
vn -0.991238 -0.020029 -0.130564
vn -0.827210 -0.407260 -0.387121
vn -0.827210 -0.407260 -0.387121
vn -0.167781 -0.961702 -0.216745
vn 0.057798 0.998272 0.010642
vn -0.695342 0.646343 -0.314231
vn -0.742815 0.668302 -0.039972
vn -0.943133 0.164070 -0.289104
vn -0.728757 -0.676971 0.103066
vn -0.041981 -0.999115 0.002595
vn -0.090775 -0.995793 0.012525
vn -0.718999 -0.693704 0.042605
vn -0.076545 0.990836 0.111287
vn 0.099631 0.989530 -0.104421
vn -0.531933 0.564531 0.631151
vn -0.209037 0.936792 0.280577
vn -0.251691 -0.946421 0.202333
vn -0.214754 -0.963241 0.161393
vn -0.777091 -0.629078 -0.019756
vn -0.929870 -0.367413 -0.018680
vn -0.607288 -0.444765 0.658320
vn -0.214754 -0.963241 0.161393
vn 0.100095 0.990792 -0.091172
vn -0.011124 0.998045 0.061502
vn -0.531933 0.564531 0.631151
vn -0.011124 0.998045 0.061502
vn -0.214754 -0.963241 0.161393
vn -0.050601 -0.997896 -0.040536
vn 0.999143 -0.040083 0.010356
vn 0.999871 -0.012488 0.010063
vn 0.555813 -0.831101 -0.018528
vn 0.781461 -0.623683 -0.018379
vn 0.933618 -0.357889 -0.016506
vn 0.781461 -0.623683 -0.018379
vn 0.000777 -0.996968 -0.077815
vn 0.696407 -0.707377 0.120974
vn -0.704276 -0.705586 -0.078375
vn -0.002628 -0.992802 0.119738
vn -0.995999 -0.000653 -0.089361
vn -0.700847 -0.704848 0.109560
vn 0.000000 0.000000 -1.000000
vn 0.000000 0.000000 -1.000000
vn 1.000000 0.000000 0.000000
vn 1.000000 0.000000 0.000000
vn 0.004723 0.997210 -0.074492
vn -0.739911 0.672394 -0.020420
vn 0.754019 -0.651812 -0.081219
vn 0.951194 -0.307300 -0.028220
vn -0.419797 0.759955 0.496225
vn -0.467148 0.742063 0.480744
vn -0.733366 0.679695 0.013744
vn -0.992403 0.121423 -0.019813
vn 0.918873 -0.394014 -0.020639
vn 0.648637 -0.760056 -0.039811
vn 0.324306 -0.944657 -0.049487
vn -0.000028 -0.998631 -0.052317
vn -0.945571 -0.320789 -0.054683
vn -0.992403 0.121423 -0.019813
vn 0.774705 0.570207 0.273306
vn 0.993406 -0.009003 0.114291
vn -0.549976 -0.423804 0.719665
vn -0.975374 -0.145151 0.166063
vn 0.704987 -0.703609 -0.089043
vn 0.993406 -0.009003 0.114291
vn 0.702194 0.703221 -0.111371
vn 0.978989 0.135602 -0.152289
vn -1.000000 0.000000 0.000000
vn -1.000000 0.000000 0.000000
vn -0.897474 0.056043 -0.437493
vn -0.827210 -0.407260 -0.387121
vn -0.532142 -0.653894 -0.537818
vn -0.093123 -0.621153 -0.778137
vn -0.713257 -0.691943 0.111709
vn -0.008601 -0.999133 0.040730
vn -0.987853 -0.144002 0.058386
vn -0.722021 -0.687910 0.073926
vn -0.041981 -0.999115 0.002595
vn -0.751016 -0.660143 -0.013659
vn 0.962632 -0.270444 -0.014166
vn 0.998628 0.052300 0.002739
vn 0.966859 0.254962 0.013353
vn 0.897969 0.439456 0.023016
vn 0.407229 0.767318 0.495366
vn 0.450688 0.748857 0.485894
vn -0.330822 0.790550 0.515352
vn -0.380132 0.777632 0.500787
vn 0.805885 -0.581522 -0.111269
vn 0.797176 0.000000 -0.603747
vn 0.491168 -0.581523 -0.648526
vn 0.136773 0.000000 -0.990602
vn -0.111270 -0.581523 -0.805885
vn -0.603749 0.000000 -0.797175
vn -0.648526 -0.581522 -0.491168
vn -0.990602 0.000000 -0.136774
vn -0.551014 0.745989 0.374011
vn -0.551014 0.745989 0.374011
vn -0.994615 0.006026 0.103465
vn -0.995053 0.024984 0.096157
vn -0.571754 -0.168034 -0.803033
vn 0.571754 0.168034 -0.803033
vn -0.571754 0.607954 0.550899
vn 0.571754 0.336068 0.748435
vn -0.082273 0.962886 -0.257063
vn -0.598031 0.789626 -0.137298
vn 0.000000 0.000000 -1.000000
vn 0.000000 0.000000 -1.000000
vn -0.571754 -0.607954 -0.550899
vn 0.571754 -0.336069 -0.748435
vn -0.571754 0.168034 0.803033
vn 0.571754 -0.168034 0.803033
vn -0.571754 -0.815655 -0.088341
vn 0.571754 -0.711804 -0.407961
vn -0.571754 -0.336069 0.748435
vn 0.571754 -0.607953 0.550899
vn -0.571754 -0.711804 0.407961
vn 0.571754 -0.815655 0.088341
vn -0.739039 0.622687 -0.257063
vn -0.981221 0.135478 -0.137298
vn -0.925427 0.378876 0.006195
vn -0.989041 0.146165 -0.020836
vn -0.998598 -0.048312 -0.021619
vn -0.998853 -0.047556 0.005554
vn -0.571754 0.711804 -0.407961
vn 0.941267 0.335699 -0.036358
vn 0.000000 0.000000 -1.000000
vn 0.000000 0.000000 -1.000000
vn -0.571754 0.336068 -0.748435
vn 0.329046 0.699758 -0.634088
vn -0.571754 0.815655 0.088341
vn 0.329046 0.819291 0.469565
vn 0.941267 0.335699 -0.036358
vn 0.571754 0.336068 0.748435
vn 0.941267 0.335699 -0.036358
vn 0.571754 -0.168034 0.803033
vn 0.941267 0.335699 -0.036358
vn 0.571754 -0.607953 0.550899
vn 0.941267 0.335699 -0.036358
vn 0.571754 -0.815655 0.088341
vn 0.941267 0.335699 -0.036358
vn 0.571754 -0.711804 -0.407961
vn 0.941267 0.335699 -0.036358
vn 0.571754 -0.336069 -0.748435
vn 0.941267 0.335699 -0.036358
vn 0.571754 0.168034 -0.803033
vn 0.000000 0.000000 -1.000000
vn 0.000000 0.000000 -1.000000
vn -0.571754 -0.168034 -0.803033
vn 0.571754 0.168034 -0.803033
vn -0.571754 -0.711804 0.407961
vn 0.571754 -0.815655 0.088341
vn -0.571754 0.607954 0.550899
vn 0.571754 0.336068 0.748435
vn -0.993227 -0.042545 0.108118
vn -0.994050 -0.019565 0.107153
vn -0.789626 -0.598030 -0.137298
vn -0.963230 -0.082260 -0.255774
vn -0.571754 -0.607954 -0.550899
vn 0.571754 -0.336069 -0.748435
vn -0.990602 0.000000 -0.136774
vn -0.648526 -0.581522 -0.491168
vn -0.571754 0.168034 0.803033
vn 0.571754 -0.168034 0.803033
vn 0.008696 -0.921031 -0.389393
vn 0.196013 -0.444032 -0.874308
vn -0.068679 -0.986048 -0.151635
vn -0.309106 -0.931071 0.193803
vn 0.149808 0.969672 -0.193116
vn -0.211303 0.909418 0.358204
vn -0.449497 -0.814545 0.366701
vn -0.669017 0.012295 0.743145
vn -0.211303 0.909418 0.358204
vn -0.669017 0.012295 0.743145
vn 0.180055 0.938996 -0.293032
vn 0.284382 0.512804 -0.810036
vn -0.943241 -0.331059 -0.026379
vn -0.857209 -0.513593 -0.037617
vn -0.951980 -0.304744 -0.029418
vn -0.961929 -0.271677 -0.029748
vn -0.571754 0.336069 -0.748435
vn 0.571754 0.607954 -0.550899
vn 0.962527 -0.236569 -0.132581
vn 0.999961 -0.004170 0.007786
vn -0.571754 -0.168034 -0.803033
vn 0.571754 0.168034 -0.803033
vn -0.571754 -0.607954 -0.550899
vn 0.571754 -0.336069 -0.748435
vn -0.571754 -0.815655 -0.088341
vn 0.571754 -0.711804 -0.407961
vn -0.571754 -0.815655 -0.088341
vn 0.571754 -0.711804 -0.407961
vn 0.999957 -0.003416 0.008583
vn 0.959859 -0.249469 -0.128205
vn -0.571754 -0.711804 0.407961
vn 0.571754 -0.815655 0.088341
vn -0.603749 0.000000 -0.797175
vn -0.111270 -0.581523 -0.805885
vn -0.571754 -0.336068 0.748435
vn 0.571754 -0.607954 0.550899
vn -0.571754 -0.336069 0.748435
vn 0.571754 -0.607953 0.550899
vn -0.571754 0.168034 0.803033
vn 0.571754 -0.168034 0.803033
vn -0.571754 -0.711804 0.407961
vn 0.571754 -0.815655 0.088341
vn -0.329046 0.699758 0.634088
vn 0.571754 0.336069 0.748435
vn -0.797175 0.000000 0.603748
vn -0.805885 -0.581523 0.111270
vn -0.941267 0.335699 0.036358
vn 0.571754 0.711804 0.407961
vn -0.329046 0.819291 -0.469565
vn 0.571754 0.815655 -0.088341
vn -0.571754 0.336069 -0.748435
vn 0.571754 0.607953 -0.550899
vn -0.571754 0.168034 0.803033
vn 0.571754 -0.168034 0.803033
vn -0.571754 -0.168034 -0.803033
vn 0.571754 0.168034 -0.803033
vn -0.996093 -0.001250 -0.088299
vn -0.785055 0.593622 -0.176922
vn -0.571754 -0.607953 -0.550899
vn 0.571754 -0.336068 -0.748435
vn 0.000000 0.000000 -1.000000
vn 0.000000 0.000000 -1.000000
vn -0.571754 -0.815655 -0.088341
vn 0.571754 -0.711804 -0.407961
vn -0.571754 -0.711804 0.407961
vn 0.571754 -0.815655 0.088341
vn -0.571754 -0.336068 0.748435
vn 0.571754 -0.607954 0.550899
vn -0.571754 0.607954 0.550899
vn 0.329046 0.386817 0.861453
vn -0.571754 0.168034 0.803033
vn 0.571754 -0.168034 0.803033
vn 0.706072 -0.705869 -0.056669
vn 0.136029 -0.985207 -0.104222
vn -0.329046 0.699758 0.634088
vn 0.571754 0.336069 0.748435
vn -0.571754 0.607954 0.550899
vn 0.329046 0.386817 0.861453
vn -0.941267 0.335699 0.036358
vn 0.571754 0.711804 0.407961
vn -0.999771 0.020461 0.006264
vn -0.998547 0.038474 0.037731
vn 0.797175 0.000000 -0.603748
vn 0.805885 -0.581523 -0.111270
vn 0.136774 0.000000 -0.990602
vn 0.491168 -0.581522 -0.648526
vn -0.603749 0.000000 -0.797175
vn -0.111269 -0.581523 -0.805885
vn -0.990602 0.000000 -0.136773
vn -0.648527 -0.581523 -0.491167
vn -0.797176 0.000000 0.603747
vn -0.805885 -0.581522 0.111269
vn -0.136773 0.000000 0.990602
vn -0.491168 -0.581523 0.648526
vn 0.603748 0.000000 0.797175
vn 0.111270 -0.581523 0.805885
vn 0.990602 0.000000 0.136774
vn 0.648526 -0.581522 0.491168
vn -0.329046 0.819291 -0.469565
vn 0.571754 0.815655 -0.088341
vn 0.369482 -0.890852 0.264323
vn 0.016512 -0.951608 -0.306870
vn -0.769757 0.563157 -0.300547
vn 0.953007 0.296842 -0.060522
vn -0.571754 0.336069 -0.748435
vn 0.571754 0.607953 -0.550899
vn -0.979120 -0.146014 -0.141432
vn -0.935013 -0.319650 -0.153538
vn -0.571754 -0.168034 -0.803033
vn 0.571754 0.168034 -0.803033
vn -0.571754 -0.607953 -0.550899
vn 0.571754 -0.336068 -0.748435
vn -0.571754 0.815655 0.088341
vn 0.941267 0.292957 0.167905
vn -0.981221 0.135478 -0.137298
vn -0.739273 0.622940 -0.255774
vn -0.571754 -0.815655 -0.088341
vn 0.571754 -0.711804 -0.407961
vn 0.000000 0.000000 -1.000000
vn 0.000000 0.000000 -1.000000
vn -0.571754 -0.711804 0.407961
vn 0.571754 -0.815655 0.088341
vn -0.571754 -0.336068 0.748435
vn 0.571754 -0.607954 0.550899
vn 0.998475 0.055016 -0.004503
vn 0.789180 0.614001 0.014049
vn -0.571754 -0.336068 0.748435
vn 0.571754 -0.607954 0.550899
vn -0.571754 0.168034 0.803033
vn 0.571754 -0.168034 0.803033
vn -0.329046 0.699758 0.634088
vn 0.571754 0.336069 0.748435
vn -0.329046 0.819291 -0.469565
vn 0.571754 0.815655 -0.088341
vn -0.941267 0.335699 0.036358
vn 0.571754 0.711804 0.407961
vn 0.077942 0.973534 0.214842
vn -0.151581 0.965925 -0.209791
vn 0.994430 -0.006167 0.105216
vn 0.993239 -0.042432 0.108056
vn -0.329046 0.819291 -0.469565
vn 0.571754 0.815655 -0.088341
vn -0.998288 0.051499 0.027727
vn -0.963564 -0.236645 -0.124674
vn -0.550955 -0.819860 -0.155813
vn -0.570638 -0.806038 -0.157086
vn -0.571754 0.336069 -0.748435
vn 0.571754 0.607954 -0.550899
vn -0.571754 -0.168034 -0.803033
vn 0.571754 0.168034 -0.803033
vn -0.571754 -0.711804 0.407961
vn 0.571754 -0.815655 0.088341
vn 0.000319 -0.999035 -0.043925
vn -0.599474 -0.792358 -0.113137
vn -0.571754 -0.607954 -0.550899
vn 0.571754 -0.336069 -0.748435
vn -0.994962 0.024429 0.097230
vn -0.994839 0.009017 0.101068
vn -0.571754 -0.815655 -0.088341
vn 0.571754 -0.711804 -0.407961
vn 0.946042 -0.295100 -0.133870
vn 0.957201 -0.242584 -0.157854
vn -0.571754 -0.711804 0.407961
vn 0.571754 -0.815655 0.088341
vn -0.571754 -0.336068 0.748435
vn 0.571754 -0.607954 0.550899
vn -0.571754 0.168034 0.803033
vn 0.571754 -0.168034 0.803033
vn -0.571754 -0.815655 -0.088341
vn 0.571754 -0.711804 -0.407961
vn -0.329046 0.699758 0.634088
vn 0.571754 0.336069 0.748435
vn 0.016512 -0.951608 -0.306870
vn -0.200574 -0.454464 -0.867890
vn -0.941267 0.335699 0.036358
vn 0.571754 0.711804 0.407961
vn -0.571754 0.711804 -0.407961
vn 0.329046 0.938824 -0.101681
vn 0.369482 -0.890852 0.264323
vn 0.672841 0.012655 0.739679
vn -0.571754 0.336069 -0.748435
vn 0.571754 0.607954 -0.550899
vn 0.672841 0.012655 0.739679
vn 0.311906 0.832601 0.457702
vn -0.571754 -0.168034 -0.803033
vn 0.571754 0.168034 -0.803033
vn -0.571754 -0.607954 -0.550899
vn 0.571754 -0.336069 -0.748435
vn -0.151581 0.965925 -0.209791
vn -0.278656 0.503872 -0.817597
vn -0.571754 -0.607954 -0.550899
vn 0.571754 -0.336069 -0.748435
vn 0.737608 -0.672109 -0.064846
vn 0.999327 0.019940 -0.030799
vn -0.571754 -0.815655 -0.088341
vn 0.571754 -0.711804 -0.407961
vn -0.571754 -0.711804 0.407961
vn 0.571754 -0.815655 0.088341
vn 0.982098 -0.184662 -0.037193
vn 0.999067 -0.043196 -0.000398
vn -0.571754 -0.336068 0.748435
vn 0.571754 -0.607954 0.550899
vn -0.571754 0.168034 0.803033
vn 0.571754 -0.168034 0.803033
vn -0.571754 -0.168034 -0.803033
vn 0.571754 0.168034 -0.803033
vn -0.937617 -0.334948 -0.093190
vn -0.947635 -0.305414 -0.093324
vn -0.571754 0.607954 0.550899
vn 0.329046 0.386817 0.861453
vn -0.001018 0.991296 -0.131645
vn 0.593858 0.782866 -0.185615
vn -0.571754 0.815655 0.088341
vn 0.941267 0.292957 0.167905
vn 0.598378 0.780880 0.179361
vn 0.117718 0.659230 0.742669
vn -0.571754 0.711804 -0.407961
vn 0.329046 0.938824 -0.101681
vn 0.941267 0.292957 0.167905
vn 0.571754 -0.168034 0.803033
vn 0.941267 0.292957 0.167905
vn 0.571754 -0.607954 0.550899
vn 0.941267 0.292957 0.167905
vn 0.571754 -0.815655 0.088341
vn 0.941267 0.292957 0.167905
vn 0.571754 -0.711804 -0.407961
vn 0.941267 0.292957 0.167905
vn 0.571754 -0.336068 -0.748435
vn 0.941267 0.292957 0.167905
vn 0.571754 0.168034 -0.803033
vn 0.941267 0.292957 0.167905
vn 0.571754 0.607953 -0.550899
vn -0.571754 0.815655 0.088341
vn 0.941267 0.292957 0.167905
vn -0.571754 0.336069 -0.748435
vn 0.571754 0.607953 -0.550899
vn -0.571754 -0.168034 -0.803033
vn 0.571754 0.168034 -0.803033
vn -0.571754 0.336069 -0.748435
vn 0.571754 0.607954 -0.550899
vn -0.571754 -0.607953 -0.550899
vn 0.571754 -0.336068 -0.748435
vn 0.981221 -0.135478 -0.137298
vn 0.739273 -0.622940 -0.255774
vn -0.571754 -0.815655 -0.088341
vn 0.571754 -0.711804 -0.407961
vn 0.941267 0.292957 0.167905
vn 0.571754 -0.168034 0.803033
vn 0.941267 0.292957 0.167905
vn 0.571754 -0.607954 0.550899
vn 0.941267 0.292957 0.167905
vn 0.571754 -0.815655 0.088341
vn 0.941267 0.292957 0.167905
vn 0.571754 -0.711804 -0.407961
vn 0.941267 0.292957 0.167905
vn 0.571754 -0.336069 -0.748435
vn 0.941267 0.292957 0.167905
vn 0.571754 0.168034 -0.803033
vn 0.941267 0.292957 0.167905
vn 0.571754 0.607954 -0.550899
vn -0.571754 -0.711804 0.407961
vn 0.571754 -0.815655 0.088341
vn -0.571754 0.607953 0.550899
vn 0.329046 0.386817 0.861453
vn -0.571754 -0.336068 0.748435
vn 0.571754 -0.607954 0.550899
vn 0.941267 0.292957 0.167905
vn 0.571754 -0.168034 0.803033
vn 0.941267 0.292957 0.167905
vn 0.571754 -0.607954 0.550899
vn 0.941267 0.292957 0.167905
vn 0.571754 -0.815655 0.088341
vn 0.941267 0.292957 0.167905
vn 0.571754 -0.711804 -0.407961
vn 0.941267 0.292957 0.167905
vn 0.571754 -0.336068 -0.748435
vn 0.941267 0.292957 0.167905
vn 0.571754 0.168034 -0.803033
vn 0.941267 0.292957 0.167905
vn 0.571754 0.607953 -0.550899
vn -0.571754 0.168034 0.803033
vn 0.571754 -0.168034 0.803033
vn 0.941267 0.292957 0.167905
vn 0.571754 -0.168034 0.803033
vn 0.941267 0.292957 0.167905
vn 0.571754 -0.607954 0.550899
vn 0.941267 0.292957 0.167905
vn 0.571754 -0.815655 0.088341
vn 0.941267 0.292957 0.167905
vn 0.571754 -0.711804 -0.407961
vn 0.941267 0.292957 0.167905
vn 0.571754 -0.336069 -0.748435
vn 0.941267 0.292957 0.167905
vn 0.571754 0.168034 -0.803033
vn 0.941267 0.292957 0.167905
vn 0.571754 0.607954 -0.550899
vn 0.598030 -0.789626 -0.137298
vn 0.082260 -0.963230 -0.255774
vn -0.571754 0.607954 0.550899
vn 0.329046 0.386817 0.861453
vn -0.941267 0.335699 0.036358
vn -0.571754 0.336069 -0.748435
vn -0.941267 0.335699 0.036358
vn -0.571754 -0.168034 -0.803033
vn -0.941267 0.335699 0.036358
vn -0.571754 -0.607954 -0.550899
vn -0.941267 0.335699 0.036358
vn -0.571754 -0.815655 -0.088341
vn -0.941267 0.335699 0.036358
vn -0.571754 -0.711804 0.407961
vn -0.941267 0.335699 0.036358
vn -0.571754 -0.336068 0.748435
vn -0.941267 0.335699 0.036358
vn -0.571754 0.168034 0.803033
vn -0.941267 0.335699 0.036358
vn -0.571754 0.336069 -0.748435
vn -0.941267 0.335699 0.036358
vn -0.571754 -0.168034 -0.803033
vn -0.941267 0.335699 0.036358
vn -0.571754 -0.607954 -0.550899
vn -0.941267 0.335699 0.036358
vn -0.571754 -0.815655 -0.088341
vn -0.941267 0.335699 0.036358
vn -0.571754 -0.711804 0.407961
vn -0.941267 0.335699 0.036358
vn -0.571754 -0.336068 0.748435
vn -0.941267 0.335699 0.036358
vn -0.571754 0.168034 0.803033
vn -0.571754 0.815655 0.088341
vn 0.941267 0.292957 0.167905
vn -0.941267 0.335699 0.036358
vn -0.571754 0.336069 -0.748435
vn -0.941267 0.335699 0.036358
vn -0.571754 -0.168034 -0.803033
vn -0.941267 0.335699 0.036358
vn -0.571754 -0.607953 -0.550899
vn -0.941267 0.335699 0.036358
vn -0.571754 -0.815655 -0.088341
vn -0.941267 0.335699 0.036358
vn -0.571754 -0.711804 0.407961
vn -0.941267 0.335699 0.036358
vn -0.571754 -0.336068 0.748435
vn -0.941267 0.335699 0.036358
vn -0.571754 0.168034 0.803033
vn -0.571754 0.168034 0.803033
vn 0.571754 -0.168034 0.803033
vn -0.648526 -0.581523 -0.491168
vn -0.990602 0.000000 -0.136773
vn -0.111269 -0.581522 -0.805885
vn -0.603747 0.000000 -0.797176
vn 0.491167 -0.581523 -0.648527
vn 0.136773 0.000000 -0.990602
vn 0.805885 -0.581523 -0.111269
vn 0.797175 0.000000 -0.603749
vn 0.648526 -0.581522 0.491168
vn 0.990602 0.000000 0.136774
vn 0.111270 -0.581523 0.805885
vn 0.603749 0.000000 0.797175
vn -0.491168 -0.581522 0.648526
vn -0.136774 0.000000 0.990602
vn -0.805885 -0.581523 0.111270
vn -0.797175 0.000000 0.603749
vn -0.571754 0.711804 -0.407961
vn 0.329046 0.938824 -0.101681
vn -0.571754 0.336069 -0.748435
vn 0.571754 0.607953 -0.550899
vn -0.571754 -0.168034 -0.803033
vn 0.571754 0.168034 -0.803033
vn -0.571754 -0.607953 -0.550899
vn 0.571754 -0.336068 -0.748435
vn -0.941267 0.335699 0.036358
vn -0.571754 0.336069 -0.748435
vn -0.941267 0.335699 0.036358
vn -0.571754 -0.168034 -0.803033
vn -0.941267 0.335699 0.036358
vn -0.571754 -0.607953 -0.550899
vn -0.941267 0.335699 0.036358
vn -0.571754 -0.815655 -0.088341
vn -0.941267 0.335699 0.036358
vn -0.571754 -0.711804 0.407961
vn -0.941267 0.335699 0.036358
vn -0.571754 -0.336068 0.748435
vn -0.941267 0.335699 0.036358
vn -0.571754 0.168034 0.803033
vn -0.571754 -0.815655 -0.088341
vn 0.571754 -0.711804 -0.407961
vn -0.571754 -0.336068 0.748435
vn 0.571754 -0.607954 0.550899
vn -0.571754 -0.711804 0.407961
vn 0.571754 -0.815655 0.088341
vn -0.571754 -0.336068 0.748435
vn 0.571754 -0.607954 0.550899
vn 0.999871 -0.012488 0.010063
vn 0.995272 0.096565 -0.010395
vn -0.571754 0.168034 0.803033
vn 0.571754 -0.168034 0.803033
vn 0.941267 0.292957 0.167905
vn 0.571754 -0.168034 0.803033
vn 0.941267 0.292957 0.167905
vn 0.571754 -0.607954 0.550899
vn 0.941267 0.292957 0.167905
vn 0.571754 -0.815655 0.088341
vn 0.941267 0.292957 0.167905
vn 0.571754 -0.711804 -0.407961
vn 0.941267 0.292957 0.167905
vn 0.571754 -0.336068 -0.748435
vn 0.941267 0.292957 0.167905
vn 0.571754 0.168034 -0.803033
vn 0.941267 0.292957 0.167905
vn 0.571754 0.607953 -0.550899
vn -0.571754 0.607954 0.550899
vn 0.329046 0.386817 0.861453
vn -0.571754 -0.815655 -0.088341
vn 0.571754 -0.711804 -0.407961
vn -0.571754 -0.711804 0.407961
vn 0.571754 -0.815655 0.088341
vn -0.571754 0.815655 0.088341
vn 0.941267 0.292957 0.167905
vn -0.571754 0.711804 -0.407961
vn 0.329046 0.938824 -0.101681
vn -0.571754 0.336069 -0.748435
vn 0.571754 0.607953 -0.550899
vn 0.941267 0.292957 0.167905
vn 0.571754 -0.168034 0.803033
vn 0.941267 0.292957 0.167905
vn 0.571754 -0.607954 0.550899
vn 0.941267 0.292957 0.167905
vn 0.571754 -0.815655 0.088341
vn 0.941267 0.292957 0.167905
vn 0.571754 -0.711804 -0.407961
vn 0.941267 0.292957 0.167905
vn 0.571754 -0.336068 -0.748435
vn 0.941267 0.292957 0.167905
vn 0.571754 0.168034 -0.803033
vn 0.941267 0.292957 0.167905
vn 0.571754 0.607953 -0.550899
vn -0.571754 -0.168034 -0.803033
vn 0.571754 0.168034 -0.803033
vn -0.571754 -0.815655 -0.088341
vn 0.571754 -0.711804 -0.407961
vn -0.571754 -0.607953 -0.550899
vn 0.571754 -0.336068 -0.748435
vn 0.000000 0.000000 -1.000000
vn 0.000000 0.000000 -1.000000
vn -0.571754 -0.815655 -0.088341
vn 0.571754 -0.711804 -0.407961
vn -0.571754 0.336069 -0.748435
vn 0.571754 0.607953 -0.550899
vn -0.941267 0.335699 0.036358
vn -0.571754 0.336069 -0.748435
vn -0.941267 0.335699 0.036358
vn -0.571754 -0.168034 -0.803033
vn -0.941267 0.335699 0.036358
vn -0.571754 -0.607953 -0.550899
vn -0.941267 0.335699 0.036358
vn -0.571754 -0.815655 -0.088341
vn -0.941267 0.335699 0.036358
vn -0.571754 -0.711804 0.407961
vn -0.941267 0.335699 0.036358
vn -0.571754 -0.336068 0.748435
vn -0.941267 0.335699 0.036358
vn -0.571754 0.168034 0.803033
vn -0.571754 -0.711804 0.407961
vn 0.571754 -0.815655 0.088341
vn -0.571754 -0.607954 -0.550899
vn 0.571754 -0.336068 -0.748435
vn -0.571754 -0.336068 0.748435
vn 0.571754 -0.607954 0.550899
vn -0.571754 0.168034 0.803033
vn 0.571754 -0.168034 0.803033
vn -0.571754 0.607954 0.550899
vn 0.329046 0.386817 0.861453
vn -0.571754 -0.607954 -0.550899
vn 0.571754 -0.336068 -0.748435
vn -0.941267 0.335699 0.036358
vn -0.571754 0.336069 -0.748435
vn -0.941267 0.335699 0.036358
vn -0.571754 -0.168034 -0.803033
vn -0.941267 0.335699 0.036358
vn -0.571754 -0.607953 -0.550899
vn -0.941267 0.335699 0.036358
vn -0.571754 -0.815655 -0.088341
vn -0.941267 0.335699 0.036358
vn -0.571754 -0.711804 0.407961
vn -0.941267 0.335699 0.036358
vn -0.571754 -0.336068 0.748435
vn -0.941267 0.335699 0.036358
vn -0.571754 0.168034 0.803033
vn -0.571754 0.815655 0.088341
vn 0.941267 0.292957 0.167905
vn -0.571754 -0.168034 -0.803033
vn 0.571754 0.168034 -0.803033
vn -0.329046 0.819291 -0.469565
vn 0.571754 0.815655 -0.088341
vn -0.571754 0.336069 -0.748435
vn 0.571754 0.607953 -0.550899
vn -0.941267 0.335699 0.036358
vn -0.571754 0.336069 -0.748435
vn -0.941267 0.335699 0.036358
vn -0.571754 -0.168034 -0.803033
vn -0.941267 0.335699 0.036358
vn -0.571754 -0.607953 -0.550899
vn -0.941267 0.335699 0.036358
vn -0.571754 -0.815655 -0.088341
vn -0.941267 0.335699 0.036358
vn -0.571754 -0.711804 0.407961
vn -0.941267 0.335699 0.036358
vn -0.571754 -0.336068 0.748435
vn -0.941267 0.335699 0.036358
vn -0.571754 0.168034 0.803033
vn -0.571754 -0.168034 -0.803033
vn 0.571754 0.168034 -0.803033
vn 0.999162 0.037778 0.015733
vn 0.999263 0.011418 0.036640
vn -0.571754 0.336069 -0.748435
vn 0.571754 0.607953 -0.550899
vn -0.571754 -0.607953 -0.550899
vn 0.571754 -0.336068 -0.748435
vn -0.571754 -0.168034 -0.803033
vn 0.571754 0.168034 -0.803033
vn -0.571754 -0.815655 -0.088341
vn 0.571754 -0.711804 -0.407961
vn -0.941267 0.335699 0.036358
vn -0.571754 0.336069 -0.748435
vn -0.941267 0.335699 0.036358
vn -0.571754 -0.168034 -0.803033
vn -0.941267 0.335699 0.036358
vn -0.571754 -0.607953 -0.550899
vn -0.941267 0.335699 0.036358
vn -0.571754 -0.815655 -0.088341
vn -0.941267 0.335699 0.036358
vn -0.571754 -0.711804 0.407961
vn -0.941267 0.335699 0.036358
vn -0.571754 -0.336068 0.748435
vn -0.941267 0.335699 0.036358
vn -0.571754 0.168034 0.803033
vn -0.571754 -0.711804 0.407961
vn 0.571754 -0.815655 0.088341
vn 0.998449 -0.055173 0.007462
vn 0.998698 -0.047074 -0.019649
vn -0.571754 0.711804 -0.407961
vn 0.329046 0.938824 -0.101681
vn -0.571754 -0.336068 0.748435
vn 0.571754 -0.607954 0.550899
vn -0.571754 0.711804 -0.407961
vn 0.329046 0.938824 -0.101681
vn -0.571754 0.168034 0.803033
vn 0.571754 -0.168034 0.803033
vn -0.329046 0.699758 0.634088
vn 0.571754 0.336069 0.748435
vn 0.941267 0.292957 0.167905
vn 0.571754 -0.168034 0.803033
vn 0.941267 0.292957 0.167905
vn 0.571754 -0.607954 0.550899
vn 0.941267 0.292957 0.167905
vn 0.571754 -0.815655 0.088341
vn 0.941267 0.292957 0.167905
vn 0.571754 -0.711804 -0.407961
vn 0.941267 0.292957 0.167905
vn 0.571754 -0.336068 -0.748435
vn 0.941267 0.292957 0.167905
vn 0.571754 0.168034 -0.803033
vn 0.941267 0.292957 0.167905
vn 0.571754 0.607953 -0.550899
vn -0.941267 0.335699 0.036358
vn 0.571754 0.711804 0.407961
vn -0.571754 0.815655 0.088341
vn 0.941267 0.292957 0.167905
vn -0.329046 0.819291 -0.469565
vn 0.571754 0.815655 -0.088341
vn -0.805885 -0.581523 0.111270
vn -0.797175 0.000000 0.603749
vn -0.571754 0.336069 -0.748435
vn 0.571754 0.607953 -0.550899
vn -0.571754 -0.168034 -0.803033
vn 0.571754 0.168034 -0.803033
vn -0.491168 -0.581522 0.648526
vn -0.136774 0.000000 0.990602
vn 0.941267 0.292957 0.167905
vn 0.571754 -0.168034 0.803033
vn 0.941267 0.292957 0.167905
vn 0.571754 -0.607954 0.550899
vn 0.941267 0.292957 0.167905
vn 0.571754 -0.815655 0.088341
vn 0.941267 0.292957 0.167905
vn 0.571754 -0.711804 -0.407961
vn 0.941267 0.292957 0.167905
vn 0.571754 -0.336068 -0.748435
vn 0.941267 0.292957 0.167905
vn 0.571754 0.168034 -0.803033
vn 0.941267 0.292957 0.167905
vn 0.571754 0.607953 -0.550899
vn -0.571754 -0.607953 -0.550899
vn 0.571754 -0.336068 -0.748435
vn -0.571754 0.607954 0.550899
vn 0.329046 0.386817 0.861453
vn -0.571754 -0.815655 -0.088341
vn 0.571754 -0.711804 -0.407961
vn 0.111269 -0.581523 0.805885
vn 0.603749 0.000000 0.797175
vn -0.571754 -0.711804 0.407961
vn 0.571754 -0.815655 0.088341
vn -0.571754 -0.336068 0.748435
vn 0.571754 -0.607954 0.550899
vn 0.648527 -0.581523 0.491167
vn 0.990602 0.000000 0.136773
vn -0.571754 0.168034 0.803033
vn 0.571754 -0.168034 0.803033
vn -0.571754 0.168034 0.803033
vn 0.571754 -0.168034 0.803033
vn -0.552709 -0.833157 -0.019017
vn -0.777091 -0.629078 -0.019756
vn -0.329046 0.699758 0.634088
vn 0.571754 0.336069 0.748435
vn -0.571754 0.168034 0.803033
vn 0.571754 -0.168034 0.803033
vn -0.941267 0.335699 0.036358
vn 0.571754 0.711804 0.407961
vn 0.797175 0.000000 -0.603749
vn 0.805885 -0.581523 -0.111269
vn 0.136773 0.000000 -0.990602
vn 0.491167 -0.581523 -0.648527
vn -0.603747 0.000000 -0.797176
vn -0.111269 -0.581522 -0.805885
vn -0.990602 0.000000 -0.136773
vn -0.648526 -0.581523 -0.491168
vn -0.797175 0.000000 0.603748
vn -0.805885 -0.581523 0.111270
vn -0.136774 0.000000 0.990602
vn -0.491168 -0.581522 0.648526
vn 0.603748 0.000000 0.797175
vn 0.111270 -0.581523 0.805885
vn 0.990602 0.000000 0.136774
vn 0.648526 -0.581522 0.491168
vn -0.329046 0.819291 -0.469565
vn 0.571754 0.815655 -0.088341
vn -0.571754 -0.336068 0.748435
vn 0.571754 -0.607954 0.550899
vn -0.571754 0.336069 -0.748435
vn 0.571754 0.607953 -0.550899
vn -0.571754 -0.168034 -0.803033
vn 0.571754 0.168034 -0.803033
vn -0.571754 0.815655 0.088341
vn 0.941267 0.292957 0.167905
vn -0.571754 -0.607953 -0.550899
vn 0.571754 -0.336068 -0.748435
vn -0.571754 -0.336068 0.748435
vn 0.571754 -0.607954 0.550899
vn -0.571754 -0.711804 0.407961
vn 0.571754 -0.815655 0.088341
vn -0.571754 -0.815655 -0.088341
vn 0.571754 -0.711804 -0.407961
vn 0.136773 0.000000 -0.990602
vn 0.491168 -0.581523 -0.648526
vn -0.571754 -0.711804 0.407961
vn 0.571754 -0.815655 0.088341
vn -0.136774 0.000000 0.990602
vn -0.491168 -0.581522 0.648526
vn -0.571754 -0.336068 0.748435
vn 0.571754 -0.607954 0.550899
vn -0.571754 0.168034 0.803033
vn 0.571754 -0.168034 0.803033
vn -0.571754 -0.815655 -0.088341
vn 0.571754 -0.711804 -0.407961
vn -0.329046 0.699758 0.634088
vn 0.571754 0.336069 0.748435
vn 0.797176 0.000000 -0.603747
vn 0.805885 -0.581522 -0.111269
vn -0.941267 0.335699 0.036358
vn 0.571754 0.711804 0.407961
vn 0.603749 0.000000 0.797175
vn 0.111269 -0.581523 0.805885
vn -0.329046 0.819291 -0.469565
vn 0.571754 0.815655 -0.088341
vn -0.571754 -0.607954 -0.550899
vn 0.571754 -0.336068 -0.748435
vn -0.571754 0.336069 -0.748435
vn 0.571754 0.607953 -0.550899
vn -0.571754 -0.168034 -0.803033
vn 0.571754 0.168034 -0.803033
vn 0.990602 0.000000 0.136773
vn 0.648527 -0.581523 0.491167
vn -0.571754 -0.607953 -0.550899
vn 0.571754 -0.336068 -0.748435
vn -0.571754 -0.815655 -0.088341
vn 0.571754 -0.711804 -0.407961
vn 0.995105 0.027181 0.095016
vn 0.993579 0.053563 0.099654
vn -0.571754 -0.168034 -0.803033
vn 0.571754 0.168034 -0.803033
vn -0.571754 -0.711804 0.407961
vn 0.571754 -0.815655 0.088341
vn -0.571754 -0.336068 0.748435
vn 0.571754 -0.607954 0.550899
vn -0.571754 0.168034 0.803033
vn 0.571754 -0.168034 0.803033
vn -0.999974 -0.006845 0.002208
vn -0.960760 -0.242225 -0.135156
vn -0.571754 0.336069 -0.748435
vn 0.571754 0.607953 -0.550899
vn -0.329046 0.699758 0.634088
vn 0.571754 0.336069 0.748435
vn -0.571754 0.711804 -0.407961
vn 0.329046 0.938824 -0.101681
vn -0.941267 0.335699 0.036358
vn 0.571754 0.711804 0.407961
vn -0.571754 0.711804 -0.407961
vn 0.329046 0.938824 -0.101681
vn 0.998459 0.035174 0.042918
vn 0.999094 -0.000720 0.042540
vn 0.999162 0.037778 0.015733
vn 0.991411 0.125878 0.035487
vn 0.935126 0.087230 0.343410
vn 0.942337 0.003637 0.334647
vn 0.999162 0.037778 0.015733
vn 0.999900 -0.001329 0.014102
vn 0.913013 0.182377 0.364892
vn 0.881793 0.279134 0.380164
vn 0.999706 0.003669 0.023975
vn 0.999094 -0.000720 0.042540
vn 0.999900 -0.001329 0.014102
vn 0.999012 -0.028101 0.034438
vn 0.979699 0.200243 0.009638
vn 0.936623 0.349886 0.017839
#end 8203 vertex normals

#begin 2734 faces
usemtl boeing747_material1
f 411//710 414//708 427//707 
usemtl boeing747_material1
f 408//717 427//712 424//711 
usemtl boeing747_material1
f 406//724 424//719 422//718 
usemtl boeing747_material1
f 404//525 422//523 420//725 
usemtl boeing747_material1
f 403//535 420//527 419//526 
usemtl boeing747_material1
f 400//3212 419//537 416//536 
usemtl boeing747_material1
f 412//5183 416//5145 430//5144 
usemtl boeing747_material1
f 398//5370 430//5200 414//5184 
usemtl boeing747_material1
f 427//5165 428//5051 507//5371 
usemtl boeing747_material1
f 424//5407 507//5182 496//5181 
usemtl boeing747_material1
f 422//5276 496//5274 486//5408 
usemtl boeing747_material1
f 420//5162 486//5443 476//5427 
usemtl boeing747_material1
f 419//781 476//5164 467//5163 
usemtl boeing747_material1
f 416//785 467//783 456//782 
usemtl boeing747_material1
f 430//795 456//790 526//789 
usemtl boeing747_material1
f 414//799 526//797 428//796 
usemtl boeing747_material1
f 440//803 452//801 523//800 
usemtl boeing747_material1
f 443//813 462//808 452//807 
usemtl boeing747_material1
f 334//1196 323//1194 332//1193 
usemtl boeing747_material1
f 286//269 284//268 719//264 
usemtl Polygon_XSIPOLYCLS.boeing747_material2
f 29//61 26//62 25//63 
usemtl boeing747_material1
f 1631//272 235//271 264//270 
usemtl Polygon_XSIPOLYCLS.boeing747_material2
f 31//67 26//68 29//69 
usemtl boeing747_material1
f 320//219 252//218 254//217 
usemtl Polygon_XSIPOLYCLS.boeing747_material2
f 604//945 595//944 675//943 
usemtl boeing747_material1
f 606//952 595//947 604//946 
usemtl Polygon_XSIPOLYCLS.boeing747_material2
f 37//79 34//80 33//81 
usemtl boeing747_material1
f 608//959 596//957 606//953 
usemtl Polygon_XSIPOLYCLS.boeing747_material2
f 39//85 34//86 37//87 
usemtl boeing747_material1
f 611//963 588//961 590//960 
usemtl boeing747_material1
f 612//970 600//965 611//964 
usemtl boeing747_material1
f 574//976 576//975 676//971 
usemtl Polygon_XSIPOLYCLS.boeing747_material2
f 45//97 42//98 41//99 
usemtl Polygon_XSIPOLYCLS.boeing747_material2
f 614//979 604//978 675//977 
usemtl Polygon_XSIPOLYCLS.boeing747_material2
f 47//103 42//104 45//105 
usemtl boeing747_material1
f 616//983 604//981 614//980 
usemtl boeing747_material1
f 619//993 606//988 616//987 
usemtl boeing747_material1
f 620//997 590//995 592//994 
usemtl Polygon_XSIPOLYCLS.boeing747_material2
f 53//115 50//116 49//117 
usemtl boeing747_material1
f 622//1001 611//999 620//998 
usemtl Polygon_XSIPOLYCLS.boeing747_material2
f 55//121 50//122 53//123 
usemtl boeing747_material1
f 576//1007 691//1006 676//1005 
usemtl Polygon_XSIPOLYCLS.boeing747_material2
f 624//1013 614//1012 675//1011 
usemtl boeing747_material1
f 627//1017 614//1015 624//1014 
usemtl Polygon_XSIPOLYCLS.boeing747_material2
f 61//133 58//134 57//135 
usemtl boeing747_material1
f 628//1024 616//1019 627//1018 
usemtl Polygon_XSIPOLYCLS.boeing747_material2
f 63//139 58//140 61//141 
usemtl boeing747_material1
f 630//1031 592//1029 579//1025 
usemtl boeing747_material1
f 99//76 128//74 115//73 
usemtl boeing747_material1
f 126//83 131//78 142//77 
usemtl Polygon_XSIPOLYCLS.boeing747_material2
f 69//151 66//152 65//153 
usemtl boeing747_material1
f 124//90 142//88 140//84 
usemtl Polygon_XSIPOLYCLS.boeing747_material2
f 71//157 66//158 69//159 
usemtl boeing747_material1
f 123//94 140//92 139//91 
usemtl boeing747_material1
f 120//101 139//96 136//95 
usemtl boeing747_material1
f 118//108 136//106 134//102 
usemtl Polygon_XSIPOLYCLS.boeing747_material2
f 77//169 74//170 73//171 
usemtl boeing747_material1
f 116//112 134//110 132//109 
usemtl Polygon_XSIPOLYCLS.boeing747_material2
f 79//175 74//176 77//177 
usemtl boeing747_material1
f 128//119 132//114 147//113 
usemtl boeing747_material1
f 115//126 147//124 131//120 
usemtl boeing747_material1
f 142//130 144//128 220//127 
usemtl Polygon_XSIPOLYCLS.boeing747_material2
f 85//187 82//188 81//189 
usemtl boeing747_material1
f 140//137 220//132 216//131 
usemtl Polygon_XSIPOLYCLS.boeing747_material2
f 87//193 82//194 85//195 
usemtl boeing747_material1
f 139//144 216//142 203//138 
usemtl boeing747_material1
f 136//1305 203//1303 192//1302 
usemtl boeing747_material1
f 134//1312 192//1307 180//1306 
usemtl Polygon_XSIPOLYCLS.boeing747_material2
f 93//205 90//206 89//207 
usemtl boeing747_material1
f 132//1319 180//1317 172//1313 
usemtl Polygon_XSIPOLYCLS.boeing747_material2
f 95//211 90//212 93//213 
usemtl boeing747_material1
f 147//1323 172//1321 256//1320 
usemtl boeing747_material1
f 131//1330 256//1325 144//1324 
usemtl boeing747_material1
f 156//1337 168//1335 228//1331 
usemtl Polygon_XSIPOLYCLS.boeing747_material2
f 101//223 98//224 97//225 
usemtl boeing747_material1
f 158//1341 179//1339 168//1338 
usemtl Polygon_XSIPOLYCLS.boeing747_material2
f 103//229 98//230 101//231 
usemtl boeing747_material1
f 160//1348 188//1343 179//1342 
usemtl boeing747_material1
f 163//1355 196//1353 188//1349 
usemtl boeing747_material1
f 148//1359 208//1357 196//1356 
usemtl Polygon_XSIPOLYCLS.boeing747_material2
f 109//241 106//242 105//243 
usemtl boeing747_material1
f 150//1366 219//1361 208//1360 
usemtl Polygon_XSIPOLYCLS.boeing747_material2
f 111//247 106//248 109//249 
usemtl boeing747_material1
f 152//1373 232//1371 219//1367 
usemtl boeing747_material1
f 155//1377 228//1375 232//1374 
usemtl Polygon_XSIPOLYCLS.boeing747_material2
f 725//1383 30//1379 164//1378 
usemtl Polygon_XSIPOLYCLS.boeing747_material2
f 117//259 114//260 113//261 
usemtl boeing747_material1
f 164//1390 32//1385 166//1384 
usemtl Polygon_XSIPOLYCLS.boeing747_material2
f 119//265 114//266 117//267 
usemtl boeing747_material1
f 166//1394 228//1392 168//1391 
usemtl boeing747_material1
f 158//1401 230//1396 171//1395 
usemtl boeing747_material1
f 171//1408 256//1403 172//1402 
usemtl Polygon_XSIPOLYCLS.boeing747_material2
f 125//277 122//278 121//279 
usemtl boeing747_material1
f 1147//1411 84//1410 96//1409 
usemtl Polygon_XSIPOLYCLS.boeing747_material2
f 127//283 122//284 125//285 
usemtl Polygon_XSIPOLYCLS.boeing747_material2
f 725//1414 164//1413 174//1412 
usemtl boeing747_material1
f 174//1421 166//1419 176//1415 
usemtl boeing747_material1
f 176//1428 168//1426 179//1425 
usemtl Polygon_XSIPOLYCLS.boeing747_material2
f 133//295 130//296 129//297 
usemtl boeing747_material1
f 160//1432 171//1430 184//1429 
usemtl Polygon_XSIPOLYCLS.boeing747_material2
f 135//301 130//302 133//303 
usemtl boeing747_material1
f 184//1439 172//1437 180//1433 
usemtl boeing747_material1
f 1147//1445 86//1444 84//1443 
usemtl Polygon_XSIPOLYCLS.boeing747_material2
f 725//1448 174//1447 182//1446 
usemtl Polygon_XSIPOLYCLS.boeing747_material2
f 141//313 138//314 137//315 
usemtl boeing747_material1
f 182//1455 176//1450 187//1449 
usemtl Polygon_XSIPOLYCLS.boeing747_material2
f 143//319 138//320 141//321 
usemtl boeing747_material1
f 187//1462 179//1457 188//1456 
usemtl boeing747_material1
f 163//1466 184//1464 190//1463 
usemtl boeing747_material1
f 190//1473 180//1468 192//1467 
usemtl Polygon_XSIPOLYCLS.boeing747_material2
f 149//331 146//332 145//333 
usemtl boeing747_material1
f 1147//1479 88//1475 86//1474 
usemtl Polygon_XSIPOLYCLS.boeing747_material2
f 151//337 146//338 149//339 
usemtl Polygon_XSIPOLYCLS.boeing747_material2
f 725//1482 182//1481 195//1480 
usemtl boeing747_material1
f 195//1486 187//1484 200//1483 
usemtl boeing747_material1
f 200//1493 188//1491 196//1487 
usemtl Polygon_XSIPOLYCLS.boeing747_material2
f 157//349 154//350 153//351 
usemtl boeing747_material1
f 148//1500 190//1498 198//1497 
usemtl Polygon_XSIPOLYCLS.boeing747_material2
f 159//355 154//356 157//357 
usemtl boeing747_material1
f 198//1504 192//1502 203//1501 
usemtl boeing747_material1
f 1147//1510 91//1509 88//1505 
usemtl Polygon_XSIPOLYCLS.boeing747_material2
f 725//1516 195//1515 204//1511 
usemtl Polygon_XSIPOLYCLS.boeing747_material2
f 165//367 162//368 161//369 
usemtl boeing747_material1
f 204//1520 200//1518 206//1517 
usemtl Polygon_XSIPOLYCLS.boeing747_material2
f 167//373 162//374 165//375 
usemtl boeing747_material1
f 206//1527 196//1522 208//1521 
usemtl boeing747_material1
f 150//1534 198//1529 211//1528 
usemtl boeing747_material1
f 211//3739 203//3703 216//1535 
usemtl Polygon_XSIPOLYCLS.boeing747_material2
f 173//385 170//386 169//387 
usemtl boeing747_material1
f 1147//4065 92//4058 91//4039 
usemtl Polygon_XSIPOLYCLS.boeing747_material2
f 175//391 170//392 173//393 
usemtl Polygon_XSIPOLYCLS.boeing747_material2
f 725//3795 204//3776 212//3758 
usemtl boeing747_material1
f 212//4077 206//3908 214//3891 
usemtl boeing747_material1
f 152//4301 211//4170 224//3469 
usemtl Polygon_XSIPOLYCLS.boeing747_material2
f 181//403 178//404 177//405 
usemtl boeing747_material1
f 224//145 216//4351 220//4326 
usemtl Polygon_XSIPOLYCLS.boeing747_material2
f 183//409 178//410 181//411 
usemtl boeing747_material1
f 214//3470 208//4113 219//4094 
usemtl boeing747_material1
f 1147//148 94//147 92//146 
usemtl Polygon_XSIPOLYCLS.boeing747_material2
f 725//154 212//150 222//149 
usemtl Polygon_XSIPOLYCLS.boeing747_material2
f 189//421 186//422 185//423 
usemtl boeing747_material1
f 222//161 214//156 227//155 
usemtl Polygon_XSIPOLYCLS.boeing747_material2
f 191//427 186//428 189//429 
usemtl boeing747_material1
f 227//165 219//163 232//162 
usemtl boeing747_material1
f 155//172 224//167 27//166 
usemtl boeing747_material1
f 1147//182 28//181 94//180 
usemtl Polygon_XSIPOLYCLS.boeing747_material2
f 197//439 194//440 193//441 
usemtl Polygon_XSIPOLYCLS.boeing747_material2
f 725//185 222//184 30//183 
usemtl Polygon_XSIPOLYCLS.boeing747_material2
f 199//445 194//446 197//447 
usemtl boeing747_material1
f 27//179 220//174 144//173 
usemtl boeing747_material1
f 30//192 227//190 32//186 
usemtl boeing747_material1
f 32//199 232//197 228//196 
usemtl Polygon_XSIPOLYCLS.boeing747_material2
f 205//457 202//458 201//459 
usemtl boeing747_material1
f 156//203 27//201 230//200 
usemtl Polygon_XSIPOLYCLS.boeing747_material2
f 207//463 202//464 205//465 
usemtl boeing747_material1
f 230//210 144//208 256//204 
usemtl boeing747_material1
f 1147//216 96//215 28//214 
usemtl boeing747_material1
f 320//222 705//221 259//220 
usemtl Polygon_XSIPOLYCLS.boeing747_material2
f 213//475 210//476 209//477 
usemtl boeing747_material1
f 235//276 705//227 264//226 
usemtl Polygon_XSIPOLYCLS.boeing747_material2
f 215//481 210//482 213//483 
usemtl boeing747_material1
f 254//234 705//233 320//232 
usemtl boeing747_material1
f 731//505 753//497 754//496 
usemtl boeing747_material1
f 748//521 752//507 753//506 
usemtl Polygon_XSIPOLYCLS.boeing747_material2
f 221//493 218//494 217//495 
usemtl boeing747_material1
f 719//250 284//246 717//245 
usemtl Polygon_XSIPOLYCLS.boeing747_material2
f 223//499 218//500 221//501 
usemtl boeing747_material1
f 743//57 751//55 752//522 
usemtl boeing747_material1
f 717//253 235//252 1631//251 
usemtl boeing747_material1
f 252//289 284//281 286//280 
usemtl Polygon_XSIPOLYCLS.boeing747_material2
f 229//511 226//512 225//513 
usemtl boeing747_material1
f 719//288 717//287 1631//286 
usemtl Polygon_XSIPOLYCLS.boeing747_material2
f 231//517 226//518 229//519 
usemtl boeing747_material1
f 738//64 678//59 751//58 
usemtl boeing747_material1
f 70//397 540//395 5//394 
usemtl boeing747_material1
f 8//413 5//399 539//398 
usemtl Polygon_XSIPOLYCLS.boeing747_material2
f 237//529 234//530 233//531 
usemtl Polygon_XSIPOLYCLS.boeing747_material2
f 234//532 237//533 239//534 
usemtl boeing747_material1
f 80//419 67//417 18//416 
usemtl boeing747_material1
f 291//5763 372//5761 1145//5745 
usemtl boeing747_material1
f 985//2731 973//3297 991//3471 
usemtl boeing747_material1
f 1145//5781 1452//5776 348//5764 
usemtl Polygon_XSIPOLYCLS.boeing747_material2
f 245//549 1410//551 1409//552 
usemtl boeing747_material1
f 340//1216 328//1214 339//1213 
usemtl boeing747_material1
f 342//1223 756//1221 755//1217 
usemtl boeing747_material1
f 364//1230 332//1228 342//1227 
usemtl boeing747_material1
f 1452//5783 358//5725 348//5724 
usemtl boeing747_material1
f 923//2594 927//2596 926//2597 
usemtl Polygon_XSIPOLYCLS.boeing747_material2
f 253//568 250//569 249//570 
usemtl Polygon_XSIPOLYCLS.boeing747_material2
f 242//571 1409//573 1410//574 
usemtl boeing747_material1
f 368//5858 291//5832 358//5831 
usemtl Polygon_XSIPOLYCLS.boeing747_material2
f 250//579 253//580 255//581 
usemtl boeing747_material1
f 930//2469 923//1969 922//1970 
usemtl boeing747_material1
f 1067//592 1308//544 1066//542 
usemtl Polygon_XSIPOLYCLS.boeing747_material2
f 261//588 258//589 257//590 
usemtl boeing747_material1
f 1302//747 1066//548 1221//546 
usemtl Polygon_XSIPOLYCLS.boeing747_material2
f 263//594 258//595 261//596 
usemtl boeing747_material1
f 945//764 943//763 942//762 
usemtl boeing747_material1
f 1221//565 22//547 1215//543 
usemtl boeing747_material1
f 1300//577 1221//575 1215//567 
usemtl Polygon_XSIPOLYCLS.boeing747_material2
f 269//606 266//607 265//608 
usemtl boeing747_material1
f 1024//2699 1009//2729 1025//2730 
usemtl Polygon_XSIPOLYCLS.boeing747_material2
f 271//612 266//613 269//614 
usemtl boeing747_material1
f 1307//582 1224//541 22//540 
usemtl boeing747_material1
f 380//6007 371//6006 368//6005 
usemtl boeing747_material1
f 372//6031 1372//4866 1452//6008 
usemtl Polygon_XSIPOLYCLS.boeing747_material2
f 277//624 274//625 273//626 
usemtl Polygon_XSIPOLYCLS.boeing747_material2
f 2165//4208 2167//4165 2166//4070 
usemtl Polygon_XSIPOLYCLS.boeing747_material2
f 279//630 274//631 277//632 
usemtl Polygon_XSIPOLYCLS.boeing747_material2
f 1374//4265 366//4246 1371//4227 
usemtl boeing747_material1
f 1332//620 395//618 392//617 
usemtl Polygon_XSIPOLYCLS.boeing747_material2
f 384//1759 363//1945 913//3647 
usemtl Polygon_XSIPOLYCLS.boeing747_material2
f 285//642 282//643 281//644 
usemtl boeing747_material1
f 1224//605 1215//603 22//584 
usemtl Polygon_XSIPOLYCLS.boeing747_material2
f 287//648 282//649 285//650 
usemtl boeing747_material1
f 22//587 1308//585 1307//566 
usemtl boeing747_material1
f 300//5574 308//5461 299//4862 
usemtl boeing747_material1
f 540//343 572//341 262//340 
usemtl Polygon_XSIPOLYCLS.boeing747_material2
f 293//660 290//661 289//662 
usemtl boeing747_material1
f 722//329 566//327 555//326 
usemtl Polygon_XSIPOLYCLS.boeing747_material2
f 295//666 290//667 293//668 
usemtl Polygon_XSIPOLYCLS.boeing747_material2
f 336//1205 326//1204 734//1203 
usemtl boeing747_material1
f 714//4695 260//4458 721//3402 
usemtl boeing747_material1
f 268//4514 304//3383 714//4697 
usemtl Polygon_XSIPOLYCLS.boeing747_material2
f 301//678 298//679 297//680 
usemtl boeing747_material1
f 75//449 14//435 11//434 
usemtl Polygon_XSIPOLYCLS.boeing747_material2
f 303//684 298//685 301//686 
usemtl boeing747_material1
f 302//2595 251//4608 713//3477 
usemtl boeing747_material1
f 72//451 70//443 8//442 
usemtl boeing747_material1
f 721//4836 275//4683 714//4665 
usemtl Polygon_XSIPOLYCLS.boeing747_material2
f 309//696 306//697 305//698 
usemtl boeing747_material1
f 2//311 344//309 564//308 
usemtl Polygon_XSIPOLYCLS.boeing747_material2
f 311//702 306//703 309//704 
usemtl boeing747_material1
f 302//4776 260//3344 304//3325 
usemtl boeing747_material1
f 711//3459 275//4627 302//3440 
usemtl boeing747_material1
f 67//365 2//363 1589//362 
usemtl Polygon_XSIPOLYCLS.boeing747_material2
f 317//714 314//715 313//716 
usemtl boeing747_material1
f 68//361 539//359 2//358 
usemtl Polygon_XSIPOLYCLS.boeing747_material2
f 319//720 314//721 317//722 
usemtl boeing747_material1
f 252//307 320//306 709//305 
usemtl boeing747_material1
f 280//5387 288//5389 278//5501 
usemtl boeing747_material1
f 805//2062 809//2057 1422//2015 
usemtl Polygon_XSIPOLYCLS.boeing747_material2
f 325//732 322//733 321//734 
usemtl boeing747_material1
f 272//6037 374//5693 360//5987 
usemtl Polygon_XSIPOLYCLS.boeing747_material2
f 327//738 322//739 325//740 
usemtl Polygon_XSIPOLYCLS.boeing747_material2
f 1260//3119 1261//3123 1265//3124 
usemtl boeing747_material1
f 933//2072 937//2467 936//2468 
usemtl boeing747_material1
f 1302//601 1307//599 1308//597 
usemtl Polygon_XSIPOLYCLS.boeing747_material2
f 333//750 330//751 329//752 
usemtl boeing747_material1
f 933//1916 940//2069 937//2071 
usemtl Polygon_XSIPOLYCLS.boeing747_material2
f 335//756 330//757 333//758 
usemtl Polygon_XSIPOLYCLS.boeing747_material2
f 1269//3118 1268//3132 1266//3140 
usemtl boeing747_material1
f 7//3278 13//3452 276//4902 
usemtl boeing747_material1
f 1334//627 392//622 390//621 
usemtl Polygon_XSIPOLYCLS.boeing747_material2
f 341//768 338//769 337//770 
usemtl boeing747_material1
f 238//5518 308//5498 292//5331 
usemtl Polygon_XSIPOLYCLS.boeing747_material2
f 343//774 338//775 341//776 
usemtl boeing747_material1
f 7//1668 19//4290 17//4291 
usemtl boeing747_material1
f 18//372 1589//370 727//366 
usemtl boeing747_material1
f 16//379 727//377 722//376 
usemtl Polygon_XSIPOLYCLS.boeing747_material2
f 349//786 346//787 345//788 
usemtl boeing747_material1
f 108//1575 126//1573 124//1572 
usemtl Polygon_XSIPOLYCLS.boeing747_material2
f 351//792 346//793 349//794 
usemtl boeing747_material1
f 1374//3984 356//3965 316//3946 
usemtl boeing747_material1
f 356//4151 366//4020 316//4001 
usemtl boeing747_material1
f 632//1035 620//1033 630//1032 
usemtl Polygon_XSIPOLYCLS.boeing747_material2
f 357//804 354//805 353//806 
usemtl boeing747_material1
f 104//1589 123//1587 120//1583 
usemtl Polygon_XSIPOLYCLS.boeing747_material2
f 359//810 354//811 357//812 
usemtl boeing747_material1
f 1371//4747 360//4503 1374//4159 
usemtl boeing747_material1
f 100//1546 118//1541 116//1540 
usemtl boeing747_material1
f 366//5266 272//4974 1371//4823 
usemtl Polygon_XSIPOLYCLS.boeing747_material2
f 365//822 362//823 361//824 
usemtl boeing747_material1
f 2179//5341 2209//5453 2210//5471 
usemtl Polygon_XSIPOLYCLS.boeing747_material2
f 367//828 362//829 365//830 
usemtl boeing747_material1
f 2211//5638 2229//5664 2180//3826 
usemtl boeing747_material1
f 347//5378 356//5322 1373//5675 
usemtl boeing747_material1
f 2224//5414 2170//2073 2172//5303 
usemtl Polygon_XSIPOLYCLS.boeing747_material2
f 373//840 370//841 369//842 
usemtl Polygon_XSIPOLYCLS.boeing747_material2
f 2217//3666 2216//3827 918//5601 
usemtl Polygon_XSIPOLYCLS.boeing747_material2
f 375//846 370//847 373//848 
usemtl boeing747_material1
f 270//1729 2169//1731 2165//1748 
usemtl boeing747_material1
f 930//1744 929//5544 927//5563 
usemtl Polygon_XSIPOLYCLS.boeing747_material2
f 2212//1760 2230//1733 2229//5582 
usemtl Polygon_XSIPOLYCLS.boeing747_material2
f 381//858 378//859 377//860 
usemtl boeing747_material1
f 270//3684 294//2044 1449//2043 
usemtl Polygon_XSIPOLYCLS.boeing747_material2
f 383//864 378//865 381//866 
usemtl Polygon_XSIPOLYCLS.boeing747_material2
f 928//5620 2216//5627 2217//4522 
usemtl boeing747_material1
f 531//4939 1298//4940 1339//3207 
usemtl Polygon_XSIPOLYCLS.boeing747_material2
f 528//5013 448//5014 459//4923 
usemtl Polygon_XSIPOLYCLS.boeing747_material2
f 389//876 386//877 385//878 
usemtl boeing747_material1
f 459//5701 451//5688 460//4998 
usemtl Polygon_XSIPOLYCLS.boeing747_material2
f 391//882 386//883 389//884 
usemtl boeing747_material1
f 460//1628 452//4978 462//4979 
usemtl boeing747_material1
f 444//1635 454//1630 464//1629 
usemtl boeing747_material1
f 464//1642 456//1637 467//1636 
usemtl Polygon_XSIPOLYCLS.boeing747_material2
f 397//894 394//895 393//896 
usemtl boeing747_material1
f 531//1609 1330//1608 1298//1643 
usemtl Polygon_XSIPOLYCLS.boeing747_material2
f 399//900 394//901 397//902 
usemtl Polygon_XSIPOLYCLS.boeing747_material2
f 528//1612 459//1611 468//1610 
usemtl boeing747_material1
f 468//1619 460//1617 470//1613 
usemtl boeing747_material1
f 470//1590 462//1624 472//1623 
usemtl Polygon_XSIPOLYCLS.boeing747_material2
f 405//912 402//913 401//914 
usemtl boeing747_material1
f 446//1594 464//1592 475//1591 
usemtl Polygon_XSIPOLYCLS.boeing747_material2
f 407//918 402//919 405//920 
usemtl boeing747_material1
f 475//1601 467//1599 476//1595 
usemtl boeing747_material1
f 531//1607 1331//1606 1330//1605 
usemtl Polygon_XSIPOLYCLS.boeing747_material2
f 528//5464 468//5463 478//5462 
usemtl Polygon_XSIPOLYCLS.boeing747_material2
f 413//930 410//931 409//932 
usemtl boeing747_material1
f 478//5535 470//5556 480//5555 
usemtl Polygon_XSIPOLYCLS.boeing747_material2
f 415//936 410//937 413//938 
usemtl boeing747_material1
f 480//5550 472//5537 483//5536 
usemtl boeing747_material1
f 432//5425 475//5388 484//5551 
usemtl boeing747_material1
f 484//5481 476//5479 486//5426 
usemtl Polygon_XSIPOLYCLS.boeing747_material2
f 421//948 418//949 417//950 
usemtl boeing747_material1
f 531//5203 1334//5202 1331//5201 
usemtl Polygon_XSIPOLYCLS.boeing747_material2
f 423//954 418//955 421//956 
usemtl Polygon_XSIPOLYCLS.boeing747_material2
f 528//5613 478//5612 488//5516 
usemtl boeing747_material1
f 488//5632 480//5630 491//5614 
usemtl boeing747_material1
f 491//5575 483//5669 492//5668 
usemtl Polygon_XSIPOLYCLS.boeing747_material2
f 429//966 426//967 425//968 
usemtl boeing747_material1
f 435//5594 484//5592 494//5576 
usemtl Polygon_XSIPOLYCLS.boeing747_material2
f 431//972 426//973 429//974 
usemtl boeing747_material1
f 494//5648 486//5611 496//5595 
usemtl boeing747_material1
f 531//5651 1332//5650 1334//5649 
usemtl Polygon_XSIPOLYCLS.boeing747_material2
f 528//5291 488//5290 499//5667 
usemtl Polygon_XSIPOLYCLS.boeing747_material2
f 437//984 434//985 433//986 
usemtl boeing747_material1
f 499//5289 491//5293 500//5292 
usemtl Polygon_XSIPOLYCLS.boeing747_material2
f 439//990 434//991 437//992 
usemtl boeing747_material1
f 500//5554 492//5573 502//5519 
usemtl boeing747_material1
f 436//4863 494//6081 504//6080 
usemtl boeing747_material1
f 504//6086 496//6084 507//6083 
usemtl Polygon_XSIPOLYCLS.boeing747_material2
f 445//1002 442//1003 441//1004 
usemtl boeing747_material1
f 531//5702 1340//4882 1332//6087 
usemtl Polygon_XSIPOLYCLS.boeing747_material2
f 447//1008 442//1009 445//1010 
usemtl Polygon_XSIPOLYCLS.boeing747_material2
f 528//5933 499//5704 508//5703 
usemtl boeing747_material1
f 508//6033 500//5956 510//5955 
usemtl boeing747_material1
f 510//6058 502//6056 512//6055 
usemtl Polygon_XSIPOLYCLS.boeing747_material2
f 453//1020 450//1021 449//1022 
usemtl boeing747_material1
f 438//5957 504//5931 515//5930 
usemtl Polygon_XSIPOLYCLS.boeing747_material2
f 455//1026 450//1027 453//1028 
usemtl boeing747_material1
f 515//3240 507//5980 428//5958 
usemtl boeing747_material1
f 531//5705 516//3242 1340//3241 
usemtl Polygon_XSIPOLYCLS.boeing747_material2
f 528//5723 508//5707 518//5706 
usemtl Polygon_XSIPOLYCLS.boeing747_material2
f 461//1038 458//1039 457//1040 
usemtl boeing747_material1
f 518//5777 510//5743 520//5742 
usemtl Polygon_XSIPOLYCLS.boeing747_material2
f 463//1044 458//1045 461//1046 
usemtl boeing747_material1
f 520//5808 512//5779 523//5778 
usemtl boeing747_material1
f 440//5857 515//5855 524//5830 
usemtl boeing747_material1
f 524//5907 428//5806 526//5805 
usemtl Polygon_XSIPOLYCLS.boeing747_material2
f 469//1056 466//1057 465//1058 
usemtl boeing747_material1
f 531//5882 1339//5782 516//5908 
usemtl Polygon_XSIPOLYCLS.boeing747_material2
f 471//1062 466//1063 469//1064 
usemtl boeing747_material1
f 558//5296 536//5295 548//5294 
usemtl boeing747_material1
f 558//5983 568//5982 544//5881 
usemtl boeing747_material1
f 563//4295 536//4865 571//5332 
usemtl Polygon_XSIPOLYCLS.boeing747_material2
f 477//1074 474//1075 473//1076 
usemtl boeing747_material1
f 548//5445 568//5405 558//5390 
usemtl Polygon_XSIPOLYCLS.boeing747_material2
f 479//1080 474//1081 477//1082 
usemtl boeing747_material1
f 733//503 75//489 382//488 
usemtl boeing747_material1
f 334//455 72//453 236//452 
usemtl boeing747_material1
f 547//3863 563//3915 532//3921 
usemtl Polygon_XSIPOLYCLS.boeing747_material2
f 485//1092 482//1093 481//1094 
usemtl boeing747_material1
f 532//3807 556//3808 552//3824 
usemtl Polygon_XSIPOLYCLS.boeing747_material2
f 487//1098 482//1099 485//1100 
usemtl boeing747_material1
f 324//462 236//460 83//456 
usemtl boeing747_material1
f 243//469 83//467 80//466 
usemtl boeing747_material1
f 550//3280 563//3281 547//3433 
usemtl Polygon_XSIPOLYCLS.boeing747_material2
f 493//1110 490//1111 489//1112 
usemtl boeing747_material1
f 552//1686 556//1687 560//3279 
usemtl Polygon_XSIPOLYCLS.boeing747_material2
f 495//1116 490//1117 493//1118 
usemtl boeing747_material1
f 364//492 382//490 72//504 
usemtl boeing747_material1
f 544//4102 560//4147 556//4277 
usemtl boeing747_material1
f 547//4144 532//4145 552//4146 
usemtl Polygon_XSIPOLYCLS.boeing747_material2
f 501//1128 498//1129 497//1130 
usemtl boeing747_material1
f 741//474 78//472 76//486 
usemtl Polygon_XSIPOLYCLS.boeing747_material2
f 503//1134 498//1135 501//1136 
usemtl boeing747_material1
f 746//487 76//479 75//478 
usemtl boeing747_material1
f 736//485 80//471 78//470 
usemtl boeing747_material1
f 536//3883 558//3884 571//3899 
usemtl Polygon_XSIPOLYCLS.boeing747_material2
f 509//1146 506//1147 505//1148 
usemtl boeing747_material1
f 688//559 662//3844 696//3845 
usemtl Polygon_XSIPOLYCLS.boeing747_material2
f 511//1152 506//1153 509//1154 
usemtl boeing747_material1
f 686//1679 696//3956 694//558 
usemtl boeing747_material1
f 684//1650 694//1669 692//1677 
usemtl boeing747_material1
f 683//560 692//1648 691//1649 
usemtl Polygon_XSIPOLYCLS.boeing747_material2
f 517//1164 514//1165 513//1166 
usemtl boeing747_material1
f 704//4753 691//1666 576//1667 
usemtl Polygon_XSIPOLYCLS.boeing747_material2
f 519//1170 514//1171 517//1172 
usemtl boeing747_material1
f 702//3 576//1 574//4202 
usemtl boeing747_material1
f 15//7 574//5 699//4 
usemtl boeing747_material1
f 700//11 699//9 662//8 
usemtl Polygon_XSIPOLYCLS.boeing747_material2
f 525//1182 522//1183 521//1184 
usemtl boeing747_material1
f 46//15 700//13 688//12 
usemtl Polygon_XSIPOLYCLS.boeing747_material2
f 527//1188 522//1189 525//1190 
usemtl boeing747_material1
f 44//19 688//17 686//16 
usemtl boeing747_material1
f 43//23 686//21 684//20 
usemtl boeing747_material1
f 40//27 684//25 683//24 
usemtl Polygon_XSIPOLYCLS.boeing747_material2
f 533//1200 530//1201 529//1202 
usemtl boeing747_material1
f 38//31 683//29 704//28 
usemtl Polygon_XSIPOLYCLS.boeing747_material2
f 535//1206 530//1207 533//1208 
usemtl boeing747_material1
f 36//35 704//33 702//32 
usemtl boeing747_material1
f 48//39 702//37 15//36 
usemtl boeing747_material1
f 35//43 15//41 700//40 
usemtl Polygon_XSIPOLYCLS.boeing747_material2
f 541//1218 538//1219 537//1220 
usemtl boeing747_material1
f 62//47 35//45 46//44 
usemtl Polygon_XSIPOLYCLS.boeing747_material2
f 543//1224 538//1225 541//1226 
usemtl boeing747_material1
f 60//51 46//49 44//48 
usemtl boeing747_material1
f 59//2457 44//53 43//52 
usemtl boeing747_material1
f 56//2286 43//2292 40//2456 
usemtl Polygon_XSIPOLYCLS.boeing747_material2
f 549//1236 546//1237 545//1238 
usemtl boeing747_material1
f 54//2245 40//2284 38//2285 
usemtl Polygon_XSIPOLYCLS.boeing747_material2
f 551//1242 546//1243 549//1244 
usemtl boeing747_material1
f 52//2194 38//2196 36//2244 
usemtl boeing747_material1
f 355//1656 36//2753 48//2193 
usemtl boeing747_material1
f 51//2920 48//2922 35//555 
usemtl Polygon_XSIPOLYCLS.boeing747_material2
f 557//1254 554//1255 553//1256 
usemtl boeing747_material1
f 652//2916 51//2918 62//2919 
usemtl Polygon_XSIPOLYCLS.boeing747_material2
f 559//1260 554//1261 557//1262 
usemtl boeing747_material1
f 643//2912 62//2914 60//2915 
usemtl boeing747_material1
f 632//2908 60//2910 59//2911 
usemtl boeing747_material1
f 622//3005 59//3007 56//2907 
usemtl Polygon_XSIPOLYCLS.boeing747_material2
f 565//1272 562//1273 561//1274 
usemtl boeing747_material1
f 612//3001 56//3003 54//3004 
usemtl Polygon_XSIPOLYCLS.boeing747_material2
f 567//1278 562//1279 565//1280 
usemtl boeing747_material1
f 603//2997 54//2999 52//3000 
usemtl boeing747_material1
f 672//2993 52//2995 355//2996 
usemtl boeing747_material1
f 64//3021 355//3023 51//2992 
usemtl Polygon_XSIPOLYCLS.boeing747_material2
f 573//1290 570//1291 569//1292 
usemtl boeing747_material1
f 668//2924 588//2926 587//3020 
usemtl Polygon_XSIPOLYCLS.boeing747_material2
f 575//1296 570//1297 573//1298 
usemtl boeing747_material1
f 598//872 590//870 588//2923 
usemtl boeing747_material1
f 691//1041 692//1037 676//1036 
usemtl Polygon_XSIPOLYCLS.boeing747_material2
f 635//1047 624//1043 675//1042 
usemtl Polygon_XSIPOLYCLS.boeing747_material2
f 581//1308 578//1309 577//1310 
usemtl boeing747_material1
f 636//1051 624//1049 635//1048 
usemtl Polygon_XSIPOLYCLS.boeing747_material2
f 583//1314 578//1315 581//1316 
usemtl boeing747_material1
f 638//1055 627//1053 636//1052 
usemtl boeing747_material1
f 640//1065 579//1060 580//1059 
usemtl boeing747_material1
f 643//1069 630//1067 640//1066 
usemtl Polygon_XSIPOLYCLS.boeing747_material2
f 589//1326 586//1327 585//1328 
usemtl boeing747_material1
f 692//1072 694//1071 676//1070 
usemtl Polygon_XSIPOLYCLS.boeing747_material2
f 591//1332 586//1333 589//1334 
usemtl Polygon_XSIPOLYCLS.boeing747_material2
f 644//1078 635//1077 675//1073 
usemtl boeing747_material1
f 646//1085 635//1083 644//1079 
usemtl boeing747_material1
f 648//1089 636//1087 646//1086 
usemtl Polygon_XSIPOLYCLS.boeing747_material2
f 597//1344 594//1345 593//1346 
usemtl boeing747_material1
f 651//1096 580//1091 582//1090 
usemtl Polygon_XSIPOLYCLS.boeing747_material2
f 599//1350 594//1351 597//1352 
usemtl boeing747_material1
f 652//1103 640//1101 651//1097 
usemtl boeing747_material1
f 694//1106 696//1105 676//1104 
usemtl Polygon_XSIPOLYCLS.boeing747_material2
f 654//1109 644//1108 675//1107 
usemtl Polygon_XSIPOLYCLS.boeing747_material2
f 605//1362 602//1363 601//1364 
usemtl boeing747_material1
f 656//1119 644//1114 654//1113 
usemtl Polygon_XSIPOLYCLS.boeing747_material2
f 607//1368 602//1369 605//1370 
usemtl boeing747_material1
f 659//1123 646//1121 656//1120 
usemtl boeing747_material1
f 660//1127 582//1125 584//1124 
usemtl boeing747_material1
f 64//1137 651//1132 660//1131 
usemtl Polygon_XSIPOLYCLS.boeing747_material2
f 613//1380 610//1381 609//1382 
usemtl boeing747_material1
f 696//1140 662//1139 676//1138 
usemtl Polygon_XSIPOLYCLS.boeing747_material2
f 615//1386 610//1387 613//1388 
usemtl Polygon_XSIPOLYCLS.boeing747_material2
f 664//1143 654//1142 675//1141 
usemtl boeing747_material1
f 667//1150 654//1145 664//1144 
usemtl boeing747_material1
f 668//1157 656//1155 667//1151 
usemtl Polygon_XSIPOLYCLS.boeing747_material2
f 621//1398 618//1399 617//1400 
usemtl boeing747_material1
f 670//1161 584//1159 587//1158 
usemtl Polygon_XSIPOLYCLS.boeing747_material2
f 623//1404 618//1405 621//1406 
usemtl boeing747_material1
f 672//1168 660//1163 670//1162 
usemtl boeing747_material1
f 662//1174 699//1173 676//1169 
usemtl boeing747_material1
f 267//71 680//66 678//65 
usemtl Polygon_XSIPOLYCLS.boeing747_material2
f 629//1416 626//1417 625//1418 
usemtl boeing747_material1
f 248//510 756//508 680//72 
usemtl Polygon_XSIPOLYCLS.boeing747_material2
f 631//1422 626//1423 629//1424 
usemtl boeing747_material1
f 331//5126 755//515 756//514 
usemtl boeing747_material1
f 340//4714 754//5143 755//5127 
usemtl Polygon_XSIPOLYCLS.boeing747_material2
f 750//5089 729//5088 734//4713 
usemtl Polygon_XSIPOLYCLS.boeing747_material2
f 637//1434 634//1435 633//1436 
usemtl boeing747_material1
f 749//4892 729//4854 750//5090 
usemtl Polygon_XSIPOLYCLS.boeing747_material2
f 639//1440 634//1441 637//1442 
usemtl boeing747_material1
f 748//5106 730//4739 749//4721 
usemtl boeing747_material1
f 747//5124 754//5108 753//5107 
usemtl boeing747_material1
f 746//4716 732//4791 747//5125 
usemtl Polygon_XSIPOLYCLS.boeing747_material2
f 645//1452 642//1453 641//1454 
usemtl boeing747_material1
f 534//3260 262//2664 735//2955 
usemtl Polygon_XSIPOLYCLS.boeing747_material2
f 647//1458 642//1459 645//1460 
usemtl Polygon_XSIPOLYCLS.boeing747_material2
f 745//4807 750//4808 734//4860 
usemtl boeing747_material1
f 744//4570 750//4814 745//4795 
usemtl boeing747_material1
f 743//2070 749//1914 744//4589 
usemtl Polygon_XSIPOLYCLS.boeing747_material2
f 653//1470 650//1471 649//1472 
usemtl boeing747_material1
f 742//3840 753//3815 752//1980 
usemtl Polygon_XSIPOLYCLS.boeing747_material2
f 655//1476 650//1477 653//1478 
usemtl boeing747_material1
f 741//3495 747//3872 742//3853 
usemtl boeing747_material1
f 262//3552 572//3533 735//3514 
usemtl Polygon_XSIPOLYCLS.boeing747_material2
f 740//3230 745//3746 734//3653 
usemtl Polygon_XSIPOLYCLS.boeing747_material2
f 661//1488 658//1489 657//1490 
usemtl boeing747_material1
f 739//4948 745//4911 740//3250 
usemtl Polygon_XSIPOLYCLS.boeing747_material2
f 663//1494 658//1495 661//1496 
usemtl boeing747_material1
f 738//5133 744//4986 739//4967 
usemtl boeing747_material1
f 94//1269 99//1267 110//1266 
usemtl boeing747_material1
f 92//1276 110//1271 108//1270 
usemtl Polygon_XSIPOLYCLS.boeing747_material2
f 669//1506 666//1507 665//1508 
usemtl boeing747_material1
f 91//1283 108//1281 107//1277 
usemtl Polygon_XSIPOLYCLS.boeing747_material2
f 671//1512 666//1513 669//1514 
usemtl boeing747_material1
f 88//1287 107//1285 104//1284 
usemtl boeing747_material1
f 86//1294 104//1289 102//1288 
usemtl boeing747_material1
f 84//1301 102//1299 100//1295 
usemtl Polygon_XSIPOLYCLS.boeing747_material2
f 677//1524 674//1525 673//1526 
usemtl boeing747_material1
f 96//1557 100//1555 112//1554 
usemtl Polygon_XSIPOLYCLS.boeing747_material2
f 679//1530 674//1531 677//1532 
usemtl boeing747_material1
f 28//1564 112//1559 99//1558 
usemtl boeing747_material1
f 598//925 667//923 596//922 
usemtl boeing747_material1
f 600//929 587//927 588//926 
usemtl Polygon_XSIPOLYCLS.boeing747_material2
f 685//1542 682//1543 681//1544 
usemtl boeing747_material1
f 603//939 670//934 600//933 
usemtl Polygon_XSIPOLYCLS.boeing747_material2
f 687//1548 682//1549 685//1550 
usemtl boeing747_material1
f 699//942 574//941 676//940 
usemtl boeing747_material1
f 608//879 592//874 590//873 
usemtl boeing747_material1
f 619//886 579//881 592//880 
usemtl Polygon_XSIPOLYCLS.boeing747_material2
f 693//1560 690//1561 689//1562 
usemtl boeing747_material1
f 628//890 580//888 579//887 
usemtl Polygon_XSIPOLYCLS.boeing747_material2
f 695//1566 690//1567 693//1568 
usemtl boeing747_material1
f 638//897 582//892 580//891 
usemtl boeing747_material1
f 648//904 584//899 582//898 
usemtl boeing747_material1
f 659//908 587//906 584//905 
usemtl Polygon_XSIPOLYCLS.boeing747_material2
f 701//1578 698//1579 697//1580 
usemtl Polygon_XSIPOLYCLS.boeing747_material2
f 595//911 664//910 675//909 
usemtl Polygon_XSIPOLYCLS.boeing747_material2
f 703//1584 698//1585 701//1586 
usemtl boeing747_material1
f 596//921 664//916 595//915 
usemtl boeing747_material1
f 102//1539 120//1537 118//1536 
usemtl boeing747_material1
f 12//3159 10//3161 350//4844 
usemtl Polygon_XSIPOLYCLS.boeing747_material2
f 708//1596 707//1597 710//1598 
usemtl Polygon_XSIPOLYCLS.boeing747_material2
f 1265//3101 1261//3102 826//3103 
usemtl Polygon_XSIPOLYCLS.boeing747_material2
f 710//1602 707//1603 712//1604 
usemtl boeing747_material1
f 24//754 1164//759 1057//760 
usemtl boeing747_material1
f 107//1582 124//1577 123//1576 
usemtl Polygon_XSIPOLYCLS.boeing747_material2
f 13//4527 19//4319 12//4282 
usemtl Polygon_XSIPOLYCLS.boeing747_material2
f 716//1614 715//1615 718//1616 
usemtl Polygon_XSIPOLYCLS.boeing747_material2
f 1356//743 812//744 813//745 
usemtl Polygon_XSIPOLYCLS.boeing747_material2
f 718//1620 715//1621 720//1622 
usemtl boeing747_material1
f 112//1553 116//1551 128//1547 
usemtl boeing747_material1
f 1451//4995 1450//1626 1455//1627 
usemtl boeing747_material1
f 6//1680 276//3628 350//3468 
usemtl Polygon_XSIPOLYCLS.boeing747_material2
f 724//1632 723//1633 726//1634 
usemtl Polygon_XSIPOLYCLS.boeing747_material2
f 2238//4521 2237//3467 2218//3313 
usemtl Polygon_XSIPOLYCLS.boeing747_material2
f 726//1638 723//1639 728//1640 
usemtl boeing747_material1
f 110//1571 115//1569 126//1565 
usemtl boeing747_material1
f 564//1233 344//1232 735//1231 
usemtl Polygon_XSIPOLYCLS.boeing747_material2
f 729//1239 336//1235 734//1234 
usemtl boeing747_material1
f 730//1246 336//1241 729//1240 
usemtl boeing747_material1
f 731//1250 339//1248 730//1247 
usemtl boeing747_material1
f 732//1257 755//1252 754//1251 
usemtl boeing747_material1
f 733//1264 342//1259 732//1258 
usemtl boeing747_material1
f 344//258 534//262 735//1265 
usemtl boeing747_material1
f 332//1192 680//1187 756//1186 
usemtl boeing747_material1
f 331//1185 246//1180 328//1179 
usemtl boeing747_material1
f 328//1178 244//1176 326//1175 
usemtl Polygon_XSIPOLYCLS.boeing747_material2
f 326//275 244//274 734//273 
usemtl boeing747_material1
f 566//257 542//256 735//255 
usemtl boeing747_material1
f 324//254 1454//240 323//239 
usemtl boeing747_material1
f 323//238 678//236 680//235 
usemtl boeing747_material1
f 248//1683 307//1685 246//4861 
usemtl boeing747_material1
f 246//5883 296//5552 244//5499 
usemtl Polygon_XSIPOLYCLS.boeing747_material2
f 244//1682 296//3994 734//3995 
usemtl boeing747_material1
f 555//3996 566//4089 735//4090 
usemtl boeing747_material1
f 243//3449 737//3562 1454//3958 
usemtl boeing747_material1
f 1454//3959 751//3640 678//3789 
usemtl boeing747_material1
f 267//3805 739//4010 307//5905 
usemtl boeing747_material1
f 307//2393 740//2389 296//4646 
usemtl Polygon_XSIPOLYCLS.boeing747_material2
f 296//4694 740//4533 734//5115 
usemtl boeing747_material1
f 572//5097 555//5079 735//5060 
usemtl boeing747_material1
f 736//5042 742//3306 737//3287 
usemtl boeing747_material1
f 737//3269 752//5171 751//5152 
usemtl Polygon_XSIPOLYCLS.boeing747_material2
f 879//304 882//299 886//263 
usemtl Polygon_XSIPOLYCLS.boeing747_material2
f 876//293 887//291 883//290 
usemtl boeing747_material1
f 884//553 889//298 885//294 
usemtl Polygon_XSIPOLYCLS.boeing747_material2
f 877//557 883//556 892//554 
usemtl boeing747_material1
f 1164//765 1231//767 1306//771 
usemtl Polygon_XSIPOLYCLS.boeing747_material2
f 880//1647 886//1645 887//1644 
usemtl boeing747_material1
f 1328//692 403//690 400//689 
usemtl boeing747_material1
f 891//1654 888//1653 885//1652 
usemtl Polygon_XSIPOLYCLS.boeing747_material2
f 886//1658 882//1657 892//1655 
usemtl boeing747_material1
f 889//1661 890//1660 885//1659 
usemtl Polygon_XSIPOLYCLS.boeing747_material2
f 883//1665 887//1664 892//1662 
usemtl boeing747_material1
f 78//426 18//424 16//420 
usemtl boeing747_material1
f 890//1672 891//1671 885//1670 
usemtl Polygon_XSIPOLYCLS.boeing747_material2
f 887//1676 886//1675 892//1674 
usemtl boeing747_material1
f 390//674 408//672 406//671 
usemtl boeing747_material1
f 299//5350 278//5334 288//5333 
usemtl Polygon_XSIPOLYCLS.boeing747_material2
f 20//772 24//777 1057//778 
usemtl boeing747_material1
f 903//1692 909//1690 902//1689 
usemtl boeing747_material1
f 902//1695 909//1694 904//1693 
usemtl boeing747_material1
f 910//1699 907//1697 906//1696 
usemtl boeing747_material1
f 911//1703 906//1701 905//1700 
usemtl boeing747_material1
f 909//1706 908//1705 904//1704 
usemtl boeing747_material1
f 905//1709 906//1708 907//1707 
usemtl boeing747_material1
f 908//1713 910//1711 911//1710 
usemtl boeing747_material1
f 916//1716 914//1715 915//1714 
usemtl boeing747_material1
f 914//1720 912//1718 919//1717 
usemtl boeing747_material1
f 917//1724 919//1722 912//1721 
usemtl boeing747_material1
f 915//1728 919//1726 920//1725 
usemtl Polygon_XSIPOLYCLS.boeing747_material2
f 2236//3312 2237//3296 2238//3295 
usemtl boeing747_material1
f 920//1735 919//1734 917//1732 
usemtl boeing747_material1
f 924//1739 922//1737 929//1736 
usemtl boeing747_material1
f 921//1742 924//1741 925//1740 
usemtl boeing747_material1
f 926//1746 927//1745 929//1743 
usemtl boeing747_material1
f 926//1755 922//1749 923//1747 
usemtl boeing747_material1
f 925//1753 929//1751 930//1750 
usemtl Polygon_XSIPOLYCLS.boeing747_material2
f 2249//3294 2245//3293 2243//2881 
usemtl Polygon_XSIPOLYCLS.boeing747_material2
f 2244//2880 2245//2879 2249//2878 
usemtl boeing747_material1
f 934//1764 932//1762 939//1761 
usemtl boeing747_material1
f 931//1767 934//1766 935//1765 
usemtl boeing747_material1
f 936//1770 938//1769 933//1768 
usemtl boeing747_material1
f 933//1774 939//1772 932//1771 
usemtl boeing747_material1
f 935//1778 939//1776 940//1775 
usemtl boeing747_material1
f 936//1781 937//1780 938//1779 
usemtl boeing747_material1
f 940//1785 938//1783 937//1782 
usemtl boeing747_material1
f 942//1789 947//1787 941//1786 
usemtl boeing747_material1
f 943//1792 946//1791 942//1790 
usemtl boeing747_material1
f 944//1796 941//1794 947//1793 
usemtl boeing747_material1
f 949//1800 947//1798 950//1797 
usemtl boeing747_material1
f 943//1803 945//1802 946//1801 
usemtl boeing747_material1
f 948//1806 944//1805 949//1804 
usemtl boeing747_material1
f 950//1810 946//1808 945//1807 
usemtl boeing747_material1
f 898//1814 900//1812 901//1811 
usemtl boeing747_material1
f 1346//1818 1058//1816 1165//1815 
usemtl boeing747_material1
f 1036//1822 1150//1820 969//1819 
usemtl boeing747_material1
f 1006//2562 959//2020 1170//2124 
usemtl boeing747_material1
f 964//1824 1010//1826 967//1827 
usemtl boeing747_material1
f 1010//1828 1004//1830 977//1831 
usemtl boeing747_material1
f 1216//1832 967//1834 966//1835 
usemtl boeing747_material1
f 899//1841 898//1840 897//1839 
usemtl boeing747_material1
f 1030//1845 1018//1843 1050//1842 
usemtl boeing747_material1
f 978//1849 1026//1847 1022//1846 
usemtl boeing747_material1
f 1165//1852 1058//1851 1120//1850 
usemtl boeing747_material1
f 901//1856 895//1854 896//1853 
usemtl boeing747_material1
f 893//1860 899//1858 894//1857 
usemtl boeing747_material1
f 894//1863 899//1862 897//1861 
usemtl boeing747_material1
f 896//1866 895//1865 955//1864 
usemtl Polygon_XSIPOLYCLS.boeing747_material2
f 986//1869 1151//1868 975//1867 
usemtl Polygon_XSIPOLYCLS.boeing747_material2
f 1293//3203 1318//2156 1319//2155 
usemtl boeing747_material1
f 1314//1878 1012//1876 988//1875 
usemtl boeing747_material1
f 967//1836 963//1838 964//1879 
usemtl boeing747_material1
f 1430//1984 1429//1871 802//1870 
usemtl boeing747_material1
f 1035//1890 1174//1888 1036//1887 
usemtl boeing747_material1
f 957//1894 1020//1892 1028//1891 
usemtl boeing747_material1
f 969//1898 1028//1896 1036//1895 
usemtl boeing747_material1
f 973//1902 1174//1900 1044//1899 
usemtl boeing747_material1
f 1061//1906 1114//1904 1079//1903 
usemtl Polygon_XSIPOLYCLS.boeing747_material2
f 1112//1909 1151//1908 976//1907 
usemtl boeing747_material1
f 395//663 398//658 411//657 
usemtl boeing747_material1
f 516//656 396//654 1338//653 
usemtl boeing747_material1
f 1122//1920 1157//1919 954//1918 
usemtl boeing747_material1
f 998//1924 954//1922 1157//1921 
usemtl boeing747_material1
f 1116//1928 1085//1926 1046//1925 
usemtl boeing747_material1
f 1116//1931 1117//1930 1115//1929 
usemtl boeing747_material1
f 1046//1935 1342//1933 1118//1932 
usemtl Polygon_XSIPOLYCLS.boeing747_material2
f 1113//1975 1123//1939 958//1938 
usemtl boeing747_material1
f 1010//1880 966//1941 967//1942 
usemtl boeing747_material1
f 312//336 555//334 572//330 
usemtl boeing747_material1
f 920//1947 917//1946 912//1944 
usemtl boeing747_material1
f 1175//2605 1158//1882 1200//1881 
usemtl boeing747_material1
f 977//1943 984//1949 1010//1950 
usemtl Polygon_XSIPOLYCLS.boeing747_material2
f 2213//3464 2214//3465 2219//3466 
usemtl Polygon_XSIPOLYCLS.boeing747_material2
f 2258//2877 2257//2876 2251//2872 
usemtl Polygon_XSIPOLYCLS.boeing747_material2
f 2215//4523 2214//4524 2213//4540 
usemtl Polygon_XSIPOLYCLS.boeing747_material2
f 1909//3060 1905//3061 1897//3062 
usemtl boeing747_material1
f 1339//652 1328//647 396//646 
usemtl Polygon_XSIPOLYCLS.boeing747_material2
f 1893//3063 1909//3064 1897//3065 
usemtl boeing747_material1
f 1343//1974 1115//1972 1117//1971 
usemtl Polygon_XSIPOLYCLS.boeing747_material2
f 1889//3066 1893//3067 1897//3068 
usemtl Polygon_XSIPOLYCLS.boeing747_material2
f 1347//1981 1123//1979 1113//1976 
usemtl boeing747_material1
f 2212//4541 2210//4543 2209//4559 
usemtl boeing747_material1
f 802//2009 804//3204 1430//2011 
usemtl Polygon_XSIPOLYCLS.boeing747_material2
f 1889//3069 1897//3070 1888//3071 
usemtl boeing747_material1
f 1011//1990 1153//1988 987//1987 
usemtl Polygon_XSIPOLYCLS.boeing747_material2
f 1885//3075 1889//3076 1888//3077 
usemtl boeing747_material1
f 1012//1994 987//1992 988//1991 
usemtl boeing747_material1
f 1165//1997 1120//1996 1082//1995 
usemtl boeing747_material1
f 1013//2001 1314//1999 989//1998 
usemtl boeing747_material1
f 1085//2005 1344//2003 1342//2002 
usemtl boeing747_material1
f 1118//2008 1342//2007 1344//2006 
usemtl Polygon_XSIPOLYCLS.boeing747_material2
f 813//726 812//727 1355//728 
usemtl Polygon_XSIPOLYCLS.boeing747_material2
f 816//609 815//736 810//737 
usemtl Polygon_XSIPOLYCLS.boeing747_material2
f 2205//4560 2206//4561 2208//4562 
usemtl Polygon_XSIPOLYCLS.boeing747_material2
f 2207//4578 2206//4579 2205//4580 
usemtl boeing747_material1
f 992//2028 1044//2026 1043//2025 
usemtl boeing747_material1
f 1149//2032 1043//2030 1209//2029 
usemtl Polygon_XSIPOLYCLS.boeing747_material2
f 1564//3029 1606//3030 1665//3031 
usemtl boeing747_material1
f 1343//2036 1116//2034 1046//2033 
usemtl Polygon_XSIPOLYCLS.boeing747_material2
f 1437//3015 1480//3016 1522//3017 
usemtl Polygon_XSIPOLYCLS.boeing747_material2
f 1180//2101 956//2040 962//2039 
usemtl boeing747_material1
f 2195//4581 2204//4598 2203//4599 
usemtl boeing747_material1
f 970//2048 971//2046 1017//2045 
usemtl boeing747_material1
f 971//2052 980//2050 1017//2049 
usemtl boeing747_material1
f 972//2056 1142//2054 980//2053 
usemtl boeing747_material1
f 805//2065 1426//2059 806//2058 
usemtl Polygon_XSIPOLYCLS.boeing747_material2
f 811//741 815//742 816//761 
usemtl boeing747_material1
f 24//730 21//735 1130//748 
usemtl boeing747_material1
f 1298//645 387//640 1328//639 
usemtl boeing747_material1
f 2186//4600 2198//5532 2195//5533 
usemtl boeing747_material1
f 1080//2080 1059//2078 1225//2077 
usemtl boeing747_material1
f 1143//2084 1060//2082 1059//2081 
usemtl boeing747_material1
f 1016//2088 952//2086 953//2085 
usemtl boeing747_material1
f 1019//2092 1193//2090 1027//2089 
usemtl boeing747_material1
f 1020//2096 1027//2094 1028//2093 
usemtl boeing747_material1
f 1021//2100 957//2098 1029//2097 
usemtl Polygon_XSIPOLYCLS.boeing747_material2
f 1189//1937 956//1936 1180//2102 
usemtl Polygon_XSIPOLYCLS.boeing747_material2
f 1151//2107 986//2106 976//2105 
usemtl Polygon_XSIPOLYCLS.boeing747_material2
f 1665//3018 1606//3019 1539//3028 
usemtl Polygon_XSIPOLYCLS.boeing747_material2
f 1855//3098 1875//3100 1863//3078 
usemtl boeing747_material1
f 1346//2111 1082//2109 990//2108 
usemtl boeing747_material1
f 1027//2115 1201//2113 1035//2112 
usemtl boeing747_material1
f 1028//2119 1035//2117 1036//2116 
usemtl boeing747_material1
f 1029//2123 969//2121 1037//2120 
usemtl Polygon_XSIPOLYCLS.boeing747_material2
f 2199//5534 2200//2793 2202//2794 
usemtl Polygon_XSIPOLYCLS.boeing747_material2
f 1151//2130 974//2129 975//2128 
usemtl boeing747_material1
f 902//2133 904//2132 908//2131 
usemtl boeing747_material1
f 1031//2137 1009//2135 1015//2134 
usemtl boeing747_material1
f 1199//2141 1015//2139 1183//2138 
usemtl boeing747_material1
f 1181//2145 1209//2143 1043//2142 
usemtl boeing747_material1
f 1174//2149 1043//2147 1044//2146 
usemtl boeing747_material1
f 1148//2153 973//2151 1045//2150 
usemtl Polygon_XSIPOLYCLS.boeing747_material2
f 2201//2795 2200//2808 2199//2809 
usemtl Polygon_XSIPOLYCLS.boeing747_material2
f 1151//2160 1138//2159 974//2158 
usemtl boeing747_material1
f 953//2164 1040//2162 1039//2161 
usemtl boeing747_material1
f 1208//2168 1206//2166 1095//2165 
usemtl boeing747_material1
f 1095//2172 1039//2170 1040//2169 
usemtl boeing747_material1
f 980//2176 1217//2174 1051//2173 
usemtl boeing747_material1
f 1017//2180 1051//2178 1052//2177 
usemtl boeing747_material1
f 970//2184 1052//2182 1053//2181 
usemtl boeing747_material1
f 2185//2810 2197//2787 2188//2796 
usemtl boeing747_material1
f 2198//2797 2196//2799 2195//2820 
usemtl boeing747_material1
f 446//821 483//819 472//818 
usemtl boeing747_material1
f 908//2200 903//2198 902//2197 
usemtl Polygon_XSIPOLYCLS.boeing747_material2
f 2191//2821 2192//2822 2194//2823 
usemtl boeing747_material1
f 900//2208 955//2206 895//2205 
usemtl boeing747_material1
f 1082//2212 998//2210 990//2209 
usemtl boeing747_material1
f 1058//2215 1082//2214 1120//2213 
usemtl boeing747_material1
f 990//2219 1157//2217 1122//2216 
usemtl Polygon_XSIPOLYCLS.boeing747_material2
f 2193//1951 2192//1952 2191//1953 
usemtl boeing747_material1
f 2185//1954 2190//1956 2189//1957 
usemtl Polygon_XSIPOLYCLS.boeing747_material2
f 1276//3097 1277//3083 1278//3084 
usemtl boeing747_material1
f 893//2231 898//2229 901//2228 
usemtl boeing747_material1
f 898//2234 894//2233 897//2232 
usemtl boeing747_material1
f 1002//2238 1024//2236 1063//2235 
usemtl boeing747_material1
f 1201//2242 1071//2240 1070//2239 
usemtl boeing747_material1
f 2188//1958 2186//1960 2185//1961 
usemtl boeing747_material1
f 1107//2250 1074//2248 1073//2247 
usemtl boeing747_material1
f 1004//2185 1032//2564 977//1823 
usemtl boeing747_material1
f 1062//2258 1078//2256 1081//2255 
usemtl boeing747_material1
f 1227//2262 1077//2260 1076//2259 
usemtl boeing747_material1
f 1226//2266 1076//2264 1075//2263 
usemtl boeing747_material1
f 1225//2270 1075//2268 1080//2267 
usemtl boeing747_material1
f 1081//2274 1077//2272 1228//2271 
usemtl boeing747_material1
f 1203//2278 1071//2276 1202//2275 
usemtl boeing747_material1
f 1228//2282 1099//2280 1100//2279 
usemtl Polygon_XSIPOLYCLS.boeing747_material2
f 2181//1962 2182//1963 2184//1964 
usemtl boeing747_material1
f 1107//2290 1072//2288 1203//2287 
usemtl Polygon_XSIPOLYCLS.boeing747_material2
f 2183//1965 2182//1966 2181//1967 
usemtl boeing747_material1
f 2180//1982 2178//2018 2177//2019 
usemtl boeing747_material1
f 444//817 472//815 462//814 
usemtl Polygon_XSIPOLYCLS.boeing747_material2
f 1007//2422 1001//2392 1064//2391 
usemtl boeing747_material1
f 1100//2310 1081//2308 1228//2307 
usemtl boeing747_material1
f 1084//2314 1104//2312 1091//2311 
usemtl boeing747_material1
f 1093//2318 1091//2316 1104//2315 
usemtl boeing747_material1
f 1220//2322 1099//2320 1219//2319 
usemtl boeing747_material1
f 1226//2326 1097//2324 1098//2323 
usemtl boeing747_material1
f 1227//2330 1098//2328 1099//2327 
usemtl boeing747_material1
f 1081//2334 1056//2332 1062//2331 
usemtl boeing747_material1
f 1056//2338 1079//2337 1062//2336 
usemtl Polygon_XSIPOLYCLS.boeing747_material2
f 1140//2341 1151//2340 1101//2339 
usemtl boeing747_material1
f 1139//2067 1177//2342 1138//2343 
usemtl boeing747_material1
f 1220//2293 979//2295 1054//2296 
usemtl boeing747_material1
f 1155//2353 1102//2351 1111//2350 
usemtl Polygon_XSIPOLYCLS.boeing747_material2
f 2173//2021 2174//2022 2176//2023 
usemtl boeing747_material1
f 1187//2361 1111//2359 1109//2358 
usemtl boeing747_material1
f 1140//2344 1178//2362 1139//2363 
usemtl Polygon_XSIPOLYCLS.boeing747_material2
f 2175//2024 2174//2041 2173//2042 
usemtl boeing747_material1
f 1195//2373 1109//2371 1108//2370 
usemtl boeing747_material1
f 1203//2377 1108//2375 1107//2374 
usemtl boeing747_material1
f 1211//2381 1073//2379 1106//2378 
usemtl boeing747_material1
f 1159//2385 1176//2383 1182//2382 
usemtl Polygon_XSIPOLYCLS.boeing747_material2
f 1141//2388 1151//2387 1112//2386 
usemtl boeing747_material1
f 968//2297 1135//2299 1190//2300 
usemtl boeing747_material1
f 1014//2394 1141//2396 1112//2485 
usemtl boeing747_material1
f 1219//2400 1098//2398 1218//2397 
usemtl boeing747_material1
f 1218//2404 1097//2402 1217//2401 
usemtl Polygon_XSIPOLYCLS.boeing747_material2
f 913//1756 363//1757 352//1758 
usemtl Polygon_XSIPOLYCLS.boeing747_material2
f 1359//563 1234//591 783//604 
usemtl boeing747_material1
f 1056//2408 1053//2410 993//2411 
usemtl boeing747_material1
f 1186//2420 1155//2418 1187//2417 
usemtl boeing747_material1
f 1124//1977 1156//2364 1121//2421 
usemtl boeing747_material1
f 1045//3152 973//2440 985//2439 
usemtl boeing747_material1
f 1185//2432 1154//2430 1186//2429 
usemtl boeing747_material1
f 1054//2413 1100//2415 1220//2416 
usemtl Polygon_XSIPOLYCLS.boeing747_material2
f 2162//2125 2163//2126 2168//2127 
usemtl boeing747_material1
f 1158//2696 1106//2442 1152//2441 
usemtl boeing747_material1
f 1068//2443 1037//2445 1148//2446 
usemtl boeing747_material1
f 1048//2447 1033//2449 961//2451 
usemtl boeing747_material1
f 1048//2453 1200//2470 1152//2471 
usemtl Polygon_XSIPOLYCLS.boeing747_material2
f 1168//2038 1001//2037 1007//2484 
usemtl boeing747_material1
f 1198//2462 1134//2460 1199//2459 
usemtl boeing747_material1
f 1192//2466 1137//2464 1198//2463 
usemtl boeing747_material1
f 387//688 404//683 403//682 
usemtl boeing747_material1
f 1212//2472 1068//2494 1213//2495 
usemtl boeing747_material1
f 994//2477 1053//2475 1052//2474 
usemtl boeing747_material1
f 1188//2481 1111//2479 1156//2478 
usemtl boeing747_material1
f 1013//2423 989//2424 959//2483 
usemtl boeing747_material1
f 983//1978 976//2486 986//2490 
usemtl boeing747_material1
f 1014//2488 976//2492 1013//2588 
usemtl boeing747_material1
f 1204//2496 1197//2534 1205//2535 
usemtl boeing747_material1
f 1154//2501 1177//2499 1178//2498 
usemtl boeing747_material1
f 1345//2505 988//2503 1020//2502 
usemtl boeing747_material1
f 1155//2509 1178//2507 1179//2506 
usemtl boeing747_material1
f 1020//2513 987//2511 1019//2510 
usemtl boeing747_material1
f 1156//2517 1102//2515 1121//2514 
usemtl boeing747_material1
f 1052//2521 1003//2519 994//2518 
usemtl boeing747_material1
f 1003//2525 1217//2523 1097//2522 
usemtl boeing747_material1
f 1140//2493 1102//2527 1179//2528 
usemtl boeing747_material1
f 1177//2529 974//2531 1138//2532 
usemtl boeing747_material1
f 1196//2536 1171//2554 1197//2555 
usemtl boeing747_material1
f 985//2541 991//2452 1033//2450 
usemtl boeing747_material1
f 1210//2545 1158//2543 1159//2542 
usemtl boeing747_material1
f 1209//2549 1159//2547 1149//2546 
usemtl boeing747_material1
f 1185//2553 987//2551 1153//2550 
usemtl boeing747_material1
f 1021//2556 959//2563 989//2585 
usemtl boeing747_material1
f 989//2561 1345//2559 1021//2558 
usemtl boeing747_material1
f 1170//2565 1197//2104 1171//2103 
usemtl boeing747_material1
f 968//2458 1055//2567 1023//2568 
usemtl boeing747_material1
f 1423//2570 21//2572 808//2573 
usemtl boeing747_material1
f 20//2574 21//2576 965//2577 
usemtl boeing747_material1
f 1144//2581 1134//2579 1137//2578 
usemtl boeing747_material1
f 974//2533 1012//2583 975//2584 
usemtl boeing747_material1
f 1141//2491 1102//2587 1101//2589 
usemtl boeing747_material1
f 1012//2590 986//2592 975//2593 
usemtl boeing747_material1
f 1340//616 1338//611 395//610 
usemtl boeing747_material1
f 1152//2598 1213//2600 1048//2601 
usemtl boeing747_material1
f 1191//2433 1176//2435 1175//2538 
usemtl boeing747_material1
f 1182//2610 1149//2608 1159//2607 
usemtl boeing747_material1
f 1008//2539 991//2602 1009//2603 
usemtl boeing747_material1
f 1194//2618 1185//2616 1186//2615 
usemtl boeing747_material1
f 1195//2622 1186//2620 1187//2619 
usemtl boeing747_material1
f 1196//2626 1109//2624 1188//2623 
usemtl boeing747_material1
f 1216//2629 977//2186 1032//2157 
usemtl Polygon_XSIPOLYCLS.boeing747_material2
f 1141//2633 1101//2632 1151//2631 
usemtl boeing747_material1
f 1191//2637 1136//2635 1192//2634 
usemtl boeing747_material1
f 1230//2569 1190//2639 1191//2640 
usemtl boeing747_material1
f 1134//2644 1031//2642 1199//2641 
usemtl boeing747_material1
f 1202//2648 1193//2646 1194//2645 
usemtl boeing747_material1
f 1203//2652 1194//2650 1195//2649 
usemtl boeing747_material1
f 1204//2656 1108//2654 1196//2653 
usemtl boeing747_material1
f 1188//2627 1173//2658 1171//2659 
usemtl Polygon_XSIPOLYCLS.boeing747_material2
f 1140//2663 1139//2662 1151//2661 
usemtl Polygon_XSIPOLYCLS.boeing747_material2
f 1847//3104 782//3106 995//3144 
usemtl boeing747_material1
f 1182//2668 1192//2666 1198//2665 
usemtl boeing747_material1
f 1183//2672 1198//2670 1199//2669 
usemtl boeing747_material1
f 1210//2676 1070//2674 1071//2673 
usemtl boeing747_material1
f 1211//2680 1071//2678 1072//2677 
usemtl boeing747_material1
f 1212//2684 1073//2682 1074//2681 
usemtl boeing747_material1
f 1068//2660 1204//2686 1205//2687 
usemtl Polygon_XSIPOLYCLS.boeing747_material2
f 1139//2691 1138//2690 1151//2689 
usemtl boeing747_material1
f 1015//2695 991//2693 992//2692 
usemtl boeing747_material1
f 1200//2604 1158//2611 1152//2612 
usemtl boeing747_material1
f 1183//2704 992//2702 1149//2701 
usemtl boeing747_material1
f 1218//2708 1142//2706 1144//2705 
usemtl boeing747_material1
f 1219//2712 1144//2710 1184//2709 
usemtl boeing747_material1
f 1220//2716 1184//2714 1135//2713 
usemtl boeing747_material1
f 1222//2717 968//2719 1190//2720 
usemtl boeing747_material1
f 979//2721 1053//2723 1054//2724 
usemtl boeing747_material1
f 1023//2725 1063//2727 1024//2728 
usemtl boeing747_material1
f 1212//2613 1152//2614 1106//2698 
usemtl boeing747_material1
f 968//2732 970//2734 979//2735 
usemtl boeing747_material1
f 994//2739 1061//2737 993//2736 
usemtl boeing747_material1
f 1061//2743 1056//2741 993//2740 
usemtl boeing747_material1
f 1097//2747 1059//2745 1003//2744 
usemtl boeing747_material1
f 1003//2751 1060//2749 994//2748 
usemtl boeing747_material1
f 1148//2688 1213//2754 1068//2755 
usemtl boeing747_material1
f 1205//2756 1029//2758 1037//2759 
usemtl boeing747_material1
f 1362//2763 1360//2761 1252//2760 
usemtl boeing747_material1
f 1257//2767 1363//2765 1362//2764 
usemtl boeing747_material1
f 1246//2776 1352//2769 1257//2768 
usemtl boeing747_material1
f 1232//5590 1253//3558 1381//3559 
usemtl boeing747_material1
f 1258//2792 1352//2778 1443//2777 
usemtl boeing747_material1
f 1252//2781 1236//2782 1362//2783 
usemtl boeing747_material1
f 1257//2786 1236//2784 1246//2771 
usemtl boeing747_material1
f 1252//2791 1352//2790 1236//2789 785//2788 
usemtl Polygon_XSIPOLYCLS.boeing747_material2
f 2228//3391 2227//3407 2226//3408 
usemtl Polygon_XSIPOLYCLS.boeing747_material2
f 2220//3428 2221//3429 2223//3445 
usemtl boeing747_material1
f 1352//2803 1360//2801 1443//2800 
usemtl boeing747_material1
f 1376//3277 814//3933 1238//3934 
usemtl boeing747_material1
f 2225//3409 2167//3426 2224//3427 
usemtl boeing747_material1
f 1238//4371 1239//4372 1376//4394 
usemtl Polygon_XSIPOLYCLS.boeing747_material2
f 2277//5158 2278//5159 2280//5160 
usemtl Polygon_XSIPOLYCLS.boeing747_material2
f 2222//3446 2221//3447 2220//3448 
usemtl Polygon_XSIPOLYCLS.boeing747_material2
f 2275//2817 2274//2818 2273//2819 
usemtl Polygon_XSIPOLYCLS.boeing747_material2
f 2269//3236 2270//3237 2272//3238 
usemtl Polygon_XSIPOLYCLS.boeing747_material2
f 2271//3239 2270//5569 2269//5570 
usemtl Polygon_XSIPOLYCLS.boeing747_material2
f 2265//5571 2266//5572 2268//2824 
usemtl Polygon_XSIPOLYCLS.boeing747_material2
f 2267//2825 2266//2826 2265//2827 
usemtl Polygon_XSIPOLYCLS.boeing747_material2
f 1319//2012 1318//2013 1288//2014 
usemtl Polygon_XSIPOLYCLS.boeing747_material2
f 2260//2831 2261//2832 2263//2833 
usemtl Polygon_XSIPOLYCLS.boeing747_material2
f 1303//3194 1304//3195 1309//3196 
usemtl Polygon_XSIPOLYCLS.boeing747_material2
f 2262//2837 2261//2838 2260//2839 
usemtl Polygon_XSIPOLYCLS.boeing747_material2
f 1309//3199 1304//3197 1301//3198 
usemtl Polygon_XSIPOLYCLS.boeing747_material2
f 1335//1983 1336//1883 1341//1884 
usemtl Polygon_XSIPOLYCLS.boeing747_material2
f 1341//2829 1336//2828 1333//1886 
usemtl Polygon_XSIPOLYCLS.boeing747_material2
f 2252//2849 2253//2850 2255//2851 
usemtl Polygon_XSIPOLYCLS.boeing747_material2
f 1871//2835 1256//2834 1259//2830 
usemtl Polygon_XSIPOLYCLS.boeing747_material2
f 2254//2855 2253//2856 2252//2857 
usemtl Polygon_XSIPOLYCLS.boeing747_material2
f 1259//2841 1256//2840 1867//2836 
usemtl boeing747_material1
f 1287//2891 1289//2889 1286//2888 
usemtl Polygon_XSIPOLYCLS.boeing747_material2
f 1103//2985 1105//2986 1126//2987 
usemtl Polygon_XSIPOLYCLS.boeing747_material2
f 1087//2979 1088//2980 1089//2981 
usemtl boeing747_material1
f 1291//2903 1289//2901 1292//2900 
usemtl Polygon_XSIPOLYCLS.boeing747_material2
f 1126//2982 1105//2983 1090//2984 
usemtl boeing747_material1
f 436//839 512//837 502//836 
usemtl boeing747_material1
f 435//835 502//833 492//832 
usemtl boeing747_material1
f 432//831 492//826 483//825 
usemtl boeing747_material1
f 1044//3411 991//1673 973//2455 
usemtl boeing747_material1
f 454//3206 526//4941 456//4942 
usemtl Polygon_XSIPOLYCLS.boeing747_material2
f 1034//2904 1038//2905 1041//2906 
usemtl Polygon_XSIPOLYCLS.boeing747_material2
f 1083//2892 1069//2893 1042//2894 
usemtl Polygon_XSIPOLYCLS.boeing747_material2
f 1049//2973 1069//2974 1083//2975 
usemtl boeing747_material1
f 1294//2942 1305//2940 1295//2939 
usemtl Polygon_XSIPOLYCLS.boeing747_material2
f 1089//2976 1088//2977 1086//2978 
usemtl boeing747_material1
f 1070//2950 1035//2948 1201//2947 
usemtl boeing747_material1
f 1230//2954 1175//2952 1169//2951 
usemtl Polygon_XSIPOLYCLS.boeing747_material2
f 997//3113 1160//3108 999//3107 
usemtl boeing747_material1
f 1031//2960 971//2958 1025//2957 
usemtl boeing747_material1
f 1310//2964 1313//2962 1312//2961 
usemtl boeing747_material1
f 1312//2968 1316//2966 1315//2965 
usemtl boeing747_material1
f 1024//2972 971//2970 1023//2969 
usemtl Polygon_XSIPOLYCLS.boeing747_material2
f 1131//2988 1129//2989 1127//2990 
usemtl Polygon_XSIPOLYCLS.boeing747_material2
f 1128//2991 1129//2814 1131//2815 
usemtl Polygon_XSIPOLYCLS.boeing747_material2
f 2285//4027 2286//4028 1132//4029 
usemtl Polygon_XSIPOLYCLS.boeing747_material2
f 1214//4030 2286//3255 2285//3256 
usemtl Polygon_XSIPOLYCLS.boeing747_material2
f 2281//3257 2282//3258 2284//2772 
usemtl boeing747_material1
f 451//863 523//861 452//857 
usemtl boeing747_material1
f 448//856 520//854 451//853 
usemtl Polygon_XSIPOLYCLS.boeing747_material2
f 528//852 518//851 448//850 
usemtl boeing747_material1
f 438//849 523//844 512//843 
usemtl Polygon_XSIPOLYCLS.boeing747_material2
f 1241//2936 1240//2937 1248//2938 
usemtl Polygon_XSIPOLYCLS.boeing747_material2
f 1244//2943 1235//2944 1242//2945 
usemtl Polygon_XSIPOLYCLS.boeing747_material2
f 1243//2946 1235//2895 1244//2896 
usemtl boeing747_material1
f 443//4958 524//868 454//867 
usemtl boeing747_material1
f 1327//3027 1329//3025 1326//3024 
usemtl Polygon_XSIPOLYCLS.boeing747_material2
f 1041//2897 1038//2898 1245//2899 
usemtl boeing747_material1
f 1133//3035 1061//3033 1060//3032 
usemtl boeing747_material1
f 1079//3039 1096//3037 1062//3036 
usemtl boeing747_material1
f 1021//3040 1197//3042 1170//3043 
usemtl boeing747_material1
f 1150//3047 1037//3045 969//3044 
usemtl boeing747_material1
f 1213//3048 985//3050 1048//3051 
usemtl boeing747_material1
f 1311//3055 1348//3053 1349//3052 
usemtl boeing747_material1
f 1349//3059 1350//3057 1351//3056 
usemtl Polygon_XSIPOLYCLS.boeing747_material2
f 1278//3094 1277//3095 1275//3096 
usemtl Polygon_XSIPOLYCLS.boeing747_material2
f 1847//3117 818//3115 1843//3114 
usemtl Polygon_XSIPOLYCLS.boeing747_material2
f 1280//4938 1281//6088 1282//6089 
usemtl Polygon_XSIPOLYCLS.boeing747_material2
f 1282//4935 1281//4936 1279//4937 
usemtl boeing747_material1
f 1461//3074 1463//3073 1472//3072 
usemtl Polygon_XSIPOLYCLS.boeing747_material2
f 1005//3125 999//3131 1125//3142 
usemtl boeing747_material1
f 1463//3082 1460//3080 1462//3079 
usemtl Polygon_XSIPOLYCLS.boeing747_material2
f 1358//4880 1285//4881 1283//3008 
usemtl boeing747_material1
f 1459//3089 1461//3088 1472//3087 
usemtl boeing747_material1
f 1461//3093 1458//3091 1460//3090 
usemtl Polygon_XSIPOLYCLS.boeing747_material2
f 1271//3150 1272//3085 1274//3086 
usemtl Polygon_XSIPOLYCLS.boeing747_material2
f 1284//3009 1285//3010 1358//3011 
usemtl Polygon_XSIPOLYCLS.boeing747_material2
f 1522//3012 1480//3013 1391//3014 
usemtl Polygon_XSIPOLYCLS.boeing747_material2
f 1161//3151 1162//6103 1163//6102 
usemtl Polygon_XSIPOLYCLS.boeing747_material2
f 1161//6101 1163//6100 1166//6099 
usemtl Polygon_XSIPOLYCLS.boeing747_material2
f 1161//6098 1166//6097 1167//6096 
usemtl Polygon_XSIPOLYCLS.boeing747_material2
f 1172//6095 1161//6094 1167//6093 
usemtl boeing747_material1
f 1457//3122 1459//3121 1472//3120 
usemtl Polygon_XSIPOLYCLS.boeing747_material2
f 1172//6092 1167//6091 1255//6090 
usemtl boeing747_material1
f 1459//3129 1456//3127 1458//3126 
usemtl Polygon_XSIPOLYCLS.boeing747_material2
f 1248//2933 1240//2934 1250//2935 
usemtl boeing747_material1
f 1471//3135 1457//3134 1472//3133 
usemtl boeing747_material1
f 1457//3139 1470//3137 1456//3136 
usemtl Polygon_XSIPOLYCLS.boeing747_material2
f 1850//2927 1791//2928 1707//2929 
usemtl Polygon_XSIPOLYCLS.boeing747_material2
f 1749//2930 1791//2931 1850//2932 
usemtl Polygon_XSIPOLYCLS.boeing747_material2
f 1317//4878 1364//4786 1357//4879 
usemtl Polygon_XSIPOLYCLS.boeing747_material2
f 882//3155 874//3154 892//3153 
usemtl boeing747_material1
f 888//3158 881//3157 885//3156 
usemtl boeing747_material1
f 283//5314 292//5313 308//5312 
usemtl Polygon_XSIPOLYCLS.boeing747_material2
f 872//3262 879//3164 880//3163 
usemtl Polygon_XSIPOLYCLS.boeing747_material2
f 1267//3141 1268//3145 1269//3146 
usemtl Polygon_XSIPOLYCLS.boeing747_material2
f 870//3300 877//3299 892//3298 
usemtl boeing747_material1
f 878//3318 884//3317 885//3316 
usemtl Polygon_XSIPOLYCLS.boeing747_material2
f 869//3337 883//3335 877//3319 
usemtl Polygon_XSIPOLYCLS.boeing747_material2
f 872//3355 880//3354 876//3338 
usemtl Polygon_XSIPOLYCLS.boeing747_material2
f 872//3376 875//3375 879//3374 
usemtl Polygon_XSIPOLYCLS.boeing747_material2
f 875//3395 874//3393 882//3392 
usemtl Polygon_XSIPOLYCLS.boeing747_material2
f 874//3414 867//3413 892//3412 
usemtl boeing747_material1
f 881//3432 873//3431 885//3430 
usemtl boeing747_material1
f 1330//638 388//636 387//635 
usemtl boeing747_material1
f 392//670 411//665 408//664 
usemtl Polygon_XSIPOLYCLS.boeing747_material2
f 865//3488 870//3487 892//3486 
usemtl boeing747_material1
f 871//3502 878//3501 885//3489 
usemtl Polygon_XSIPOLYCLS.boeing747_material2
f 864//3506 877//3504 870//3503 
usemtl Polygon_XSIPOLYCLS.boeing747_material2
f 872//3524 876//3508 869//3507 
usemtl Polygon_XSIPOLYCLS.boeing747_material2
f 872//3527 868//3526 875//3525 
usemtl Polygon_XSIPOLYCLS.boeing747_material2
f 868//3546 867//3544 874//3543 
usemtl Polygon_XSIPOLYCLS.boeing747_material2
f 867//3565 862//3564 892//3563 
usemtl boeing747_material1
f 873//3639 866//3638 885//3637 
usemtl Polygon_XSIPOLYCLS.boeing747_material2
f 862//3658 865//3657 892//3656 
usemtl boeing747_material1
f 866//3675 871//3674 885//3659 
usemtl Polygon_XSIPOLYCLS.boeing747_material2
f 861//3690 870//3677 865//3676 
usemtl Polygon_XSIPOLYCLS.boeing747_material2
f 872//3696 869//3695 864//3694 
usemtl Polygon_XSIPOLYCLS.boeing747_material2
f 872//3731 863//3730 868//3714 
usemtl Polygon_XSIPOLYCLS.boeing747_material2
f 863//3750 862//3733 867//3732 
usemtl Polygon_XSIPOLYCLS.boeing747_material2
f 860//3768 865//3752 862//3751 
usemtl Polygon_XSIPOLYCLS.boeing747_material2
f 872//3782 864//3770 861//3769 
usemtl Polygon_XSIPOLYCLS.boeing747_material2
f 872//3785 860//3784 863//3783 
usemtl Polygon_XSIPOLYCLS.boeing747_material2
f 872//3788 861//3787 860//3786 
usemtl Polygon_XSIPOLYCLS.boeing747_material2
f 1274//3147 1272//3148 1270//3149 
usemtl boeing747_material1
f 1331//634 390//629 388//628 
usemtl boeing747_material1
f 9//4292 10//4293 7//4294 
usemtl Polygon_XSIPOLYCLS.boeing747_material2
f 857//3864 854//3862 853//3846 
usemtl boeing747_material1
f 852//3882 858//3881 859//3865 
usemtl Polygon_XSIPOLYCLS.boeing747_material2
f 822//578 821//583 817//3110 
usemtl Polygon_XSIPOLYCLS.boeing747_material2
f 857//3914 853//3902 850//3901 
usemtl boeing747_material1
f 852//3918 859//3917 856//3916 
usemtl Polygon_XSIPOLYCLS.boeing747_material2
f 857//3937 849//3920 854//3919 
usemtl boeing747_material1
f 852//3940 855//3939 858//3938 
usemtl boeing747_material1
f 12//1678 276//3162 13//3957 
usemtl Polygon_XSIPOLYCLS.boeing747_material2
f 853//3978 847//3976 846//3975 
usemtl boeing747_material1
f 388//681 406//676 404//675 
usemtl Polygon_XSIPOLYCLS.boeing747_material2
f 857//4011 850//4009 844//4008 
usemtl boeing747_material1
f 852//4014 856//4013 851//4012 
usemtl Polygon_XSIPOLYCLS.boeing747_material2
f 850//4033 846//4031 843//4015 
usemtl Polygon_XSIPOLYCLS.boeing747_material2
f 854//4052 842//4050 847//4034 
usemtl Polygon_XSIPOLYCLS.boeing747_material2
f 857//4071 841//4069 849//4053 
usemtl boeing747_material1
f 852//4088 848//4087 855//4072 
usemtl Polygon_XSIPOLYCLS.boeing747_material2
f 819//3111 821//3112 822//3143 
usemtl Polygon_XSIPOLYCLS.boeing747_material2
f 847//4128 843//4105 846//4104 
usemtl boeing747_material1
f 11//390 312//388 540//384 
usemtl Polygon_XSIPOLYCLS.boeing747_material2
f 857//4166 844//4164 837//4163 
usemtl boeing747_material1
f 852//4183 851//4182 845//4181 
usemtl Polygon_XSIPOLYCLS.boeing747_material2
f 844//4198 843//4196 836//4184 
usemtl Polygon_XSIPOLYCLS.boeing747_material2
f 1497//4201 1490//4200 1494//4199 
usemtl Polygon_XSIPOLYCLS.boeing747_material2
f 1494//4221 1491//4219 1495//4203 
usemtl Polygon_XSIPOLYCLS.boeing747_material2
f 849//4240 835//4238 842//4222 
usemtl Polygon_XSIPOLYCLS.boeing747_material2
f 857//4259 834//4257 841//4241 
usemtl boeing747_material1
f 852//4276 840//4275 848//4260 
usemtl boeing747_material1
f 315//5351 288//5352 283//5353 
usemtl boeing747_material1
f 539//354 534//352 344//348 
usemtl Polygon_XSIPOLYCLS.boeing747_material2
f 857//4320 837//4297 832//4296 
usemtl boeing747_material1
f 852//4344 845//4322 838//4321 
usemtl Polygon_XSIPOLYCLS.boeing747_material2
f 837//4369 836//4346 831//4345 
usemtl boeing747_material1
f 1237//3522 1432//3523 1247//5308 
usemtl boeing747_material1
f 1379//4469 825//4396 824//4395 
usemtl Polygon_XSIPOLYCLS.boeing747_material2
f 841//4487 830//4471 835//4470 
usemtl Polygon_XSIPOLYCLS.boeing747_material2
f 857//4506 829//4489 834//4488 
usemtl boeing747_material1
f 852//4509 833//4508 840//4507 
usemtl boeing747_material1
f 1415//3165 1418//3167 1412//3168 
usemtl boeing747_material1
f 1412//3172 1386//3170 1415//3169 
usemtl boeing747_material1
f 1440//3176 1417//3174 1414//3173 
usemtl boeing747_material1
f 1416//3177 1387//3179 1386//3180 
usemtl boeing747_material1
f 1417//3181 1387//3183 1411//3184 
usemtl boeing747_material1
f 1414//3185 1441//3187 1440//3188 
usemtl boeing747_material1
f 787//6105 1442//6106 1262//6107 
usemtl Polygon_XSIPOLYCLS.boeing747_material2
f 1323//2154 1322//2076 1320//2075 
usemtl boeing747_material1
f 1427//3202 1445//1986 1447//1985 
usemtl Polygon_XSIPOLYCLS.boeing747_material2
f 1354//2063 1353//5685 1324//749 
usemtl Polygon_XSIPOLYCLS.boeing747_material2
f 1321//2074 1322//5686 1323//5687 
usemtl boeing747_material1
f 1447//3201 1428//1873 1427//1885 
usemtl Polygon_XSIPOLYCLS.boeing747_material2
f 1563//3213 1558//3215 1562//3216 
usemtl boeing747_material1
f 788//5072 1262//6132 1442//6133 
usemtl Polygon_XSIPOLYCLS.boeing747_material2
f 857//4528 832//4526 829//4525 
usemtl boeing747_material1
f 1592//3225 1596//3226 1597//3227 
usemtl Polygon_XSIPOLYCLS.boeing747_material2
f 1566//3228 1562//3229 1565//3231 
usemtl Polygon_XSIPOLYCLS.boeing747_material2
f 1567//3232 1562//3234 1566//3235 
usemtl Polygon_XSIPOLYCLS.boeing747_material2
f 2279//5161 2278//4215 2277//4216 
usemtl boeing747_material1
f 852//4546 838//4545 833//4544 
usemtl boeing747_material1
f 1588//3244 1592//3245 1597//3246 
usemtl Polygon_XSIPOLYCLS.boeing747_material2
f 1570//3247 1566//3248 1565//3249 
usemtl Polygon_XSIPOLYCLS.boeing747_material2
f 1571//3251 1566//3253 1570//3254 
usemtl boeing747_material1
f 1247//2807 1249//5588 1716//5589 
usemtl Polygon_XSIPOLYCLS.boeing747_material2
f 832//4565 831//4563 828//4547 
usemtl boeing747_material1
f 1584//3263 1588//3264 1597//3265 
usemtl Polygon_XSIPOLYCLS.boeing747_material2
f 1574//3266 1570//3267 1565//3268 
usemtl Polygon_XSIPOLYCLS.boeing747_material2
f 1575//3270 1570//3272 1574//3273 
usemtl boeing747_material1
f 1716//5309 1421//5311 1239//5719 
usemtl boeing747_material1
f 1436//4583 824//4582 825//4566 
usemtl boeing747_material1
f 1580//3282 1584//3283 1597//3284 
usemtl Polygon_XSIPOLYCLS.boeing747_material2
f 1578//3285 1574//3286 1565//3288 
usemtl Polygon_XSIPOLYCLS.boeing747_material2
f 1579//3289 1574//3291 1578//3292 
usemtl Polygon_XSIPOLYCLS.boeing747_material2
f 1000//2844 960//2843 1065//2842 
usemtl boeing747_material1
f 1377//4602 1385//4585 825//4584 
usemtl boeing747_material1
f 1576//3301 1580//3302 1597//3303 
usemtl Polygon_XSIPOLYCLS.boeing747_material2
f 1582//3304 1578//3305 1565//3307 
usemtl Polygon_XSIPOLYCLS.boeing747_material2
f 1583//3308 1578//3310 1582//3311 
usemtl Polygon_XSIPOLYCLS.boeing747_material2
f 1065//2847 960//2846 1846//2845 
usemtl Polygon_XSIPOLYCLS.boeing747_material2
f 834//4621 827//4604 830//4603 
usemtl boeing747_material1
f 1572//3320 1576//3321 1597//3322 
usemtl Polygon_XSIPOLYCLS.boeing747_material2
f 1586//3323 1582//3324 1565//3326 
usemtl Polygon_XSIPOLYCLS.boeing747_material2
f 1587//3327 1582//3329 1586//3330 
usemtl Polygon_XSIPOLYCLS.boeing747_material2
f 2246//2867 2247//2868 2250//2869 
usemtl Polygon_XSIPOLYCLS.boeing747_material2
f 829//4639 828//4623 827//4622 
usemtl boeing747_material1
f 1568//3339 1572//3340 1597//3341 
usemtl Polygon_XSIPOLYCLS.boeing747_material2
f 1590//3342 1586//3343 1565//3345 
usemtl Polygon_XSIPOLYCLS.boeing747_material2
f 1591//3346 1586//3348 1590//3349 
usemtl Polygon_XSIPOLYCLS.boeing747_material2
f 1296//2853 1047//2852 1299//2848 
usemtl boeing747_material1
f 820//4658 824//4641 1384//4640 
usemtl boeing747_material1
f 1593//3358 1568//3359 1597//3360 
usemtl Polygon_XSIPOLYCLS.boeing747_material2
f 1594//3361 1590//3362 1565//3363 
usemtl Polygon_XSIPOLYCLS.boeing747_material2
f 1595//3365 1590//3367 1594//3368 
usemtl Polygon_XSIPOLYCLS.boeing747_material2
f 2248//2873 2247//2874 2246//2875 
usemtl boeing747_material1
f 1436//4675 825//4660 1385//4659 
usemtl boeing747_material1
f 1640//3377 1635//3378 1639//3379 
usemtl Polygon_XSIPOLYCLS.boeing747_material2
f 1600//3380 1636//3381 1602//3382 
usemtl Polygon_XSIPOLYCLS.boeing747_material2
f 1601//3384 1636//3386 1600//3387 
usemtl Polygon_XSIPOLYCLS.boeing747_material2
f 1299//2859 1047//2858 23//2854 
usemtl boeing747_material1
f 1436//4678 1384//4677 824//4676 
usemtl boeing747_material1
f 1638//3396 1640//3397 1639//3398 
usemtl Polygon_XSIPOLYCLS.boeing747_material2
f 1604//3399 1600//3400 1602//3401 
usemtl Polygon_XSIPOLYCLS.boeing747_material2
f 1605//3403 1600//3405 1604//3406 
usemtl Polygon_XSIPOLYCLS.boeing747_material2
f 2264//2862 1446//2861 1431//2860 
usemtl Polygon_XSIPOLYCLS.boeing747_material2
f 1544//4693 1541//4691 1545//4690 
usemtl boeing747_material1
f 1634//3415 1638//3416 1639//3417 
usemtl Polygon_XSIPOLYCLS.boeing747_material2
f 1608//3418 1604//3419 1602//3420 
usemtl Polygon_XSIPOLYCLS.boeing747_material2
f 1609//3422 1604//3424 1608//3425 
usemtl Polygon_XSIPOLYCLS.boeing747_material2
f 2239//2882 2240//2883 2242//2884 
usemtl boeing747_material1
f 382//438 11//436 70//450 
usemtl boeing747_material1
f 1630//3434 1634//3435 1639//3436 
usemtl Polygon_XSIPOLYCLS.boeing747_material2
f 1612//3437 1608//3438 1602//3439 
usemtl Polygon_XSIPOLYCLS.boeing747_material2
f 1613//3441 1608//3443 1612//3444 
usemtl Polygon_XSIPOLYCLS.boeing747_material2
f 2241//2885 2240//2886 2239//2887 
usemtl boeing747_material1
f 396//699 400//694 412//693 
usemtl boeing747_material1
f 1626//3453 1630//3454 1639//3455 
usemtl Polygon_XSIPOLYCLS.boeing747_material2
f 1616//3456 1612//3457 1602//3458 
usemtl Polygon_XSIPOLYCLS.boeing747_material2
f 1617//3460 1612//3462 1616//3463 
usemtl Polygon_XSIPOLYCLS.boeing747_material2
f 1431//2865 1446//2864 2259//2863 
usemtl boeing747_material1
f 1555//4734 1530//4733 1526//4732 
usemtl boeing747_material1
f 1622//3472 1626//3473 1639//3474 
usemtl Polygon_XSIPOLYCLS.boeing747_material2
f 1620//3475 1616//3476 1602//3478 
usemtl Polygon_XSIPOLYCLS.boeing747_material2
f 1621//3479 1616//3481 1620//3482 
usemtl boeing747_material1
f 1513//3483 1484//3484 1509//3485 
usemtl Polygon_XSIPOLYCLS.boeing747_material2
f 1519//4752 1544//4751 1548//4735 
usemtl boeing747_material1
f 1618//3490 1622//3491 1639//3492 
usemtl Polygon_XSIPOLYCLS.boeing747_material2
f 1624//3493 1620//3494 1602//3496 
usemtl Polygon_XSIPOLYCLS.boeing747_material2
f 1625//3497 1620//3499 1624//3500 
usemtl Polygon_XSIPOLYCLS.boeing747_material2
f 1548//4771 1545//4769 1549//4754 
usemtl boeing747_material1
f 1513//4789 1500//4788 1496//4772 
usemtl boeing747_material1
f 1614//3509 1618//3510 1639//3511 
usemtl Polygon_XSIPOLYCLS.boeing747_material2
f 1628//3512 1624//3513 1602//3515 
usemtl Polygon_XSIPOLYCLS.boeing747_material2
f 1629//3516 1624//3518 1628//3519 
usemtl boeing747_material1
f 798//6134 799//6135 1420//6136 
usemtl boeing747_material1
f 83//415 68//407 67//406 
usemtl boeing747_material1
f 1610//3528 1614//3529 1639//3530 
usemtl Polygon_XSIPOLYCLS.boeing747_material2
f 1632//3531 1628//3532 1602//3534 
usemtl Polygon_XSIPOLYCLS.boeing747_material2
f 1633//3535 1628//3537 1632//3538 
usemtl Polygon_XSIPOLYCLS.boeing747_material2
f 1506//3539 1503//3541 1507//3542 
usemtl boeing747_material1
f 1555//4826 1526//4810 1551//4809 
usemtl boeing747_material1
f 1635//3547 1610//3548 1639//3549 
usemtl Polygon_XSIPOLYCLS.boeing747_material2
f 1636//3550 1632//3551 1602//3553 
usemtl Polygon_XSIPOLYCLS.boeing747_material2
f 1637//3554 1632//3556 1636//3557 
usemtl boeing747_material1
f 1433//4123 814//4124 1376//4370 
usemtl Polygon_XSIPOLYCLS.boeing747_material2
f 358//3223 1145//3221 348//1874 
usemtl boeing747_material1
f 1641//3566 1656//3568 1642//3569 
usemtl boeing747_material1
f 1657//3570 1642//3571 1656//3572 
usemtl boeing747_material1
f 1643//3573 1642//3575 1644//3576 
usemtl boeing747_material1
f 1657//3577 1644//3578 1642//3579 
usemtl boeing747_material1
f 1645//3580 1644//3582 1646//3583 
usemtl boeing747_material1
f 1657//3584 1646//3585 1644//3586 
usemtl boeing747_material1
f 1647//3587 1646//3589 1648//3590 
usemtl boeing747_material1
f 1657//3591 1648//3592 1646//3593 
usemtl boeing747_material1
f 1649//3594 1648//3596 1650//3597 
usemtl boeing747_material1
f 1657//3598 1650//3599 1648//3600 
usemtl boeing747_material1
f 1651//3601 1650//3603 1652//3604 
usemtl boeing747_material1
f 1657//3605 1652//3606 1650//3607 
usemtl boeing747_material1
f 1653//3608 1652//3610 1654//3611 
usemtl boeing747_material1
f 1657//3612 1654//3613 1652//3614 
usemtl boeing747_material1
f 1655//3615 1654//3617 1656//3618 
usemtl boeing747_material1
f 1657//3619 1656//3620 1654//3621 
usemtl boeing747_material1
f 1699//3622 1694//3623 1698//3624 
usemtl Polygon_XSIPOLYCLS.boeing747_material2
f 1659//3625 1695//3626 1661//3627 
usemtl Polygon_XSIPOLYCLS.boeing747_material2
f 1660//3629 1695//3631 1659//3632 
usemtl boeing747_material1
f 795//3636 796//3634 1434//3633 
usemtl boeing747_material1
f 942//1911 950//1913 945//1915 
usemtl boeing747_material1
f 1697//3641 1699//3642 1698//3643 
usemtl Polygon_XSIPOLYCLS.boeing747_material2
f 1663//3644 1659//3645 1661//3646 
usemtl Polygon_XSIPOLYCLS.boeing747_material2
f 1664//3648 1659//3650 1663//3651 
usemtl Polygon_XSIPOLYCLS.boeing747_material2
f 1519//3652 1540//3654 1544//3655 
usemtl Polygon_XSIPOLYCLS.boeing747_material2
f 721//2956 713//3259 251//3243 
usemtl boeing747_material1
f 1693//3660 1697//3661 1698//3662 
usemtl Polygon_XSIPOLYCLS.boeing747_material2
f 1667//3663 1663//3664 1661//3665 
usemtl Polygon_XSIPOLYCLS.boeing747_material2
f 1668//3667 1663//3669 1667//3670 
usemtl boeing747_material1
f 1555//3671 1534//3672 1530//3673 
usemtl Polygon_XSIPOLYCLS.boeing747_material2
f 1519//4829 1548//4828 1552//4827 
usemtl boeing747_material1
f 1689//3678 1693//3679 1698//3680 
usemtl Polygon_XSIPOLYCLS.boeing747_material2
f 1671//3681 1667//3682 1661//3683 
usemtl Polygon_XSIPOLYCLS.boeing747_material2
f 1672//3685 1667//3687 1671//3688 
usemtl Polygon_XSIPOLYCLS.boeing747_material2
f 1552//4859 1549//4846 1553//4845 
usemtl boeing747_material1
f 5//347 262//345 534//344 
usemtl boeing747_material1
f 1685//3697 1689//3698 1698//3699 
usemtl Polygon_XSIPOLYCLS.boeing747_material2
f 1675//3700 1671//3701 1661//3702 
usemtl Polygon_XSIPOLYCLS.boeing747_material2
f 1676//3704 1671//3706 1675//3707 
usemtl boeing747_material1
f 1513//3708 1496//3709 1492//3710 
usemtl boeing747_material1
f 14//383 722//381 312//380 
usemtl boeing747_material1
f 1681//3715 1685//3716 1698//3717 
usemtl Polygon_XSIPOLYCLS.boeing747_material2
f 1679//3718 1675//3719 1661//3721 
usemtl Polygon_XSIPOLYCLS.boeing747_material2
f 1680//3722 1675//3724 1679//3725 
usemtl Polygon_XSIPOLYCLS.boeing747_material2
f 1540//3726 1537//3728 1541//3729 
usemtl boeing747_material1
f 1184//3373 1137//3692 1136//3693 
usemtl boeing747_material1
f 1677//3734 1681//3735 1698//3736 
usemtl Polygon_XSIPOLYCLS.boeing747_material2
f 1683//3737 1679//3738 1661//3740 
usemtl Polygon_XSIPOLYCLS.boeing747_material2
f 1684//3741 1679//3743 1683//3744 
usemtl Polygon_XSIPOLYCLS.boeing747_material2
f 1519//3745 1536//3747 1540//3748 
usemtl boeing747_material1
f 1598//4885 1593//4884 1597//4883 
usemtl boeing747_material1
f 1673//3753 1677//3754 1698//3755 
usemtl Polygon_XSIPOLYCLS.boeing747_material2
f 1687//3756 1683//3757 1661//3759 
usemtl Polygon_XSIPOLYCLS.boeing747_material2
f 1688//3760 1683//3762 1687//3763 
usemtl boeing747_material1
f 1555//3764 1538//3765 1534//3766 
usemtl Polygon_XSIPOLYCLS.boeing747_material2
f 1558//4904 1594//4903 1565//4901 
usemtl boeing747_material1
f 1669//3771 1673//3772 1698//3773 
usemtl Polygon_XSIPOLYCLS.boeing747_material2
f 1691//3774 1687//3775 1661//3777 
usemtl Polygon_XSIPOLYCLS.boeing747_material2
f 1692//3778 1687//3780 1691//3781 
usemtl Polygon_XSIPOLYCLS.boeing747_material2
f 1559//4919 1594//4917 1558//4916 
usemtl boeing747_material1
f 1455//4980 1450//4996 1370//4997 
usemtl boeing747_material1
f 1694//3790 1669//3791 1698//3792 
usemtl Polygon_XSIPOLYCLS.boeing747_material2
f 1695//3793 1691//3794 1661//3796 
usemtl Polygon_XSIPOLYCLS.boeing747_material2
f 1696//3797 1691//3799 1695//3800 
usemtl boeing747_material1
f 791//3804 793//3802 794//3801 
usemtl boeing747_material1
f 2210//5812 376//5863 3//5888 
usemtl boeing747_material1
f 1741//3809 1736//3810 1740//3811 
usemtl Polygon_XSIPOLYCLS.boeing747_material2
f 1701//3812 1737//3813 1703//3814 
usemtl Polygon_XSIPOLYCLS.boeing747_material2
f 1702//3816 1737//3818 1701//3819 
usemtl boeing747_material1
f 1273//6126 799//3820 798//3821 
usemtl boeing747_material1
f 1425//5015 1424//5016 1419//5032 
usemtl boeing747_material1
f 1739//3828 1741//3829 1740//3830 
usemtl Polygon_XSIPOLYCLS.boeing747_material2
f 1705//3831 1701//3832 1703//3833 
usemtl Polygon_XSIPOLYCLS.boeing747_material2
f 1706//3835 1701//3837 1705//3838 
usemtl Polygon_XSIPOLYCLS.boeing747_material2
f 1497//3839 1494//3841 1498//3842 
usemtl boeing747_material1
f 1375//5033 1453//5034 1451//5035 
usemtl boeing747_material1
f 1735//3847 1739//3848 1740//3849 
usemtl Polygon_XSIPOLYCLS.boeing747_material2
f 1709//3850 1705//3851 1703//3852 
usemtl Polygon_XSIPOLYCLS.boeing747_material2
f 1710//3854 1705//3856 1709//3857 
usemtl Polygon_XSIPOLYCLS.boeing747_material2
f 1536//3858 1533//3860 1537//3861 
usemtl boeing747_material1
f 236//402 8//400 68//414 
usemtl boeing747_material1
f 1731//3866 1735//3867 1740//3868 
usemtl Polygon_XSIPOLYCLS.boeing747_material2
f 1713//3869 1709//3870 1703//3871 
usemtl Polygon_XSIPOLYCLS.boeing747_material2
f 1714//3873 1709//3875 1713//3876 
usemtl Polygon_XSIPOLYCLS.boeing747_material2
f 1519//3877 1532//3879 1536//3880 
usemtl Polygon_XSIPOLYCLS.boeing747_material2
f 238//3211 280//3209 278//3208 
usemtl boeing747_material1
f 1727//3885 1731//3886 1740//3887 
usemtl Polygon_XSIPOLYCLS.boeing747_material2
f 1717//3888 1713//3889 1703//3890 
usemtl Polygon_XSIPOLYCLS.boeing747_material2
f 1718//3892 1713//3894 1717//3895 
usemtl boeing747_material1
f 1555//3896 1542//3897 1538//3898 
usemtl Polygon_XSIPOLYCLS.boeing747_material2
f 2197//5489 2187//5526 2188//5730 
usemtl boeing747_material1
f 1723//3903 1727//3904 1740//3905 
usemtl Polygon_XSIPOLYCLS.boeing747_material2
f 1721//3906 1717//3907 1703//3909 
usemtl Polygon_XSIPOLYCLS.boeing747_material2
f 1722//3910 1717//3912 1721//3913 
usemtl Polygon_XSIPOLYCLS.boeing747_material2
f 1325//753 1353//593 1354//598 
usemtl boeing747_material1
f 1264//3189 1273//3190 1439//3191 
usemtl boeing747_material1
f 1719//3922 1723//3923 1740//3924 
usemtl Polygon_XSIPOLYCLS.boeing747_material2
f 1725//3925 1721//3926 1703//3928 
usemtl Polygon_XSIPOLYCLS.boeing747_material2
f 1726//3929 1721//3931 1725//3932 
usemtl boeing747_material1
f 1237//5720 786//5721 1432//5722 
usemtl boeing747_material1
f 1439//3192 1442//5052 787//5053 
usemtl boeing747_material1
f 1715//3941 1719//3942 1740//3943 
usemtl Polygon_XSIPOLYCLS.boeing747_material2
f 1729//3944 1725//3945 1703//3947 
usemtl Polygon_XSIPOLYCLS.boeing747_material2
f 1730//3948 1725//3950 1729//3951 
usemtl Polygon_XSIPOLYCLS.boeing747_material2
f 1532//3952 1529//3954 1533//3955 
usemtl boeing747_material1
f 1420//5069 799//5070 800//5071 
usemtl boeing747_material1
f 1711//3960 1715//3961 1740//3962 
usemtl Polygon_XSIPOLYCLS.boeing747_material2
f 1733//3963 1729//3964 1703//3966 
usemtl Polygon_XSIPOLYCLS.boeing747_material2
f 1734//3967 1729//3969 1733//3970 
usemtl Polygon_XSIPOLYCLS.boeing747_material2
f 1519//3972 1528//3973 1532//3974 
usemtl boeing747_material1
f 796//6128 1435//6130 1434//6131 
usemtl boeing747_material1
f 1736//3979 1711//3980 1740//3981 
usemtl Polygon_XSIPOLYCLS.boeing747_material2
f 1737//3982 1733//3983 1703//3985 
usemtl Polygon_XSIPOLYCLS.boeing747_material2
f 1738//3986 1733//3988 1737//3989 
usemtl boeing747_material1
f 1555//3990 1546//3991 1542//3992 
usemtl boeing747_material1
f 788//6120 1420//6121 801//6122 
usemtl boeing747_material1
f 1782//3997 1778//3998 1783//3999 
usemtl Polygon_XSIPOLYCLS.boeing747_material2
f 1758//4000 1779//4002 1743//4003 
usemtl Polygon_XSIPOLYCLS.boeing747_material2
f 1743//4004 1780//4006 1744//4007 
usemtl boeing747_material1
f 1264//6123 1439//6124 787//6125 
usemtl boeing747_material1
f 795//6116 797//6118 792//6119 
usemtl boeing747_material1
f 1782//4016 1783//4017 1781//4018 
usemtl Polygon_XSIPOLYCLS.boeing747_material2
f 1758//4019 1743//4021 1747//4022 
usemtl Polygon_XSIPOLYCLS.boeing747_material2
f 1747//4023 1744//4025 1748//4026 
usemtl boeing747_material1
f 1378//2804 786//2805 1237//2806 
usemtl boeing747_material1
f 797//6112 839//6114 791//6115 
usemtl boeing747_material1
f 1782//4035 1781//4036 1777//4037 
usemtl Polygon_XSIPOLYCLS.boeing747_material2
f 1758//4038 1747//4040 1751//4041 
usemtl Polygon_XSIPOLYCLS.boeing747_material2
f 1751//4042 1748//4044 1752//4045 
usemtl Polygon_XSIPOLYCLS.boeing747_material2
f 1528//4046 1525//4048 1529//4049 
usemtl boeing747_material1
f 793//6108 790//6110 794//6111 
usemtl boeing747_material1
f 1782//4054 1777//4055 1773//4056 
usemtl Polygon_XSIPOLYCLS.boeing747_material2
f 1758//4057 1751//4059 1755//4060 
usemtl Polygon_XSIPOLYCLS.boeing747_material2
f 1755//4061 1752//4063 1756//4064 
usemtl Polygon_XSIPOLYCLS.boeing747_material2
f 1519//4066 1524//4067 1528//4068 
usemtl boeing747_material1
f 1135//3711 1136//3713 1190//2066 
usemtl boeing747_material1
f 1782//4073 1773//4074 1769//4075 
usemtl Polygon_XSIPOLYCLS.boeing747_material2
f 1758//4076 1755//4078 1759//4079 
usemtl Polygon_XSIPOLYCLS.boeing747_material2
f 1759//4080 1756//4082 1760//4083 
usemtl boeing747_material1
f 1555//4084 1550//4085 1546//4086 
usemtl boeing747_material1
f 1263//3822 1273//3823 1264//6104 
usemtl boeing747_material1
f 1782//4091 1769//4092 1765//4093 
usemtl Polygon_XSIPOLYCLS.boeing747_material2
f 1758//4095 1759//4096 1763//4097 
usemtl Polygon_XSIPOLYCLS.boeing747_material2
f 1763//4098 1760//4100 1764//4101 
usemtl boeing747_material1
f 1057//3356 1306//602 20//729 
usemtl boeing747_material1
f 1366//4785 1367//4784 1368//4712 
usemtl boeing747_material1
f 1782//4110 1765//4111 1761//4112 
usemtl Polygon_XSIPOLYCLS.boeing747_material2
f 1758//4114 1763//4115 1767//4116 
usemtl Polygon_XSIPOLYCLS.boeing747_material2
f 1767//4117 1764//4119 1768//4120 
usemtl boeing747_material1
f 1432//3274 1249//3275 1247//3276 
usemtl boeing747_material1
f 1369//4711 1367//4710 1366//4709 
usemtl boeing747_material1
f 1782//4129 1761//4130 1757//4131 
usemtl Polygon_XSIPOLYCLS.boeing747_material2
f 1758//4133 1767//4134 1771//4135 
usemtl Polygon_XSIPOLYCLS.boeing747_material2
f 1771//4136 1768//4138 1772//4139 
usemtl Polygon_XSIPOLYCLS.boeing747_material2
f 1524//4140 1521//4142 1525//4143 
usemtl boeing747_material1
f 1422//4920 807//4921 982//4922 
usemtl boeing747_material1
f 1782//4148 1757//4149 1753//4150 
usemtl Polygon_XSIPOLYCLS.boeing747_material2
f 1758//4152 1771//4153 1775//4154 
usemtl Polygon_XSIPOLYCLS.boeing747_material2
f 1775//4155 1772//4157 1776//4158 
usemtl Polygon_XSIPOLYCLS.boeing747_material2
f 1519//4160 1520//4161 1524//4162 
usemtl boeing747_material1
f 76//433 16//431 14//430 
usemtl boeing747_material1
f 1782//4167 1753//4168 1778//4169 
usemtl Polygon_XSIPOLYCLS.boeing747_material2
f 1758//4171 1775//4172 1779//4173 
usemtl Polygon_XSIPOLYCLS.boeing747_material2
f 1779//4174 1776//4176 1780//4177 
usemtl boeing747_material1
f 1555//4178 1554//4179 1550//4180 
usemtl boeing747_material1
f 339//1212 326//1210 336//1209 
usemtl boeing747_material1
f 1824//4185 1820//4186 1825//4187 
usemtl Polygon_XSIPOLYCLS.boeing747_material2
f 1800//4188 1821//4190 1785//4191 
usemtl Polygon_XSIPOLYCLS.boeing747_material2
f 1785//4192 1822//4194 1786//4195 
usemtl Polygon_XSIPOLYCLS.boeing747_material2
f 1507//6070 1475//6078 1511//6079 
usemtl Polygon_XSIPOLYCLS.boeing747_material2
f 777//6066 774//6068 778//6069 
usemtl boeing747_material1
f 1824//4204 1825//4205 1823//4206 
usemtl Polygon_XSIPOLYCLS.boeing747_material2
f 1800//4207 1785//4209 1789//4210 
usemtl Polygon_XSIPOLYCLS.boeing747_material2
f 1789//4211 1786//4213 1790//4214 
usemtl Polygon_XSIPOLYCLS.boeing747_material2
f 2283//2773 2282//2774 2281//2775 
usemtl Polygon_XSIPOLYCLS.boeing747_material2
f 760//6063 773//6064 777//6065 
usemtl boeing747_material1
f 1824//4223 1823//4224 1819//4225 
usemtl Polygon_XSIPOLYCLS.boeing747_material2
f 1800//4226 1789//4228 1793//4229 
usemtl Polygon_XSIPOLYCLS.boeing747_material2
f 1793//4230 1790//4232 1794//4233 
usemtl Polygon_XSIPOLYCLS.boeing747_material2
f 1520//4234 1517//4236 1521//4237 
usemtl boeing747_material1
f 780//6059 1388//6060 776//6061 
usemtl boeing747_material1
f 1824//4242 1819//4243 1815//4244 
usemtl Polygon_XSIPOLYCLS.boeing747_material2
f 1800//4245 1793//4247 1797//4248 
usemtl Polygon_XSIPOLYCLS.boeing747_material2
f 1797//4249 1794//4251 1798//4252 
usemtl Polygon_XSIPOLYCLS.boeing747_material2
f 1519//4253 1516//4255 1520//4256 
usemtl boeing747_material1
f 727//325 542//323 566//322 
usemtl boeing747_material1
f 1824//4261 1815//4262 1811//4263 
usemtl Polygon_XSIPOLYCLS.boeing747_material2
f 1800//4264 1797//4266 1801//4267 
usemtl Polygon_XSIPOLYCLS.boeing747_material2
f 1801//4268 1798//4270 1802//4271 
usemtl boeing747_material1
f 1555//4272 1556//4273 1554//4274 
usemtl Polygon_XSIPOLYCLS.boeing747_material2
f 1549//6045 1517//6053 1553//6054 
usemtl boeing747_material1
f 1824//4279 1811//4280 1807//4281 
usemtl Polygon_XSIPOLYCLS.boeing747_material2
f 1800//4283 1801//4284 1805//4285 
usemtl Polygon_XSIPOLYCLS.boeing747_material2
f 1805//4286 1802//4288 1806//4289 
usemtl Polygon_XSIPOLYCLS.boeing747_material2
f 773//6041 771//6043 774//6044 
usemtl Polygon_XSIPOLYCLS.boeing747_material2
f 760//6038 770//6039 773//6040 
usemtl boeing747_material1
f 1824//4298 1807//4299 1803//4300 
usemtl Polygon_XSIPOLYCLS.boeing747_material2
f 1800//4302 1805//4303 1809//4304 
usemtl Polygon_XSIPOLYCLS.boeing747_material2
f 1809//4305 1806//4307 1810//4308 
usemtl Polygon_XSIPOLYCLS.boeing747_material2
f 1818//4309 1786//4317 1822//4318 
usemtl boeing747_material1
f 780//6034 759//6035 1388//6036 
usemtl boeing747_material1
f 1824//4323 1803//4324 1799//4325 
usemtl Polygon_XSIPOLYCLS.boeing747_material2
f 1800//4327 1809//4328 1813//4329 
usemtl Polygon_XSIPOLYCLS.boeing747_material2
f 1813//4330 1810//4332 1814//4333 
usemtl Polygon_XSIPOLYCLS.boeing747_material2
f 1776//4334 1744//4342 1780//4343 
usemtl boeing747_material1
f 1589//318 564//316 542//312 
usemtl boeing747_material1
f 1824//4348 1799//4349 1795//4350 
usemtl Polygon_XSIPOLYCLS.boeing747_material2
f 1800//4352 1813//4353 1817//4354 
usemtl Polygon_XSIPOLYCLS.boeing747_material2
f 1817//4355 1814//4357 1818//4358 
usemtl Polygon_XSIPOLYCLS.boeing747_material2
f 1738//4359 1730//4367 1734//4368 
usemtl Polygon_XSIPOLYCLS.boeing747_material2
f 1595//6020 1587//6028 1591//6029 
usemtl boeing747_material1
f 1824//4373 1795//4374 1820//4375 
usemtl Polygon_XSIPOLYCLS.boeing747_material2
f 1800//4377 1817//4378 1821//4379 
usemtl Polygon_XSIPOLYCLS.boeing747_material2
f 1821//4380 1818//4382 1822//4383 
usemtl Polygon_XSIPOLYCLS.boeing747_material2
f 1696//4384 1688//4392 1692//4393 
usemtl Polygon_XSIPOLYCLS.boeing747_material2
f 770//6016 768//6018 771//6019 
usemtl boeing747_material1
f 1827//4398 1840//4400 1826//4401 
usemtl boeing747_material1
f 1841//4402 1827//4403 1842//4404 
usemtl boeing747_material1
f 1829//4405 1826//4407 1828//4408 
usemtl boeing747_material1
f 1827//4409 1829//4410 1842//4411 
usemtl boeing747_material1
f 1831//4412 1828//4414 1830//4415 
usemtl boeing747_material1
f 1829//4416 1831//4417 1842//4418 
usemtl boeing747_material1
f 1833//4419 1830//4421 1832//4422 
usemtl boeing747_material1
f 1831//4423 1833//4424 1842//4425 
usemtl boeing747_material1
f 1835//4426 1832//4428 1834//4429 
usemtl boeing747_material1
f 1833//4430 1835//4431 1842//4432 
usemtl boeing747_material1
f 1837//4433 1834//4435 1836//4436 
usemtl boeing747_material1
f 1835//4437 1837//4438 1842//4439 
usemtl boeing747_material1
f 1839//4440 1836//4442 1838//4443 
usemtl boeing747_material1
f 1837//4444 1839//4445 1842//4446 
usemtl boeing747_material1
f 1841//4447 1838//4449 1840//4450 
usemtl boeing747_material1
f 1839//4451 1841//4452 1842//4453 
usemtl boeing747_material1
f 1883//4454 1879//4455 1884//4456 
usemtl Polygon_XSIPOLYCLS.boeing747_material2
f 1859//4457 1880//4459 1844//4460 
usemtl Polygon_XSIPOLYCLS.boeing747_material2
f 1844//4461 1881//4463 1845//4464 
usemtl Polygon_XSIPOLYCLS.boeing747_material2
f 1562//4465 1558//4466 1565//4468 
usemtl Polygon_XSIPOLYCLS.boeing747_material2
f 760//6013 767//6014 770//6015 
usemtl boeing747_material1
f 1883//4473 1884//4474 1882//4475 
usemtl Polygon_XSIPOLYCLS.boeing747_material2
f 1859//4476 1844//4478 1848//4479 
usemtl Polygon_XSIPOLYCLS.boeing747_material2
f 1848//4480 1845//4482 1849//4483 
usemtl boeing747_material1
f 1596//4484 1598//4485 1597//4486 
usemtl boeing747_material1
f 780//6009 763//6010 759//6011 
usemtl boeing747_material1
f 1883//4491 1882//4492 1878//4493 
usemtl Polygon_XSIPOLYCLS.boeing747_material2
f 1859//4494 1848//4496 1852//4497 
usemtl Polygon_XSIPOLYCLS.boeing747_material2
f 1852//4498 1849//4500 1853//4501 
usemtl Polygon_XSIPOLYCLS.boeing747_material2
f 1497//4502 1502//4504 1506//4505 
usemtl boeing747_material1
f 542//1199 564//1198 735//1197 
usemtl boeing747_material1
f 1883//4510 1878//4511 1874//4512 
usemtl Polygon_XSIPOLYCLS.boeing747_material2
f 1859//4513 1852//4515 1856//4516 
usemtl Polygon_XSIPOLYCLS.boeing747_material2
f 1856//4517 1853//4519 1857//4520 
usemtl Polygon_XSIPOLYCLS.boeing747_material2
f 2256//2871 2257//2870 2258//2866 
usemtl Polygon_XSIPOLYCLS.boeing747_material2
f 1637//5995 1629//6003 1633//6004 
usemtl boeing747_material1
f 1883//4529 1874//4530 1870//4531 
usemtl Polygon_XSIPOLYCLS.boeing747_material2
f 1859//4532 1856//4534 1860//4535 
usemtl Polygon_XSIPOLYCLS.boeing747_material2
f 1860//4536 1857//4538 1861//4539 
usemtl Polygon_XSIPOLYCLS.boeing747_material2
f 2232//3314 2233//3315 2235//3331 
usemtl Polygon_XSIPOLYCLS.boeing747_material2
f 767//5991 765//5993 768//5994 
usemtl boeing747_material1
f 1883//4548 1870//4549 1866//4550 
usemtl Polygon_XSIPOLYCLS.boeing747_material2
f 1859//4552 1860//4553 1864//4554 
usemtl Polygon_XSIPOLYCLS.boeing747_material2
f 1864//4555 1861//4557 1865//4558 
usemtl Polygon_XSIPOLYCLS.boeing747_material2
f 2234//3332 2233//3333 2232//3334 
usemtl Polygon_XSIPOLYCLS.boeing747_material2
f 760//5988 764//5989 767//5990 
usemtl boeing747_material1
f 1883//4567 1866//4568 1862//4569 
usemtl Polygon_XSIPOLYCLS.boeing747_material2
f 1859//4571 1864//4572 1868//4573 
usemtl Polygon_XSIPOLYCLS.boeing747_material2
f 1868//4574 1865//4576 1869//4577 
usemtl boeing747_material1
f 2167//3350 2171//3352 2224//3353 
usemtl boeing747_material1
f 780//5984 766//5985 763//5986 
usemtl boeing747_material1
f 1883//4586 1862//4587 1858//4588 
usemtl Polygon_XSIPOLYCLS.boeing747_material2
f 1859//4590 1868//4591 1872//4592 
usemtl Polygon_XSIPOLYCLS.boeing747_material2
f 1872//4593 1869//4595 1873//4596 
usemtl Polygon_XSIPOLYCLS.boeing747_material2
f 2226//3369 2227//3370 2231//3371 
usemtl Polygon_XSIPOLYCLS.boeing747_material2
f 1877//5970 1845//5978 1881//5979 
usemtl boeing747_material1
f 1883//4605 1858//4606 1854//4607 
usemtl Polygon_XSIPOLYCLS.boeing747_material2
f 1859//4609 1872//4610 1876//4611 
usemtl Polygon_XSIPOLYCLS.boeing747_material2
f 1876//4612 1873//4614 1877//4615 
usemtl Polygon_XSIPOLYCLS.boeing747_material2
f 1490//4616 1487//4618 1491//4619 
usemtl Polygon_XSIPOLYCLS.boeing747_material2
f 764//5966 762//5968 765//5969 
usemtl boeing747_material1
f 1883//4624 1854//4625 1879//4626 
usemtl Polygon_XSIPOLYCLS.boeing747_material2
f 1859//4628 1876//4629 1880//4630 
usemtl Polygon_XSIPOLYCLS.boeing747_material2
f 1880//4631 1877//4633 1881//4634 
usemtl boeing747_material1
f 1513//4635 1488//4636 1484//4637 
usemtl Polygon_XSIPOLYCLS.boeing747_material2
f 760//5963 761//5964 764//5965 
usemtl boeing747_material1
f 1925//4642 1921//4643 1926//4644 
usemtl Polygon_XSIPOLYCLS.boeing747_material2
f 1901//4645 1922//4647 1886//4648 
usemtl Polygon_XSIPOLYCLS.boeing747_material2
f 1886//4649 1923//4651 1887//4652 
usemtl Polygon_XSIPOLYCLS.boeing747_material2
f 1497//4653 1478//4655 1482//4656 
usemtl boeing747_material1
f 780//5959 769//5960 766//5961 
usemtl boeing747_material1
f 1925//4661 1926//4662 1924//4663 
usemtl Polygon_XSIPOLYCLS.boeing747_material2
f 1901//4664 1886//4666 1890//4667 
usemtl Polygon_XSIPOLYCLS.boeing747_material2
f 1890//4668 1887//4670 1891//4671 
usemtl boeing747_material1
f 1513//4672 1512//4673 1508//4674 
usemtl Polygon_XSIPOLYCLS.boeing747_material2
f 1919//5945 1887//5953 1923//5954 
usemtl boeing747_material1
f 1925//4679 1924//4680 1920//4681 
usemtl Polygon_XSIPOLYCLS.boeing747_material2
f 1901//4682 1890//4684 1894//4685 
usemtl Polygon_XSIPOLYCLS.boeing747_material2
f 1894//4686 1891//4688 1895//4689 
usemtl Polygon_XSIPOLYCLS.boeing747_material2
f 761//5941 758//5943 762//5944 
usemtl Polygon_XSIPOLYCLS.boeing747_material2
f 760//5937 757//5939 761//5940 
usemtl boeing747_material1
f 1925//4698 1920//4699 1916//4700 
usemtl Polygon_XSIPOLYCLS.boeing747_material2
f 1901//4701 1894//4703 1898//4704 
usemtl Polygon_XSIPOLYCLS.boeing747_material2
f 1898//4705 1895//4707 1899//4708 
usemtl boeing747_material1
f 1338//706 412//701 398//700 
usemtl boeing747_material1
f 780//5934 772//5935 769//5936 
usemtl boeing747_material1
f 1925//4717 1916//4718 1912//4719 
usemtl Polygon_XSIPOLYCLS.boeing747_material2
f 1901//4720 1898//4722 1902//4723 
usemtl Polygon_XSIPOLYCLS.boeing747_material2
f 1902//4724 1899//4726 1903//4727 
usemtl Polygon_XSIPOLYCLS.boeing747_material2
f 1478//4728 1475//4730 1479//4731 
usemtl Polygon_XSIPOLYCLS.boeing747_material2
f 1965//5920 1957//5928 1961//5929 
usemtl boeing747_material1
f 1925//4736 1912//4737 1908//4738 
usemtl Polygon_XSIPOLYCLS.boeing747_material2
f 1901//4740 1902//4741 1906//4742 
usemtl Polygon_XSIPOLYCLS.boeing747_material2
f 1906//4743 1903//4745 1907//4746 
usemtl Polygon_XSIPOLYCLS.boeing747_material2
f 1497//4748 1474//4749 1478//4750 
usemtl Polygon_XSIPOLYCLS.boeing747_material2
f 757//5916 1389//5918 758//5919 
usemtl boeing747_material1
f 1925//4755 1908//4756 1904//4757 
usemtl Polygon_XSIPOLYCLS.boeing747_material2
f 1901//4759 1906//4760 1910//4761 
usemtl Polygon_XSIPOLYCLS.boeing747_material2
f 1910//4762 1907//4764 1911//4765 
usemtl boeing747_material1
f 1513//4766 1514//4767 1512//4768 
usemtl Polygon_XSIPOLYCLS.boeing747_material2
f 760//5912 1390//5914 757//5915 
usemtl boeing747_material1
f 1925//4773 1904//4774 1900//4775 
usemtl Polygon_XSIPOLYCLS.boeing747_material2
f 1901//4777 1910//4778 1914//4779 
usemtl Polygon_XSIPOLYCLS.boeing747_material2
f 1914//4780 1911//4782 1915//4783 
usemtl boeing747_material1
f 1375//4959 1451//4960 1455//4961 
usemtl boeing747_material1
f 780//5909 775//5910 772//5911 
usemtl boeing747_material1
f 1925//4792 1900//4793 1896//4794 
usemtl Polygon_XSIPOLYCLS.boeing747_material2
f 1901//4796 1914//4797 1918//4798 
usemtl Polygon_XSIPOLYCLS.boeing747_material2
f 1918//4799 1915//4801 1919//4802 
usemtl Polygon_XSIPOLYCLS.boeing747_material2
f 1486//4803 1483//4805 1487//4806 
usemtl Polygon_XSIPOLYCLS.boeing747_material2
f 2007//5895 1999//5903 2003//5904 
usemtl boeing747_material1
f 1925//4811 1896//4812 1921//4813 
usemtl Polygon_XSIPOLYCLS.boeing747_material2
f 1901//4815 1918//4816 1922//4817 
usemtl Polygon_XSIPOLYCLS.boeing747_material2
f 1922//4818 1919//4820 1923//4821 
usemtl Polygon_XSIPOLYCLS.boeing747_material2
f 1497//4822 1482//4824 1486//4825 
usemtl Polygon_XSIPOLYCLS.boeing747_material2
f 1390//5891 1392//5893 1389//5894 
usemtl boeing747_material1
f 1968//4830 1963//4831 1967//4832 
usemtl Polygon_XSIPOLYCLS.boeing747_material2
f 1928//4833 1964//4834 1930//4835 
usemtl Polygon_XSIPOLYCLS.boeing747_material2
f 1929//4837 1964//4839 1928//4840 
usemtl boeing747_material1
f 1513//4841 1508//4842 1504//4843 
usemtl Polygon_XSIPOLYCLS.boeing747_material2
f 760//5887 1393//5889 1390//5890 
usemtl boeing747_material1
f 1966//4848 1968//4849 1967//4850 
usemtl Polygon_XSIPOLYCLS.boeing747_material2
f 1932//4851 1928//4852 1930//4853 
usemtl Polygon_XSIPOLYCLS.boeing747_material2
f 1933//4855 1928//4857 1932//4858 
usemtl boeing747_material1
f 780//5884 779//5885 775//5886 
usemtl Polygon_XSIPOLYCLS.boeing747_material2
f 1754//5870 1788//5878 1774//5879 
usemtl boeing747_material1
f 1962//4867 1966//4868 1967//4869 
usemtl Polygon_XSIPOLYCLS.boeing747_material2
f 1936//4870 1932//4871 1930//4872 
usemtl Polygon_XSIPOLYCLS.boeing747_material2
f 1937//4874 1932//4876 1936//4877 
usemtl Polygon_XSIPOLYCLS.boeing747_material2
f 2137//5749 2132//5768 2143//5787 
usemtl Polygon_XSIPOLYCLS.boeing747_material2
f 1393//5866 1394//5868 1392//5869 
usemtl boeing747_material1
f 1958//4886 1962//4887 1967//4888 
usemtl Polygon_XSIPOLYCLS.boeing747_material2
f 1940//4889 1936//4890 1930//4891 
usemtl Polygon_XSIPOLYCLS.boeing747_material2
f 1941//4893 1936//4895 1940//4896 
usemtl Polygon_XSIPOLYCLS.boeing747_material2
f 1482//4897 1479//4899 1483//4900 
usemtl Polygon_XSIPOLYCLS.boeing747_material2
f 760//5862 1395//5864 1393//5865 
usemtl boeing747_material1
f 1954//4905 1958//4906 1967//4907 
usemtl Polygon_XSIPOLYCLS.boeing747_material2
f 1944//4908 1940//4909 1930//4910 
usemtl Polygon_XSIPOLYCLS.boeing747_material2
f 1945//4912 1940//4914 1944//4915 
usemtl boeing747_material1
f 780//5859 781//5860 779//5861 
usemtl Polygon_XSIPOLYCLS.boeing747_material2
f 1577//5845 1615//5853 1603//5854 
usemtl boeing747_material1
f 1950//4924 1954//4925 1967//4926 
usemtl Polygon_XSIPOLYCLS.boeing747_material2
f 1948//4927 1944//4928 1930//4930 
usemtl Polygon_XSIPOLYCLS.boeing747_material2
f 1949//4931 1944//4933 1948//4934 
usemtl boeing747_material1
f 2166//5913 270//5962 2165//5396 
usemtl Polygon_XSIPOLYCLS.boeing747_material2
f 1395//5841 778//5843 1394//5844 
usemtl boeing747_material1
f 1946//4943 1950//4944 1967//4945 
usemtl Polygon_XSIPOLYCLS.boeing747_material2
f 1952//4946 1948//4947 1930//4949 
usemtl Polygon_XSIPOLYCLS.boeing747_material2
f 1953//4950 1948//4952 1952//4953 
usemtl Polygon_XSIPOLYCLS.boeing747_material2
f 1474//4954 1511//4956 1475//4957 
usemtl Polygon_XSIPOLYCLS.boeing747_material2
f 760//5837 777//5839 1395//5840 
usemtl boeing747_material1
f 1942//4962 1946//4963 1967//4964 
usemtl Polygon_XSIPOLYCLS.boeing747_material2
f 1956//4965 1952//4966 1930//4968 
usemtl Polygon_XSIPOLYCLS.boeing747_material2
f 1957//4969 1952//4971 1956//4972 
usemtl Polygon_XSIPOLYCLS.boeing747_material2
f 1497//4973 1510//4975 1474//4976 
usemtl boeing747_material1
f 780//5834 776//5835 781//5836 
usemtl boeing747_material1
f 1938//4981 1942//4982 1967//4983 
usemtl Polygon_XSIPOLYCLS.boeing747_material2
f 1960//4984 1956//4985 1930//4987 
usemtl Polygon_XSIPOLYCLS.boeing747_material2
f 1961//4988 1956//4990 1960//4991 
usemtl boeing747_material1
f 1513//4992 1509//4993 1514//4994 
usemtl Polygon_XSIPOLYCLS.boeing747_material2
f 1403//5820 1557//5828 1399//5829 
usemtl boeing747_material1
f 1963//4999 1938//5000 1967//5001 
usemtl Polygon_XSIPOLYCLS.boeing747_material2
f 1964//5002 1960//5003 1930//5005 
usemtl Polygon_XSIPOLYCLS.boeing747_material2
f 1965//5006 1960//5008 1964//5009 
usemtl boeing747_material1
f 1469//5010 1471//5011 1472//5012 
usemtl Polygon_XSIPOLYCLS.boeing747_material2
f 1400//5816 1403//5818 1399//5819 
usemtl boeing747_material1
f 2010//5017 2005//5018 2009//5019 
usemtl Polygon_XSIPOLYCLS.boeing747_material2
f 1970//5020 2006//5021 1972//5022 
usemtl Polygon_XSIPOLYCLS.boeing747_material2
f 1971//5024 2006//5026 1970//5027 
usemtl boeing747_material1
f 1471//5028 1468//5030 1470//5031 
usemtl Polygon_XSIPOLYCLS.boeing747_material2
f 1505//5813 1404//5814 1400//5815 
usemtl boeing747_material1
f 2008//5036 2010//5037 2009//5038 
usemtl Polygon_XSIPOLYCLS.boeing747_material2
f 1974//5039 1970//5040 1972//5041 
usemtl Polygon_XSIPOLYCLS.boeing747_material2
f 1975//5043 1970//5045 1974//5046 
usemtl boeing747_material1
f 1467//5047 1469//5048 1472//5049 
usemtl boeing747_material1
f 1397//5809 1527//5810 1401//5811 
usemtl boeing747_material1
f 2004//5054 2008//5055 2009//5056 
usemtl Polygon_XSIPOLYCLS.boeing747_material2
f 1978//5057 1974//5058 1972//5059 
usemtl Polygon_XSIPOLYCLS.boeing747_material2
f 1979//5061 1974//5063 1978//5064 
usemtl boeing747_material1
f 1469//5065 1466//5067 1468//5068 
usemtl Polygon_XSIPOLYCLS.boeing747_material2
f 774//5795 1394//5803 778//5804 
usemtl boeing747_material1
f 2000//5073 2004//5074 2009//5075 
usemtl Polygon_XSIPOLYCLS.boeing747_material2
f 1982//5076 1978//5077 1972//5078 
usemtl Polygon_XSIPOLYCLS.boeing747_material2
f 1983//5080 1978//5082 1982//5083 
usemtl boeing747_material1
f 1465//5084 1467//5085 1472//5086 
usemtl Polygon_XSIPOLYCLS.boeing747_material2
f 1404//5791 1406//5793 1403//5794 
usemtl boeing747_material1
f 1996//5091 2000//5092 2009//5093 
usemtl Polygon_XSIPOLYCLS.boeing747_material2
f 1986//5094 1982//5095 1972//5096 
usemtl Polygon_XSIPOLYCLS.boeing747_material2
f 1987//5098 1982//5100 1986//5101 
usemtl boeing747_material1
f 1467//5102 1464//5104 1466//5105 
usemtl Polygon_XSIPOLYCLS.boeing747_material2
f 1505//5788 1407//5789 1404//5790 
usemtl boeing747_material1
f 1992//5110 1996//5111 2009//5112 
usemtl Polygon_XSIPOLYCLS.boeing747_material2
f 1990//5113 1986//5114 1972//5116 
usemtl Polygon_XSIPOLYCLS.boeing747_material2
f 1991//5117 1986//5119 1990//5120 
usemtl boeing747_material1
f 1463//5121 1465//5122 1472//5123 
usemtl boeing747_material1
f 1397//5784 1515//5785 1527//5786 
usemtl boeing747_material1
f 1988//5128 1992//5129 2009//5130 
usemtl Polygon_XSIPOLYCLS.boeing747_material2
f 1994//5131 1990//5132 1972//5134 
usemtl Polygon_XSIPOLYCLS.boeing747_material2
f 1995//5135 1990//5137 1994//5138 
usemtl boeing747_material1
f 1465//5139 1462//5141 1464//5142 
usemtl Polygon_XSIPOLYCLS.boeing747_material2
f 1407//5772 1473//5774 1406//5775 
usemtl boeing747_material1
f 1984//5147 1988//5148 2009//5149 
usemtl Polygon_XSIPOLYCLS.boeing747_material2
f 1998//5150 1994//5151 1972//5153 
usemtl Polygon_XSIPOLYCLS.boeing747_material2
f 1999//5154 1994//5156 1998//5157 
usemtl boeing747_material1
f 1254//3560 1232//2812 1233//2813 
usemtl Polygon_XSIPOLYCLS.boeing747_material2
f 1505//5769 1476//5770 1407//5771 
usemtl boeing747_material1
f 1980//5166 1984//5167 2009//5168 
usemtl Polygon_XSIPOLYCLS.boeing747_material2
f 2002//5169 1998//5170 1972//5172 
usemtl Polygon_XSIPOLYCLS.boeing747_material2
f 2003//5173 1998//5175 2002//5176 
usemtl Polygon_XSIPOLYCLS.boeing747_material2
f 1502//5177 1499//5179 1503//5180 
usemtl boeing747_material1
f 1397//5765 1489//5766 1515//5767 
usemtl boeing747_material1
f 2005//5185 1980//5186 2009//5187 
usemtl Polygon_XSIPOLYCLS.boeing747_material2
f 2006//5188 2002//5189 1972//5191 
usemtl Polygon_XSIPOLYCLS.boeing747_material2
f 2007//5192 2002//5194 2006//5195 
usemtl Polygon_XSIPOLYCLS.boeing747_material2
f 1497//5197 1498//5198 1502//5199 
usemtl Polygon_XSIPOLYCLS.boeing747_material2
f 1497//5758 1506//5759 1510//5760 
usemtl boeing747_material1
f 2011//5204 1993//5206 2012//5207 
usemtl boeing747_material1
f 1989//5208 2012//5209 1993//5210 
usemtl boeing747_material1
f 2013//5211 2012//5213 2014//5214 
usemtl boeing747_material1
f 1989//5215 2014//5216 2012//5217 
usemtl boeing747_material1
f 2015//5218 2014//5220 2016//5221 
usemtl boeing747_material1
f 1989//5222 2016//5223 2014//5224 
usemtl boeing747_material1
f 2017//5225 2016//5227 2018//5228 
usemtl boeing747_material1
f 1989//5229 2018//5230 2016//5231 
usemtl boeing747_material1
f 2019//5232 2018//5234 2020//5235 
usemtl boeing747_material1
f 1989//5236 2020//5237 2018//5238 
usemtl boeing747_material1
f 2021//5239 2020//5241 2022//5242 
usemtl boeing747_material1
f 1989//5243 2022//5244 2020//5245 
usemtl boeing747_material1
f 2023//5246 2022//5248 2001//5249 
usemtl boeing747_material1
f 1989//5250 2001//5251 2022//5252 
usemtl boeing747_material1
f 1997//5253 2001//5255 1993//5256 
usemtl boeing747_material1
f 1989//5257 1993//5258 2001//5259 
usemtl boeing747_material1
f 1745//5260 1766//5261 1746//5262 
usemtl Polygon_XSIPOLYCLS.boeing747_material2
f 1985//5263 1762//5264 1977//5265 
usemtl Polygon_XSIPOLYCLS.boeing747_material2
f 1981//5267 1762//5269 1985//5270 
usemtl boeing747_material1
f 1513//5271 1492//5272 1488//5273 
usemtl Polygon_XSIPOLYCLS.boeing747_material2
f 1476//5753 1481//5755 1473//5756 
usemtl boeing747_material1
f 1750//5278 1745//5279 1746//5280 
usemtl Polygon_XSIPOLYCLS.boeing747_material2
f 1973//5281 1985//5282 1977//5283 
usemtl Polygon_XSIPOLYCLS.boeing747_material2
f 1969//5285 1985//5287 1973//5288 
usemtl Polygon_XSIPOLYCLS.boeing747_material2
f 1505//5750 1485//5751 1476//5752 
usemtl boeing747_material1
f 1397//5746 1477//5747 1489//5748 
usemtl boeing747_material1
f 1770//5297 1750//5298 1746//5299 
usemtl Polygon_XSIPOLYCLS.boeing747_material2
f 1955//5300 1973//5301 1977//5302 
usemtl Polygon_XSIPOLYCLS.boeing747_material2
f 1951//5304 1973//5306 1955//5307 
usemtl boeing747_material1
f 800//3217 801//3218 1420//3219 
usemtl Polygon_XSIPOLYCLS.boeing747_material2
f 1510//5738 1507//5740 1511//5741 
usemtl boeing747_material1
f 1787//5316 1770//5317 1746//5318 
usemtl Polygon_XSIPOLYCLS.boeing747_material2
f 1943//5319 1955//5320 1977//5321 
usemtl Polygon_XSIPOLYCLS.boeing747_material2
f 1939//5323 1955//5325 1943//5326 
usemtl Polygon_XSIPOLYCLS.boeing747_material2
f 1498//5327 1495//5329 1499//5330 
usemtl Polygon_XSIPOLYCLS.boeing747_material2
f 1485//5734 1493//5736 1481//5737 
usemtl boeing747_material1
f 1796//5335 1787//5336 1746//5337 
usemtl Polygon_XSIPOLYCLS.boeing747_material2
f 1931//5338 1943//5339 1977//5340 
usemtl Polygon_XSIPOLYCLS.boeing747_material2
f 1927//5342 1943//5344 1931//5345 
usemtl boeing747_material1
f 823//5346 1892//5348 1385//5349 
usemtl Polygon_XSIPOLYCLS.boeing747_material2
f 1505//5731 1501//5732 1485//5733 
usemtl boeing747_material1
f 1812//5354 1796//5355 1746//5356 
usemtl Polygon_XSIPOLYCLS.boeing747_material2
f 1913//5357 1931//5358 1977//5360 
usemtl Polygon_XSIPOLYCLS.boeing747_material2
f 1816//5361 1931//5363 1913//5364 
usemtl boeing747_material1
f 1382//5365 1384//5367 1934//5368 
usemtl boeing747_material1
f 1397//5727 1408//5728 1477//5729 
usemtl boeing747_material1
f 1917//5373 1812//5374 1746//5375 
usemtl Polygon_XSIPOLYCLS.boeing747_material2
f 1808//5376 1913//5377 1977//5379 
usemtl Polygon_XSIPOLYCLS.boeing747_material2
f 1804//5380 1913//5382 1808//5383 
usemtl boeing747_material1
f 1436//5384 1385//5385 1892//5386 
usemtl boeing747_material1
f 1421//3220 1376//3520 1239//3521 
usemtl boeing747_material1
f 1935//5391 1917//5392 1746//5393 
usemtl Polygon_XSIPOLYCLS.boeing747_material2
f 1792//5394 1808//5395 1977//5397 
usemtl Polygon_XSIPOLYCLS.boeing747_material2
f 1788//5398 1808//5400 1792//5401 
usemtl boeing747_material1
f 1436//5402 1934//5403 1384//5404 
usemtl Polygon_XSIPOLYCLS.boeing747_material2
f 1501//5715 1518//5717 1493//5718 
usemtl boeing747_material1
f 1947//5409 1935//5410 1746//5411 
usemtl Polygon_XSIPOLYCLS.boeing747_material2
f 1784//5412 1792//5413 1977//5415 
usemtl Polygon_XSIPOLYCLS.boeing747_material2
f 1774//5416 1792//5418 1784//5419 
usemtl boeing747_material1
f 1383//5420 784//5422 1892//5423 
usemtl Polygon_XSIPOLYCLS.boeing747_material2
f 1505//5711 1523//5713 1501//5714 
usemtl boeing747_material1
f 1766//5428 1947//5429 1746//5430 
usemtl Polygon_XSIPOLYCLS.boeing747_material2
f 1762//5431 1784//5432 1977//5434 
usemtl Polygon_XSIPOLYCLS.boeing747_material2
f 1754//5435 1784//5437 1762//5438 
usemtl boeing747_material1
f 1438//5439 1934//5441 789//5442 
usemtl boeing747_material1
f 1397//5708 1405//5709 1408//5710 
usemtl boeing747_material1
f 1561//5447 1585//5448 1569//5449 
usemtl Polygon_XSIPOLYCLS.boeing747_material2
f 1742//5450 1581//5451 1728//5452 
usemtl Polygon_XSIPOLYCLS.boeing747_material2
f 1732//5454 1581//5456 1742//5457 
usemtl boeing747_material1
f 1436//5458 1892//5459 784//5460 
usemtl Polygon_XSIPOLYCLS.boeing747_material2
f 1523//5696 1531//5698 1518//5699 
usemtl boeing747_material1
f 1573//5465 1561//5466 1569//5467 
usemtl Polygon_XSIPOLYCLS.boeing747_material2
f 1724//5468 1742//5469 1728//5470 
usemtl Polygon_XSIPOLYCLS.boeing747_material2
f 1720//5472 1742//5474 1724//5475 
usemtl boeing747_material1
f 1436//5476 789//5477 1934//5478 
usemtl Polygon_XSIPOLYCLS.boeing747_material2
f 1505//5692 1535//5694 1523//5695 
usemtl boeing747_material1
f 1599//5483 1573//5484 1569//5485 
usemtl Polygon_XSIPOLYCLS.boeing747_material2
f 1712//5486 1724//5487 1728//5488 
usemtl Polygon_XSIPOLYCLS.boeing747_material2
f 1708//5490 1724//5492 1712//5493 
usemtl boeing747_material1
f 1976//5494 789//5496 784//5497 
usemtl boeing747_material1
f 1397//5689 1402//5690 1405//5691 
usemtl boeing747_material1
f 1611//5502 1599//5503 1569//5504 
usemtl Polygon_XSIPOLYCLS.boeing747_material2
f 1700//5505 1712//5506 1728//5507 
usemtl Polygon_XSIPOLYCLS.boeing747_material2
f 1690//5509 1712//5511 1700//5512 
usemtl boeing747_material1
f 1436//5513 784//5514 789//5515 
usemtl boeing747_material1
f 1555//5682 1551//5683 1556//5684 
usemtl boeing747_material1
f 1623//5520 1611//5521 1569//5522 
usemtl Polygon_XSIPOLYCLS.boeing747_material2
f 1682//5523 1700//5524 1728//5525 
usemtl Polygon_XSIPOLYCLS.boeing747_material2
f 1678//5527 1700//5529 1682//5530 
usemtl boeing747_material1
f 2230//3372 2180//3389 2229//3390 
usemtl Polygon_XSIPOLYCLS.boeing747_material2
f 1535//5678 1543//5680 1531//5681 
usemtl boeing747_material1
f 1662//5539 1623//5540 1569//5541 
usemtl Polygon_XSIPOLYCLS.boeing747_material2
f 1670//5542 1682//5543 1728//5545 
usemtl Polygon_XSIPOLYCLS.boeing747_material2
f 1666//5546 1682//5548 1670//5549 
usemtl Polygon_XSIPOLYCLS.boeing747_material2
f 1505//5674 1547//5676 1535//5677 
usemtl boeing747_material1
f 1397//5671 1398//5672 1402//5673 
usemtl boeing747_material1
f 1674//5558 1662//5559 1569//5560 
usemtl Polygon_XSIPOLYCLS.boeing747_material2
f 1658//5561 1670//5562 1728//5564 
usemtl Polygon_XSIPOLYCLS.boeing747_material2
f 1627//5565 1670//5567 1658//5568 
usemtl Polygon_XSIPOLYCLS.boeing747_material2
f 2273//4217 2274//4218 2276//2816 
usemtl Polygon_XSIPOLYCLS.boeing747_material2
f 1519//5663 1552//5665 1516//5666 
usemtl boeing747_material1
f 1686//5577 1674//5578 1569//5579 
usemtl Polygon_XSIPOLYCLS.boeing747_material2
f 1619//5580 1658//5581 1728//5583 
usemtl Polygon_XSIPOLYCLS.boeing747_material2
f 1615//5584 1658//5586 1619//5587 
usemtl boeing747_material1
f 1378//3935 1433//4121 786//4122 
usemtl Polygon_XSIPOLYCLS.boeing747_material2
f 1547//5659 1557//5661 1543//5662 
usemtl boeing747_material1
f 1704//5596 1686//5597 1569//5598 
usemtl Polygon_XSIPOLYCLS.boeing747_material2
f 1607//5599 1619//5600 1728//5602 
usemtl Polygon_XSIPOLYCLS.boeing747_material2
f 1603//5603 1619//5605 1607//5606 
usemtl Polygon_XSIPOLYCLS.boeing747_material2
f 1516//5607 1553//5609 1517//5610 
usemtl Polygon_XSIPOLYCLS.boeing747_material2
f 1505//5655 1560//5657 1547//5658 
usemtl boeing747_material1
f 1585//5615 1704//5616 1569//5617 
usemtl Polygon_XSIPOLYCLS.boeing747_material2
f 1581//5618 1607//5619 1728//5621 
usemtl Polygon_XSIPOLYCLS.boeing747_material2
f 1577//5622 1607//5624 1581//5625 
usemtl Polygon_XSIPOLYCLS.boeing747_material2
f 1497//5626 1486//5628 1490//5629 
usemtl boeing747_material1
f 1397//5652 1396//5653 1398//5654 
usemtl boeing747_material1
f 1397//5634 1401//5635 1396//5636 
usemtl Polygon_XSIPOLYCLS.boeing747_material2
f 1505//5637 1400//5639 1560//5640 
usemtl Polygon_XSIPOLYCLS.boeing747_material2
f 1560//5641 1399//5643 1557//5644 
usemtl boeing747_material1
f 1513//5645 1504//5646 1500//5647 
usemtl Polygon_XSIPOLYCLS.boeing747_material2
f 2026//6139 2025//6138 2024//6137 
usemtl Polygon_XSIPOLYCLS.boeing747_material2
f 2024//6142 2025//6141 2027//6140 
usemtl Polygon_XSIPOLYCLS.boeing747_material2
f 2030//6145 2029//6144 2028//6143 
usemtl Polygon_XSIPOLYCLS.boeing747_material2
f 2028//6148 2029//6147 2031//6146 
usemtl Polygon_XSIPOLYCLS.boeing747_material2
f 2034//6151 2033//6150 2032//6149 
usemtl Polygon_XSIPOLYCLS.boeing747_material2
f 2032//6154 2033//6153 2035//6152 
usemtl Polygon_XSIPOLYCLS.boeing747_material2
f 2038//6157 2037//6156 2036//6155 
usemtl Polygon_XSIPOLYCLS.boeing747_material2
f 2036//6160 2037//6159 2039//6158 
usemtl Polygon_XSIPOLYCLS.boeing747_material2
f 2042//6163 2041//6162 2040//6161 
usemtl Polygon_XSIPOLYCLS.boeing747_material2
f 2040//6166 2041//6165 2043//6164 
usemtl Polygon_XSIPOLYCLS.boeing747_material2
f 2046//6169 2045//6168 2044//6167 
usemtl Polygon_XSIPOLYCLS.boeing747_material2
f 2044//6172 2045//6171 2047//6170 
usemtl Polygon_XSIPOLYCLS.boeing747_material2
f 2050//6175 2049//6174 2048//6173 
usemtl Polygon_XSIPOLYCLS.boeing747_material2
f 2048//6178 2049//6177 2051//6176 
usemtl Polygon_XSIPOLYCLS.boeing747_material2
f 2054//6181 2053//6180 2052//6179 
usemtl Polygon_XSIPOLYCLS.boeing747_material2
f 2052//6184 2053//6183 2055//6182 
usemtl Polygon_XSIPOLYCLS.boeing747_material2
f 2058//6187 2057//6186 2056//6185 
usemtl Polygon_XSIPOLYCLS.boeing747_material2
f 2056//6190 2057//6189 2059//6188 
usemtl Polygon_XSIPOLYCLS.boeing747_material2
f 2062//6193 2061//6192 2060//6191 
usemtl Polygon_XSIPOLYCLS.boeing747_material2
f 2060//6196 2061//6195 2063//6194 
usemtl Polygon_XSIPOLYCLS.boeing747_material2
f 2066//6199 2065//6198 2064//6197 
usemtl Polygon_XSIPOLYCLS.boeing747_material2
f 2064//6202 2065//6201 2067//6200 
usemtl Polygon_XSIPOLYCLS.boeing747_material2
f 2070//6205 2069//6204 2068//6203 
usemtl Polygon_XSIPOLYCLS.boeing747_material2
f 2068//6208 2069//6207 2071//6206 
usemtl Polygon_XSIPOLYCLS.boeing747_material2
f 2074//6211 2073//6210 2072//6209 
usemtl Polygon_XSIPOLYCLS.boeing747_material2
f 2072//6214 2073//6213 2075//6212 
usemtl Polygon_XSIPOLYCLS.boeing747_material2
f 2078//6217 2077//6216 2076//6215 
usemtl Polygon_XSIPOLYCLS.boeing747_material2
f 2076//6220 2077//6219 2079//6218 
usemtl Polygon_XSIPOLYCLS.boeing747_material2
f 2082//6223 2081//6222 2080//6221 
usemtl Polygon_XSIPOLYCLS.boeing747_material2
f 2080//6226 2081//6225 2083//6224 
usemtl Polygon_XSIPOLYCLS.boeing747_material2
f 2086//6229 2085//6228 2084//6227 
usemtl Polygon_XSIPOLYCLS.boeing747_material2
f 2084//6232 2085//6231 2087//6230 
usemtl Polygon_XSIPOLYCLS.boeing747_material2
f 2090//6235 2089//6234 2088//6233 
usemtl Polygon_XSIPOLYCLS.boeing747_material2
f 2088//6238 2089//6237 2091//6236 
usemtl Polygon_XSIPOLYCLS.boeing747_material2
f 2094//6241 2093//6240 2092//6239 
usemtl Polygon_XSIPOLYCLS.boeing747_material2
f 2092//6244 2093//6243 2095//6242 
usemtl Polygon_XSIPOLYCLS.boeing747_material2
f 2098//6247 2097//6246 2096//6245 
usemtl Polygon_XSIPOLYCLS.boeing747_material2
f 2096//6250 2097//6249 2099//6248 
usemtl Polygon_XSIPOLYCLS.boeing747_material2
f 2102//6253 2101//6252 2100//6251 
usemtl Polygon_XSIPOLYCLS.boeing747_material2
f 2100//6256 2101//6255 2103//6254 
usemtl Polygon_XSIPOLYCLS.boeing747_material2
f 2106//6259 2105//6258 2104//6257 
usemtl Polygon_XSIPOLYCLS.boeing747_material2
f 2104//6262 2105//6261 2107//6260 
usemtl Polygon_XSIPOLYCLS.boeing747_material2
f 2110//6265 2109//6264 2108//6263 
usemtl Polygon_XSIPOLYCLS.boeing747_material2
f 2108//6268 2109//6267 2111//6266 
usemtl Polygon_XSIPOLYCLS.boeing747_material2
f 2114//6271 2113//6270 2112//6269 
usemtl Polygon_XSIPOLYCLS.boeing747_material2
f 2112//6274 2113//6273 2115//6272 
usemtl Polygon_XSIPOLYCLS.boeing747_material2
f 2118//6277 2117//6276 2116//6275 
usemtl Polygon_XSIPOLYCLS.boeing747_material2
f 2116//6280 2117//6279 2119//6278 
usemtl Polygon_XSIPOLYCLS.boeing747_material2
f 2122//6283 2121//6282 2120//6281 
usemtl Polygon_XSIPOLYCLS.boeing747_material2
f 2120//6286 2121//6285 2123//6284 
usemtl Polygon_XSIPOLYCLS.boeing747_material2
f 2126//6289 2125//6288 2124//6287 
usemtl Polygon_XSIPOLYCLS.boeing747_material2
f 2124//6292 2125//6291 2127//6290 
usemtl Polygon_XSIPOLYCLS.boeing747_material2
f 2130//6295 2129//6294 2128//6293 
usemtl Polygon_XSIPOLYCLS.boeing747_material2
f 2131//2436 2128//2437 2129//2438 
usemtl boeing747_material1
f 2135//2425 2133//2427 2132//2428 
usemtl boeing747_material1
f 2137//2405 2134//2407 2135//2412 
usemtl Polygon_XSIPOLYCLS.boeing747_material2
f 2141//2367 2139//2369 2138//2390 
usemtl boeing747_material1
f 2137//2356 2142//2365 2136//2366 
usemtl Polygon_XSIPOLYCLS.boeing747_material2
f 2146//2349 2145//2354 2144//2355 
usemtl Polygon_XSIPOLYCLS.boeing747_material2
f 2140//2335 2148//2347 2147//2348 
usemtl boeing747_material1
f 2143//2304 2133//2306 2142//2333 
usemtl Polygon_XSIPOLYCLS.boeing747_material2
f 2149//2301 2144//2302 2145//2303 
usemtl Polygon_XSIPOLYCLS.boeing747_material2
f 2152//2252 2151//2253 2150//2254 
usemtl Polygon_XSIPOLYCLS.boeing747_material2
f 2150//2243 2151//2246 2153//2251 
usemtl Polygon_XSIPOLYCLS.boeing747_material2
f 2156//2225 2155//2226 2154//2227 
usemtl Polygon_XSIPOLYCLS.boeing747_material2
f 2154//2222 2155//2223 2157//2224 
usemtl boeing747_material1
f 2142//2203 2159//2220 2158//2221 
usemtl boeing747_material1
f 2136//2191 2160//2201 2134//2202 
usemtl Polygon_XSIPOLYCLS.boeing747_material2
f 2164//2188 2163//2189 2162//2190 
usemtl Polygon_XSIPOLYCLS.boeing747_material2
f 783//746 1234//779 1251//539 
usemtl boeing747_material1
f 398//709 414//6297 411//6296 
usemtl boeing747_material1
f 411//713 427//6299 408//6298 
usemtl boeing747_material1
f 408//723 424//6301 406//6300 
usemtl boeing747_material1
f 406//524 422//6303 404//6302 
usemtl boeing747_material1
f 404//528 420//6305 403//6304 
usemtl boeing747_material1
f 403//538 419//6307 400//6306 
usemtl boeing747_material1
f 400//5146 416//6309 412//6308 
usemtl boeing747_material1
f 412//5369 430//6311 398//6310 
usemtl boeing747_material1
f 414//5050 428//6313 427//6312 
usemtl boeing747_material1
f 427//5406 507//6315 424//6314 
usemtl boeing747_material1
f 424//5275 496//6317 422//6316 
usemtl boeing747_material1
f 422//5444 486//6319 420//6318 
usemtl boeing747_material1
f 420//780 476//6321 419//6320 
usemtl boeing747_material1
f 419//784 467//6323 416//6322 
usemtl boeing747_material1
f 416//791 456//6325 430//6324 
usemtl boeing747_material1
f 430//798 526//6327 414//6326 
usemtl boeing747_material1
f 443//802 452//6329 440//6328 
usemtl boeing747_material1
f 444//809 462//6331 443//6330 
usemtl boeing747_material1
f 324//1195 323//6333 334//6332 
usemtl boeing747_material1
f 596//951 595//6335 606//6334 
usemtl boeing747_material1
f 598//958 596//6337 608//6336 
usemtl boeing747_material1
f 600//962 588//6339 611//6338 
usemtl boeing747_material1
f 603//969 600//6341 612//6340 
usemtl boeing747_material1
f 606//982 604//6343 616//6342 
usemtl boeing747_material1
f 608//989 606//6345 619//6344 
usemtl boeing747_material1
f 611//996 590//6347 620//6346 
usemtl boeing747_material1
f 612//1000 611//6349 622//6348 
usemtl boeing747_material1
f 616//1016 614//6351 627//6350 
usemtl boeing747_material1
f 619//1023 616//6353 628//6352 
usemtl boeing747_material1
f 620//1030 592//6355 630//6354 
usemtl boeing747_material1
f 112//75 128//6357 99//6356 
usemtl boeing747_material1
f 115//82 131//6359 126//6358 
usemtl boeing747_material1
f 126//89 142//6361 124//6360 
usemtl boeing747_material1
f 124//93 140//6363 123//6362 
usemtl boeing747_material1
f 123//100 139//6365 120//6364 
usemtl boeing747_material1
f 120//107 136//6367 118//6366 
usemtl boeing747_material1
f 118//111 134//6369 116//6368 
usemtl boeing747_material1
f 116//118 132//6371 128//6370 
usemtl boeing747_material1
f 128//125 147//6373 115//6372 
usemtl boeing747_material1
f 131//129 144//6375 142//6374 
usemtl boeing747_material1
f 142//136 220//6377 140//6376 
usemtl boeing747_material1
f 140//143 216//6379 139//6378 
usemtl boeing747_material1
f 139//1304 203//6381 136//6380 
usemtl boeing747_material1
f 136//1311 192//6383 134//6382 
usemtl boeing747_material1
f 134//1318 180//6385 132//6384 
usemtl boeing747_material1
f 132//1322 172//6387 147//6386 
usemtl boeing747_material1
f 147//1329 256//6389 131//6388 
usemtl boeing747_material1
f 158//1336 168//6391 156//6390 
usemtl boeing747_material1
f 160//1340 179//6393 158//6392 
usemtl boeing747_material1
f 163//1347 188//6395 160//6394 
usemtl boeing747_material1
f 148//1354 196//6397 163//6396 
usemtl boeing747_material1
f 150//1358 208//6399 148//6398 
usemtl boeing747_material1
f 152//1365 219//6401 150//6400 
usemtl boeing747_material1
f 155//1372 232//6403 152//6402 
usemtl boeing747_material1
f 156//1376 228//6405 155//6404 
usemtl boeing747_material1
f 30//1389 32//6407 164//6406 
usemtl boeing747_material1
f 32//1393 228//6409 166//6408 
usemtl boeing747_material1
f 156//1397 230//6411 158//6410 
usemtl boeing747_material1
f 230//1407 256//6413 171//6412 
usemtl boeing747_material1
f 164//1420 166//6415 174//6414 
usemtl boeing747_material1
f 166//1427 168//6417 176//6416 
usemtl boeing747_material1
f 158//1431 171//6419 160//6418 
usemtl boeing747_material1
f 171//1438 172//6421 184//6420 
usemtl boeing747_material1
f 174//1451 176//6423 182//6422 
usemtl boeing747_material1
f 176//1461 179//6425 187//6424 
usemtl boeing747_material1
f 160//1465 184//6427 163//6426 
usemtl boeing747_material1
f 184//1469 180//6429 190//6428 
usemtl boeing747_material1
f 182//1485 187//6431 195//6430 
usemtl boeing747_material1
f 187//1492 188//6433 200//6432 
usemtl boeing747_material1
f 163//1499 190//6435 148//6434 
usemtl boeing747_material1
f 190//1503 192//6437 198//6436 
usemtl boeing747_material1
f 195//1519 200//6439 204//6438 
usemtl boeing747_material1
f 200//1523 196//6441 206//6440 
usemtl boeing747_material1
f 148//1533 198//6443 150//6442 
usemtl boeing747_material1
f 198//3720 203//6445 211//6444 
usemtl boeing747_material1
f 204//3927 206//6447 212//6446 
usemtl boeing747_material1
f 150//4254 211//6449 152//6448 
usemtl boeing747_material1
f 211//4467 216//6451 224//6450 
usemtl boeing747_material1
f 206//4376 208//6453 214//6452 
usemtl boeing747_material1
f 212//160 214//6455 222//6454 
usemtl boeing747_material1
f 214//164 219//6457 227//6456 
usemtl boeing747_material1
f 152//168 224//6459 155//6458 
usemtl boeing747_material1
f 224//178 220//6461 27//6460 
usemtl boeing747_material1
f 222//191 227//6463 30//6462 
usemtl boeing747_material1
f 227//198 232//6465 32//6464 
usemtl boeing747_material1
f 155//202 27//6467 156//6466 
usemtl boeing747_material1
f 27//209 144//6469 230//6468 
usemtl boeing747_material1
f 259//228 705//6471 235//6470 
usemtl boeing747_material1
f 748//498 753//6473 731//6472 
usemtl boeing747_material1
f 743//520 752//6475 748//6474 
usemtl boeing747_material1
f 738//56 751//6477 743//6476 
usemtl boeing747_material1
f 709//282 284//6479 252//6478 
usemtl boeing747_material1
f 267//60 678//6481 738//6480 
usemtl boeing747_material1
f 11//396 540//6483 70//6482 
usemtl boeing747_material1
f 70//412 5//6485 8//6484 
usemtl boeing747_material1
f 83//418 67//6487 80//6486 
usemtl boeing747_material1
f 371//5762 372//6489 291//6488 
usemtl boeing747_material1
f 372//5780 1452//6491 1145//6490 
usemtl Polygon_XSIPOLYCLS.boeing747_material2
f 247//550 1410//6493 245//6492 
usemtl boeing747_material1
f 331//1215 328//6495 340//6494 
usemtl boeing747_material1
f 332//1222 756//6497 342//6496 
usemtl boeing747_material1
f 334//1229 332//6499 364//6498 
usemtl boeing747_material1
f 368//5726 358//6501 1452//6500 
usemtl Polygon_XSIPOLYCLS.boeing747_material2
f 241//572 1409//6503 242//6502 
usemtl boeing747_material1
f 371//5833 291//6505 368//6504 
usemtl boeing747_material1
f 927//1968 923//6507 930//6506 
usemtl boeing747_material1
f 1302//545 1308//6509 1067//6508 
usemtl boeing747_material1
f 1067//562 1066//6511 1302//6510 
usemtl boeing747_material1
f 1066//564 22//6513 1221//6512 
usemtl boeing747_material1
f 1302//576 1221//6515 1300//6514 
usemtl boeing747_material1
f 1008//2700 1009//6517 1024//6516 
usemtl boeing747_material1
f 379//5981 371//6519 380//6518 
usemtl boeing747_material1
f 1959//6030 1372//6521 372//6520 
usemtl Polygon_XSIPOLYCLS.boeing747_material2
f 2169//4189 2167//6523 2165//6522 
usemtl Polygon_XSIPOLYCLS.boeing747_material2
f 316//4258 366//6525 1374//6524 
usemtl boeing747_material1
f 1340//619 395//6527 1332//6526 
usemtl boeing747_material1
f 1066//586 1308//6529 22//6528 
usemtl boeing747_material1
f 240//5517 308//6531 300//6530 
usemtl boeing747_material1
f 312//342 572//6533 540//6532 
usemtl boeing747_material1
f 727//328 566//6535 722//6534 
usemtl boeing747_material1
f 304//4477 260//6537 714//6536 
usemtl boeing747_material1
f 318//4495 304//6539 268//6538 
usemtl boeing747_material1
f 76//448 14//6541 75//6540 
usemtl boeing747_material1
f 275//4696 251//6543 302//6542 
usemtl boeing747_material1
f 382//444 70//6545 72//6544 
usemtl boeing747_material1
f 251//4702 275//6547 721//6546 
usemtl boeing747_material1
f 539//310 344//6549 2//6548 
usemtl boeing747_material1
f 713//3364 260//6551 302//6550 
usemtl boeing747_material1
f 706//3421 275//6553 711//6552 
usemtl boeing747_material1
f 68//364 2//6555 67//6554 
usemtl boeing747_material1
f 8//360 539//6557 68//6556 
usemtl boeing747_material1
f 283//5372 288//6559 280//6558 
usemtl boeing747_material1
f 806//2061 809//6561 805//6560 
usemtl boeing747_material1
f 1146//6012 374//6563 272//6562 
usemtl boeing747_material1
f 1300//600 1307//6565 1302//6564 
usemtl boeing747_material1
f 932//1917 940//6567 933//6566 
usemtl boeing747_material1
f 17//3451 13//6569 7//6568 
usemtl boeing747_material1
f 1332//623 392//6571 1334//6570 
usemtl boeing747_material1
f 299//5482 308//6573 238//6572 
usemtl boeing747_material1
f 10//1688 19//6575 7//6574 
usemtl boeing747_material1
f 67//371 1589//6577 18//6576 
usemtl boeing747_material1
f 18//378 727//6579 16//6578 
usemtl boeing747_material1
f 110//1574 126//6581 108//6580 
usemtl boeing747_material1
f 360//3971 356//6583 1374//6582 
usemtl boeing747_material1
f 1448//4132 366//6585 356//6584 
usemtl boeing747_material1
f 622//1034 620//6587 632//6586 
usemtl boeing747_material1
f 107//1588 123//6589 104//6588 
usemtl boeing747_material1
f 272//4654 360//6591 1371//6590 
usemtl boeing747_material1
f 102//1545 118//6593 100//6592 
usemtl boeing747_material1
f 1448//5196 272//6595 366//6594 
usemtl boeing747_material1
f 2230//5433 2209//6597 2179//6596 
usemtl boeing747_material1
f 2212//5656 2229//6599 2211//6598 
usemtl boeing747_material1
f 1448//5359 356//6601 347//6600 
usemtl boeing747_material1
f 2171//5284 2170//6603 2224//6602 
usemtl boeing747_material1
f 2171//1730 2169//6605 270//6604 
usemtl Polygon_XSIPOLYCLS.boeing747_material2
f 2209//1723 2230//6607 2212//6606 
usemtl boeing747_material1
f 2225//5712 294//6609 270//6608 
usemtl boeing747_material1
f 448//5700 451//6611 459//6610 
usemtl boeing747_material1
f 451//4977 452//6613 460//6612 
usemtl boeing747_material1
f 443//1631 454//6615 444//6614 
usemtl boeing747_material1
f 454//1641 456//6617 464//6616 
usemtl boeing747_material1
f 459//1618 460//6619 468//6618 
usemtl boeing747_material1
f 460//1625 462//6621 470//6620 
usemtl boeing747_material1
f 444//1593 464//6623 446//6622 
usemtl boeing747_material1
f 464//1600 467//6625 475//6624 
usemtl boeing747_material1
f 468//5557 470//6627 478//6626 
usemtl boeing747_material1
f 470//5538 472//6629 480//6628 
usemtl boeing747_material1
f 446//5424 475//6631 432//6630 
usemtl boeing747_material1
f 475//5480 476//6633 484//6632 
usemtl boeing747_material1
f 478//5631 480//6635 488//6634 
usemtl boeing747_material1
f 480//5670 483//6637 491//6636 
usemtl boeing747_material1
f 432//5593 484//6639 435//6638 
usemtl boeing747_material1
f 484//5633 486//6641 494//6640 
usemtl boeing747_material1
f 488//5277 491//6643 499//6642 
usemtl boeing747_material1
f 491//5553 492//6645 500//6644 
usemtl boeing747_material1
f 435//6082 494//6647 436//6646 
usemtl boeing747_material1
f 494//6085 496//6649 504//6648 
usemtl boeing747_material1
f 499//6032 500//6651 508//6650 
usemtl boeing747_material1
f 500//6057 502//6653 510//6652 
usemtl boeing747_material1
f 436//5932 504//6655 438//6654 
usemtl boeing747_material1
f 504//3224 507//6657 515//6656 
usemtl boeing747_material1
f 508//5744 510//6659 518//6658 
usemtl boeing747_material1
f 510//5807 512//6661 520//6660 
usemtl boeing747_material1
f 438//5856 515//6663 440//6662 
usemtl boeing747_material1
f 515//5906 428//6665 524//6664 
usemtl boeing747_material1
f 550//4864 536//6667 563//6666 
usemtl boeing747_material1
f 746//502 75//6669 733//6668 
usemtl boeing747_material1
f 364//454 72//6671 334//6670 
usemtl boeing747_material1
f 334//461 236//6673 324//6672 
usemtl boeing747_material1
f 324//468 83//6675 243//6674 
usemtl boeing747_material1
f 733//491 382//6677 364//6676 
usemtl boeing747_material1
f 568//4103 560//6679 544//6678 
usemtl boeing747_material1
f 736//473 78//6681 741//6680 
usemtl boeing747_material1
f 741//480 76//6683 746//6682 
usemtl boeing747_material1
f 243//484 80//6685 736//6684 
usemtl boeing747_material1
f 700//3843 662//6687 688//6686 
usemtl boeing747_material1
f 688//3900 696//6689 686//6688 
usemtl boeing747_material1
f 686//1651 694//6691 684//6690 
usemtl boeing747_material1
f 684//561 692//6693 683//6692 
usemtl boeing747_material1
f 683//4278 691//6695 704//6694 
usemtl boeing747_material1
f 704//2 576//6697 702//6696 
usemtl boeing747_material1
f 702//6 574//6699 15//6698 
usemtl boeing747_material1
f 15//10 699//6701 700//6700 
usemtl boeing747_material1
f 35//14 700//6703 46//6702 
usemtl boeing747_material1
f 46//18 688//6705 44//6704 
usemtl boeing747_material1
f 44//22 686//6707 43//6706 
usemtl boeing747_material1
f 43//26 684//6709 40//6708 
usemtl boeing747_material1
f 40//30 683//6711 38//6710 
usemtl boeing747_material1
f 38//34 704//6713 36//6712 
usemtl boeing747_material1
f 36//38 702//6715 48//6714 
usemtl boeing747_material1
f 48//42 15//6717 35//6716 
usemtl boeing747_material1
f 51//46 35//6719 62//6718 
usemtl boeing747_material1
f 62//50 46//6721 60//6720 
usemtl boeing747_material1
f 60//54 44//6723 59//6722 
usemtl boeing747_material1
f 59//2291 43//6725 56//6724 
usemtl boeing747_material1
f 56//2283 40//6727 54//6726 
usemtl boeing747_material1
f 54//2195 38//6729 52//6728 
usemtl boeing747_material1
f 52//1663 36//6731 355//6730 
usemtl boeing747_material1
f 355//2921 48//6733 51//6732 
usemtl boeing747_material1
f 64//2917 51//6735 652//6734 
usemtl boeing747_material1
f 652//2913 62//6737 643//6736 
usemtl boeing747_material1
f 643//2909 60//6739 632//6738 
usemtl boeing747_material1
f 632//3006 59//6741 622//6740 
usemtl boeing747_material1
f 622//3002 56//6743 612//6742 
usemtl boeing747_material1
f 612//2998 54//6745 603//6744 
usemtl boeing747_material1
f 603//2994 52//6747 672//6746 
usemtl boeing747_material1
f 672//3022 355//6749 64//6748 
usemtl boeing747_material1
f 598//2925 588//6751 668//6750 
usemtl boeing747_material1
f 608//871 590//6753 598//6752 
usemtl boeing747_material1
f 627//1050 624//6755 636//6754 
usemtl boeing747_material1
f 628//1054 627//6757 638//6756 
usemtl boeing747_material1
f 630//1061 579//6759 640//6758 
usemtl boeing747_material1
f 632//1068 630//6761 643//6760 
usemtl boeing747_material1
f 636//1084 635//6763 646//6762 
usemtl boeing747_material1
f 638//1088 636//6765 648//6764 
usemtl boeing747_material1
f 640//1095 580//6767 651//6766 
usemtl boeing747_material1
f 643//1102 640//6769 652//6768 
usemtl boeing747_material1
f 646//1115 644//6771 656//6770 
usemtl boeing747_material1
f 648//1122 646//6773 659//6772 
usemtl boeing747_material1
f 651//1126 582//6775 660//6774 
usemtl boeing747_material1
f 652//1133 651//6777 64//6776 
usemtl boeing747_material1
f 656//1149 654//6779 667//6778 
usemtl boeing747_material1
f 659//1156 656//6781 668//6780 
usemtl boeing747_material1
f 660//1160 584//6783 670//6782 
usemtl boeing747_material1
f 64//1167 660//6785 672//6784 
usemtl boeing747_material1
f 248//70 680//6787 267//6786 
usemtl boeing747_material1
f 331//509 756//6789 248//6788 
usemtl boeing747_material1
f 340//516 755//6791 331//6790 
usemtl boeing747_material1
f 731//4715 754//6793 340//6792 
usemtl boeing747_material1
f 730//4873 729//6795 749//6794 
usemtl boeing747_material1
f 731//4758 730//6797 748//6796 
usemtl boeing747_material1
f 732//5109 754//6799 747//6798 
usemtl boeing747_material1
f 733//4790 732//6801 746//6800 
usemtl boeing747_material1
f 749//4551 750//6803 744//6802 
usemtl boeing747_material1
f 748//1910 749//6805 743//6804 
usemtl boeing747_material1
f 747//3834 753//6807 742//6806 
usemtl boeing747_material1
f 746//3878 747//6809 741//6808 
usemtl boeing747_material1
f 744//4929 745//6811 739//6810 
usemtl boeing747_material1
f 743//5004 744//6813 738//6812 
usemtl boeing747_material1
f 28//1268 99//6815 94//6814 
usemtl boeing747_material1
f 94//1275 110//6817 92//6816 
usemtl boeing747_material1
f 92//1282 108//6819 91//6818 
usemtl boeing747_material1
f 91//1286 107//6821 88//6820 
usemtl boeing747_material1
f 88//1293 104//6823 86//6822 
usemtl boeing747_material1
f 86//1300 102//6825 84//6824 
usemtl boeing747_material1
f 84//1556 100//6827 96//6826 
usemtl boeing747_material1
f 96//1563 112//6829 28//6828 
usemtl boeing747_material1
f 668//924 667//6831 598//6830 
usemtl boeing747_material1
f 670//928 587//6833 600//6832 
usemtl boeing747_material1
f 672//935 670//6835 603//6834 
usemtl boeing747_material1
f 619//875 592//6837 608//6836 
usemtl boeing747_material1
f 628//885 579//6839 619//6838 
usemtl boeing747_material1
f 638//889 580//6841 628//6840 
usemtl boeing747_material1
f 648//893 582//6843 638//6842 
usemtl boeing747_material1
f 659//903 584//6845 648//6844 
usemtl boeing747_material1
f 668//907 587//6847 659//6846 
usemtl boeing747_material1
f 667//917 664//6849 596//6848 
usemtl boeing747_material1
f 104//1538 120//6851 102//6850 
usemtl boeing747_material1
f 19//3160 10//6853 12//6852 
usemtl boeing747_material1
f 1130//755 1164//6855 24//6854 
usemtl boeing747_material1
f 108//1581 124//6857 107//6856 
usemtl Polygon_XSIPOLYCLS.boeing747_material2
f 17//4490 19//6859 13//6858 
usemtl boeing747_material1
f 100//1552 116//6861 112//6860 
usemtl boeing747_material1
f 4//1681 276//6863 6//6862 
usemtl boeing747_material1
f 99//1570 115//6865 110//6864 
usemtl boeing747_material1
f 339//1245 336//6867 730//6866 
usemtl boeing747_material1
f 340//1249 339//6869 731//6868 
usemtl boeing747_material1
f 342//1253 755//6871 732//6870 
usemtl boeing747_material1
f 364//1263 342//6873 733//6872 
usemtl boeing747_material1
f 323//1191 680//6875 332//6874 
usemtl boeing747_material1
f 248//1181 246//6877 331//6876 
usemtl boeing747_material1
f 246//1177 244//6879 328//6878 
usemtl boeing747_material1
f 243//244 1454//6881 324//6880 
usemtl boeing747_material1
f 1454//237 678//6883 323//6882 
usemtl boeing747_material1
f 267//1684 307//6885 248//6884 
usemtl boeing747_material1
f 307//5880 296//6887 246//6886 
usemtl boeing747_material1
f 736//3450 737//6889 243//6888 
usemtl boeing747_material1
f 737//3993 751//6891 1454//6890 
usemtl boeing747_material1
f 738//3806 739//6893 267//6892 
usemtl boeing747_material1
f 739//2487 740//6895 307//6894 
usemtl boeing747_material1
f 741//5023 742//6897 736//6896 
usemtl boeing747_material1
f 742//5190 752//6899 737//6898 
usemtl Polygon_XSIPOLYCLS.boeing747_material2
f 875//300 882//6901 879//6900 
usemtl Polygon_XSIPOLYCLS.boeing747_material2
f 880//292 887//6903 876//6902 
usemtl boeing747_material1
f 1229//766 1231//6905 1164//6904 
usemtl Polygon_XSIPOLYCLS.boeing747_material2
f 879//1646 886//6907 880//6906 
usemtl boeing747_material1
f 387//691 403//6909 1328//6908 
usemtl boeing747_material1
f 80//425 18//6911 78//6910 
usemtl boeing747_material1
f 392//673 408//6913 390//6912 
usemtl boeing747_material1
f 238//5315 278//6915 299//6914 
usemtl Polygon_XSIPOLYCLS.boeing747_material2
f 965//773 24//6917 20//6916 
usemtl boeing747_material1
f 910//1691 909//6919 903//6918 
usemtl boeing747_material1
f 903//1698 907//6921 910//6920 
usemtl boeing747_material1
f 910//1702 906//6923 911//6922 
usemtl boeing747_material1
f 909//1712 910//6925 908//6924 
usemtl boeing747_material1
f 916//1719 912//6927 914//6926 
usemtl boeing747_material1
f 914//1727 919//6929 915//6928 
usemtl boeing747_material1
f 921//1738 922//6931 924//6930 
usemtl boeing747_material1
f 929//1754 922//6933 926//6932 
usemtl boeing747_material1
f 924//1752 929//6935 925//6934 
usemtl boeing747_material1
f 931//1763 932//6937 934//6936 
usemtl boeing747_material1
f 938//1773 939//6939 933//6938 
usemtl boeing747_material1
f 934//1777 939//6941 935//6940 
usemtl boeing747_material1
f 939//1784 938//6943 940//6942 
usemtl boeing747_material1
f 946//1788 947//6945 942//6944 
usemtl boeing747_material1
f 948//1795 941//6947 944//6946 
usemtl boeing747_material1
f 944//1799 947//6949 949//6948 
usemtl boeing747_material1
f 947//1809 946//6951 950//6950 
usemtl boeing747_material1
f 899//1813 900//6953 898//6952 
usemtl boeing747_material1
f 998//1817 1058//6955 1346//6954 
usemtl boeing747_material1
f 1174//1821 1150//6957 1036//6956 
usemtl boeing747_material1
f 963//1825 1010//6959 964//6958 
usemtl boeing747_material1
f 963//1829 1004//6961 1010//6960 
usemtl boeing747_material1
f 1032//1833 967//6963 1216//6962 
usemtl boeing747_material1
f 978//1844 1018//6965 1030//6964 
usemtl boeing747_material1
f 1030//1848 1026//6967 978//6966 
usemtl boeing747_material1
f 900//1855 895//6969 901//6968 
usemtl boeing747_material1
f 900//1859 899//6971 893//6970 
usemtl boeing747_material1
f 983//1877 1012//6973 1314//6972 
usemtl boeing747_material1
f 1032//1837 963//6975 967//6974 
usemtl boeing747_material1
f 1445//1872 1429//6977 1430//6976 
usemtl boeing747_material1
f 1181//1889 1174//6979 1035//6978 
usemtl boeing747_material1
f 1345//1893 1020//6981 957//6980 
usemtl boeing747_material1
f 957//1897 1028//6983 969//6982 
usemtl boeing747_material1
f 1150//1901 1174//6985 973//6984 
usemtl boeing747_material1
f 1119//1905 1114//6987 1061//6986 
usemtl boeing747_material1
f 1338//659 398//6989 395//6988 
usemtl boeing747_material1
f 1339//655 396//6991 516//6990 
usemtl boeing747_material1
f 1346//1923 954//6993 998//6992 
usemtl boeing747_material1
f 1115//1927 1085//6995 1116//6994 
usemtl boeing747_material1
f 1085//1934 1342//6997 1046//6996 
usemtl boeing747_material1
f 984//1940 966//6999 1010//6998 
usemtl boeing747_material1
f 722//335 555//7001 312//7000 
usemtl boeing747_material1
f 1176//2606 1158//7003 1175//7002 
usemtl boeing747_material1
f 981//1948 984//7005 977//7004 
usemtl boeing747_material1
f 1298//651 1328//7007 1339//7006 
usemtl boeing747_material1
f 1085//1973 1115//7009 1343//7008 
usemtl boeing747_material1
f 2211//4542 2210//7011 2212//7010 
usemtl boeing747_material1
f 803//2010 804//7013 802//7012 
usemtl boeing747_material1
f 1177//1989 1153//7015 1011//7014 
usemtl boeing747_material1
f 1011//1993 987//7017 1012//7016 
usemtl boeing747_material1
f 983//2000 1314//7019 1013//7018 
usemtl boeing747_material1
f 1343//2004 1344//7021 1085//7020 
usemtl boeing747_material1
f 991//2027 1044//7023 992//7022 
usemtl boeing747_material1
f 992//2031 1043//7025 1149//7024 
usemtl boeing747_material1
f 1117//2035 1116//7027 1343//7026 
usemtl boeing747_material1
f 2196//4597 2204//7029 2195//7028 
usemtl boeing747_material1
f 1023//2047 971//7031 970//7030 
usemtl boeing747_material1
f 972//2051 980//7033 971//7032 
usemtl boeing747_material1
f 1134//2055 1142//7035 972//7034 
usemtl boeing747_material1
f 1424//2064 1426//7037 805//7036 
usemtl boeing747_material1
f 965//731 21//7039 24//7038 
usemtl boeing747_material1
f 1330//641 387//7041 1298//7040 
usemtl boeing747_material1
f 2187//5531 2198//7043 2186//7042 
usemtl boeing747_material1
f 1143//2079 1059//7045 1080//7044 
usemtl boeing747_material1
f 1133//2083 1060//7047 1143//7046 
usemtl boeing747_material1
f 951//2087 952//7049 1016//7048 
usemtl boeing747_material1
f 1185//2091 1193//7051 1019//7050 
usemtl boeing747_material1
f 1019//2095 1027//7053 1020//7052 
usemtl boeing747_material1
f 1345//2099 957//7055 1021//7054 
usemtl Polygon_XSIPOLYCLS.boeing747_material2
f 1851//3099 1875//7057 1855//7056 
usemtl boeing747_material1
f 1165//2110 1082//7059 1346//7058 
usemtl boeing747_material1
f 1193//2114 1201//7061 1027//7060 
usemtl boeing747_material1
f 1027//2118 1035//7063 1028//7062 
usemtl boeing747_material1
f 957//2122 969//7065 1029//7064 
usemtl boeing747_material1
f 1025//2136 1009//7067 1031//7066 
usemtl boeing747_material1
f 1031//2140 1015//7069 1199//7068 
usemtl boeing747_material1
f 1070//2144 1209//7071 1181//7070 
usemtl boeing747_material1
f 1181//2148 1043//7073 1174//7072 
usemtl boeing747_material1
f 1150//2152 973//7075 1148//7074 
usemtl boeing747_material1
f 952//2163 1040//7077 953//7076 
usemtl boeing747_material1
f 1207//2167 1206//7079 1208//7078 
usemtl boeing747_material1
f 1206//2171 1039//7081 1095//7080 
usemtl boeing747_material1
f 1142//2175 1217//7083 980//7082 
usemtl boeing747_material1
f 980//2179 1051//7085 1017//7084 
usemtl boeing747_material1
f 1017//2183 1052//7087 970//7086 
usemtl boeing747_material1
f 2196//2811 2197//7089 2185//7088 
usemtl boeing747_material1
f 2197//2798 2196//7091 2198//7090 
usemtl boeing747_material1
f 432//820 483//7093 446//7092 
usemtl boeing747_material1
f 911//2199 903//7095 908//7094 
usemtl boeing747_material1
f 893//2207 955//7097 900//7096 
usemtl boeing747_material1
f 1058//2211 998//7099 1082//7098 
usemtl boeing747_material1
f 998//2218 1157//7101 990//7100 
usemtl boeing747_material1
f 2186//1955 2190//7103 2185//7102 
usemtl boeing747_material1
f 894//2230 898//7105 893//7104 
usemtl boeing747_material1
f 1008//2237 1024//7107 1002//7106 
usemtl boeing747_material1
f 1202//2241 1071//7109 1201//7108 
usemtl boeing747_material1
f 2187//1959 2186//7111 2188//7110 
usemtl boeing747_material1
f 1204//2249 1074//7113 1107//7112 
usemtl boeing747_material1
f 963//2187 1032//7115 1004//7114 
usemtl boeing747_material1
f 1096//2257 1078//7117 1062//7116 
usemtl boeing747_material1
f 1228//2261 1077//7119 1227//7118 
usemtl boeing747_material1
f 1227//2265 1076//7121 1226//7120 
usemtl boeing747_material1
f 1226//2269 1075//7123 1225//7122 
usemtl boeing747_material1
f 1078//2273 1077//7125 1081//7124 
usemtl boeing747_material1
f 1072//2277 1071//7127 1203//7126 
usemtl boeing747_material1
f 1227//2281 1099//7129 1228//7128 
usemtl boeing747_material1
f 1073//2289 1072//7131 1107//7130 
usemtl boeing747_material1
f 2179//2017 2178//7133 2180//7132 
usemtl boeing747_material1
f 446//816 472//7135 444//7134 
usemtl boeing747_material1
f 1056//2309 1081//7137 1100//7136 
usemtl boeing747_material1
f 1094//2313 1104//7139 1084//7138 
usemtl boeing747_material1
f 1092//2317 1091//7141 1093//7140 
usemtl boeing747_material1
f 1100//2321 1099//7143 1220//7142 
usemtl boeing747_material1
f 1225//2325 1097//7145 1226//7144 
usemtl boeing747_material1
f 1226//2329 1098//7147 1227//7146 
usemtl boeing747_material1
f 1178//2068 1177//7149 1139//7148 
usemtl boeing747_material1
f 1135//2294 979//7151 1220//7150 
usemtl boeing747_material1
f 1179//2352 1102//7153 1155//7152 
usemtl boeing747_material1
f 1155//2360 1111//7155 1187//7154 
usemtl boeing747_material1
f 1179//2345 1178//7157 1140//7156 
usemtl boeing747_material1
f 1187//2372 1109//7159 1195//7158 
usemtl boeing747_material1
f 1195//2376 1108//7161 1203//7160 
usemtl boeing747_material1
f 1072//2380 1073//7163 1211//7162 
usemtl boeing747_material1
f 1158//2384 1176//7165 1159//7164 
usemtl boeing747_material1
f 979//2298 1135//7167 968//7166 
usemtl boeing747_material1
f 1121//2395 1141//7169 1014//7168 
usemtl boeing747_material1
f 1099//2399 1098//7171 1219//7170 
usemtl boeing747_material1
f 1098//2403 1097//7173 1218//7172 
usemtl boeing747_material1
f 1054//2409 1053//7175 1056//7174 
usemtl boeing747_material1
f 1154//2419 1155//7177 1186//7176 
usemtl boeing747_material1
f 1153//2431 1154//7179 1185//7178 
usemtl boeing747_material1
f 1056//2414 1100//7181 1054//7180 
usemtl boeing747_material1
f 1211//2697 1106//7183 1158//7182 
usemtl boeing747_material1
f 1205//2444 1037//7185 1068//7184 
usemtl boeing747_material1
f 985//2448 1033//7187 1048//7186 
usemtl boeing747_material1
f 961//2454 1200//7189 1048//7188 
usemtl boeing747_material1
f 1137//2461 1134//7191 1198//7190 
usemtl boeing747_material1
f 1136//2465 1137//7193 1192//7192 
usemtl boeing747_material1
f 388//687 404//7195 387//7194 
usemtl boeing747_material1
f 1074//2473 1068//7197 1212//7196 
usemtl boeing747_material1
f 993//2476 1053//7199 994//7198 
usemtl boeing747_material1
f 1109//2480 1111//7201 1188//7200 
usemtl boeing747_material1
f 1013//2482 976//7203 983//7202 
usemtl boeing747_material1
f 1112//2489 976//7205 1014//7204 
usemtl boeing747_material1
f 1196//2497 1197//7207 1204//7206 
usemtl boeing747_material1
f 1153//2500 1177//7209 1154//7208 
usemtl boeing747_material1
f 1314//2504 988//7211 1345//7210 
usemtl boeing747_material1
f 1154//2508 1178//7213 1155//7212 
usemtl boeing747_material1
f 988//2512 987//7215 1020//7214 
usemtl boeing747_material1
f 1111//2516 1102//7217 1156//7216 
usemtl boeing747_material1
f 1051//2520 1003//7219 1052//7218 
usemtl boeing747_material1
f 1051//2524 1217//7221 1003//7220 
usemtl boeing747_material1
f 1101//2526 1102//7223 1140//7222 
usemtl boeing747_material1
f 1011//2530 974//7225 1177//7224 
usemtl boeing747_material1
f 1188//2537 1171//7227 1196//7226 
usemtl boeing747_material1
f 1211//2544 1158//7229 1210//7228 
usemtl boeing747_material1
f 1210//2548 1159//7231 1209//7230 
usemtl boeing747_material1
f 1019//2552 987//7233 1185//7232 
usemtl boeing747_material1
f 1170//2557 959//7235 1021//7234 
usemtl boeing747_material1
f 1314//2560 1345//7237 989//7236 
usemtl boeing747_material1
f 1223//2566 1055//7239 968//7238 
usemtl boeing747_material1
f 1130//2571 21//7241 1423//7240 
usemtl boeing747_material1
f 1306//2575 21//7243 20//7242 
usemtl boeing747_material1
f 1142//2580 1134//7245 1144//7244 
usemtl boeing747_material1
f 1011//2582 1012//7247 974//7246 
usemtl boeing747_material1
f 1121//2586 1102//7249 1141//7248 
usemtl boeing747_material1
f 983//2591 986//7251 1012//7250 
usemtl boeing747_material1
f 516//615 1338//7253 1340//7252 
usemtl boeing747_material1
f 1212//2599 1213//7255 1152//7254 
usemtl boeing747_material1
f 1192//2434 1176//7257 1191//7256 
usemtl boeing747_material1
f 1183//2609 1149//7259 1182//7258 
usemtl boeing747_material1
f 1033//2540 991//7261 1008//7260 
usemtl boeing747_material1
f 1193//2617 1185//7263 1194//7262 
usemtl boeing747_material1
f 1194//2621 1186//7265 1195//7264 
usemtl boeing747_material1
f 1108//2625 1109//7267 1196//7266 
usemtl boeing747_material1
f 981//2630 977//7269 1216//7268 
usemtl boeing747_material1
f 1190//2636 1136//7271 1191//7270 
usemtl boeing747_material1
f 1222//2638 1190//7273 1230//7272 
usemtl boeing747_material1
f 972//2643 1031//7275 1134//7274 
usemtl boeing747_material1
f 1201//2647 1193//7277 1202//7276 
usemtl boeing747_material1
f 1202//2651 1194//7279 1203//7278 
usemtl boeing747_material1
f 1107//2655 1108//7281 1204//7280 
usemtl boeing747_material1
f 1156//2628 1124//7283 1188//7282 
usemtl boeing747_material1
f 1124//2657 1173//7285 1188//7284 
usemtl Polygon_XSIPOLYCLS.boeing747_material2
f 1843//3105 782//7287 1847//7286 
usemtl boeing747_material1
f 1176//2667 1192//7289 1182//7288 
usemtl boeing747_material1
f 1182//2671 1198//7291 1183//7290 
usemtl boeing747_material1
f 1209//2675 1070//7293 1210//7292 
usemtl boeing747_material1
f 1210//2679 1071//7295 1211//7294 
usemtl boeing747_material1
f 1106//2683 1073//7297 1212//7296 
usemtl boeing747_material1
f 1074//2685 1204//7299 1068//7298 
usemtl boeing747_material1
f 1009//2694 991//7301 1015//7300 
usemtl boeing747_material1
f 1015//2703 992//7303 1183//7302 
usemtl boeing747_material1
f 1217//2707 1142//7305 1218//7304 
usemtl boeing747_material1
f 1218//2711 1144//7307 1219//7306 
usemtl boeing747_material1
f 1219//2715 1184//7309 1220//7308 
usemtl boeing747_material1
f 1223//2718 968//7311 1222//7310 
usemtl boeing747_material1
f 970//2722 1053//7313 979//7312 
usemtl boeing747_material1
f 1055//2726 1063//7315 1023//7314 
usemtl boeing747_material1
f 1023//2733 970//7317 968//7316 
usemtl boeing747_material1
f 1060//2738 1061//7319 994//7318 
usemtl boeing747_material1
f 1079//2742 1056//7321 1061//7320 
usemtl boeing747_material1
f 1225//2746 1059//7323 1097//7322 
usemtl boeing747_material1
f 1059//2750 1060//7325 1003//7324 
usemtl boeing747_material1
f 1045//2752 1213//7327 1148//7326 
usemtl boeing747_material1
f 1197//2757 1029//7329 1205//7328 
usemtl boeing747_material1
f 1363//2762 1360//7331 1362//7330 
usemtl boeing747_material1
f 1258//2766 1363//7333 1257//7332 
usemtl boeing747_material1
f 1236//2770 1352//7335 1246//7334 
usemtl boeing747_material1
f 1380//5591 1253//7337 1232//7336 
usemtl boeing747_material1
f 1257//2779 1352//7339 1258//7338 
usemtl boeing747_material1
f 785//2780 1236//7341 1252//7340 
usemtl boeing747_material1
f 1362//2785 1236//7343 1257//7342 
usemtl boeing747_material1
f 1252//2802 1360//7345 1352//7344 
usemtl boeing747_material1
f 2166//3410 2167//7347 2225//7346 
usemtl boeing747_material1
f 1292//2890 1289//7349 1287//7348 
usemtl boeing747_material1
f 1290//2902 1289//7351 1291//7350 
usemtl boeing747_material1
f 438//838 512//7353 436//7352 
usemtl boeing747_material1
f 436//834 502//7355 435//7354 
usemtl boeing747_material1
f 435//827 492//7357 432//7356 
usemtl boeing747_material1
f 524//3205 526//7359 454//7358 
usemtl boeing747_material1
f 1297//2941 1305//7361 1294//7360 
usemtl boeing747_material1
f 1181//2949 1035//7363 1070//7362 
usemtl boeing747_material1
f 1191//2953 1175//7365 1230//7364 
usemtl Polygon_XSIPOLYCLS.boeing747_material2
f 1110//3109 1160//7367 997//7366 
usemtl boeing747_material1
f 972//2959 971//7369 1031//7368 
usemtl boeing747_material1
f 1311//2963 1313//7371 1310//7370 
usemtl boeing747_material1
f 1313//2967 1316//7373 1312//7372 
usemtl boeing747_material1
f 1025//2971 971//7375 1024//7374 
usemtl boeing747_material1
f 520//862 523//7377 451//7376 
usemtl boeing747_material1
f 518//855 520//7379 448//7378 
usemtl boeing747_material1
f 440//845 523//7381 438//7380 
usemtl boeing747_material1
f 440//869 524//7383 443//7382 
usemtl boeing747_material1
f 1337//3026 1329//7385 1327//7384 
usemtl boeing747_material1
f 1119//3034 1061//7387 1133//7386 
usemtl boeing747_material1
f 1114//3038 1096//7389 1079//7388 
usemtl boeing747_material1
f 1029//3041 1197//7391 1021//7390 
usemtl boeing747_material1
f 1148//3046 1037//7393 1150//7392 
usemtl boeing747_material1
f 1045//3049 985//7395 1213//7394 
usemtl boeing747_material1
f 1310//3054 1348//7397 1311//7396 
usemtl boeing747_material1
f 1348//3058 1350//7399 1349//7398 
usemtl Polygon_XSIPOLYCLS.boeing747_material2
f 996//3116 818//7401 1847//7400 
usemtl Polygon_XSIPOLYCLS.boeing747_material2
f 997//3130 999//7403 1005//7402 
usemtl boeing747_material1
f 1461//3081 1460//7405 1463//7404 
usemtl boeing747_material1
f 1459//3092 1458//7407 1461//7406 
usemtl boeing747_material1
f 1457//3128 1456//7409 1459//7408 
usemtl boeing747_material1
f 1471//3138 1470//7411 1457//7410 
usemtl Polygon_XSIPOLYCLS.boeing747_material2
f 1365//4787 1364//7413 1317//7412 
usemtl boeing747_material1
f 280//5446 292//7415 283//7414 
usemtl Polygon_XSIPOLYCLS.boeing747_material2
f 876//3336 883//7417 869//7416 
usemtl Polygon_XSIPOLYCLS.boeing747_material2
f 868//3394 874//7419 875//7418 
usemtl boeing747_material1
f 1331//637 388//7421 1330//7420 
usemtl boeing747_material1
f 395//669 411//7423 392//7422 
usemtl Polygon_XSIPOLYCLS.boeing747_material2
f 869//3505 877//7425 864//7424 
usemtl Polygon_XSIPOLYCLS.boeing747_material2
f 863//3545 867//7427 868//7426 
usemtl Polygon_XSIPOLYCLS.boeing747_material2
f 864//3689 870//7429 861//7428 
usemtl Polygon_XSIPOLYCLS.boeing747_material2
f 860//3749 862//7431 863//7430 
usemtl Polygon_XSIPOLYCLS.boeing747_material2
f 861//3767 865//7433 860//7432 
usemtl boeing747_material1
f 1334//633 390//7435 1331//7434 
usemtl boeing747_material1
f 1//3825 10//7437 9//7436 
usemtl boeing747_material1
f 350//6062 276//7439 12//7438 
usemtl Polygon_XSIPOLYCLS.boeing747_material2
f 854//3977 847//7441 853//7440 
usemtl boeing747_material1
f 390//677 406//7443 388//7442 
usemtl Polygon_XSIPOLYCLS.boeing747_material2
f 853//4032 846//7445 850//7444 
usemtl Polygon_XSIPOLYCLS.boeing747_material2
f 849//4051 842//7447 854//7446 
usemtl Polygon_XSIPOLYCLS.boeing747_material2
f 842//4127 835//7449 847//7448 
usemtl Polygon_XSIPOLYCLS.boeing747_material2
f 835//4126 830//7451 847//7450 
usemtl Polygon_XSIPOLYCLS.boeing747_material2
f 830//4125 827//7453 847//7452 
usemtl Polygon_XSIPOLYCLS.boeing747_material2
f 827//4109 828//7455 847//7454 
usemtl Polygon_XSIPOLYCLS.boeing747_material2
f 828//4108 831//7457 847//7456 
usemtl Polygon_XSIPOLYCLS.boeing747_material2
f 831//4107 836//7459 847//7458 
usemtl Polygon_XSIPOLYCLS.boeing747_material2
f 836//4106 843//7461 847//7460 
usemtl boeing747_material1
f 14//389 312//7463 11//7462 
usemtl Polygon_XSIPOLYCLS.boeing747_material2
f 850//4197 843//7465 844//7464 
usemtl Polygon_XSIPOLYCLS.boeing747_material2
f 1490//4220 1491//7467 1494//7466 
usemtl Polygon_XSIPOLYCLS.boeing747_material2
f 841//4239 835//7469 849//7468 
usemtl boeing747_material1
f 310//5500 288//7471 315//7470 
usemtl boeing747_material1
f 5//353 534//7473 539//7472 
usemtl Polygon_XSIPOLYCLS.boeing747_material2
f 844//4347 836//7475 837//7474 
usemtl boeing747_material1
f 1377//4397 825//7477 1379//7476 
usemtl Polygon_XSIPOLYCLS.boeing747_material2
f 834//4472 830//7479 841//7478 
usemtl boeing747_material1
f 1441//3166 1418//7481 1415//7480 
usemtl boeing747_material1
f 1416//3171 1386//7483 1412//7482 
usemtl boeing747_material1
f 1413//3175 1417//7485 1440//7484 
usemtl boeing747_material1
f 1411//3178 1387//7487 1416//7486 
usemtl boeing747_material1
f 1413//3182 1387//7489 1417//7488 
usemtl boeing747_material1
f 1418//3186 1441//7491 1414//7490 
usemtl boeing747_material1
f 1429//3193 1445//7493 1427//7492 
usemtl boeing747_material1
f 1444//3200 1428//7495 1447//7494 
usemtl Polygon_XSIPOLYCLS.boeing747_material2
f 1559//3214 1558//7497 1563//7496 
usemtl boeing747_material1
f 801//5087 1262//7499 788//7498 
usemtl Polygon_XSIPOLYCLS.boeing747_material2
f 1563//3233 1562//7501 1567//7500 
usemtl Polygon_XSIPOLYCLS.boeing747_material2
f 1567//3252 1566//7503 1571//7502 
usemtl Polygon_XSIPOLYCLS.boeing747_material2
f 837//4564 831//7505 832//7504 
usemtl Polygon_XSIPOLYCLS.boeing747_material2
f 1571//3271 1570//7507 1575//7506 
usemtl boeing747_material1
f 1249//5310 1421//7509 1716//7508 
usemtl Polygon_XSIPOLYCLS.boeing747_material2
f 1575//3290 1574//7511 1579//7510 
usemtl boeing747_material1
f 823//4601 1385//7513 1377//7512 
usemtl Polygon_XSIPOLYCLS.boeing747_material2
f 1579//3309 1578//7515 1583//7514 
usemtl Polygon_XSIPOLYCLS.boeing747_material2
f 829//4620 827//7517 834//7516 
usemtl Polygon_XSIPOLYCLS.boeing747_material2
f 1583//3328 1582//7519 1587//7518 
usemtl Polygon_XSIPOLYCLS.boeing747_material2
f 832//4638 828//7521 829//7520 
usemtl Polygon_XSIPOLYCLS.boeing747_material2
f 1587//3347 1586//7523 1591//7522 
usemtl boeing747_material1
f 1379//4657 824//7525 820//7524 
usemtl Polygon_XSIPOLYCLS.boeing747_material2
f 1591//3366 1590//7527 1595//7526 
usemtl Polygon_XSIPOLYCLS.boeing747_material2
f 1637//3385 1636//7529 1601//7528 
usemtl Polygon_XSIPOLYCLS.boeing747_material2
f 1601//3404 1600//7531 1605//7530 
usemtl Polygon_XSIPOLYCLS.boeing747_material2
f 1540//4692 1541//7533 1544//7532 
usemtl Polygon_XSIPOLYCLS.boeing747_material2
f 1605//3423 1604//7535 1609//7534 
usemtl boeing747_material1
f 75//437 11//7537 382//7536 
usemtl Polygon_XSIPOLYCLS.boeing747_material2
f 1609//3442 1608//7539 1613//7538 
usemtl boeing747_material1
f 1328//695 400//7541 396//7540 
usemtl Polygon_XSIPOLYCLS.boeing747_material2
f 1613//3461 1612//7543 1617//7542 
usemtl Polygon_XSIPOLYCLS.boeing747_material2
f 1617//3480 1616//7545 1621//7544 
usemtl Polygon_XSIPOLYCLS.boeing747_material2
f 1621//3498 1620//7547 1625//7546 
usemtl Polygon_XSIPOLYCLS.boeing747_material2
f 1544//4770 1545//7549 1548//7548 
usemtl Polygon_XSIPOLYCLS.boeing747_material2
f 1625//3517 1624//7551 1629//7550 
usemtl boeing747_material1
f 236//408 68//7553 83//7552 
usemtl Polygon_XSIPOLYCLS.boeing747_material2
f 1629//3536 1628//7555 1633//7554 
usemtl Polygon_XSIPOLYCLS.boeing747_material2
f 1502//3540 1503//7557 1506//7556 
usemtl Polygon_XSIPOLYCLS.boeing747_material2
f 1633//3555 1632//7559 1637//7558 
usemtl Polygon_XSIPOLYCLS.boeing747_material2
f 291//3222 1145//7561 358//7560 
usemtl boeing747_material1
f 1655//3567 1656//7563 1641//7562 
usemtl boeing747_material1
f 1641//3574 1642//7565 1643//7564 
usemtl boeing747_material1
f 1643//3581 1644//7567 1645//7566 
usemtl boeing747_material1
f 1645//3588 1646//7569 1647//7568 
usemtl boeing747_material1
f 1647//3595 1648//7571 1649//7570 
usemtl boeing747_material1
f 1649//3602 1650//7573 1651//7572 
usemtl boeing747_material1
f 1651//3609 1652//7575 1653//7574 
usemtl boeing747_material1
f 1653//3616 1654//7577 1655//7576 
usemtl Polygon_XSIPOLYCLS.boeing747_material2
f 1696//3630 1695//7579 1660//7578 
usemtl boeing747_material1
f 792//3635 796//7581 795//7580 
usemtl boeing747_material1
f 941//1912 950//7583 942//7582 
usemtl Polygon_XSIPOLYCLS.boeing747_material2
f 1660//3649 1659//7585 1664//7584 
usemtl Polygon_XSIPOLYCLS.boeing747_material2
f 260//3261 713//7587 721//7586 
usemtl Polygon_XSIPOLYCLS.boeing747_material2
f 1664//3668 1663//7589 1668//7588 
usemtl Polygon_XSIPOLYCLS.boeing747_material2
f 1668//3686 1667//7591 1672//7590 
usemtl Polygon_XSIPOLYCLS.boeing747_material2
f 1548//4847 1549//7593 1552//7592 
usemtl boeing747_material1
f 540//346 262//7595 5//7594 
usemtl Polygon_XSIPOLYCLS.boeing747_material2
f 1672//3705 1671//7597 1676//7596 
usemtl boeing747_material1
f 16//382 722//7599 14//7598 
usemtl Polygon_XSIPOLYCLS.boeing747_material2
f 1676//3723 1675//7601 1680//7600 
usemtl Polygon_XSIPOLYCLS.boeing747_material2
f 1536//3727 1537//7603 1540//7602 
usemtl boeing747_material1
f 1144//3691 1137//7605 1184//7604 
usemtl Polygon_XSIPOLYCLS.boeing747_material2
f 1680//3742 1679//7607 1684//7606 
usemtl Polygon_XSIPOLYCLS.boeing747_material2
f 1684//3761 1683//7609 1688//7608 
usemtl Polygon_XSIPOLYCLS.boeing747_material2
f 1688//3779 1687//7611 1692//7610 
usemtl Polygon_XSIPOLYCLS.boeing747_material2
f 1595//4918 1594//7613 1559//7612 
usemtl Polygon_XSIPOLYCLS.boeing747_material2
f 1692//3798 1691//7615 1696//7614 
usemtl boeing747_material1
f 839//3803 793//7617 791//7616 
usemtl boeing747_material1
f 2211//5838 376//7619 2210//7618 
usemtl Polygon_XSIPOLYCLS.boeing747_material2
f 1738//3817 1737//7621 1702//7620 
usemtl boeing747_material1
f 1263//6127 799//7623 1273//7622 
usemtl boeing747_material1
f 1426//2060 1424//7625 1425//7624 
usemtl Polygon_XSIPOLYCLS.boeing747_material2
f 1702//3836 1701//7627 1706//7626 
usemtl Polygon_XSIPOLYCLS.boeing747_material2
f 1706//3855 1705//7629 1710//7628 
usemtl Polygon_XSIPOLYCLS.boeing747_material2
f 1532//3859 1533//7631 1536//7630 
usemtl boeing747_material1
f 72//401 8//7633 236//7632 
usemtl Polygon_XSIPOLYCLS.boeing747_material2
f 1710//3874 1709//7635 1714//7634 
usemtl Polygon_XSIPOLYCLS.boeing747_material2
f 292//3210 280//7637 238//7636 
usemtl Polygon_XSIPOLYCLS.boeing747_material2
f 1714//3893 1713//7639 1718//7638 
usemtl Polygon_XSIPOLYCLS.boeing747_material2
f 2198//5508 2187//7641 2197//7640 
usemtl Polygon_XSIPOLYCLS.boeing747_material2
f 1718//3911 1717//7643 1722//7642 
usemtl Polygon_XSIPOLYCLS.boeing747_material2
f 1722//3930 1721//7645 1726//7644 
usemtl Polygon_XSIPOLYCLS.boeing747_material2
f 1726//3949 1725//7647 1730//7646 
usemtl Polygon_XSIPOLYCLS.boeing747_material2
f 1528//3953 1529//7649 1532//7648 
usemtl Polygon_XSIPOLYCLS.boeing747_material2
f 1730//3968 1729//7651 1734//7650 
usemtl boeing747_material1
f 790//6129 1435//7653 796//7652 
usemtl Polygon_XSIPOLYCLS.boeing747_material2
f 1734//3987 1733//7655 1738//7654 
usemtl Polygon_XSIPOLYCLS.boeing747_material2
f 1779//4005 1780//7657 1743//7656 
usemtl boeing747_material1
f 1361//6117 797//7659 795//7658 
usemtl Polygon_XSIPOLYCLS.boeing747_material2
f 1743//4024 1744//7661 1747//7660 
usemtl boeing747_material1
f 1361//6113 839//7663 797//7662 
usemtl Polygon_XSIPOLYCLS.boeing747_material2
f 1747//4043 1748//7665 1751//7664 
usemtl Polygon_XSIPOLYCLS.boeing747_material2
f 1524//4047 1525//7667 1528//7666 
usemtl boeing747_material1
f 1435//6109 790//7669 793//7668 
usemtl Polygon_XSIPOLYCLS.boeing747_material2
f 1751//4062 1752//7671 1755//7670 
usemtl boeing747_material1
f 1184//3712 1136//7673 1135//7672 
usemtl Polygon_XSIPOLYCLS.boeing747_material2
f 1755//4081 1756//7675 1759//7674 
usemtl Polygon_XSIPOLYCLS.boeing747_material2
f 1759//4099 1760//7677 1763//7676 
usemtl boeing747_material1
f 1164//3357 1306//7679 1057//7678 
usemtl Polygon_XSIPOLYCLS.boeing747_material2
f 1763//4118 1764//7681 1767//7680 
usemtl Polygon_XSIPOLYCLS.boeing747_material2
f 1767//4137 1768//7683 1771//7682 
usemtl Polygon_XSIPOLYCLS.boeing747_material2
f 1520//4141 1521//7685 1524//7684 
usemtl boeing747_material1
f 809//2016 807//7687 1422//7686 
usemtl Polygon_XSIPOLYCLS.boeing747_material2
f 1771//4156 1772//7689 1775//7688 
usemtl boeing747_material1
f 78//432 16//7691 76//7690 
usemtl Polygon_XSIPOLYCLS.boeing747_material2
f 1775//4175 1776//7693 1779//7692 
usemtl boeing747_material1
f 328//1211 326//7695 339//7694 
usemtl Polygon_XSIPOLYCLS.boeing747_material2
f 1821//4193 1822//7697 1785//7696 
usemtl Polygon_XSIPOLYCLS.boeing747_material2
f 1503//6071 1499//7699 1507//7698 
usemtl Polygon_XSIPOLYCLS.boeing747_material2
f 1499//6072 1495//7701 1507//7700 
usemtl Polygon_XSIPOLYCLS.boeing747_material2
f 1495//6073 1491//7703 1507//7702 
usemtl Polygon_XSIPOLYCLS.boeing747_material2
f 1491//6074 1487//7705 1507//7704 
usemtl Polygon_XSIPOLYCLS.boeing747_material2
f 1487//6075 1483//7707 1507//7706 
usemtl Polygon_XSIPOLYCLS.boeing747_material2
f 1483//6076 1479//7709 1507//7708 
usemtl Polygon_XSIPOLYCLS.boeing747_material2
f 1479//6077 1475//7711 1507//7710 
usemtl Polygon_XSIPOLYCLS.boeing747_material2
f 773//6067 774//7713 777//7712 
usemtl Polygon_XSIPOLYCLS.boeing747_material2
f 1785//4212 1786//7715 1789//7714 
usemtl Polygon_XSIPOLYCLS.boeing747_material2
f 1789//4231 1790//7717 1793//7716 
usemtl Polygon_XSIPOLYCLS.boeing747_material2
f 1516//4235 1517//7719 1520//7718 
usemtl Polygon_XSIPOLYCLS.boeing747_material2
f 1793//4250 1794//7721 1797//7720 
usemtl boeing747_material1
f 1589//324 542//7723 727//7722 
usemtl Polygon_XSIPOLYCLS.boeing747_material2
f 1797//4269 1798//7725 1801//7724 
usemtl Polygon_XSIPOLYCLS.boeing747_material2
f 1545//6046 1541//7727 1549//7726 
usemtl Polygon_XSIPOLYCLS.boeing747_material2
f 1541//6047 1537//7729 1549//7728 
usemtl Polygon_XSIPOLYCLS.boeing747_material2
f 1537//6048 1533//7731 1549//7730 
usemtl Polygon_XSIPOLYCLS.boeing747_material2
f 1533//6049 1529//7733 1549//7732 
usemtl Polygon_XSIPOLYCLS.boeing747_material2
f 1529//6050 1525//7735 1549//7734 
usemtl Polygon_XSIPOLYCLS.boeing747_material2
f 1525//6051 1521//7737 1549//7736 
usemtl Polygon_XSIPOLYCLS.boeing747_material2
f 1521//6052 1517//7739 1549//7738 
usemtl Polygon_XSIPOLYCLS.boeing747_material2
f 1801//4287 1802//7741 1805//7740 
usemtl Polygon_XSIPOLYCLS.boeing747_material2
f 770//6042 771//7743 773//7742 
usemtl Polygon_XSIPOLYCLS.boeing747_material2
f 1805//4306 1806//7745 1809//7744 
usemtl Polygon_XSIPOLYCLS.boeing747_material2
f 1814//4310 1810//7747 1818//7746 
usemtl Polygon_XSIPOLYCLS.boeing747_material2
f 1810//4311 1806//7749 1818//7748 
usemtl Polygon_XSIPOLYCLS.boeing747_material2
f 1806//4312 1802//7751 1818//7750 
usemtl Polygon_XSIPOLYCLS.boeing747_material2
f 1802//4313 1798//7753 1818//7752 
usemtl Polygon_XSIPOLYCLS.boeing747_material2
f 1798//4314 1794//7755 1818//7754 
usemtl Polygon_XSIPOLYCLS.boeing747_material2
f 1794//4315 1790//7757 1818//7756 
usemtl Polygon_XSIPOLYCLS.boeing747_material2
f 1790//4316 1786//7759 1818//7758 
usemtl Polygon_XSIPOLYCLS.boeing747_material2
f 1809//4331 1810//7761 1813//7760 
usemtl Polygon_XSIPOLYCLS.boeing747_material2
f 1772//4335 1768//7763 1776//7762 
usemtl Polygon_XSIPOLYCLS.boeing747_material2
f 1768//4336 1764//7765 1776//7764 
usemtl Polygon_XSIPOLYCLS.boeing747_material2
f 1764//4337 1760//7767 1776//7766 
usemtl Polygon_XSIPOLYCLS.boeing747_material2
f 1760//4338 1756//7769 1776//7768 
usemtl Polygon_XSIPOLYCLS.boeing747_material2
f 1756//4339 1752//7771 1776//7770 
usemtl Polygon_XSIPOLYCLS.boeing747_material2
f 1752//4340 1748//7773 1776//7772 
usemtl Polygon_XSIPOLYCLS.boeing747_material2
f 1748//4341 1744//7775 1776//7774 
usemtl boeing747_material1
f 2//317 564//7777 1589//7776 
usemtl Polygon_XSIPOLYCLS.boeing747_material2
f 1813//4356 1814//7779 1817//7778 
usemtl Polygon_XSIPOLYCLS.boeing747_material2
f 1702//4360 1706//7781 1738//7780 
usemtl Polygon_XSIPOLYCLS.boeing747_material2
f 1706//4361 1710//7783 1738//7782 
usemtl Polygon_XSIPOLYCLS.boeing747_material2
f 1710//4362 1714//7785 1738//7784 
usemtl Polygon_XSIPOLYCLS.boeing747_material2
f 1714//4363 1718//7787 1738//7786 
usemtl Polygon_XSIPOLYCLS.boeing747_material2
f 1718//4364 1722//7789 1738//7788 
usemtl Polygon_XSIPOLYCLS.boeing747_material2
f 1722//4365 1726//7791 1738//7790 
usemtl Polygon_XSIPOLYCLS.boeing747_material2
f 1726//4366 1730//7793 1738//7792 
usemtl Polygon_XSIPOLYCLS.boeing747_material2
f 1559//6021 1563//7795 1595//7794 
usemtl Polygon_XSIPOLYCLS.boeing747_material2
f 1563//6022 1567//7797 1595//7796 
usemtl Polygon_XSIPOLYCLS.boeing747_material2
f 1567//6023 1571//7799 1595//7798 
usemtl Polygon_XSIPOLYCLS.boeing747_material2
f 1571//6024 1575//7801 1595//7800 
usemtl Polygon_XSIPOLYCLS.boeing747_material2
f 1575//6025 1579//7803 1595//7802 
usemtl Polygon_XSIPOLYCLS.boeing747_material2
f 1579//6026 1583//7805 1595//7804 
usemtl Polygon_XSIPOLYCLS.boeing747_material2
f 1583//6027 1587//7807 1595//7806 
usemtl Polygon_XSIPOLYCLS.boeing747_material2
f 1817//4381 1818//7809 1821//7808 
usemtl Polygon_XSIPOLYCLS.boeing747_material2
f 1660//4385 1664//7811 1696//7810 
usemtl Polygon_XSIPOLYCLS.boeing747_material2
f 1664//4386 1668//7813 1696//7812 
usemtl Polygon_XSIPOLYCLS.boeing747_material2
f 1668//4387 1672//7815 1696//7814 
usemtl Polygon_XSIPOLYCLS.boeing747_material2
f 1672//4388 1676//7817 1696//7816 
usemtl Polygon_XSIPOLYCLS.boeing747_material2
f 1676//4389 1680//7819 1696//7818 
usemtl Polygon_XSIPOLYCLS.boeing747_material2
f 1680//4390 1684//7821 1696//7820 
usemtl Polygon_XSIPOLYCLS.boeing747_material2
f 1684//4391 1688//7823 1696//7822 
usemtl Polygon_XSIPOLYCLS.boeing747_material2
f 767//6017 768//7825 770//7824 
usemtl boeing747_material1
f 1841//4399 1840//7827 1827//7826 
usemtl boeing747_material1
f 1827//4406 1826//7829 1829//7828 
usemtl boeing747_material1
f 1829//4413 1828//7831 1831//7830 
usemtl boeing747_material1
f 1831//4420 1830//7833 1833//7832 
usemtl boeing747_material1
f 1833//4427 1832//7835 1835//7834 
usemtl boeing747_material1
f 1835//4434 1834//7837 1837//7836 
usemtl boeing747_material1
f 1837//4441 1836//7839 1839//7838 
usemtl boeing747_material1
f 1839//4448 1838//7841 1841//7840 
usemtl Polygon_XSIPOLYCLS.boeing747_material2
f 1880//4462 1881//7843 1844//7842 
usemtl Polygon_XSIPOLYCLS.boeing747_material2
f 1844//4481 1845//7845 1848//7844 
usemtl Polygon_XSIPOLYCLS.boeing747_material2
f 1848//4499 1849//7847 1852//7846 
usemtl Polygon_XSIPOLYCLS.boeing747_material2
f 1852//4518 1853//7849 1856//7848 
usemtl Polygon_XSIPOLYCLS.boeing747_material2
f 1601//5996 1605//7851 1637//7850 
usemtl Polygon_XSIPOLYCLS.boeing747_material2
f 1605//5997 1609//7853 1637//7852 
usemtl Polygon_XSIPOLYCLS.boeing747_material2
f 1609//5998 1613//7855 1637//7854 
usemtl Polygon_XSIPOLYCLS.boeing747_material2
f 1613//5999 1617//7857 1637//7856 
usemtl Polygon_XSIPOLYCLS.boeing747_material2
f 1617//6000 1621//7859 1637//7858 
usemtl Polygon_XSIPOLYCLS.boeing747_material2
f 1621//6001 1625//7861 1637//7860 
usemtl Polygon_XSIPOLYCLS.boeing747_material2
f 1625//6002 1629//7863 1637//7862 
usemtl Polygon_XSIPOLYCLS.boeing747_material2
f 1856//4537 1857//7865 1860//7864 
usemtl Polygon_XSIPOLYCLS.boeing747_material2
f 764//5992 765//7867 767//7866 
usemtl Polygon_XSIPOLYCLS.boeing747_material2
f 1860//4556 1861//7869 1864//7868 
usemtl Polygon_XSIPOLYCLS.boeing747_material2
f 1864//4575 1865//7871 1868//7870 
usemtl boeing747_material1
f 2169//3351 2171//7873 2167//7872 
usemtl Polygon_XSIPOLYCLS.boeing747_material2
f 1868//4594 1869//7875 1872//7874 
usemtl Polygon_XSIPOLYCLS.boeing747_material2
f 1873//5971 1869//7877 1877//7876 
usemtl Polygon_XSIPOLYCLS.boeing747_material2
f 1869//5972 1865//7879 1877//7878 
usemtl Polygon_XSIPOLYCLS.boeing747_material2
f 1865//5973 1861//7881 1877//7880 
usemtl Polygon_XSIPOLYCLS.boeing747_material2
f 1861//5974 1857//7883 1877//7882 
usemtl Polygon_XSIPOLYCLS.boeing747_material2
f 1857//5975 1853//7885 1877//7884 
usemtl Polygon_XSIPOLYCLS.boeing747_material2
f 1853//5976 1849//7887 1877//7886 
usemtl Polygon_XSIPOLYCLS.boeing747_material2
f 1849//5977 1845//7889 1877//7888 
usemtl Polygon_XSIPOLYCLS.boeing747_material2
f 1872//4613 1873//7891 1876//7890 
usemtl Polygon_XSIPOLYCLS.boeing747_material2
f 1486//4617 1487//7893 1490//7892 
usemtl Polygon_XSIPOLYCLS.boeing747_material2
f 761//5967 762//7895 764//7894 
usemtl Polygon_XSIPOLYCLS.boeing747_material2
f 1876//4632 1877//7897 1880//7896 
usemtl Polygon_XSIPOLYCLS.boeing747_material2
f 1922//4650 1923//7899 1886//7898 
usemtl Polygon_XSIPOLYCLS.boeing747_material2
f 1886//4669 1887//7901 1890//7900 
usemtl Polygon_XSIPOLYCLS.boeing747_material2
f 1915//5946 1911//7903 1919//7902 
usemtl Polygon_XSIPOLYCLS.boeing747_material2
f 1911//5947 1907//7905 1919//7904 
usemtl Polygon_XSIPOLYCLS.boeing747_material2
f 1907//5948 1903//7907 1919//7906 
usemtl Polygon_XSIPOLYCLS.boeing747_material2
f 1903//5949 1899//7909 1919//7908 
usemtl Polygon_XSIPOLYCLS.boeing747_material2
f 1899//5950 1895//7911 1919//7910 
usemtl Polygon_XSIPOLYCLS.boeing747_material2
f 1895//5951 1891//7913 1919//7912 
usemtl Polygon_XSIPOLYCLS.boeing747_material2
f 1891//5952 1887//7915 1919//7914 
usemtl Polygon_XSIPOLYCLS.boeing747_material2
f 1890//4687 1891//7917 1894//7916 
usemtl Polygon_XSIPOLYCLS.boeing747_material2
f 757//5942 758//7919 761//7918 
usemtl Polygon_XSIPOLYCLS.boeing747_material2
f 1894//4706 1895//7921 1898//7920 
usemtl boeing747_material1
f 396//705 412//7923 1338//7922 
usemtl Polygon_XSIPOLYCLS.boeing747_material2
f 1898//4725 1899//7925 1902//7924 
usemtl Polygon_XSIPOLYCLS.boeing747_material2
f 1474//4729 1475//7927 1478//7926 
usemtl Polygon_XSIPOLYCLS.boeing747_material2
f 1929//5921 1933//7929 1965//7928 
usemtl Polygon_XSIPOLYCLS.boeing747_material2
f 1933//5922 1937//7931 1965//7930 
usemtl Polygon_XSIPOLYCLS.boeing747_material2
f 1937//5923 1941//7933 1965//7932 
usemtl Polygon_XSIPOLYCLS.boeing747_material2
f 1941//5924 1945//7935 1965//7934 
usemtl Polygon_XSIPOLYCLS.boeing747_material2
f 1945//5925 1949//7937 1965//7936 
usemtl Polygon_XSIPOLYCLS.boeing747_material2
f 1949//5926 1953//7939 1965//7938 
usemtl Polygon_XSIPOLYCLS.boeing747_material2
f 1953//5927 1957//7941 1965//7940 
usemtl Polygon_XSIPOLYCLS.boeing747_material2
f 1902//4744 1903//7943 1906//7942 
usemtl Polygon_XSIPOLYCLS.boeing747_material2
f 1390//5917 1389//7945 757//7944 
usemtl Polygon_XSIPOLYCLS.boeing747_material2
f 1906//4763 1907//7947 1910//7946 
usemtl Polygon_XSIPOLYCLS.boeing747_material2
f 1910//4781 1911//7949 1914//7948 
usemtl Polygon_XSIPOLYCLS.boeing747_material2
f 1914//4800 1915//7951 1918//7950 
usemtl Polygon_XSIPOLYCLS.boeing747_material2
f 1482//4804 1483//7953 1486//7952 
usemtl Polygon_XSIPOLYCLS.boeing747_material2
f 1971//5896 1975//7955 2007//7954 
usemtl Polygon_XSIPOLYCLS.boeing747_material2
f 1975//5897 1979//7957 2007//7956 
usemtl Polygon_XSIPOLYCLS.boeing747_material2
f 1979//5898 1983//7959 2007//7958 
usemtl Polygon_XSIPOLYCLS.boeing747_material2
f 1983//5899 1987//7961 2007//7960 
usemtl Polygon_XSIPOLYCLS.boeing747_material2
f 1987//5900 1991//7963 2007//7962 
usemtl Polygon_XSIPOLYCLS.boeing747_material2
f 1991//5901 1995//7965 2007//7964 
usemtl Polygon_XSIPOLYCLS.boeing747_material2
f 1995//5902 1999//7967 2007//7966 
usemtl Polygon_XSIPOLYCLS.boeing747_material2
f 1918//4819 1919//7969 1922//7968 
usemtl Polygon_XSIPOLYCLS.boeing747_material2
f 1393//5892 1392//7971 1390//7970 
usemtl Polygon_XSIPOLYCLS.boeing747_material2
f 1965//4838 1964//7973 1929//7972 
usemtl Polygon_XSIPOLYCLS.boeing747_material2
f 1929//4856 1928//7975 1933//7974 
usemtl Polygon_XSIPOLYCLS.boeing747_material2
f 1981//5871 1969//7977 1754//7976 
usemtl Polygon_XSIPOLYCLS.boeing747_material2
f 1969//5872 1951//7979 1754//7978 
usemtl Polygon_XSIPOLYCLS.boeing747_material2
f 1951//5873 1939//7981 1754//7980 
usemtl Polygon_XSIPOLYCLS.boeing747_material2
f 1939//5874 1927//7983 1754//7982 
usemtl Polygon_XSIPOLYCLS.boeing747_material2
f 1927//5875 1816//7985 1754//7984 
usemtl Polygon_XSIPOLYCLS.boeing747_material2
f 1816//5876 1804//7987 1754//7986 
usemtl Polygon_XSIPOLYCLS.boeing747_material2
f 1804//5877 1788//7989 1754//7988 
usemtl Polygon_XSIPOLYCLS.boeing747_material2
f 1933//4875 1932//7991 1937//7990 
usemtl Polygon_XSIPOLYCLS.boeing747_material2
f 2135//5757 2132//7993 2137//7992 
usemtl Polygon_XSIPOLYCLS.boeing747_material2
f 1395//5867 1394//7995 1393//7994 
usemtl Polygon_XSIPOLYCLS.boeing747_material2
f 1937//4894 1936//7997 1941//7996 
usemtl Polygon_XSIPOLYCLS.boeing747_material2
f 1478//4898 1479//7999 1482//7998 
usemtl Polygon_XSIPOLYCLS.boeing747_material2
f 1941//4913 1940//8001 1945//8000 
usemtl Polygon_XSIPOLYCLS.boeing747_material2
f 1732//5846 1720//8003 1577//8002 
usemtl Polygon_XSIPOLYCLS.boeing747_material2
f 1720//5847 1708//8005 1577//8004 
usemtl Polygon_XSIPOLYCLS.boeing747_material2
f 1708//5848 1690//8007 1577//8006 
usemtl Polygon_XSIPOLYCLS.boeing747_material2
f 1690//5849 1678//8009 1577//8008 
usemtl Polygon_XSIPOLYCLS.boeing747_material2
f 1678//5850 1666//8011 1577//8010 
usemtl Polygon_XSIPOLYCLS.boeing747_material2
f 1666//5851 1627//8013 1577//8012 
usemtl Polygon_XSIPOLYCLS.boeing747_material2
f 1627//5852 1615//8015 1577//8014 
usemtl Polygon_XSIPOLYCLS.boeing747_material2
f 1945//4932 1944//8017 1949//8016 
usemtl boeing747_material1
f 2225//5938 270//8019 2166//8018 
usemtl Polygon_XSIPOLYCLS.boeing747_material2
f 777//5842 778//8021 1395//8020 
usemtl Polygon_XSIPOLYCLS.boeing747_material2
f 1949//4951 1948//8023 1953//8022 
usemtl Polygon_XSIPOLYCLS.boeing747_material2
f 1510//4955 1511//8025 1474//8024 
usemtl Polygon_XSIPOLYCLS.boeing747_material2
f 1953//4970 1952//8027 1957//8026 
usemtl Polygon_XSIPOLYCLS.boeing747_material2
f 1957//4989 1956//8029 1961//8028 
usemtl Polygon_XSIPOLYCLS.boeing747_material2
f 1406//5821 1473//8031 1403//8030 
usemtl Polygon_XSIPOLYCLS.boeing747_material2
f 1473//5822 1481//8033 1403//8032 
usemtl Polygon_XSIPOLYCLS.boeing747_material2
f 1481//5823 1493//8035 1403//8034 
usemtl Polygon_XSIPOLYCLS.boeing747_material2
f 1493//5824 1518//8037 1403//8036 
usemtl Polygon_XSIPOLYCLS.boeing747_material2
f 1518//5825 1531//8039 1403//8038 
usemtl Polygon_XSIPOLYCLS.boeing747_material2
f 1531//5826 1543//8041 1403//8040 
usemtl Polygon_XSIPOLYCLS.boeing747_material2
f 1543//5827 1557//8043 1403//8042 
usemtl Polygon_XSIPOLYCLS.boeing747_material2
f 1961//5007 1960//8045 1965//8044 
usemtl Polygon_XSIPOLYCLS.boeing747_material2
f 1404//5817 1403//8047 1400//8046 
usemtl Polygon_XSIPOLYCLS.boeing747_material2
f 2007//5025 2006//8049 1971//8048 
usemtl boeing747_material1
f 1469//5029 1468//8051 1471//8050 
usemtl Polygon_XSIPOLYCLS.boeing747_material2
f 1971//5044 1970//8053 1975//8052 
usemtl Polygon_XSIPOLYCLS.boeing747_material2
f 1975//5062 1974//8055 1979//8054 
usemtl boeing747_material1
f 1467//5066 1466//8057 1469//8056 
usemtl Polygon_XSIPOLYCLS.boeing747_material2
f 771//5796 768//8059 774//8058 
usemtl Polygon_XSIPOLYCLS.boeing747_material2
f 768//5797 765//8061 774//8060 
usemtl Polygon_XSIPOLYCLS.boeing747_material2
f 765//5798 762//8063 774//8062 
usemtl Polygon_XSIPOLYCLS.boeing747_material2
f 762//5799 758//8065 774//8064 
usemtl Polygon_XSIPOLYCLS.boeing747_material2
f 758//5800 1389//8067 774//8066 
usemtl Polygon_XSIPOLYCLS.boeing747_material2
f 1389//5801 1392//8069 774//8068 
usemtl Polygon_XSIPOLYCLS.boeing747_material2
f 1392//5802 1394//8071 774//8070 
usemtl Polygon_XSIPOLYCLS.boeing747_material2
f 1979//5081 1978//8073 1983//8072 
usemtl Polygon_XSIPOLYCLS.boeing747_material2
f 1407//5792 1406//8075 1404//8074 
usemtl Polygon_XSIPOLYCLS.boeing747_material2
f 1983//5099 1982//8077 1987//8076 
usemtl boeing747_material1
f 1465//5103 1464//8079 1467//8078 
usemtl Polygon_XSIPOLYCLS.boeing747_material2
f 1987//5118 1986//8081 1991//8080 
usemtl Polygon_XSIPOLYCLS.boeing747_material2
f 1991//5136 1990//8083 1995//8082 
usemtl boeing747_material1
f 1463//5140 1462//8085 1465//8084 
usemtl Polygon_XSIPOLYCLS.boeing747_material2
f 1476//5773 1473//8087 1407//8086 
usemtl Polygon_XSIPOLYCLS.boeing747_material2
f 1995//5155 1994//8089 1999//8088 
usemtl boeing747_material1
f 1380//3561 1232//8091 1254//8090 
usemtl Polygon_XSIPOLYCLS.boeing747_material2
f 1999//5174 1998//8093 2003//8092 
usemtl Polygon_XSIPOLYCLS.boeing747_material2
f 1498//5178 1499//8095 1502//8094 
usemtl Polygon_XSIPOLYCLS.boeing747_material2
f 2003//5193 2002//8097 2007//8096 
usemtl boeing747_material1
f 1997//5205 1993//8099 2011//8098 
usemtl boeing747_material1
f 2011//5212 2012//8101 2013//8100 
usemtl boeing747_material1
f 2013//5219 2014//8103 2015//8102 
usemtl boeing747_material1
f 2015//5226 2016//8105 2017//8104 
usemtl boeing747_material1
f 2017//5233 2018//8107 2019//8106 
usemtl boeing747_material1
f 2019//5240 2020//8109 2021//8108 
usemtl boeing747_material1
f 2021//5247 2022//8111 2023//8110 
usemtl boeing747_material1
f 2023//5254 2001//8113 1997//8112 
usemtl Polygon_XSIPOLYCLS.boeing747_material2
f 1754//5268 1762//8115 1981//8114 
usemtl Polygon_XSIPOLYCLS.boeing747_material2
f 1485//5754 1481//8117 1476//8116 
usemtl Polygon_XSIPOLYCLS.boeing747_material2
f 1981//5286 1985//8119 1969//8118 
usemtl Polygon_XSIPOLYCLS.boeing747_material2
f 1969//5305 1973//8121 1951//8120 
usemtl Polygon_XSIPOLYCLS.boeing747_material2
f 1506//5739 1507//8123 1510//8122 
usemtl Polygon_XSIPOLYCLS.boeing747_material2
f 1951//5324 1955//8125 1939//8124 
usemtl Polygon_XSIPOLYCLS.boeing747_material2
f 1494//5328 1495//8127 1498//8126 
usemtl Polygon_XSIPOLYCLS.boeing747_material2
f 1501//5735 1493//8129 1485//8128 
usemtl Polygon_XSIPOLYCLS.boeing747_material2
f 1939//5343 1943//8131 1927//8130 
usemtl boeing747_material1
f 1383//5347 1892//8133 823//8132 
usemtl Polygon_XSIPOLYCLS.boeing747_material2
f 1927//5362 1931//8135 1816//8134 
usemtl boeing747_material1
f 820//5366 1384//8137 1382//8136 
usemtl Polygon_XSIPOLYCLS.boeing747_material2
f 1816//5381 1913//8139 1804//8138 
usemtl Polygon_XSIPOLYCLS.boeing747_material2
f 1804//5399 1808//8141 1788//8140 
usemtl Polygon_XSIPOLYCLS.boeing747_material2
f 1523//5716 1518//8143 1501//8142 
usemtl Polygon_XSIPOLYCLS.boeing747_material2
f 1788//5417 1792//8145 1774//8144 
usemtl boeing747_material1
f 1976//5421 784//8147 1383//8146 
usemtl Polygon_XSIPOLYCLS.boeing747_material2
f 1774//5436 1784//8149 1754//8148 
usemtl boeing747_material1
f 1382//5440 1934//8151 1438//8150 
usemtl Polygon_XSIPOLYCLS.boeing747_material2
f 1577//5455 1581//8153 1732//8152 
usemtl Polygon_XSIPOLYCLS.boeing747_material2
f 1535//5697 1531//8155 1523//8154 
usemtl Polygon_XSIPOLYCLS.boeing747_material2
f 1732//5473 1742//8157 1720//8156 
usemtl Polygon_XSIPOLYCLS.boeing747_material2
f 1720//5491 1724//8159 1708//8158 
usemtl boeing747_material1
f 1438//5495 789//8161 1976//8160 
usemtl Polygon_XSIPOLYCLS.boeing747_material2
f 1708//5510 1712//8163 1690//8162 
usemtl Polygon_XSIPOLYCLS.boeing747_material2
f 1690//5528 1700//8165 1678//8164 
usemtl boeing747_material1
f 2179//3388 2180//8167 2230//8166 
usemtl Polygon_XSIPOLYCLS.boeing747_material2
f 1547//5679 1543//8169 1535//8168 
usemtl Polygon_XSIPOLYCLS.boeing747_material2
f 1678//5547 1682//8171 1666//8170 
usemtl Polygon_XSIPOLYCLS.boeing747_material2
f 1666//5566 1670//8173 1627//8172 
usemtl Polygon_XSIPOLYCLS.boeing747_material2
f 1627//5585 1658//8175 1615//8174 
usemtl boeing747_material1
f 814//3936 1433//8177 1378//8176 
usemtl Polygon_XSIPOLYCLS.boeing747_material2
f 1560//5660 1557//8179 1547//8178 
usemtl Polygon_XSIPOLYCLS.boeing747_material2
f 1615//5604 1619//8181 1603//8180 
usemtl Polygon_XSIPOLYCLS.boeing747_material2
f 1552//5608 1553//8183 1516//8182 
usemtl Polygon_XSIPOLYCLS.boeing747_material2
f 1603//5623 1607//8185 1577//8184 
usemtl Polygon_XSIPOLYCLS.boeing747_material2
f 1400//5642 1399//8187 1560//8186 
usemtl boeing747_material1
f 2134//2426 2133//8189 2135//8188 
usemtl boeing747_material1
f 2136//2406 2134//8191 2137//8190 
usemtl Polygon_XSIPOLYCLS.boeing747_material2
f 2140//2368 2139//8193 2141//8192 
usemtl boeing747_material1
f 2143//2357 2142//8195 2137//8194 
usemtl Polygon_XSIPOLYCLS.boeing747_material2
f 2141//2346 2148//8197 2140//8196 
usemtl boeing747_material1
f 2132//2305 2133//8199 2143//8198 
usemtl boeing747_material1
f 2133//2204 2159//8201 2142//8200 
usemtl boeing747_material1
f 2161//2192 2160//8203 2136//8202 
#end 2734 faces
